config,input,policies,levels,capacities,total_capacity,requests,system_hits,source_loads,hit_rate,ideal_hits,ideal_source_loads,ideal_hit_rate,excess_source_loads
configs/exp4/2q_2q_2q_arc.cfg,experiments/data/hot8_scan_c12_seed47.in,2Q 2Q 2Q ARC,4,3 3 3 3,12,10000,5135,4865,0.5135,7992,2008,0.7992,2857
configs/exp4/2q_2q_2q_lfu.cfg,experiments/data/hot8_scan_c12_seed47.in,2Q 2Q 2Q LFU,4,3 3 3 3,12,10000,5171,4829,0.5171,7992,2008,0.7992,2821
configs/exp4/2q_2q_2q_lirs.cfg,experiments/data/hot8_scan_c12_seed47.in,2Q 2Q 2Q LIRS,4,3 3 3 3,12,10000,5244,4756,0.5244,7992,2008,0.7992,2748
configs/exp4/2q_2q_2q_lru.cfg,experiments/data/hot8_scan_c12_seed47.in,2Q 2Q 2Q LRU,4,3 3 3 3,12,10000,5125,4875,0.5125,7992,2008,0.7992,2867
configs/exp4/2q_2q_arc.cfg,experiments/data/hot8_scan_c12_seed47.in,2Q 2Q ARC,3,4 4 4,12,10000,5744,4256,0.5744,7992,2008,0.7992,2248
configs/exp4/2q_2q_arc_2q.cfg,experiments/data/hot8_scan_c12_seed47.in,2Q 2Q ARC 2Q,4,3 3 3 3,12,10000,5303,4697,0.5303,7992,2008,0.7992,2689
configs/exp4/2q_2q_arc_arc.cfg,experiments/data/hot8_scan_c12_seed47.in,2Q 2Q ARC ARC,4,3 3 3 3,12,10000,5054,4946,0.5054,7992,2008,0.7992,2938
configs/exp4/2q_2q_arc_lfu.cfg,experiments/data/hot8_scan_c12_seed47.in,2Q 2Q ARC LFU,4,3 3 3 3,12,10000,5451,4549,0.5451,7992,2008,0.7992,2541
configs/exp4/2q_2q_arc_lirs.cfg,experiments/data/hot8_scan_c12_seed47.in,2Q 2Q ARC LIRS,4,3 3 3 3,12,10000,5374,4626,0.5374,7992,2008,0.7992,2618
configs/exp4/2q_2q_arc_lru.cfg,experiments/data/hot8_scan_c12_seed47.in,2Q 2Q ARC LRU,4,3 3 3 3,12,10000,5044,4956,0.5044,7992,2008,0.7992,2948
configs/exp4/2q_2q_lfu.cfg,experiments/data/hot8_scan_c12_seed47.in,2Q 2Q LFU,3,4 4 4,12,10000,5936,4064,0.5936,7992,2008,0.7992,2056
configs/exp4/2q_2q_lfu_2q.cfg,experiments/data/hot8_scan_c12_seed47.in,2Q 2Q LFU 2Q,4,3 3 3 3,12,10000,5705,4295,0.5705,7992,2008,0.7992,2287
configs/exp4/2q_2q_lfu_arc.cfg,experiments/data/hot8_scan_c12_seed47.in,2Q 2Q LFU ARC,4,3 3 3 3,12,10000,5835,4165,0.5835,7992,2008,0.7992,2157
configs/exp4/2q_2q_lfu_lfu.cfg,experiments/data/hot8_scan_c12_seed47.in,2Q 2Q LFU LFU,4,3 3 3 3,12,10000,5867,4133,0.5867,7992,2008,0.7992,2125
configs/exp4/2q_2q_lfu_lirs.cfg,experiments/data/hot8_scan_c12_seed47.in,2Q 2Q LFU LIRS,4,3 3 3 3,12,10000,5935,4065,0.5935,7992,2008,0.7992,2057
configs/exp4/2q_2q_lfu_lru.cfg,experiments/data/hot8_scan_c12_seed47.in,2Q 2Q LFU LRU,4,3 3 3 3,12,10000,5657,4343,0.5657,7992,2008,0.7992,2335
configs/exp4/2q_2q_lirs.cfg,experiments/data/hot8_scan_c12_seed47.in,2Q 2Q LIRS,3,4 4 4,12,10000,5751,4249,0.5751,7992,2008,0.7992,2241
configs/exp4/2q_2q_lirs_2q.cfg,experiments/data/hot8_scan_c12_seed47.in,2Q 2Q LIRS 2Q,4,3 3 3 3,12,10000,5298,4702,0.5298,7992,2008,0.7992,2694
configs/exp4/2q_2q_lirs_arc.cfg,experiments/data/hot8_scan_c12_seed47.in,2Q 2Q LIRS ARC,4,3 3 3 3,12,10000,5299,4701,0.5299,7992,2008,0.7992,2693
configs/exp4/2q_2q_lirs_lfu.cfg,experiments/data/hot8_scan_c12_seed47.in,2Q 2Q LIRS LFU,4,3 3 3 3,12,10000,5546,4454,0.5546,7992,2008,0.7992,2446
configs/exp4/2q_2q_lirs_lirs.cfg,experiments/data/hot8_scan_c12_seed47.in,2Q 2Q LIRS LIRS,4,3 3 3 3,12,10000,5106,4894,0.5106,7992,2008,0.7992,2886
configs/exp4/2q_2q_lirs_lru.cfg,experiments/data/hot8_scan_c12_seed47.in,2Q 2Q LIRS LRU,4,3 3 3 3,12,10000,5367,4633,0.5367,7992,2008,0.7992,2625
configs/exp4/2q_2q_lru.cfg,experiments/data/hot8_scan_c12_seed47.in,2Q 2Q LRU,3,4 4 4,12,10000,5747,4253,0.5747,7992,2008,0.7992,2245
configs/exp4/2q_2q_lru_2q.cfg,experiments/data/hot8_scan_c12_seed47.in,2Q 2Q LRU 2Q,4,3 3 3 3,12,10000,5414,4586,0.5414,7992,2008,0.7992,2578
configs/exp4/2q_2q_lru_arc.cfg,experiments/data/hot8_scan_c12_seed47.in,2Q 2Q LRU ARC,4,3 3 3 3,12,10000,5242,4758,0.5242,7992,2008,0.7992,2750
configs/exp4/2q_2q_lru_lfu.cfg,experiments/data/hot8_scan_c12_seed47.in,2Q 2Q LRU LFU,4,3 3 3 3,12,10000,5427,4573,0.5427,7992,2008,0.7992,2565
configs/exp4/2q_2q_lru_lirs.cfg,experiments/data/hot8_scan_c12_seed47.in,2Q 2Q LRU LIRS,4,3 3 3 3,12,10000,5468,4532,0.5468,7992,2008,0.7992,2524
configs/exp4/2q_2q_lru_lru.cfg,experiments/data/hot8_scan_c12_seed47.in,2Q 2Q LRU LRU,4,3 3 3 3,12,10000,4660,5340,0.466,7992,2008,0.7992,3332
configs/exp4/2q_arc.cfg,experiments/data/hot8_scan_c12_seed47.in,2Q ARC,2,6 6,12,10000,6892,3108,0.6892,7992,2008,0.7992,1100
configs/exp4/2q_arc_2q.cfg,experiments/data/hot8_scan_c12_seed47.in,2Q ARC 2Q,3,4 4 4,12,10000,5792,4208,0.5792,7992,2008,0.7992,2200
configs/exp4/2q_arc_2q_2q.cfg,experiments/data/hot8_scan_c12_seed47.in,2Q ARC 2Q 2Q,4,3 3 3 3,12,10000,5112,4888,0.5112,7992,2008,0.7992,2880
configs/exp4/2q_arc_2q_arc.cfg,experiments/data/hot8_scan_c12_seed47.in,2Q ARC 2Q ARC,4,3 3 3 3,12,10000,5250,4750,0.525,7992,2008,0.7992,2742
configs/exp4/2q_arc_2q_lfu.cfg,experiments/data/hot8_scan_c12_seed47.in,2Q ARC 2Q LFU,4,3 3 3 3,12,10000,5522,4478,0.5522,7992,2008,0.7992,2470
configs/exp4/2q_arc_2q_lirs.cfg,experiments/data/hot8_scan_c12_seed47.in,2Q ARC 2Q LIRS,4,3 3 3 3,12,10000,5442,4558,0.5442,7992,2008,0.7992,2550
configs/exp4/2q_arc_2q_lru.cfg,experiments/data/hot8_scan_c12_seed47.in,2Q ARC 2Q LRU,4,3 3 3 3,12,10000,5121,4879,0.5121,7992,2008,0.7992,2871
configs/exp4/2q_arc_arc.cfg,experiments/data/hot8_scan_c12_seed47.in,2Q ARC ARC,3,4 4 4,12,10000,5380,4620,0.538,7992,2008,0.7992,2612
configs/exp4/2q_arc_arc_2q.cfg,experiments/data/hot8_scan_c12_seed47.in,2Q ARC ARC 2Q,4,3 3 3 3,12,10000,5063,4937,0.5063,7992,2008,0.7992,2929
configs/exp4/2q_arc_arc_arc.cfg,experiments/data/hot8_scan_c12_seed47.in,2Q ARC ARC ARC,4,3 3 3 3,12,10000,4573,5427,0.4573,7992,2008,0.7992,3419
configs/exp4/2q_arc_arc_lfu.cfg,experiments/data/hot8_scan_c12_seed47.in,2Q ARC ARC LFU,4,3 3 3 3,12,10000,5206,4794,0.5206,7992,2008,0.7992,2786
configs/exp4/2q_arc_arc_lirs.cfg,experiments/data/hot8_scan_c12_seed47.in,2Q ARC ARC LIRS,4,3 3 3 3,12,10000,5011,4989,0.5011,7992,2008,0.7992,2981
configs/exp4/2q_arc_arc_lru.cfg,experiments/data/hot8_scan_c12_seed47.in,2Q ARC ARC LRU,4,3 3 3 3,12,10000,4589,5411,0.4589,7992,2008,0.7992,3403
configs/exp4/2q_arc_lfu.cfg,experiments/data/hot8_scan_c12_seed47.in,2Q ARC LFU,3,4 4 4,12,10000,5995,4005,0.5995,7992,2008,0.7992,1997
configs/exp4/2q_arc_lfu_2q.cfg,experiments/data/hot8_scan_c12_seed47.in,2Q ARC LFU 2Q,4,3 3 3 3,12,10000,5732,4268,0.5732,7992,2008,0.7992,2260
configs/exp4/2q_arc_lfu_arc.cfg,experiments/data/hot8_scan_c12_seed47.in,2Q ARC LFU ARC,4,3 3 3 3,12,10000,5500,4500,0.55,7992,2008,0.7992,2492
configs/exp4/2q_arc_lfu_lfu.cfg,experiments/data/hot8_scan_c12_seed47.in,2Q ARC LFU LFU,4,3 3 3 3,12,10000,5862,4138,0.5862,7992,2008,0.7992,2130
configs/exp4/2q_arc_lfu_lirs.cfg,experiments/data/hot8_scan_c12_seed47.in,2Q ARC LFU LIRS,4,3 3 3 3,12,10000,5751,4249,0.5751,7992,2008,0.7992,2241
configs/exp4/2q_arc_lfu_lru.cfg,experiments/data/hot8_scan_c12_seed47.in,2Q ARC LFU LRU,4,3 3 3 3,12,10000,5297,4703,0.5297,7992,2008,0.7992,2695
configs/exp4/2q_arc_lirs.cfg,experiments/data/hot8_scan_c12_seed47.in,2Q ARC LIRS,3,4 4 4,12,10000,5728,4272,0.5728,7992,2008,0.7992,2264
configs/exp4/2q_arc_lirs_2q.cfg,experiments/data/hot8_scan_c12_seed47.in,2Q ARC LIRS 2Q,4,3 3 3 3,12,10000,5301,4699,0.5301,7992,2008,0.7992,2691
configs/exp4/2q_arc_lirs_arc.cfg,experiments/data/hot8_scan_c12_seed47.in,2Q ARC LIRS ARC,4,3 3 3 3,12,10000,5066,4934,0.5066,7992,2008,0.7992,2926
configs/exp4/2q_arc_lirs_lfu.cfg,experiments/data/hot8_scan_c12_seed47.in,2Q ARC LIRS LFU,4,3 3 3 3,12,10000,5425,4575,0.5425,7992,2008,0.7992,2567
configs/exp4/2q_arc_lirs_lirs.cfg,experiments/data/hot8_scan_c12_seed47.in,2Q ARC LIRS LIRS,4,3 3 3 3,12,10000,4916,5084,0.4916,7992,2008,0.7992,3076
configs/exp4/2q_arc_lirs_lru.cfg,experiments/data/hot8_scan_c12_seed47.in,2Q ARC LIRS LRU,4,3 3 3 3,12,10000,4973,5027,0.4973,7992,2008,0.7992,3019
configs/exp4/2q_arc_lru.cfg,experiments/data/hot8_scan_c12_seed47.in,2Q ARC LRU,3,4 4 4,12,10000,5335,4665,0.5335,7992,2008,0.7992,2657
configs/exp4/2q_arc_lru_2q.cfg,experiments/data/hot8_scan_c12_seed47.in,2Q ARC LRU 2Q,4,3 3 3 3,12,10000,5118,4882,0.5118,7992,2008,0.7992,2874
configs/exp4/2q_arc_lru_arc.cfg,experiments/data/hot8_scan_c12_seed47.in,2Q ARC LRU ARC,4,3 3 3 3,12,10000,4796,5204,0.4796,7992,2008,0.7992,3196
configs/exp4/2q_arc_lru_lfu.cfg,experiments/data/hot8_scan_c12_seed47.in,2Q ARC LRU LFU,4,3 3 3 3,12,10000,5116,4884,0.5116,7992,2008,0.7992,2876
configs/exp4/2q_arc_lru_lirs.cfg,experiments/data/hot8_scan_c12_seed47.in,2Q ARC LRU LIRS,4,3 3 3 3,12,10000,4994,5006,0.4994,7992,2008,0.7992,2998
configs/exp4/2q_arc_lru_lru.cfg,experiments/data/hot8_scan_c12_seed47.in,2Q ARC LRU LRU,4,3 3 3 3,12,10000,4220,5780,0.422,7992,2008,0.7992,3772
configs/exp4/2q_lfu.cfg,experiments/data/hot8_scan_c12_seed47.in,2Q LFU,2,6 6,12,10000,7048,2952,0.7048,7992,2008,0.7992,944
configs/exp4/2q_lfu_2q.cfg,experiments/data/hot8_scan_c12_seed47.in,2Q LFU 2Q,3,4 4 4,12,10000,6711,3289,0.6711,7992,2008,0.7992,1281
configs/exp4/2q_lfu_2q_2q.cfg,experiments/data/hot8_scan_c12_seed47.in,2Q LFU 2Q 2Q,4,3 3 3 3,12,10000,5737,4263,0.5737,7992,2008,0.7992,2255
configs/exp4/2q_lfu_2q_arc.cfg,experiments/data/hot8_scan_c12_seed47.in,2Q LFU 2Q ARC,4,3 3 3 3,12,10000,6084,3916,0.6084,7992,2008,0.7992,1908
configs/exp4/2q_lfu_2q_lfu.cfg,experiments/data/hot8_scan_c12_seed47.in,2Q LFU 2Q LFU,4,3 3 3 3,12,10000,6175,3825,0.6175,7992,2008,0.7992,1817
configs/exp4/2q_lfu_2q_lirs.cfg,experiments/data/hot8_scan_c12_seed47.in,2Q LFU 2Q LIRS,4,3 3 3 3,12,10000,6185,3815,0.6185,7992,2008,0.7992,1807
configs/exp4/2q_lfu_2q_lru.cfg,experiments/data/hot8_scan_c12_seed47.in,2Q LFU 2Q LRU,4,3 3 3 3,12,10000,5979,4021,0.5979,7992,2008,0.7992,2013
configs/exp4/2q_lfu_arc.cfg,experiments/data/hot8_scan_c12_seed47.in,2Q LFU ARC,3,4 4 4,12,10000,6755,3245,0.6755,7992,2008,0.7992,1237
configs/exp4/2q_lfu_arc_2q.cfg,experiments/data/hot8_scan_c12_seed47.in,2Q LFU ARC 2Q,4,3 3 3 3,12,10000,5995,4005,0.5995,7992,2008,0.7992,1997
configs/exp4/2q_lfu_arc_arc.cfg,experiments/data/hot8_scan_c12_seed47.in,2Q LFU ARC ARC,4,3 3 3 3,12,10000,5596,4404,0.5596,7992,2008,0.7992,2396
configs/exp4/2q_lfu_arc_lfu.cfg,experiments/data/hot8_scan_c12_seed47.in,2Q LFU ARC LFU,4,3 3 3 3,12,10000,6104,3896,0.6104,7992,2008,0.7992,1888
configs/exp4/2q_lfu_arc_lirs.cfg,experiments/data/hot8_scan_c12_seed47.in,2Q LFU ARC LIRS,4,3 3 3 3,12,10000,5915,4085,0.5915,7992,2008,0.7992,2077
configs/exp4/2q_lfu_arc_lru.cfg,experiments/data/hot8_scan_c12_seed47.in,2Q LFU ARC LRU,4,3 3 3 3,12,10000,5541,4459,0.5541,7992,2008,0.7992,2451
configs/exp4/2q_lfu_lfu.cfg,experiments/data/hot8_scan_c12_seed47.in,2Q LFU LFU,3,4 4 4,12,10000,6330,3670,0.633,7992,2008,0.7992,1662
configs/exp4/2q_lfu_lfu_2q.cfg,experiments/data/hot8_scan_c12_seed47.in,2Q LFU LFU 2Q,4,3 3 3 3,12,10000,6670,3330,0.667,7992,2008,0.7992,1322
configs/exp4/2q_lfu_lfu_arc.cfg,experiments/data/hot8_scan_c12_seed47.in,2Q LFU LFU ARC,4,3 3 3 3,12,10000,6625,3375,0.6625,7992,2008,0.7992,1367
configs/exp4/2q_lfu_lfu_lfu.cfg,experiments/data/hot8_scan_c12_seed47.in,2Q LFU LFU LFU,4,3 3 3 3,12,10000,6062,3938,0.6062,7992,2008,0.7992,1930
configs/exp4/2q_lfu_lfu_lirs.cfg,experiments/data/hot8_scan_c12_seed47.in,2Q LFU LFU LIRS,4,3 3 3 3,12,10000,6682,3318,0.6682,7992,2008,0.7992,1310
configs/exp4/2q_lfu_lfu_lru.cfg,experiments/data/hot8_scan_c12_seed47.in,2Q LFU LFU LRU,4,3 3 3 3,12,10000,6231,3769,0.6231,7992,2008,0.7992,1761
configs/exp4/2q_lfu_lirs.cfg,experiments/data/hot8_scan_c12_seed47.in,2Q LFU LIRS,3,4 4 4,12,10000,6754,3246,0.6754,7992,2008,0.7992,1238
configs/exp4/2q_lfu_lirs_2q.cfg,experiments/data/hot8_scan_c12_seed47.in,2Q LFU LIRS 2Q,4,3 3 3 3,12,10000,5973,4027,0.5973,7992,2008,0.7992,2019
configs/exp4/2q_lfu_lirs_arc.cfg,experiments/data/hot8_scan_c12_seed47.in,2Q LFU LIRS ARC,4,3 3 3 3,12,10000,5881,4119,0.5881,7992,2008,0.7992,2111
configs/exp4/2q_lfu_lirs_lfu.cfg,experiments/data/hot8_scan_c12_seed47.in,2Q LFU LIRS LFU,4,3 3 3 3,12,10000,6221,3779,0.6221,7992,2008,0.7992,1771
configs/exp4/2q_lfu_lirs_lirs.cfg,experiments/data/hot8_scan_c12_seed47.in,2Q LFU LIRS LIRS,4,3 3 3 3,12,10000,5782,4218,0.5782,7992,2008,0.7992,2210
configs/exp4/2q_lfu_lirs_lru.cfg,experiments/data/hot8_scan_c12_seed47.in,2Q LFU LIRS LRU,4,3 3 3 3,12,10000,5883,4117,0.5883,7992,2008,0.7992,2109
configs/exp4/2q_lfu_lru.cfg,experiments/data/hot8_scan_c12_seed47.in,2Q LFU LRU,3,4 4 4,12,10000,6260,3740,0.626,7992,2008,0.7992,1732
configs/exp4/2q_lfu_lru_2q.cfg,experiments/data/hot8_scan_c12_seed47.in,2Q LFU LRU 2Q,4,3 3 3 3,12,10000,5975,4025,0.5975,7992,2008,0.7992,2017
configs/exp4/2q_lfu_lru_arc.cfg,experiments/data/hot8_scan_c12_seed47.in,2Q LFU LRU ARC,4,3 3 3 3,12,10000,5691,4309,0.5691,7992,2008,0.7992,2301
configs/exp4/2q_lfu_lru_lfu.cfg,experiments/data/hot8_scan_c12_seed47.in,2Q LFU LRU LFU,4,3 3 3 3,12,10000,5752,4248,0.5752,7992,2008,0.7992,2240
configs/exp4/2q_lfu_lru_lirs.cfg,experiments/data/hot8_scan_c12_seed47.in,2Q LFU LRU LIRS,4,3 3 3 3,12,10000,5868,4132,0.5868,7992,2008,0.7992,2124
configs/exp4/2q_lfu_lru_lru.cfg,experiments/data/hot8_scan_c12_seed47.in,2Q LFU LRU LRU,4,3 3 3 3,12,10000,5065,4935,0.5065,7992,2008,0.7992,2927
configs/exp4/2q_lirs.cfg,experiments/data/hot8_scan_c12_seed47.in,2Q LIRS,2,6 6,12,10000,6880,3120,0.688,7992,2008,0.7992,1112
configs/exp4/2q_lirs_2q.cfg,experiments/data/hot8_scan_c12_seed47.in,2Q LIRS 2Q,3,4 4 4,12,10000,5625,4375,0.5625,7992,2008,0.7992,2367
configs/exp4/2q_lirs_2q_2q.cfg,experiments/data/hot8_scan_c12_seed47.in,2Q LIRS 2Q 2Q,4,3 3 3 3,12,10000,5004,4996,0.5004,7992,2008,0.7992,2988
configs/exp4/2q_lirs_2q_arc.cfg,experiments/data/hot8_scan_c12_seed47.in,2Q LIRS 2Q ARC,4,3 3 3 3,12,10000,5242,4758,0.5242,7992,2008,0.7992,2750
configs/exp4/2q_lirs_2q_lfu.cfg,experiments/data/hot8_scan_c12_seed47.in,2Q LIRS 2Q LFU,4,3 3 3 3,12,10000,5436,4564,0.5436,7992,2008,0.7992,2556
configs/exp4/2q_lirs_2q_lirs.cfg,experiments/data/hot8_scan_c12_seed47.in,2Q LIRS 2Q LIRS,4,3 3 3 3,12,10000,5138,4862,0.5138,7992,2008,0.7992,2854
configs/exp4/2q_lirs_2q_lru.cfg,experiments/data/hot8_scan_c12_seed47.in,2Q LIRS 2Q LRU,4,3 3 3 3,12,10000,5298,4702,0.5298,7992,2008,0.7992,2694
configs/exp4/2q_lirs_arc.cfg,experiments/data/hot8_scan_c12_seed47.in,2Q LIRS ARC,3,4 4 4,12,10000,5640,4360,0.564,7992,2008,0.7992,2352
configs/exp4/2q_lirs_arc_2q.cfg,experiments/data/hot8_scan_c12_seed47.in,2Q LIRS ARC 2Q,4,3 3 3 3,12,10000,5266,4734,0.5266,7992,2008,0.7992,2726
configs/exp4/2q_lirs_arc_arc.cfg,experiments/data/hot8_scan_c12_seed47.in,2Q LIRS ARC ARC,4,3 3 3 3,12,10000,4927,5073,0.4927,7992,2008,0.7992,3065
configs/exp4/2q_lirs_arc_lfu.cfg,experiments/data/hot8_scan_c12_seed47.in,2Q LIRS ARC LFU,4,3 3 3 3,12,10000,5367,4633,0.5367,7992,2008,0.7992,2625
configs/exp4/2q_lirs_arc_lirs.cfg,experiments/data/hot8_scan_c12_seed47.in,2Q LIRS ARC LIRS,4,3 3 3 3,12,10000,5064,4936,0.5064,7992,2008,0.7992,2928
configs/exp4/2q_lirs_arc_lru.cfg,experiments/data/hot8_scan_c12_seed47.in,2Q LIRS ARC LRU,4,3 3 3 3,12,10000,4852,5148,0.4852,7992,2008,0.7992,3140
configs/exp4/2q_lirs_lfu.cfg,experiments/data/hot8_scan_c12_seed47.in,2Q LIRS LFU,3,4 4 4,12,10000,6070,3930,0.607,7992,2008,0.7992,1922
configs/exp4/2q_lirs_lfu_2q.cfg,experiments/data/hot8_scan_c12_seed47.in,2Q LIRS LFU 2Q,4,3 3 3 3,12,10000,5744,4256,0.5744,7992,2008,0.7992,2248
configs/exp4/2q_lirs_lfu_arc.cfg,experiments/data/hot8_scan_c12_seed47.in,2Q LIRS LFU ARC,4,3 3 3 3,12,10000,5581,4419,0.5581,7992,2008,0.7992,2411
configs/exp4/2q_lirs_lfu_lfu.cfg,experiments/data/hot8_scan_c12_seed47.in,2Q LIRS LFU LFU,4,3 3 3 3,12,10000,5950,4050,0.595,7992,2008,0.7992,2042
configs/exp4/2q_lirs_lfu_lirs.cfg,experiments/data/hot8_scan_c12_seed47.in,2Q LIRS LFU LIRS,4,3 3 3 3,12,10000,5565,4435,0.5565,7992,2008,0.7992,2427
configs/exp4/2q_lirs_lfu_lru.cfg,experiments/data/hot8_scan_c12_seed47.in,2Q LIRS LFU LRU,4,3 3 3 3,12,10000,5570,4430,0.557,7992,2008,0.7992,2422
configs/exp4/2q_lirs_lirs.cfg,experiments/data/hot8_scan_c12_seed47.in,2Q LIRS LIRS,3,4 4 4,12,10000,5394,4606,0.5394,7992,2008,0.7992,2598
configs/exp4/2q_lirs_lirs_2q.cfg,experiments/data/hot8_scan_c12_seed47.in,2Q LIRS LIRS 2Q,4,3 3 3 3,12,10000,4960,5040,0.496,7992,2008,0.7992,3032
configs/exp4/2q_lirs_lirs_arc.cfg,experiments/data/hot8_scan_c12_seed47.in,2Q LIRS LIRS ARC,4,3 3 3 3,12,10000,4842,5158,0.4842,7992,2008,0.7992,3150
configs/exp4/2q_lirs_lirs_lfu.cfg,experiments/data/hot8_scan_c12_seed47.in,2Q LIRS LIRS LFU,4,3 3 3 3,12,10000,5217,4783,0.5217,7992,2008,0.7992,2775
configs/exp4/2q_lirs_lirs_lirs.cfg,experiments/data/hot8_scan_c12_seed47.in,2Q LIRS LIRS LIRS,4,3 3 3 3,12,10000,4430,5570,0.443,7992,2008,0.7992,3562
configs/exp4/2q_lirs_lirs_lru.cfg,experiments/data/hot8_scan_c12_seed47.in,2Q LIRS LIRS LRU,4,3 3 3 3,12,10000,4901,5099,0.4901,7992,2008,0.7992,3091
configs/exp4/2q_lirs_lru.cfg,experiments/data/hot8_scan_c12_seed47.in,2Q LIRS LRU,3,4 4 4,12,10000,5722,4278,0.5722,7992,2008,0.7992,2270
configs/exp4/2q_lirs_lru_2q.cfg,experiments/data/hot8_scan_c12_seed47.in,2Q LIRS LRU 2Q,4,3 3 3 3,12,10000,5441,4559,0.5441,7992,2008,0.7992,2551
configs/exp4/2q_lirs_lru_arc.cfg,experiments/data/hot8_scan_c12_seed47.in,2Q LIRS LRU ARC,4,3 3 3 3,12,10000,5167,4833,0.5167,7992,2008,0.7992,2825
configs/exp4/2q_lirs_lru_lfu.cfg,experiments/data/hot8_scan_c12_seed47.in,2Q LIRS LRU LFU,4,3 3 3 3,12,10000,5357,4643,0.5357,7992,2008,0.7992,2635
configs/exp4/2q_lirs_lru_lirs.cfg,experiments/data/hot8_scan_c12_seed47.in,2Q LIRS LRU LIRS,4,3 3 3 3,12,10000,5195,4805,0.5195,7992,2008,0.7992,2797
configs/exp4/2q_lirs_lru_lru.cfg,experiments/data/hot8_scan_c12_seed47.in,2Q LIRS LRU LRU,4,3 3 3 3,12,10000,4607,5393,0.4607,7992,2008,0.7992,3385
configs/exp4/2q_lru.cfg,experiments/data/hot8_scan_c12_seed47.in,2Q LRU,2,6 6,12,10000,6539,3461,0.6539,7992,2008,0.7992,1453
configs/exp4/2q_lru_2q.cfg,experiments/data/hot8_scan_c12_seed47.in,2Q LRU 2Q,3,4 4 4,12,10000,6026,3974,0.6026,7992,2008,0.7992,1966
configs/exp4/2q_lru_2q_2q.cfg,experiments/data/hot8_scan_c12_seed47.in,2Q LRU 2Q 2Q,4,3 3 3 3,12,10000,5469,4531,0.5469,7992,2008,0.7992,2523
configs/exp4/2q_lru_2q_arc.cfg,experiments/data/hot8_scan_c12_seed47.in,2Q LRU 2Q ARC,4,3 3 3 3,12,10000,5440,4560,0.544,7992,2008,0.7992,2552
configs/exp4/2q_lru_2q_lfu.cfg,experiments/data/hot8_scan_c12_seed47.in,2Q LRU 2Q LFU,4,3 3 3 3,12,10000,5626,4374,0.5626,7992,2008,0.7992,2366
configs/exp4/2q_lru_2q_lirs.cfg,experiments/data/hot8_scan_c12_seed47.in,2Q LRU 2Q LIRS,4,3 3 3 3,12,10000,5693,4307,0.5693,7992,2008,0.7992,2299
configs/exp4/2q_lru_2q_lru.cfg,experiments/data/hot8_scan_c12_seed47.in,2Q LRU 2Q LRU,4,3 3 3 3,12,10000,5005,4995,0.5005,7992,2008,0.7992,2987
configs/exp4/2q_lru_arc.cfg,experiments/data/hot8_scan_c12_seed47.in,2Q LRU ARC,3,4 4 4,12,10000,5644,4356,0.5644,7992,2008,0.7992,2348
configs/exp4/2q_lru_arc_2q.cfg,experiments/data/hot8_scan_c12_seed47.in,2Q LRU ARC 2Q,4,3 3 3 3,12,10000,5249,4751,0.5249,7992,2008,0.7992,2743
configs/exp4/2q_lru_arc_arc.cfg,experiments/data/hot8_scan_c12_seed47.in,2Q LRU ARC ARC,4,3 3 3 3,12,10000,4819,5181,0.4819,7992,2008,0.7992,3173
configs/exp4/2q_lru_arc_lfu.cfg,experiments/data/hot8_scan_c12_seed47.in,2Q LRU ARC LFU,4,3 3 3 3,12,10000,5327,4673,0.5327,7992,2008,0.7992,2665
configs/exp4/2q_lru_arc_lirs.cfg,experiments/data/hot8_scan_c12_seed47.in,2Q LRU ARC LIRS,4,3 3 3 3,12,10000,5235,4765,0.5235,7992,2008,0.7992,2757
configs/exp4/2q_lru_arc_lru.cfg,experiments/data/hot8_scan_c12_seed47.in,2Q LRU ARC LRU,4,3 3 3 3,12,10000,4607,5393,0.4607,7992,2008,0.7992,3385
configs/exp4/2q_lru_lfu.cfg,experiments/data/hot8_scan_c12_seed47.in,2Q LRU LFU,3,4 4 4,12,10000,5933,4067,0.5933,7992,2008,0.7992,2059
configs/exp4/2q_lru_lfu_2q.cfg,experiments/data/hot8_scan_c12_seed47.in,2Q LRU LFU 2Q,4,3 3 3 3,12,10000,5745,4255,0.5745,7992,2008,0.7992,2247
configs/exp4/2q_lru_lfu_arc.cfg,experiments/data/hot8_scan_c12_seed47.in,2Q LRU LFU ARC,4,3 3 3 3,12,10000,5465,4535,0.5465,7992,2008,0.7992,2527
configs/exp4/2q_lru_lfu_lfu.cfg,experiments/data/hot8_scan_c12_seed47.in,2Q LRU LFU LFU,4,3 3 3 3,12,10000,5264,4736,0.5264,7992,2008,0.7992,2728
configs/exp4/2q_lru_lfu_lirs.cfg,experiments/data/hot8_scan_c12_seed47.in,2Q LRU LFU LIRS,4,3 3 3 3,12,10000,5664,4336,0.5664,7992,2008,0.7992,2328
configs/exp4/2q_lru_lfu_lru.cfg,experiments/data/hot8_scan_c12_seed47.in,2Q LRU LFU LRU,4,3 3 3 3,12,10000,4961,5039,0.4961,7992,2008,0.7992,3031
configs/exp4/2q_lru_lirs.cfg,experiments/data/hot8_scan_c12_seed47.in,2Q LRU LIRS,3,4 4 4,12,10000,5902,4098,0.5902,7992,2008,0.7992,2090
configs/exp4/2q_lru_lirs_2q.cfg,experiments/data/hot8_scan_c12_seed47.in,2Q LRU LIRS 2Q,4,3 3 3 3,12,10000,5413,4587,0.5413,7992,2008,0.7992,2579
configs/exp4/2q_lru_lirs_arc.cfg,experiments/data/hot8_scan_c12_seed47.in,2Q LRU LIRS ARC,4,3 3 3 3,12,10000,5158,4842,0.5158,7992,2008,0.7992,2834
configs/exp4/2q_lru_lirs_lfu.cfg,experiments/data/hot8_scan_c12_seed47.in,2Q LRU LIRS LFU,4,3 3 3 3,12,10000,5450,4550,0.545,7992,2008,0.7992,2542
configs/exp4/2q_lru_lirs_lirs.cfg,experiments/data/hot8_scan_c12_seed47.in,2Q LRU LIRS LIRS,4,3 3 3 3,12,10000,5088,4912,0.5088,7992,2008,0.7992,2904
configs/exp4/2q_lru_lirs_lru.cfg,experiments/data/hot8_scan_c12_seed47.in,2Q LRU LIRS LRU,4,3 3 3 3,12,10000,4809,5191,0.4809,7992,2008,0.7992,3183
configs/exp4/2q_lru_lru.cfg,experiments/data/hot8_scan_c12_seed47.in,2Q LRU LRU,3,4 4 4,12,10000,4930,5070,0.493,7992,2008,0.7992,3062
configs/exp4/2q_lru_lru_2q.cfg,experiments/data/hot8_scan_c12_seed47.in,2Q LRU LRU 2Q,4,3 3 3 3,12,10000,4790,5210,0.479,7992,2008,0.7992,3202
configs/exp4/2q_lru_lru_arc.cfg,experiments/data/hot8_scan_c12_seed47.in,2Q LRU LRU ARC,4,3 3 3 3,12,10000,4449,5551,0.4449,7992,2008,0.7992,3543
configs/exp4/2q_lru_lru_lfu.cfg,experiments/data/hot8_scan_c12_seed47.in,2Q LRU LRU LFU,4,3 3 3 3,12,10000,4625,5375,0.4625,7992,2008,0.7992,3367
configs/exp4/2q_lru_lru_lirs.cfg,experiments/data/hot8_scan_c12_seed47.in,2Q LRU LRU LIRS,4,3 3 3 3,12,10000,4692,5308,0.4692,7992,2008,0.7992,3300
configs/exp4/2q_lru_lru_lru.cfg,experiments/data/hot8_scan_c12_seed47.in,2Q LRU LRU LRU,4,3 3 3 3,12,10000,3770,6230,0.377,7992,2008,0.7992,4222
configs/exp4/arc_2q.cfg,experiments/data/hot8_scan_c12_seed47.in,ARC 2Q,2,6 6,12,10000,6725,3275,0.6725,7992,2008,0.7992,1267
configs/exp4/arc_2q_2q.cfg,experiments/data/hot8_scan_c12_seed47.in,ARC 2Q 2Q,3,4 4 4,12,10000,5655,4345,0.5655,7992,2008,0.7992,2337
configs/exp4/arc_2q_2q_2q.cfg,experiments/data/hot8_scan_c12_seed47.in,ARC 2Q 2Q 2Q,4,3 3 3 3,12,10000,4901,5099,0.4901,7992,2008,0.7992,3091
configs/exp4/arc_2q_2q_arc.cfg,experiments/data/hot8_scan_c12_seed47.in,ARC 2Q 2Q ARC,4,3 3 3 3,12,10000,5213,4787,0.5213,7992,2008,0.7992,2779
configs/exp4/arc_2q_2q_lfu.cfg,experiments/data/hot8_scan_c12_seed47.in,ARC 2Q 2Q LFU,4,3 3 3 3,12,10000,5378,4622,0.5378,7992,2008,0.7992,2614
configs/exp4/arc_2q_2q_lirs.cfg,experiments/data/hot8_scan_c12_seed47.in,ARC 2Q 2Q LIRS,4,3 3 3 3,12,10000,5445,4555,0.5445,7992,2008,0.7992,2547
configs/exp4/arc_2q_2q_lru.cfg,experiments/data/hot8_scan_c12_seed47.in,ARC 2Q 2Q LRU,4,3 3 3 3,12,10000,5060,4940,0.506,7992,2008,0.7992,2932
configs/exp4/arc_2q_arc.cfg,experiments/data/hot8_scan_c12_seed47.in,ARC 2Q ARC,3,4 4 4,12,10000,5745,4255,0.5745,7992,2008,0.7992,2247
configs/exp4/arc_2q_arc_2q.cfg,experiments/data/hot8_scan_c12_seed47.in,ARC 2Q ARC 2Q,4,3 3 3 3,12,10000,5253,4747,0.5253,7992,2008,0.7992,2739
configs/exp4/arc_2q_arc_arc.cfg,experiments/data/hot8_scan_c12_seed47.in,ARC 2Q ARC ARC,4,3 3 3 3,12,10000,4911,5089,0.4911,7992,2008,0.7992,3081
configs/exp4/arc_2q_arc_lfu.cfg,experiments/data/hot8_scan_c12_seed47.in,ARC 2Q ARC LFU,4,3 3 3 3,12,10000,5382,4618,0.5382,7992,2008,0.7992,2610
configs/exp4/arc_2q_arc_lirs.cfg,experiments/data/hot8_scan_c12_seed47.in,ARC 2Q ARC LIRS,4,3 3 3 3,12,10000,5311,4689,0.5311,7992,2008,0.7992,2681
configs/exp4/arc_2q_arc_lru.cfg,experiments/data/hot8_scan_c12_seed47.in,ARC 2Q ARC LRU,4,3 3 3 3,12,10000,4881,5119,0.4881,7992,2008,0.7992,3111
configs/exp4/arc_2q_lfu.cfg,experiments/data/hot8_scan_c12_seed47.in,ARC 2Q LFU,3,4 4 4,12,10000,6013,3987,0.6013,7992,2008,0.7992,1979
configs/exp4/arc_2q_lfu_2q.cfg,experiments/data/hot8_scan_c12_seed47.in,ARC 2Q LFU 2Q,4,3 3 3 3,12,10000,5749,4251,0.5749,7992,2008,0.7992,2243
configs/exp4/arc_2q_lfu_arc.cfg,experiments/data/hot8_scan_c12_seed47.in,ARC 2Q LFU ARC,4,3 3 3 3,12,10000,5758,4242,0.5758,7992,2008,0.7992,2234
configs/exp4/arc_2q_lfu_lfu.cfg,experiments/data/hot8_scan_c12_seed47.in,ARC 2Q LFU LFU,4,3 3 3 3,12,10000,5325,4675,0.5325,7992,2008,0.7992,2667
configs/exp4/arc_2q_lfu_lirs.cfg,experiments/data/hot8_scan_c12_seed47.in,ARC 2Q LFU LIRS,4,3 3 3 3,12,10000,5949,4051,0.5949,7992,2008,0.7992,2043
configs/exp4/arc_2q_lfu_lru.cfg,experiments/data/hot8_scan_c12_seed47.in,ARC 2Q LFU LRU,4,3 3 3 3,12,10000,5433,4567,0.5433,7992,2008,0.7992,2559
configs/exp4/arc_2q_lirs.cfg,experiments/data/hot8_scan_c12_seed47.in,ARC 2Q LIRS,3,4 4 4,12,10000,5907,4093,0.5907,7992,2008,0.7992,2085
configs/exp4/arc_2q_lirs_2q.cfg,experiments/data/hot8_scan_c12_seed47.in,ARC 2Q LIRS 2Q,4,3 3 3 3,12,10000,5324,4676,0.5324,7992,2008,0.7992,2668
configs/exp4/arc_2q_lirs_arc.cfg,experiments/data/hot8_scan_c12_seed47.in,ARC 2Q LIRS ARC,4,3 3 3 3,12,10000,5261,4739,0.5261,7992,2008,0.7992,2731
configs/exp4/arc_2q_lirs_lfu.cfg,experiments/data/hot8_scan_c12_seed47.in,ARC 2Q LIRS LFU,4,3 3 3 3,12,10000,5554,4446,0.5554,7992,2008,0.7992,2438
configs/exp4/arc_2q_lirs_lirs.cfg,experiments/data/hot8_scan_c12_seed47.in,ARC 2Q LIRS LIRS,4,3 3 3 3,12,10000,5188,4812,0.5188,7992,2008,0.7992,2804
configs/exp4/arc_2q_lirs_lru.cfg,experiments/data/hot8_scan_c12_seed47.in,ARC 2Q LIRS LRU,4,3 3 3 3,12,10000,5244,4756,0.5244,7992,2008,0.7992,2748
configs/exp4/arc_2q_lru.cfg,experiments/data/hot8_scan_c12_seed47.in,ARC 2Q LRU,3,4 4 4,12,10000,5524,4476,0.5524,7992,2008,0.7992,2468
configs/exp4/arc_2q_lru_2q.cfg,experiments/data/hot8_scan_c12_seed47.in,ARC 2Q LRU 2Q,4,3 3 3 3,12,10000,5243,4757,0.5243,7992,2008,0.7992,2749
configs/exp4/arc_2q_lru_arc.cfg,experiments/data/hot8_scan_c12_seed47.in,ARC 2Q LRU ARC,4,3 3 3 3,12,10000,5019,4981,0.5019,7992,2008,0.7992,2973
configs/exp4/arc_2q_lru_lfu.cfg,experiments/data/hot8_scan_c12_seed47.in,ARC 2Q LRU LFU,4,3 3 3 3,12,10000,5169,4831,0.5169,7992,2008,0.7992,2823
configs/exp4/arc_2q_lru_lirs.cfg,experiments/data/hot8_scan_c12_seed47.in,ARC 2Q LRU LIRS,4,3 3 3 3,12,10000,5282,4718,0.5282,7992,2008,0.7992,2710
configs/exp4/arc_2q_lru_lru.cfg,experiments/data/hot8_scan_c12_seed47.in,ARC 2Q LRU LRU,4,3 3 3 3,12,10000,4356,5644,0.4356,7992,2008,0.7992,3636
configs/exp4/arc_arc_2q.cfg,experiments/data/hot8_scan_c12_seed47.in,ARC ARC 2Q,3,4 4 4,12,10000,5335,4665,0.5335,7992,2008,0.7992,2657
configs/exp4/arc_arc_2q_2q.cfg,experiments/data/hot8_scan_c12_seed47.in,ARC ARC 2Q 2Q,4,3 3 3 3,12,10000,4814,5186,0.4814,7992,2008,0.7992,3178
configs/exp4/arc_arc_2q_arc.cfg,experiments/data/hot8_scan_c12_seed47.in,ARC ARC 2Q ARC,4,3 3 3 3,12,10000,4841,5159,0.4841,7992,2008,0.7992,3151
configs/exp4/arc_arc_2q_lfu.cfg,experiments/data/hot8_scan_c12_seed47.in,ARC ARC 2Q LFU,4,3 3 3 3,12,10000,5130,4870,0.513,7992,2008,0.7992,2862
configs/exp4/arc_arc_2q_lirs.cfg,experiments/data/hot8_scan_c12_seed47.in,ARC ARC 2Q LIRS,4,3 3 3 3,12,10000,5118,4882,0.5118,7992,2008,0.7992,2874
configs/exp4/arc_arc_2q_lru.cfg,experiments/data/hot8_scan_c12_seed47.in,ARC ARC 2Q LRU,4,3 3 3 3,12,10000,4639,5361,0.4639,7992,2008,0.7992,3353
configs/exp4/arc_arc_arc_2q.cfg,experiments/data/hot8_scan_c12_seed47.in,ARC ARC ARC 2Q,4,3 3 3 3,12,10000,4528,5472,0.4528,7992,2008,0.7992,3464
configs/exp4/arc_arc_arc_lfu.cfg,experiments/data/hot8_scan_c12_seed47.in,ARC ARC ARC LFU,4,3 3 3 3,12,10000,4651,5349,0.4651,7992,2008,0.7992,3341
configs/exp4/arc_arc_arc_lirs.cfg,experiments/data/hot8_scan_c12_seed47.in,ARC ARC ARC LIRS,4,3 3 3 3,12,10000,4384,5616,0.4384,7992,2008,0.7992,3608
configs/exp4/arc_arc_arc_lru.cfg,experiments/data/hot8_scan_c12_seed47.in,ARC ARC ARC LRU,4,3 3 3 3,12,10000,3868,6132,0.3868,7992,2008,0.7992,4124
configs/exp4/arc_arc_lfu.cfg,experiments/data/hot8_scan_c12_seed47.in,ARC ARC LFU,3,4 4 4,12,10000,5578,4422,0.5578,7992,2008,0.7992,2414
configs/exp4/arc_arc_lfu_2q.cfg,experiments/data/hot8_scan_c12_seed47.in,ARC ARC LFU 2Q,4,3 3 3 3,12,10000,5315,4685,0.5315,7992,2008,0.7992,2677
configs/exp4/arc_arc_lfu_arc.cfg,experiments/data/hot8_scan_c12_seed47.in,ARC ARC LFU ARC,4,3 3 3 3,12,10000,4993,5007,0.4993,7992,2008,0.7992,2999
configs/exp4/arc_arc_lfu_lfu.cfg,experiments/data/hot8_scan_c12_seed47.in,ARC ARC LFU LFU,4,3 3 3 3,12,10000,5520,4480,0.552,7992,2008,0.7992,2472
configs/exp4/arc_arc_lfu_lirs.cfg,experiments/data/hot8_scan_c12_seed47.in,ARC ARC LFU LIRS,4,3 3 3 3,12,10000,5317,4683,0.5317,7992,2008,0.7992,2675
configs/exp4/arc_arc_lfu_lru.cfg,experiments/data/hot8_scan_c12_seed47.in,ARC ARC LFU LRU,4,3 3 3 3,12,10000,4764,5236,0.4764,7992,2008,0.7992,3228
configs/exp4/arc_arc_lirs.cfg,experiments/data/hot8_scan_c12_seed47.in,ARC ARC LIRS,3,4 4 4,12,10000,5166,4834,0.5166,7992,2008,0.7992,2826
configs/exp4/arc_arc_lirs_2q.cfg,experiments/data/hot8_scan_c12_seed47.in,ARC ARC LIRS 2Q,4,3 3 3 3,12,10000,4890,5110,0.489,7992,2008,0.7992,3102
configs/exp4/arc_arc_lirs_arc.cfg,experiments/data/hot8_scan_c12_seed47.in,ARC ARC LIRS ARC,4,3 3 3 3,12,10000,4540,5460,0.454,7992,2008,0.7992,3452
configs/exp4/arc_arc_lirs_lfu.cfg,experiments/data/hot8_scan_c12_seed47.in,ARC ARC LIRS LFU,4,3 3 3 3,12,10000,4999,5001,0.4999,7992,2008,0.7992,2993
configs/exp4/arc_arc_lirs_lirs.cfg,experiments/data/hot8_scan_c12_seed47.in,ARC ARC LIRS LIRS,4,3 3 3 3,12,10000,4408,5592,0.4408,7992,2008,0.7992,3584
configs/exp4/arc_arc_lirs_lru.cfg,experiments/data/hot8_scan_c12_seed47.in,ARC ARC LIRS LRU,4,3 3 3 3,12,10000,4384,5616,0.4384,7992,2008,0.7992,3608
configs/exp4/arc_arc_lru.cfg,experiments/data/hot8_scan_c12_seed47.in,ARC ARC LRU,3,4 4 4,12,10000,4612,5388,0.4612,7992,2008,0.7992,3380
configs/exp4/arc_arc_lru_2q.cfg,experiments/data/hot8_scan_c12_seed47.in,ARC ARC LRU 2Q,4,3 3 3 3,12,10000,4570,5430,0.457,7992,2008,0.7992,3422
configs/exp4/arc_arc_lru_arc.cfg,experiments/data/hot8_scan_c12_seed47.in,ARC ARC LRU ARC,4,3 3 3 3,12,10000,4189,5811,0.4189,7992,2008,0.7992,3803
configs/exp4/arc_arc_lru_lfu.cfg,experiments/data/hot8_scan_c12_seed47.in,ARC ARC LRU LFU,4,3 3 3 3,12,10000,4484,5516,0.4484,7992,2008,0.7992,3508
configs/exp4/arc_arc_lru_lirs.cfg,experiments/data/hot8_scan_c12_seed47.in,ARC ARC LRU LIRS,4,3 3 3 3,12,10000,4404,5596,0.4404,7992,2008,0.7992,3588
configs/exp4/arc_arc_lru_lru.cfg,experiments/data/hot8_scan_c12_seed47.in,ARC ARC LRU LRU,4,3 3 3 3,12,10000,3529,6471,0.3529,7992,2008,0.7992,4463
configs/exp4/arc_lfu.cfg,experiments/data/hot8_scan_c12_seed47.in,ARC LFU,2,6 6,12,10000,6914,3086,0.6914,7992,2008,0.7992,1078
configs/exp4/arc_lfu_2q.cfg,experiments/data/hot8_scan_c12_seed47.in,ARC LFU 2Q,3,4 4 4,12,10000,6613,3387,0.6613,7992,2008,0.7992,1379
configs/exp4/arc_lfu_2q_2q.cfg,experiments/data/hot8_scan_c12_seed47.in,ARC LFU 2Q 2Q,4,3 3 3 3,12,10000,5746,4254,0.5746,7992,2008,0.7992,2246
configs/exp4/arc_lfu_2q_arc.cfg,experiments/data/hot8_scan_c12_seed47.in,ARC LFU 2Q ARC,4,3 3 3 3,12,10000,5984,4016,0.5984,7992,2008,0.7992,2008
configs/exp4/arc_lfu_2q_lfu.cfg,experiments/data/hot8_scan_c12_seed47.in,ARC LFU 2Q LFU,4,3 3 3 3,12,10000,6059,3941,0.6059,7992,2008,0.7992,1933
configs/exp4/arc_lfu_2q_lirs.cfg,experiments/data/hot8_scan_c12_seed47.in,ARC LFU 2Q LIRS,4,3 3 3 3,12,10000,6128,3872,0.6128,7992,2008,0.7992,1864
configs/exp4/arc_lfu_2q_lru.cfg,experiments/data/hot8_scan_c12_seed47.in,ARC LFU 2Q LRU,4,3 3 3 3,12,10000,5696,4304,0.5696,7992,2008,0.7992,2296
configs/exp4/arc_lfu_arc.cfg,experiments/data/hot8_scan_c12_seed47.in,ARC LFU ARC,3,4 4 4,12,10000,6379,3621,0.6379,7992,2008,0.7992,1613
configs/exp4/arc_lfu_arc_2q.cfg,experiments/data/hot8_scan_c12_seed47.in,ARC LFU ARC 2Q,4,3 3 3 3,12,10000,5649,4351,0.5649,7992,2008,0.7992,2343
configs/exp4/arc_lfu_arc_arc.cfg,experiments/data/hot8_scan_c12_seed47.in,ARC LFU ARC ARC,4,3 3 3 3,12,10000,5130,4870,0.513,7992,2008,0.7992,2862
configs/exp4/arc_lfu_arc_lfu.cfg,experiments/data/hot8_scan_c12_seed47.in,ARC LFU ARC LFU,4,3 3 3 3,12,10000,5770,4230,0.577,7992,2008,0.7992,2222
configs/exp4/arc_lfu_arc_lirs.cfg,experiments/data/hot8_scan_c12_seed47.in,ARC LFU ARC LIRS,4,3 3 3 3,12,10000,5520,4480,0.552,7992,2008,0.7992,2472
configs/exp4/arc_lfu_arc_lru.cfg,experiments/data/hot8_scan_c12_seed47.in,ARC LFU ARC LRU,4,3 3 3 3,12,10000,5014,4986,0.5014,7992,2008,0.7992,2978
configs/exp4/arc_lfu_lfu.cfg,experiments/data/hot8_scan_c12_seed47.in,ARC LFU LFU,3,4 4 4,12,10000,6789,3211,0.6789,7992,2008,0.7992,1203
configs/exp4/arc_lfu_lfu_2q.cfg,experiments/data/hot8_scan_c12_seed47.in,ARC LFU LFU 2Q,4,3 3 3 3,12,10000,6492,3508,0.6492,7992,2008,0.7992,1500
configs/exp4/arc_lfu_lfu_arc.cfg,experiments/data/hot8_scan_c12_seed47.in,ARC LFU LFU ARC,4,3 3 3 3,12,10000,6312,3688,0.6312,7992,2008,0.7992,1680
configs/exp4/arc_lfu_lfu_lfu.cfg,experiments/data/hot8_scan_c12_seed47.in,ARC LFU LFU LFU,4,3 3 3 3,12,10000,5893,4107,0.5893,7992,2008,0.7992,2099
configs/exp4/arc_lfu_lfu_lirs.cfg,experiments/data/hot8_scan_c12_seed47.in,ARC LFU LFU LIRS,4,3 3 3 3,12,10000,6485,3515,0.6485,7992,2008,0.7992,1507
configs/exp4/arc_lfu_lfu_lru.cfg,experiments/data/hot8_scan_c12_seed47.in,ARC LFU LFU LRU,4,3 3 3 3,12,10000,5851,4149,0.5851,7992,2008,0.7992,2141
configs/exp4/arc_lfu_lirs.cfg,experiments/data/hot8_scan_c12_seed47.in,ARC LFU LIRS,3,4 4 4,12,10000,6581,3419,0.6581,7992,2008,0.7992,1411
configs/exp4/arc_lfu_lirs_2q.cfg,experiments/data/hot8_scan_c12_seed47.in,ARC LFU LIRS 2Q,4,3 3 3 3,12,10000,5780,4220,0.578,7992,2008,0.7992,2212
configs/exp4/arc_lfu_lirs_arc.cfg,experiments/data/hot8_scan_c12_seed47.in,ARC LFU LIRS ARC,4,3 3 3 3,12,10000,5587,4413,0.5587,7992,2008,0.7992,2405
configs/exp4/arc_lfu_lirs_lfu.cfg,experiments/data/hot8_scan_c12_seed47.in,ARC LFU LIRS LFU,4,3 3 3 3,12,10000,6016,3984,0.6016,7992,2008,0.7992,1976
configs/exp4/arc_lfu_lirs_lirs.cfg,experiments/data/hot8_scan_c12_seed47.in,ARC LFU LIRS LIRS,4,3 3 3 3,12,10000,5540,4460,0.554,7992,2008,0.7992,2452
configs/exp4/arc_lfu_lirs_lru.cfg,experiments/data/hot8_scan_c12_seed47.in,ARC LFU LIRS LRU,4,3 3 3 3,12,10000,5477,4523,0.5477,7992,2008,0.7992,2515
configs/exp4/arc_lfu_lru.cfg,experiments/data/hot8_scan_c12_seed47.in,ARC LFU LRU,3,4 4 4,12,10000,5725,4275,0.5725,7992,2008,0.7992,2267
configs/exp4/arc_lfu_lru_2q.cfg,experiments/data/hot8_scan_c12_seed47.in,ARC LFU LRU 2Q,4,3 3 3 3,12,10000,5548,4452,0.5548,7992,2008,0.7992,2444
configs/exp4/arc_lfu_lru_arc.cfg,experiments/data/hot8_scan_c12_seed47.in,ARC LFU LRU ARC,4,3 3 3 3,12,10000,5145,4855,0.5145,7992,2008,0.7992,2847
configs/exp4/arc_lfu_lru_lfu.cfg,experiments/data/hot8_scan_c12_seed47.in,ARC LFU LRU LFU,4,3 3 3 3,12,10000,5512,4488,0.5512,7992,2008,0.7992,2480
configs/exp4/arc_lfu_lru_lirs.cfg,experiments/data/hot8_scan_c12_seed47.in,ARC LFU LRU LIRS,4,3 3 3 3,12,10000,5408,4592,0.5408,7992,2008,0.7992,2584
configs/exp4/arc_lfu_lru_lru.cfg,experiments/data/hot8_scan_c12_seed47.in,ARC LFU LRU LRU,4,3 3 3 3,12,10000,4436,5564,0.4436,7992,2008,0.7992,3556
configs/exp4/arc_lirs.cfg,experiments/data/hot8_scan_c12_seed47.in,ARC LIRS,2,6 6,12,10000,6600,3400,0.66,7992,2008,0.7992,1392
configs/exp4/arc_lirs_2q.cfg,experiments/data/hot8_scan_c12_seed47.in,ARC LIRS 2Q,3,4 4 4,12,10000,5591,4409,0.5591,7992,2008,0.7992,2401
configs/exp4/arc_lirs_2q_2q.cfg,experiments/data/hot8_scan_c12_seed47.in,ARC LIRS 2Q 2Q,4,3 3 3 3,12,10000,4979,5021,0.4979,7992,2008,0.7992,3013
configs/exp4/arc_lirs_2q_arc.cfg,experiments/data/hot8_scan_c12_seed47.in,ARC LIRS 2Q ARC,4,3 3 3 3,12,10000,5036,4964,0.5036,7992,2008,0.7992,2956
configs/exp4/arc_lirs_2q_lfu.cfg,experiments/data/hot8_scan_c12_seed47.in,ARC LIRS 2Q LFU,4,3 3 3 3,12,10000,5328,4672,0.5328,7992,2008,0.7992,2664
configs/exp4/arc_lirs_2q_lirs.cfg,experiments/data/hot8_scan_c12_seed47.in,ARC LIRS 2Q LIRS,4,3 3 3 3,12,10000,5045,4955,0.5045,7992,2008,0.7992,2947
configs/exp4/arc_lirs_2q_lru.cfg,experiments/data/hot8_scan_c12_seed47.in,ARC LIRS 2Q LRU,4,3 3 3 3,12,10000,4931,5069,0.4931,7992,2008,0.7992,3061
configs/exp4/arc_lirs_arc.cfg,experiments/data/hot8_scan_c12_seed47.in,ARC LIRS ARC,3,4 4 4,12,10000,5345,4655,0.5345,7992,2008,0.7992,2647
configs/exp4/arc_lirs_arc_2q.cfg,experiments/data/hot8_scan_c12_seed47.in,ARC LIRS ARC 2Q,4,3 3 3 3,12,10000,4901,5099,0.4901,7992,2008,0.7992,3091
configs/exp4/arc_lirs_arc_arc.cfg,experiments/data/hot8_scan_c12_seed47.in,ARC LIRS ARC ARC,4,3 3 3 3,12,10000,4456,5544,0.4456,7992,2008,0.7992,3536
configs/exp4/arc_lirs_arc_lfu.cfg,experiments/data/hot8_scan_c12_seed47.in,ARC LIRS ARC LFU,4,3 3 3 3,12,10000,5029,4971,0.5029,7992,2008,0.7992,2963
configs/exp4/arc_lirs_arc_lirs.cfg,experiments/data/hot8_scan_c12_seed47.in,ARC LIRS ARC LIRS,4,3 3 3 3,12,10000,4644,5356,0.4644,7992,2008,0.7992,3348
configs/exp4/arc_lirs_arc_lru.cfg,experiments/data/hot8_scan_c12_seed47.in,ARC LIRS ARC LRU,4,3 3 3 3,12,10000,4383,5617,0.4383,7992,2008,0.7992,3609
configs/exp4/arc_lirs_lfu.cfg,experiments/data/hot8_scan_c12_seed47.in,ARC LIRS LFU,3,4 4 4,12,10000,5894,4106,0.5894,7992,2008,0.7992,2098
configs/exp4/arc_lirs_lfu_2q.cfg,experiments/data/hot8_scan_c12_seed47.in,ARC LIRS LFU 2Q,4,3 3 3 3,12,10000,5556,4444,0.5556,7992,2008,0.7992,2436
configs/exp4/arc_lirs_lfu_arc.cfg,experiments/data/hot8_scan_c12_seed47.in,ARC LIRS LFU ARC,4,3 3 3 3,12,10000,5300,4700,0.53,7992,2008,0.7992,2692
configs/exp4/arc_lirs_lfu_lfu.cfg,experiments/data/hot8_scan_c12_seed47.in,ARC LIRS LFU LFU,4,3 3 3 3,12,10000,5727,4273,0.5727,7992,2008,0.7992,2265
configs/exp4/arc_lirs_lfu_lirs.cfg,experiments/data/hot8_scan_c12_seed47.in,ARC LIRS LFU LIRS,4,3 3 3 3,12,10000,5309,4691,0.5309,7992,2008,0.7992,2683
configs/exp4/arc_lirs_lfu_lru.cfg,experiments/data/hot8_scan_c12_seed47.in,ARC LIRS LFU LRU,4,3 3 3 3,12,10000,5119,4881,0.5119,7992,2008,0.7992,2873
configs/exp4/arc_lirs_lirs.cfg,experiments/data/hot8_scan_c12_seed47.in,ARC LIRS LIRS,3,4 4 4,12,10000,5245,4755,0.5245,7992,2008,0.7992,2747
configs/exp4/arc_lirs_lirs_2q.cfg,experiments/data/hot8_scan_c12_seed47.in,ARC LIRS LIRS 2Q,4,3 3 3 3,12,10000,4804,5196,0.4804,7992,2008,0.7992,3188
configs/exp4/arc_lirs_lirs_arc.cfg,experiments/data/hot8_scan_c12_seed47.in,ARC LIRS LIRS ARC,4,3 3 3 3,12,10000,4477,5523,0.4477,7992,2008,0.7992,3515
configs/exp4/arc_lirs_lirs_lfu.cfg,experiments/data/hot8_scan_c12_seed47.in,ARC LIRS LIRS LFU,4,3 3 3 3,12,10000,4948,5052,0.4948,7992,2008,0.7992,3044
configs/exp4/arc_lirs_lirs_lirs.cfg,experiments/data/hot8_scan_c12_seed47.in,ARC LIRS LIRS LIRS,4,3 3 3 3,12,10000,4138,5862,0.4138,7992,2008,0.7992,3854
configs/exp4/arc_lirs_lirs_lru.cfg,experiments/data/hot8_scan_c12_seed47.in,ARC LIRS LIRS LRU,4,3 3 3 3,12,10000,4413,5587,0.4413,7992,2008,0.7992,3579
configs/exp4/arc_lirs_lru.cfg,experiments/data/hot8_scan_c12_seed47.in,ARC LIRS LRU,3,4 4 4,12,10000,5246,4754,0.5246,7992,2008,0.7992,2746
configs/exp4/arc_lirs_lru_2q.cfg,experiments/data/hot8_scan_c12_seed47.in,ARC LIRS LRU 2Q,4,3 3 3 3,12,10000,5003,4997,0.5003,7992,2008,0.7992,2989
configs/exp4/arc_lirs_lru_arc.cfg,experiments/data/hot8_scan_c12_seed47.in,ARC LIRS LRU ARC,4,3 3 3 3,12,10000,4649,5351,0.4649,7992,2008,0.7992,3343
configs/exp4/arc_lirs_lru_lfu.cfg,experiments/data/hot8_scan_c12_seed47.in,ARC LIRS LRU LFU,4,3 3 3 3,12,10000,4843,5157,0.4843,7992,2008,0.7992,3149
configs/exp4/arc_lirs_lru_lirs.cfg,experiments/data/hot8_scan_c12_seed47.in,ARC LIRS LRU LIRS,4,3 3 3 3,12,10000,4627,5373,0.4627,7992,2008,0.7992,3365
configs/exp4/arc_lirs_lru_lru.cfg,experiments/data/hot8_scan_c12_seed47.in,ARC LIRS LRU LRU,4,3 3 3 3,12,10000,4006,5994,0.4006,7992,2008,0.7992,3986
configs/exp4/arc_lru.cfg,experiments/data/hot8_scan_c12_seed47.in,ARC LRU,2,6 6,12,10000,5753,4247,0.5753,7992,2008,0.7992,2239
configs/exp4/arc_lru_2q.cfg,experiments/data/hot8_scan_c12_seed47.in,ARC LRU 2Q,3,4 4 4,12,10000,5402,4598,0.5402,7992,2008,0.7992,2590
configs/exp4/arc_lru_2q_2q.cfg,experiments/data/hot8_scan_c12_seed47.in,ARC LRU 2Q 2Q,4,3 3 3 3,12,10000,5029,4971,0.5029,7992,2008,0.7992,2963
configs/exp4/arc_lru_2q_arc.cfg,experiments/data/hot8_scan_c12_seed47.in,ARC LRU 2Q ARC,4,3 3 3 3,12,10000,4964,5036,0.4964,7992,2008,0.7992,3028
configs/exp4/arc_lru_2q_lfu.cfg,experiments/data/hot8_scan_c12_seed47.in,ARC LRU 2Q LFU,4,3 3 3 3,12,10000,4989,5011,0.4989,7992,2008,0.7992,3003
configs/exp4/arc_lru_2q_lirs.cfg,experiments/data/hot8_scan_c12_seed47.in,ARC LRU 2Q LIRS,4,3 3 3 3,12,10000,5236,4764,0.5236,7992,2008,0.7992,2756
configs/exp4/arc_lru_2q_lru.cfg,experiments/data/hot8_scan_c12_seed47.in,ARC LRU 2Q LRU,4,3 3 3 3,12,10000,4458,5542,0.4458,7992,2008,0.7992,3534
configs/exp4/arc_lru_arc.cfg,experiments/data/hot8_scan_c12_seed47.in,ARC LRU ARC,3,4 4 4,12,10000,4853,5147,0.4853,7992,2008,0.7992,3139
configs/exp4/arc_lru_arc_2q.cfg,experiments/data/hot8_scan_c12_seed47.in,ARC LRU ARC 2Q,4,3 3 3 3,12,10000,4712,5288,0.4712,7992,2008,0.7992,3280
configs/exp4/arc_lru_arc_arc.cfg,experiments/data/hot8_scan_c12_seed47.in,ARC LRU ARC ARC,4,3 3 3 3,12,10000,4231,5769,0.4231,7992,2008,0.7992,3761
configs/exp4/arc_lru_arc_lfu.cfg,experiments/data/hot8_scan_c12_seed47.in,ARC LRU ARC LFU,4,3 3 3 3,12,10000,4729,5271,0.4729,7992,2008,0.7992,3263
configs/exp4/arc_lru_arc_lirs.cfg,experiments/data/hot8_scan_c12_seed47.in,ARC LRU ARC LIRS,4,3 3 3 3,12,10000,4599,5401,0.4599,7992,2008,0.7992,3393
configs/exp4/arc_lru_arc_lru.cfg,experiments/data/hot8_scan_c12_seed47.in,ARC LRU ARC LRU,4,3 3 3 3,12,10000,3851,6149,0.3851,7992,2008,0.7992,4141
configs/exp4/arc_lru_lfu.cfg,experiments/data/hot8_scan_c12_seed47.in,ARC LRU LFU,3,4 4 4,12,10000,5152,4848,0.5152,7992,2008,0.7992,2840
configs/exp4/arc_lru_lfu_2q.cfg,experiments/data/hot8_scan_c12_seed47.in,ARC LRU LFU 2Q,4,3 3 3 3,12,10000,5336,4664,0.5336,7992,2008,0.7992,2656
configs/exp4/arc_lru_lfu_arc.cfg,experiments/data/hot8_scan_c12_seed47.in,ARC LRU LFU ARC,4,3 3 3 3,12,10000,4880,5120,0.488,7992,2008,0.7992,3112
configs/exp4/arc_lru_lfu_lfu.cfg,experiments/data/hot8_scan_c12_seed47.in,ARC LRU LFU LFU,4,3 3 3 3,12,10000,5403,4597,0.5403,7992,2008,0.7992,2589
configs/exp4/arc_lru_lfu_lirs.cfg,experiments/data/hot8_scan_c12_seed47.in,ARC LRU LFU LIRS,4,3 3 3 3,12,10000,5188,4812,0.5188,7992,2008,0.7992,2804
configs/exp4/arc_lru_lfu_lru.cfg,experiments/data/hot8_scan_c12_seed47.in,ARC LRU LFU LRU,4,3 3 3 3,12,10000,4390,5610,0.439,7992,2008,0.7992,3602
configs/exp4/arc_lru_lirs.cfg,experiments/data/hot8_scan_c12_seed47.in,ARC LRU LIRS,3,4 4 4,12,10000,5156,4844,0.5156,7992,2008,0.7992,2836
configs/exp4/arc_lru_lirs_2q.cfg,experiments/data/hot8_scan_c12_seed47.in,ARC LRU LIRS 2Q,4,3 3 3 3,12,10000,4908,5092,0.4908,7992,2008,0.7992,3084
configs/exp4/arc_lru_lirs_arc.cfg,experiments/data/hot8_scan_c12_seed47.in,ARC LRU LIRS ARC,4,3 3 3 3,12,10000,4560,5440,0.456,7992,2008,0.7992,3432
configs/exp4/arc_lru_lirs_lfu.cfg,experiments/data/hot8_scan_c12_seed47.in,ARC LRU LIRS LFU,4,3 3 3 3,12,10000,4939,5061,0.4939,7992,2008,0.7992,3053
configs/exp4/arc_lru_lirs_lirs.cfg,experiments/data/hot8_scan_c12_seed47.in,ARC LRU LIRS LIRS,4,3 3 3 3,12,10000,4488,5512,0.4488,7992,2008,0.7992,3504
configs/exp4/arc_lru_lirs_lru.cfg,experiments/data/hot8_scan_c12_seed47.in,ARC LRU LIRS LRU,4,3 3 3 3,12,10000,4143,5857,0.4143,7992,2008,0.7992,3849
configs/exp4/arc_lru_lru.cfg,experiments/data/hot8_scan_c12_seed47.in,ARC LRU LRU,3,4 4 4,12,10000,3997,6003,0.3997,7992,2008,0.7992,3995
configs/exp4/arc_lru_lru_2q.cfg,experiments/data/hot8_scan_c12_seed47.in,ARC LRU LRU 2Q,4,3 3 3 3,12,10000,4206,5794,0.4206,7992,2008,0.7992,3786
configs/exp4/arc_lru_lru_arc.cfg,experiments/data/hot8_scan_c12_seed47.in,ARC LRU LRU ARC,4,3 3 3 3,12,10000,3446,6554,0.3446,7992,2008,0.7992,4546
configs/exp4/arc_lru_lru_lfu.cfg,experiments/data/hot8_scan_c12_seed47.in,ARC LRU LRU LFU,4,3 3 3 3,12,10000,3646,6354,0.3646,7992,2008,0.7992,4346
configs/exp4/arc_lru_lru_lirs.cfg,experiments/data/hot8_scan_c12_seed47.in,ARC LRU LRU LIRS,4,3 3 3 3,12,10000,4009,5991,0.4009,7992,2008,0.7992,3983
configs/exp4/arc_lru_lru_lru.cfg,experiments/data/hot8_scan_c12_seed47.in,ARC LRU LRU LRU,4,3 3 3 3,12,10000,2976,7024,0.2976,7992,2008,0.7992,5016
configs/exp4/lfu_2q.cfg,experiments/data/hot8_scan_c12_seed47.in,LFU 2Q,2,6 6,12,10000,7987,2013,0.7987,7992,2008,0.7992,5
configs/exp4/lfu_2q_2q.cfg,experiments/data/hot8_scan_c12_seed47.in,LFU 2Q 2Q,3,4 4 4,12,10000,7153,2847,0.7153,7992,2008,0.7992,839
configs/exp4/lfu_2q_2q_2q.cfg,experiments/data/hot8_scan_c12_seed47.in,LFU 2Q 2Q 2Q,4,3 3 3 3,12,10000,5709,4291,0.5709,7992,2008,0.7992,2283
configs/exp4/lfu_2q_2q_arc.cfg,experiments/data/hot8_scan_c12_seed47.in,LFU 2Q 2Q ARC,4,3 3 3 3,12,10000,6239,3761,0.6239,7992,2008,0.7992,1753
configs/exp4/lfu_2q_2q_lfu.cfg,experiments/data/hot8_scan_c12_seed47.in,LFU 2Q 2Q LFU,4,3 3 3 3,12,10000,6194,3806,0.6194,7992,2008,0.7992,1798
configs/exp4/lfu_2q_2q_lirs.cfg,experiments/data/hot8_scan_c12_seed47.in,LFU 2Q 2Q LIRS,4,3 3 3 3,12,10000,6327,3673,0.6327,7992,2008,0.7992,1665
configs/exp4/lfu_2q_2q_lru.cfg,experiments/data/hot8_scan_c12_seed47.in,LFU 2Q 2Q LRU,4,3 3 3 3,12,10000,6141,3859,0.6141,7992,2008,0.7992,1851
configs/exp4/lfu_2q_arc.cfg,experiments/data/hot8_scan_c12_seed47.in,LFU 2Q ARC,3,4 4 4,12,10000,7298,2702,0.7298,7992,2008,0.7992,694
configs/exp4/lfu_2q_arc_2q.cfg,experiments/data/hot8_scan_c12_seed47.in,LFU 2Q ARC 2Q,4,3 3 3 3,12,10000,6226,3774,0.6226,7992,2008,0.7992,1766
configs/exp4/lfu_2q_arc_arc.cfg,experiments/data/hot8_scan_c12_seed47.in,LFU 2Q ARC ARC,4,3 3 3 3,12,10000,5943,4057,0.5943,7992,2008,0.7992,2049
configs/exp4/lfu_2q_arc_lfu.cfg,experiments/data/hot8_scan_c12_seed47.in,LFU 2Q ARC LFU,4,3 3 3 3,12,10000,6336,3664,0.6336,7992,2008,0.7992,1656
configs/exp4/lfu_2q_arc_lirs.cfg,experiments/data/hot8_scan_c12_seed47.in,LFU 2Q ARC LIRS,4,3 3 3 3,12,10000,6270,3730,0.627,7992,2008,0.7992,1722
configs/exp4/lfu_2q_arc_lru.cfg,experiments/data/hot8_scan_c12_seed47.in,LFU 2Q ARC LRU,4,3 3 3 3,12,10000,5928,4072,0.5928,7992,2008,0.7992,2064
configs/exp4/lfu_2q_lfu.cfg,experiments/data/hot8_scan_c12_seed47.in,LFU 2Q LFU,3,4 4 4,12,10000,7299,2701,0.7299,7992,2008,0.7992,693
configs/exp4/lfu_2q_lfu_2q.cfg,experiments/data/hot8_scan_c12_seed47.in,LFU 2Q LFU 2Q,4,3 3 3 3,12,10000,6788,3212,0.6788,7992,2008,0.7992,1204
configs/exp4/lfu_2q_lfu_arc.cfg,experiments/data/hot8_scan_c12_seed47.in,LFU 2Q LFU ARC,4,3 3 3 3,12,10000,6937,3063,0.6937,7992,2008,0.7992,1055
configs/exp4/lfu_2q_lfu_lfu.cfg,experiments/data/hot8_scan_c12_seed47.in,LFU 2Q LFU LFU,4,3 3 3 3,12,10000,6874,3126,0.6874,7992,2008,0.7992,1118
configs/exp4/lfu_2q_lfu_lirs.cfg,experiments/data/hot8_scan_c12_seed47.in,LFU 2Q LFU LIRS,4,3 3 3 3,12,10000,6939,3061,0.6939,7992,2008,0.7992,1053
configs/exp4/lfu_2q_lfu_lru.cfg,experiments/data/hot8_scan_c12_seed47.in,LFU 2Q LFU LRU,4,3 3 3 3,12,10000,6503,3497,0.6503,7992,2008,0.7992,1489
configs/exp4/lfu_2q_lirs.cfg,experiments/data/hot8_scan_c12_seed47.in,LFU 2Q LIRS,3,4 4 4,12,10000,7257,2743,0.7257,7992,2008,0.7992,735
configs/exp4/lfu_2q_lirs_2q.cfg,experiments/data/hot8_scan_c12_seed47.in,LFU 2Q LIRS 2Q,4,3 3 3 3,12,10000,6227,3773,0.6227,7992,2008,0.7992,1765
configs/exp4/lfu_2q_lirs_arc.cfg,experiments/data/hot8_scan_c12_seed47.in,LFU 2Q LIRS ARC,4,3 3 3 3,12,10000,6226,3774,0.6226,7992,2008,0.7992,1766
configs/exp4/lfu_2q_lirs_lfu.cfg,experiments/data/hot8_scan_c12_seed47.in,LFU 2Q LIRS LFU,4,3 3 3 3,12,10000,6433,3567,0.6433,7992,2008,0.7992,1559
configs/exp4/lfu_2q_lirs_lirs.cfg,experiments/data/hot8_scan_c12_seed47.in,LFU 2Q LIRS LIRS,4,3 3 3 3,12,10000,6112,3888,0.6112,7992,2008,0.7992,1880
configs/exp4/lfu_2q_lirs_lru.cfg,experiments/data/hot8_scan_c12_seed47.in,LFU 2Q LIRS LRU,4,3 3 3 3,12,10000,6283,3717,0.6283,7992,2008,0.7992,1709
configs/exp4/lfu_2q_lru.cfg,experiments/data/hot8_scan_c12_seed47.in,LFU 2Q LRU,3,4 4 4,12,10000,7039,2961,0.7039,7992,2008,0.7992,953
configs/exp4/lfu_2q_lru_2q.cfg,experiments/data/hot8_scan_c12_seed47.in,LFU 2Q LRU 2Q,4,3 3 3 3,12,10000,6288,3712,0.6288,7992,2008,0.7992,1704
configs/exp4/lfu_2q_lru_arc.cfg,experiments/data/hot8_scan_c12_seed47.in,LFU 2Q LRU ARC,4,3 3 3 3,12,10000,6136,3864,0.6136,7992,2008,0.7992,1856
configs/exp4/lfu_2q_lru_lfu.cfg,experiments/data/hot8_scan_c12_seed47.in,LFU 2Q LRU LFU,4,3 3 3 3,12,10000,6320,3680,0.632,7992,2008,0.7992,1672
configs/exp4/lfu_2q_lru_lirs.cfg,experiments/data/hot8_scan_c12_seed47.in,LFU 2Q LRU LIRS,4,3 3 3 3,12,10000,6313,3687,0.6313,7992,2008,0.7992,1679
configs/exp4/lfu_2q_lru_lru.cfg,experiments/data/hot8_scan_c12_seed47.in,LFU 2Q LRU LRU,4,3 3 3 3,12,10000,5536,4464,0.5536,7992,2008,0.7992,2456
configs/exp4/lfu_arc.cfg,experiments/data/hot8_scan_c12_seed47.in,LFU ARC,2,6 6,12,10000,7988,2012,0.7988,7992,2008,0.7992,4
configs/exp4/lfu_arc_2q.cfg,experiments/data/hot8_scan_c12_seed47.in,LFU ARC 2Q,3,4 4 4,12,10000,7114,2886,0.7114,7992,2008,0.7992,878
configs/exp4/lfu_arc_2q_2q.cfg,experiments/data/hot8_scan_c12_seed47.in,LFU ARC 2Q 2Q,4,3 3 3 3,12,10000,6029,3971,0.6029,7992,2008,0.7992,1963
configs/exp4/lfu_arc_2q_arc.cfg,experiments/data/hot8_scan_c12_seed47.in,LFU ARC 2Q ARC,4,3 3 3 3,12,10000,6109,3891,0.6109,7992,2008,0.7992,1883
configs/exp4/lfu_arc_2q_lfu.cfg,experiments/data/hot8_scan_c12_seed47.in,LFU ARC 2Q LFU,4,3 3 3 3,12,10000,6118,3882,0.6118,7992,2008,0.7992,1874
configs/exp4/lfu_arc_2q_lirs.cfg,experiments/data/hot8_scan_c12_seed47.in,LFU ARC 2Q LIRS,4,3 3 3 3,12,10000,6291,3709,0.6291,7992,2008,0.7992,1701
configs/exp4/lfu_arc_2q_lru.cfg,experiments/data/hot8_scan_c12_seed47.in,LFU ARC 2Q LRU,4,3 3 3 3,12,10000,5879,4121,0.5879,7992,2008,0.7992,2113
configs/exp4/lfu_arc_arc.cfg,experiments/data/hot8_scan_c12_seed47.in,LFU ARC ARC,3,4 4 4,12,10000,6888,3112,0.6888,7992,2008,0.7992,1104
configs/exp4/lfu_arc_arc_2q.cfg,experiments/data/hot8_scan_c12_seed47.in,LFU ARC ARC 2Q,4,3 3 3 3,12,10000,5750,4250,0.575,7992,2008,0.7992,2242
configs/exp4/lfu_arc_arc_arc.cfg,experiments/data/hot8_scan_c12_seed47.in,LFU ARC ARC ARC,4,3 3 3 3,12,10000,5195,4805,0.5195,7992,2008,0.7992,2797
configs/exp4/lfu_arc_arc_lfu.cfg,experiments/data/hot8_scan_c12_seed47.in,LFU ARC ARC LFU,4,3 3 3 3,12,10000,5848,4152,0.5848,7992,2008,0.7992,2144
configs/exp4/lfu_arc_arc_lirs.cfg,experiments/data/hot8_scan_c12_seed47.in,LFU ARC ARC LIRS,4,3 3 3 3,12,10000,5634,4366,0.5634,7992,2008,0.7992,2358
configs/exp4/lfu_arc_arc_lru.cfg,experiments/data/hot8_scan_c12_seed47.in,LFU ARC ARC LRU,4,3 3 3 3,12,10000,5154,4846,0.5154,7992,2008,0.7992,2838
configs/exp4/lfu_arc_lfu.cfg,experiments/data/hot8_scan_c12_seed47.in,LFU ARC LFU,3,4 4 4,12,10000,7249,2751,0.7249,7992,2008,0.7992,743
configs/exp4/lfu_arc_lfu_2q.cfg,experiments/data/hot8_scan_c12_seed47.in,LFU ARC LFU 2Q,4,3 3 3 3,12,10000,6586,3414,0.6586,7992,2008,0.7992,1406
configs/exp4/lfu_arc_lfu_arc.cfg,experiments/data/hot8_scan_c12_seed47.in,LFU ARC LFU ARC,4,3 3 3 3,12,10000,6402,3598,0.6402,7992,2008,0.7992,1590
configs/exp4/lfu_arc_lfu_lfu.cfg,experiments/data/hot8_scan_c12_seed47.in,LFU ARC LFU LFU,4,3 3 3 3,12,10000,6719,3281,0.6719,7992,2008,0.7992,1273
configs/exp4/lfu_arc_lfu_lirs.cfg,experiments/data/hot8_scan_c12_seed47.in,LFU ARC LFU LIRS,4,3 3 3 3,12,10000,6564,3436,0.6564,7992,2008,0.7992,1428
configs/exp4/lfu_arc_lfu_lru.cfg,experiments/data/hot8_scan_c12_seed47.in,LFU ARC LFU LRU,4,3 3 3 3,12,10000,6010,3990,0.601,7992,2008,0.7992,1982
configs/exp4/lfu_arc_lirs.cfg,experiments/data/hot8_scan_c12_seed47.in,LFU ARC LIRS,3,4 4 4,12,10000,7050,2950,0.705,7992,2008,0.7992,942
configs/exp4/lfu_arc_lirs_2q.cfg,experiments/data/hot8_scan_c12_seed47.in,LFU ARC LIRS 2Q,4,3 3 3 3,12,10000,6017,3983,0.6017,7992,2008,0.7992,1975
configs/exp4/lfu_arc_lirs_arc.cfg,experiments/data/hot8_scan_c12_seed47.in,LFU ARC LIRS ARC,4,3 3 3 3,12,10000,5769,4231,0.5769,7992,2008,0.7992,2223
configs/exp4/lfu_arc_lirs_lfu.cfg,experiments/data/hot8_scan_c12_seed47.in,LFU ARC LIRS LFU,4,3 3 3 3,12,10000,6145,3855,0.6145,7992,2008,0.7992,1847
configs/exp4/lfu_arc_lirs_lirs.cfg,experiments/data/hot8_scan_c12_seed47.in,LFU ARC LIRS LIRS,4,3 3 3 3,12,10000,5659,4341,0.5659,7992,2008,0.7992,2333
configs/exp4/lfu_arc_lirs_lru.cfg,experiments/data/hot8_scan_c12_seed47.in,LFU ARC LIRS LRU,4,3 3 3 3,12,10000,5662,4338,0.5662,7992,2008,0.7992,2330
configs/exp4/lfu_arc_lru.cfg,experiments/data/hot8_scan_c12_seed47.in,LFU ARC LRU,3,4 4 4,12,10000,6442,3558,0.6442,7992,2008,0.7992,1550
configs/exp4/lfu_arc_lru_2q.cfg,experiments/data/hot8_scan_c12_seed47.in,LFU ARC LRU 2Q,4,3 3 3 3,12,10000,5768,4232,0.5768,7992,2008,0.7992,2224
configs/exp4/lfu_arc_lru_arc.cfg,experiments/data/hot8_scan_c12_seed47.in,LFU ARC LRU ARC,4,3 3 3 3,12,10000,5370,4630,0.537,7992,2008,0.7992,2622
configs/exp4/lfu_arc_lru_lfu.cfg,experiments/data/hot8_scan_c12_seed47.in,LFU ARC LRU LFU,4,3 3 3 3,12,10000,5710,4290,0.571,7992,2008,0.7992,2282
configs/exp4/lfu_arc_lru_lirs.cfg,experiments/data/hot8_scan_c12_seed47.in,LFU ARC LRU LIRS,4,3 3 3 3,12,10000,5625,4375,0.5625,7992,2008,0.7992,2367
configs/exp4/lfu_arc_lru_lru.cfg,experiments/data/hot8_scan_c12_seed47.in,LFU ARC LRU LRU,4,3 3 3 3,12,10000,4756,5244,0.4756,7992,2008,0.7992,3236
configs/exp4/lfu_lfu_2q.cfg,experiments/data/hot8_scan_c12_seed47.in,LFU LFU 2Q,3,4 4 4,12,10000,7982,2018,0.7982,7992,2008,0.7992,10
configs/exp4/lfu_lfu_2q_2q.cfg,experiments/data/hot8_scan_c12_seed47.in,LFU LFU 2Q 2Q,4,3 3 3 3,12,10000,6970,3030,0.697,7992,2008,0.7992,1022
configs/exp4/lfu_lfu_2q_arc.cfg,experiments/data/hot8_scan_c12_seed47.in,LFU LFU 2Q ARC,4,3 3 3 3,12,10000,7293,2707,0.7293,7992,2008,0.7992,699
configs/exp4/lfu_lfu_2q_lfu.cfg,experiments/data/hot8_scan_c12_seed47.in,LFU LFU 2Q LFU,4,3 3 3 3,12,10000,7172,2828,0.7172,7992,2008,0.7992,820
configs/exp4/lfu_lfu_2q_lirs.cfg,experiments/data/hot8_scan_c12_seed47.in,LFU LFU 2Q LIRS,4,3 3 3 3,12,10000,7299,2701,0.7299,7992,2008,0.7992,693
configs/exp4/lfu_lfu_2q_lru.cfg,experiments/data/hot8_scan_c12_seed47.in,LFU LFU 2Q LRU,4,3 3 3 3,12,10000,6953,3047,0.6953,7992,2008,0.7992,1039
configs/exp4/lfu_lfu_arc.cfg,experiments/data/hot8_scan_c12_seed47.in,LFU LFU ARC,3,4 4 4,12,10000,7980,2020,0.798,7992,2008,0.7992,12
configs/exp4/lfu_lfu_arc_2q.cfg,experiments/data/hot8_scan_c12_seed47.in,LFU LFU ARC 2Q,4,3 3 3 3,12,10000,6929,3071,0.6929,7992,2008,0.7992,1063
configs/exp4/lfu_lfu_arc_arc.cfg,experiments/data/hot8_scan_c12_seed47.in,LFU LFU ARC ARC,4,3 3 3 3,12,10000,6627,3373,0.6627,7992,2008,0.7992,1365
configs/exp4/lfu_lfu_arc_lfu.cfg,experiments/data/hot8_scan_c12_seed47.in,LFU LFU ARC LFU,4,3 3 3 3,12,10000,7024,2976,0.7024,7992,2008,0.7992,968
configs/exp4/lfu_lfu_arc_lirs.cfg,experiments/data/hot8_scan_c12_seed47.in,LFU LFU ARC LIRS,4,3 3 3 3,12,10000,6869,3131,0.6869,7992,2008,0.7992,1123
configs/exp4/lfu_lfu_arc_lru.cfg,experiments/data/hot8_scan_c12_seed47.in,LFU LFU ARC LRU,4,3 3 3 3,12,10000,6381,3619,0.6381,7992,2008,0.7992,1611
configs/exp4/lfu_lfu_lfu_2q.cfg,experiments/data/hot8_scan_c12_seed47.in,LFU LFU LFU 2Q,4,3 3 3 3,12,10000,7976,2024,0.7976,7992,2008,0.7992,16
configs/exp4/lfu_lfu_lfu_arc.cfg,experiments/data/hot8_scan_c12_seed47.in,LFU LFU LFU ARC,4,3 3 3 3,12,10000,7978,2022,0.7978,7992,2008,0.7992,14
configs/exp4/lfu_lfu_lfu_lirs.cfg,experiments/data/hot8_scan_c12_seed47.in,LFU LFU LFU LIRS,4,3 3 3 3,12,10000,7982,2018,0.7982,7992,2008,0.7992,10
configs/exp4/lfu_lfu_lfu_lru.cfg,experiments/data/hot8_scan_c12_seed47.in,LFU LFU LFU LRU,4,3 3 3 3,12,10000,7155,2845,0.7155,7992,2008,0.7992,837
configs/exp4/lfu_lfu_lirs.cfg,experiments/data/hot8_scan_c12_seed47.in,LFU LFU LIRS,3,4 4 4,12,10000,7983,2017,0.7983,7992,2008,0.7992,9
configs/exp4/lfu_lfu_lirs_2q.cfg,experiments/data/hot8_scan_c12_seed47.in,LFU LFU LIRS 2Q,4,3 3 3 3,12,10000,6913,3087,0.6913,7992,2008,0.7992,1079
configs/exp4/lfu_lfu_lirs_arc.cfg,experiments/data/hot8_scan_c12_seed47.in,LFU LFU LIRS ARC,4,3 3 3 3,12,10000,6958,3042,0.6958,7992,2008,0.7992,1034
configs/exp4/lfu_lfu_lirs_lfu.cfg,experiments/data/hot8_scan_c12_seed47.in,LFU LFU LIRS LFU,4,3 3 3 3,12,10000,7114,2886,0.7114,7992,2008,0.7992,878
configs/exp4/lfu_lfu_lirs_lirs.cfg,experiments/data/hot8_scan_c12_seed47.in,LFU LFU LIRS LIRS,4,3 3 3 3,12,10000,6916,3084,0.6916,7992,2008,0.7992,1076
configs/exp4/lfu_lfu_lirs_lru.cfg,experiments/data/hot8_scan_c12_seed47.in,LFU LFU LIRS LRU,4,3 3 3 3,12,10000,6801,3199,0.6801,7992,2008,0.7992,1191
configs/exp4/lfu_lfu_lru.cfg,experiments/data/hot8_scan_c12_seed47.in,LFU LFU LRU,3,4 4 4,12,10000,7448,2552,0.7448,7992,2008,0.7992,544
configs/exp4/lfu_lfu_lru_2q.cfg,experiments/data/hot8_scan_c12_seed47.in,LFU LFU LRU 2Q,4,3 3 3 3,12,10000,6803,3197,0.6803,7992,2008,0.7992,1189
configs/exp4/lfu_lfu_lru_arc.cfg,experiments/data/hot8_scan_c12_seed47.in,LFU LFU LRU ARC,4,3 3 3 3,12,10000,6413,3587,0.6413,7992,2008,0.7992,1579
configs/exp4/lfu_lfu_lru_lfu.cfg,experiments/data/hot8_scan_c12_seed47.in,LFU LFU LRU LFU,4,3 3 3 3,12,10000,6729,3271,0.6729,7992,2008,0.7992,1263
configs/exp4/lfu_lfu_lru_lirs.cfg,experiments/data/hot8_scan_c12_seed47.in,LFU LFU LRU LIRS,4,3 3 3 3,12,10000,6728,3272,0.6728,7992,2008,0.7992,1264
configs/exp4/lfu_lfu_lru_lru.cfg,experiments/data/hot8_scan_c12_seed47.in,LFU LFU LRU LRU,4,3 3 3 3,12,10000,5766,4234,0.5766,7992,2008,0.7992,2226
configs/exp4/lfu_lirs.cfg,experiments/data/hot8_scan_c12_seed47.in,LFU LIRS,2,6 6,12,10000,7986,2014,0.7986,7992,2008,0.7992,6
configs/exp4/lfu_lirs_2q.cfg,experiments/data/hot8_scan_c12_seed47.in,LFU LIRS 2Q,3,4 4 4,12,10000,7066,2934,0.7066,7992,2008,0.7992,926
configs/exp4/lfu_lirs_2q_2q.cfg,experiments/data/hot8_scan_c12_seed47.in,LFU LIRS 2Q 2Q,4,3 3 3 3,12,10000,5894,4106,0.5894,7992,2008,0.7992,2098
configs/exp4/lfu_lirs_2q_arc.cfg,experiments/data/hot8_scan_c12_seed47.in,LFU LIRS 2Q ARC,4,3 3 3 3,12,10000,6118,3882,0.6118,7992,2008,0.7992,1874
configs/exp4/lfu_lirs_2q_lfu.cfg,experiments/data/hot8_scan_c12_seed47.in,LFU LIRS 2Q LFU,4,3 3 3 3,12,10000,6256,3744,0.6256,7992,2008,0.7992,1736
configs/exp4/lfu_lirs_2q_lirs.cfg,experiments/data/hot8_scan_c12_seed47.in,LFU LIRS 2Q LIRS,4,3 3 3 3,12,10000,6133,3867,0.6133,7992,2008,0.7992,1859
configs/exp4/lfu_lirs_2q_lru.cfg,experiments/data/hot8_scan_c12_seed47.in,LFU LIRS 2Q LRU,4,3 3 3 3,12,10000,6120,3880,0.612,7992,2008,0.7992,1872
configs/exp4/lfu_lirs_arc.cfg,experiments/data/hot8_scan_c12_seed47.in,LFU LIRS ARC,3,4 4 4,12,10000,7195,2805,0.7195,7992,2008,0.7992,797
configs/exp4/lfu_lirs_arc_2q.cfg,experiments/data/hot8_scan_c12_seed47.in,LFU LIRS ARC 2Q,4,3 3 3 3,12,10000,6026,3974,0.6026,7992,2008,0.7992,1966
configs/exp4/lfu_lirs_arc_arc.cfg,experiments/data/hot8_scan_c12_seed47.in,LFU LIRS ARC ARC,4,3 3 3 3,12,10000,5679,4321,0.5679,7992,2008,0.7992,2313
configs/exp4/lfu_lirs_arc_lfu.cfg,experiments/data/hot8_scan_c12_seed47.in,LFU LIRS ARC LFU,4,3 3 3 3,12,10000,6166,3834,0.6166,7992,2008,0.7992,1826
configs/exp4/lfu_lirs_arc_lirs.cfg,experiments/data/hot8_scan_c12_seed47.in,LFU LIRS ARC LIRS,4,3 3 3 3,12,10000,5902,4098,0.5902,7992,2008,0.7992,2090
configs/exp4/lfu_lirs_arc_lru.cfg,experiments/data/hot8_scan_c12_seed47.in,LFU LIRS ARC LRU,4,3 3 3 3,12,10000,5631,4369,0.5631,7992,2008,0.7992,2361
configs/exp4/lfu_lirs_lfu.cfg,experiments/data/hot8_scan_c12_seed47.in,LFU LIRS LFU,3,4 4 4,12,10000,7276,2724,0.7276,7992,2008,0.7992,716
configs/exp4/lfu_lirs_lfu_2q.cfg,experiments/data/hot8_scan_c12_seed47.in,LFU LIRS LFU 2Q,4,3 3 3 3,12,10000,6632,3368,0.6632,7992,2008,0.7992,1360
configs/exp4/lfu_lirs_lfu_arc.cfg,experiments/data/hot8_scan_c12_seed47.in,LFU LIRS LFU ARC,4,3 3 3 3,12,10000,6601,3399,0.6601,7992,2008,0.7992,1391
configs/exp4/lfu_lirs_lfu_lfu.cfg,experiments/data/hot8_scan_c12_seed47.in,LFU LIRS LFU LFU,4,3 3 3 3,12,10000,6841,3159,0.6841,7992,2008,0.7992,1151
configs/exp4/lfu_lirs_lfu_lirs.cfg,experiments/data/hot8_scan_c12_seed47.in,LFU LIRS LFU LIRS,4,3 3 3 3,12,10000,6583,3417,0.6583,7992,2008,0.7992,1409
configs/exp4/lfu_lirs_lfu_lru.cfg,experiments/data/hot8_scan_c12_seed47.in,LFU LIRS LFU LRU,4,3 3 3 3,12,10000,6361,3639,0.6361,7992,2008,0.7992,1631
configs/exp4/lfu_lirs_lirs.cfg,experiments/data/hot8_scan_c12_seed47.in,LFU LIRS LIRS,3,4 4 4,12,10000,7123,2877,0.7123,7992,2008,0.7992,869
configs/exp4/lfu_lirs_lirs_2q.cfg,experiments/data/hot8_scan_c12_seed47.in,LFU LIRS LIRS 2Q,4,3 3 3 3,12,10000,5884,4116,0.5884,7992,2008,0.7992,2108
configs/exp4/lfu_lirs_lirs_arc.cfg,experiments/data/hot8_scan_c12_seed47.in,LFU LIRS LIRS ARC,4,3 3 3 3,12,10000,5727,4273,0.5727,7992,2008,0.7992,2265
configs/exp4/lfu_lirs_lirs_lfu.cfg,experiments/data/hot8_scan_c12_seed47.in,LFU LIRS LIRS LFU,4,3 3 3 3,12,10000,6123,3877,0.6123,7992,2008,0.7992,1869
configs/exp4/lfu_lirs_lirs_lirs.cfg,experiments/data/hot8_scan_c12_seed47.in,LFU LIRS LIRS LIRS,4,3 3 3 3,12,10000,5463,4537,0.5463,7992,2008,0.7992,2529
configs/exp4/lfu_lirs_lirs_lru.cfg,experiments/data/hot8_scan_c12_seed47.in,LFU LIRS LIRS LRU,4,3 3 3 3,12,10000,5807,4193,0.5807,7992,2008,0.7992,2185
configs/exp4/lfu_lirs_lru.cfg,experiments/data/hot8_scan_c12_seed47.in,LFU LIRS LRU,3,4 4 4,12,10000,6931,3069,0.6931,7992,2008,0.7992,1061
configs/exp4/lfu_lirs_lru_2q.cfg,experiments/data/hot8_scan_c12_seed47.in,LFU LIRS LRU 2Q,4,3 3 3 3,12,10000,6181,3819,0.6181,7992,2008,0.7992,1811
configs/exp4/lfu_lirs_lru_arc.cfg,experiments/data/hot8_scan_c12_seed47.in,LFU LIRS LRU ARC,4,3 3 3 3,12,10000,5921,4079,0.5921,7992,2008,0.7992,2071
configs/exp4/lfu_lirs_lru_lfu.cfg,experiments/data/hot8_scan_c12_seed47.in,LFU LIRS LRU LFU,4,3 3 3 3,12,10000,6173,3827,0.6173,7992,2008,0.7992,1819
configs/exp4/lfu_lirs_lru_lirs.cfg,experiments/data/hot8_scan_c12_seed47.in,LFU LIRS LRU LIRS,4,3 3 3 3,12,10000,6017,3983,0.6017,7992,2008,0.7992,1975
configs/exp4/lfu_lirs_lru_lru.cfg,experiments/data/hot8_scan_c12_seed47.in,LFU LIRS LRU LRU,4,3 3 3 3,12,10000,5332,4668,0.5332,7992,2008,0.7992,2660
configs/exp4/lfu_lru.cfg,experiments/data/hot8_scan_c12_seed47.in,LFU LRU,2,6 6,12,10000,7537,2463,0.7537,7992,2008,0.7992,455
configs/exp4/lfu_lru_2q.cfg,experiments/data/hot8_scan_c12_seed47.in,LFU LRU 2Q,3,4 4 4,12,10000,6907,3093,0.6907,7992,2008,0.7992,1085
configs/exp4/lfu_lru_2q_2q.cfg,experiments/data/hot8_scan_c12_seed47.in,LFU LRU 2Q 2Q,4,3 3 3 3,12,10000,6174,3826,0.6174,7992,2008,0.7992,1818
configs/exp4/lfu_lru_2q_arc.cfg,experiments/data/hot8_scan_c12_seed47.in,LFU LRU 2Q ARC,4,3 3 3 3,12,10000,6206,3794,0.6206,7992,2008,0.7992,1786
configs/exp4/lfu_lru_2q_lfu.cfg,experiments/data/hot8_scan_c12_seed47.in,LFU LRU 2Q LFU,4,3 3 3 3,12,10000,6066,3934,0.6066,7992,2008,0.7992,1926
configs/exp4/lfu_lru_2q_lirs.cfg,experiments/data/hot8_scan_c12_seed47.in,LFU LRU 2Q LIRS,4,3 3 3 3,12,10000,6498,3502,0.6498,7992,2008,0.7992,1494
configs/exp4/lfu_lru_2q_lru.cfg,experiments/data/hot8_scan_c12_seed47.in,LFU LRU 2Q LRU,4,3 3 3 3,12,10000,5651,4349,0.5651,7992,2008,0.7992,2341
configs/exp4/lfu_lru_arc.cfg,experiments/data/hot8_scan_c12_seed47.in,LFU LRU ARC,3,4 4 4,12,10000,6514,3486,0.6514,7992,2008,0.7992,1478
configs/exp4/lfu_lru_arc_2q.cfg,experiments/data/hot8_scan_c12_seed47.in,LFU LRU ARC 2Q,4,3 3 3 3,12,10000,5764,4236,0.5764,7992,2008,0.7992,2228
configs/exp4/lfu_lru_arc_arc.cfg,experiments/data/hot8_scan_c12_seed47.in,LFU LRU ARC ARC,4,3 3 3 3,12,10000,5275,4725,0.5275,7992,2008,0.7992,2717
configs/exp4/lfu_lru_arc_lfu.cfg,experiments/data/hot8_scan_c12_seed47.in,LFU LRU ARC LFU,4,3 3 3 3,12,10000,5816,4184,0.5816,7992,2008,0.7992,2176
configs/exp4/lfu_lru_arc_lirs.cfg,experiments/data/hot8_scan_c12_seed47.in,LFU LRU ARC LIRS,4,3 3 3 3,12,10000,5701,4299,0.5701,7992,2008,0.7992,2291
configs/exp4/lfu_lru_arc_lru.cfg,experiments/data/hot8_scan_c12_seed47.in,LFU LRU ARC LRU,4,3 3 3 3,12,10000,4980,5020,0.498,7992,2008,0.7992,3012
configs/exp4/lfu_lru_lfu.cfg,experiments/data/hot8_scan_c12_seed47.in,LFU LRU LFU,3,4 4 4,12,10000,6862,3138,0.6862,7992,2008,0.7992,1130
configs/exp4/lfu_lru_lfu_2q.cfg,experiments/data/hot8_scan_c12_seed47.in,LFU LRU LFU 2Q,4,3 3 3 3,12,10000,6590,3410,0.659,7992,2008,0.7992,1402
configs/exp4/lfu_lru_lfu_arc.cfg,experiments/data/hot8_scan_c12_seed47.in,LFU LRU LFU ARC,4,3 3 3 3,12,10000,6270,3730,0.627,7992,2008,0.7992,1722
configs/exp4/lfu_lru_lfu_lfu.cfg,experiments/data/hot8_scan_c12_seed47.in,LFU LRU LFU LFU,4,3 3 3 3,12,10000,6584,3416,0.6584,7992,2008,0.7992,1408
configs/exp4/lfu_lru_lfu_lirs.cfg,experiments/data/hot8_scan_c12_seed47.in,LFU LRU LFU LIRS,4,3 3 3 3,12,10000,6528,3472,0.6528,7992,2008,0.7992,1464
configs/exp4/lfu_lru_lfu_lru.cfg,experiments/data/hot8_scan_c12_seed47.in,LFU LRU LFU LRU,4,3 3 3 3,12,10000,5650,4350,0.565,7992,2008,0.7992,2342
configs/exp4/lfu_lru_lirs.cfg,experiments/data/hot8_scan_c12_seed47.in,LFU LRU LIRS,3,4 4 4,12,10000,6849,3151,0.6849,7992,2008,0.7992,1143
configs/exp4/lfu_lru_lirs_2q.cfg,experiments/data/hot8_scan_c12_seed47.in,LFU LRU LIRS 2Q,4,3 3 3 3,12,10000,6000,4000,0.6,7992,2008,0.7992,1992
configs/exp4/lfu_lru_lirs_arc.cfg,experiments/data/hot8_scan_c12_seed47.in,LFU LRU LIRS ARC,4,3 3 3 3,12,10000,5778,4222,0.5778,7992,2008,0.7992,2214
configs/exp4/lfu_lru_lirs_lfu.cfg,experiments/data/hot8_scan_c12_seed47.in,LFU LRU LIRS LFU,4,3 3 3 3,12,10000,6090,3910,0.609,7992,2008,0.7992,1902
configs/exp4/lfu_lru_lirs_lirs.cfg,experiments/data/hot8_scan_c12_seed47.in,LFU LRU LIRS LIRS,4,3 3 3 3,12,10000,5805,4195,0.5805,7992,2008,0.7992,2187
configs/exp4/lfu_lru_lirs_lru.cfg,experiments/data/hot8_scan_c12_seed47.in,LFU LRU LIRS LRU,4,3 3 3 3,12,10000,5427,4573,0.5427,7992,2008,0.7992,2565
configs/exp4/lfu_lru_lru.cfg,experiments/data/hot8_scan_c12_seed47.in,LFU LRU LRU,3,4 4 4,12,10000,5653,4347,0.5653,7992,2008,0.7992,2339
configs/exp4/lfu_lru_lru_2q.cfg,experiments/data/hot8_scan_c12_seed47.in,LFU LRU LRU 2Q,4,3 3 3 3,12,10000,5338,4662,0.5338,7992,2008,0.7992,2654
configs/exp4/lfu_lru_lru_arc.cfg,experiments/data/hot8_scan_c12_seed47.in,LFU LRU LRU ARC,4,3 3 3 3,12,10000,4863,5137,0.4863,7992,2008,0.7992,3129
configs/exp4/lfu_lru_lru_lfu.cfg,experiments/data/hot8_scan_c12_seed47.in,LFU LRU LRU LFU,4,3 3 3 3,12,10000,5265,4735,0.5265,7992,2008,0.7992,2727
configs/exp4/lfu_lru_lru_lirs.cfg,experiments/data/hot8_scan_c12_seed47.in,LFU LRU LRU LIRS,4,3 3 3 3,12,10000,5206,4794,0.5206,7992,2008,0.7992,2786
configs/exp4/lfu_lru_lru_lru.cfg,experiments/data/hot8_scan_c12_seed47.in,LFU LRU LRU LRU,4,3 3 3 3,12,10000,4083,5917,0.4083,7992,2008,0.7992,3909
configs/exp4/lirs_2q.cfg,experiments/data/hot8_scan_c12_seed47.in,LIRS 2Q,2,6 6,12,10000,6716,3284,0.6716,7992,2008,0.7992,1276
configs/exp4/lirs_2q_2q.cfg,experiments/data/hot8_scan_c12_seed47.in,LIRS 2Q 2Q,3,4 4 4,12,10000,5437,4563,0.5437,7992,2008,0.7992,2555
configs/exp4/lirs_2q_2q_2q.cfg,experiments/data/hot8_scan_c12_seed47.in,LIRS 2Q 2Q 2Q,4,3 3 3 3,12,10000,4627,5373,0.4627,7992,2008,0.7992,3365
configs/exp4/lirs_2q_2q_arc.cfg,experiments/data/hot8_scan_c12_seed47.in,LIRS 2Q 2Q ARC,4,3 3 3 3,12,10000,5089,4911,0.5089,7992,2008,0.7992,2903
configs/exp4/lirs_2q_2q_lfu.cfg,experiments/data/hot8_scan_c12_seed47.in,LIRS 2Q 2Q LFU,4,3 3 3 3,12,10000,5300,4700,0.53,7992,2008,0.7992,2692
configs/exp4/lirs_2q_2q_lirs.cfg,experiments/data/hot8_scan_c12_seed47.in,LIRS 2Q 2Q LIRS,4,3 3 3 3,12,10000,5164,4836,0.5164,7992,2008,0.7992,2828
configs/exp4/lirs_2q_2q_lru.cfg,experiments/data/hot8_scan_c12_seed47.in,LIRS 2Q 2Q LRU,4,3 3 3 3,12,10000,5079,4921,0.5079,7992,2008,0.7992,2913
configs/exp4/lirs_2q_arc.cfg,experiments/data/hot8_scan_c12_seed47.in,LIRS 2Q ARC,3,4 4 4,12,10000,5713,4287,0.5713,7992,2008,0.7992,2279
configs/exp4/lirs_2q_arc_2q.cfg,experiments/data/hot8_scan_c12_seed47.in,LIRS 2Q ARC 2Q,4,3 3 3 3,12,10000,5352,4648,0.5352,7992,2008,0.7992,2640
configs/exp4/lirs_2q_arc_arc.cfg,experiments/data/hot8_scan_c12_seed47.in,LIRS 2Q ARC ARC,4,3 3 3 3,12,10000,5058,4942,0.5058,7992,2008,0.7992,2934
configs/exp4/lirs_2q_arc_lfu.cfg,experiments/data/hot8_scan_c12_seed47.in,LIRS 2Q ARC LFU,4,3 3 3 3,12,10000,5434,4566,0.5434,7992,2008,0.7992,2558
configs/exp4/lirs_2q_arc_lirs.cfg,experiments/data/hot8_scan_c12_seed47.in,LIRS 2Q ARC LIRS,4,3 3 3 3,12,10000,5320,4680,0.532,7992,2008,0.7992,2672
configs/exp4/lirs_2q_arc_lru.cfg,experiments/data/hot8_scan_c12_seed47.in,LIRS 2Q ARC LRU,4,3 3 3 3,12,10000,4969,5031,0.4969,7992,2008,0.7992,3023
configs/exp4/lirs_2q_lfu.cfg,experiments/data/hot8_scan_c12_seed47.in,LIRS 2Q LFU,3,4 4 4,12,10000,5991,4009,0.5991,7992,2008,0.7992,2001
configs/exp4/lirs_2q_lfu_2q.cfg,experiments/data/hot8_scan_c12_seed47.in,LIRS 2Q LFU 2Q,4,3 3 3 3,12,10000,5628,4372,0.5628,7992,2008,0.7992,2364
configs/exp4/lirs_2q_lfu_arc.cfg,experiments/data/hot8_scan_c12_seed47.in,LIRS 2Q LFU ARC,4,3 3 3 3,12,10000,5690,4310,0.569,7992,2008,0.7992,2302
configs/exp4/lirs_2q_lfu_lfu.cfg,experiments/data/hot8_scan_c12_seed47.in,LIRS 2Q LFU LFU,4,3 3 3 3,12,10000,5918,4082,0.5918,7992,2008,0.7992,2074
configs/exp4/lirs_2q_lfu_lirs.cfg,experiments/data/hot8_scan_c12_seed47.in,LIRS 2Q LFU LIRS,4,3 3 3 3,12,10000,5772,4228,0.5772,7992,2008,0.7992,2220
configs/exp4/lirs_2q_lfu_lru.cfg,experiments/data/hot8_scan_c12_seed47.in,LIRS 2Q LFU LRU,4,3 3 3 3,12,10000,5584,4416,0.5584,7992,2008,0.7992,2408
configs/exp4/lirs_2q_lirs.cfg,experiments/data/hot8_scan_c12_seed47.in,LIRS 2Q LIRS,3,4 4 4,12,10000,5718,4282,0.5718,7992,2008,0.7992,2274
configs/exp4/lirs_2q_lirs_2q.cfg,experiments/data/hot8_scan_c12_seed47.in,LIRS 2Q LIRS 2Q,4,3 3 3 3,12,10000,5198,4802,0.5198,7992,2008,0.7992,2794
configs/exp4/lirs_2q_lirs_arc.cfg,experiments/data/hot8_scan_c12_seed47.in,LIRS 2Q LIRS ARC,4,3 3 3 3,12,10000,5213,4787,0.5213,7992,2008,0.7992,2779
configs/exp4/lirs_2q_lirs_lfu.cfg,experiments/data/hot8_scan_c12_seed47.in,LIRS 2Q LIRS LFU,4,3 3 3 3,12,10000,5452,4548,0.5452,7992,2008,0.7992,2540
configs/exp4/lirs_2q_lirs_lirs.cfg,experiments/data/hot8_scan_c12_seed47.in,LIRS 2Q LIRS LIRS,4,3 3 3 3,12,10000,4960,5040,0.496,7992,2008,0.7992,3032
configs/exp4/lirs_2q_lirs_lru.cfg,experiments/data/hot8_scan_c12_seed47.in,LIRS 2Q LIRS LRU,4,3 3 3 3,12,10000,5253,4747,0.5253,7992,2008,0.7992,2739
configs/exp4/lirs_2q_lru.cfg,experiments/data/hot8_scan_c12_seed47.in,LIRS 2Q LRU,3,4 4 4,12,10000,5705,4295,0.5705,7992,2008,0.7992,2287
configs/exp4/lirs_2q_lru_2q.cfg,experiments/data/hot8_scan_c12_seed47.in,LIRS 2Q LRU 2Q,4,3 3 3 3,12,10000,5444,4556,0.5444,7992,2008,0.7992,2548
configs/exp4/lirs_2q_lru_arc.cfg,experiments/data/hot8_scan_c12_seed47.in,LIRS 2Q LRU ARC,4,3 3 3 3,12,10000,5267,4733,0.5267,7992,2008,0.7992,2725
configs/exp4/lirs_2q_lru_lfu.cfg,experiments/data/hot8_scan_c12_seed47.in,LIRS 2Q LRU LFU,4,3 3 3 3,12,10000,5266,4734,0.5266,7992,2008,0.7992,2726
configs/exp4/lirs_2q_lru_lirs.cfg,experiments/data/hot8_scan_c12_seed47.in,LIRS 2Q LRU LIRS,4,3 3 3 3,12,10000,5418,4582,0.5418,7992,2008,0.7992,2574
configs/exp4/lirs_2q_lru_lru.cfg,experiments/data/hot8_scan_c12_seed47.in,LIRS 2Q LRU LRU,4,3 3 3 3,12,10000,4635,5365,0.4635,7992,2008,0.7992,3357
configs/exp4/lirs_arc.cfg,experiments/data/hot8_scan_c12_seed47.in,LIRS ARC,2,6 6,12,10000,6778,3222,0.6778,7992,2008,0.7992,1214
configs/exp4/lirs_arc_2q.cfg,experiments/data/hot8_scan_c12_seed47.in,LIRS ARC 2Q,3,4 4 4,12,10000,5645,4355,0.5645,7992,2008,0.7992,2347
configs/exp4/lirs_arc_2q_2q.cfg,experiments/data/hot8_scan_c12_seed47.in,LIRS ARC 2Q 2Q,4,3 3 3 3,12,10000,5076,4924,0.5076,7992,2008,0.7992,2916
configs/exp4/lirs_arc_2q_arc.cfg,experiments/data/hot8_scan_c12_seed47.in,LIRS ARC 2Q ARC,4,3 3 3 3,12,10000,5118,4882,0.5118,7992,2008,0.7992,2874
configs/exp4/lirs_arc_2q_lfu.cfg,experiments/data/hot8_scan_c12_seed47.in,LIRS ARC 2Q LFU,4,3 3 3 3,12,10000,5313,4687,0.5313,7992,2008,0.7992,2679
configs/exp4/lirs_arc_2q_lirs.cfg,experiments/data/hot8_scan_c12_seed47.in,LIRS ARC 2Q LIRS,4,3 3 3 3,12,10000,5263,4737,0.5263,7992,2008,0.7992,2729
configs/exp4/lirs_arc_2q_lru.cfg,experiments/data/hot8_scan_c12_seed47.in,LIRS ARC 2Q LRU,4,3 3 3 3,12,10000,4967,5033,0.4967,7992,2008,0.7992,3025
configs/exp4/lirs_arc_arc.cfg,experiments/data/hot8_scan_c12_seed47.in,LIRS ARC ARC,3,4 4 4,12,10000,5237,4763,0.5237,7992,2008,0.7992,2755
configs/exp4/lirs_arc_arc_2q.cfg,experiments/data/hot8_scan_c12_seed47.in,LIRS ARC ARC 2Q,4,3 3 3 3,12,10000,4913,5087,0.4913,7992,2008,0.7992,3079
configs/exp4/lirs_arc_arc_arc.cfg,experiments/data/hot8_scan_c12_seed47.in,LIRS ARC ARC ARC,4,3 3 3 3,12,10000,4414,5586,0.4414,7992,2008,0.7992,3578
configs/exp4/lirs_arc_arc_lfu.cfg,experiments/data/hot8_scan_c12_seed47.in,LIRS ARC ARC LFU,4,3 3 3 3,12,10000,5019,4981,0.5019,7992,2008,0.7992,2973
configs/exp4/lirs_arc_arc_lirs.cfg,experiments/data/hot8_scan_c12_seed47.in,LIRS ARC ARC LIRS,4,3 3 3 3,12,10000,4762,5238,0.4762,7992,2008,0.7992,3230
configs/exp4/lirs_arc_arc_lru.cfg,experiments/data/hot8_scan_c12_seed47.in,LIRS ARC ARC LRU,4,3 3 3 3,12,10000,4373,5627,0.4373,7992,2008,0.7992,3619
configs/exp4/lirs_arc_lfu.cfg,experiments/data/hot8_scan_c12_seed47.in,LIRS ARC LFU,3,4 4 4,12,10000,5909,4091,0.5909,7992,2008,0.7992,2083
configs/exp4/lirs_arc_lfu_2q.cfg,experiments/data/hot8_scan_c12_seed47.in,LIRS ARC LFU 2Q,4,3 3 3 3,12,10000,5650,4350,0.565,7992,2008,0.7992,2342
configs/exp4/lirs_arc_lfu_arc.cfg,experiments/data/hot8_scan_c12_seed47.in,LIRS ARC LFU ARC,4,3 3 3 3,12,10000,5316,4684,0.5316,7992,2008,0.7992,2676
configs/exp4/lirs_arc_lfu_lfu.cfg,experiments/data/hot8_scan_c12_seed47.in,LIRS ARC LFU LFU,4,3 3 3 3,12,10000,5768,4232,0.5768,7992,2008,0.7992,2224
configs/exp4/lirs_arc_lfu_lirs.cfg,experiments/data/hot8_scan_c12_seed47.in,LIRS ARC LFU LIRS,4,3 3 3 3,12,10000,5540,4460,0.554,7992,2008,0.7992,2452
configs/exp4/lirs_arc_lfu_lru.cfg,experiments/data/hot8_scan_c12_seed47.in,LIRS ARC LFU LRU,4,3 3 3 3,12,10000,5101,4899,0.5101,7992,2008,0.7992,2891
configs/exp4/lirs_arc_lirs.cfg,experiments/data/hot8_scan_c12_seed47.in,LIRS ARC LIRS,3,4 4 4,12,10000,5509,4491,0.5509,7992,2008,0.7992,2483
configs/exp4/lirs_arc_lirs_2q.cfg,experiments/data/hot8_scan_c12_seed47.in,LIRS ARC LIRS 2Q,4,3 3 3 3,12,10000,5080,4920,0.508,7992,2008,0.7992,2912
configs/exp4/lirs_arc_lirs_arc.cfg,experiments/data/hot8_scan_c12_seed47.in,LIRS ARC LIRS ARC,4,3 3 3 3,12,10000,4779,5221,0.4779,7992,2008,0.7992,3213
configs/exp4/lirs_arc_lirs_lfu.cfg,experiments/data/hot8_scan_c12_seed47.in,LIRS ARC LIRS LFU,4,3 3 3 3,12,10000,5212,4788,0.5212,7992,2008,0.7992,2780
configs/exp4/lirs_arc_lirs_lirs.cfg,experiments/data/hot8_scan_c12_seed47.in,LIRS ARC LIRS LIRS,4,3 3 3 3,12,10000,4633,5367,0.4633,7992,2008,0.7992,3359
configs/exp4/lirs_arc_lirs_lru.cfg,experiments/data/hot8_scan_c12_seed47.in,LIRS ARC LIRS LRU,4,3 3 3 3,12,10000,4667,5333,0.4667,7992,2008,0.7992,3325
configs/exp4/lirs_arc_lru.cfg,experiments/data/hot8_scan_c12_seed47.in,LIRS ARC LRU,3,4 4 4,12,10000,5136,4864,0.5136,7992,2008,0.7992,2856
configs/exp4/lirs_arc_lru_2q.cfg,experiments/data/hot8_scan_c12_seed47.in,LIRS ARC LRU 2Q,4,3 3 3 3,12,10000,4915,5085,0.4915,7992,2008,0.7992,3077
configs/exp4/lirs_arc_lru_arc.cfg,experiments/data/hot8_scan_c12_seed47.in,LIRS ARC LRU ARC,4,3 3 3 3,12,10000,4598,5402,0.4598,7992,2008,0.7992,3394
configs/exp4/lirs_arc_lru_lfu.cfg,experiments/data/hot8_scan_c12_seed47.in,LIRS ARC LRU LFU,4,3 3 3 3,12,10000,4918,5082,0.4918,7992,2008,0.7992,3074
configs/exp4/lirs_arc_lru_lirs.cfg,experiments/data/hot8_scan_c12_seed47.in,LIRS ARC LRU LIRS,4,3 3 3 3,12,10000,4726,5274,0.4726,7992,2008,0.7992,3266
configs/exp4/lirs_arc_lru_lru.cfg,experiments/data/hot8_scan_c12_seed47.in,LIRS ARC LRU LRU,4,3 3 3 3,12,10000,3988,6012,0.3988,7992,2008,0.7992,4004
configs/exp4/lirs_lfu.cfg,experiments/data/hot8_scan_c12_seed47.in,LIRS LFU,2,6 6,12,10000,7047,2953,0.7047,7992,2008,0.7992,945
configs/exp4/lirs_lfu_2q.cfg,experiments/data/hot8_scan_c12_seed47.in,LIRS LFU 2Q,3,4 4 4,12,10000,6687,3313,0.6687,7992,2008,0.7992,1305
configs/exp4/lirs_lfu_2q_2q.cfg,experiments/data/hot8_scan_c12_seed47.in,LIRS LFU 2Q 2Q,4,3 3 3 3,12,10000,5707,4293,0.5707,7992,2008,0.7992,2285
configs/exp4/lirs_lfu_2q_arc.cfg,experiments/data/hot8_scan_c12_seed47.in,LIRS LFU 2Q ARC,4,3 3 3 3,12,10000,5965,4035,0.5965,7992,2008,0.7992,2027
configs/exp4/lirs_lfu_2q_lfu.cfg,experiments/data/hot8_scan_c12_seed47.in,LIRS LFU 2Q LFU,4,3 3 3 3,12,10000,6106,3894,0.6106,7992,2008,0.7992,1886
configs/exp4/lirs_lfu_2q_lirs.cfg,experiments/data/hot8_scan_c12_seed47.in,LIRS LFU 2Q LIRS,4,3 3 3 3,12,10000,6080,3920,0.608,7992,2008,0.7992,1912
configs/exp4/lirs_lfu_2q_lru.cfg,experiments/data/hot8_scan_c12_seed47.in,LIRS LFU 2Q LRU,4,3 3 3 3,12,10000,5859,4141,0.5859,7992,2008,0.7992,2133
configs/exp4/lirs_lfu_arc.cfg,experiments/data/hot8_scan_c12_seed47.in,LIRS LFU ARC,3,4 4 4,12,10000,6628,3372,0.6628,7992,2008,0.7992,1364
configs/exp4/lirs_lfu_arc_2q.cfg,experiments/data/hot8_scan_c12_seed47.in,LIRS LFU ARC 2Q,4,3 3 3 3,12,10000,5830,4170,0.583,7992,2008,0.7992,2162
configs/exp4/lirs_lfu_arc_arc.cfg,experiments/data/hot8_scan_c12_seed47.in,LIRS LFU ARC ARC,4,3 3 3 3,12,10000,5380,4620,0.538,7992,2008,0.7992,2612
configs/exp4/lirs_lfu_arc_lfu.cfg,experiments/data/hot8_scan_c12_seed47.in,LIRS LFU ARC LFU,4,3 3 3 3,12,10000,5945,4055,0.5945,7992,2008,0.7992,2047
configs/exp4/lirs_lfu_arc_lirs.cfg,experiments/data/hot8_scan_c12_seed47.in,LIRS LFU ARC LIRS,4,3 3 3 3,12,10000,5691,4309,0.5691,7992,2008,0.7992,2301
configs/exp4/lirs_lfu_arc_lru.cfg,experiments/data/hot8_scan_c12_seed47.in,LIRS LFU ARC LRU,4,3 3 3 3,12,10000,5293,4707,0.5293,7992,2008,0.7992,2699
configs/exp4/lirs_lfu_lfu.cfg,experiments/data/hot8_scan_c12_seed47.in,LIRS LFU LFU,3,4 4 4,12,10000,6893,3107,0.6893,7992,2008,0.7992,1099
configs/exp4/lirs_lfu_lfu_2q.cfg,experiments/data/hot8_scan_c12_seed47.in,LIRS LFU LFU 2Q,4,3 3 3 3,12,10000,6533,3467,0.6533,7992,2008,0.7992,1459
configs/exp4/lirs_lfu_lfu_arc.cfg,experiments/data/hot8_scan_c12_seed47.in,LIRS LFU LFU ARC,4,3 3 3 3,12,10000,6413,3587,0.6413,7992,2008,0.7992,1579
configs/exp4/lirs_lfu_lfu_lfu.cfg,experiments/data/hot8_scan_c12_seed47.in,LIRS LFU LFU LFU,4,3 3 3 3,12,10000,6688,3312,0.6688,7992,2008,0.7992,1304
configs/exp4/lirs_lfu_lfu_lirs.cfg,experiments/data/hot8_scan_c12_seed47.in,LIRS LFU LFU LIRS,4,3 3 3 3,12,10000,6539,3461,0.6539,7992,2008,0.7992,1453
configs/exp4/lirs_lfu_lfu_lru.cfg,experiments/data/hot8_scan_c12_seed47.in,LIRS LFU LFU LRU,4,3 3 3 3,12,10000,6047,3953,0.6047,7992,2008,0.7992,1945
configs/exp4/lirs_lfu_lirs.cfg,experiments/data/hot8_scan_c12_seed47.in,LIRS LFU LIRS,3,4 4 4,12,10000,6680,3320,0.668,7992,2008,0.7992,1312
configs/exp4/lirs_lfu_lirs_2q.cfg,experiments/data/hot8_scan_c12_seed47.in,LIRS LFU LIRS 2Q,4,3 3 3 3,12,10000,5788,4212,0.5788,7992,2008,0.7992,2204
configs/exp4/lirs_lfu_lirs_arc.cfg,experiments/data/hot8_scan_c12_seed47.in,LIRS LFU LIRS ARC,4,3 3 3 3,12,10000,5605,4395,0.5605,7992,2008,0.7992,2387
configs/exp4/lirs_lfu_lirs_lfu.cfg,experiments/data/hot8_scan_c12_seed47.in,LIRS LFU LIRS LFU,4,3 3 3 3,12,10000,6011,3989,0.6011,7992,2008,0.7992,1981
configs/exp4/lirs_lfu_lirs_lirs.cfg,experiments/data/hot8_scan_c12_seed47.in,LIRS LFU LIRS LIRS,4,3 3 3 3,12,10000,5469,4531,0.5469,7992,2008,0.7992,2523
configs/exp4/lirs_lfu_lirs_lru.cfg,experiments/data/hot8_scan_c12_seed47.in,LIRS LFU LIRS LRU,4,3 3 3 3,12,10000,5594,4406,0.5594,7992,2008,0.7992,2398
configs/exp4/lirs_lfu_lru.cfg,experiments/data/hot8_scan_c12_seed47.in,LIRS LFU LRU,3,4 4 4,12,10000,6119,3881,0.6119,7992,2008,0.7992,1873
configs/exp4/lirs_lfu_lru_2q.cfg,experiments/data/hot8_scan_c12_seed47.in,LIRS LFU LRU 2Q,4,3 3 3 3,12,10000,5865,4135,0.5865,7992,2008,0.7992,2127
configs/exp4/lirs_lfu_lru_arc.cfg,experiments/data/hot8_scan_c12_seed47.in,LIRS LFU LRU ARC,4,3 3 3 3,12,10000,5464,4536,0.5464,7992,2008,0.7992,2528
configs/exp4/lirs_lfu_lru_lfu.cfg,experiments/data/hot8_scan_c12_seed47.in,LIRS LFU LRU LFU,4,3 3 3 3,12,10000,5779,4221,0.5779,7992,2008,0.7992,2213
configs/exp4/lirs_lfu_lru_lirs.cfg,experiments/data/hot8_scan_c12_seed47.in,LIRS LFU LRU LIRS,4,3 3 3 3,12,10000,5690,4310,0.569,7992,2008,0.7992,2302
configs/exp4/lirs_lfu_lru_lru.cfg,experiments/data/hot8_scan_c12_seed47.in,LIRS LFU LRU LRU,4,3 3 3 3,12,10000,4861,5139,0.4861,7992,2008,0.7992,3131
configs/exp4/lirs_lirs_2q.cfg,experiments/data/hot8_scan_c12_seed47.in,LIRS LIRS 2Q,3,4 4 4,12,10000,5459,4541,0.5459,7992,2008,0.7992,2533
configs/exp4/lirs_lirs_2q_2q.cfg,experiments/data/hot8_scan_c12_seed47.in,LIRS LIRS 2Q 2Q,4,3 3 3 3,12,10000,4797,5203,0.4797,7992,2008,0.7992,3195
configs/exp4/lirs_lirs_2q_arc.cfg,experiments/data/hot8_scan_c12_seed47.in,LIRS LIRS 2Q ARC,4,3 3 3 3,12,10000,4969,5031,0.4969,7992,2008,0.7992,3023
configs/exp4/lirs_lirs_2q_lfu.cfg,experiments/data/hot8_scan_c12_seed47.in,LIRS LIRS 2Q LFU,4,3 3 3 3,12,10000,5241,4759,0.5241,7992,2008,0.7992,2751
configs/exp4/lirs_lirs_2q_lirs.cfg,experiments/data/hot8_scan_c12_seed47.in,LIRS LIRS 2Q LIRS,4,3 3 3 3,12,10000,4832,5168,0.4832,7992,2008,0.7992,3160
configs/exp4/lirs_lirs_2q_lru.cfg,experiments/data/hot8_scan_c12_seed47.in,LIRS LIRS 2Q LRU,4,3 3 3 3,12,10000,5036,4964,0.5036,7992,2008,0.7992,2956
configs/exp4/lirs_lirs_arc.cfg,experiments/data/hot8_scan_c12_seed47.in,LIRS LIRS ARC,3,4 4 4,12,10000,5411,4589,0.5411,7992,2008,0.7992,2581
configs/exp4/lirs_lirs_arc_2q.cfg,experiments/data/hot8_scan_c12_seed47.in,LIRS LIRS ARC 2Q,4,3 3 3 3,12,10000,4999,5001,0.4999,7992,2008,0.7992,2993
configs/exp4/lirs_lirs_arc_arc.cfg,experiments/data/hot8_scan_c12_seed47.in,LIRS LIRS ARC ARC,4,3 3 3 3,12,10000,4589,5411,0.4589,7992,2008,0.7992,3403
configs/exp4/lirs_lirs_arc_lfu.cfg,experiments/data/hot8_scan_c12_seed47.in,LIRS LIRS ARC LFU,4,3 3 3 3,12,10000,5112,4888,0.5112,7992,2008,0.7992,2880
configs/exp4/lirs_lirs_arc_lirs.cfg,experiments/data/hot8_scan_c12_seed47.in,LIRS LIRS ARC LIRS,4,3 3 3 3,12,10000,4710,5290,0.471,7992,2008,0.7992,3282
configs/exp4/lirs_lirs_arc_lru.cfg,experiments/data/hot8_scan_c12_seed47.in,LIRS LIRS ARC LRU,4,3 3 3 3,12,10000,4485,5515,0.4485,7992,2008,0.7992,3507
configs/exp4/lirs_lirs_lfu.cfg,experiments/data/hot8_scan_c12_seed47.in,LIRS LIRS LFU,3,4 4 4,12,10000,5905,4095,0.5905,7992,2008,0.7992,2087
configs/exp4/lirs_lirs_lfu_2q.cfg,experiments/data/hot8_scan_c12_seed47.in,LIRS LIRS LFU 2Q,4,3 3 3 3,12,10000,5511,4489,0.5511,7992,2008,0.7992,2481
configs/exp4/lirs_lirs_lfu_arc.cfg,experiments/data/hot8_scan_c12_seed47.in,LIRS LIRS LFU ARC,4,3 3 3 3,12,10000,5284,4716,0.5284,7992,2008,0.7992,2708
configs/exp4/lirs_lirs_lfu_lfu.cfg,experiments/data/hot8_scan_c12_seed47.in,LIRS LIRS LFU LFU,4,3 3 3 3,12,10000,5737,4263,0.5737,7992,2008,0.7992,2255
configs/exp4/lirs_lirs_lfu_lirs.cfg,experiments/data/hot8_scan_c12_seed47.in,LIRS LIRS LFU LIRS,4,3 3 3 3,12,10000,5211,4789,0.5211,7992,2008,0.7992,2781
configs/exp4/lirs_lirs_lfu_lru.cfg,experiments/data/hot8_scan_c12_seed47.in,LIRS LIRS LFU LRU,4,3 3 3 3,12,10000,5248,4752,0.5248,7992,2008,0.7992,2744
configs/exp4/lirs_lirs_lirs_2q.cfg,experiments/data/hot8_scan_c12_seed47.in,LIRS LIRS LIRS 2Q,4,3 3 3 3,12,10000,4577,5423,0.4577,7992,2008,0.7992,3415
configs/exp4/lirs_lirs_lirs_arc.cfg,experiments/data/hot8_scan_c12_seed47.in,LIRS LIRS LIRS ARC,4,3 3 3 3,12,10000,4398,5602,0.4398,7992,2008,0.7992,3594
configs/exp4/lirs_lirs_lirs_lfu.cfg,experiments/data/hot8_scan_c12_seed47.in,LIRS LIRS LIRS LFU,4,3 3 3 3,12,10000,4851,5149,0.4851,7992,2008,0.7992,3141
configs/exp4/lirs_lirs_lirs_lru.cfg,experiments/data/hot8_scan_c12_seed47.in,LIRS LIRS LIRS LRU,4,3 3 3 3,12,10000,4454,5546,0.4454,7992,2008,0.7992,3538
configs/exp4/lirs_lirs_lru.cfg,experiments/data/hot8_scan_c12_seed47.in,LIRS LIRS LRU,3,4 4 4,12,10000,5469,4531,0.5469,7992,2008,0.7992,2523
configs/exp4/lirs_lirs_lru_2q.cfg,experiments/data/hot8_scan_c12_seed47.in,LIRS LIRS LRU 2Q,4,3 3 3 3,12,10000,5110,4890,0.511,7992,2008,0.7992,2882
configs/exp4/lirs_lirs_lru_arc.cfg,experiments/data/hot8_scan_c12_seed47.in,LIRS LIRS LRU ARC,4,3 3 3 3,12,10000,4767,5233,0.4767,7992,2008,0.7992,3225
configs/exp4/lirs_lirs_lru_lfu.cfg,experiments/data/hot8_scan_c12_seed47.in,LIRS LIRS LRU LFU,4,3 3 3 3,12,10000,5041,4959,0.5041,7992,2008,0.7992,2951
configs/exp4/lirs_lirs_lru_lirs.cfg,experiments/data/hot8_scan_c12_seed47.in,LIRS LIRS LRU LIRS,4,3 3 3 3,12,10000,4800,5200,0.48,7992,2008,0.7992,3192
configs/exp4/lirs_lirs_lru_lru.cfg,experiments/data/hot8_scan_c12_seed47.in,LIRS LIRS LRU LRU,4,3 3 3 3,12,10000,4206,5794,0.4206,7992,2008,0.7992,3786
configs/exp4/lirs_lru.cfg,experiments/data/hot8_scan_c12_seed47.in,LIRS LRU,2,6 6,12,10000,6412,3588,0.6412,7992,2008,0.7992,1580
configs/exp4/lirs_lru_2q.cfg,experiments/data/hot8_scan_c12_seed47.in,LIRS LRU 2Q,3,4 4 4,12,10000,5857,4143,0.5857,7992,2008,0.7992,2135
configs/exp4/lirs_lru_2q_2q.cfg,experiments/data/hot8_scan_c12_seed47.in,LIRS LRU 2Q 2Q,4,3 3 3 3,12,10000,5500,4500,0.55,7992,2008,0.7992,2492
configs/exp4/lirs_lru_2q_arc.cfg,experiments/data/hot8_scan_c12_seed47.in,LIRS LRU 2Q ARC,4,3 3 3 3,12,10000,5305,4695,0.5305,7992,2008,0.7992,2687
configs/exp4/lirs_lru_2q_lfu.cfg,experiments/data/hot8_scan_c12_seed47.in,LIRS LRU 2Q LFU,4,3 3 3 3,12,10000,5564,4436,0.5564,7992,2008,0.7992,2428
configs/exp4/lirs_lru_2q_lirs.cfg,experiments/data/hot8_scan_c12_seed47.in,LIRS LRU 2Q LIRS,4,3 3 3 3,12,10000,5511,4489,0.5511,7992,2008,0.7992,2481
configs/exp4/lirs_lru_2q_lru.cfg,experiments/data/hot8_scan_c12_seed47.in,LIRS LRU 2Q LRU,4,3 3 3 3,12,10000,4828,5172,0.4828,7992,2008,0.7992,3164
configs/exp4/lirs_lru_arc.cfg,experiments/data/hot8_scan_c12_seed47.in,LIRS LRU ARC,3,4 4 4,12,10000,5478,4522,0.5478,7992,2008,0.7992,2514
configs/exp4/lirs_lru_arc_2q.cfg,experiments/data/hot8_scan_c12_seed47.in,LIRS LRU ARC 2Q,4,3 3 3 3,12,10000,5115,4885,0.5115,7992,2008,0.7992,2877
configs/exp4/lirs_lru_arc_arc.cfg,experiments/data/hot8_scan_c12_seed47.in,LIRS LRU ARC ARC,4,3 3 3 3,12,10000,4643,5357,0.4643,7992,2008,0.7992,3349
configs/exp4/lirs_lru_arc_lfu.cfg,experiments/data/hot8_scan_c12_seed47.in,LIRS LRU ARC LFU,4,3 3 3 3,12,10000,5137,4863,0.5137,7992,2008,0.7992,2855
configs/exp4/lirs_lru_arc_lirs.cfg,experiments/data/hot8_scan_c12_seed47.in,LIRS LRU ARC LIRS,4,3 3 3 3,12,10000,4966,5034,0.4966,7992,2008,0.7992,3026
configs/exp4/lirs_lru_arc_lru.cfg,experiments/data/hot8_scan_c12_seed47.in,LIRS LRU ARC LRU,4,3 3 3 3,12,10000,4377,5623,0.4377,7992,2008,0.7992,3615
configs/exp4/lirs_lru_lfu.cfg,experiments/data/hot8_scan_c12_seed47.in,LIRS LRU LFU,3,4 4 4,12,10000,5846,4154,0.5846,7992,2008,0.7992,2146
configs/exp4/lirs_lru_lfu_2q.cfg,experiments/data/hot8_scan_c12_seed47.in,LIRS LRU LFU 2Q,4,3 3 3 3,12,10000,5578,4422,0.5578,7992,2008,0.7992,2414
configs/exp4/lirs_lru_lfu_arc.cfg,experiments/data/hot8_scan_c12_seed47.in,LIRS LRU LFU ARC,4,3 3 3 3,12,10000,5225,4775,0.5225,7992,2008,0.7992,2767
configs/exp4/lirs_lru_lfu_lfu.cfg,experiments/data/hot8_scan_c12_seed47.in,LIRS LRU LFU LFU,4,3 3 3 3,12,10000,5618,4382,0.5618,7992,2008,0.7992,2374
configs/exp4/lirs_lru_lfu_lirs.cfg,experiments/data/hot8_scan_c12_seed47.in,LIRS LRU LFU LIRS,4,3 3 3 3,12,10000,5419,4581,0.5419,7992,2008,0.7992,2573
configs/exp4/lirs_lru_lfu_lru.cfg,experiments/data/hot8_scan_c12_seed47.in,LIRS LRU LFU LRU,4,3 3 3 3,12,10000,4747,5253,0.4747,7992,2008,0.7992,3245
configs/exp4/lirs_lru_lirs.cfg,experiments/data/hot8_scan_c12_seed47.in,LIRS LRU LIRS,3,4 4 4,12,10000,5647,4353,0.5647,7992,2008,0.7992,2345
configs/exp4/lirs_lru_lirs_2q.cfg,experiments/data/hot8_scan_c12_seed47.in,LIRS LRU LIRS 2Q,4,3 3 3 3,12,10000,5186,4814,0.5186,7992,2008,0.7992,2806
configs/exp4/lirs_lru_lirs_arc.cfg,experiments/data/hot8_scan_c12_seed47.in,LIRS LRU LIRS ARC,4,3 3 3 3,12,10000,4887,5113,0.4887,7992,2008,0.7992,3105
configs/exp4/lirs_lru_lirs_lfu.cfg,experiments/data/hot8_scan_c12_seed47.in,LIRS LRU LIRS LFU,4,3 3 3 3,12,10000,5224,4776,0.5224,7992,2008,0.7992,2768
configs/exp4/lirs_lru_lirs_lirs.cfg,experiments/data/hot8_scan_c12_seed47.in,LIRS LRU LIRS LIRS,4,3 3 3 3,12,10000,4769,5231,0.4769,7992,2008,0.7992,3223
configs/exp4/lirs_lru_lirs_lru.cfg,experiments/data/hot8_scan_c12_seed47.in,LIRS LRU LIRS LRU,4,3 3 3 3,12,10000,4510,5490,0.451,7992,2008,0.7992,3482
configs/exp4/lirs_lru_lru.cfg,experiments/data/hot8_scan_c12_seed47.in,LIRS LRU LRU,3,4 4 4,12,10000,4762,5238,0.4762,7992,2008,0.7992,3230
configs/exp4/lirs_lru_lru_2q.cfg,experiments/data/hot8_scan_c12_seed47.in,LIRS LRU LRU 2Q,4,3 3 3 3,12,10000,4642,5358,0.4642,7992,2008,0.7992,3350
configs/exp4/lirs_lru_lru_arc.cfg,experiments/data/hot8_scan_c12_seed47.in,LIRS LRU LRU ARC,4,3 3 3 3,12,10000,4243,5757,0.4243,7992,2008,0.7992,3749
configs/exp4/lirs_lru_lru_lfu.cfg,experiments/data/hot8_scan_c12_seed47.in,LIRS LRU LRU LFU,4,3 3 3 3,12,10000,4455,5545,0.4455,7992,2008,0.7992,3537
configs/exp4/lirs_lru_lru_lirs.cfg,experiments/data/hot8_scan_c12_seed47.in,LIRS LRU LRU LIRS,4,3 3 3 3,12,10000,4372,5628,0.4372,7992,2008,0.7992,3620
configs/exp4/lirs_lru_lru_lru.cfg,experiments/data/hot8_scan_c12_seed47.in,LIRS LRU LRU LRU,4,3 3 3 3,12,10000,3550,6450,0.355,7992,2008,0.7992,4442
configs/exp4/lru_2q.cfg,experiments/data/hot8_scan_c12_seed47.in,LRU 2Q,2,6 6,12,10000,6507,3493,0.6507,7992,2008,0.7992,1485
configs/exp4/lru_2q_2q.cfg,experiments/data/hot8_scan_c12_seed47.in,LRU 2Q 2Q,3,4 4 4,12,10000,5832,4168,0.5832,7992,2008,0.7992,2160
configs/exp4/lru_2q_2q_2q.cfg,experiments/data/hot8_scan_c12_seed47.in,LRU 2Q 2Q 2Q,4,3 3 3 3,12,10000,5401,4599,0.5401,7992,2008,0.7992,2591
configs/exp4/lru_2q_2q_arc.cfg,experiments/data/hot8_scan_c12_seed47.in,LRU 2Q 2Q ARC,4,3 3 3 3,12,10000,5628,4372,0.5628,7992,2008,0.7992,2364
configs/exp4/lru_2q_2q_lfu.cfg,experiments/data/hot8_scan_c12_seed47.in,LRU 2Q 2Q LFU,4,3 3 3 3,12,10000,5432,4568,0.5432,7992,2008,0.7992,2560
configs/exp4/lru_2q_2q_lirs.cfg,experiments/data/hot8_scan_c12_seed47.in,LRU 2Q 2Q LIRS,4,3 3 3 3,12,10000,5900,4100,0.59,7992,2008,0.7992,2092
configs/exp4/lru_2q_2q_lru.cfg,experiments/data/hot8_scan_c12_seed47.in,LRU 2Q 2Q LRU,4,3 3 3 3,12,10000,5236,4764,0.5236,7992,2008,0.7992,2756
configs/exp4/lru_2q_arc.cfg,experiments/data/hot8_scan_c12_seed47.in,LRU 2Q ARC,3,4 4 4,12,10000,5909,4091,0.5909,7992,2008,0.7992,2083
configs/exp4/lru_2q_arc_2q.cfg,experiments/data/hot8_scan_c12_seed47.in,LRU 2Q ARC 2Q,4,3 3 3 3,12,10000,5410,4590,0.541,7992,2008,0.7992,2582
configs/exp4/lru_2q_arc_arc.cfg,experiments/data/hot8_scan_c12_seed47.in,LRU 2Q ARC ARC,4,3 3 3 3,12,10000,4939,5061,0.4939,7992,2008,0.7992,3053
configs/exp4/lru_2q_arc_lfu.cfg,experiments/data/hot8_scan_c12_seed47.in,LRU 2Q ARC LFU,4,3 3 3 3,12,10000,5390,4610,0.539,7992,2008,0.7992,2602
configs/exp4/lru_2q_arc_lirs.cfg,experiments/data/hot8_scan_c12_seed47.in,LRU 2Q ARC LIRS,4,3 3 3 3,12,10000,5453,4547,0.5453,7992,2008,0.7992,2539
configs/exp4/lru_2q_arc_lru.cfg,experiments/data/hot8_scan_c12_seed47.in,LRU 2Q ARC LRU,4,3 3 3 3,12,10000,4849,5151,0.4849,7992,2008,0.7992,3143
configs/exp4/lru_2q_lfu.cfg,experiments/data/hot8_scan_c12_seed47.in,LRU 2Q LFU,3,4 4 4,12,10000,5848,4152,0.5848,7992,2008,0.7992,2144
configs/exp4/lru_2q_lfu_2q.cfg,experiments/data/hot8_scan_c12_seed47.in,LRU 2Q LFU 2Q,4,3 3 3 3,12,10000,5821,4179,0.5821,7992,2008,0.7992,2171
configs/exp4/lru_2q_lfu_arc.cfg,experiments/data/hot8_scan_c12_seed47.in,LRU 2Q LFU ARC,4,3 3 3 3,12,10000,5605,4395,0.5605,7992,2008,0.7992,2387
configs/exp4/lru_2q_lfu_lfu.cfg,experiments/data/hot8_scan_c12_seed47.in,LRU 2Q LFU LFU,4,3 3 3 3,12,10000,5721,4279,0.5721,7992,2008,0.7992,2271
configs/exp4/lru_2q_lfu_lirs.cfg,experiments/data/hot8_scan_c12_seed47.in,LRU 2Q LFU LIRS,4,3 3 3 3,12,10000,5893,4107,0.5893,7992,2008,0.7992,2099
configs/exp4/lru_2q_lfu_lru.cfg,experiments/data/hot8_scan_c12_seed47.in,LRU 2Q LFU LRU,4,3 3 3 3,12,10000,5127,4873,0.5127,7992,2008,0.7992,2865
configs/exp4/lru_2q_lirs.cfg,experiments/data/hot8_scan_c12_seed47.in,LRU 2Q LIRS,3,4 4 4,12,10000,6240,3760,0.624,7992,2008,0.7992,1752
configs/exp4/lru_2q_lirs_2q.cfg,experiments/data/hot8_scan_c12_seed47.in,LRU 2Q LIRS 2Q,4,3 3 3 3,12,10000,5637,4363,0.5637,7992,2008,0.7992,2355
configs/exp4/lru_2q_lirs_arc.cfg,experiments/data/hot8_scan_c12_seed47.in,LRU 2Q LIRS ARC,4,3 3 3 3,12,10000,5506,4494,0.5506,7992,2008,0.7992,2486
configs/exp4/lru_2q_lirs_lfu.cfg,experiments/data/hot8_scan_c12_seed47.in,LRU 2Q LIRS LFU,4,3 3 3 3,12,10000,5520,4480,0.552,7992,2008,0.7992,2472
configs/exp4/lru_2q_lirs_lirs.cfg,experiments/data/hot8_scan_c12_seed47.in,LRU 2Q LIRS LIRS,4,3 3 3 3,12,10000,5488,4512,0.5488,7992,2008,0.7992,2504
configs/exp4/lru_2q_lirs_lru.cfg,experiments/data/hot8_scan_c12_seed47.in,LRU 2Q LIRS LRU,4,3 3 3 3,12,10000,5346,4654,0.5346,7992,2008,0.7992,2646
configs/exp4/lru_2q_lru.cfg,experiments/data/hot8_scan_c12_seed47.in,LRU 2Q LRU,3,4 4 4,12,10000,5297,4703,0.5297,7992,2008,0.7992,2695
configs/exp4/lru_2q_lru_2q.cfg,experiments/data/hot8_scan_c12_seed47.in,LRU 2Q LRU 2Q,4,3 3 3 3,12,10000,5051,4949,0.5051,7992,2008,0.7992,2941
configs/exp4/lru_2q_lru_arc.cfg,experiments/data/hot8_scan_c12_seed47.in,LRU 2Q LRU ARC,4,3 3 3 3,12,10000,4808,5192,0.4808,7992,2008,0.7992,3184
configs/exp4/lru_2q_lru_lfu.cfg,experiments/data/hot8_scan_c12_seed47.in,LRU 2Q LRU LFU,4,3 3 3 3,12,10000,4922,5078,0.4922,7992,2008,0.7992,3070
configs/exp4/lru_2q_lru_lirs.cfg,experiments/data/hot8_scan_c12_seed47.in,LRU 2Q LRU LIRS,4,3 3 3 3,12,10000,5182,4818,0.5182,7992,2008,0.7992,2810
configs/exp4/lru_2q_lru_lru.cfg,experiments/data/hot8_scan_c12_seed47.in,LRU 2Q LRU LRU,4,3 3 3 3,12,10000,4073,5927,0.4073,7992,2008,0.7992,3919
configs/exp4/lru_arc.cfg,experiments/data/hot8_scan_c12_seed47.in,LRU ARC,2,6 6,12,10000,5869,4131,0.5869,7992,2008,0.7992,2123
configs/exp4/lru_arc_2q.cfg,experiments/data/hot8_scan_c12_seed47.in,LRU ARC 2Q,3,4 4 4,12,10000,5334,4666,0.5334,7992,2008,0.7992,2658
configs/exp4/lru_arc_2q_2q.cfg,experiments/data/hot8_scan_c12_seed47.in,LRU ARC 2Q 2Q,4,3 3 3 3,12,10000,4977,5023,0.4977,7992,2008,0.7992,3015
configs/exp4/lru_arc_2q_arc.cfg,experiments/data/hot8_scan_c12_seed47.in,LRU ARC 2Q ARC,4,3 3 3 3,12,10000,4933,5067,0.4933,7992,2008,0.7992,3059
configs/exp4/lru_arc_2q_lfu.cfg,experiments/data/hot8_scan_c12_seed47.in,LRU ARC 2Q LFU,4,3 3 3 3,12,10000,5121,4879,0.5121,7992,2008,0.7992,2871
configs/exp4/lru_arc_2q_lirs.cfg,experiments/data/hot8_scan_c12_seed47.in,LRU ARC 2Q LIRS,4,3 3 3 3,12,10000,5250,4750,0.525,7992,2008,0.7992,2742
configs/exp4/lru_arc_2q_lru.cfg,experiments/data/hot8_scan_c12_seed47.in,LRU ARC 2Q LRU,4,3 3 3 3,12,10000,4570,5430,0.457,7992,2008,0.7992,3422
configs/exp4/lru_arc_arc.cfg,experiments/data/hot8_scan_c12_seed47.in,LRU ARC ARC,3,4 4 4,12,10000,4694,5306,0.4694,7992,2008,0.7992,3298
configs/exp4/lru_arc_arc_2q.cfg,experiments/data/hot8_scan_c12_seed47.in,LRU ARC ARC 2Q,4,3 3 3 3,12,10000,4545,5455,0.4545,7992,2008,0.7992,3447
configs/exp4/lru_arc_arc_arc.cfg,experiments/data/hot8_scan_c12_seed47.in,LRU ARC ARC ARC,4,3 3 3 3,12,10000,3954,6046,0.3954,7992,2008,0.7992,4038
configs/exp4/lru_arc_arc_lfu.cfg,experiments/data/hot8_scan_c12_seed47.in,LRU ARC ARC LFU,4,3 3 3 3,12,10000,4598,5402,0.4598,7992,2008,0.7992,3394
configs/exp4/lru_arc_arc_lirs.cfg,experiments/data/hot8_scan_c12_seed47.in,LRU ARC ARC LIRS,4,3 3 3 3,12,10000,4455,5545,0.4455,7992,2008,0.7992,3537
configs/exp4/lru_arc_arc_lru.cfg,experiments/data/hot8_scan_c12_seed47.in,LRU ARC ARC LRU,4,3 3 3 3,12,10000,3758,6242,0.3758,7992,2008,0.7992,4234
configs/exp4/lru_arc_lfu.cfg,experiments/data/hot8_scan_c12_seed47.in,LRU ARC LFU,3,4 4 4,12,10000,5503,4497,0.5503,7992,2008,0.7992,2489
configs/exp4/lru_arc_lfu_2q.cfg,experiments/data/hot8_scan_c12_seed47.in,LRU ARC LFU 2Q,4,3 3 3 3,12,10000,5329,4671,0.5329,7992,2008,0.7992,2663
configs/exp4/lru_arc_lfu_arc.cfg,experiments/data/hot8_scan_c12_seed47.in,LRU ARC LFU ARC,4,3 3 3 3,12,10000,5000,5000,0.5,7992,2008,0.7992,2992
configs/exp4/lru_arc_lfu_lfu.cfg,experiments/data/hot8_scan_c12_seed47.in,LRU ARC LFU LFU,4,3 3 3 3,12,10000,5437,4563,0.5437,7992,2008,0.7992,2555
configs/exp4/lru_arc_lfu_lirs.cfg,experiments/data/hot8_scan_c12_seed47.in,LRU ARC LFU LIRS,4,3 3 3 3,12,10000,5296,4704,0.5296,7992,2008,0.7992,2696
configs/exp4/lru_arc_lfu_lru.cfg,experiments/data/hot8_scan_c12_seed47.in,LRU ARC LFU LRU,4,3 3 3 3,12,10000,4631,5369,0.4631,7992,2008,0.7992,3361
configs/exp4/lru_arc_lirs.cfg,experiments/data/hot8_scan_c12_seed47.in,LRU ARC LIRS,3,4 4 4,12,10000,5229,4771,0.5229,7992,2008,0.7992,2763
configs/exp4/lru_arc_lirs_2q.cfg,experiments/data/hot8_scan_c12_seed47.in,LRU ARC LIRS 2Q,4,3 3 3 3,12,10000,4944,5056,0.4944,7992,2008,0.7992,3048
configs/exp4/lru_arc_lirs_arc.cfg,experiments/data/hot8_scan_c12_seed47.in,LRU ARC LIRS ARC,4,3 3 3 3,12,10000,4566,5434,0.4566,7992,2008,0.7992,3426
configs/exp4/lru_arc_lirs_lfu.cfg,experiments/data/hot8_scan_c12_seed47.in,LRU ARC LIRS LFU,4,3 3 3 3,12,10000,5048,4952,0.5048,7992,2008,0.7992,2944
configs/exp4/lru_arc_lirs_lirs.cfg,experiments/data/hot8_scan_c12_seed47.in,LRU ARC LIRS LIRS,4,3 3 3 3,12,10000,4529,5471,0.4529,7992,2008,0.7992,3463
configs/exp4/lru_arc_lirs_lru.cfg,experiments/data/hot8_scan_c12_seed47.in,LRU ARC LIRS LRU,4,3 3 3 3,12,10000,4349,5651,0.4349,7992,2008,0.7992,3643
configs/exp4/lru_arc_lru.cfg,experiments/data/hot8_scan_c12_seed47.in,LRU ARC LRU,3,4 4 4,12,10000,4343,5657,0.4343,7992,2008,0.7992,3649
configs/exp4/lru_arc_lru_2q.cfg,experiments/data/hot8_scan_c12_seed47.in,LRU ARC LRU 2Q,4,3 3 3 3,12,10000,4443,5557,0.4443,7992,2008,0.7992,3549
configs/exp4/lru_arc_lru_arc.cfg,experiments/data/hot8_scan_c12_seed47.in,LRU ARC LRU ARC,4,3 3 3 3,12,10000,3968,6032,0.3968,7992,2008,0.7992,4024
configs/exp4/lru_arc_lru_lfu.cfg,experiments/data/hot8_scan_c12_seed47.in,LRU ARC LRU LFU,4,3 3 3 3,12,10000,4110,5890,0.411,7992,2008,0.7992,3882
configs/exp4/lru_arc_lru_lirs.cfg,experiments/data/hot8_scan_c12_seed47.in,LRU ARC LRU LIRS,4,3 3 3 3,12,10000,4285,5715,0.4285,7992,2008,0.7992,3707
configs/exp4/lru_arc_lru_lru.cfg,experiments/data/hot8_scan_c12_seed47.in,LRU ARC LRU LRU,4,3 3 3 3,12,10000,3274,6726,0.3274,7992,2008,0.7992,4718
configs/exp4/lru_lfu.cfg,experiments/data/hot8_scan_c12_seed47.in,LRU LFU,2,6 6,12,10000,6456,3544,0.6456,7992,2008,0.7992,1536
configs/exp4/lru_lfu_2q.cfg,experiments/data/hot8_scan_c12_seed47.in,LRU LFU 2Q,3,4 4 4,12,10000,6563,3437,0.6563,7992,2008,0.7992,1429
configs/exp4/lru_lfu_2q_2q.cfg,experiments/data/hot8_scan_c12_seed47.in,LRU LFU 2Q 2Q,4,3 3 3 3,12,10000,5685,4315,0.5685,7992,2008,0.7992,2307
configs/exp4/lru_lfu_2q_arc.cfg,experiments/data/hot8_scan_c12_seed47.in,LRU LFU 2Q ARC,4,3 3 3 3,12,10000,6010,3990,0.601,7992,2008,0.7992,1982
configs/exp4/lru_lfu_2q_lfu.cfg,experiments/data/hot8_scan_c12_seed47.in,LRU LFU 2Q LFU,4,3 3 3 3,12,10000,6048,3952,0.6048,7992,2008,0.7992,1944
configs/exp4/lru_lfu_2q_lirs.cfg,experiments/data/hot8_scan_c12_seed47.in,LRU LFU 2Q LIRS,4,3 3 3 3,12,10000,6229,3771,0.6229,7992,2008,0.7992,1763
configs/exp4/lru_lfu_2q_lru.cfg,experiments/data/hot8_scan_c12_seed47.in,LRU LFU 2Q LRU,4,3 3 3 3,12,10000,5601,4399,0.5601,7992,2008,0.7992,2391
configs/exp4/lru_lfu_arc.cfg,experiments/data/hot8_scan_c12_seed47.in,LRU LFU ARC,3,4 4 4,12,10000,6300,3700,0.63,7992,2008,0.7992,1692
configs/exp4/lru_lfu_arc_2q.cfg,experiments/data/hot8_scan_c12_seed47.in,LRU LFU ARC 2Q,4,3 3 3 3,12,10000,5553,4447,0.5553,7992,2008,0.7992,2439
configs/exp4/lru_lfu_arc_arc.cfg,experiments/data/hot8_scan_c12_seed47.in,LRU LFU ARC ARC,4,3 3 3 3,12,10000,4961,5039,0.4961,7992,2008,0.7992,3031
configs/exp4/lru_lfu_arc_lfu.cfg,experiments/data/hot8_scan_c12_seed47.in,LRU LFU ARC LFU,4,3 3 3 3,12,10000,5621,4379,0.5621,7992,2008,0.7992,2371
configs/exp4/lru_lfu_arc_lirs.cfg,experiments/data/hot8_scan_c12_seed47.in,LRU LFU ARC LIRS,4,3 3 3 3,12,10000,5428,4572,0.5428,7992,2008,0.7992,2564
configs/exp4/lru_lfu_arc_lru.cfg,experiments/data/hot8_scan_c12_seed47.in,LRU LFU ARC LRU,4,3 3 3 3,12,10000,4800,5200,0.48,7992,2008,0.7992,3192
configs/exp4/lru_lfu_lfu.cfg,experiments/data/hot8_scan_c12_seed47.in,LRU LFU LFU,3,4 4 4,12,10000,6673,3327,0.6673,7992,2008,0.7992,1319
configs/exp4/lru_lfu_lfu_2q.cfg,experiments/data/hot8_scan_c12_seed47.in,LRU LFU LFU 2Q,4,3 3 3 3,12,10000,6443,3557,0.6443,7992,2008,0.7992,1549
configs/exp4/lru_lfu_lfu_arc.cfg,experiments/data/hot8_scan_c12_seed47.in,LRU LFU LFU ARC,4,3 3 3 3,12,10000,6199,3801,0.6199,7992,2008,0.7992,1793
configs/exp4/lru_lfu_lfu_lfu.cfg,experiments/data/hot8_scan_c12_seed47.in,LRU LFU LFU LFU,4,3 3 3 3,12,10000,6469,3531,0.6469,7992,2008,0.7992,1523
configs/exp4/lru_lfu_lfu_lirs.cfg,experiments/data/hot8_scan_c12_seed47.in,LRU LFU LFU LIRS,4,3 3 3 3,12,10000,6411,3589,0.6411,7992,2008,0.7992,1581
configs/exp4/lru_lfu_lfu_lru.cfg,experiments/data/hot8_scan_c12_seed47.in,LRU LFU LFU LRU,4,3 3 3 3,12,10000,5657,4343,0.5657,7992,2008,0.7992,2335
configs/exp4/lru_lfu_lirs.cfg,experiments/data/hot8_scan_c12_seed47.in,LRU LFU LIRS,3,4 4 4,12,10000,6580,3420,0.658,7992,2008,0.7992,1412
configs/exp4/lru_lfu_lirs_2q.cfg,experiments/data/hot8_scan_c12_seed47.in,LRU LFU LIRS 2Q,4,3 3 3 3,12,10000,5782,4218,0.5782,7992,2008,0.7992,2210
configs/exp4/lru_lfu_lirs_arc.cfg,experiments/data/hot8_scan_c12_seed47.in,LRU LFU LIRS ARC,4,3 3 3 3,12,10000,5513,4487,0.5513,7992,2008,0.7992,2479
configs/exp4/lru_lfu_lirs_lfu.cfg,experiments/data/hot8_scan_c12_seed47.in,LRU LFU LIRS LFU,4,3 3 3 3,12,10000,5430,4570,0.543,7992,2008,0.7992,2562
configs/exp4/lru_lfu_lirs_lirs.cfg,experiments/data/hot8_scan_c12_seed47.in,LRU LFU LIRS LIRS,4,3 3 3 3,12,10000,5564,4436,0.5564,7992,2008,0.7992,2428
configs/exp4/lru_lfu_lirs_lru.cfg,experiments/data/hot8_scan_c12_seed47.in,LRU LFU LIRS LRU,4,3 3 3 3,12,10000,5370,4630,0.537,7992,2008,0.7992,2622
configs/exp4/lru_lfu_lru.cfg,experiments/data/hot8_scan_c12_seed47.in,LRU LFU LRU,3,4 4 4,12,10000,5404,4596,0.5404,7992,2008,0.7992,2588
configs/exp4/lru_lfu_lru_2q.cfg,experiments/data/hot8_scan_c12_seed47.in,LRU LFU LRU 2Q,4,3 3 3 3,12,10000,5293,4707,0.5293,7992,2008,0.7992,2699
configs/exp4/lru_lfu_lru_arc.cfg,experiments/data/hot8_scan_c12_seed47.in,LRU LFU LRU ARC,4,3 3 3 3,12,10000,4792,5208,0.4792,7992,2008,0.7992,3200
configs/exp4/lru_lfu_lru_lfu.cfg,experiments/data/hot8_scan_c12_seed47.in,LRU LFU LRU LFU,4,3 3 3 3,12,10000,5276,4724,0.5276,7992,2008,0.7992,2716
configs/exp4/lru_lfu_lru_lirs.cfg,experiments/data/hot8_scan_c12_seed47.in,LRU LFU LRU LIRS,4,3 3 3 3,12,10000,5167,4833,0.5167,7992,2008,0.7992,2825
configs/exp4/lru_lfu_lru_lru.cfg,experiments/data/hot8_scan_c12_seed47.in,LRU LFU LRU LRU,4,3 3 3 3,12,10000,4063,5937,0.4063,7992,2008,0.7992,3929
configs/exp4/lru_lirs.cfg,experiments/data/hot8_scan_c12_seed47.in,LRU LIRS,2,6 6,12,10000,6395,3605,0.6395,7992,2008,0.7992,1597
configs/exp4/lru_lirs_2q.cfg,experiments/data/hot8_scan_c12_seed47.in,LRU LIRS 2Q,3,4 4 4,12,10000,5689,4311,0.5689,7992,2008,0.7992,2303
configs/exp4/lru_lirs_2q_2q.cfg,experiments/data/hot8_scan_c12_seed47.in,LRU LIRS 2Q 2Q,4,3 3 3 3,12,10000,5067,4933,0.5067,7992,2008,0.7992,2925
configs/exp4/lru_lirs_2q_arc.cfg,experiments/data/hot8_scan_c12_seed47.in,LRU LIRS 2Q ARC,4,3 3 3 3,12,10000,5122,4878,0.5122,7992,2008,0.7992,2870
configs/exp4/lru_lirs_2q_lfu.cfg,experiments/data/hot8_scan_c12_seed47.in,LRU LIRS 2Q LFU,4,3 3 3 3,12,10000,5283,4717,0.5283,7992,2008,0.7992,2709
configs/exp4/lru_lirs_2q_lirs.cfg,experiments/data/hot8_scan_c12_seed47.in,LRU LIRS 2Q LIRS,4,3 3 3 3,12,10000,5171,4829,0.5171,7992,2008,0.7992,2821
configs/exp4/lru_lirs_2q_lru.cfg,experiments/data/hot8_scan_c12_seed47.in,LRU LIRS 2Q LRU,4,3 3 3 3,12,10000,4886,5114,0.4886,7992,2008,0.7992,3106
configs/exp4/lru_lirs_arc.cfg,experiments/data/hot8_scan_c12_seed47.in,LRU LIRS ARC,3,4 4 4,12,10000,5382,4618,0.5382,7992,2008,0.7992,2610
configs/exp4/lru_lirs_arc_2q.cfg,experiments/data/hot8_scan_c12_seed47.in,LRU LIRS ARC 2Q,4,3 3 3 3,12,10000,4958,5042,0.4958,7992,2008,0.7992,3034
configs/exp4/lru_lirs_arc_arc.cfg,experiments/data/hot8_scan_c12_seed47.in,LRU LIRS ARC ARC,4,3 3 3 3,12,10000,4439,5561,0.4439,7992,2008,0.7992,3553
configs/exp4/lru_lirs_arc_lfu.cfg,experiments/data/hot8_scan_c12_seed47.in,LRU LIRS ARC LFU,4,3 3 3 3,12,10000,5023,4977,0.5023,7992,2008,0.7992,2969
configs/exp4/lru_lirs_arc_lirs.cfg,experiments/data/hot8_scan_c12_seed47.in,LRU LIRS ARC LIRS,4,3 3 3 3,12,10000,4686,5314,0.4686,7992,2008,0.7992,3306
configs/exp4/lru_lirs_arc_lru.cfg,experiments/data/hot8_scan_c12_seed47.in,LRU LIRS ARC LRU,4,3 3 3 3,12,10000,4300,5700,0.43,7992,2008,0.7992,3692
configs/exp4/lru_lirs_lfu.cfg,experiments/data/hot8_scan_c12_seed47.in,LRU LIRS LFU,3,4 4 4,12,10000,5845,4155,0.5845,7992,2008,0.7992,2147
configs/exp4/lru_lirs_lfu_2q.cfg,experiments/data/hot8_scan_c12_seed47.in,LRU LIRS LFU 2Q,4,3 3 3 3,12,10000,5520,4480,0.552,7992,2008,0.7992,2472
configs/exp4/lru_lirs_lfu_arc.cfg,experiments/data/hot8_scan_c12_seed47.in,LRU LIRS LFU ARC,4,3 3 3 3,12,10000,5183,4817,0.5183,7992,2008,0.7992,2809
configs/exp4/lru_lirs_lfu_lfu.cfg,experiments/data/hot8_scan_c12_seed47.in,LRU LIRS LFU LFU,4,3 3 3 3,12,10000,5636,4364,0.5636,7992,2008,0.7992,2356
configs/exp4/lru_lirs_lfu_lirs.cfg,experiments/data/hot8_scan_c12_seed47.in,LRU LIRS LFU LIRS,4,3 3 3 3,12,10000,5253,4747,0.5253,7992,2008,0.7992,2739
configs/exp4/lru_lirs_lfu_lru.cfg,experiments/data/hot8_scan_c12_seed47.in,LRU LIRS LFU LRU,4,3 3 3 3,12,10000,4926,5074,0.4926,7992,2008,0.7992,3066
configs/exp4/lru_lirs_lirs.cfg,experiments/data/hot8_scan_c12_seed47.in,LRU LIRS LIRS,3,4 4 4,12,10000,5437,4563,0.5437,7992,2008,0.7992,2555
configs/exp4/lru_lirs_lirs_2q.cfg,experiments/data/hot8_scan_c12_seed47.in,LRU LIRS LIRS 2Q,4,3 3 3 3,12,10000,4837,5163,0.4837,7992,2008,0.7992,3155
configs/exp4/lru_lirs_lirs_arc.cfg,experiments/data/hot8_scan_c12_seed47.in,LRU LIRS LIRS ARC,4,3 3 3 3,12,10000,4483,5517,0.4483,7992,2008,0.7992,3509
configs/exp4/lru_lirs_lirs_lfu.cfg,experiments/data/hot8_scan_c12_seed47.in,LRU LIRS LIRS LFU,4,3 3 3 3,12,10000,4938,5062,0.4938,7992,2008,0.7992,3054
configs/exp4/lru_lirs_lirs_lirs.cfg,experiments/data/hot8_scan_c12_seed47.in,LRU LIRS LIRS LIRS,4,3 3 3 3,12,10000,4234,5766,0.4234,7992,2008,0.7992,3758
configs/exp4/lru_lirs_lirs_lru.cfg,experiments/data/hot8_scan_c12_seed47.in,LRU LIRS LIRS LRU,4,3 3 3 3,12,10000,4285,5715,0.4285,7992,2008,0.7992,3707
configs/exp4/lru_lirs_lru.cfg,experiments/data/hot8_scan_c12_seed47.in,LRU LIRS LRU,3,4 4 4,12,10000,5031,4969,0.5031,7992,2008,0.7992,2961
configs/exp4/lru_lirs_lru_2q.cfg,experiments/data/hot8_scan_c12_seed47.in,LRU LIRS LRU 2Q,4,3 3 3 3,12,10000,4700,5300,0.47,7992,2008,0.7992,3292
configs/exp4/lru_lirs_lru_arc.cfg,experiments/data/hot8_scan_c12_seed47.in,LRU LIRS LRU ARC,4,3 3 3 3,12,10000,4342,5658,0.4342,7992,2008,0.7992,3650
configs/exp4/lru_lirs_lru_lfu.cfg,experiments/data/hot8_scan_c12_seed47.in,LRU LIRS LRU LFU,4,3 3 3 3,12,10000,4590,5410,0.459,7992,2008,0.7992,3402
configs/exp4/lru_lirs_lru_lirs.cfg,experiments/data/hot8_scan_c12_seed47.in,LRU LIRS LRU LIRS,4,3 3 3 3,12,10000,4316,5684,0.4316,7992,2008,0.7992,3676
configs/exp4/lru_lirs_lru_lru.cfg,experiments/data/hot8_scan_c12_seed47.in,LRU LIRS LRU LRU,4,3 3 3 3,12,10000,3660,6340,0.366,7992,2008,0.7992,4332
configs/exp4/lru_lru_2q.cfg,experiments/data/hot8_scan_c12_seed47.in,LRU LRU 2Q,3,4 4 4,12,10000,4893,5107,0.4893,7992,2008,0.7992,3099
configs/exp4/lru_lru_2q_2q.cfg,experiments/data/hot8_scan_c12_seed47.in,LRU LRU 2Q 2Q,4,3 3 3 3,12,10000,4723,5277,0.4723,7992,2008,0.7992,3269
configs/exp4/lru_lru_2q_arc.cfg,experiments/data/hot8_scan_c12_seed47.in,LRU LRU 2Q ARC,4,3 3 3 3,12,10000,4520,5480,0.452,7992,2008,0.7992,3472
configs/exp4/lru_lru_2q_lfu.cfg,experiments/data/hot8_scan_c12_seed47.in,LRU LRU 2Q LFU,4,3 3 3 3,12,10000,4791,5209,0.4791,7992,2008,0.7992,3201
configs/exp4/lru_lru_2q_lirs.cfg,experiments/data/hot8_scan_c12_seed47.in,LRU LRU 2Q LIRS,4,3 3 3 3,12,10000,4921,5079,0.4921,7992,2008,0.7992,3071
configs/exp4/lru_lru_2q_lru.cfg,experiments/data/hot8_scan_c12_seed47.in,LRU LRU 2Q LRU,4,3 3 3 3,12,10000,3949,6051,0.3949,7992,2008,0.7992,4043
configs/exp4/lru_lru_arc.cfg,experiments/data/hot8_scan_c12_seed47.in,LRU LRU ARC,3,4 4 4,12,10000,4127,5873,0.4127,7992,2008,0.7992,3865
configs/exp4/lru_lru_arc_2q.cfg,experiments/data/hot8_scan_c12_seed47.in,LRU LRU ARC 2Q,4,3 3 3 3,12,10000,4294,5706,0.4294,7992,2008,0.7992,3698
configs/exp4/lru_lru_arc_arc.cfg,experiments/data/hot8_scan_c12_seed47.in,LRU LRU ARC ARC,4,3 3 3 3,12,10000,3709,6291,0.3709,7992,2008,0.7992,4283
configs/exp4/lru_lru_arc_lfu.cfg,experiments/data/hot8_scan_c12_seed47.in,LRU LRU ARC LFU,4,3 3 3 3,12,10000,4302,5698,0.4302,7992,2008,0.7992,3690
configs/exp4/lru_lru_arc_lirs.cfg,experiments/data/hot8_scan_c12_seed47.in,LRU LRU ARC LIRS,4,3 3 3 3,12,10000,4174,5826,0.4174,7992,2008,0.7992,3818
configs/exp4/lru_lru_arc_lru.cfg,experiments/data/hot8_scan_c12_seed47.in,LRU LRU ARC LRU,4,3 3 3 3,12,10000,3309,6691,0.3309,7992,2008,0.7992,4683
configs/exp4/lru_lru_lfu.cfg,experiments/data/hot8_scan_c12_seed47.in,LRU LRU LFU,3,4 4 4,12,10000,4331,5669,0.4331,7992,2008,0.7992,3661
configs/exp4/lru_lru_lfu_2q.cfg,experiments/data/hot8_scan_c12_seed47.in,LRU LRU LFU 2Q,4,3 3 3 3,12,10000,4838,5162,0.4838,7992,2008,0.7992,3154
configs/exp4/lru_lru_lfu_arc.cfg,experiments/data/hot8_scan_c12_seed47.in,LRU LRU LFU ARC,4,3 3 3 3,12,10000,4307,5693,0.4307,7992,2008,0.7992,3685
configs/exp4/lru_lru_lfu_lfu.cfg,experiments/data/hot8_scan_c12_seed47.in,LRU LRU LFU LFU,4,3 3 3 3,12,10000,4823,5177,0.4823,7992,2008,0.7992,3169
configs/exp4/lru_lru_lfu_lirs.cfg,experiments/data/hot8_scan_c12_seed47.in,LRU LRU LFU LIRS,4,3 3 3 3,12,10000,4736,5264,0.4736,7992,2008,0.7992,3256
configs/exp4/lru_lru_lfu_lru.cfg,experiments/data/hot8_scan_c12_seed47.in,LRU LRU LFU LRU,4,3 3 3 3,12,10000,3724,6276,0.3724,7992,2008,0.7992,4268
configs/exp4/lru_lru_lirs.cfg,experiments/data/hot8_scan_c12_seed47.in,LRU LRU LIRS,3,4 4 4,12,10000,4743,5257,0.4743,7992,2008,0.7992,3249
configs/exp4/lru_lru_lirs_2q.cfg,experiments/data/hot8_scan_c12_seed47.in,LRU LRU LIRS 2Q,4,3 3 3 3,12,10000,4510,5490,0.451,7992,2008,0.7992,3482
configs/exp4/lru_lru_lirs_arc.cfg,experiments/data/hot8_scan_c12_seed47.in,LRU LRU LIRS ARC,4,3 3 3 3,12,10000,4113,5887,0.4113,7992,2008,0.7992,3879
configs/exp4/lru_lru_lirs_lfu.cfg,experiments/data/hot8_scan_c12_seed47.in,LRU LRU LIRS LFU,4,3 3 3 3,12,10000,4564,5436,0.4564,7992,2008,0.7992,3428
configs/exp4/lru_lru_lirs_lirs.cfg,experiments/data/hot8_scan_c12_seed47.in,LRU LRU LIRS LIRS,4,3 3 3 3,12,10000,4045,5955,0.4045,7992,2008,0.7992,3947
configs/exp4/lru_lru_lirs_lru.cfg,experiments/data/hot8_scan_c12_seed47.in,LRU LRU LIRS LRU,4,3 3 3 3,12,10000,3672,6328,0.3672,7992,2008,0.7992,4320
configs/exp4/lru_lru_lru_2q.cfg,experiments/data/hot8_scan_c12_seed47.in,LRU LRU LRU 2Q,4,3 3 3 3,12,10000,3701,6299,0.3701,7992,2008,0.7992,4291
configs/exp4/lru_lru_lru_arc.cfg,experiments/data/hot8_scan_c12_seed47.in,LRU LRU LRU ARC,4,3 3 3 3,12,10000,2440,7560,0.244,7992,2008,0.7992,5552
configs/exp4/lru_lru_lru_lfu.cfg,experiments/data/hot8_scan_c12_seed47.in,LRU LRU LRU LFU,4,3 3 3 3,12,10000,2399,7601,0.2399,7992,2008,0.7992,5593
configs/exp4/lru_lru_lru_lirs.cfg,experiments/data/hot8_scan_c12_seed47.in,LRU LRU LRU LIRS,4,3 3 3 3,12,10000,3445,6555,0.3445,7992,2008,0.7992,4547
configs/exp4/2q_2q_2q_arc.cfg,experiments/data/hot8_scan_c24_seed47.in,2Q 2Q 2Q ARC,4,6 6 6 6,24,10000,7659,2341,0.7659,7992,2008,0.7992,333
configs/exp4/2q_2q_2q_lfu.cfg,experiments/data/hot8_scan_c24_seed47.in,2Q 2Q 2Q LFU,4,6 6 6 6,24,10000,7752,2248,0.7752,7992,2008,0.7992,240
configs/exp4/2q_2q_2q_lirs.cfg,experiments/data/hot8_scan_c24_seed47.in,2Q 2Q 2Q LIRS,4,6 6 6 6,24,10000,7643,2357,0.7643,7992,2008,0.7992,349
configs/exp4/2q_2q_2q_lru.cfg,experiments/data/hot8_scan_c24_seed47.in,2Q 2Q 2Q LRU,4,6 6 6 6,24,10000,7644,2356,0.7644,7992,2008,0.7992,348
configs/exp4/2q_2q_arc.cfg,experiments/data/hot8_scan_c24_seed47.in,2Q 2Q ARC,3,8 8 8,24,10000,7946,2054,0.7946,7992,2008,0.7992,46
configs/exp4/2q_2q_arc_2q.cfg,experiments/data/hot8_scan_c24_seed47.in,2Q 2Q ARC 2Q,4,6 6 6 6,24,10000,7733,2267,0.7733,7992,2008,0.7992,259
configs/exp4/2q_2q_arc_arc.cfg,experiments/data/hot8_scan_c24_seed47.in,2Q 2Q ARC ARC,4,6 6 6 6,24,10000,7693,2307,0.7693,7992,2008,0.7992,299
configs/exp4/2q_2q_arc_lfu.cfg,experiments/data/hot8_scan_c24_seed47.in,2Q 2Q ARC LFU,4,6 6 6 6,24,10000,7769,2231,0.7769,7992,2008,0.7992,223
configs/exp4/2q_2q_arc_lirs.cfg,experiments/data/hot8_scan_c24_seed47.in,2Q 2Q ARC LIRS,4,6 6 6 6,24,10000,7694,2306,0.7694,7992,2008,0.7992,298
configs/exp4/2q_2q_arc_lru.cfg,experiments/data/hot8_scan_c24_seed47.in,2Q 2Q ARC LRU,4,6 6 6 6,24,10000,7578,2422,0.7578,7992,2008,0.7992,414
configs/exp4/2q_2q_lfu.cfg,experiments/data/hot8_scan_c24_seed47.in,2Q 2Q LFU,3,8 8 8,24,10000,7927,2073,0.7927,7992,2008,0.7992,65
configs/exp4/2q_2q_lfu_2q.cfg,experiments/data/hot8_scan_c24_seed47.in,2Q 2Q LFU 2Q,4,6 6 6 6,24,10000,7980,2020,0.798,7992,2008,0.7992,12
configs/exp4/2q_2q_lfu_arc.cfg,experiments/data/hot8_scan_c24_seed47.in,2Q 2Q LFU ARC,4,6 6 6 6,24,10000,7978,2022,0.7978,7992,2008,0.7992,14
configs/exp4/2q_2q_lfu_lfu.cfg,experiments/data/hot8_scan_c24_seed47.in,2Q 2Q LFU LFU,4,6 6 6 6,24,10000,7976,2024,0.7976,7992,2008,0.7992,16
configs/exp4/2q_2q_lfu_lirs.cfg,experiments/data/hot8_scan_c24_seed47.in,2Q 2Q LFU LIRS,4,6 6 6 6,24,10000,7979,2021,0.7979,7992,2008,0.7992,13
configs/exp4/2q_2q_lfu_lru.cfg,experiments/data/hot8_scan_c24_seed47.in,2Q 2Q LFU LRU,4,6 6 6 6,24,10000,7748,2252,0.7748,7992,2008,0.7992,244
configs/exp4/2q_2q_lirs.cfg,experiments/data/hot8_scan_c24_seed47.in,2Q 2Q LIRS,3,8 8 8,24,10000,7946,2054,0.7946,7992,2008,0.7992,46
configs/exp4/2q_2q_lirs_2q.cfg,experiments/data/hot8_scan_c24_seed47.in,2Q 2Q LIRS 2Q,4,6 6 6 6,24,10000,7687,2313,0.7687,7992,2008,0.7992,305
configs/exp4/2q_2q_lirs_arc.cfg,experiments/data/hot8_scan_c24_seed47.in,2Q 2Q LIRS ARC,4,6 6 6 6,24,10000,7695,2305,0.7695,7992,2008,0.7992,297
configs/exp4/2q_2q_lirs_lfu.cfg,experiments/data/hot8_scan_c24_seed47.in,2Q 2Q LIRS LFU,4,6 6 6 6,24,10000,7769,2231,0.7769,7992,2008,0.7992,223
configs/exp4/2q_2q_lirs_lirs.cfg,experiments/data/hot8_scan_c24_seed47.in,2Q 2Q LIRS LIRS,4,6 6 6 6,24,10000,7625,2375,0.7625,7992,2008,0.7992,367
configs/exp4/2q_2q_lirs_lru.cfg,experiments/data/hot8_scan_c24_seed47.in,2Q 2Q LIRS LRU,4,6 6 6 6,24,10000,7650,2350,0.765,7992,2008,0.7992,342
configs/exp4/2q_2q_lru.cfg,experiments/data/hot8_scan_c24_seed47.in,2Q 2Q LRU,3,8 8 8,24,10000,7739,2261,0.7739,7992,2008,0.7992,253
configs/exp4/2q_2q_lru_2q.cfg,experiments/data/hot8_scan_c24_seed47.in,2Q 2Q LRU 2Q,4,6 6 6 6,24,10000,7691,2309,0.7691,7992,2008,0.7992,301
configs/exp4/2q_2q_lru_arc.cfg,experiments/data/hot8_scan_c24_seed47.in,2Q 2Q LRU ARC,4,6 6 6 6,24,10000,7648,2352,0.7648,7992,2008,0.7992,344
configs/exp4/2q_2q_lru_lfu.cfg,experiments/data/hot8_scan_c24_seed47.in,2Q 2Q LRU LFU,4,6 6 6 6,24,10000,7464,2536,0.7464,7992,2008,0.7992,528
configs/exp4/2q_2q_lru_lirs.cfg,experiments/data/hot8_scan_c24_seed47.in,2Q 2Q LRU LIRS,4,6 6 6 6,24,10000,7739,2261,0.7739,7992,2008,0.7992,253
configs/exp4/2q_2q_lru_lru.cfg,experiments/data/hot8_scan_c24_seed47.in,2Q 2Q LRU LRU,4,6 6 6 6,24,10000,7349,2651,0.7349,7992,2008,0.7992,643
configs/exp4/2q_arc.cfg,experiments/data/hot8_scan_c24_seed47.in,2Q ARC,2,12 12,24,10000,7991,2009,0.7991,7992,2008,0.7992,1
configs/exp4/2q_arc_2q.cfg,experiments/data/hot8_scan_c24_seed47.in,2Q ARC 2Q,3,8 8 8,24,10000,7878,2122,0.7878,7992,2008,0.7992,114
configs/exp4/2q_arc_2q_2q.cfg,experiments/data/hot8_scan_c24_seed47.in,2Q ARC 2Q 2Q,4,6 6 6 6,24,10000,7770,2230,0.777,7992,2008,0.7992,222
configs/exp4/2q_arc_2q_arc.cfg,experiments/data/hot8_scan_c24_seed47.in,2Q ARC 2Q ARC,4,6 6 6 6,24,10000,7834,2166,0.7834,7992,2008,0.7992,158
configs/exp4/2q_arc_2q_lfu.cfg,experiments/data/hot8_scan_c24_seed47.in,2Q ARC 2Q LFU,4,6 6 6 6,24,10000,7815,2185,0.7815,7992,2008,0.7992,177
configs/exp4/2q_arc_2q_lirs.cfg,experiments/data/hot8_scan_c24_seed47.in,2Q ARC 2Q LIRS,4,6 6 6 6,24,10000,7879,2121,0.7879,7992,2008,0.7992,113
configs/exp4/2q_arc_2q_lru.cfg,experiments/data/hot8_scan_c24_seed47.in,2Q ARC 2Q LRU,4,6 6 6 6,24,10000,7637,2363,0.7637,7992,2008,0.7992,355
configs/exp4/2q_arc_arc.cfg,experiments/data/hot8_scan_c24_seed47.in,2Q ARC ARC,3,8 8 8,24,10000,7877,2123,0.7877,7992,2008,0.7992,115
configs/exp4/2q_arc_arc_2q.cfg,experiments/data/hot8_scan_c24_seed47.in,2Q ARC ARC 2Q,4,6 6 6 6,24,10000,7735,2265,0.7735,7992,2008,0.7992,257
configs/exp4/2q_arc_arc_arc.cfg,experiments/data/hot8_scan_c24_seed47.in,2Q ARC ARC ARC,4,6 6 6 6,24,10000,7675,2325,0.7675,7992,2008,0.7992,317
configs/exp4/2q_arc_arc_lfu.cfg,experiments/data/hot8_scan_c24_seed47.in,2Q ARC ARC LFU,4,6 6 6 6,24,10000,7751,2249,0.7751,7992,2008,0.7992,241
configs/exp4/2q_arc_arc_lirs.cfg,experiments/data/hot8_scan_c24_seed47.in,2Q ARC ARC LIRS,4,6 6 6 6,24,10000,7747,2253,0.7747,7992,2008,0.7992,245
configs/exp4/2q_arc_arc_lru.cfg,experiments/data/hot8_scan_c24_seed47.in,2Q ARC ARC LRU,4,6 6 6 6,24,10000,7490,2510,0.749,7992,2008,0.7992,502
configs/exp4/2q_arc_lfu.cfg,experiments/data/hot8_scan_c24_seed47.in,2Q ARC LFU,3,8 8 8,24,10000,7877,2123,0.7877,7992,2008,0.7992,115
configs/exp4/2q_arc_lfu_2q.cfg,experiments/data/hot8_scan_c24_seed47.in,2Q ARC LFU 2Q,4,6 6 6 6,24,10000,7970,2030,0.797,7992,2008,0.7992,22
configs/exp4/2q_arc_lfu_arc.cfg,experiments/data/hot8_scan_c24_seed47.in,2Q ARC LFU ARC,4,6 6 6 6,24,10000,7967,2033,0.7967,7992,2008,0.7992,25
configs/exp4/2q_arc_lfu_lfu.cfg,experiments/data/hot8_scan_c24_seed47.in,2Q ARC LFU LFU,4,6 6 6 6,24,10000,7959,2041,0.7959,7992,2008,0.7992,33
configs/exp4/2q_arc_lfu_lirs.cfg,experiments/data/hot8_scan_c24_seed47.in,2Q ARC LFU LIRS,4,6 6 6 6,24,10000,7979,2021,0.7979,7992,2008,0.7992,13
configs/exp4/2q_arc_lfu_lru.cfg,experiments/data/hot8_scan_c24_seed47.in,2Q ARC LFU LRU,4,6 6 6 6,24,10000,7664,2336,0.7664,7992,2008,0.7992,328
configs/exp4/2q_arc_lirs.cfg,experiments/data/hot8_scan_c24_seed47.in,2Q ARC LIRS,3,8 8 8,24,10000,7962,2038,0.7962,7992,2008,0.7992,30
configs/exp4/2q_arc_lirs_2q.cfg,experiments/data/hot8_scan_c24_seed47.in,2Q ARC LIRS 2Q,4,6 6 6 6,24,10000,7717,2283,0.7717,7992,2008,0.7992,275
configs/exp4/2q_arc_lirs_arc.cfg,experiments/data/hot8_scan_c24_seed47.in,2Q ARC LIRS ARC,4,6 6 6 6,24,10000,7705,2295,0.7705,7992,2008,0.7992,287
configs/exp4/2q_arc_lirs_lfu.cfg,experiments/data/hot8_scan_c24_seed47.in,2Q ARC LIRS LFU,4,6 6 6 6,24,10000,7778,2222,0.7778,7992,2008,0.7992,214
configs/exp4/2q_arc_lirs_lirs.cfg,experiments/data/hot8_scan_c24_seed47.in,2Q ARC LIRS LIRS,4,6 6 6 6,24,10000,7685,2315,0.7685,7992,2008,0.7992,307
configs/exp4/2q_arc_lirs_lru.cfg,experiments/data/hot8_scan_c24_seed47.in,2Q ARC LIRS LRU,4,6 6 6 6,24,10000,7566,2434,0.7566,7992,2008,0.7992,426
configs/exp4/2q_arc_lru.cfg,experiments/data/hot8_scan_c24_seed47.in,2Q ARC LRU,3,8 8 8,24,10000,7809,2191,0.7809,7992,2008,0.7992,183
configs/exp4/2q_arc_lru_2q.cfg,experiments/data/hot8_scan_c24_seed47.in,2Q ARC LRU 2Q,4,6 6 6 6,24,10000,7612,2388,0.7612,7992,2008,0.7992,380
configs/exp4/2q_arc_lru_arc.cfg,experiments/data/hot8_scan_c24_seed47.in,2Q ARC LRU ARC,4,6 6 6 6,24,10000,7443,2557,0.7443,7992,2008,0.7992,549
configs/exp4/2q_arc_lru_lfu.cfg,experiments/data/hot8_scan_c24_seed47.in,2Q ARC LRU LFU,4,6 6 6 6,24,10000,7276,2724,0.7276,7992,2008,0.7992,716
configs/exp4/2q_arc_lru_lirs.cfg,experiments/data/hot8_scan_c24_seed47.in,2Q ARC LRU LIRS,4,6 6 6 6,24,10000,7600,2400,0.76,7992,2008,0.7992,392
configs/exp4/2q_arc_lru_lru.cfg,experiments/data/hot8_scan_c24_seed47.in,2Q ARC LRU LRU,4,6 6 6 6,24,10000,7133,2867,0.7133,7992,2008,0.7992,859
configs/exp4/2q_lfu.cfg,experiments/data/hot8_scan_c24_seed47.in,2Q LFU,2,12 12,24,10000,7991,2009,0.7991,7992,2008,0.7992,1
configs/exp4/2q_lfu_2q.cfg,experiments/data/hot8_scan_c24_seed47.in,2Q LFU 2Q,3,8 8 8,24,10000,7981,2019,0.7981,7992,2008,0.7992,11
configs/exp4/2q_lfu_2q_2q.cfg,experiments/data/hot8_scan_c24_seed47.in,2Q LFU 2Q 2Q,4,6 6 6 6,24,10000,7984,2016,0.7984,7992,2008,0.7992,8
configs/exp4/2q_lfu_2q_arc.cfg,experiments/data/hot8_scan_c24_seed47.in,2Q LFU 2Q ARC,4,6 6 6 6,24,10000,7985,2015,0.7985,7992,2008,0.7992,7
configs/exp4/2q_lfu_2q_lfu.cfg,experiments/data/hot8_scan_c24_seed47.in,2Q LFU 2Q LFU,4,6 6 6 6,24,10000,7985,2015,0.7985,7992,2008,0.7992,7
configs/exp4/2q_lfu_2q_lirs.cfg,experiments/data/hot8_scan_c24_seed47.in,2Q LFU 2Q LIRS,4,6 6 6 6,24,10000,7986,2014,0.7986,7992,2008,0.7992,6
configs/exp4/2q_lfu_2q_lru.cfg,experiments/data/hot8_scan_c24_seed47.in,2Q LFU 2Q LRU,4,6 6 6 6,24,10000,7985,2015,0.7985,7992,2008,0.7992,7
configs/exp4/2q_lfu_arc.cfg,experiments/data/hot8_scan_c24_seed47.in,2Q LFU ARC,3,8 8 8,24,10000,7980,2020,0.798,7992,2008,0.7992,12
configs/exp4/2q_lfu_arc_2q.cfg,experiments/data/hot8_scan_c24_seed47.in,2Q LFU ARC 2Q,4,6 6 6 6,24,10000,7983,2017,0.7983,7992,2008,0.7992,9
configs/exp4/2q_lfu_arc_arc.cfg,experiments/data/hot8_scan_c24_seed47.in,2Q LFU ARC ARC,4,6 6 6 6,24,10000,7983,2017,0.7983,7992,2008,0.7992,9
configs/exp4/2q_lfu_arc_lfu.cfg,experiments/data/hot8_scan_c24_seed47.in,2Q LFU ARC LFU,4,6 6 6 6,24,10000,7983,2017,0.7983,7992,2008,0.7992,9
configs/exp4/2q_lfu_arc_lirs.cfg,experiments/data/hot8_scan_c24_seed47.in,2Q LFU ARC LIRS,4,6 6 6 6,24,10000,7986,2014,0.7986,7992,2008,0.7992,6
configs/exp4/2q_lfu_arc_lru.cfg,experiments/data/hot8_scan_c24_seed47.in,2Q LFU ARC LRU,4,6 6 6 6,24,10000,7983,2017,0.7983,7992,2008,0.7992,9
configs/exp4/2q_lfu_lfu.cfg,experiments/data/hot8_scan_c24_seed47.in,2Q LFU LFU,3,8 8 8,24,10000,7980,2020,0.798,7992,2008,0.7992,12
configs/exp4/2q_lfu_lfu_2q.cfg,experiments/data/hot8_scan_c24_seed47.in,2Q LFU LFU 2Q,4,6 6 6 6,24,10000,7984,2016,0.7984,7992,2008,0.7992,8
configs/exp4/2q_lfu_lfu_arc.cfg,experiments/data/hot8_scan_c24_seed47.in,2Q LFU LFU ARC,4,6 6 6 6,24,10000,7984,2016,0.7984,7992,2008,0.7992,8
configs/exp4/2q_lfu_lfu_lfu.cfg,experiments/data/hot8_scan_c24_seed47.in,2Q LFU LFU LFU,4,6 6 6 6,24,10000,7984,2016,0.7984,7992,2008,0.7992,8
configs/exp4/2q_lfu_lfu_lirs.cfg,experiments/data/hot8_scan_c24_seed47.in,2Q LFU LFU LIRS,4,6 6 6 6,24,10000,7986,2014,0.7986,7992,2008,0.7992,6
configs/exp4/2q_lfu_lfu_lru.cfg,experiments/data/hot8_scan_c24_seed47.in,2Q LFU LFU LRU,4,6 6 6 6,24,10000,7984,2016,0.7984,7992,2008,0.7992,8
configs/exp4/2q_lfu_lirs.cfg,experiments/data/hot8_scan_c24_seed47.in,2Q LFU LIRS,3,8 8 8,24,10000,7988,2012,0.7988,7992,2008,0.7992,4
configs/exp4/2q_lfu_lirs_2q.cfg,experiments/data/hot8_scan_c24_seed47.in,2Q LFU LIRS 2Q,4,6 6 6 6,24,10000,7987,2013,0.7987,7992,2008,0.7992,5
configs/exp4/2q_lfu_lirs_arc.cfg,experiments/data/hot8_scan_c24_seed47.in,2Q LFU LIRS ARC,4,6 6 6 6,24,10000,7987,2013,0.7987,7992,2008,0.7992,5
configs/exp4/2q_lfu_lirs_lfu.cfg,experiments/data/hot8_scan_c24_seed47.in,2Q LFU LIRS LFU,4,6 6 6 6,24,10000,7987,2013,0.7987,7992,2008,0.7992,5
configs/exp4/2q_lfu_lirs_lirs.cfg,experiments/data/hot8_scan_c24_seed47.in,2Q LFU LIRS LIRS,4,6 6 6 6,24,10000,7986,2014,0.7986,7992,2008,0.7992,6
configs/exp4/2q_lfu_lirs_lru.cfg,experiments/data/hot8_scan_c24_seed47.in,2Q LFU LIRS LRU,4,6 6 6 6,24,10000,7987,2013,0.7987,7992,2008,0.7992,5
configs/exp4/2q_lfu_lru.cfg,experiments/data/hot8_scan_c24_seed47.in,2Q LFU LRU,3,8 8 8,24,10000,7876,2124,0.7876,7992,2008,0.7992,116
configs/exp4/2q_lfu_lru_2q.cfg,experiments/data/hot8_scan_c24_seed47.in,2Q LFU LRU 2Q,4,6 6 6 6,24,10000,7898,2102,0.7898,7992,2008,0.7992,94
configs/exp4/2q_lfu_lru_arc.cfg,experiments/data/hot8_scan_c24_seed47.in,2Q LFU LRU ARC,4,6 6 6 6,24,10000,7899,2101,0.7899,7992,2008,0.7992,93
configs/exp4/2q_lfu_lru_lfu.cfg,experiments/data/hot8_scan_c24_seed47.in,2Q LFU LRU LFU,4,6 6 6 6,24,10000,7703,2297,0.7703,7992,2008,0.7992,289
configs/exp4/2q_lfu_lru_lirs.cfg,experiments/data/hot8_scan_c24_seed47.in,2Q LFU LRU LIRS,4,6 6 6 6,24,10000,7986,2014,0.7986,7992,2008,0.7992,6
configs/exp4/2q_lfu_lru_lru.cfg,experiments/data/hot8_scan_c24_seed47.in,2Q LFU LRU LRU,4,6 6 6 6,24,10000,7571,2429,0.7571,7992,2008,0.7992,421
configs/exp4/2q_lirs.cfg,experiments/data/hot8_scan_c24_seed47.in,2Q LIRS,2,12 12,24,10000,7992,2008,0.7992,7992,2008,0.7992,0
configs/exp4/2q_lirs_2q.cfg,experiments/data/hot8_scan_c24_seed47.in,2Q LIRS 2Q,3,8 8 8,24,10000,7926,2074,0.7926,7992,2008,0.7992,66
configs/exp4/2q_lirs_2q_2q.cfg,experiments/data/hot8_scan_c24_seed47.in,2Q LIRS 2Q 2Q,4,6 6 6 6,24,10000,7663,2337,0.7663,7992,2008,0.7992,329
configs/exp4/2q_lirs_2q_arc.cfg,experiments/data/hot8_scan_c24_seed47.in,2Q LIRS 2Q ARC,4,6 6 6 6,24,10000,7716,2284,0.7716,7992,2008,0.7992,276
configs/exp4/2q_lirs_2q_lfu.cfg,experiments/data/hot8_scan_c24_seed47.in,2Q LIRS 2Q LFU,4,6 6 6 6,24,10000,7770,2230,0.777,7992,2008,0.7992,222
configs/exp4/2q_lirs_2q_lirs.cfg,experiments/data/hot8_scan_c24_seed47.in,2Q LIRS 2Q LIRS,4,6 6 6 6,24,10000,7708,2292,0.7708,7992,2008,0.7992,284
configs/exp4/2q_lirs_2q_lru.cfg,experiments/data/hot8_scan_c24_seed47.in,2Q LIRS 2Q LRU,4,6 6 6 6,24,10000,7651,2349,0.7651,7992,2008,0.7992,341
configs/exp4/2q_lirs_arc.cfg,experiments/data/hot8_scan_c24_seed47.in,2Q LIRS ARC,3,8 8 8,24,10000,7960,2040,0.796,7992,2008,0.7992,32
configs/exp4/2q_lirs_arc_2q.cfg,experiments/data/hot8_scan_c24_seed47.in,2Q LIRS ARC 2Q,4,6 6 6 6,24,10000,7700,2300,0.77,7992,2008,0.7992,292
configs/exp4/2q_lirs_arc_arc.cfg,experiments/data/hot8_scan_c24_seed47.in,2Q LIRS ARC ARC,4,6 6 6 6,24,10000,7663,2337,0.7663,7992,2008,0.7992,329
configs/exp4/2q_lirs_arc_lfu.cfg,experiments/data/hot8_scan_c24_seed47.in,2Q LIRS ARC LFU,4,6 6 6 6,24,10000,7757,2243,0.7757,7992,2008,0.7992,235
configs/exp4/2q_lirs_arc_lirs.cfg,experiments/data/hot8_scan_c24_seed47.in,2Q LIRS ARC LIRS,4,6 6 6 6,24,10000,7661,2339,0.7661,7992,2008,0.7992,331
configs/exp4/2q_lirs_arc_lru.cfg,experiments/data/hot8_scan_c24_seed47.in,2Q LIRS ARC LRU,4,6 6 6 6,24,10000,7518,2482,0.7518,7992,2008,0.7992,474
configs/exp4/2q_lirs_lfu.cfg,experiments/data/hot8_scan_c24_seed47.in,2Q LIRS LFU,3,8 8 8,24,10000,7937,2063,0.7937,7992,2008,0.7992,55
configs/exp4/2q_lirs_lfu_2q.cfg,experiments/data/hot8_scan_c24_seed47.in,2Q LIRS LFU 2Q,4,6 6 6 6,24,10000,7981,2019,0.7981,7992,2008,0.7992,11
configs/exp4/2q_lirs_lfu_arc.cfg,experiments/data/hot8_scan_c24_seed47.in,2Q LIRS LFU ARC,4,6 6 6 6,24,10000,7978,2022,0.7978,7992,2008,0.7992,14
configs/exp4/2q_lirs_lfu_lfu.cfg,experiments/data/hot8_scan_c24_seed47.in,2Q LIRS LFU LFU,4,6 6 6 6,24,10000,7974,2026,0.7974,7992,2008,0.7992,18
configs/exp4/2q_lirs_lfu_lirs.cfg,experiments/data/hot8_scan_c24_seed47.in,2Q LIRS LFU LIRS,4,6 6 6 6,24,10000,7984,2016,0.7984,7992,2008,0.7992,8
configs/exp4/2q_lirs_lfu_lru.cfg,experiments/data/hot8_scan_c24_seed47.in,2Q LIRS LFU LRU,4,6 6 6 6,24,10000,7736,2264,0.7736,7992,2008,0.7992,256
configs/exp4/2q_lirs_lirs.cfg,experiments/data/hot8_scan_c24_seed47.in,2Q LIRS LIRS,3,8 8 8,24,10000,7962,2038,0.7962,7992,2008,0.7992,30
configs/exp4/2q_lirs_lirs_2q.cfg,experiments/data/hot8_scan_c24_seed47.in,2Q LIRS LIRS 2Q,4,6 6 6 6,24,10000,7636,2364,0.7636,7992,2008,0.7992,356
configs/exp4/2q_lirs_lirs_arc.cfg,experiments/data/hot8_scan_c24_seed47.in,2Q LIRS LIRS ARC,4,6 6 6 6,24,10000,7630,2370,0.763,7992,2008,0.7992,362
configs/exp4/2q_lirs_lirs_lfu.cfg,experiments/data/hot8_scan_c24_seed47.in,2Q LIRS LIRS LFU,4,6 6 6 6,24,10000,7735,2265,0.7735,7992,2008,0.7992,257
configs/exp4/2q_lirs_lirs_lirs.cfg,experiments/data/hot8_scan_c24_seed47.in,2Q LIRS LIRS LIRS,4,6 6 6 6,24,10000,7538,2462,0.7538,7992,2008,0.7992,454
configs/exp4/2q_lirs_lirs_lru.cfg,experiments/data/hot8_scan_c24_seed47.in,2Q LIRS LIRS LRU,4,6 6 6 6,24,10000,7582,2418,0.7582,7992,2008,0.7992,410
configs/exp4/2q_lirs_lru.cfg,experiments/data/hot8_scan_c24_seed47.in,2Q LIRS LRU,3,8 8 8,24,10000,7846,2154,0.7846,7992,2008,0.7992,146
configs/exp4/2q_lirs_lru_2q.cfg,experiments/data/hot8_scan_c24_seed47.in,2Q LIRS LRU 2Q,4,6 6 6 6,24,10000,7691,2309,0.7691,7992,2008,0.7992,301
configs/exp4/2q_lirs_lru_arc.cfg,experiments/data/hot8_scan_c24_seed47.in,2Q LIRS LRU ARC,4,6 6 6 6,24,10000,7594,2406,0.7594,7992,2008,0.7992,398
configs/exp4/2q_lirs_lru_lfu.cfg,experiments/data/hot8_scan_c24_seed47.in,2Q LIRS LRU LFU,4,6 6 6 6,24,10000,7424,2576,0.7424,7992,2008,0.7992,568
configs/exp4/2q_lirs_lru_lirs.cfg,experiments/data/hot8_scan_c24_seed47.in,2Q LIRS LRU LIRS,4,6 6 6 6,24,10000,7699,2301,0.7699,7992,2008,0.7992,293
configs/exp4/2q_lirs_lru_lru.cfg,experiments/data/hot8_scan_c24_seed47.in,2Q LIRS LRU LRU,4,6 6 6 6,24,10000,7307,2693,0.7307,7992,2008,0.7992,685
configs/exp4/2q_lru.cfg,experiments/data/hot8_scan_c24_seed47.in,2Q LRU,2,12 12,24,10000,7991,2009,0.7991,7992,2008,0.7992,1
configs/exp4/2q_lru_2q.cfg,experiments/data/hot8_scan_c24_seed47.in,2Q LRU 2Q,3,8 8 8,24,10000,7722,2278,0.7722,7992,2008,0.7992,270
configs/exp4/2q_lru_2q_2q.cfg,experiments/data/hot8_scan_c24_seed47.in,2Q LRU 2Q 2Q,4,6 6 6 6,24,10000,7818,2182,0.7818,7992,2008,0.7992,174
configs/exp4/2q_lru_2q_arc.cfg,experiments/data/hot8_scan_c24_seed47.in,2Q LRU 2Q ARC,4,6 6 6 6,24,10000,7926,2074,0.7926,7992,2008,0.7992,66
configs/exp4/2q_lru_2q_lfu.cfg,experiments/data/hot8_scan_c24_seed47.in,2Q LRU 2Q LFU,4,6 6 6 6,24,10000,7566,2434,0.7566,7992,2008,0.7992,426
configs/exp4/2q_lru_2q_lirs.cfg,experiments/data/hot8_scan_c24_seed47.in,2Q LRU 2Q LIRS,4,6 6 6 6,24,10000,7973,2027,0.7973,7992,2008,0.7992,19
configs/exp4/2q_lru_2q_lru.cfg,experiments/data/hot8_scan_c24_seed47.in,2Q LRU 2Q LRU,4,6 6 6 6,24,10000,7499,2501,0.7499,7992,2008,0.7992,493
configs/exp4/2q_lru_arc.cfg,experiments/data/hot8_scan_c24_seed47.in,2Q LRU ARC,3,8 8 8,24,10000,7693,2307,0.7693,7992,2008,0.7992,299
configs/exp4/2q_lru_arc_2q.cfg,experiments/data/hot8_scan_c24_seed47.in,2Q LRU ARC 2Q,4,6 6 6 6,24,10000,7655,2345,0.7655,7992,2008,0.7992,337
configs/exp4/2q_lru_arc_arc.cfg,experiments/data/hot8_scan_c24_seed47.in,2Q LRU ARC ARC,4,6 6 6 6,24,10000,7609,2391,0.7609,7992,2008,0.7992,383
configs/exp4/2q_lru_arc_lfu.cfg,experiments/data/hot8_scan_c24_seed47.in,2Q LRU ARC LFU,4,6 6 6 6,24,10000,7561,2439,0.7561,7992,2008,0.7992,431
configs/exp4/2q_lru_arc_lirs.cfg,experiments/data/hot8_scan_c24_seed47.in,2Q LRU ARC LIRS,4,6 6 6 6,24,10000,7757,2243,0.7757,7992,2008,0.7992,235
configs/exp4/2q_lru_arc_lru.cfg,experiments/data/hot8_scan_c24_seed47.in,2Q LRU ARC LRU,4,6 6 6 6,24,10000,7331,2669,0.7331,7992,2008,0.7992,661
configs/exp4/2q_lru_lfu.cfg,experiments/data/hot8_scan_c24_seed47.in,2Q LRU LFU,3,8 8 8,24,10000,7288,2712,0.7288,7992,2008,0.7992,704
configs/exp4/2q_lru_lfu_2q.cfg,experiments/data/hot8_scan_c24_seed47.in,2Q LRU LFU 2Q,4,6 6 6 6,24,10000,7877,2123,0.7877,7992,2008,0.7992,115
configs/exp4/2q_lru_lfu_arc.cfg,experiments/data/hot8_scan_c24_seed47.in,2Q LRU LFU ARC,4,6 6 6 6,24,10000,7821,2179,0.7821,7992,2008,0.7992,171
configs/exp4/2q_lru_lfu_lfu.cfg,experiments/data/hot8_scan_c24_seed47.in,2Q LRU LFU LFU,4,6 6 6 6,24,10000,7382,2618,0.7382,7992,2008,0.7992,610
configs/exp4/2q_lru_lfu_lirs.cfg,experiments/data/hot8_scan_c24_seed47.in,2Q LRU LFU LIRS,4,6 6 6 6,24,10000,7898,2102,0.7898,7992,2008,0.7992,94
configs/exp4/2q_lru_lfu_lru.cfg,experiments/data/hot8_scan_c24_seed47.in,2Q LRU LFU LRU,4,6 6 6 6,24,10000,7075,2925,0.7075,7992,2008,0.7992,917
configs/exp4/2q_lru_lirs.cfg,experiments/data/hot8_scan_c24_seed47.in,2Q LRU LIRS,3,8 8 8,24,10000,7850,2150,0.785,7992,2008,0.7992,142
configs/exp4/2q_lru_lirs_2q.cfg,experiments/data/hot8_scan_c24_seed47.in,2Q LRU LIRS 2Q,4,6 6 6 6,24,10000,7750,2250,0.775,7992,2008,0.7992,242
configs/exp4/2q_lru_lirs_arc.cfg,experiments/data/hot8_scan_c24_seed47.in,2Q LRU LIRS ARC,4,6 6 6 6,24,10000,7726,2274,0.7726,7992,2008,0.7992,266
configs/exp4/2q_lru_lirs_lfu.cfg,experiments/data/hot8_scan_c24_seed47.in,2Q LRU LIRS LFU,4,6 6 6 6,24,10000,7578,2422,0.7578,7992,2008,0.7992,414
configs/exp4/2q_lru_lirs_lirs.cfg,experiments/data/hot8_scan_c24_seed47.in,2Q LRU LIRS LIRS,4,6 6 6 6,24,10000,7723,2277,0.7723,7992,2008,0.7992,269
configs/exp4/2q_lru_lirs_lru.cfg,experiments/data/hot8_scan_c24_seed47.in,2Q LRU LIRS LRU,4,6 6 6 6,24,10000,7441,2559,0.7441,7992,2008,0.7992,551
configs/exp4/2q_lru_lru.cfg,experiments/data/hot8_scan_c24_seed47.in,2Q LRU LRU,3,8 8 8,24,10000,7102,2898,0.7102,7992,2008,0.7992,890
configs/exp4/2q_lru_lru_2q.cfg,experiments/data/hot8_scan_c24_seed47.in,2Q LRU LRU 2Q,4,6 6 6 6,24,10000,7405,2595,0.7405,7992,2008,0.7992,587
configs/exp4/2q_lru_lru_arc.cfg,experiments/data/hot8_scan_c24_seed47.in,2Q LRU LRU ARC,4,6 6 6 6,24,10000,7260,2740,0.726,7992,2008,0.7992,732
configs/exp4/2q_lru_lru_lfu.cfg,experiments/data/hot8_scan_c24_seed47.in,2Q LRU LRU LFU,4,6 6 6 6,24,10000,6757,3243,0.6757,7992,2008,0.7992,1235
configs/exp4/2q_lru_lru_lirs.cfg,experiments/data/hot8_scan_c24_seed47.in,2Q LRU LRU LIRS,4,6 6 6 6,24,10000,7396,2604,0.7396,7992,2008,0.7992,596
configs/exp4/2q_lru_lru_lru.cfg,experiments/data/hot8_scan_c24_seed47.in,2Q LRU LRU LRU,4,6 6 6 6,24,10000,6602,3398,0.6602,7992,2008,0.7992,1390
configs/exp4/arc_2q.cfg,experiments/data/hot8_scan_c24_seed47.in,ARC 2Q,2,12 12,24,10000,7991,2009,0.7991,7992,2008,0.7992,1
configs/exp4/arc_2q_2q.cfg,experiments/data/hot8_scan_c24_seed47.in,ARC 2Q 2Q,3,8 8 8,24,10000,7908,2092,0.7908,7992,2008,0.7992,84
configs/exp4/arc_2q_2q_2q.cfg,experiments/data/hot8_scan_c24_seed47.in,ARC 2Q 2Q 2Q,4,6 6 6 6,24,10000,7757,2243,0.7757,7992,2008,0.7992,235
configs/exp4/arc_2q_2q_arc.cfg,experiments/data/hot8_scan_c24_seed47.in,ARC 2Q 2Q ARC,4,6 6 6 6,24,10000,7837,2163,0.7837,7992,2008,0.7992,155
configs/exp4/arc_2q_2q_lfu.cfg,experiments/data/hot8_scan_c24_seed47.in,ARC 2Q 2Q LFU,4,6 6 6 6,24,10000,7785,2215,0.7785,7992,2008,0.7992,207
configs/exp4/arc_2q_2q_lirs.cfg,experiments/data/hot8_scan_c24_seed47.in,ARC 2Q 2Q LIRS,4,6 6 6 6,24,10000,7848,2152,0.7848,7992,2008,0.7992,144
configs/exp4/arc_2q_2q_lru.cfg,experiments/data/hot8_scan_c24_seed47.in,ARC 2Q 2Q LRU,4,6 6 6 6,24,10000,7695,2305,0.7695,7992,2008,0.7992,297
configs/exp4/arc_2q_arc.cfg,experiments/data/hot8_scan_c24_seed47.in,ARC 2Q ARC,3,8 8 8,24,10000,7933,2067,0.7933,7992,2008,0.7992,59
configs/exp4/arc_2q_arc_2q.cfg,experiments/data/hot8_scan_c24_seed47.in,ARC 2Q ARC 2Q,4,6 6 6 6,24,10000,7847,2153,0.7847,7992,2008,0.7992,145
configs/exp4/arc_2q_arc_arc.cfg,experiments/data/hot8_scan_c24_seed47.in,ARC 2Q ARC ARC,4,6 6 6 6,24,10000,7803,2197,0.7803,7992,2008,0.7992,189
configs/exp4/arc_2q_arc_lfu.cfg,experiments/data/hot8_scan_c24_seed47.in,ARC 2Q ARC LFU,4,6 6 6 6,24,10000,7848,2152,0.7848,7992,2008,0.7992,144
configs/exp4/arc_2q_arc_lirs.cfg,experiments/data/hot8_scan_c24_seed47.in,ARC 2Q ARC LIRS,4,6 6 6 6,24,10000,7833,2167,0.7833,7992,2008,0.7992,159
configs/exp4/arc_2q_arc_lru.cfg,experiments/data/hot8_scan_c24_seed47.in,ARC 2Q ARC LRU,4,6 6 6 6,24,10000,7727,2273,0.7727,7992,2008,0.7992,265
configs/exp4/arc_2q_lfu.cfg,experiments/data/hot8_scan_c24_seed47.in,ARC 2Q LFU,3,8 8 8,24,10000,7849,2151,0.7849,7992,2008,0.7992,143
configs/exp4/arc_2q_lfu_2q.cfg,experiments/data/hot8_scan_c24_seed47.in,ARC 2Q LFU 2Q,4,6 6 6 6,24,10000,7985,2015,0.7985,7992,2008,0.7992,7
configs/exp4/arc_2q_lfu_arc.cfg,experiments/data/hot8_scan_c24_seed47.in,ARC 2Q LFU ARC,4,6 6 6 6,24,10000,7983,2017,0.7983,7992,2008,0.7992,9
configs/exp4/arc_2q_lfu_lfu.cfg,experiments/data/hot8_scan_c24_seed47.in,ARC 2Q LFU LFU,4,6 6 6 6,24,10000,7980,2020,0.798,7992,2008,0.7992,12
configs/exp4/arc_2q_lfu_lirs.cfg,experiments/data/hot8_scan_c24_seed47.in,ARC 2Q LFU LIRS,4,6 6 6 6,24,10000,7986,2014,0.7986,7992,2008,0.7992,6
configs/exp4/arc_2q_lfu_lru.cfg,experiments/data/hot8_scan_c24_seed47.in,ARC 2Q LFU LRU,4,6 6 6 6,24,10000,7735,2265,0.7735,7992,2008,0.7992,257
configs/exp4/arc_2q_lirs.cfg,experiments/data/hot8_scan_c24_seed47.in,ARC 2Q LIRS,3,8 8 8,24,10000,7984,2016,0.7984,7992,2008,0.7992,8
configs/exp4/arc_2q_lirs_2q.cfg,experiments/data/hot8_scan_c24_seed47.in,ARC 2Q LIRS 2Q,4,6 6 6 6,24,10000,7828,2172,0.7828,7992,2008,0.7992,164
configs/exp4/arc_2q_lirs_arc.cfg,experiments/data/hot8_scan_c24_seed47.in,ARC 2Q LIRS ARC,4,6 6 6 6,24,10000,7832,2168,0.7832,7992,2008,0.7992,160
configs/exp4/arc_2q_lirs_lfu.cfg,experiments/data/hot8_scan_c24_seed47.in,ARC 2Q LIRS LFU,4,6 6 6 6,24,10000,7867,2133,0.7867,7992,2008,0.7992,125
configs/exp4/arc_2q_lirs_lirs.cfg,experiments/data/hot8_scan_c24_seed47.in,ARC 2Q LIRS LIRS,4,6 6 6 6,24,10000,7786,2214,0.7786,7992,2008,0.7992,206
configs/exp4/arc_2q_lirs_lru.cfg,experiments/data/hot8_scan_c24_seed47.in,ARC 2Q LIRS LRU,4,6 6 6 6,24,10000,7773,2227,0.7773,7992,2008,0.7992,219
configs/exp4/arc_2q_lru.cfg,experiments/data/hot8_scan_c24_seed47.in,ARC 2Q LRU,3,8 8 8,24,10000,7804,2196,0.7804,7992,2008,0.7992,188
configs/exp4/arc_2q_lru_2q.cfg,experiments/data/hot8_scan_c24_seed47.in,ARC 2Q LRU 2Q,4,6 6 6 6,24,10000,7652,2348,0.7652,7992,2008,0.7992,340
configs/exp4/arc_2q_lru_arc.cfg,experiments/data/hot8_scan_c24_seed47.in,ARC 2Q LRU ARC,4,6 6 6 6,24,10000,7670,2330,0.767,7992,2008,0.7992,322
configs/exp4/arc_2q_lru_lfu.cfg,experiments/data/hot8_scan_c24_seed47.in,ARC 2Q LRU LFU,4,6 6 6 6,24,10000,7402,2598,0.7402,7992,2008,0.7992,590
configs/exp4/arc_2q_lru_lirs.cfg,experiments/data/hot8_scan_c24_seed47.in,ARC 2Q LRU LIRS,4,6 6 6 6,24,10000,7776,2224,0.7776,7992,2008,0.7992,216
configs/exp4/arc_2q_lru_lru.cfg,experiments/data/hot8_scan_c24_seed47.in,ARC 2Q LRU LRU,4,6 6 6 6,24,10000,7210,2790,0.721,7992,2008,0.7992,782
configs/exp4/arc_arc_2q.cfg,experiments/data/hot8_scan_c24_seed47.in,ARC ARC 2Q,3,8 8 8,24,10000,7934,2066,0.7934,7992,2008,0.7992,58
configs/exp4/arc_arc_2q_2q.cfg,experiments/data/hot8_scan_c24_seed47.in,ARC ARC 2Q 2Q,4,6 6 6 6,24,10000,7739,2261,0.7739,7992,2008,0.7992,253
configs/exp4/arc_arc_2q_arc.cfg,experiments/data/hot8_scan_c24_seed47.in,ARC ARC 2Q ARC,4,6 6 6 6,24,10000,7850,2150,0.785,7992,2008,0.7992,142
configs/exp4/arc_arc_2q_lfu.cfg,experiments/data/hot8_scan_c24_seed47.in,ARC ARC 2Q LFU,4,6 6 6 6,24,10000,7766,2234,0.7766,7992,2008,0.7992,226
configs/exp4/arc_arc_2q_lirs.cfg,experiments/data/hot8_scan_c24_seed47.in,ARC ARC 2Q LIRS,4,6 6 6 6,24,10000,7899,2101,0.7899,7992,2008,0.7992,93
configs/exp4/arc_arc_2q_lru.cfg,experiments/data/hot8_scan_c24_seed47.in,ARC ARC 2Q LRU,4,6 6 6 6,24,10000,7463,2537,0.7463,7992,2008,0.7992,529
configs/exp4/arc_arc_arc_2q.cfg,experiments/data/hot8_scan_c24_seed47.in,ARC ARC ARC 2Q,4,6 6 6 6,24,10000,7603,2397,0.7603,7992,2008,0.7992,389
configs/exp4/arc_arc_arc_lfu.cfg,experiments/data/hot8_scan_c24_seed47.in,ARC ARC ARC LFU,4,6 6 6 6,24,10000,7612,2388,0.7612,7992,2008,0.7992,380
configs/exp4/arc_arc_arc_lirs.cfg,experiments/data/hot8_scan_c24_seed47.in,ARC ARC ARC LIRS,4,6 6 6 6,24,10000,7600,2400,0.76,7992,2008,0.7992,392
configs/exp4/arc_arc_arc_lru.cfg,experiments/data/hot8_scan_c24_seed47.in,ARC ARC ARC LRU,4,6 6 6 6,24,10000,7209,2791,0.7209,7992,2008,0.7992,783
configs/exp4/arc_arc_lfu.cfg,experiments/data/hot8_scan_c24_seed47.in,ARC ARC LFU,3,8 8 8,24,10000,7861,2139,0.7861,7992,2008,0.7992,131
configs/exp4/arc_arc_lfu_2q.cfg,experiments/data/hot8_scan_c24_seed47.in,ARC ARC LFU 2Q,4,6 6 6 6,24,10000,7977,2023,0.7977,7992,2008,0.7992,15
configs/exp4/arc_arc_lfu_arc.cfg,experiments/data/hot8_scan_c24_seed47.in,ARC ARC LFU ARC,4,6 6 6 6,24,10000,7957,2043,0.7957,7992,2008,0.7992,35
configs/exp4/arc_arc_lfu_lfu.cfg,experiments/data/hot8_scan_c24_seed47.in,ARC ARC LFU LFU,4,6 6 6 6,24,10000,7911,2089,0.7911,7992,2008,0.7992,81
configs/exp4/arc_arc_lfu_lirs.cfg,experiments/data/hot8_scan_c24_seed47.in,ARC ARC LFU LIRS,4,6 6 6 6,24,10000,7985,2015,0.7985,7992,2008,0.7992,7
configs/exp4/arc_arc_lfu_lru.cfg,experiments/data/hot8_scan_c24_seed47.in,ARC ARC LFU LRU,4,6 6 6 6,24,10000,7526,2474,0.7526,7992,2008,0.7992,466
configs/exp4/arc_arc_lirs.cfg,experiments/data/hot8_scan_c24_seed47.in,ARC ARC LIRS,3,8 8 8,24,10000,7971,2029,0.7971,7992,2008,0.7992,21
configs/exp4/arc_arc_lirs_2q.cfg,experiments/data/hot8_scan_c24_seed47.in,ARC ARC LIRS 2Q,4,6 6 6 6,24,10000,7691,2309,0.7691,7992,2008,0.7992,301
configs/exp4/arc_arc_lirs_arc.cfg,experiments/data/hot8_scan_c24_seed47.in,ARC ARC LIRS ARC,4,6 6 6 6,24,10000,7641,2359,0.7641,7992,2008,0.7992,351
configs/exp4/arc_arc_lirs_lfu.cfg,experiments/data/hot8_scan_c24_seed47.in,ARC ARC LIRS LFU,4,6 6 6 6,24,10000,7708,2292,0.7708,7992,2008,0.7992,284
configs/exp4/arc_arc_lirs_lirs.cfg,experiments/data/hot8_scan_c24_seed47.in,ARC ARC LIRS LIRS,4,6 6 6 6,24,10000,7606,2394,0.7606,7992,2008,0.7992,386
configs/exp4/arc_arc_lirs_lru.cfg,experiments/data/hot8_scan_c24_seed47.in,ARC ARC LIRS LRU,4,6 6 6 6,24,10000,7347,2653,0.7347,7992,2008,0.7992,645
configs/exp4/arc_arc_lru.cfg,experiments/data/hot8_scan_c24_seed47.in,ARC ARC LRU,3,8 8 8,24,10000,7818,2182,0.7818,7992,2008,0.7992,174
configs/exp4/arc_arc_lru_2q.cfg,experiments/data/hot8_scan_c24_seed47.in,ARC ARC LRU 2Q,4,6 6 6 6,24,10000,7446,2554,0.7446,7992,2008,0.7992,546
configs/exp4/arc_arc_lru_arc.cfg,experiments/data/hot8_scan_c24_seed47.in,ARC ARC LRU ARC,4,6 6 6 6,24,10000,7183,2817,0.7183,7992,2008,0.7992,809
configs/exp4/arc_arc_lru_lfu.cfg,experiments/data/hot8_scan_c24_seed47.in,ARC ARC LRU LFU,4,6 6 6 6,24,10000,6867,3133,0.6867,7992,2008,0.7992,1125
configs/exp4/arc_arc_lru_lirs.cfg,experiments/data/hot8_scan_c24_seed47.in,ARC ARC LRU LIRS,4,6 6 6 6,24,10000,7373,2627,0.7373,7992,2008,0.7992,619
configs/exp4/arc_arc_lru_lru.cfg,experiments/data/hot8_scan_c24_seed47.in,ARC ARC LRU LRU,4,6 6 6 6,24,10000,6646,3354,0.6646,7992,2008,0.7992,1346
configs/exp4/arc_lfu.cfg,experiments/data/hot8_scan_c24_seed47.in,ARC LFU,2,12 12,24,10000,7991,2009,0.7991,7992,2008,0.7992,1
configs/exp4/arc_lfu_2q.cfg,experiments/data/hot8_scan_c24_seed47.in,ARC LFU 2Q,3,8 8 8,24,10000,7934,2066,0.7934,7992,2008,0.7992,58
configs/exp4/arc_lfu_2q_2q.cfg,experiments/data/hot8_scan_c24_seed47.in,ARC LFU 2Q 2Q,4,6 6 6 6,24,10000,7987,2013,0.7987,7992,2008,0.7992,5
configs/exp4/arc_lfu_2q_arc.cfg,experiments/data/hot8_scan_c24_seed47.in,ARC LFU 2Q ARC,4,6 6 6 6,24,10000,7987,2013,0.7987,7992,2008,0.7992,5
configs/exp4/arc_lfu_2q_lfu.cfg,experiments/data/hot8_scan_c24_seed47.in,ARC LFU 2Q LFU,4,6 6 6 6,24,10000,7987,2013,0.7987,7992,2008,0.7992,5
configs/exp4/arc_lfu_2q_lirs.cfg,experiments/data/hot8_scan_c24_seed47.in,ARC LFU 2Q LIRS,4,6 6 6 6,24,10000,7989,2011,0.7989,7992,2008,0.7992,3
configs/exp4/arc_lfu_2q_lru.cfg,experiments/data/hot8_scan_c24_seed47.in,ARC LFU 2Q LRU,4,6 6 6 6,24,10000,7987,2013,0.7987,7992,2008,0.7992,5
configs/exp4/arc_lfu_arc.cfg,experiments/data/hot8_scan_c24_seed47.in,ARC LFU ARC,3,8 8 8,24,10000,7938,2062,0.7938,7992,2008,0.7992,54
configs/exp4/arc_lfu_arc_2q.cfg,experiments/data/hot8_scan_c24_seed47.in,ARC LFU ARC 2Q,4,6 6 6 6,24,10000,7987,2013,0.7987,7992,2008,0.7992,5
configs/exp4/arc_lfu_arc_arc.cfg,experiments/data/hot8_scan_c24_seed47.in,ARC LFU ARC ARC,4,6 6 6 6,24,10000,7986,2014,0.7986,7992,2008,0.7992,6
configs/exp4/arc_lfu_arc_lfu.cfg,experiments/data/hot8_scan_c24_seed47.in,ARC LFU ARC LFU,4,6 6 6 6,24,10000,7986,2014,0.7986,7992,2008,0.7992,6
configs/exp4/arc_lfu_arc_lirs.cfg,experiments/data/hot8_scan_c24_seed47.in,ARC LFU ARC LIRS,4,6 6 6 6,24,10000,7990,2010,0.799,7992,2008,0.7992,2
configs/exp4/arc_lfu_arc_lru.cfg,experiments/data/hot8_scan_c24_seed47.in,ARC LFU ARC LRU,4,6 6 6 6,24,10000,7986,2014,0.7986,7992,2008,0.7992,6
configs/exp4/arc_lfu_lfu.cfg,experiments/data/hot8_scan_c24_seed47.in,ARC LFU LFU,3,8 8 8,24,10000,7816,2184,0.7816,7992,2008,0.7992,176
configs/exp4/arc_lfu_lfu_2q.cfg,experiments/data/hot8_scan_c24_seed47.in,ARC LFU LFU 2Q,4,6 6 6 6,24,10000,7987,2013,0.7987,7992,2008,0.7992,5
configs/exp4/arc_lfu_lfu_arc.cfg,experiments/data/hot8_scan_c24_seed47.in,ARC LFU LFU ARC,4,6 6 6 6,24,10000,7986,2014,0.7986,7992,2008,0.7992,6
configs/exp4/arc_lfu_lfu_lfu.cfg,experiments/data/hot8_scan_c24_seed47.in,ARC LFU LFU LFU,4,6 6 6 6,24,10000,7986,2014,0.7986,7992,2008,0.7992,6
configs/exp4/arc_lfu_lfu_lirs.cfg,experiments/data/hot8_scan_c24_seed47.in,ARC LFU LFU LIRS,4,6 6 6 6,24,10000,7990,2010,0.799,7992,2008,0.7992,2
configs/exp4/arc_lfu_lfu_lru.cfg,experiments/data/hot8_scan_c24_seed47.in,ARC LFU LFU LRU,4,6 6 6 6,24,10000,7984,2016,0.7984,7992,2008,0.7992,8
configs/exp4/arc_lfu_lirs.cfg,experiments/data/hot8_scan_c24_seed47.in,ARC LFU LIRS,3,8 8 8,24,10000,7988,2012,0.7988,7992,2008,0.7992,4
configs/exp4/arc_lfu_lirs_2q.cfg,experiments/data/hot8_scan_c24_seed47.in,ARC LFU LIRS 2Q,4,6 6 6 6,24,10000,7989,2011,0.7989,7992,2008,0.7992,3
configs/exp4/arc_lfu_lirs_arc.cfg,experiments/data/hot8_scan_c24_seed47.in,ARC LFU LIRS ARC,4,6 6 6 6,24,10000,7989,2011,0.7989,7992,2008,0.7992,3
configs/exp4/arc_lfu_lirs_lfu.cfg,experiments/data/hot8_scan_c24_seed47.in,ARC LFU LIRS LFU,4,6 6 6 6,24,10000,7989,2011,0.7989,7992,2008,0.7992,3
configs/exp4/arc_lfu_lirs_lirs.cfg,experiments/data/hot8_scan_c24_seed47.in,ARC LFU LIRS LIRS,4,6 6 6 6,24,10000,7987,2013,0.7987,7992,2008,0.7992,5
configs/exp4/arc_lfu_lirs_lru.cfg,experiments/data/hot8_scan_c24_seed47.in,ARC LFU LIRS LRU,4,6 6 6 6,24,10000,7989,2011,0.7989,7992,2008,0.7992,3
configs/exp4/arc_lfu_lru.cfg,experiments/data/hot8_scan_c24_seed47.in,ARC LFU LRU,3,8 8 8,24,10000,7665,2335,0.7665,7992,2008,0.7992,327
configs/exp4/arc_lfu_lru_2q.cfg,experiments/data/hot8_scan_c24_seed47.in,ARC LFU LRU 2Q,4,6 6 6 6,24,10000,7978,2022,0.7978,7992,2008,0.7992,14
configs/exp4/arc_lfu_lru_arc.cfg,experiments/data/hot8_scan_c24_seed47.in,ARC LFU LRU ARC,4,6 6 6 6,24,10000,7976,2024,0.7976,7992,2008,0.7992,16
configs/exp4/arc_lfu_lru_lfu.cfg,experiments/data/hot8_scan_c24_seed47.in,ARC LFU LRU LFU,4,6 6 6 6,24,10000,7774,2226,0.7774,7992,2008,0.7992,218
configs/exp4/arc_lfu_lru_lirs.cfg,experiments/data/hot8_scan_c24_seed47.in,ARC LFU LRU LIRS,4,6 6 6 6,24,10000,7987,2013,0.7987,7992,2008,0.7992,5
configs/exp4/arc_lfu_lru_lru.cfg,experiments/data/hot8_scan_c24_seed47.in,ARC LFU LRU LRU,4,6 6 6 6,24,10000,7403,2597,0.7403,7992,2008,0.7992,589
configs/exp4/arc_lirs.cfg,experiments/data/hot8_scan_c24_seed47.in,ARC LIRS,2,12 12,24,10000,7992,2008,0.7992,7992,2008,0.7992,0
configs/exp4/arc_lirs_2q.cfg,experiments/data/hot8_scan_c24_seed47.in,ARC LIRS 2Q,3,8 8 8,24,10000,7940,2060,0.794,7992,2008,0.7992,52
configs/exp4/arc_lirs_2q_2q.cfg,experiments/data/hot8_scan_c24_seed47.in,ARC LIRS 2Q 2Q,4,6 6 6 6,24,10000,7682,2318,0.7682,7992,2008,0.7992,310
configs/exp4/arc_lirs_2q_arc.cfg,experiments/data/hot8_scan_c24_seed47.in,ARC LIRS 2Q ARC,4,6 6 6 6,24,10000,7762,2238,0.7762,7992,2008,0.7992,230
configs/exp4/arc_lirs_2q_lfu.cfg,experiments/data/hot8_scan_c24_seed47.in,ARC LIRS 2Q LFU,4,6 6 6 6,24,10000,7765,2235,0.7765,7992,2008,0.7992,227
configs/exp4/arc_lirs_2q_lirs.cfg,experiments/data/hot8_scan_c24_seed47.in,ARC LIRS 2Q LIRS,4,6 6 6 6,24,10000,7777,2223,0.7777,7992,2008,0.7992,215
configs/exp4/arc_lirs_2q_lru.cfg,experiments/data/hot8_scan_c24_seed47.in,ARC LIRS 2Q LRU,4,6 6 6 6,24,10000,7570,2430,0.757,7992,2008,0.7992,422
configs/exp4/arc_lirs_arc.cfg,experiments/data/hot8_scan_c24_seed47.in,ARC LIRS ARC,3,8 8 8,24,10000,7931,2069,0.7931,7992,2008,0.7992,61
configs/exp4/arc_lirs_arc_2q.cfg,experiments/data/hot8_scan_c24_seed47.in,ARC LIRS ARC 2Q,4,6 6 6 6,24,10000,7706,2294,0.7706,7992,2008,0.7992,286
configs/exp4/arc_lirs_arc_arc.cfg,experiments/data/hot8_scan_c24_seed47.in,ARC LIRS ARC ARC,4,6 6 6 6,24,10000,7635,2365,0.7635,7992,2008,0.7992,357
configs/exp4/arc_lirs_arc_lfu.cfg,experiments/data/hot8_scan_c24_seed47.in,ARC LIRS ARC LFU,4,6 6 6 6,24,10000,7719,2281,0.7719,7992,2008,0.7992,273
configs/exp4/arc_lirs_arc_lirs.cfg,experiments/data/hot8_scan_c24_seed47.in,ARC LIRS ARC LIRS,4,6 6 6 6,24,10000,7677,2323,0.7677,7992,2008,0.7992,315
configs/exp4/arc_lirs_arc_lru.cfg,experiments/data/hot8_scan_c24_seed47.in,ARC LIRS ARC LRU,4,6 6 6 6,24,10000,7476,2524,0.7476,7992,2008,0.7992,516
configs/exp4/arc_lirs_lfu.cfg,experiments/data/hot8_scan_c24_seed47.in,ARC LIRS LFU,3,8 8 8,24,10000,7920,2080,0.792,7992,2008,0.7992,72
configs/exp4/arc_lirs_lfu_2q.cfg,experiments/data/hot8_scan_c24_seed47.in,ARC LIRS LFU 2Q,4,6 6 6 6,24,10000,7984,2016,0.7984,7992,2008,0.7992,8
configs/exp4/arc_lirs_lfu_arc.cfg,experiments/data/hot8_scan_c24_seed47.in,ARC LIRS LFU ARC,4,6 6 6 6,24,10000,7983,2017,0.7983,7992,2008,0.7992,9
configs/exp4/arc_lirs_lfu_lfu.cfg,experiments/data/hot8_scan_c24_seed47.in,ARC LIRS LFU LFU,4,6 6 6 6,24,10000,7983,2017,0.7983,7992,2008,0.7992,9
configs/exp4/arc_lirs_lfu_lirs.cfg,experiments/data/hot8_scan_c24_seed47.in,ARC LIRS LFU LIRS,4,6 6 6 6,24,10000,7987,2013,0.7987,7992,2008,0.7992,5
configs/exp4/arc_lirs_lfu_lru.cfg,experiments/data/hot8_scan_c24_seed47.in,ARC LIRS LFU LRU,4,6 6 6 6,24,10000,7658,2342,0.7658,7992,2008,0.7992,334
configs/exp4/arc_lirs_lirs.cfg,experiments/data/hot8_scan_c24_seed47.in,ARC LIRS LIRS,3,8 8 8,24,10000,7972,2028,0.7972,7992,2008,0.7992,20
configs/exp4/arc_lirs_lirs_2q.cfg,experiments/data/hot8_scan_c24_seed47.in,ARC LIRS LIRS 2Q,4,6 6 6 6,24,10000,7692,2308,0.7692,7992,2008,0.7992,300
configs/exp4/arc_lirs_lirs_arc.cfg,experiments/data/hot8_scan_c24_seed47.in,ARC LIRS LIRS ARC,4,6 6 6 6,24,10000,7668,2332,0.7668,7992,2008,0.7992,324
configs/exp4/arc_lirs_lirs_lfu.cfg,experiments/data/hot8_scan_c24_seed47.in,ARC LIRS LIRS LFU,4,6 6 6 6,24,10000,7753,2247,0.7753,7992,2008,0.7992,239
configs/exp4/arc_lirs_lirs_lirs.cfg,experiments/data/hot8_scan_c24_seed47.in,ARC LIRS LIRS LIRS,4,6 6 6 6,24,10000,7610,2390,0.761,7992,2008,0.7992,382
configs/exp4/arc_lirs_lirs_lru.cfg,experiments/data/hot8_scan_c24_seed47.in,ARC LIRS LIRS LRU,4,6 6 6 6,24,10000,7536,2464,0.7536,7992,2008,0.7992,456
configs/exp4/arc_lirs_lru.cfg,experiments/data/hot8_scan_c24_seed47.in,ARC LIRS LRU,3,8 8 8,24,10000,7886,2114,0.7886,7992,2008,0.7992,106
configs/exp4/arc_lirs_lru_2q.cfg,experiments/data/hot8_scan_c24_seed47.in,ARC LIRS LRU 2Q,4,6 6 6 6,24,10000,7591,2409,0.7591,7992,2008,0.7992,401
configs/exp4/arc_lirs_lru_arc.cfg,experiments/data/hot8_scan_c24_seed47.in,ARC LIRS LRU ARC,4,6 6 6 6,24,10000,7455,2545,0.7455,7992,2008,0.7992,537
configs/exp4/arc_lirs_lru_lfu.cfg,experiments/data/hot8_scan_c24_seed47.in,ARC LIRS LRU LFU,4,6 6 6 6,24,10000,7140,2860,0.714,7992,2008,0.7992,852
configs/exp4/arc_lirs_lru_lirs.cfg,experiments/data/hot8_scan_c24_seed47.in,ARC LIRS LRU LIRS,4,6 6 6 6,24,10000,7597,2403,0.7597,7992,2008,0.7992,395
configs/exp4/arc_lirs_lru_lru.cfg,experiments/data/hot8_scan_c24_seed47.in,ARC LIRS LRU LRU,4,6 6 6 6,24,10000,7025,2975,0.7025,7992,2008,0.7992,967
configs/exp4/arc_lru.cfg,experiments/data/hot8_scan_c24_seed47.in,ARC LRU,2,12 12,24,10000,7991,2009,0.7991,7992,2008,0.7992,1
configs/exp4/arc_lru_2q.cfg,experiments/data/hot8_scan_c24_seed47.in,ARC LRU 2Q,3,8 8 8,24,10000,7776,2224,0.7776,7992,2008,0.7992,216
configs/exp4/arc_lru_2q_2q.cfg,experiments/data/hot8_scan_c24_seed47.in,ARC LRU 2Q 2Q,4,6 6 6 6,24,10000,7848,2152,0.7848,7992,2008,0.7992,144
configs/exp4/arc_lru_2q_arc.cfg,experiments/data/hot8_scan_c24_seed47.in,ARC LRU 2Q ARC,4,6 6 6 6,24,10000,7908,2092,0.7908,7992,2008,0.7992,84
configs/exp4/arc_lru_2q_lfu.cfg,experiments/data/hot8_scan_c24_seed47.in,ARC LRU 2Q LFU,4,6 6 6 6,24,10000,7334,2666,0.7334,7992,2008,0.7992,658
configs/exp4/arc_lru_2q_lirs.cfg,experiments/data/hot8_scan_c24_seed47.in,ARC LRU 2Q LIRS,4,6 6 6 6,24,10000,7956,2044,0.7956,7992,2008,0.7992,36
configs/exp4/arc_lru_2q_lru.cfg,experiments/data/hot8_scan_c24_seed47.in,ARC LRU 2Q LRU,4,6 6 6 6,24,10000,7329,2671,0.7329,7992,2008,0.7992,663
configs/exp4/arc_lru_arc.cfg,experiments/data/hot8_scan_c24_seed47.in,ARC LRU ARC,3,8 8 8,24,10000,7606,2394,0.7606,7992,2008,0.7992,386
configs/exp4/arc_lru_arc_2q.cfg,experiments/data/hot8_scan_c24_seed47.in,ARC LRU ARC 2Q,4,6 6 6 6,24,10000,7507,2493,0.7507,7992,2008,0.7992,485
configs/exp4/arc_lru_arc_arc.cfg,experiments/data/hot8_scan_c24_seed47.in,ARC LRU ARC ARC,4,6 6 6 6,24,10000,7406,2594,0.7406,7992,2008,0.7992,586
configs/exp4/arc_lru_arc_lfu.cfg,experiments/data/hot8_scan_c24_seed47.in,ARC LRU ARC LFU,4,6 6 6 6,24,10000,7349,2651,0.7349,7992,2008,0.7992,643
configs/exp4/arc_lru_arc_lirs.cfg,experiments/data/hot8_scan_c24_seed47.in,ARC LRU ARC LIRS,4,6 6 6 6,24,10000,7501,2499,0.7501,7992,2008,0.7992,491
configs/exp4/arc_lru_arc_lru.cfg,experiments/data/hot8_scan_c24_seed47.in,ARC LRU ARC LRU,4,6 6 6 6,24,10000,6862,3138,0.6862,7992,2008,0.7992,1130
configs/exp4/arc_lru_lfu.cfg,experiments/data/hot8_scan_c24_seed47.in,ARC LRU LFU,3,8 8 8,24,10000,7314,2686,0.7314,7992,2008,0.7992,678
configs/exp4/arc_lru_lfu_2q.cfg,experiments/data/hot8_scan_c24_seed47.in,ARC LRU LFU 2Q,4,6 6 6 6,24,10000,7861,2139,0.7861,7992,2008,0.7992,131
configs/exp4/arc_lru_lfu_arc.cfg,experiments/data/hot8_scan_c24_seed47.in,ARC LRU LFU ARC,4,6 6 6 6,24,10000,7788,2212,0.7788,7992,2008,0.7992,204
configs/exp4/arc_lru_lfu_lfu.cfg,experiments/data/hot8_scan_c24_seed47.in,ARC LRU LFU LFU,4,6 6 6 6,24,10000,7381,2619,0.7381,7992,2008,0.7992,611
configs/exp4/arc_lru_lfu_lirs.cfg,experiments/data/hot8_scan_c24_seed47.in,ARC LRU LFU LIRS,4,6 6 6 6,24,10000,7859,2141,0.7859,7992,2008,0.7992,133
configs/exp4/arc_lru_lfu_lru.cfg,experiments/data/hot8_scan_c24_seed47.in,ARC LRU LFU LRU,4,6 6 6 6,24,10000,6653,3347,0.6653,7992,2008,0.7992,1339
configs/exp4/arc_lru_lirs.cfg,experiments/data/hot8_scan_c24_seed47.in,ARC LRU LIRS,3,8 8 8,24,10000,7884,2116,0.7884,7992,2008,0.7992,108
configs/exp4/arc_lru_lirs_2q.cfg,experiments/data/hot8_scan_c24_seed47.in,ARC LRU LIRS 2Q,4,6 6 6 6,24,10000,7609,2391,0.7609,7992,2008,0.7992,383
configs/exp4/arc_lru_lirs_arc.cfg,experiments/data/hot8_scan_c24_seed47.in,ARC LRU LIRS ARC,4,6 6 6 6,24,10000,7592,2408,0.7592,7992,2008,0.7992,400
configs/exp4/arc_lru_lirs_lfu.cfg,experiments/data/hot8_scan_c24_seed47.in,ARC LRU LIRS LFU,4,6 6 6 6,24,10000,7487,2513,0.7487,7992,2008,0.7992,505
configs/exp4/arc_lru_lirs_lirs.cfg,experiments/data/hot8_scan_c24_seed47.in,ARC LRU LIRS LIRS,4,6 6 6 6,24,10000,7588,2412,0.7588,7992,2008,0.7992,404
configs/exp4/arc_lru_lirs_lru.cfg,experiments/data/hot8_scan_c24_seed47.in,ARC LRU LIRS LRU,4,6 6 6 6,24,10000,7122,2878,0.7122,7992,2008,0.7992,870
configs/exp4/arc_lru_lru.cfg,experiments/data/hot8_scan_c24_seed47.in,ARC LRU LRU,3,8 8 8,24,10000,7216,2784,0.7216,7992,2008,0.7992,776
configs/exp4/arc_lru_lru_2q.cfg,experiments/data/hot8_scan_c24_seed47.in,ARC LRU LRU 2Q,4,6 6 6 6,24,10000,7162,2838,0.7162,7992,2008,0.7992,830
configs/exp4/arc_lru_lru_arc.cfg,experiments/data/hot8_scan_c24_seed47.in,ARC LRU LRU ARC,4,6 6 6 6,24,10000,6666,3334,0.6666,7992,2008,0.7992,1326
configs/exp4/arc_lru_lru_lfu.cfg,experiments/data/hot8_scan_c24_seed47.in,ARC LRU LRU LFU,4,6 6 6 6,24,10000,6181,3819,0.6181,7992,2008,0.7992,1811
configs/exp4/arc_lru_lru_lirs.cfg,experiments/data/hot8_scan_c24_seed47.in,ARC LRU LRU LIRS,4,6 6 6 6,24,10000,7040,2960,0.704,7992,2008,0.7992,952
configs/exp4/arc_lru_lru_lru.cfg,experiments/data/hot8_scan_c24_seed47.in,ARC LRU LRU LRU,4,6 6 6 6,24,10000,5821,4179,0.5821,7992,2008,0.7992,2171
configs/exp4/lfu_2q.cfg,experiments/data/hot8_scan_c24_seed47.in,LFU 2Q,2,12 12,24,10000,7991,2009,0.7991,7992,2008,0.7992,1
configs/exp4/lfu_2q_2q.cfg,experiments/data/hot8_scan_c24_seed47.in,LFU 2Q 2Q,3,8 8 8,24,10000,7990,2010,0.799,7992,2008,0.7992,2
configs/exp4/lfu_2q_2q_2q.cfg,experiments/data/hot8_scan_c24_seed47.in,LFU 2Q 2Q 2Q,4,6 6 6 6,24,10000,7989,2011,0.7989,7992,2008,0.7992,3
configs/exp4/lfu_2q_2q_arc.cfg,experiments/data/hot8_scan_c24_seed47.in,LFU 2Q 2Q ARC,4,6 6 6 6,24,10000,7989,2011,0.7989,7992,2008,0.7992,3
configs/exp4/lfu_2q_2q_lfu.cfg,experiments/data/hot8_scan_c24_seed47.in,LFU 2Q 2Q LFU,4,6 6 6 6,24,10000,7989,2011,0.7989,7992,2008,0.7992,3
configs/exp4/lfu_2q_2q_lirs.cfg,experiments/data/hot8_scan_c24_seed47.in,LFU 2Q 2Q LIRS,4,6 6 6 6,24,10000,7990,2010,0.799,7992,2008,0.7992,2
configs/exp4/lfu_2q_2q_lru.cfg,experiments/data/hot8_scan_c24_seed47.in,LFU 2Q 2Q LRU,4,6 6 6 6,24,10000,7989,2011,0.7989,7992,2008,0.7992,3
configs/exp4/lfu_2q_arc.cfg,experiments/data/hot8_scan_c24_seed47.in,LFU 2Q ARC,3,8 8 8,24,10000,7990,2010,0.799,7992,2008,0.7992,2
configs/exp4/lfu_2q_arc_2q.cfg,experiments/data/hot8_scan_c24_seed47.in,LFU 2Q ARC 2Q,4,6 6 6 6,24,10000,7989,2011,0.7989,7992,2008,0.7992,3
configs/exp4/lfu_2q_arc_arc.cfg,experiments/data/hot8_scan_c24_seed47.in,LFU 2Q ARC ARC,4,6 6 6 6,24,10000,7989,2011,0.7989,7992,2008,0.7992,3
configs/exp4/lfu_2q_arc_lfu.cfg,experiments/data/hot8_scan_c24_seed47.in,LFU 2Q ARC LFU,4,6 6 6 6,24,10000,7989,2011,0.7989,7992,2008,0.7992,3
configs/exp4/lfu_2q_arc_lirs.cfg,experiments/data/hot8_scan_c24_seed47.in,LFU 2Q ARC LIRS,4,6 6 6 6,24,10000,7990,2010,0.799,7992,2008,0.7992,2
configs/exp4/lfu_2q_arc_lru.cfg,experiments/data/hot8_scan_c24_seed47.in,LFU 2Q ARC LRU,4,6 6 6 6,24,10000,7989,2011,0.7989,7992,2008,0.7992,3
configs/exp4/lfu_2q_lfu.cfg,experiments/data/hot8_scan_c24_seed47.in,LFU 2Q LFU,3,8 8 8,24,10000,7990,2010,0.799,7992,2008,0.7992,2
configs/exp4/lfu_2q_lfu_2q.cfg,experiments/data/hot8_scan_c24_seed47.in,LFU 2Q LFU 2Q,4,6 6 6 6,24,10000,7989,2011,0.7989,7992,2008,0.7992,3
configs/exp4/lfu_2q_lfu_arc.cfg,experiments/data/hot8_scan_c24_seed47.in,LFU 2Q LFU ARC,4,6 6 6 6,24,10000,7989,2011,0.7989,7992,2008,0.7992,3
configs/exp4/lfu_2q_lfu_lfu.cfg,experiments/data/hot8_scan_c24_seed47.in,LFU 2Q LFU LFU,4,6 6 6 6,24,10000,7989,2011,0.7989,7992,2008,0.7992,3
configs/exp4/lfu_2q_lfu_lirs.cfg,experiments/data/hot8_scan_c24_seed47.in,LFU 2Q LFU LIRS,4,6 6 6 6,24,10000,7990,2010,0.799,7992,2008,0.7992,2
configs/exp4/lfu_2q_lfu_lru.cfg,experiments/data/hot8_scan_c24_seed47.in,LFU 2Q LFU LRU,4,6 6 6 6,24,10000,7989,2011,0.7989,7992,2008,0.7992,3
configs/exp4/lfu_2q_lirs.cfg,experiments/data/hot8_scan_c24_seed47.in,LFU 2Q LIRS,3,8 8 8,24,10000,7992,2008,0.7992,7992,2008,0.7992,0
configs/exp4/lfu_2q_lirs_2q.cfg,experiments/data/hot8_scan_c24_seed47.in,LFU 2Q LIRS 2Q,4,6 6 6 6,24,10000,7990,2010,0.799,7992,2008,0.7992,2
configs/exp4/lfu_2q_lirs_arc.cfg,experiments/data/hot8_scan_c24_seed47.in,LFU 2Q LIRS ARC,4,6 6 6 6,24,10000,7990,2010,0.799,7992,2008,0.7992,2
configs/exp4/lfu_2q_lirs_lfu.cfg,experiments/data/hot8_scan_c24_seed47.in,LFU 2Q LIRS LFU,4,6 6 6 6,24,10000,7990,2010,0.799,7992,2008,0.7992,2
configs/exp4/lfu_2q_lirs_lirs.cfg,experiments/data/hot8_scan_c24_seed47.in,LFU 2Q LIRS LIRS,4,6 6 6 6,24,10000,7989,2011,0.7989,7992,2008,0.7992,3
configs/exp4/lfu_2q_lirs_lru.cfg,experiments/data/hot8_scan_c24_seed47.in,LFU 2Q LIRS LRU,4,6 6 6 6,24,10000,7990,2010,0.799,7992,2008,0.7992,2
configs/exp4/lfu_2q_lru.cfg,experiments/data/hot8_scan_c24_seed47.in,LFU 2Q LRU,3,8 8 8,24,10000,7990,2010,0.799,7992,2008,0.7992,2
configs/exp4/lfu_2q_lru_2q.cfg,experiments/data/hot8_scan_c24_seed47.in,LFU 2Q LRU 2Q,4,6 6 6 6,24,10000,7989,2011,0.7989,7992,2008,0.7992,3
configs/exp4/lfu_2q_lru_arc.cfg,experiments/data/hot8_scan_c24_seed47.in,LFU 2Q LRU ARC,4,6 6 6 6,24,10000,7989,2011,0.7989,7992,2008,0.7992,3
configs/exp4/lfu_2q_lru_lfu.cfg,experiments/data/hot8_scan_c24_seed47.in,LFU 2Q LRU LFU,4,6 6 6 6,24,10000,7989,2011,0.7989,7992,2008,0.7992,3
configs/exp4/lfu_2q_lru_lirs.cfg,experiments/data/hot8_scan_c24_seed47.in,LFU 2Q LRU LIRS,4,6 6 6 6,24,10000,7990,2010,0.799,7992,2008,0.7992,2
configs/exp4/lfu_2q_lru_lru.cfg,experiments/data/hot8_scan_c24_seed47.in,LFU 2Q LRU LRU,4,6 6 6 6,24,10000,7989,2011,0.7989,7992,2008,0.7992,3
configs/exp4/lfu_arc.cfg,experiments/data/hot8_scan_c24_seed47.in,LFU ARC,2,12 12,24,10000,7991,2009,0.7991,7992,2008,0.7992,1
configs/exp4/lfu_arc_2q.cfg,experiments/data/hot8_scan_c24_seed47.in,LFU ARC 2Q,3,8 8 8,24,10000,7990,2010,0.799,7992,2008,0.7992,2
configs/exp4/lfu_arc_2q_2q.cfg,experiments/data/hot8_scan_c24_seed47.in,LFU ARC 2Q 2Q,4,6 6 6 6,24,10000,7989,2011,0.7989,7992,2008,0.7992,3
configs/exp4/lfu_arc_2q_arc.cfg,experiments/data/hot8_scan_c24_seed47.in,LFU ARC 2Q ARC,4,6 6 6 6,24,10000,7989,2011,0.7989,7992,2008,0.7992,3
configs/exp4/lfu_arc_2q_lfu.cfg,experiments/data/hot8_scan_c24_seed47.in,LFU ARC 2Q LFU,4,6 6 6 6,24,10000,7989,2011,0.7989,7992,2008,0.7992,3
configs/exp4/lfu_arc_2q_lirs.cfg,experiments/data/hot8_scan_c24_seed47.in,LFU ARC 2Q LIRS,4,6 6 6 6,24,10000,7990,2010,0.799,7992,2008,0.7992,2
configs/exp4/lfu_arc_2q_lru.cfg,experiments/data/hot8_scan_c24_seed47.in,LFU ARC 2Q LRU,4,6 6 6 6,24,10000,7989,2011,0.7989,7992,2008,0.7992,3
configs/exp4/lfu_arc_arc.cfg,experiments/data/hot8_scan_c24_seed47.in,LFU ARC ARC,3,8 8 8,24,10000,7990,2010,0.799,7992,2008,0.7992,2
configs/exp4/lfu_arc_arc_2q.cfg,experiments/data/hot8_scan_c24_seed47.in,LFU ARC ARC 2Q,4,6 6 6 6,24,10000,7989,2011,0.7989,7992,2008,0.7992,3
configs/exp4/lfu_arc_arc_arc.cfg,experiments/data/hot8_scan_c24_seed47.in,LFU ARC ARC ARC,4,6 6 6 6,24,10000,7989,2011,0.7989,7992,2008,0.7992,3
configs/exp4/lfu_arc_arc_lfu.cfg,experiments/data/hot8_scan_c24_seed47.in,LFU ARC ARC LFU,4,6 6 6 6,24,10000,7989,2011,0.7989,7992,2008,0.7992,3
configs/exp4/lfu_arc_arc_lirs.cfg,experiments/data/hot8_scan_c24_seed47.in,LFU ARC ARC LIRS,4,6 6 6 6,24,10000,7990,2010,0.799,7992,2008,0.7992,2
configs/exp4/lfu_arc_arc_lru.cfg,experiments/data/hot8_scan_c24_seed47.in,LFU ARC ARC LRU,4,6 6 6 6,24,10000,7989,2011,0.7989,7992,2008,0.7992,3
configs/exp4/lfu_arc_lfu.cfg,experiments/data/hot8_scan_c24_seed47.in,LFU ARC LFU,3,8 8 8,24,10000,7990,2010,0.799,7992,2008,0.7992,2
configs/exp4/lfu_arc_lfu_2q.cfg,experiments/data/hot8_scan_c24_seed47.in,LFU ARC LFU 2Q,4,6 6 6 6,24,10000,7989,2011,0.7989,7992,2008,0.7992,3
configs/exp4/lfu_arc_lfu_arc.cfg,experiments/data/hot8_scan_c24_seed47.in,LFU ARC LFU ARC,4,6 6 6 6,24,10000,7989,2011,0.7989,7992,2008,0.7992,3
configs/exp4/lfu_arc_lfu_lfu.cfg,experiments/data/hot8_scan_c24_seed47.in,LFU ARC LFU LFU,4,6 6 6 6,24,10000,7989,2011,0.7989,7992,2008,0.7992,3
configs/exp4/lfu_arc_lfu_lirs.cfg,experiments/data/hot8_scan_c24_seed47.in,LFU ARC LFU LIRS,4,6 6 6 6,24,10000,7990,2010,0.799,7992,2008,0.7992,2
configs/exp4/lfu_arc_lfu_lru.cfg,experiments/data/hot8_scan_c24_seed47.in,LFU ARC LFU LRU,4,6 6 6 6,24,10000,7989,2011,0.7989,7992,2008,0.7992,3
configs/exp4/lfu_arc_lirs.cfg,experiments/data/hot8_scan_c24_seed47.in,LFU ARC LIRS,3,8 8 8,24,10000,7992,2008,0.7992,7992,2008,0.7992,0
configs/exp4/lfu_arc_lirs_2q.cfg,experiments/data/hot8_scan_c24_seed47.in,LFU ARC LIRS 2Q,4,6 6 6 6,24,10000,7990,2010,0.799,7992,2008,0.7992,2
configs/exp4/lfu_arc_lirs_arc.cfg,experiments/data/hot8_scan_c24_seed47.in,LFU ARC LIRS ARC,4,6 6 6 6,24,10000,7990,2010,0.799,7992,2008,0.7992,2
configs/exp4/lfu_arc_lirs_lfu.cfg,experiments/data/hot8_scan_c24_seed47.in,LFU ARC LIRS LFU,4,6 6 6 6,24,10000,7990,2010,0.799,7992,2008,0.7992,2
configs/exp4/lfu_arc_lirs_lirs.cfg,experiments/data/hot8_scan_c24_seed47.in,LFU ARC LIRS LIRS,4,6 6 6 6,24,10000,7990,2010,0.799,7992,2008,0.7992,2
configs/exp4/lfu_arc_lirs_lru.cfg,experiments/data/hot8_scan_c24_seed47.in,LFU ARC LIRS LRU,4,6 6 6 6,24,10000,7990,2010,0.799,7992,2008,0.7992,2
configs/exp4/lfu_arc_lru.cfg,experiments/data/hot8_scan_c24_seed47.in,LFU ARC LRU,3,8 8 8,24,10000,7990,2010,0.799,7992,2008,0.7992,2
configs/exp4/lfu_arc_lru_2q.cfg,experiments/data/hot8_scan_c24_seed47.in,LFU ARC LRU 2Q,4,6 6 6 6,24,10000,7989,2011,0.7989,7992,2008,0.7992,3
configs/exp4/lfu_arc_lru_arc.cfg,experiments/data/hot8_scan_c24_seed47.in,LFU ARC LRU ARC,4,6 6 6 6,24,10000,7989,2011,0.7989,7992,2008,0.7992,3
configs/exp4/lfu_arc_lru_lfu.cfg,experiments/data/hot8_scan_c24_seed47.in,LFU ARC LRU LFU,4,6 6 6 6,24,10000,7989,2011,0.7989,7992,2008,0.7992,3
configs/exp4/lfu_arc_lru_lirs.cfg,experiments/data/hot8_scan_c24_seed47.in,LFU ARC LRU LIRS,4,6 6 6 6,24,10000,7990,2010,0.799,7992,2008,0.7992,2
configs/exp4/lfu_arc_lru_lru.cfg,experiments/data/hot8_scan_c24_seed47.in,LFU ARC LRU LRU,4,6 6 6 6,24,10000,7989,2011,0.7989,7992,2008,0.7992,3
configs/exp4/lfu_lfu_2q.cfg,experiments/data/hot8_scan_c24_seed47.in,LFU LFU 2Q,3,8 8 8,24,10000,7990,2010,0.799,7992,2008,0.7992,2
configs/exp4/lfu_lfu_2q_2q.cfg,experiments/data/hot8_scan_c24_seed47.in,LFU LFU 2Q 2Q,4,6 6 6 6,24,10000,7989,2011,0.7989,7992,2008,0.7992,3
configs/exp4/lfu_lfu_2q_arc.cfg,experiments/data/hot8_scan_c24_seed47.in,LFU LFU 2Q ARC,4,6 6 6 6,24,10000,7989,2011,0.7989,7992,2008,0.7992,3
configs/exp4/lfu_lfu_2q_lfu.cfg,experiments/data/hot8_scan_c24_seed47.in,LFU LFU 2Q LFU,4,6 6 6 6,24,10000,7989,2011,0.7989,7992,2008,0.7992,3
configs/exp4/lfu_lfu_2q_lirs.cfg,experiments/data/hot8_scan_c24_seed47.in,LFU LFU 2Q LIRS,4,6 6 6 6,24,10000,7990,2010,0.799,7992,2008,0.7992,2
configs/exp4/lfu_lfu_2q_lru.cfg,experiments/data/hot8_scan_c24_seed47.in,LFU LFU 2Q LRU,4,6 6 6 6,24,10000,7989,2011,0.7989,7992,2008,0.7992,3
configs/exp4/lfu_lfu_arc.cfg,experiments/data/hot8_scan_c24_seed47.in,LFU LFU ARC,3,8 8 8,24,10000,7990,2010,0.799,7992,2008,0.7992,2
configs/exp4/lfu_lfu_arc_2q.cfg,experiments/data/hot8_scan_c24_seed47.in,LFU LFU ARC 2Q,4,6 6 6 6,24,10000,7989,2011,0.7989,7992,2008,0.7992,3
configs/exp4/lfu_lfu_arc_arc.cfg,experiments/data/hot8_scan_c24_seed47.in,LFU LFU ARC ARC,4,6 6 6 6,24,10000,7988,2012,0.7988,7992,2008,0.7992,4
configs/exp4/lfu_lfu_arc_lfu.cfg,experiments/data/hot8_scan_c24_seed47.in,LFU LFU ARC LFU,4,6 6 6 6,24,10000,7988,2012,0.7988,7992,2008,0.7992,4
configs/exp4/lfu_lfu_arc_lirs.cfg,experiments/data/hot8_scan_c24_seed47.in,LFU LFU ARC LIRS,4,6 6 6 6,24,10000,7990,2010,0.799,7992,2008,0.7992,2
configs/exp4/lfu_lfu_arc_lru.cfg,experiments/data/hot8_scan_c24_seed47.in,LFU LFU ARC LRU,4,6 6 6 6,24,10000,7988,2012,0.7988,7992,2008,0.7992,4
configs/exp4/lfu_lfu_lfu_2q.cfg,experiments/data/hot8_scan_c24_seed47.in,LFU LFU LFU 2Q,4,6 6 6 6,24,10000,7989,2011,0.7989,7992,2008,0.7992,3
configs/exp4/lfu_lfu_lfu_arc.cfg,experiments/data/hot8_scan_c24_seed47.in,LFU LFU LFU ARC,4,6 6 6 6,24,10000,7988,2012,0.7988,7992,2008,0.7992,4
configs/exp4/lfu_lfu_lfu_lirs.cfg,experiments/data/hot8_scan_c24_seed47.in,LFU LFU LFU LIRS,4,6 6 6 6,24,10000,7990,2010,0.799,7992,2008,0.7992,2
configs/exp4/lfu_lfu_lfu_lru.cfg,experiments/data/hot8_scan_c24_seed47.in,LFU LFU LFU LRU,4,6 6 6 6,24,10000,7988,2012,0.7988,7992,2008,0.7992,4
configs/exp4/lfu_lfu_lirs.cfg,experiments/data/hot8_scan_c24_seed47.in,LFU LFU LIRS,3,8 8 8,24,10000,7992,2008,0.7992,7992,2008,0.7992,0
configs/exp4/lfu_lfu_lirs_2q.cfg,experiments/data/hot8_scan_c24_seed47.in,LFU LFU LIRS 2Q,4,6 6 6 6,24,10000,7990,2010,0.799,7992,2008,0.7992,2
configs/exp4/lfu_lfu_lirs_arc.cfg,experiments/data/hot8_scan_c24_seed47.in,LFU LFU LIRS ARC,4,6 6 6 6,24,10000,7990,2010,0.799,7992,2008,0.7992,2
configs/exp4/lfu_lfu_lirs_lfu.cfg,experiments/data/hot8_scan_c24_seed47.in,LFU LFU LIRS LFU,4,6 6 6 6,24,10000,7990,2010,0.799,7992,2008,0.7992,2
configs/exp4/lfu_lfu_lirs_lirs.cfg,experiments/data/hot8_scan_c24_seed47.in,LFU LFU LIRS LIRS,4,6 6 6 6,24,10000,7989,2011,0.7989,7992,2008,0.7992,3
configs/exp4/lfu_lfu_lirs_lru.cfg,experiments/data/hot8_scan_c24_seed47.in,LFU LFU LIRS LRU,4,6 6 6 6,24,10000,7990,2010,0.799,7992,2008,0.7992,2
configs/exp4/lfu_lfu_lru.cfg,experiments/data/hot8_scan_c24_seed47.in,LFU LFU LRU,3,8 8 8,24,10000,7990,2010,0.799,7992,2008,0.7992,2
configs/exp4/lfu_lfu_lru_2q.cfg,experiments/data/hot8_scan_c24_seed47.in,LFU LFU LRU 2Q,4,6 6 6 6,24,10000,7989,2011,0.7989,7992,2008,0.7992,3
configs/exp4/lfu_lfu_lru_arc.cfg,experiments/data/hot8_scan_c24_seed47.in,LFU LFU LRU ARC,4,6 6 6 6,24,10000,7988,2012,0.7988,7992,2008,0.7992,4
configs/exp4/lfu_lfu_lru_lfu.cfg,experiments/data/hot8_scan_c24_seed47.in,LFU LFU LRU LFU,4,6 6 6 6,24,10000,7988,2012,0.7988,7992,2008,0.7992,4
configs/exp4/lfu_lfu_lru_lirs.cfg,experiments/data/hot8_scan_c24_seed47.in,LFU LFU LRU LIRS,4,6 6 6 6,24,10000,7990,2010,0.799,7992,2008,0.7992,2
configs/exp4/lfu_lfu_lru_lru.cfg,experiments/data/hot8_scan_c24_seed47.in,LFU LFU LRU LRU,4,6 6 6 6,24,10000,7988,2012,0.7988,7992,2008,0.7992,4
configs/exp4/lfu_lirs.cfg,experiments/data/hot8_scan_c24_seed47.in,LFU LIRS,2,12 12,24,10000,7992,2008,0.7992,7992,2008,0.7992,0
configs/exp4/lfu_lirs_2q.cfg,experiments/data/hot8_scan_c24_seed47.in,LFU LIRS 2Q,3,8 8 8,24,10000,7992,2008,0.7992,7992,2008,0.7992,0
configs/exp4/lfu_lirs_2q_2q.cfg,experiments/data/hot8_scan_c24_seed47.in,LFU LIRS 2Q 2Q,4,6 6 6 6,24,10000,7989,2011,0.7989,7992,2008,0.7992,3
configs/exp4/lfu_lirs_2q_arc.cfg,experiments/data/hot8_scan_c24_seed47.in,LFU LIRS 2Q ARC,4,6 6 6 6,24,10000,7989,2011,0.7989,7992,2008,0.7992,3
configs/exp4/lfu_lirs_2q_lfu.cfg,experiments/data/hot8_scan_c24_seed47.in,LFU LIRS 2Q LFU,4,6 6 6 6,24,10000,7989,2011,0.7989,7992,2008,0.7992,3
configs/exp4/lfu_lirs_2q_lirs.cfg,experiments/data/hot8_scan_c24_seed47.in,LFU LIRS 2Q LIRS,4,6 6 6 6,24,10000,7989,2011,0.7989,7992,2008,0.7992,3
configs/exp4/lfu_lirs_2q_lru.cfg,experiments/data/hot8_scan_c24_seed47.in,LFU LIRS 2Q LRU,4,6 6 6 6,24,10000,7989,2011,0.7989,7992,2008,0.7992,3
configs/exp4/lfu_lirs_arc.cfg,experiments/data/hot8_scan_c24_seed47.in,LFU LIRS ARC,3,8 8 8,24,10000,7992,2008,0.7992,7992,2008,0.7992,0
configs/exp4/lfu_lirs_arc_2q.cfg,experiments/data/hot8_scan_c24_seed47.in,LFU LIRS ARC 2Q,4,6 6 6 6,24,10000,7989,2011,0.7989,7992,2008,0.7992,3
configs/exp4/lfu_lirs_arc_arc.cfg,experiments/data/hot8_scan_c24_seed47.in,LFU LIRS ARC ARC,4,6 6 6 6,24,10000,7989,2011,0.7989,7992,2008,0.7992,3
configs/exp4/lfu_lirs_arc_lfu.cfg,experiments/data/hot8_scan_c24_seed47.in,LFU LIRS ARC LFU,4,6 6 6 6,24,10000,7989,2011,0.7989,7992,2008,0.7992,3
configs/exp4/lfu_lirs_arc_lirs.cfg,experiments/data/hot8_scan_c24_seed47.in,LFU LIRS ARC LIRS,4,6 6 6 6,24,10000,7989,2011,0.7989,7992,2008,0.7992,3
configs/exp4/lfu_lirs_arc_lru.cfg,experiments/data/hot8_scan_c24_seed47.in,LFU LIRS ARC LRU,4,6 6 6 6,24,10000,7989,2011,0.7989,7992,2008,0.7992,3
configs/exp4/lfu_lirs_lfu.cfg,experiments/data/hot8_scan_c24_seed47.in,LFU LIRS LFU,3,8 8 8,24,10000,7992,2008,0.7992,7992,2008,0.7992,0
configs/exp4/lfu_lirs_lfu_2q.cfg,experiments/data/hot8_scan_c24_seed47.in,LFU LIRS LFU 2Q,4,6 6 6 6,24,10000,7989,2011,0.7989,7992,2008,0.7992,3
configs/exp4/lfu_lirs_lfu_arc.cfg,experiments/data/hot8_scan_c24_seed47.in,LFU LIRS LFU ARC,4,6 6 6 6,24,10000,7989,2011,0.7989,7992,2008,0.7992,3
configs/exp4/lfu_lirs_lfu_lfu.cfg,experiments/data/hot8_scan_c24_seed47.in,LFU LIRS LFU LFU,4,6 6 6 6,24,10000,7989,2011,0.7989,7992,2008,0.7992,3
configs/exp4/lfu_lirs_lfu_lirs.cfg,experiments/data/hot8_scan_c24_seed47.in,LFU LIRS LFU LIRS,4,6 6 6 6,24,10000,7990,2010,0.799,7992,2008,0.7992,2
configs/exp4/lfu_lirs_lfu_lru.cfg,experiments/data/hot8_scan_c24_seed47.in,LFU LIRS LFU LRU,4,6 6 6 6,24,10000,7989,2011,0.7989,7992,2008,0.7992,3
configs/exp4/lfu_lirs_lirs.cfg,experiments/data/hot8_scan_c24_seed47.in,LFU LIRS LIRS,3,8 8 8,24,10000,7992,2008,0.7992,7992,2008,0.7992,0
configs/exp4/lfu_lirs_lirs_2q.cfg,experiments/data/hot8_scan_c24_seed47.in,LFU LIRS LIRS 2Q,4,6 6 6 6,24,10000,7988,2012,0.7988,7992,2008,0.7992,4
configs/exp4/lfu_lirs_lirs_arc.cfg,experiments/data/hot8_scan_c24_seed47.in,LFU LIRS LIRS ARC,4,6 6 6 6,24,10000,7988,2012,0.7988,7992,2008,0.7992,4
configs/exp4/lfu_lirs_lirs_lfu.cfg,experiments/data/hot8_scan_c24_seed47.in,LFU LIRS LIRS LFU,4,6 6 6 6,24,10000,7989,2011,0.7989,7992,2008,0.7992,3
configs/exp4/lfu_lirs_lirs_lirs.cfg,experiments/data/hot8_scan_c24_seed47.in,LFU LIRS LIRS LIRS,4,6 6 6 6,24,10000,7986,2014,0.7986,7992,2008,0.7992,6
configs/exp4/lfu_lirs_lirs_lru.cfg,experiments/data/hot8_scan_c24_seed47.in,LFU LIRS LIRS LRU,4,6 6 6 6,24,10000,7989,2011,0.7989,7992,2008,0.7992,3
configs/exp4/lfu_lirs_lru.cfg,experiments/data/hot8_scan_c24_seed47.in,LFU LIRS LRU,3,8 8 8,24,10000,7992,2008,0.7992,7992,2008,0.7992,0
configs/exp4/lfu_lirs_lru_2q.cfg,experiments/data/hot8_scan_c24_seed47.in,LFU LIRS LRU 2Q,4,6 6 6 6,24,10000,7989,2011,0.7989,7992,2008,0.7992,3
configs/exp4/lfu_lirs_lru_arc.cfg,experiments/data/hot8_scan_c24_seed47.in,LFU LIRS LRU ARC,4,6 6 6 6,24,10000,7989,2011,0.7989,7992,2008,0.7992,3
configs/exp4/lfu_lirs_lru_lfu.cfg,experiments/data/hot8_scan_c24_seed47.in,LFU LIRS LRU LFU,4,6 6 6 6,24,10000,7989,2011,0.7989,7992,2008,0.7992,3
configs/exp4/lfu_lirs_lru_lirs.cfg,experiments/data/hot8_scan_c24_seed47.in,LFU LIRS LRU LIRS,4,6 6 6 6,24,10000,7990,2010,0.799,7992,2008,0.7992,2
configs/exp4/lfu_lirs_lru_lru.cfg,experiments/data/hot8_scan_c24_seed47.in,LFU LIRS LRU LRU,4,6 6 6 6,24,10000,7989,2011,0.7989,7992,2008,0.7992,3
configs/exp4/lfu_lru.cfg,experiments/data/hot8_scan_c24_seed47.in,LFU LRU,2,12 12,24,10000,7991,2009,0.7991,7992,2008,0.7992,1
configs/exp4/lfu_lru_2q.cfg,experiments/data/hot8_scan_c24_seed47.in,LFU LRU 2Q,3,8 8 8,24,10000,7974,2026,0.7974,7992,2008,0.7992,18
configs/exp4/lfu_lru_2q_2q.cfg,experiments/data/hot8_scan_c24_seed47.in,LFU LRU 2Q 2Q,4,6 6 6 6,24,10000,7984,2016,0.7984,7992,2008,0.7992,8
configs/exp4/lfu_lru_2q_arc.cfg,experiments/data/hot8_scan_c24_seed47.in,LFU LRU 2Q ARC,4,6 6 6 6,24,10000,7985,2015,0.7985,7992,2008,0.7992,7
configs/exp4/lfu_lru_2q_lfu.cfg,experiments/data/hot8_scan_c24_seed47.in,LFU LRU 2Q LFU,4,6 6 6 6,24,10000,7985,2015,0.7985,7992,2008,0.7992,7
configs/exp4/lfu_lru_2q_lirs.cfg,experiments/data/hot8_scan_c24_seed47.in,LFU LRU 2Q LIRS,4,6 6 6 6,24,10000,7988,2012,0.7988,7992,2008,0.7992,4
configs/exp4/lfu_lru_2q_lru.cfg,experiments/data/hot8_scan_c24_seed47.in,LFU LRU 2Q LRU,4,6 6 6 6,24,10000,7985,2015,0.7985,7992,2008,0.7992,7
configs/exp4/lfu_lru_arc.cfg,experiments/data/hot8_scan_c24_seed47.in,LFU LRU ARC,3,8 8 8,24,10000,7974,2026,0.7974,7992,2008,0.7992,18
configs/exp4/lfu_lru_arc_2q.cfg,experiments/data/hot8_scan_c24_seed47.in,LFU LRU ARC 2Q,4,6 6 6 6,24,10000,7984,2016,0.7984,7992,2008,0.7992,8
configs/exp4/lfu_lru_arc_arc.cfg,experiments/data/hot8_scan_c24_seed47.in,LFU LRU ARC ARC,4,6 6 6 6,24,10000,7979,2021,0.7979,7992,2008,0.7992,13
configs/exp4/lfu_lru_arc_lfu.cfg,experiments/data/hot8_scan_c24_seed47.in,LFU LRU ARC LFU,4,6 6 6 6,24,10000,7979,2021,0.7979,7992,2008,0.7992,13
configs/exp4/lfu_lru_arc_lirs.cfg,experiments/data/hot8_scan_c24_seed47.in,LFU LRU ARC LIRS,4,6 6 6 6,24,10000,7988,2012,0.7988,7992,2008,0.7992,4
configs/exp4/lfu_lru_arc_lru.cfg,experiments/data/hot8_scan_c24_seed47.in,LFU LRU ARC LRU,4,6 6 6 6,24,10000,7979,2021,0.7979,7992,2008,0.7992,13
configs/exp4/lfu_lru_lfu.cfg,experiments/data/hot8_scan_c24_seed47.in,LFU LRU LFU,3,8 8 8,24,10000,7974,2026,0.7974,7992,2008,0.7992,18
configs/exp4/lfu_lru_lfu_2q.cfg,experiments/data/hot8_scan_c24_seed47.in,LFU LRU LFU 2Q,4,6 6 6 6,24,10000,7984,2016,0.7984,7992,2008,0.7992,8
configs/exp4/lfu_lru_lfu_arc.cfg,experiments/data/hot8_scan_c24_seed47.in,LFU LRU LFU ARC,4,6 6 6 6,24,10000,7979,2021,0.7979,7992,2008,0.7992,13
configs/exp4/lfu_lru_lfu_lfu.cfg,experiments/data/hot8_scan_c24_seed47.in,LFU LRU LFU LFU,4,6 6 6 6,24,10000,7979,2021,0.7979,7992,2008,0.7992,13
configs/exp4/lfu_lru_lfu_lirs.cfg,experiments/data/hot8_scan_c24_seed47.in,LFU LRU LFU LIRS,4,6 6 6 6,24,10000,7988,2012,0.7988,7992,2008,0.7992,4
configs/exp4/lfu_lru_lfu_lru.cfg,experiments/data/hot8_scan_c24_seed47.in,LFU LRU LFU LRU,4,6 6 6 6,24,10000,7823,2177,0.7823,7992,2008,0.7992,169
configs/exp4/lfu_lru_lirs.cfg,experiments/data/hot8_scan_c24_seed47.in,LFU LRU LIRS,3,8 8 8,24,10000,7992,2008,0.7992,7992,2008,0.7992,0
configs/exp4/lfu_lru_lirs_2q.cfg,experiments/data/hot8_scan_c24_seed47.in,LFU LRU LIRS 2Q,4,6 6 6 6,24,10000,7988,2012,0.7988,7992,2008,0.7992,4
configs/exp4/lfu_lru_lirs_arc.cfg,experiments/data/hot8_scan_c24_seed47.in,LFU LRU LIRS ARC,4,6 6 6 6,24,10000,7988,2012,0.7988,7992,2008,0.7992,4
configs/exp4/lfu_lru_lirs_lfu.cfg,experiments/data/hot8_scan_c24_seed47.in,LFU LRU LIRS LFU,4,6 6 6 6,24,10000,7988,2012,0.7988,7992,2008,0.7992,4
configs/exp4/lfu_lru_lirs_lirs.cfg,experiments/data/hot8_scan_c24_seed47.in,LFU LRU LIRS LIRS,4,6 6 6 6,24,10000,7988,2012,0.7988,7992,2008,0.7992,4
configs/exp4/lfu_lru_lirs_lru.cfg,experiments/data/hot8_scan_c24_seed47.in,LFU LRU LIRS LRU,4,6 6 6 6,24,10000,7988,2012,0.7988,7992,2008,0.7992,4
configs/exp4/lfu_lru_lru.cfg,experiments/data/hot8_scan_c24_seed47.in,LFU LRU LRU,3,8 8 8,24,10000,7974,2026,0.7974,7992,2008,0.7992,18
configs/exp4/lfu_lru_lru_2q.cfg,experiments/data/hot8_scan_c24_seed47.in,LFU LRU LRU 2Q,4,6 6 6 6,24,10000,7972,2028,0.7972,7992,2008,0.7992,20
configs/exp4/lfu_lru_lru_arc.cfg,experiments/data/hot8_scan_c24_seed47.in,LFU LRU LRU ARC,4,6 6 6 6,24,10000,7896,2104,0.7896,7992,2008,0.7992,96
configs/exp4/lfu_lru_lru_lfu.cfg,experiments/data/hot8_scan_c24_seed47.in,LFU LRU LRU LFU,4,6 6 6 6,24,10000,7688,2312,0.7688,7992,2008,0.7992,304
configs/exp4/lfu_lru_lru_lirs.cfg,experiments/data/hot8_scan_c24_seed47.in,LFU LRU LRU LIRS,4,6 6 6 6,24,10000,7988,2012,0.7988,7992,2008,0.7992,4
configs/exp4/lfu_lru_lru_lru.cfg,experiments/data/hot8_scan_c24_seed47.in,LFU LRU LRU LRU,4,6 6 6 6,24,10000,7581,2419,0.7581,7992,2008,0.7992,411
configs/exp4/lirs_2q.cfg,experiments/data/hot8_scan_c24_seed47.in,LIRS 2Q,2,12 12,24,10000,7992,2008,0.7992,7992,2008,0.7992,0
configs/exp4/lirs_2q_2q.cfg,experiments/data/hot8_scan_c24_seed47.in,LIRS 2Q 2Q,3,8 8 8,24,10000,7935,2065,0.7935,7992,2008,0.7992,57
configs/exp4/lirs_2q_2q_2q.cfg,experiments/data/hot8_scan_c24_seed47.in,LIRS 2Q 2Q 2Q,4,6 6 6 6,24,10000,7591,2409,0.7591,7992,2008,0.7992,401
configs/exp4/lirs_2q_2q_arc.cfg,experiments/data/hot8_scan_c24_seed47.in,LIRS 2Q 2Q ARC,4,6 6 6 6,24,10000,7670,2330,0.767,7992,2008,0.7992,322
configs/exp4/lirs_2q_2q_lfu.cfg,experiments/data/hot8_scan_c24_seed47.in,LIRS 2Q 2Q LFU,4,6 6 6 6,24,10000,7742,2258,0.7742,7992,2008,0.7992,250
configs/exp4/lirs_2q_2q_lirs.cfg,experiments/data/hot8_scan_c24_seed47.in,LIRS 2Q 2Q LIRS,4,6 6 6 6,24,10000,7655,2345,0.7655,7992,2008,0.7992,337
configs/exp4/lirs_2q_2q_lru.cfg,experiments/data/hot8_scan_c24_seed47.in,LIRS 2Q 2Q LRU,4,6 6 6 6,24,10000,7621,2379,0.7621,7992,2008,0.7992,371
configs/exp4/lirs_2q_arc.cfg,experiments/data/hot8_scan_c24_seed47.in,LIRS 2Q ARC,3,8 8 8,24,10000,7940,2060,0.794,7992,2008,0.7992,52
configs/exp4/lirs_2q_arc_2q.cfg,experiments/data/hot8_scan_c24_seed47.in,LIRS 2Q ARC 2Q,4,6 6 6 6,24,10000,7702,2298,0.7702,7992,2008,0.7992,290
configs/exp4/lirs_2q_arc_arc.cfg,experiments/data/hot8_scan_c24_seed47.in,LIRS 2Q ARC ARC,4,6 6 6 6,24,10000,7667,2333,0.7667,7992,2008,0.7992,325
configs/exp4/lirs_2q_arc_lfu.cfg,experiments/data/hot8_scan_c24_seed47.in,LIRS 2Q ARC LFU,4,6 6 6 6,24,10000,7769,2231,0.7769,7992,2008,0.7992,223
configs/exp4/lirs_2q_arc_lirs.cfg,experiments/data/hot8_scan_c24_seed47.in,LIRS 2Q ARC LIRS,4,6 6 6 6,24,10000,7696,2304,0.7696,7992,2008,0.7992,296
configs/exp4/lirs_2q_arc_lru.cfg,experiments/data/hot8_scan_c24_seed47.in,LIRS 2Q ARC LRU,4,6 6 6 6,24,10000,7563,2437,0.7563,7992,2008,0.7992,429
configs/exp4/lirs_2q_lfu.cfg,experiments/data/hot8_scan_c24_seed47.in,LIRS 2Q LFU,3,8 8 8,24,10000,7923,2077,0.7923,7992,2008,0.7992,69
configs/exp4/lirs_2q_lfu_2q.cfg,experiments/data/hot8_scan_c24_seed47.in,LIRS 2Q LFU 2Q,4,6 6 6 6,24,10000,7980,2020,0.798,7992,2008,0.7992,12
configs/exp4/lirs_2q_lfu_arc.cfg,experiments/data/hot8_scan_c24_seed47.in,LIRS 2Q LFU ARC,4,6 6 6 6,24,10000,7979,2021,0.7979,7992,2008,0.7992,13
configs/exp4/lirs_2q_lfu_lfu.cfg,experiments/data/hot8_scan_c24_seed47.in,LIRS 2Q LFU LFU,4,6 6 6 6,24,10000,7979,2021,0.7979,7992,2008,0.7992,13
configs/exp4/lirs_2q_lfu_lirs.cfg,experiments/data/hot8_scan_c24_seed47.in,LIRS 2Q LFU LIRS,4,6 6 6 6,24,10000,7981,2019,0.7981,7992,2008,0.7992,11
configs/exp4/lirs_2q_lfu_lru.cfg,experiments/data/hot8_scan_c24_seed47.in,LIRS 2Q LFU LRU,4,6 6 6 6,24,10000,7737,2263,0.7737,7992,2008,0.7992,255
configs/exp4/lirs_2q_lirs.cfg,experiments/data/hot8_scan_c24_seed47.in,LIRS 2Q LIRS,3,8 8 8,24,10000,7973,2027,0.7973,7992,2008,0.7992,19
configs/exp4/lirs_2q_lirs_2q.cfg,experiments/data/hot8_scan_c24_seed47.in,LIRS 2Q LIRS 2Q,4,6 6 6 6,24,10000,7692,2308,0.7692,7992,2008,0.7992,300
configs/exp4/lirs_2q_lirs_arc.cfg,experiments/data/hot8_scan_c24_seed47.in,LIRS 2Q LIRS ARC,4,6 6 6 6,24,10000,7686,2314,0.7686,7992,2008,0.7992,306
configs/exp4/lirs_2q_lirs_lfu.cfg,experiments/data/hot8_scan_c24_seed47.in,LIRS 2Q LIRS LFU,4,6 6 6 6,24,10000,7797,2203,0.7797,7992,2008,0.7992,195
configs/exp4/lirs_2q_lirs_lirs.cfg,experiments/data/hot8_scan_c24_seed47.in,LIRS 2Q LIRS LIRS,4,6 6 6 6,24,10000,7619,2381,0.7619,7992,2008,0.7992,373
configs/exp4/lirs_2q_lirs_lru.cfg,experiments/data/hot8_scan_c24_seed47.in,LIRS 2Q LIRS LRU,4,6 6 6 6,24,10000,7631,2369,0.7631,7992,2008,0.7992,361
configs/exp4/lirs_2q_lru.cfg,experiments/data/hot8_scan_c24_seed47.in,LIRS 2Q LRU,3,8 8 8,24,10000,7866,2134,0.7866,7992,2008,0.7992,126
configs/exp4/lirs_2q_lru_2q.cfg,experiments/data/hot8_scan_c24_seed47.in,LIRS 2Q LRU 2Q,4,6 6 6 6,24,10000,7643,2357,0.7643,7992,2008,0.7992,349
configs/exp4/lirs_2q_lru_arc.cfg,experiments/data/hot8_scan_c24_seed47.in,LIRS 2Q LRU ARC,4,6 6 6 6,24,10000,7598,2402,0.7598,7992,2008,0.7992,394
configs/exp4/lirs_2q_lru_lfu.cfg,experiments/data/hot8_scan_c24_seed47.in,LIRS 2Q LRU LFU,4,6 6 6 6,24,10000,7355,2645,0.7355,7992,2008,0.7992,637
configs/exp4/lirs_2q_lru_lirs.cfg,experiments/data/hot8_scan_c24_seed47.in,LIRS 2Q LRU LIRS,4,6 6 6 6,24,10000,7705,2295,0.7705,7992,2008,0.7992,287
configs/exp4/lirs_2q_lru_lru.cfg,experiments/data/hot8_scan_c24_seed47.in,LIRS 2Q LRU LRU,4,6 6 6 6,24,10000,7284,2716,0.7284,7992,2008,0.7992,708
configs/exp4/lirs_arc.cfg,experiments/data/hot8_scan_c24_seed47.in,LIRS ARC,2,12 12,24,10000,7992,2008,0.7992,7992,2008,0.7992,0
configs/exp4/lirs_arc_2q.cfg,experiments/data/hot8_scan_c24_seed47.in,LIRS ARC 2Q,3,8 8 8,24,10000,7944,2056,0.7944,7992,2008,0.7992,48
configs/exp4/lirs_arc_2q_2q.cfg,experiments/data/hot8_scan_c24_seed47.in,LIRS ARC 2Q 2Q,4,6 6 6 6,24,10000,7688,2312,0.7688,7992,2008,0.7992,304
configs/exp4/lirs_arc_2q_arc.cfg,experiments/data/hot8_scan_c24_seed47.in,LIRS ARC 2Q ARC,4,6 6 6 6,24,10000,7778,2222,0.7778,7992,2008,0.7992,214
configs/exp4/lirs_arc_2q_lfu.cfg,experiments/data/hot8_scan_c24_seed47.in,LIRS ARC 2Q LFU,4,6 6 6 6,24,10000,7767,2233,0.7767,7992,2008,0.7992,225
configs/exp4/lirs_arc_2q_lirs.cfg,experiments/data/hot8_scan_c24_seed47.in,LIRS ARC 2Q LIRS,4,6 6 6 6,24,10000,7837,2163,0.7837,7992,2008,0.7992,155
configs/exp4/lirs_arc_2q_lru.cfg,experiments/data/hot8_scan_c24_seed47.in,LIRS ARC 2Q LRU,4,6 6 6 6,24,10000,7563,2437,0.7563,7992,2008,0.7992,429
configs/exp4/lirs_arc_arc.cfg,experiments/data/hot8_scan_c24_seed47.in,LIRS ARC ARC,3,8 8 8,24,10000,7927,2073,0.7927,7992,2008,0.7992,65
configs/exp4/lirs_arc_arc_2q.cfg,experiments/data/hot8_scan_c24_seed47.in,LIRS ARC ARC 2Q,4,6 6 6 6,24,10000,7664,2336,0.7664,7992,2008,0.7992,328
configs/exp4/lirs_arc_arc_arc.cfg,experiments/data/hot8_scan_c24_seed47.in,LIRS ARC ARC ARC,4,6 6 6 6,24,10000,7632,2368,0.7632,7992,2008,0.7992,360
configs/exp4/lirs_arc_arc_lfu.cfg,experiments/data/hot8_scan_c24_seed47.in,LIRS ARC ARC LFU,4,6 6 6 6,24,10000,7725,2275,0.7725,7992,2008,0.7992,267
configs/exp4/lirs_arc_arc_lirs.cfg,experiments/data/hot8_scan_c24_seed47.in,LIRS ARC ARC LIRS,4,6 6 6 6,24,10000,7707,2293,0.7707,7992,2008,0.7992,285
configs/exp4/lirs_arc_arc_lru.cfg,experiments/data/hot8_scan_c24_seed47.in,LIRS ARC ARC LRU,4,6 6 6 6,24,10000,7419,2581,0.7419,7992,2008,0.7992,573
configs/exp4/lirs_arc_lfu.cfg,experiments/data/hot8_scan_c24_seed47.in,LIRS ARC LFU,3,8 8 8,24,10000,7927,2073,0.7927,7992,2008,0.7992,65
configs/exp4/lirs_arc_lfu_2q.cfg,experiments/data/hot8_scan_c24_seed47.in,LIRS ARC LFU 2Q,4,6 6 6 6,24,10000,7976,2024,0.7976,7992,2008,0.7992,16
configs/exp4/lirs_arc_lfu_arc.cfg,experiments/data/hot8_scan_c24_seed47.in,LIRS ARC LFU ARC,4,6 6 6 6,24,10000,7975,2025,0.7975,7992,2008,0.7992,17
configs/exp4/lirs_arc_lfu_lfu.cfg,experiments/data/hot8_scan_c24_seed47.in,LIRS ARC LFU LFU,4,6 6 6 6,24,10000,7970,2030,0.797,7992,2008,0.7992,22
configs/exp4/lirs_arc_lfu_lirs.cfg,experiments/data/hot8_scan_c24_seed47.in,LIRS ARC LFU LIRS,4,6 6 6 6,24,10000,7981,2019,0.7981,7992,2008,0.7992,11
configs/exp4/lirs_arc_lfu_lru.cfg,experiments/data/hot8_scan_c24_seed47.in,LIRS ARC LFU LRU,4,6 6 6 6,24,10000,7648,2352,0.7648,7992,2008,0.7992,344
configs/exp4/lirs_arc_lirs.cfg,experiments/data/hot8_scan_c24_seed47.in,LIRS ARC LIRS,3,8 8 8,24,10000,7981,2019,0.7981,7992,2008,0.7992,11
configs/exp4/lirs_arc_lirs_2q.cfg,experiments/data/hot8_scan_c24_seed47.in,LIRS ARC LIRS 2Q,4,6 6 6 6,24,10000,7714,2286,0.7714,7992,2008,0.7992,278
configs/exp4/lirs_arc_lirs_arc.cfg,experiments/data/hot8_scan_c24_seed47.in,LIRS ARC LIRS ARC,4,6 6 6 6,24,10000,7699,2301,0.7699,7992,2008,0.7992,293
configs/exp4/lirs_arc_lirs_lfu.cfg,experiments/data/hot8_scan_c24_seed47.in,LIRS ARC LIRS LFU,4,6 6 6 6,24,10000,7744,2256,0.7744,7992,2008,0.7992,248
configs/exp4/lirs_arc_lirs_lirs.cfg,experiments/data/hot8_scan_c24_seed47.in,LIRS ARC LIRS LIRS,4,6 6 6 6,24,10000,7673,2327,0.7673,7992,2008,0.7992,319
configs/exp4/lirs_arc_lirs_lru.cfg,experiments/data/hot8_scan_c24_seed47.in,LIRS ARC LIRS LRU,4,6 6 6 6,24,10000,7500,2500,0.75,7992,2008,0.7992,492
configs/exp4/lirs_arc_lru.cfg,experiments/data/hot8_scan_c24_seed47.in,LIRS ARC LRU,3,8 8 8,24,10000,7918,2082,0.7918,7992,2008,0.7992,74
configs/exp4/lirs_arc_lru_2q.cfg,experiments/data/hot8_scan_c24_seed47.in,LIRS ARC LRU 2Q,4,6 6 6 6,24,10000,7570,2430,0.757,7992,2008,0.7992,422
configs/exp4/lirs_arc_lru_arc.cfg,experiments/data/hot8_scan_c24_seed47.in,LIRS ARC LRU ARC,4,6 6 6 6,24,10000,7304,2696,0.7304,7992,2008,0.7992,688
configs/exp4/lirs_arc_lru_lfu.cfg,experiments/data/hot8_scan_c24_seed47.in,LIRS ARC LRU LFU,4,6 6 6 6,24,10000,7114,2886,0.7114,7992,2008,0.7992,878
configs/exp4/lirs_arc_lru_lirs.cfg,experiments/data/hot8_scan_c24_seed47.in,LIRS ARC LRU LIRS,4,6 6 6 6,24,10000,7542,2458,0.7542,7992,2008,0.7992,450
configs/exp4/lirs_arc_lru_lru.cfg,experiments/data/hot8_scan_c24_seed47.in,LIRS ARC LRU LRU,4,6 6 6 6,24,10000,7031,2969,0.7031,7992,2008,0.7992,961
configs/exp4/lirs_lfu.cfg,experiments/data/hot8_scan_c24_seed47.in,LIRS LFU,2,12 12,24,10000,7992,2008,0.7992,7992,2008,0.7992,0
configs/exp4/lirs_lfu_2q.cfg,experiments/data/hot8_scan_c24_seed47.in,LIRS LFU 2Q,3,8 8 8,24,10000,7982,2018,0.7982,7992,2008,0.7992,10
configs/exp4/lirs_lfu_2q_2q.cfg,experiments/data/hot8_scan_c24_seed47.in,LIRS LFU 2Q 2Q,4,6 6 6 6,24,10000,7984,2016,0.7984,7992,2008,0.7992,8
configs/exp4/lirs_lfu_2q_arc.cfg,experiments/data/hot8_scan_c24_seed47.in,LIRS LFU 2Q ARC,4,6 6 6 6,24,10000,7985,2015,0.7985,7992,2008,0.7992,7
configs/exp4/lirs_lfu_2q_lfu.cfg,experiments/data/hot8_scan_c24_seed47.in,LIRS LFU 2Q LFU,4,6 6 6 6,24,10000,7985,2015,0.7985,7992,2008,0.7992,7
configs/exp4/lirs_lfu_2q_lirs.cfg,experiments/data/hot8_scan_c24_seed47.in,LIRS LFU 2Q LIRS,4,6 6 6 6,24,10000,7989,2011,0.7989,7992,2008,0.7992,3
configs/exp4/lirs_lfu_2q_lru.cfg,experiments/data/hot8_scan_c24_seed47.in,LIRS LFU 2Q LRU,4,6 6 6 6,24,10000,7985,2015,0.7985,7992,2008,0.7992,7
configs/exp4/lirs_lfu_arc.cfg,experiments/data/hot8_scan_c24_seed47.in,LIRS LFU ARC,3,8 8 8,24,10000,7980,2020,0.798,7992,2008,0.7992,12
configs/exp4/lirs_lfu_arc_2q.cfg,experiments/data/hot8_scan_c24_seed47.in,LIRS LFU ARC 2Q,4,6 6 6 6,24,10000,7984,2016,0.7984,7992,2008,0.7992,8
configs/exp4/lirs_lfu_arc_arc.cfg,experiments/data/hot8_scan_c24_seed47.in,LIRS LFU ARC ARC,4,6 6 6 6,24,10000,7984,2016,0.7984,7992,2008,0.7992,8
configs/exp4/lirs_lfu_arc_lfu.cfg,experiments/data/hot8_scan_c24_seed47.in,LIRS LFU ARC LFU,4,6 6 6 6,24,10000,7984,2016,0.7984,7992,2008,0.7992,8
configs/exp4/lirs_lfu_arc_lirs.cfg,experiments/data/hot8_scan_c24_seed47.in,LIRS LFU ARC LIRS,4,6 6 6 6,24,10000,7989,2011,0.7989,7992,2008,0.7992,3
configs/exp4/lirs_lfu_arc_lru.cfg,experiments/data/hot8_scan_c24_seed47.in,LIRS LFU ARC LRU,4,6 6 6 6,24,10000,7984,2016,0.7984,7992,2008,0.7992,8
configs/exp4/lirs_lfu_lfu.cfg,experiments/data/hot8_scan_c24_seed47.in,LIRS LFU LFU,3,8 8 8,24,10000,7980,2020,0.798,7992,2008,0.7992,12
configs/exp4/lirs_lfu_lfu_2q.cfg,experiments/data/hot8_scan_c24_seed47.in,LIRS LFU LFU 2Q,4,6 6 6 6,24,10000,7984,2016,0.7984,7992,2008,0.7992,8
configs/exp4/lirs_lfu_lfu_arc.cfg,experiments/data/hot8_scan_c24_seed47.in,LIRS LFU LFU ARC,4,6 6 6 6,24,10000,7984,2016,0.7984,7992,2008,0.7992,8
configs/exp4/lirs_lfu_lfu_lfu.cfg,experiments/data/hot8_scan_c24_seed47.in,LIRS LFU LFU LFU,4,6 6 6 6,24,10000,7984,2016,0.7984,7992,2008,0.7992,8
configs/exp4/lirs_lfu_lfu_lirs.cfg,experiments/data/hot8_scan_c24_seed47.in,LIRS LFU LFU LIRS,4,6 6 6 6,24,10000,7989,2011,0.7989,7992,2008,0.7992,3
configs/exp4/lirs_lfu_lfu_lru.cfg,experiments/data/hot8_scan_c24_seed47.in,LIRS LFU LFU LRU,4,6 6 6 6,24,10000,7984,2016,0.7984,7992,2008,0.7992,8
configs/exp4/lirs_lfu_lirs.cfg,experiments/data/hot8_scan_c24_seed47.in,LIRS LFU LIRS,3,8 8 8,24,10000,7992,2008,0.7992,7992,2008,0.7992,0
configs/exp4/lirs_lfu_lirs_2q.cfg,experiments/data/hot8_scan_c24_seed47.in,LIRS LFU LIRS 2Q,4,6 6 6 6,24,10000,7989,2011,0.7989,7992,2008,0.7992,3
configs/exp4/lirs_lfu_lirs_arc.cfg,experiments/data/hot8_scan_c24_seed47.in,LIRS LFU LIRS ARC,4,6 6 6 6,24,10000,7989,2011,0.7989,7992,2008,0.7992,3
configs/exp4/lirs_lfu_lirs_lfu.cfg,experiments/data/hot8_scan_c24_seed47.in,LIRS LFU LIRS LFU,4,6 6 6 6,24,10000,7989,2011,0.7989,7992,2008,0.7992,3
configs/exp4/lirs_lfu_lirs_lirs.cfg,experiments/data/hot8_scan_c24_seed47.in,LIRS LFU LIRS LIRS,4,6 6 6 6,24,10000,7989,2011,0.7989,7992,2008,0.7992,3
configs/exp4/lirs_lfu_lirs_lru.cfg,experiments/data/hot8_scan_c24_seed47.in,LIRS LFU LIRS LRU,4,6 6 6 6,24,10000,7989,2011,0.7989,7992,2008,0.7992,3
configs/exp4/lirs_lfu_lru.cfg,experiments/data/hot8_scan_c24_seed47.in,LIRS LFU LRU,3,8 8 8,24,10000,7927,2073,0.7927,7992,2008,0.7992,65
configs/exp4/lirs_lfu_lru_2q.cfg,experiments/data/hot8_scan_c24_seed47.in,LIRS LFU LRU 2Q,4,6 6 6 6,24,10000,7960,2040,0.796,7992,2008,0.7992,32
configs/exp4/lirs_lfu_lru_arc.cfg,experiments/data/hot8_scan_c24_seed47.in,LIRS LFU LRU ARC,4,6 6 6 6,24,10000,7949,2051,0.7949,7992,2008,0.7992,43
configs/exp4/lirs_lfu_lru_lfu.cfg,experiments/data/hot8_scan_c24_seed47.in,LIRS LFU LRU LFU,4,6 6 6 6,24,10000,7810,2190,0.781,7992,2008,0.7992,182
configs/exp4/lirs_lfu_lru_lirs.cfg,experiments/data/hot8_scan_c24_seed47.in,LIRS LFU LRU LIRS,4,6 6 6 6,24,10000,7989,2011,0.7989,7992,2008,0.7992,3
configs/exp4/lirs_lfu_lru_lru.cfg,experiments/data/hot8_scan_c24_seed47.in,LIRS LFU LRU LRU,4,6 6 6 6,24,10000,7522,2478,0.7522,7992,2008,0.7992,470
configs/exp4/lirs_lirs_2q.cfg,experiments/data/hot8_scan_c24_seed47.in,LIRS LIRS 2Q,3,8 8 8,24,10000,7955,2045,0.7955,7992,2008,0.7992,37
configs/exp4/lirs_lirs_2q_2q.cfg,experiments/data/hot8_scan_c24_seed47.in,LIRS LIRS 2Q 2Q,4,6 6 6 6,24,10000,7635,2365,0.7635,7992,2008,0.7992,357
configs/exp4/lirs_lirs_2q_arc.cfg,experiments/data/hot8_scan_c24_seed47.in,LIRS LIRS 2Q ARC,4,6 6 6 6,24,10000,7714,2286,0.7714,7992,2008,0.7992,278
configs/exp4/lirs_lirs_2q_lfu.cfg,experiments/data/hot8_scan_c24_seed47.in,LIRS LIRS 2Q LFU,4,6 6 6 6,24,10000,7773,2227,0.7773,7992,2008,0.7992,219
configs/exp4/lirs_lirs_2q_lirs.cfg,experiments/data/hot8_scan_c24_seed47.in,LIRS LIRS 2Q LIRS,4,6 6 6 6,24,10000,7711,2289,0.7711,7992,2008,0.7992,281
configs/exp4/lirs_lirs_2q_lru.cfg,experiments/data/hot8_scan_c24_seed47.in,LIRS LIRS 2Q LRU,4,6 6 6 6,24,10000,7625,2375,0.7625,7992,2008,0.7992,367
configs/exp4/lirs_lirs_arc.cfg,experiments/data/hot8_scan_c24_seed47.in,LIRS LIRS ARC,3,8 8 8,24,10000,7969,2031,0.7969,7992,2008,0.7992,23
configs/exp4/lirs_lirs_arc_2q.cfg,experiments/data/hot8_scan_c24_seed47.in,LIRS LIRS ARC 2Q,4,6 6 6 6,24,10000,7705,2295,0.7705,7992,2008,0.7992,287
configs/exp4/lirs_lirs_arc_arc.cfg,experiments/data/hot8_scan_c24_seed47.in,LIRS LIRS ARC ARC,4,6 6 6 6,24,10000,7666,2334,0.7666,7992,2008,0.7992,326
configs/exp4/lirs_lirs_arc_lfu.cfg,experiments/data/hot8_scan_c24_seed47.in,LIRS LIRS ARC LFU,4,6 6 6 6,24,10000,7748,2252,0.7748,7992,2008,0.7992,244
configs/exp4/lirs_lirs_arc_lirs.cfg,experiments/data/hot8_scan_c24_seed47.in,LIRS LIRS ARC LIRS,4,6 6 6 6,24,10000,7672,2328,0.7672,7992,2008,0.7992,320
configs/exp4/lirs_lirs_arc_lru.cfg,experiments/data/hot8_scan_c24_seed47.in,LIRS LIRS ARC LRU,4,6 6 6 6,24,10000,7501,2499,0.7501,7992,2008,0.7992,491
configs/exp4/lirs_lirs_lfu.cfg,experiments/data/hot8_scan_c24_seed47.in,LIRS LIRS LFU,3,8 8 8,24,10000,7966,2034,0.7966,7992,2008,0.7992,26
configs/exp4/lirs_lirs_lfu_2q.cfg,experiments/data/hot8_scan_c24_seed47.in,LIRS LIRS LFU 2Q,4,6 6 6 6,24,10000,7983,2017,0.7983,7992,2008,0.7992,9
configs/exp4/lirs_lirs_lfu_arc.cfg,experiments/data/hot8_scan_c24_seed47.in,LIRS LIRS LFU ARC,4,6 6 6 6,24,10000,7978,2022,0.7978,7992,2008,0.7992,14
configs/exp4/lirs_lirs_lfu_lfu.cfg,experiments/data/hot8_scan_c24_seed47.in,LIRS LIRS LFU LFU,4,6 6 6 6,24,10000,7979,2021,0.7979,7992,2008,0.7992,13
configs/exp4/lirs_lirs_lfu_lirs.cfg,experiments/data/hot8_scan_c24_seed47.in,LIRS LIRS LFU LIRS,4,6 6 6 6,24,10000,7989,2011,0.7989,7992,2008,0.7992,3
configs/exp4/lirs_lirs_lfu_lru.cfg,experiments/data/hot8_scan_c24_seed47.in,LIRS LIRS LFU LRU,4,6 6 6 6,24,10000,7696,2304,0.7696,7992,2008,0.7992,296
configs/exp4/lirs_lirs_lirs_2q.cfg,experiments/data/hot8_scan_c24_seed47.in,LIRS LIRS LIRS 2Q,4,6 6 6 6,24,10000,7642,2358,0.7642,7992,2008,0.7992,350
configs/exp4/lirs_lirs_lirs_arc.cfg,experiments/data/hot8_scan_c24_seed47.in,LIRS LIRS LIRS ARC,4,6 6 6 6,24,10000,7636,2364,0.7636,7992,2008,0.7992,356
configs/exp4/lirs_lirs_lirs_lfu.cfg,experiments/data/hot8_scan_c24_seed47.in,LIRS LIRS LIRS LFU,4,6 6 6 6,24,10000,7722,2278,0.7722,7992,2008,0.7992,270
configs/exp4/lirs_lirs_lirs_lru.cfg,experiments/data/hot8_scan_c24_seed47.in,LIRS LIRS LIRS LRU,4,6 6 6 6,24,10000,7536,2464,0.7536,7992,2008,0.7992,456
configs/exp4/lirs_lirs_lru.cfg,experiments/data/hot8_scan_c24_seed47.in,LIRS LIRS LRU,3,8 8 8,24,10000,7930,2070,0.793,7992,2008,0.7992,62
configs/exp4/lirs_lirs_lru_2q.cfg,experiments/data/hot8_scan_c24_seed47.in,LIRS LIRS LRU 2Q,4,6 6 6 6,24,10000,7677,2323,0.7677,7992,2008,0.7992,315
configs/exp4/lirs_lirs_lru_arc.cfg,experiments/data/hot8_scan_c24_seed47.in,LIRS LIRS LRU ARC,4,6 6 6 6,24,10000,7601,2399,0.7601,7992,2008,0.7992,391
configs/exp4/lirs_lirs_lru_lfu.cfg,experiments/data/hot8_scan_c24_seed47.in,LIRS LIRS LRU LFU,4,6 6 6 6,24,10000,7388,2612,0.7388,7992,2008,0.7992,604
configs/exp4/lirs_lirs_lru_lirs.cfg,experiments/data/hot8_scan_c24_seed47.in,LIRS LIRS LRU LIRS,4,6 6 6 6,24,10000,7643,2357,0.7643,7992,2008,0.7992,349
configs/exp4/lirs_lirs_lru_lru.cfg,experiments/data/hot8_scan_c24_seed47.in,LIRS LIRS LRU LRU,4,6 6 6 6,24,10000,7219,2781,0.7219,7992,2008,0.7992,773
configs/exp4/lirs_lru.cfg,experiments/data/hot8_scan_c24_seed47.in,LIRS LRU,2,12 12,24,10000,7992,2008,0.7992,7992,2008,0.7992,0
configs/exp4/lirs_lru_2q.cfg,experiments/data/hot8_scan_c24_seed47.in,LIRS LRU 2Q,3,8 8 8,24,10000,7777,2223,0.7777,7992,2008,0.7992,215
configs/exp4/lirs_lru_2q_2q.cfg,experiments/data/hot8_scan_c24_seed47.in,LIRS LRU 2Q 2Q,4,6 6 6 6,24,10000,7761,2239,0.7761,7992,2008,0.7992,231
configs/exp4/lirs_lru_2q_arc.cfg,experiments/data/hot8_scan_c24_seed47.in,LIRS LRU 2Q ARC,4,6 6 6 6,24,10000,7911,2089,0.7911,7992,2008,0.7992,81
configs/exp4/lirs_lru_2q_lfu.cfg,experiments/data/hot8_scan_c24_seed47.in,LIRS LRU 2Q LFU,4,6 6 6 6,24,10000,7592,2408,0.7592,7992,2008,0.7992,400
configs/exp4/lirs_lru_2q_lirs.cfg,experiments/data/hot8_scan_c24_seed47.in,LIRS LRU 2Q LIRS,4,6 6 6 6,24,10000,7975,2025,0.7975,7992,2008,0.7992,17
configs/exp4/lirs_lru_2q_lru.cfg,experiments/data/hot8_scan_c24_seed47.in,LIRS LRU 2Q LRU,4,6 6 6 6,24,10000,7464,2536,0.7464,7992,2008,0.7992,528
configs/exp4/lirs_lru_arc.cfg,experiments/data/hot8_scan_c24_seed47.in,LIRS LRU ARC,3,8 8 8,24,10000,7531,2469,0.7531,7992,2008,0.7992,461
configs/exp4/lirs_lru_arc_2q.cfg,experiments/data/hot8_scan_c24_seed47.in,LIRS LRU ARC 2Q,4,6 6 6 6,24,10000,7639,2361,0.7639,7992,2008,0.7992,353
configs/exp4/lirs_lru_arc_arc.cfg,experiments/data/hot8_scan_c24_seed47.in,LIRS LRU ARC ARC,4,6 6 6 6,24,10000,7544,2456,0.7544,7992,2008,0.7992,448
configs/exp4/lirs_lru_arc_lfu.cfg,experiments/data/hot8_scan_c24_seed47.in,LIRS LRU ARC LFU,4,6 6 6 6,24,10000,7445,2555,0.7445,7992,2008,0.7992,547
configs/exp4/lirs_lru_arc_lirs.cfg,experiments/data/hot8_scan_c24_seed47.in,LIRS LRU ARC LIRS,4,6 6 6 6,24,10000,7715,2285,0.7715,7992,2008,0.7992,277
configs/exp4/lirs_lru_arc_lru.cfg,experiments/data/hot8_scan_c24_seed47.in,LIRS LRU ARC LRU,4,6 6 6 6,24,10000,7228,2772,0.7228,7992,2008,0.7992,764
configs/exp4/lirs_lru_lfu.cfg,experiments/data/hot8_scan_c24_seed47.in,LIRS LRU LFU,3,8 8 8,24,10000,7531,2469,0.7531,7992,2008,0.7992,461
configs/exp4/lirs_lru_lfu_2q.cfg,experiments/data/hot8_scan_c24_seed47.in,LIRS LRU LFU 2Q,4,6 6 6 6,24,10000,7837,2163,0.7837,7992,2008,0.7992,155
configs/exp4/lirs_lru_lfu_arc.cfg,experiments/data/hot8_scan_c24_seed47.in,LIRS LRU LFU ARC,4,6 6 6 6,24,10000,7792,2208,0.7792,7992,2008,0.7992,200
configs/exp4/lirs_lru_lfu_lfu.cfg,experiments/data/hot8_scan_c24_seed47.in,LIRS LRU LFU LFU,4,6 6 6 6,24,10000,7463,2537,0.7463,7992,2008,0.7992,529
configs/exp4/lirs_lru_lfu_lirs.cfg,experiments/data/hot8_scan_c24_seed47.in,LIRS LRU LFU LIRS,4,6 6 6 6,24,10000,7888,2112,0.7888,7992,2008,0.7992,104
configs/exp4/lirs_lru_lfu_lru.cfg,experiments/data/hot8_scan_c24_seed47.in,LIRS LRU LFU LRU,4,6 6 6 6,24,10000,7006,2994,0.7006,7992,2008,0.7992,986
configs/exp4/lirs_lru_lirs.cfg,experiments/data/hot8_scan_c24_seed47.in,LIRS LRU LIRS,3,8 8 8,24,10000,7927,2073,0.7927,7992,2008,0.7992,65
configs/exp4/lirs_lru_lirs_2q.cfg,experiments/data/hot8_scan_c24_seed47.in,LIRS LRU LIRS 2Q,4,6 6 6 6,24,10000,7721,2279,0.7721,7992,2008,0.7992,271
configs/exp4/lirs_lru_lirs_arc.cfg,experiments/data/hot8_scan_c24_seed47.in,LIRS LRU LIRS ARC,4,6 6 6 6,24,10000,7707,2293,0.7707,7992,2008,0.7992,285
configs/exp4/lirs_lru_lirs_lfu.cfg,experiments/data/hot8_scan_c24_seed47.in,LIRS LRU LIRS LFU,4,6 6 6 6,24,10000,7543,2457,0.7543,7992,2008,0.7992,449
configs/exp4/lirs_lru_lirs_lirs.cfg,experiments/data/hot8_scan_c24_seed47.in,LIRS LRU LIRS LIRS,4,6 6 6 6,24,10000,7695,2305,0.7695,7992,2008,0.7992,297
configs/exp4/lirs_lru_lirs_lru.cfg,experiments/data/hot8_scan_c24_seed47.in,LIRS LRU LIRS LRU,4,6 6 6 6,24,10000,7366,2634,0.7366,7992,2008,0.7992,626
configs/exp4/lirs_lru_lru.cfg,experiments/data/hot8_scan_c24_seed47.in,LIRS LRU LRU,3,8 8 8,24,10000,7531,2469,0.7531,7992,2008,0.7992,461
configs/exp4/lirs_lru_lru_2q.cfg,experiments/data/hot8_scan_c24_seed47.in,LIRS LRU LRU 2Q,4,6 6 6 6,24,10000,7399,2601,0.7399,7992,2008,0.7992,593
configs/exp4/lirs_lru_lru_arc.cfg,experiments/data/hot8_scan_c24_seed47.in,LIRS LRU LRU ARC,4,6 6 6 6,24,10000,7130,2870,0.713,7992,2008,0.7992,862
configs/exp4/lirs_lru_lru_lfu.cfg,experiments/data/hot8_scan_c24_seed47.in,LIRS LRU LRU LFU,4,6 6 6 6,24,10000,6794,3206,0.6794,7992,2008,0.7992,1198
configs/exp4/lirs_lru_lru_lirs.cfg,experiments/data/hot8_scan_c24_seed47.in,LIRS LRU LRU LIRS,4,6 6 6 6,24,10000,7335,2665,0.7335,7992,2008,0.7992,657
configs/exp4/lirs_lru_lru_lru.cfg,experiments/data/hot8_scan_c24_seed47.in,LIRS LRU LRU LRU,4,6 6 6 6,24,10000,6469,3531,0.6469,7992,2008,0.7992,1523
configs/exp4/lru_2q.cfg,experiments/data/hot8_scan_c24_seed47.in,LRU 2Q,2,12 12,24,10000,7971,2029,0.7971,7992,2008,0.7992,21
configs/exp4/lru_2q_2q.cfg,experiments/data/hot8_scan_c24_seed47.in,LRU 2Q 2Q,3,8 8 8,24,10000,7818,2182,0.7818,7992,2008,0.7992,174
configs/exp4/lru_2q_2q_2q.cfg,experiments/data/hot8_scan_c24_seed47.in,LRU 2Q 2Q 2Q,4,6 6 6 6,24,10000,7734,2266,0.7734,7992,2008,0.7992,258
configs/exp4/lru_2q_2q_arc.cfg,experiments/data/hot8_scan_c24_seed47.in,LRU 2Q 2Q ARC,4,6 6 6 6,24,10000,7829,2171,0.7829,7992,2008,0.7992,163
configs/exp4/lru_2q_2q_lfu.cfg,experiments/data/hot8_scan_c24_seed47.in,LRU 2Q 2Q LFU,4,6 6 6 6,24,10000,7791,2209,0.7791,7992,2008,0.7992,201
configs/exp4/lru_2q_2q_lirs.cfg,experiments/data/hot8_scan_c24_seed47.in,LRU 2Q 2Q LIRS,4,6 6 6 6,24,10000,7842,2158,0.7842,7992,2008,0.7992,150
configs/exp4/lru_2q_2q_lru.cfg,experiments/data/hot8_scan_c24_seed47.in,LRU 2Q 2Q LRU,4,6 6 6 6,24,10000,7754,2246,0.7754,7992,2008,0.7992,238
configs/exp4/lru_2q_arc.cfg,experiments/data/hot8_scan_c24_seed47.in,LRU 2Q ARC,3,8 8 8,24,10000,7945,2055,0.7945,7992,2008,0.7992,47
configs/exp4/lru_2q_arc_2q.cfg,experiments/data/hot8_scan_c24_seed47.in,LRU 2Q ARC 2Q,4,6 6 6 6,24,10000,7860,2140,0.786,7992,2008,0.7992,132
configs/exp4/lru_2q_arc_arc.cfg,experiments/data/hot8_scan_c24_seed47.in,LRU 2Q ARC ARC,4,6 6 6 6,24,10000,7824,2176,0.7824,7992,2008,0.7992,168
configs/exp4/lru_2q_arc_lfu.cfg,experiments/data/hot8_scan_c24_seed47.in,LRU 2Q ARC LFU,4,6 6 6 6,24,10000,7826,2174,0.7826,7992,2008,0.7992,166
configs/exp4/lru_2q_arc_lirs.cfg,experiments/data/hot8_scan_c24_seed47.in,LRU 2Q ARC LIRS,4,6 6 6 6,24,10000,7838,2162,0.7838,7992,2008,0.7992,154
configs/exp4/lru_2q_arc_lru.cfg,experiments/data/hot8_scan_c24_seed47.in,LRU 2Q ARC LRU,4,6 6 6 6,24,10000,7771,2229,0.7771,7992,2008,0.7992,221
configs/exp4/lru_2q_lfu.cfg,experiments/data/hot8_scan_c24_seed47.in,LRU 2Q LFU,3,8 8 8,24,10000,7783,2217,0.7783,7992,2008,0.7992,209
configs/exp4/lru_2q_lfu_2q.cfg,experiments/data/hot8_scan_c24_seed47.in,LRU 2Q LFU 2Q,4,6 6 6 6,24,10000,7982,2018,0.7982,7992,2008,0.7992,10
configs/exp4/lru_2q_lfu_arc.cfg,experiments/data/hot8_scan_c24_seed47.in,LRU 2Q LFU ARC,4,6 6 6 6,24,10000,7977,2023,0.7977,7992,2008,0.7992,15
configs/exp4/lru_2q_lfu_lfu.cfg,experiments/data/hot8_scan_c24_seed47.in,LRU 2Q LFU LFU,4,6 6 6 6,24,10000,7764,2236,0.7764,7992,2008,0.7992,228
configs/exp4/lru_2q_lfu_lirs.cfg,experiments/data/hot8_scan_c24_seed47.in,LRU 2Q LFU LIRS,4,6 6 6 6,24,10000,7989,2011,0.7989,7992,2008,0.7992,3
configs/exp4/lru_2q_lfu_lru.cfg,experiments/data/hot8_scan_c24_seed47.in,LRU 2Q LFU LRU,4,6 6 6 6,24,10000,7708,2292,0.7708,7992,2008,0.7992,284
configs/exp4/lru_2q_lirs.cfg,experiments/data/hot8_scan_c24_seed47.in,LRU 2Q LIRS,3,8 8 8,24,10000,7942,2058,0.7942,7992,2008,0.7992,50
configs/exp4/lru_2q_lirs_2q.cfg,experiments/data/hot8_scan_c24_seed47.in,LRU 2Q LIRS 2Q,4,6 6 6 6,24,10000,7866,2134,0.7866,7992,2008,0.7992,126
configs/exp4/lru_2q_lirs_arc.cfg,experiments/data/hot8_scan_c24_seed47.in,LRU 2Q LIRS ARC,4,6 6 6 6,24,10000,7844,2156,0.7844,7992,2008,0.7992,148
configs/exp4/lru_2q_lirs_lfu.cfg,experiments/data/hot8_scan_c24_seed47.in,LRU 2Q LIRS LFU,4,6 6 6 6,24,10000,7874,2126,0.7874,7992,2008,0.7992,118
configs/exp4/lru_2q_lirs_lirs.cfg,experiments/data/hot8_scan_c24_seed47.in,LRU 2Q LIRS LIRS,4,6 6 6 6,24,10000,7818,2182,0.7818,7992,2008,0.7992,174
configs/exp4/lru_2q_lirs_lru.cfg,experiments/data/hot8_scan_c24_seed47.in,LRU 2Q LIRS LRU,4,6 6 6 6,24,10000,7822,2178,0.7822,7992,2008,0.7992,170
configs/exp4/lru_2q_lru.cfg,experiments/data/hot8_scan_c24_seed47.in,LRU 2Q LRU,3,8 8 8,24,10000,7604,2396,0.7604,7992,2008,0.7992,388
configs/exp4/lru_2q_lru_2q.cfg,experiments/data/hot8_scan_c24_seed47.in,LRU 2Q LRU 2Q,4,6 6 6 6,24,10000,7657,2343,0.7657,7992,2008,0.7992,335
configs/exp4/lru_2q_lru_arc.cfg,experiments/data/hot8_scan_c24_seed47.in,LRU 2Q LRU ARC,4,6 6 6 6,24,10000,7734,2266,0.7734,7992,2008,0.7992,258
configs/exp4/lru_2q_lru_lfu.cfg,experiments/data/hot8_scan_c24_seed47.in,LRU 2Q LRU LFU,4,6 6 6 6,24,10000,7421,2579,0.7421,7992,2008,0.7992,571
configs/exp4/lru_2q_lru_lirs.cfg,experiments/data/hot8_scan_c24_seed47.in,LRU 2Q LRU LIRS,4,6 6 6 6,24,10000,7792,2208,0.7792,7992,2008,0.7992,200
configs/exp4/lru_2q_lru_lru.cfg,experiments/data/hot8_scan_c24_seed47.in,LRU 2Q LRU LRU,4,6 6 6 6,24,10000,7207,2793,0.7207,7992,2008,0.7992,785
configs/exp4/lru_arc.cfg,experiments/data/hot8_scan_c24_seed47.in,LRU ARC,2,12 12,24,10000,7964,2036,0.7964,7992,2008,0.7992,28
configs/exp4/lru_arc_2q.cfg,experiments/data/hot8_scan_c24_seed47.in,LRU ARC 2Q,3,8 8 8,24,10000,7841,2159,0.7841,7992,2008,0.7992,151
configs/exp4/lru_arc_2q_2q.cfg,experiments/data/hot8_scan_c24_seed47.in,LRU ARC 2Q 2Q,4,6 6 6 6,24,10000,7679,2321,0.7679,7992,2008,0.7992,313
configs/exp4/lru_arc_2q_arc.cfg,experiments/data/hot8_scan_c24_seed47.in,LRU ARC 2Q ARC,4,6 6 6 6,24,10000,7824,2176,0.7824,7992,2008,0.7992,168
configs/exp4/lru_arc_2q_lfu.cfg,experiments/data/hot8_scan_c24_seed47.in,LRU ARC 2Q LFU,4,6 6 6 6,24,10000,7609,2391,0.7609,7992,2008,0.7992,383
configs/exp4/lru_arc_2q_lirs.cfg,experiments/data/hot8_scan_c24_seed47.in,LRU ARC 2Q LIRS,4,6 6 6 6,24,10000,7863,2137,0.7863,7992,2008,0.7992,129
configs/exp4/lru_arc_2q_lru.cfg,experiments/data/hot8_scan_c24_seed47.in,LRU ARC 2Q LRU,4,6 6 6 6,24,10000,7334,2666,0.7334,7992,2008,0.7992,658
configs/exp4/lru_arc_arc.cfg,experiments/data/hot8_scan_c24_seed47.in,LRU ARC ARC,3,8 8 8,24,10000,7881,2119,0.7881,7992,2008,0.7992,111
configs/exp4/lru_arc_arc_2q.cfg,experiments/data/hot8_scan_c24_seed47.in,LRU ARC ARC 2Q,4,6 6 6 6,24,10000,7495,2505,0.7495,7992,2008,0.7992,497
configs/exp4/lru_arc_arc_arc.cfg,experiments/data/hot8_scan_c24_seed47.in,LRU ARC ARC ARC,4,6 6 6 6,24,10000,7374,2626,0.7374,7992,2008,0.7992,618
configs/exp4/lru_arc_arc_lfu.cfg,experiments/data/hot8_scan_c24_seed47.in,LRU ARC ARC LFU,4,6 6 6 6,24,10000,7370,2630,0.737,7992,2008,0.7992,622
configs/exp4/lru_arc_arc_lirs.cfg,experiments/data/hot8_scan_c24_seed47.in,LRU ARC ARC LIRS,4,6 6 6 6,24,10000,7507,2493,0.7507,7992,2008,0.7992,485
configs/exp4/lru_arc_arc_lru.cfg,experiments/data/hot8_scan_c24_seed47.in,LRU ARC ARC LRU,4,6 6 6 6,24,10000,6982,3018,0.6982,7992,2008,0.7992,1010
configs/exp4/lru_arc_lfu.cfg,experiments/data/hot8_scan_c24_seed47.in,LRU ARC LFU,3,8 8 8,24,10000,7680,2320,0.768,7992,2008,0.7992,312
configs/exp4/lru_arc_lfu_2q.cfg,experiments/data/hot8_scan_c24_seed47.in,LRU ARC LFU 2Q,4,6 6 6 6,24,10000,7953,2047,0.7953,7992,2008,0.7992,39
configs/exp4/lru_arc_lfu_arc.cfg,experiments/data/hot8_scan_c24_seed47.in,LRU ARC LFU ARC,4,6 6 6 6,24,10000,7943,2057,0.7943,7992,2008,0.7992,49
configs/exp4/lru_arc_lfu_lfu.cfg,experiments/data/hot8_scan_c24_seed47.in,LRU ARC LFU LFU,4,6 6 6 6,24,10000,7718,2282,0.7718,7992,2008,0.7992,274
configs/exp4/lru_arc_lfu_lirs.cfg,experiments/data/hot8_scan_c24_seed47.in,LRU ARC LFU LIRS,4,6 6 6 6,24,10000,7978,2022,0.7978,7992,2008,0.7992,14
configs/exp4/lru_arc_lfu_lru.cfg,experiments/data/hot8_scan_c24_seed47.in,LRU ARC LFU LRU,4,6 6 6 6,24,10000,7345,2655,0.7345,7992,2008,0.7992,647
configs/exp4/lru_arc_lirs.cfg,experiments/data/hot8_scan_c24_seed47.in,LRU ARC LIRS,3,8 8 8,24,10000,7914,2086,0.7914,7992,2008,0.7992,78
configs/exp4/lru_arc_lirs_2q.cfg,experiments/data/hot8_scan_c24_seed47.in,LRU ARC LIRS 2Q,4,6 6 6 6,24,10000,7600,2400,0.76,7992,2008,0.7992,392
configs/exp4/lru_arc_lirs_arc.cfg,experiments/data/hot8_scan_c24_seed47.in,LRU ARC LIRS ARC,4,6 6 6 6,24,10000,7581,2419,0.7581,7992,2008,0.7992,411
configs/exp4/lru_arc_lirs_lfu.cfg,experiments/data/hot8_scan_c24_seed47.in,LRU ARC LIRS LFU,4,6 6 6 6,24,10000,7498,2502,0.7498,7992,2008,0.7992,494
configs/exp4/lru_arc_lirs_lirs.cfg,experiments/data/hot8_scan_c24_seed47.in,LRU ARC LIRS LIRS,4,6 6 6 6,24,10000,7551,2449,0.7551,7992,2008,0.7992,441
configs/exp4/lru_arc_lirs_lru.cfg,experiments/data/hot8_scan_c24_seed47.in,LRU ARC LIRS LRU,4,6 6 6 6,24,10000,7206,2794,0.7206,7992,2008,0.7992,786
configs/exp4/lru_arc_lru.cfg,experiments/data/hot8_scan_c24_seed47.in,LRU ARC LRU,3,8 8 8,24,10000,7460,2540,0.746,7992,2008,0.7992,532
configs/exp4/lru_arc_lru_2q.cfg,experiments/data/hot8_scan_c24_seed47.in,LRU ARC LRU 2Q,4,6 6 6 6,24,10000,7279,2721,0.7279,7992,2008,0.7992,713
configs/exp4/lru_arc_lru_arc.cfg,experiments/data/hot8_scan_c24_seed47.in,LRU ARC LRU ARC,4,6 6 6 6,24,10000,6980,3020,0.698,7992,2008,0.7992,1012
configs/exp4/lru_arc_lru_lfu.cfg,experiments/data/hot8_scan_c24_seed47.in,LRU ARC LRU LFU,4,6 6 6 6,24,10000,6561,3439,0.6561,7992,2008,0.7992,1431
configs/exp4/lru_arc_lru_lirs.cfg,experiments/data/hot8_scan_c24_seed47.in,LRU ARC LRU LIRS,4,6 6 6 6,24,10000,7183,2817,0.7183,7992,2008,0.7992,809
configs/exp4/lru_arc_lru_lru.cfg,experiments/data/hot8_scan_c24_seed47.in,LRU ARC LRU LRU,4,6 6 6 6,24,10000,6162,3838,0.6162,7992,2008,0.7992,1830
configs/exp4/lru_lfu.cfg,experiments/data/hot8_scan_c24_seed47.in,LRU LFU,2,12 12,24,10000,7858,2142,0.7858,7992,2008,0.7992,134
configs/exp4/lru_lfu_2q.cfg,experiments/data/hot8_scan_c24_seed47.in,LRU LFU 2Q,3,8 8 8,24,10000,7976,2024,0.7976,7992,2008,0.7992,16
configs/exp4/lru_lfu_2q_2q.cfg,experiments/data/hot8_scan_c24_seed47.in,LRU LFU 2Q 2Q,4,6 6 6 6,24,10000,7985,2015,0.7985,7992,2008,0.7992,7
configs/exp4/lru_lfu_2q_arc.cfg,experiments/data/hot8_scan_c24_seed47.in,LRU LFU 2Q ARC,4,6 6 6 6,24,10000,7984,2016,0.7984,7992,2008,0.7992,8
configs/exp4/lru_lfu_2q_lfu.cfg,experiments/data/hot8_scan_c24_seed47.in,LRU LFU 2Q LFU,4,6 6 6 6,24,10000,7979,2021,0.7979,7992,2008,0.7992,13
configs/exp4/lru_lfu_2q_lirs.cfg,experiments/data/hot8_scan_c24_seed47.in,LRU LFU 2Q LIRS,4,6 6 6 6,24,10000,7988,2012,0.7988,7992,2008,0.7992,4
configs/exp4/lru_lfu_2q_lru.cfg,experiments/data/hot8_scan_c24_seed47.in,LRU LFU 2Q LRU,4,6 6 6 6,24,10000,7981,2019,0.7981,7992,2008,0.7992,11
configs/exp4/lru_lfu_arc.cfg,experiments/data/hot8_scan_c24_seed47.in,LRU LFU ARC,3,8 8 8,24,10000,7969,2031,0.7969,7992,2008,0.7992,23
configs/exp4/lru_lfu_arc_2q.cfg,experiments/data/hot8_scan_c24_seed47.in,LRU LFU ARC 2Q,4,6 6 6 6,24,10000,7982,2018,0.7982,7992,2008,0.7992,10
configs/exp4/lru_lfu_arc_arc.cfg,experiments/data/hot8_scan_c24_seed47.in,LRU LFU ARC ARC,4,6 6 6 6,24,10000,7971,2029,0.7971,7992,2008,0.7992,21
configs/exp4/lru_lfu_arc_lfu.cfg,experiments/data/hot8_scan_c24_seed47.in,LRU LFU ARC LFU,4,6 6 6 6,24,10000,7971,2029,0.7971,7992,2008,0.7992,21
configs/exp4/lru_lfu_arc_lirs.cfg,experiments/data/hot8_scan_c24_seed47.in,LRU LFU ARC LIRS,4,6 6 6 6,24,10000,7987,2013,0.7987,7992,2008,0.7992,5
configs/exp4/lru_lfu_arc_lru.cfg,experiments/data/hot8_scan_c24_seed47.in,LRU LFU ARC LRU,4,6 6 6 6,24,10000,7971,2029,0.7971,7992,2008,0.7992,21
configs/exp4/lru_lfu_lfu.cfg,experiments/data/hot8_scan_c24_seed47.in,LRU LFU LFU,3,8 8 8,24,10000,7930,2070,0.793,7992,2008,0.7992,62
configs/exp4/lru_lfu_lfu_2q.cfg,experiments/data/hot8_scan_c24_seed47.in,LRU LFU LFU 2Q,4,6 6 6 6,24,10000,7986,2014,0.7986,7992,2008,0.7992,6
configs/exp4/lru_lfu_lfu_arc.cfg,experiments/data/hot8_scan_c24_seed47.in,LRU LFU LFU ARC,4,6 6 6 6,24,10000,7975,2025,0.7975,7992,2008,0.7992,17
configs/exp4/lru_lfu_lfu_lfu.cfg,experiments/data/hot8_scan_c24_seed47.in,LRU LFU LFU LFU,4,6 6 6 6,24,10000,7975,2025,0.7975,7992,2008,0.7992,17
configs/exp4/lru_lfu_lfu_lirs.cfg,experiments/data/hot8_scan_c24_seed47.in,LRU LFU LFU LIRS,4,6 6 6 6,24,10000,7990,2010,0.799,7992,2008,0.7992,2
configs/exp4/lru_lfu_lfu_lru.cfg,experiments/data/hot8_scan_c24_seed47.in,LRU LFU LFU LRU,4,6 6 6 6,24,10000,7961,2039,0.7961,7992,2008,0.7992,31
configs/exp4/lru_lfu_lirs.cfg,experiments/data/hot8_scan_c24_seed47.in,LRU LFU LIRS,3,8 8 8,24,10000,7990,2010,0.799,7992,2008,0.7992,2
configs/exp4/lru_lfu_lirs_2q.cfg,experiments/data/hot8_scan_c24_seed47.in,LRU LFU LIRS 2Q,4,6 6 6 6,24,10000,7988,2012,0.7988,7992,2008,0.7992,4
configs/exp4/lru_lfu_lirs_arc.cfg,experiments/data/hot8_scan_c24_seed47.in,LRU LFU LIRS ARC,4,6 6 6 6,24,10000,7985,2015,0.7985,7992,2008,0.7992,7
configs/exp4/lru_lfu_lirs_lfu.cfg,experiments/data/hot8_scan_c24_seed47.in,LRU LFU LIRS LFU,4,6 6 6 6,24,10000,7982,2018,0.7982,7992,2008,0.7992,10
configs/exp4/lru_lfu_lirs_lirs.cfg,experiments/data/hot8_scan_c24_seed47.in,LRU LFU LIRS LIRS,4,6 6 6 6,24,10000,7986,2014,0.7986,7992,2008,0.7992,6
configs/exp4/lru_lfu_lirs_lru.cfg,experiments/data/hot8_scan_c24_seed47.in,LRU LFU LIRS LRU,4,6 6 6 6,24,10000,7983,2017,0.7983,7992,2008,0.7992,9
configs/exp4/lru_lfu_lru.cfg,experiments/data/hot8_scan_c24_seed47.in,LRU LFU LRU,3,8 8 8,24,10000,7685,2315,0.7685,7992,2008,0.7992,307
configs/exp4/lru_lfu_lru_2q.cfg,experiments/data/hot8_scan_c24_seed47.in,LRU LFU LRU 2Q,4,6 6 6 6,24,10000,7959,2041,0.7959,7992,2008,0.7992,33
configs/exp4/lru_lfu_lru_arc.cfg,experiments/data/hot8_scan_c24_seed47.in,LRU LFU LRU ARC,4,6 6 6 6,24,10000,7952,2048,0.7952,7992,2008,0.7992,40
configs/exp4/lru_lfu_lru_lfu.cfg,experiments/data/hot8_scan_c24_seed47.in,LRU LFU LRU LFU,4,6 6 6 6,24,10000,7259,2741,0.7259,7992,2008,0.7992,733
configs/exp4/lru_lfu_lru_lirs.cfg,experiments/data/hot8_scan_c24_seed47.in,LRU LFU LRU LIRS,4,6 6 6 6,24,10000,7980,2020,0.798,7992,2008,0.7992,12
configs/exp4/lru_lfu_lru_lru.cfg,experiments/data/hot8_scan_c24_seed47.in,LRU LFU LRU LRU,4,6 6 6 6,24,10000,7246,2754,0.7246,7992,2008,0.7992,746
configs/exp4/lru_lirs.cfg,experiments/data/hot8_scan_c24_seed47.in,LRU LIRS,2,12 12,24,10000,7991,2009,0.7991,7992,2008,0.7992,1
configs/exp4/lru_lirs_2q.cfg,experiments/data/hot8_scan_c24_seed47.in,LRU LIRS 2Q,3,8 8 8,24,10000,7882,2118,0.7882,7992,2008,0.7992,110
configs/exp4/lru_lirs_2q_2q.cfg,experiments/data/hot8_scan_c24_seed47.in,LRU LIRS 2Q 2Q,4,6 6 6 6,24,10000,7664,2336,0.7664,7992,2008,0.7992,328
configs/exp4/lru_lirs_2q_arc.cfg,experiments/data/hot8_scan_c24_seed47.in,LRU LIRS 2Q ARC,4,6 6 6 6,24,10000,7757,2243,0.7757,7992,2008,0.7992,235
configs/exp4/lru_lirs_2q_lfu.cfg,experiments/data/hot8_scan_c24_seed47.in,LRU LIRS 2Q LFU,4,6 6 6 6,24,10000,7693,2307,0.7693,7992,2008,0.7992,299
configs/exp4/lru_lirs_2q_lirs.cfg,experiments/data/hot8_scan_c24_seed47.in,LRU LIRS 2Q LIRS,4,6 6 6 6,24,10000,7803,2197,0.7803,7992,2008,0.7992,189
configs/exp4/lru_lirs_2q_lru.cfg,experiments/data/hot8_scan_c24_seed47.in,LRU LIRS 2Q LRU,4,6 6 6 6,24,10000,7566,2434,0.7566,7992,2008,0.7992,426
configs/exp4/lru_lirs_arc.cfg,experiments/data/hot8_scan_c24_seed47.in,LRU LIRS ARC,3,8 8 8,24,10000,7943,2057,0.7943,7992,2008,0.7992,49
configs/exp4/lru_lirs_arc_2q.cfg,experiments/data/hot8_scan_c24_seed47.in,LRU LIRS ARC 2Q,4,6 6 6 6,24,10000,7676,2324,0.7676,7992,2008,0.7992,316
configs/exp4/lru_lirs_arc_arc.cfg,experiments/data/hot8_scan_c24_seed47.in,LRU LIRS ARC ARC,4,6 6 6 6,24,10000,7601,2399,0.7601,7992,2008,0.7992,391
configs/exp4/lru_lirs_arc_lfu.cfg,experiments/data/hot8_scan_c24_seed47.in,LRU LIRS ARC LFU,4,6 6 6 6,24,10000,7650,2350,0.765,7992,2008,0.7992,342
configs/exp4/lru_lirs_arc_lirs.cfg,experiments/data/hot8_scan_c24_seed47.in,LRU LIRS ARC LIRS,4,6 6 6 6,24,10000,7646,2354,0.7646,7992,2008,0.7992,346
configs/exp4/lru_lirs_arc_lru.cfg,experiments/data/hot8_scan_c24_seed47.in,LRU LIRS ARC LRU,4,6 6 6 6,24,10000,7454,2546,0.7454,7992,2008,0.7992,538
configs/exp4/lru_lirs_lfu.cfg,experiments/data/hot8_scan_c24_seed47.in,LRU LIRS LFU,3,8 8 8,24,10000,7883,2117,0.7883,7992,2008,0.7992,109
configs/exp4/lru_lirs_lfu_2q.cfg,experiments/data/hot8_scan_c24_seed47.in,LRU LIRS LFU 2Q,4,6 6 6 6,24,10000,7984,2016,0.7984,7992,2008,0.7992,8
configs/exp4/lru_lirs_lfu_arc.cfg,experiments/data/hot8_scan_c24_seed47.in,LRU LIRS LFU ARC,4,6 6 6 6,24,10000,7978,2022,0.7978,7992,2008,0.7992,14
configs/exp4/lru_lirs_lfu_lfu.cfg,experiments/data/hot8_scan_c24_seed47.in,LRU LIRS LFU LFU,4,6 6 6 6,24,10000,7974,2026,0.7974,7992,2008,0.7992,18
configs/exp4/lru_lirs_lfu_lirs.cfg,experiments/data/hot8_scan_c24_seed47.in,LRU LIRS LFU LIRS,4,6 6 6 6,24,10000,7987,2013,0.7987,7992,2008,0.7992,5
configs/exp4/lru_lirs_lfu_lru.cfg,experiments/data/hot8_scan_c24_seed47.in,LRU LIRS LFU LRU,4,6 6 6 6,24,10000,7604,2396,0.7604,7992,2008,0.7992,388
configs/exp4/lru_lirs_lirs.cfg,experiments/data/hot8_scan_c24_seed47.in,LRU LIRS LIRS,3,8 8 8,24,10000,7944,2056,0.7944,7992,2008,0.7992,48
configs/exp4/lru_lirs_lirs_2q.cfg,experiments/data/hot8_scan_c24_seed47.in,LRU LIRS LIRS 2Q,4,6 6 6 6,24,10000,7714,2286,0.7714,7992,2008,0.7992,278
configs/exp4/lru_lirs_lirs_arc.cfg,experiments/data/hot8_scan_c24_seed47.in,LRU LIRS LIRS ARC,4,6 6 6 6,24,10000,7657,2343,0.7657,7992,2008,0.7992,335
configs/exp4/lru_lirs_lirs_lfu.cfg,experiments/data/hot8_scan_c24_seed47.in,LRU LIRS LIRS LFU,4,6 6 6 6,24,10000,7716,2284,0.7716,7992,2008,0.7992,276
configs/exp4/lru_lirs_lirs_lirs.cfg,experiments/data/hot8_scan_c24_seed47.in,LRU LIRS LIRS LIRS,4,6 6 6 6,24,10000,7602,2398,0.7602,7992,2008,0.7992,390
configs/exp4/lru_lirs_lirs_lru.cfg,experiments/data/hot8_scan_c24_seed47.in,LRU LIRS LIRS LRU,4,6 6 6 6,24,10000,7547,2453,0.7547,7992,2008,0.7992,445
configs/exp4/lru_lirs_lru.cfg,experiments/data/hot8_scan_c24_seed47.in,LRU LIRS LRU,3,8 8 8,24,10000,7761,2239,0.7761,7992,2008,0.7992,231
configs/exp4/lru_lirs_lru_2q.cfg,experiments/data/hot8_scan_c24_seed47.in,LRU LIRS LRU 2Q,4,6 6 6 6,24,10000,7573,2427,0.7573,7992,2008,0.7992,419
configs/exp4/lru_lirs_lru_arc.cfg,experiments/data/hot8_scan_c24_seed47.in,LRU LIRS LRU ARC,4,6 6 6 6,24,10000,7503,2497,0.7503,7992,2008,0.7992,489
configs/exp4/lru_lirs_lru_lfu.cfg,experiments/data/hot8_scan_c24_seed47.in,LRU LIRS LRU LFU,4,6 6 6 6,24,10000,7249,2751,0.7249,7992,2008,0.7992,743
configs/exp4/lru_lirs_lru_lirs.cfg,experiments/data/hot8_scan_c24_seed47.in,LRU LIRS LRU LIRS,4,6 6 6 6,24,10000,7574,2426,0.7574,7992,2008,0.7992,418
configs/exp4/lru_lirs_lru_lru.cfg,experiments/data/hot8_scan_c24_seed47.in,LRU LIRS LRU LRU,4,6 6 6 6,24,10000,6915,3085,0.6915,7992,2008,0.7992,1077
configs/exp4/lru_lru_2q.cfg,experiments/data/hot8_scan_c24_seed47.in,LRU LRU 2Q,3,8 8 8,24,10000,7448,2552,0.7448,7992,2008,0.7992,544
configs/exp4/lru_lru_2q_2q.cfg,experiments/data/hot8_scan_c24_seed47.in,LRU LRU 2Q 2Q,4,6 6 6 6,24,10000,7699,2301,0.7699,7992,2008,0.7992,293
configs/exp4/lru_lru_2q_arc.cfg,experiments/data/hot8_scan_c24_seed47.in,LRU LRU 2Q ARC,4,6 6 6 6,24,10000,7817,2183,0.7817,7992,2008,0.7992,175
configs/exp4/lru_lru_2q_lfu.cfg,experiments/data/hot8_scan_c24_seed47.in,LRU LRU 2Q LFU,4,6 6 6 6,24,10000,7308,2692,0.7308,7992,2008,0.7992,684
configs/exp4/lru_lru_2q_lirs.cfg,experiments/data/hot8_scan_c24_seed47.in,LRU LRU 2Q LIRS,4,6 6 6 6,24,10000,7842,2158,0.7842,7992,2008,0.7992,150
configs/exp4/lru_lru_2q_lru.cfg,experiments/data/hot8_scan_c24_seed47.in,LRU LRU 2Q LRU,4,6 6 6 6,24,10000,7184,2816,0.7184,7992,2008,0.7992,808
configs/exp4/lru_lru_arc.cfg,experiments/data/hot8_scan_c24_seed47.in,LRU LRU ARC,3,8 8 8,24,10000,7484,2516,0.7484,7992,2008,0.7992,508
configs/exp4/lru_lru_arc_2q.cfg,experiments/data/hot8_scan_c24_seed47.in,LRU LRU ARC 2Q,4,6 6 6 6,24,10000,7217,2783,0.7217,7992,2008,0.7992,775
configs/exp4/lru_lru_arc_arc.cfg,experiments/data/hot8_scan_c24_seed47.in,LRU LRU ARC ARC,4,6 6 6 6,24,10000,6964,3036,0.6964,7992,2008,0.7992,1028
configs/exp4/lru_lru_arc_lfu.cfg,experiments/data/hot8_scan_c24_seed47.in,LRU LRU ARC LFU,4,6 6 6 6,24,10000,7004,2996,0.7004,7992,2008,0.7992,988
configs/exp4/lru_lru_arc_lirs.cfg,experiments/data/hot8_scan_c24_seed47.in,LRU LRU ARC LIRS,4,6 6 6 6,24,10000,7144,2856,0.7144,7992,2008,0.7992,848
configs/exp4/lru_lru_arc_lru.cfg,experiments/data/hot8_scan_c24_seed47.in,LRU LRU ARC LRU,4,6 6 6 6,24,10000,6268,3732,0.6268,7992,2008,0.7992,1724
configs/exp4/lru_lru_lfu.cfg,experiments/data/hot8_scan_c24_seed47.in,LRU LRU LFU,3,8 8 8,24,10000,6930,3070,0.693,7992,2008,0.7992,1062
configs/exp4/lru_lru_lfu_2q.cfg,experiments/data/hot8_scan_c24_seed47.in,LRU LRU LFU 2Q,4,6 6 6 6,24,10000,7869,2131,0.7869,7992,2008,0.7992,123
configs/exp4/lru_lru_lfu_arc.cfg,experiments/data/hot8_scan_c24_seed47.in,LRU LRU LFU ARC,4,6 6 6 6,24,10000,7813,2187,0.7813,7992,2008,0.7992,179
configs/exp4/lru_lru_lfu_lfu.cfg,experiments/data/hot8_scan_c24_seed47.in,LRU LRU LFU LFU,4,6 6 6 6,24,10000,7114,2886,0.7114,7992,2008,0.7992,878
configs/exp4/lru_lru_lfu_lirs.cfg,experiments/data/hot8_scan_c24_seed47.in,LRU LRU LFU LIRS,4,6 6 6 6,24,10000,7876,2124,0.7876,7992,2008,0.7992,116
configs/exp4/lru_lru_lfu_lru.cfg,experiments/data/hot8_scan_c24_seed47.in,LRU LRU LFU LRU,4,6 6 6 6,24,10000,6405,3595,0.6405,7992,2008,0.7992,1587
configs/exp4/lru_lru_lirs.cfg,experiments/data/hot8_scan_c24_seed47.in,LRU LRU LIRS,3,8 8 8,24,10000,7682,2318,0.7682,7992,2008,0.7992,310
configs/exp4/lru_lru_lirs_2q.cfg,experiments/data/hot8_scan_c24_seed47.in,LRU LRU LIRS 2Q,4,6 6 6 6,24,10000,7395,2605,0.7395,7992,2008,0.7992,597
configs/exp4/lru_lru_lirs_arc.cfg,experiments/data/hot8_scan_c24_seed47.in,LRU LRU LIRS ARC,4,6 6 6 6,24,10000,7349,2651,0.7349,7992,2008,0.7992,643
configs/exp4/lru_lru_lirs_lfu.cfg,experiments/data/hot8_scan_c24_seed47.in,LRU LRU LIRS LFU,4,6 6 6 6,24,10000,7233,2767,0.7233,7992,2008,0.7992,759
configs/exp4/lru_lru_lirs_lirs.cfg,experiments/data/hot8_scan_c24_seed47.in,LRU LRU LIRS LIRS,4,6 6 6 6,24,10000,7442,2558,0.7442,7992,2008,0.7992,550
configs/exp4/lru_lru_lirs_lru.cfg,experiments/data/hot8_scan_c24_seed47.in,LRU LRU LIRS LRU,4,6 6 6 6,24,10000,6860,3140,0.686,7992,2008,0.7992,1132
configs/exp4/lru_lru_lru_2q.cfg,experiments/data/hot8_scan_c24_seed47.in,LRU LRU LRU 2Q,4,6 6 6 6,24,10000,6748,3252,0.6748,7992,2008,0.7992,1244
configs/exp4/lru_lru_lru_arc.cfg,experiments/data/hot8_scan_c24_seed47.in,LRU LRU LRU ARC,4,6 6 6 6,24,10000,6061,3939,0.6061,7992,2008,0.7992,1931
configs/exp4/lru_lru_lru_lfu.cfg,experiments/data/hot8_scan_c24_seed47.in,LRU LRU LRU LFU,4,6 6 6 6,24,10000,5931,4069,0.5931,7992,2008,0.7992,2061
configs/exp4/lru_lru_lru_lirs.cfg,experiments/data/hot8_scan_c24_seed47.in,LRU LRU LRU LIRS,4,6 6 6 6,24,10000,6572,3428,0.6572,7992,2008,0.7992,1420
configs/exp4/2q_2q_2q_arc.cfg,experiments/data/hot8_scan_c48_seed47.in,2Q 2Q 2Q ARC,4,12 12 12 12,48,10000,7991,2009,0.7991,7992,2008,0.7992,1
configs/exp4/2q_2q_2q_lfu.cfg,experiments/data/hot8_scan_c48_seed47.in,2Q 2Q 2Q LFU,4,12 12 12 12,48,10000,7991,2009,0.7991,7992,2008,0.7992,1
configs/exp4/2q_2q_2q_lirs.cfg,experiments/data/hot8_scan_c48_seed47.in,2Q 2Q 2Q LIRS,4,12 12 12 12,48,10000,7992,2008,0.7992,7992,2008,0.7992,0
configs/exp4/2q_2q_2q_lru.cfg,experiments/data/hot8_scan_c48_seed47.in,2Q 2Q 2Q LRU,4,12 12 12 12,48,10000,7991,2009,0.7991,7992,2008,0.7992,1
configs/exp4/2q_2q_arc.cfg,experiments/data/hot8_scan_c48_seed47.in,2Q 2Q ARC,3,16 16 16,48,10000,7992,2008,0.7992,7992,2008,0.7992,0
configs/exp4/2q_2q_arc_2q.cfg,experiments/data/hot8_scan_c48_seed47.in,2Q 2Q ARC 2Q,4,12 12 12 12,48,10000,7991,2009,0.7991,7992,2008,0.7992,1
configs/exp4/2q_2q_arc_arc.cfg,experiments/data/hot8_scan_c48_seed47.in,2Q 2Q ARC ARC,4,12 12 12 12,48,10000,7991,2009,0.7991,7992,2008,0.7992,1
configs/exp4/2q_2q_arc_lfu.cfg,experiments/data/hot8_scan_c48_seed47.in,2Q 2Q ARC LFU,4,12 12 12 12,48,10000,7991,2009,0.7991,7992,2008,0.7992,1
configs/exp4/2q_2q_arc_lirs.cfg,experiments/data/hot8_scan_c48_seed47.in,2Q 2Q ARC LIRS,4,12 12 12 12,48,10000,7992,2008,0.7992,7992,2008,0.7992,0
configs/exp4/2q_2q_arc_lru.cfg,experiments/data/hot8_scan_c48_seed47.in,2Q 2Q ARC LRU,4,12 12 12 12,48,10000,7991,2009,0.7991,7992,2008,0.7992,1
configs/exp4/2q_2q_lfu.cfg,experiments/data/hot8_scan_c48_seed47.in,2Q 2Q LFU,3,16 16 16,48,10000,7992,2008,0.7992,7992,2008,0.7992,0
configs/exp4/2q_2q_lfu_2q.cfg,experiments/data/hot8_scan_c48_seed47.in,2Q 2Q LFU 2Q,4,12 12 12 12,48,10000,7991,2009,0.7991,7992,2008,0.7992,1
configs/exp4/2q_2q_lfu_arc.cfg,experiments/data/hot8_scan_c48_seed47.in,2Q 2Q LFU ARC,4,12 12 12 12,48,10000,7991,2009,0.7991,7992,2008,0.7992,1
configs/exp4/2q_2q_lfu_lfu.cfg,experiments/data/hot8_scan_c48_seed47.in,2Q 2Q LFU LFU,4,12 12 12 12,48,10000,7991,2009,0.7991,7992,2008,0.7992,1
configs/exp4/2q_2q_lfu_lirs.cfg,experiments/data/hot8_scan_c48_seed47.in,2Q 2Q LFU LIRS,4,12 12 12 12,48,10000,7992,2008,0.7992,7992,2008,0.7992,0
configs/exp4/2q_2q_lfu_lru.cfg,experiments/data/hot8_scan_c48_seed47.in,2Q 2Q LFU LRU,4,12 12 12 12,48,10000,7991,2009,0.7991,7992,2008,0.7992,1
configs/exp4/2q_2q_lirs.cfg,experiments/data/hot8_scan_c48_seed47.in,2Q 2Q LIRS,3,16 16 16,48,10000,7992,2008,0.7992,7992,2008,0.7992,0
configs/exp4/2q_2q_lirs_2q.cfg,experiments/data/hot8_scan_c48_seed47.in,2Q 2Q LIRS 2Q,4,12 12 12 12,48,10000,7992,2008,0.7992,7992,2008,0.7992,0
configs/exp4/2q_2q_lirs_arc.cfg,experiments/data/hot8_scan_c48_seed47.in,2Q 2Q LIRS ARC,4,12 12 12 12,48,10000,7992,2008,0.7992,7992,2008,0.7992,0
configs/exp4/2q_2q_lirs_lfu.cfg,experiments/data/hot8_scan_c48_seed47.in,2Q 2Q LIRS LFU,4,12 12 12 12,48,10000,7992,2008,0.7992,7992,2008,0.7992,0
configs/exp4/2q_2q_lirs_lirs.cfg,experiments/data/hot8_scan_c48_seed47.in,2Q 2Q LIRS LIRS,4,12 12 12 12,48,10000,7992,2008,0.7992,7992,2008,0.7992,0
configs/exp4/2q_2q_lirs_lru.cfg,experiments/data/hot8_scan_c48_seed47.in,2Q 2Q LIRS LRU,4,12 12 12 12,48,10000,7992,2008,0.7992,7992,2008,0.7992,0
configs/exp4/2q_2q_lru.cfg,experiments/data/hot8_scan_c48_seed47.in,2Q 2Q LRU,3,16 16 16,48,10000,7992,2008,0.7992,7992,2008,0.7992,0
configs/exp4/2q_2q_lru_2q.cfg,experiments/data/hot8_scan_c48_seed47.in,2Q 2Q LRU 2Q,4,12 12 12 12,48,10000,7991,2009,0.7991,7992,2008,0.7992,1
configs/exp4/2q_2q_lru_arc.cfg,experiments/data/hot8_scan_c48_seed47.in,2Q 2Q LRU ARC,4,12 12 12 12,48,10000,7991,2009,0.7991,7992,2008,0.7992,1
configs/exp4/2q_2q_lru_lfu.cfg,experiments/data/hot8_scan_c48_seed47.in,2Q 2Q LRU LFU,4,12 12 12 12,48,10000,7991,2009,0.7991,7992,2008,0.7992,1
configs/exp4/2q_2q_lru_lirs.cfg,experiments/data/hot8_scan_c48_seed47.in,2Q 2Q LRU LIRS,4,12 12 12 12,48,10000,7992,2008,0.7992,7992,2008,0.7992,0
configs/exp4/2q_2q_lru_lru.cfg,experiments/data/hot8_scan_c48_seed47.in,2Q 2Q LRU LRU,4,12 12 12 12,48,10000,7991,2009,0.7991,7992,2008,0.7992,1
configs/exp4/2q_arc.cfg,experiments/data/hot8_scan_c48_seed47.in,2Q ARC,2,24 24,48,10000,7992,2008,0.7992,7992,2008,0.7992,0
configs/exp4/2q_arc_2q.cfg,experiments/data/hot8_scan_c48_seed47.in,2Q ARC 2Q,3,16 16 16,48,10000,7992,2008,0.7992,7992,2008,0.7992,0
configs/exp4/2q_arc_2q_2q.cfg,experiments/data/hot8_scan_c48_seed47.in,2Q ARC 2Q 2Q,4,12 12 12 12,48,10000,7991,2009,0.7991,7992,2008,0.7992,1
configs/exp4/2q_arc_2q_arc.cfg,experiments/data/hot8_scan_c48_seed47.in,2Q ARC 2Q ARC,4,12 12 12 12,48,10000,7991,2009,0.7991,7992,2008,0.7992,1
configs/exp4/2q_arc_2q_lfu.cfg,experiments/data/hot8_scan_c48_seed47.in,2Q ARC 2Q LFU,4,12 12 12 12,48,10000,7991,2009,0.7991,7992,2008,0.7992,1
configs/exp4/2q_arc_2q_lirs.cfg,experiments/data/hot8_scan_c48_seed47.in,2Q ARC 2Q LIRS,4,12 12 12 12,48,10000,7992,2008,0.7992,7992,2008,0.7992,0
configs/exp4/2q_arc_2q_lru.cfg,experiments/data/hot8_scan_c48_seed47.in,2Q ARC 2Q LRU,4,12 12 12 12,48,10000,7991,2009,0.7991,7992,2008,0.7992,1
configs/exp4/2q_arc_arc.cfg,experiments/data/hot8_scan_c48_seed47.in,2Q ARC ARC,3,16 16 16,48,10000,7992,2008,0.7992,7992,2008,0.7992,0
configs/exp4/2q_arc_arc_2q.cfg,experiments/data/hot8_scan_c48_seed47.in,2Q ARC ARC 2Q,4,12 12 12 12,48,10000,7991,2009,0.7991,7992,2008,0.7992,1
configs/exp4/2q_arc_arc_arc.cfg,experiments/data/hot8_scan_c48_seed47.in,2Q ARC ARC ARC,4,12 12 12 12,48,10000,7991,2009,0.7991,7992,2008,0.7992,1
configs/exp4/2q_arc_arc_lfu.cfg,experiments/data/hot8_scan_c48_seed47.in,2Q ARC ARC LFU,4,12 12 12 12,48,10000,7991,2009,0.7991,7992,2008,0.7992,1
configs/exp4/2q_arc_arc_lirs.cfg,experiments/data/hot8_scan_c48_seed47.in,2Q ARC ARC LIRS,4,12 12 12 12,48,10000,7992,2008,0.7992,7992,2008,0.7992,0
configs/exp4/2q_arc_arc_lru.cfg,experiments/data/hot8_scan_c48_seed47.in,2Q ARC ARC LRU,4,12 12 12 12,48,10000,7991,2009,0.7991,7992,2008,0.7992,1
configs/exp4/2q_arc_lfu.cfg,experiments/data/hot8_scan_c48_seed47.in,2Q ARC LFU,3,16 16 16,48,10000,7992,2008,0.7992,7992,2008,0.7992,0
configs/exp4/2q_arc_lfu_2q.cfg,experiments/data/hot8_scan_c48_seed47.in,2Q ARC LFU 2Q,4,12 12 12 12,48,10000,7991,2009,0.7991,7992,2008,0.7992,1
configs/exp4/2q_arc_lfu_arc.cfg,experiments/data/hot8_scan_c48_seed47.in,2Q ARC LFU ARC,4,12 12 12 12,48,10000,7991,2009,0.7991,7992,2008,0.7992,1
configs/exp4/2q_arc_lfu_lfu.cfg,experiments/data/hot8_scan_c48_seed47.in,2Q ARC LFU LFU,4,12 12 12 12,48,10000,7991,2009,0.7991,7992,2008,0.7992,1
configs/exp4/2q_arc_lfu_lirs.cfg,experiments/data/hot8_scan_c48_seed47.in,2Q ARC LFU LIRS,4,12 12 12 12,48,10000,7992,2008,0.7992,7992,2008,0.7992,0
configs/exp4/2q_arc_lfu_lru.cfg,experiments/data/hot8_scan_c48_seed47.in,2Q ARC LFU LRU,4,12 12 12 12,48,10000,7991,2009,0.7991,7992,2008,0.7992,1
configs/exp4/2q_arc_lirs.cfg,experiments/data/hot8_scan_c48_seed47.in,2Q ARC LIRS,3,16 16 16,48,10000,7992,2008,0.7992,7992,2008,0.7992,0
configs/exp4/2q_arc_lirs_2q.cfg,experiments/data/hot8_scan_c48_seed47.in,2Q ARC LIRS 2Q,4,12 12 12 12,48,10000,7992,2008,0.7992,7992,2008,0.7992,0
configs/exp4/2q_arc_lirs_arc.cfg,experiments/data/hot8_scan_c48_seed47.in,2Q ARC LIRS ARC,4,12 12 12 12,48,10000,7992,2008,0.7992,7992,2008,0.7992,0
configs/exp4/2q_arc_lirs_lfu.cfg,experiments/data/hot8_scan_c48_seed47.in,2Q ARC LIRS LFU,4,12 12 12 12,48,10000,7992,2008,0.7992,7992,2008,0.7992,0
configs/exp4/2q_arc_lirs_lirs.cfg,experiments/data/hot8_scan_c48_seed47.in,2Q ARC LIRS LIRS,4,12 12 12 12,48,10000,7992,2008,0.7992,7992,2008,0.7992,0
configs/exp4/2q_arc_lirs_lru.cfg,experiments/data/hot8_scan_c48_seed47.in,2Q ARC LIRS LRU,4,12 12 12 12,48,10000,7992,2008,0.7992,7992,2008,0.7992,0
configs/exp4/2q_arc_lru.cfg,experiments/data/hot8_scan_c48_seed47.in,2Q ARC LRU,3,16 16 16,48,10000,7992,2008,0.7992,7992,2008,0.7992,0
configs/exp4/2q_arc_lru_2q.cfg,experiments/data/hot8_scan_c48_seed47.in,2Q ARC LRU 2Q,4,12 12 12 12,48,10000,7991,2009,0.7991,7992,2008,0.7992,1
configs/exp4/2q_arc_lru_arc.cfg,experiments/data/hot8_scan_c48_seed47.in,2Q ARC LRU ARC,4,12 12 12 12,48,10000,7991,2009,0.7991,7992,2008,0.7992,1
configs/exp4/2q_arc_lru_lfu.cfg,experiments/data/hot8_scan_c48_seed47.in,2Q ARC LRU LFU,4,12 12 12 12,48,10000,7991,2009,0.7991,7992,2008,0.7992,1
configs/exp4/2q_arc_lru_lirs.cfg,experiments/data/hot8_scan_c48_seed47.in,2Q ARC LRU LIRS,4,12 12 12 12,48,10000,7992,2008,0.7992,7992,2008,0.7992,0
configs/exp4/2q_arc_lru_lru.cfg,experiments/data/hot8_scan_c48_seed47.in,2Q ARC LRU LRU,4,12 12 12 12,48,10000,7991,2009,0.7991,7992,2008,0.7992,1
configs/exp4/2q_lfu.cfg,experiments/data/hot8_scan_c48_seed47.in,2Q LFU,2,24 24,48,10000,7992,2008,0.7992,7992,2008,0.7992,0
configs/exp4/2q_lfu_2q.cfg,experiments/data/hot8_scan_c48_seed47.in,2Q LFU 2Q,3,16 16 16,48,10000,7992,2008,0.7992,7992,2008,0.7992,0
configs/exp4/2q_lfu_2q_2q.cfg,experiments/data/hot8_scan_c48_seed47.in,2Q LFU 2Q 2Q,4,12 12 12 12,48,10000,7991,2009,0.7991,7992,2008,0.7992,1
configs/exp4/2q_lfu_2q_arc.cfg,experiments/data/hot8_scan_c48_seed47.in,2Q LFU 2Q ARC,4,12 12 12 12,48,10000,7991,2009,0.7991,7992,2008,0.7992,1
configs/exp4/2q_lfu_2q_lfu.cfg,experiments/data/hot8_scan_c48_seed47.in,2Q LFU 2Q LFU,4,12 12 12 12,48,10000,7991,2009,0.7991,7992,2008,0.7992,1
configs/exp4/2q_lfu_2q_lirs.cfg,experiments/data/hot8_scan_c48_seed47.in,2Q LFU 2Q LIRS,4,12 12 12 12,48,10000,7992,2008,0.7992,7992,2008,0.7992,0
configs/exp4/2q_lfu_2q_lru.cfg,experiments/data/hot8_scan_c48_seed47.in,2Q LFU 2Q LRU,4,12 12 12 12,48,10000,7991,2009,0.7991,7992,2008,0.7992,1
configs/exp4/2q_lfu_arc.cfg,experiments/data/hot8_scan_c48_seed47.in,2Q LFU ARC,3,16 16 16,48,10000,7992,2008,0.7992,7992,2008,0.7992,0
configs/exp4/2q_lfu_arc_2q.cfg,experiments/data/hot8_scan_c48_seed47.in,2Q LFU ARC 2Q,4,12 12 12 12,48,10000,7991,2009,0.7991,7992,2008,0.7992,1
configs/exp4/2q_lfu_arc_arc.cfg,experiments/data/hot8_scan_c48_seed47.in,2Q LFU ARC ARC,4,12 12 12 12,48,10000,7991,2009,0.7991,7992,2008,0.7992,1
configs/exp4/2q_lfu_arc_lfu.cfg,experiments/data/hot8_scan_c48_seed47.in,2Q LFU ARC LFU,4,12 12 12 12,48,10000,7991,2009,0.7991,7992,2008,0.7992,1
configs/exp4/2q_lfu_arc_lirs.cfg,experiments/data/hot8_scan_c48_seed47.in,2Q LFU ARC LIRS,4,12 12 12 12,48,10000,7992,2008,0.7992,7992,2008,0.7992,0
configs/exp4/2q_lfu_arc_lru.cfg,experiments/data/hot8_scan_c48_seed47.in,2Q LFU ARC LRU,4,12 12 12 12,48,10000,7991,2009,0.7991,7992,2008,0.7992,1
configs/exp4/2q_lfu_lfu.cfg,experiments/data/hot8_scan_c48_seed47.in,2Q LFU LFU,3,16 16 16,48,10000,7992,2008,0.7992,7992,2008,0.7992,0
configs/exp4/2q_lfu_lfu_2q.cfg,experiments/data/hot8_scan_c48_seed47.in,2Q LFU LFU 2Q,4,12 12 12 12,48,10000,7991,2009,0.7991,7992,2008,0.7992,1
configs/exp4/2q_lfu_lfu_arc.cfg,experiments/data/hot8_scan_c48_seed47.in,2Q LFU LFU ARC,4,12 12 12 12,48,10000,7991,2009,0.7991,7992,2008,0.7992,1
configs/exp4/2q_lfu_lfu_lfu.cfg,experiments/data/hot8_scan_c48_seed47.in,2Q LFU LFU LFU,4,12 12 12 12,48,10000,7991,2009,0.7991,7992,2008,0.7992,1
configs/exp4/2q_lfu_lfu_lirs.cfg,experiments/data/hot8_scan_c48_seed47.in,2Q LFU LFU LIRS,4,12 12 12 12,48,10000,7992,2008,0.7992,7992,2008,0.7992,0
configs/exp4/2q_lfu_lfu_lru.cfg,experiments/data/hot8_scan_c48_seed47.in,2Q LFU LFU LRU,4,12 12 12 12,48,10000,7991,2009,0.7991,7992,2008,0.7992,1
configs/exp4/2q_lfu_lirs.cfg,experiments/data/hot8_scan_c48_seed47.in,2Q LFU LIRS,3,16 16 16,48,10000,7992,2008,0.7992,7992,2008,0.7992,0
configs/exp4/2q_lfu_lirs_2q.cfg,experiments/data/hot8_scan_c48_seed47.in,2Q LFU LIRS 2Q,4,12 12 12 12,48,10000,7992,2008,0.7992,7992,2008,0.7992,0
configs/exp4/2q_lfu_lirs_arc.cfg,experiments/data/hot8_scan_c48_seed47.in,2Q LFU LIRS ARC,4,12 12 12 12,48,10000,7992,2008,0.7992,7992,2008,0.7992,0
configs/exp4/2q_lfu_lirs_lfu.cfg,experiments/data/hot8_scan_c48_seed47.in,2Q LFU LIRS LFU,4,12 12 12 12,48,10000,7992,2008,0.7992,7992,2008,0.7992,0
configs/exp4/2q_lfu_lirs_lirs.cfg,experiments/data/hot8_scan_c48_seed47.in,2Q LFU LIRS LIRS,4,12 12 12 12,48,10000,7992,2008,0.7992,7992,2008,0.7992,0
configs/exp4/2q_lfu_lirs_lru.cfg,experiments/data/hot8_scan_c48_seed47.in,2Q LFU LIRS LRU,4,12 12 12 12,48,10000,7992,2008,0.7992,7992,2008,0.7992,0
configs/exp4/2q_lfu_lru.cfg,experiments/data/hot8_scan_c48_seed47.in,2Q LFU LRU,3,16 16 16,48,10000,7992,2008,0.7992,7992,2008,0.7992,0
configs/exp4/2q_lfu_lru_2q.cfg,experiments/data/hot8_scan_c48_seed47.in,2Q LFU LRU 2Q,4,12 12 12 12,48,10000,7991,2009,0.7991,7992,2008,0.7992,1
configs/exp4/2q_lfu_lru_arc.cfg,experiments/data/hot8_scan_c48_seed47.in,2Q LFU LRU ARC,4,12 12 12 12,48,10000,7991,2009,0.7991,7992,2008,0.7992,1
configs/exp4/2q_lfu_lru_lfu.cfg,experiments/data/hot8_scan_c48_seed47.in,2Q LFU LRU LFU,4,12 12 12 12,48,10000,7991,2009,0.7991,7992,2008,0.7992,1
configs/exp4/2q_lfu_lru_lirs.cfg,experiments/data/hot8_scan_c48_seed47.in,2Q LFU LRU LIRS,4,12 12 12 12,48,10000,7992,2008,0.7992,7992,2008,0.7992,0
configs/exp4/2q_lfu_lru_lru.cfg,experiments/data/hot8_scan_c48_seed47.in,2Q LFU LRU LRU,4,12 12 12 12,48,10000,7991,2009,0.7991,7992,2008,0.7992,1
configs/exp4/2q_lirs.cfg,experiments/data/hot8_scan_c48_seed47.in,2Q LIRS,2,24 24,48,10000,7992,2008,0.7992,7992,2008,0.7992,0
configs/exp4/2q_lirs_2q.cfg,experiments/data/hot8_scan_c48_seed47.in,2Q LIRS 2Q,3,16 16 16,48,10000,7992,2008,0.7992,7992,2008,0.7992,0
configs/exp4/2q_lirs_2q_2q.cfg,experiments/data/hot8_scan_c48_seed47.in,2Q LIRS 2Q 2Q,4,12 12 12 12,48,10000,7992,2008,0.7992,7992,2008,0.7992,0
configs/exp4/2q_lirs_2q_arc.cfg,experiments/data/hot8_scan_c48_seed47.in,2Q LIRS 2Q ARC,4,12 12 12 12,48,10000,7992,2008,0.7992,7992,2008,0.7992,0
configs/exp4/2q_lirs_2q_lfu.cfg,experiments/data/hot8_scan_c48_seed47.in,2Q LIRS 2Q LFU,4,12 12 12 12,48,10000,7992,2008,0.7992,7992,2008,0.7992,0
configs/exp4/2q_lirs_2q_lirs.cfg,experiments/data/hot8_scan_c48_seed47.in,2Q LIRS 2Q LIRS,4,12 12 12 12,48,10000,7992,2008,0.7992,7992,2008,0.7992,0
configs/exp4/2q_lirs_2q_lru.cfg,experiments/data/hot8_scan_c48_seed47.in,2Q LIRS 2Q LRU,4,12 12 12 12,48,10000,7992,2008,0.7992,7992,2008,0.7992,0
configs/exp4/2q_lirs_arc.cfg,experiments/data/hot8_scan_c48_seed47.in,2Q LIRS ARC,3,16 16 16,48,10000,7992,2008,0.7992,7992,2008,0.7992,0
configs/exp4/2q_lirs_arc_2q.cfg,experiments/data/hot8_scan_c48_seed47.in,2Q LIRS ARC 2Q,4,12 12 12 12,48,10000,7992,2008,0.7992,7992,2008,0.7992,0
configs/exp4/2q_lirs_arc_arc.cfg,experiments/data/hot8_scan_c48_seed47.in,2Q LIRS ARC ARC,4,12 12 12 12,48,10000,7992,2008,0.7992,7992,2008,0.7992,0
configs/exp4/2q_lirs_arc_lfu.cfg,experiments/data/hot8_scan_c48_seed47.in,2Q LIRS ARC LFU,4,12 12 12 12,48,10000,7992,2008,0.7992,7992,2008,0.7992,0
configs/exp4/2q_lirs_arc_lirs.cfg,experiments/data/hot8_scan_c48_seed47.in,2Q LIRS ARC LIRS,4,12 12 12 12,48,10000,7992,2008,0.7992,7992,2008,0.7992,0
configs/exp4/2q_lirs_arc_lru.cfg,experiments/data/hot8_scan_c48_seed47.in,2Q LIRS ARC LRU,4,12 12 12 12,48,10000,7992,2008,0.7992,7992,2008,0.7992,0
configs/exp4/2q_lirs_lfu.cfg,experiments/data/hot8_scan_c48_seed47.in,2Q LIRS LFU,3,16 16 16,48,10000,7992,2008,0.7992,7992,2008,0.7992,0
configs/exp4/2q_lirs_lfu_2q.cfg,experiments/data/hot8_scan_c48_seed47.in,2Q LIRS LFU 2Q,4,12 12 12 12,48,10000,7992,2008,0.7992,7992,2008,0.7992,0
configs/exp4/2q_lirs_lfu_arc.cfg,experiments/data/hot8_scan_c48_seed47.in,2Q LIRS LFU ARC,4,12 12 12 12,48,10000,7992,2008,0.7992,7992,2008,0.7992,0
configs/exp4/2q_lirs_lfu_lfu.cfg,experiments/data/hot8_scan_c48_seed47.in,2Q LIRS LFU LFU,4,12 12 12 12,48,10000,7992,2008,0.7992,7992,2008,0.7992,0
configs/exp4/2q_lirs_lfu_lirs.cfg,experiments/data/hot8_scan_c48_seed47.in,2Q LIRS LFU LIRS,4,12 12 12 12,48,10000,7992,2008,0.7992,7992,2008,0.7992,0
configs/exp4/2q_lirs_lfu_lru.cfg,experiments/data/hot8_scan_c48_seed47.in,2Q LIRS LFU LRU,4,12 12 12 12,48,10000,7992,2008,0.7992,7992,2008,0.7992,0
configs/exp4/2q_lirs_lirs.cfg,experiments/data/hot8_scan_c48_seed47.in,2Q LIRS LIRS,3,16 16 16,48,10000,7992,2008,0.7992,7992,2008,0.7992,0
configs/exp4/2q_lirs_lirs_2q.cfg,experiments/data/hot8_scan_c48_seed47.in,2Q LIRS LIRS 2Q,4,12 12 12 12,48,10000,7992,2008,0.7992,7992,2008,0.7992,0
configs/exp4/2q_lirs_lirs_arc.cfg,experiments/data/hot8_scan_c48_seed47.in,2Q LIRS LIRS ARC,4,12 12 12 12,48,10000,7992,2008,0.7992,7992,2008,0.7992,0
configs/exp4/2q_lirs_lirs_lfu.cfg,experiments/data/hot8_scan_c48_seed47.in,2Q LIRS LIRS LFU,4,12 12 12 12,48,10000,7992,2008,0.7992,7992,2008,0.7992,0
configs/exp4/2q_lirs_lirs_lirs.cfg,experiments/data/hot8_scan_c48_seed47.in,2Q LIRS LIRS LIRS,4,12 12 12 12,48,10000,7992,2008,0.7992,7992,2008,0.7992,0
configs/exp4/2q_lirs_lirs_lru.cfg,experiments/data/hot8_scan_c48_seed47.in,2Q LIRS LIRS LRU,4,12 12 12 12,48,10000,7992,2008,0.7992,7992,2008,0.7992,0
configs/exp4/2q_lirs_lru.cfg,experiments/data/hot8_scan_c48_seed47.in,2Q LIRS LRU,3,16 16 16,48,10000,7992,2008,0.7992,7992,2008,0.7992,0
configs/exp4/2q_lirs_lru_2q.cfg,experiments/data/hot8_scan_c48_seed47.in,2Q LIRS LRU 2Q,4,12 12 12 12,48,10000,7992,2008,0.7992,7992,2008,0.7992,0
configs/exp4/2q_lirs_lru_arc.cfg,experiments/data/hot8_scan_c48_seed47.in,2Q LIRS LRU ARC,4,12 12 12 12,48,10000,7992,2008,0.7992,7992,2008,0.7992,0
configs/exp4/2q_lirs_lru_lfu.cfg,experiments/data/hot8_scan_c48_seed47.in,2Q LIRS LRU LFU,4,12 12 12 12,48,10000,7992,2008,0.7992,7992,2008,0.7992,0
configs/exp4/2q_lirs_lru_lirs.cfg,experiments/data/hot8_scan_c48_seed47.in,2Q LIRS LRU LIRS,4,12 12 12 12,48,10000,7992,2008,0.7992,7992,2008,0.7992,0
configs/exp4/2q_lirs_lru_lru.cfg,experiments/data/hot8_scan_c48_seed47.in,2Q LIRS LRU LRU,4,12 12 12 12,48,10000,7992,2008,0.7992,7992,2008,0.7992,0
configs/exp4/2q_lru.cfg,experiments/data/hot8_scan_c48_seed47.in,2Q LRU,2,24 24,48,10000,7992,2008,0.7992,7992,2008,0.7992,0
configs/exp4/2q_lru_2q.cfg,experiments/data/hot8_scan_c48_seed47.in,2Q LRU 2Q,3,16 16 16,48,10000,7992,2008,0.7992,7992,2008,0.7992,0
configs/exp4/2q_lru_2q_2q.cfg,experiments/data/hot8_scan_c48_seed47.in,2Q LRU 2Q 2Q,4,12 12 12 12,48,10000,7991,2009,0.7991,7992,2008,0.7992,1
configs/exp4/2q_lru_2q_arc.cfg,experiments/data/hot8_scan_c48_seed47.in,2Q LRU 2Q ARC,4,12 12 12 12,48,10000,7991,2009,0.7991,7992,2008,0.7992,1
configs/exp4/2q_lru_2q_lfu.cfg,experiments/data/hot8_scan_c48_seed47.in,2Q LRU 2Q LFU,4,12 12 12 12,48,10000,7991,2009,0.7991,7992,2008,0.7992,1
configs/exp4/2q_lru_2q_lirs.cfg,experiments/data/hot8_scan_c48_seed47.in,2Q LRU 2Q LIRS,4,12 12 12 12,48,10000,7992,2008,0.7992,7992,2008,0.7992,0
configs/exp4/2q_lru_2q_lru.cfg,experiments/data/hot8_scan_c48_seed47.in,2Q LRU 2Q LRU,4,12 12 12 12,48,10000,7991,2009,0.7991,7992,2008,0.7992,1
configs/exp4/2q_lru_arc.cfg,experiments/data/hot8_scan_c48_seed47.in,2Q LRU ARC,3,16 16 16,48,10000,7992,2008,0.7992,7992,2008,0.7992,0
configs/exp4/2q_lru_arc_2q.cfg,experiments/data/hot8_scan_c48_seed47.in,2Q LRU ARC 2Q,4,12 12 12 12,48,10000,7991,2009,0.7991,7992,2008,0.7992,1
configs/exp4/2q_lru_arc_arc.cfg,experiments/data/hot8_scan_c48_seed47.in,2Q LRU ARC ARC,4,12 12 12 12,48,10000,7991,2009,0.7991,7992,2008,0.7992,1
configs/exp4/2q_lru_arc_lfu.cfg,experiments/data/hot8_scan_c48_seed47.in,2Q LRU ARC LFU,4,12 12 12 12,48,10000,7991,2009,0.7991,7992,2008,0.7992,1
configs/exp4/2q_lru_arc_lirs.cfg,experiments/data/hot8_scan_c48_seed47.in,2Q LRU ARC LIRS,4,12 12 12 12,48,10000,7992,2008,0.7992,7992,2008,0.7992,0
configs/exp4/2q_lru_arc_lru.cfg,experiments/data/hot8_scan_c48_seed47.in,2Q LRU ARC LRU,4,12 12 12 12,48,10000,7991,2009,0.7991,7992,2008,0.7992,1
configs/exp4/2q_lru_lfu.cfg,experiments/data/hot8_scan_c48_seed47.in,2Q LRU LFU,3,16 16 16,48,10000,7992,2008,0.7992,7992,2008,0.7992,0
configs/exp4/2q_lru_lfu_2q.cfg,experiments/data/hot8_scan_c48_seed47.in,2Q LRU LFU 2Q,4,12 12 12 12,48,10000,7991,2009,0.7991,7992,2008,0.7992,1
configs/exp4/2q_lru_lfu_arc.cfg,experiments/data/hot8_scan_c48_seed47.in,2Q LRU LFU ARC,4,12 12 12 12,48,10000,7991,2009,0.7991,7992,2008,0.7992,1
configs/exp4/2q_lru_lfu_lfu.cfg,experiments/data/hot8_scan_c48_seed47.in,2Q LRU LFU LFU,4,12 12 12 12,48,10000,7991,2009,0.7991,7992,2008,0.7992,1
configs/exp4/2q_lru_lfu_lirs.cfg,experiments/data/hot8_scan_c48_seed47.in,2Q LRU LFU LIRS,4,12 12 12 12,48,10000,7992,2008,0.7992,7992,2008,0.7992,0
configs/exp4/2q_lru_lfu_lru.cfg,experiments/data/hot8_scan_c48_seed47.in,2Q LRU LFU LRU,4,12 12 12 12,48,10000,7991,2009,0.7991,7992,2008,0.7992,1
configs/exp4/2q_lru_lirs.cfg,experiments/data/hot8_scan_c48_seed47.in,2Q LRU LIRS,3,16 16 16,48,10000,7992,2008,0.7992,7992,2008,0.7992,0
configs/exp4/2q_lru_lirs_2q.cfg,experiments/data/hot8_scan_c48_seed47.in,2Q LRU LIRS 2Q,4,12 12 12 12,48,10000,7992,2008,0.7992,7992,2008,0.7992,0
configs/exp4/2q_lru_lirs_arc.cfg,experiments/data/hot8_scan_c48_seed47.in,2Q LRU LIRS ARC,4,12 12 12 12,48,10000,7992,2008,0.7992,7992,2008,0.7992,0
configs/exp4/2q_lru_lirs_lfu.cfg,experiments/data/hot8_scan_c48_seed47.in,2Q LRU LIRS LFU,4,12 12 12 12,48,10000,7992,2008,0.7992,7992,2008,0.7992,0
configs/exp4/2q_lru_lirs_lirs.cfg,experiments/data/hot8_scan_c48_seed47.in,2Q LRU LIRS LIRS,4,12 12 12 12,48,10000,7992,2008,0.7992,7992,2008,0.7992,0
configs/exp4/2q_lru_lirs_lru.cfg,experiments/data/hot8_scan_c48_seed47.in,2Q LRU LIRS LRU,4,12 12 12 12,48,10000,7992,2008,0.7992,7992,2008,0.7992,0
configs/exp4/2q_lru_lru.cfg,experiments/data/hot8_scan_c48_seed47.in,2Q LRU LRU,3,16 16 16,48,10000,7992,2008,0.7992,7992,2008,0.7992,0
configs/exp4/2q_lru_lru_2q.cfg,experiments/data/hot8_scan_c48_seed47.in,2Q LRU LRU 2Q,4,12 12 12 12,48,10000,7991,2009,0.7991,7992,2008,0.7992,1
configs/exp4/2q_lru_lru_arc.cfg,experiments/data/hot8_scan_c48_seed47.in,2Q LRU LRU ARC,4,12 12 12 12,48,10000,7991,2009,0.7991,7992,2008,0.7992,1
configs/exp4/2q_lru_lru_lfu.cfg,experiments/data/hot8_scan_c48_seed47.in,2Q LRU LRU LFU,4,12 12 12 12,48,10000,7991,2009,0.7991,7992,2008,0.7992,1
configs/exp4/2q_lru_lru_lirs.cfg,experiments/data/hot8_scan_c48_seed47.in,2Q LRU LRU LIRS,4,12 12 12 12,48,10000,7992,2008,0.7992,7992,2008,0.7992,0
configs/exp4/2q_lru_lru_lru.cfg,experiments/data/hot8_scan_c48_seed47.in,2Q LRU LRU LRU,4,12 12 12 12,48,10000,7991,2009,0.7991,7992,2008,0.7992,1
configs/exp4/arc_2q.cfg,experiments/data/hot8_scan_c48_seed47.in,ARC 2Q,2,24 24,48,10000,7992,2008,0.7992,7992,2008,0.7992,0
configs/exp4/arc_2q_2q.cfg,experiments/data/hot8_scan_c48_seed47.in,ARC 2Q 2Q,3,16 16 16,48,10000,7992,2008,0.7992,7992,2008,0.7992,0
configs/exp4/arc_2q_2q_2q.cfg,experiments/data/hot8_scan_c48_seed47.in,ARC 2Q 2Q 2Q,4,12 12 12 12,48,10000,7991,2009,0.7991,7992,2008,0.7992,1
configs/exp4/arc_2q_2q_arc.cfg,experiments/data/hot8_scan_c48_seed47.in,ARC 2Q 2Q ARC,4,12 12 12 12,48,10000,7991,2009,0.7991,7992,2008,0.7992,1
configs/exp4/arc_2q_2q_lfu.cfg,experiments/data/hot8_scan_c48_seed47.in,ARC 2Q 2Q LFU,4,12 12 12 12,48,10000,7991,2009,0.7991,7992,2008,0.7992,1
configs/exp4/arc_2q_2q_lirs.cfg,experiments/data/hot8_scan_c48_seed47.in,ARC 2Q 2Q LIRS,4,12 12 12 12,48,10000,7992,2008,0.7992,7992,2008,0.7992,0
configs/exp4/arc_2q_2q_lru.cfg,experiments/data/hot8_scan_c48_seed47.in,ARC 2Q 2Q LRU,4,12 12 12 12,48,10000,7991,2009,0.7991,7992,2008,0.7992,1
configs/exp4/arc_2q_arc.cfg,experiments/data/hot8_scan_c48_seed47.in,ARC 2Q ARC,3,16 16 16,48,10000,7992,2008,0.7992,7992,2008,0.7992,0
configs/exp4/arc_2q_arc_2q.cfg,experiments/data/hot8_scan_c48_seed47.in,ARC 2Q ARC 2Q,4,12 12 12 12,48,10000,7991,2009,0.7991,7992,2008,0.7992,1
configs/exp4/arc_2q_arc_arc.cfg,experiments/data/hot8_scan_c48_seed47.in,ARC 2Q ARC ARC,4,12 12 12 12,48,10000,7991,2009,0.7991,7992,2008,0.7992,1
configs/exp4/arc_2q_arc_lfu.cfg,experiments/data/hot8_scan_c48_seed47.in,ARC 2Q ARC LFU,4,12 12 12 12,48,10000,7991,2009,0.7991,7992,2008,0.7992,1
configs/exp4/arc_2q_arc_lirs.cfg,experiments/data/hot8_scan_c48_seed47.in,ARC 2Q ARC LIRS,4,12 12 12 12,48,10000,7992,2008,0.7992,7992,2008,0.7992,0
configs/exp4/arc_2q_arc_lru.cfg,experiments/data/hot8_scan_c48_seed47.in,ARC 2Q ARC LRU,4,12 12 12 12,48,10000,7991,2009,0.7991,7992,2008,0.7992,1
configs/exp4/arc_2q_lfu.cfg,experiments/data/hot8_scan_c48_seed47.in,ARC 2Q LFU,3,16 16 16,48,10000,7992,2008,0.7992,7992,2008,0.7992,0
configs/exp4/arc_2q_lfu_2q.cfg,experiments/data/hot8_scan_c48_seed47.in,ARC 2Q LFU 2Q,4,12 12 12 12,48,10000,7991,2009,0.7991,7992,2008,0.7992,1
configs/exp4/arc_2q_lfu_arc.cfg,experiments/data/hot8_scan_c48_seed47.in,ARC 2Q LFU ARC,4,12 12 12 12,48,10000,7991,2009,0.7991,7992,2008,0.7992,1
configs/exp4/arc_2q_lfu_lfu.cfg,experiments/data/hot8_scan_c48_seed47.in,ARC 2Q LFU LFU,4,12 12 12 12,48,10000,7991,2009,0.7991,7992,2008,0.7992,1
configs/exp4/arc_2q_lfu_lirs.cfg,experiments/data/hot8_scan_c48_seed47.in,ARC 2Q LFU LIRS,4,12 12 12 12,48,10000,7992,2008,0.7992,7992,2008,0.7992,0
configs/exp4/arc_2q_lfu_lru.cfg,experiments/data/hot8_scan_c48_seed47.in,ARC 2Q LFU LRU,4,12 12 12 12,48,10000,7991,2009,0.7991,7992,2008,0.7992,1
configs/exp4/arc_2q_lirs.cfg,experiments/data/hot8_scan_c48_seed47.in,ARC 2Q LIRS,3,16 16 16,48,10000,7992,2008,0.7992,7992,2008,0.7992,0
configs/exp4/arc_2q_lirs_2q.cfg,experiments/data/hot8_scan_c48_seed47.in,ARC 2Q LIRS 2Q,4,12 12 12 12,48,10000,7992,2008,0.7992,7992,2008,0.7992,0
configs/exp4/arc_2q_lirs_arc.cfg,experiments/data/hot8_scan_c48_seed47.in,ARC 2Q LIRS ARC,4,12 12 12 12,48,10000,7992,2008,0.7992,7992,2008,0.7992,0
configs/exp4/arc_2q_lirs_lfu.cfg,experiments/data/hot8_scan_c48_seed47.in,ARC 2Q LIRS LFU,4,12 12 12 12,48,10000,7992,2008,0.7992,7992,2008,0.7992,0
configs/exp4/arc_2q_lirs_lirs.cfg,experiments/data/hot8_scan_c48_seed47.in,ARC 2Q LIRS LIRS,4,12 12 12 12,48,10000,7992,2008,0.7992,7992,2008,0.7992,0
configs/exp4/arc_2q_lirs_lru.cfg,experiments/data/hot8_scan_c48_seed47.in,ARC 2Q LIRS LRU,4,12 12 12 12,48,10000,7992,2008,0.7992,7992,2008,0.7992,0
configs/exp4/arc_2q_lru.cfg,experiments/data/hot8_scan_c48_seed47.in,ARC 2Q LRU,3,16 16 16,48,10000,7992,2008,0.7992,7992,2008,0.7992,0
configs/exp4/arc_2q_lru_2q.cfg,experiments/data/hot8_scan_c48_seed47.in,ARC 2Q LRU 2Q,4,12 12 12 12,48,10000,7991,2009,0.7991,7992,2008,0.7992,1
configs/exp4/arc_2q_lru_arc.cfg,experiments/data/hot8_scan_c48_seed47.in,ARC 2Q LRU ARC,4,12 12 12 12,48,10000,7991,2009,0.7991,7992,2008,0.7992,1
configs/exp4/arc_2q_lru_lfu.cfg,experiments/data/hot8_scan_c48_seed47.in,ARC 2Q LRU LFU,4,12 12 12 12,48,10000,7991,2009,0.7991,7992,2008,0.7992,1
configs/exp4/arc_2q_lru_lirs.cfg,experiments/data/hot8_scan_c48_seed47.in,ARC 2Q LRU LIRS,4,12 12 12 12,48,10000,7992,2008,0.7992,7992,2008,0.7992,0
configs/exp4/arc_2q_lru_lru.cfg,experiments/data/hot8_scan_c48_seed47.in,ARC 2Q LRU LRU,4,12 12 12 12,48,10000,7991,2009,0.7991,7992,2008,0.7992,1
configs/exp4/arc_arc_2q.cfg,experiments/data/hot8_scan_c48_seed47.in,ARC ARC 2Q,3,16 16 16,48,10000,7992,2008,0.7992,7992,2008,0.7992,0
configs/exp4/arc_arc_2q_2q.cfg,experiments/data/hot8_scan_c48_seed47.in,ARC ARC 2Q 2Q,4,12 12 12 12,48,10000,7991,2009,0.7991,7992,2008,0.7992,1
configs/exp4/arc_arc_2q_arc.cfg,experiments/data/hot8_scan_c48_seed47.in,ARC ARC 2Q ARC,4,12 12 12 12,48,10000,7991,2009,0.7991,7992,2008,0.7992,1
configs/exp4/arc_arc_2q_lfu.cfg,experiments/data/hot8_scan_c48_seed47.in,ARC ARC 2Q LFU,4,12 12 12 12,48,10000,7991,2009,0.7991,7992,2008,0.7992,1
configs/exp4/arc_arc_2q_lirs.cfg,experiments/data/hot8_scan_c48_seed47.in,ARC ARC 2Q LIRS,4,12 12 12 12,48,10000,7992,2008,0.7992,7992,2008,0.7992,0
configs/exp4/arc_arc_2q_lru.cfg,experiments/data/hot8_scan_c48_seed47.in,ARC ARC 2Q LRU,4,12 12 12 12,48,10000,7991,2009,0.7991,7992,2008,0.7992,1
configs/exp4/arc_arc_arc_2q.cfg,experiments/data/hot8_scan_c48_seed47.in,ARC ARC ARC 2Q,4,12 12 12 12,48,10000,7991,2009,0.7991,7992,2008,0.7992,1
configs/exp4/arc_arc_arc_lfu.cfg,experiments/data/hot8_scan_c48_seed47.in,ARC ARC ARC LFU,4,12 12 12 12,48,10000,7991,2009,0.7991,7992,2008,0.7992,1
configs/exp4/arc_arc_arc_lirs.cfg,experiments/data/hot8_scan_c48_seed47.in,ARC ARC ARC LIRS,4,12 12 12 12,48,10000,7992,2008,0.7992,7992,2008,0.7992,0
configs/exp4/arc_arc_arc_lru.cfg,experiments/data/hot8_scan_c48_seed47.in,ARC ARC ARC LRU,4,12 12 12 12,48,10000,7991,2009,0.7991,7992,2008,0.7992,1
configs/exp4/arc_arc_lfu.cfg,experiments/data/hot8_scan_c48_seed47.in,ARC ARC LFU,3,16 16 16,48,10000,7992,2008,0.7992,7992,2008,0.7992,0
configs/exp4/arc_arc_lfu_2q.cfg,experiments/data/hot8_scan_c48_seed47.in,ARC ARC LFU 2Q,4,12 12 12 12,48,10000,7991,2009,0.7991,7992,2008,0.7992,1
configs/exp4/arc_arc_lfu_arc.cfg,experiments/data/hot8_scan_c48_seed47.in,ARC ARC LFU ARC,4,12 12 12 12,48,10000,7991,2009,0.7991,7992,2008,0.7992,1
configs/exp4/arc_arc_lfu_lfu.cfg,experiments/data/hot8_scan_c48_seed47.in,ARC ARC LFU LFU,4,12 12 12 12,48,10000,7991,2009,0.7991,7992,2008,0.7992,1
configs/exp4/arc_arc_lfu_lirs.cfg,experiments/data/hot8_scan_c48_seed47.in,ARC ARC LFU LIRS,4,12 12 12 12,48,10000,7992,2008,0.7992,7992,2008,0.7992,0
configs/exp4/arc_arc_lfu_lru.cfg,experiments/data/hot8_scan_c48_seed47.in,ARC ARC LFU LRU,4,12 12 12 12,48,10000,7991,2009,0.7991,7992,2008,0.7992,1
configs/exp4/arc_arc_lirs.cfg,experiments/data/hot8_scan_c48_seed47.in,ARC ARC LIRS,3,16 16 16,48,10000,7992,2008,0.7992,7992,2008,0.7992,0
configs/exp4/arc_arc_lirs_2q.cfg,experiments/data/hot8_scan_c48_seed47.in,ARC ARC LIRS 2Q,4,12 12 12 12,48,10000,7992,2008,0.7992,7992,2008,0.7992,0
configs/exp4/arc_arc_lirs_arc.cfg,experiments/data/hot8_scan_c48_seed47.in,ARC ARC LIRS ARC,4,12 12 12 12,48,10000,7992,2008,0.7992,7992,2008,0.7992,0
configs/exp4/arc_arc_lirs_lfu.cfg,experiments/data/hot8_scan_c48_seed47.in,ARC ARC LIRS LFU,4,12 12 12 12,48,10000,7992,2008,0.7992,7992,2008,0.7992,0
configs/exp4/arc_arc_lirs_lirs.cfg,experiments/data/hot8_scan_c48_seed47.in,ARC ARC LIRS LIRS,4,12 12 12 12,48,10000,7992,2008,0.7992,7992,2008,0.7992,0
configs/exp4/arc_arc_lirs_lru.cfg,experiments/data/hot8_scan_c48_seed47.in,ARC ARC LIRS LRU,4,12 12 12 12,48,10000,7992,2008,0.7992,7992,2008,0.7992,0
configs/exp4/arc_arc_lru.cfg,experiments/data/hot8_scan_c48_seed47.in,ARC ARC LRU,3,16 16 16,48,10000,7992,2008,0.7992,7992,2008,0.7992,0
configs/exp4/arc_arc_lru_2q.cfg,experiments/data/hot8_scan_c48_seed47.in,ARC ARC LRU 2Q,4,12 12 12 12,48,10000,7991,2009,0.7991,7992,2008,0.7992,1
configs/exp4/arc_arc_lru_arc.cfg,experiments/data/hot8_scan_c48_seed47.in,ARC ARC LRU ARC,4,12 12 12 12,48,10000,7991,2009,0.7991,7992,2008,0.7992,1
configs/exp4/arc_arc_lru_lfu.cfg,experiments/data/hot8_scan_c48_seed47.in,ARC ARC LRU LFU,4,12 12 12 12,48,10000,7991,2009,0.7991,7992,2008,0.7992,1
configs/exp4/arc_arc_lru_lirs.cfg,experiments/data/hot8_scan_c48_seed47.in,ARC ARC LRU LIRS,4,12 12 12 12,48,10000,7992,2008,0.7992,7992,2008,0.7992,0
configs/exp4/arc_arc_lru_lru.cfg,experiments/data/hot8_scan_c48_seed47.in,ARC ARC LRU LRU,4,12 12 12 12,48,10000,7991,2009,0.7991,7992,2008,0.7992,1
configs/exp4/arc_lfu.cfg,experiments/data/hot8_scan_c48_seed47.in,ARC LFU,2,24 24,48,10000,7992,2008,0.7992,7992,2008,0.7992,0
configs/exp4/arc_lfu_2q.cfg,experiments/data/hot8_scan_c48_seed47.in,ARC LFU 2Q,3,16 16 16,48,10000,7992,2008,0.7992,7992,2008,0.7992,0
configs/exp4/arc_lfu_2q_2q.cfg,experiments/data/hot8_scan_c48_seed47.in,ARC LFU 2Q 2Q,4,12 12 12 12,48,10000,7991,2009,0.7991,7992,2008,0.7992,1
configs/exp4/arc_lfu_2q_arc.cfg,experiments/data/hot8_scan_c48_seed47.in,ARC LFU 2Q ARC,4,12 12 12 12,48,10000,7991,2009,0.7991,7992,2008,0.7992,1
configs/exp4/arc_lfu_2q_lfu.cfg,experiments/data/hot8_scan_c48_seed47.in,ARC LFU 2Q LFU,4,12 12 12 12,48,10000,7991,2009,0.7991,7992,2008,0.7992,1
configs/exp4/arc_lfu_2q_lirs.cfg,experiments/data/hot8_scan_c48_seed47.in,ARC LFU 2Q LIRS,4,12 12 12 12,48,10000,7992,2008,0.7992,7992,2008,0.7992,0
configs/exp4/arc_lfu_2q_lru.cfg,experiments/data/hot8_scan_c48_seed47.in,ARC LFU 2Q LRU,4,12 12 12 12,48,10000,7991,2009,0.7991,7992,2008,0.7992,1
configs/exp4/arc_lfu_arc.cfg,experiments/data/hot8_scan_c48_seed47.in,ARC LFU ARC,3,16 16 16,48,10000,7992,2008,0.7992,7992,2008,0.7992,0
configs/exp4/arc_lfu_arc_2q.cfg,experiments/data/hot8_scan_c48_seed47.in,ARC LFU ARC 2Q,4,12 12 12 12,48,10000,7991,2009,0.7991,7992,2008,0.7992,1
configs/exp4/arc_lfu_arc_arc.cfg,experiments/data/hot8_scan_c48_seed47.in,ARC LFU ARC ARC,4,12 12 12 12,48,10000,7991,2009,0.7991,7992,2008,0.7992,1
configs/exp4/arc_lfu_arc_lfu.cfg,experiments/data/hot8_scan_c48_seed47.in,ARC LFU ARC LFU,4,12 12 12 12,48,10000,7991,2009,0.7991,7992,2008,0.7992,1
configs/exp4/arc_lfu_arc_lirs.cfg,experiments/data/hot8_scan_c48_seed47.in,ARC LFU ARC LIRS,4,12 12 12 12,48,10000,7992,2008,0.7992,7992,2008,0.7992,0
configs/exp4/arc_lfu_arc_lru.cfg,experiments/data/hot8_scan_c48_seed47.in,ARC LFU ARC LRU,4,12 12 12 12,48,10000,7991,2009,0.7991,7992,2008,0.7992,1
configs/exp4/arc_lfu_lfu.cfg,experiments/data/hot8_scan_c48_seed47.in,ARC LFU LFU,3,16 16 16,48,10000,7992,2008,0.7992,7992,2008,0.7992,0
configs/exp4/arc_lfu_lfu_2q.cfg,experiments/data/hot8_scan_c48_seed47.in,ARC LFU LFU 2Q,4,12 12 12 12,48,10000,7991,2009,0.7991,7992,2008,0.7992,1
configs/exp4/arc_lfu_lfu_arc.cfg,experiments/data/hot8_scan_c48_seed47.in,ARC LFU LFU ARC,4,12 12 12 12,48,10000,7991,2009,0.7991,7992,2008,0.7992,1
configs/exp4/arc_lfu_lfu_lfu.cfg,experiments/data/hot8_scan_c48_seed47.in,ARC LFU LFU LFU,4,12 12 12 12,48,10000,7991,2009,0.7991,7992,2008,0.7992,1
configs/exp4/arc_lfu_lfu_lirs.cfg,experiments/data/hot8_scan_c48_seed47.in,ARC LFU LFU LIRS,4,12 12 12 12,48,10000,7992,2008,0.7992,7992,2008,0.7992,0
configs/exp4/arc_lfu_lfu_lru.cfg,experiments/data/hot8_scan_c48_seed47.in,ARC LFU LFU LRU,4,12 12 12 12,48,10000,7991,2009,0.7991,7992,2008,0.7992,1
configs/exp4/arc_lfu_lirs.cfg,experiments/data/hot8_scan_c48_seed47.in,ARC LFU LIRS,3,16 16 16,48,10000,7992,2008,0.7992,7992,2008,0.7992,0
configs/exp4/arc_lfu_lirs_2q.cfg,experiments/data/hot8_scan_c48_seed47.in,ARC LFU LIRS 2Q,4,12 12 12 12,48,10000,7992,2008,0.7992,7992,2008,0.7992,0
configs/exp4/arc_lfu_lirs_arc.cfg,experiments/data/hot8_scan_c48_seed47.in,ARC LFU LIRS ARC,4,12 12 12 12,48,10000,7992,2008,0.7992,7992,2008,0.7992,0
configs/exp4/arc_lfu_lirs_lfu.cfg,experiments/data/hot8_scan_c48_seed47.in,ARC LFU LIRS LFU,4,12 12 12 12,48,10000,7992,2008,0.7992,7992,2008,0.7992,0
configs/exp4/arc_lfu_lirs_lirs.cfg,experiments/data/hot8_scan_c48_seed47.in,ARC LFU LIRS LIRS,4,12 12 12 12,48,10000,7992,2008,0.7992,7992,2008,0.7992,0
configs/exp4/arc_lfu_lirs_lru.cfg,experiments/data/hot8_scan_c48_seed47.in,ARC LFU LIRS LRU,4,12 12 12 12,48,10000,7992,2008,0.7992,7992,2008,0.7992,0
configs/exp4/arc_lfu_lru.cfg,experiments/data/hot8_scan_c48_seed47.in,ARC LFU LRU,3,16 16 16,48,10000,7992,2008,0.7992,7992,2008,0.7992,0
configs/exp4/arc_lfu_lru_2q.cfg,experiments/data/hot8_scan_c48_seed47.in,ARC LFU LRU 2Q,4,12 12 12 12,48,10000,7991,2009,0.7991,7992,2008,0.7992,1
configs/exp4/arc_lfu_lru_arc.cfg,experiments/data/hot8_scan_c48_seed47.in,ARC LFU LRU ARC,4,12 12 12 12,48,10000,7991,2009,0.7991,7992,2008,0.7992,1
configs/exp4/arc_lfu_lru_lfu.cfg,experiments/data/hot8_scan_c48_seed47.in,ARC LFU LRU LFU,4,12 12 12 12,48,10000,7991,2009,0.7991,7992,2008,0.7992,1
configs/exp4/arc_lfu_lru_lirs.cfg,experiments/data/hot8_scan_c48_seed47.in,ARC LFU LRU LIRS,4,12 12 12 12,48,10000,7992,2008,0.7992,7992,2008,0.7992,0
configs/exp4/arc_lfu_lru_lru.cfg,experiments/data/hot8_scan_c48_seed47.in,ARC LFU LRU LRU,4,12 12 12 12,48,10000,7991,2009,0.7991,7992,2008,0.7992,1
configs/exp4/arc_lirs.cfg,experiments/data/hot8_scan_c48_seed47.in,ARC LIRS,2,24 24,48,10000,7992,2008,0.7992,7992,2008,0.7992,0
configs/exp4/arc_lirs_2q.cfg,experiments/data/hot8_scan_c48_seed47.in,ARC LIRS 2Q,3,16 16 16,48,10000,7992,2008,0.7992,7992,2008,0.7992,0
configs/exp4/arc_lirs_2q_2q.cfg,experiments/data/hot8_scan_c48_seed47.in,ARC LIRS 2Q 2Q,4,12 12 12 12,48,10000,7992,2008,0.7992,7992,2008,0.7992,0
configs/exp4/arc_lirs_2q_arc.cfg,experiments/data/hot8_scan_c48_seed47.in,ARC LIRS 2Q ARC,4,12 12 12 12,48,10000,7992,2008,0.7992,7992,2008,0.7992,0
configs/exp4/arc_lirs_2q_lfu.cfg,experiments/data/hot8_scan_c48_seed47.in,ARC LIRS 2Q LFU,4,12 12 12 12,48,10000,7992,2008,0.7992,7992,2008,0.7992,0
configs/exp4/arc_lirs_2q_lirs.cfg,experiments/data/hot8_scan_c48_seed47.in,ARC LIRS 2Q LIRS,4,12 12 12 12,48,10000,7992,2008,0.7992,7992,2008,0.7992,0
configs/exp4/arc_lirs_2q_lru.cfg,experiments/data/hot8_scan_c48_seed47.in,ARC LIRS 2Q LRU,4,12 12 12 12,48,10000,7992,2008,0.7992,7992,2008,0.7992,0
configs/exp4/arc_lirs_arc.cfg,experiments/data/hot8_scan_c48_seed47.in,ARC LIRS ARC,3,16 16 16,48,10000,7992,2008,0.7992,7992,2008,0.7992,0
configs/exp4/arc_lirs_arc_2q.cfg,experiments/data/hot8_scan_c48_seed47.in,ARC LIRS ARC 2Q,4,12 12 12 12,48,10000,7992,2008,0.7992,7992,2008,0.7992,0
configs/exp4/arc_lirs_arc_arc.cfg,experiments/data/hot8_scan_c48_seed47.in,ARC LIRS ARC ARC,4,12 12 12 12,48,10000,7992,2008,0.7992,7992,2008,0.7992,0
configs/exp4/arc_lirs_arc_lfu.cfg,experiments/data/hot8_scan_c48_seed47.in,ARC LIRS ARC LFU,4,12 12 12 12,48,10000,7992,2008,0.7992,7992,2008,0.7992,0
configs/exp4/arc_lirs_arc_lirs.cfg,experiments/data/hot8_scan_c48_seed47.in,ARC LIRS ARC LIRS,4,12 12 12 12,48,10000,7992,2008,0.7992,7992,2008,0.7992,0
configs/exp4/arc_lirs_arc_lru.cfg,experiments/data/hot8_scan_c48_seed47.in,ARC LIRS ARC LRU,4,12 12 12 12,48,10000,7992,2008,0.7992,7992,2008,0.7992,0
configs/exp4/arc_lirs_lfu.cfg,experiments/data/hot8_scan_c48_seed47.in,ARC LIRS LFU,3,16 16 16,48,10000,7992,2008,0.7992,7992,2008,0.7992,0
configs/exp4/arc_lirs_lfu_2q.cfg,experiments/data/hot8_scan_c48_seed47.in,ARC LIRS LFU 2Q,4,12 12 12 12,48,10000,7992,2008,0.7992,7992,2008,0.7992,0
configs/exp4/arc_lirs_lfu_arc.cfg,experiments/data/hot8_scan_c48_seed47.in,ARC LIRS LFU ARC,4,12 12 12 12,48,10000,7992,2008,0.7992,7992,2008,0.7992,0
configs/exp4/arc_lirs_lfu_lfu.cfg,experiments/data/hot8_scan_c48_seed47.in,ARC LIRS LFU LFU,4,12 12 12 12,48,10000,7992,2008,0.7992,7992,2008,0.7992,0
configs/exp4/arc_lirs_lfu_lirs.cfg,experiments/data/hot8_scan_c48_seed47.in,ARC LIRS LFU LIRS,4,12 12 12 12,48,10000,7992,2008,0.7992,7992,2008,0.7992,0
configs/exp4/arc_lirs_lfu_lru.cfg,experiments/data/hot8_scan_c48_seed47.in,ARC LIRS LFU LRU,4,12 12 12 12,48,10000,7992,2008,0.7992,7992,2008,0.7992,0
configs/exp4/arc_lirs_lirs.cfg,experiments/data/hot8_scan_c48_seed47.in,ARC LIRS LIRS,3,16 16 16,48,10000,7992,2008,0.7992,7992,2008,0.7992,0
configs/exp4/arc_lirs_lirs_2q.cfg,experiments/data/hot8_scan_c48_seed47.in,ARC LIRS LIRS 2Q,4,12 12 12 12,48,10000,7992,2008,0.7992,7992,2008,0.7992,0
configs/exp4/arc_lirs_lirs_arc.cfg,experiments/data/hot8_scan_c48_seed47.in,ARC LIRS LIRS ARC,4,12 12 12 12,48,10000,7992,2008,0.7992,7992,2008,0.7992,0
configs/exp4/arc_lirs_lirs_lfu.cfg,experiments/data/hot8_scan_c48_seed47.in,ARC LIRS LIRS LFU,4,12 12 12 12,48,10000,7992,2008,0.7992,7992,2008,0.7992,0
configs/exp4/arc_lirs_lirs_lirs.cfg,experiments/data/hot8_scan_c48_seed47.in,ARC LIRS LIRS LIRS,4,12 12 12 12,48,10000,7992,2008,0.7992,7992,2008,0.7992,0
configs/exp4/arc_lirs_lirs_lru.cfg,experiments/data/hot8_scan_c48_seed47.in,ARC LIRS LIRS LRU,4,12 12 12 12,48,10000,7992,2008,0.7992,7992,2008,0.7992,0
configs/exp4/arc_lirs_lru.cfg,experiments/data/hot8_scan_c48_seed47.in,ARC LIRS LRU,3,16 16 16,48,10000,7992,2008,0.7992,7992,2008,0.7992,0
configs/exp4/arc_lirs_lru_2q.cfg,experiments/data/hot8_scan_c48_seed47.in,ARC LIRS LRU 2Q,4,12 12 12 12,48,10000,7992,2008,0.7992,7992,2008,0.7992,0
configs/exp4/arc_lirs_lru_arc.cfg,experiments/data/hot8_scan_c48_seed47.in,ARC LIRS LRU ARC,4,12 12 12 12,48,10000,7992,2008,0.7992,7992,2008,0.7992,0
configs/exp4/arc_lirs_lru_lfu.cfg,experiments/data/hot8_scan_c48_seed47.in,ARC LIRS LRU LFU,4,12 12 12 12,48,10000,7992,2008,0.7992,7992,2008,0.7992,0
configs/exp4/arc_lirs_lru_lirs.cfg,experiments/data/hot8_scan_c48_seed47.in,ARC LIRS LRU LIRS,4,12 12 12 12,48,10000,7992,2008,0.7992,7992,2008,0.7992,0
configs/exp4/arc_lirs_lru_lru.cfg,experiments/data/hot8_scan_c48_seed47.in,ARC LIRS LRU LRU,4,12 12 12 12,48,10000,7992,2008,0.7992,7992,2008,0.7992,0
configs/exp4/arc_lru.cfg,experiments/data/hot8_scan_c48_seed47.in,ARC LRU,2,24 24,48,10000,7992,2008,0.7992,7992,2008,0.7992,0
configs/exp4/arc_lru_2q.cfg,experiments/data/hot8_scan_c48_seed47.in,ARC LRU 2Q,3,16 16 16,48,10000,7992,2008,0.7992,7992,2008,0.7992,0
configs/exp4/arc_lru_2q_2q.cfg,experiments/data/hot8_scan_c48_seed47.in,ARC LRU 2Q 2Q,4,12 12 12 12,48,10000,7991,2009,0.7991,7992,2008,0.7992,1
configs/exp4/arc_lru_2q_arc.cfg,experiments/data/hot8_scan_c48_seed47.in,ARC LRU 2Q ARC,4,12 12 12 12,48,10000,7991,2009,0.7991,7992,2008,0.7992,1
configs/exp4/arc_lru_2q_lfu.cfg,experiments/data/hot8_scan_c48_seed47.in,ARC LRU 2Q LFU,4,12 12 12 12,48,10000,7991,2009,0.7991,7992,2008,0.7992,1
configs/exp4/arc_lru_2q_lirs.cfg,experiments/data/hot8_scan_c48_seed47.in,ARC LRU 2Q LIRS,4,12 12 12 12,48,10000,7992,2008,0.7992,7992,2008,0.7992,0
configs/exp4/arc_lru_2q_lru.cfg,experiments/data/hot8_scan_c48_seed47.in,ARC LRU 2Q LRU,4,12 12 12 12,48,10000,7991,2009,0.7991,7992,2008,0.7992,1
configs/exp4/arc_lru_arc.cfg,experiments/data/hot8_scan_c48_seed47.in,ARC LRU ARC,3,16 16 16,48,10000,7992,2008,0.7992,7992,2008,0.7992,0
configs/exp4/arc_lru_arc_2q.cfg,experiments/data/hot8_scan_c48_seed47.in,ARC LRU ARC 2Q,4,12 12 12 12,48,10000,7991,2009,0.7991,7992,2008,0.7992,1
configs/exp4/arc_lru_arc_arc.cfg,experiments/data/hot8_scan_c48_seed47.in,ARC LRU ARC ARC,4,12 12 12 12,48,10000,7991,2009,0.7991,7992,2008,0.7992,1
configs/exp4/arc_lru_arc_lfu.cfg,experiments/data/hot8_scan_c48_seed47.in,ARC LRU ARC LFU,4,12 12 12 12,48,10000,7991,2009,0.7991,7992,2008,0.7992,1
configs/exp4/arc_lru_arc_lirs.cfg,experiments/data/hot8_scan_c48_seed47.in,ARC LRU ARC LIRS,4,12 12 12 12,48,10000,7992,2008,0.7992,7992,2008,0.7992,0
configs/exp4/arc_lru_arc_lru.cfg,experiments/data/hot8_scan_c48_seed47.in,ARC LRU ARC LRU,4,12 12 12 12,48,10000,7991,2009,0.7991,7992,2008,0.7992,1
configs/exp4/arc_lru_lfu.cfg,experiments/data/hot8_scan_c48_seed47.in,ARC LRU LFU,3,16 16 16,48,10000,7992,2008,0.7992,7992,2008,0.7992,0
configs/exp4/arc_lru_lfu_2q.cfg,experiments/data/hot8_scan_c48_seed47.in,ARC LRU LFU 2Q,4,12 12 12 12,48,10000,7991,2009,0.7991,7992,2008,0.7992,1
configs/exp4/arc_lru_lfu_arc.cfg,experiments/data/hot8_scan_c48_seed47.in,ARC LRU LFU ARC,4,12 12 12 12,48,10000,7991,2009,0.7991,7992,2008,0.7992,1
configs/exp4/arc_lru_lfu_lfu.cfg,experiments/data/hot8_scan_c48_seed47.in,ARC LRU LFU LFU,4,12 12 12 12,48,10000,7991,2009,0.7991,7992,2008,0.7992,1
configs/exp4/arc_lru_lfu_lirs.cfg,experiments/data/hot8_scan_c48_seed47.in,ARC LRU LFU LIRS,4,12 12 12 12,48,10000,7992,2008,0.7992,7992,2008,0.7992,0
configs/exp4/arc_lru_lfu_lru.cfg,experiments/data/hot8_scan_c48_seed47.in,ARC LRU LFU LRU,4,12 12 12 12,48,10000,7991,2009,0.7991,7992,2008,0.7992,1
configs/exp4/arc_lru_lirs.cfg,experiments/data/hot8_scan_c48_seed47.in,ARC LRU LIRS,3,16 16 16,48,10000,7992,2008,0.7992,7992,2008,0.7992,0
configs/exp4/arc_lru_lirs_2q.cfg,experiments/data/hot8_scan_c48_seed47.in,ARC LRU LIRS 2Q,4,12 12 12 12,48,10000,7992,2008,0.7992,7992,2008,0.7992,0
configs/exp4/arc_lru_lirs_arc.cfg,experiments/data/hot8_scan_c48_seed47.in,ARC LRU LIRS ARC,4,12 12 12 12,48,10000,7992,2008,0.7992,7992,2008,0.7992,0
configs/exp4/arc_lru_lirs_lfu.cfg,experiments/data/hot8_scan_c48_seed47.in,ARC LRU LIRS LFU,4,12 12 12 12,48,10000,7992,2008,0.7992,7992,2008,0.7992,0
configs/exp4/arc_lru_lirs_lirs.cfg,experiments/data/hot8_scan_c48_seed47.in,ARC LRU LIRS LIRS,4,12 12 12 12,48,10000,7992,2008,0.7992,7992,2008,0.7992,0
configs/exp4/arc_lru_lirs_lru.cfg,experiments/data/hot8_scan_c48_seed47.in,ARC LRU LIRS LRU,4,12 12 12 12,48,10000,7992,2008,0.7992,7992,2008,0.7992,0
configs/exp4/arc_lru_lru.cfg,experiments/data/hot8_scan_c48_seed47.in,ARC LRU LRU,3,16 16 16,48,10000,7992,2008,0.7992,7992,2008,0.7992,0
configs/exp4/arc_lru_lru_2q.cfg,experiments/data/hot8_scan_c48_seed47.in,ARC LRU LRU 2Q,4,12 12 12 12,48,10000,7991,2009,0.7991,7992,2008,0.7992,1
configs/exp4/arc_lru_lru_arc.cfg,experiments/data/hot8_scan_c48_seed47.in,ARC LRU LRU ARC,4,12 12 12 12,48,10000,7991,2009,0.7991,7992,2008,0.7992,1
configs/exp4/arc_lru_lru_lfu.cfg,experiments/data/hot8_scan_c48_seed47.in,ARC LRU LRU LFU,4,12 12 12 12,48,10000,7991,2009,0.7991,7992,2008,0.7992,1
configs/exp4/arc_lru_lru_lirs.cfg,experiments/data/hot8_scan_c48_seed47.in,ARC LRU LRU LIRS,4,12 12 12 12,48,10000,7992,2008,0.7992,7992,2008,0.7992,0
configs/exp4/arc_lru_lru_lru.cfg,experiments/data/hot8_scan_c48_seed47.in,ARC LRU LRU LRU,4,12 12 12 12,48,10000,7991,2009,0.7991,7992,2008,0.7992,1
configs/exp4/lfu_2q.cfg,experiments/data/hot8_scan_c48_seed47.in,LFU 2Q,2,24 24,48,10000,7992,2008,0.7992,7992,2008,0.7992,0
configs/exp4/lfu_2q_2q.cfg,experiments/data/hot8_scan_c48_seed47.in,LFU 2Q 2Q,3,16 16 16,48,10000,7992,2008,0.7992,7992,2008,0.7992,0
configs/exp4/lfu_2q_2q_2q.cfg,experiments/data/hot8_scan_c48_seed47.in,LFU 2Q 2Q 2Q,4,12 12 12 12,48,10000,7991,2009,0.7991,7992,2008,0.7992,1
configs/exp4/lfu_2q_2q_arc.cfg,experiments/data/hot8_scan_c48_seed47.in,LFU 2Q 2Q ARC,4,12 12 12 12,48,10000,7991,2009,0.7991,7992,2008,0.7992,1
configs/exp4/lfu_2q_2q_lfu.cfg,experiments/data/hot8_scan_c48_seed47.in,LFU 2Q 2Q LFU,4,12 12 12 12,48,10000,7991,2009,0.7991,7992,2008,0.7992,1
configs/exp4/lfu_2q_2q_lirs.cfg,experiments/data/hot8_scan_c48_seed47.in,LFU 2Q 2Q LIRS,4,12 12 12 12,48,10000,7992,2008,0.7992,7992,2008,0.7992,0
configs/exp4/lfu_2q_2q_lru.cfg,experiments/data/hot8_scan_c48_seed47.in,LFU 2Q 2Q LRU,4,12 12 12 12,48,10000,7991,2009,0.7991,7992,2008,0.7992,1
configs/exp4/lfu_2q_arc.cfg,experiments/data/hot8_scan_c48_seed47.in,LFU 2Q ARC,3,16 16 16,48,10000,7992,2008,0.7992,7992,2008,0.7992,0
configs/exp4/lfu_2q_arc_2q.cfg,experiments/data/hot8_scan_c48_seed47.in,LFU 2Q ARC 2Q,4,12 12 12 12,48,10000,7991,2009,0.7991,7992,2008,0.7992,1
configs/exp4/lfu_2q_arc_arc.cfg,experiments/data/hot8_scan_c48_seed47.in,LFU 2Q ARC ARC,4,12 12 12 12,48,10000,7991,2009,0.7991,7992,2008,0.7992,1
configs/exp4/lfu_2q_arc_lfu.cfg,experiments/data/hot8_scan_c48_seed47.in,LFU 2Q ARC LFU,4,12 12 12 12,48,10000,7991,2009,0.7991,7992,2008,0.7992,1
configs/exp4/lfu_2q_arc_lirs.cfg,experiments/data/hot8_scan_c48_seed47.in,LFU 2Q ARC LIRS,4,12 12 12 12,48,10000,7992,2008,0.7992,7992,2008,0.7992,0
configs/exp4/lfu_2q_arc_lru.cfg,experiments/data/hot8_scan_c48_seed47.in,LFU 2Q ARC LRU,4,12 12 12 12,48,10000,7991,2009,0.7991,7992,2008,0.7992,1
configs/exp4/lfu_2q_lfu.cfg,experiments/data/hot8_scan_c48_seed47.in,LFU 2Q LFU,3,16 16 16,48,10000,7992,2008,0.7992,7992,2008,0.7992,0
configs/exp4/lfu_2q_lfu_2q.cfg,experiments/data/hot8_scan_c48_seed47.in,LFU 2Q LFU 2Q,4,12 12 12 12,48,10000,7991,2009,0.7991,7992,2008,0.7992,1
configs/exp4/lfu_2q_lfu_arc.cfg,experiments/data/hot8_scan_c48_seed47.in,LFU 2Q LFU ARC,4,12 12 12 12,48,10000,7991,2009,0.7991,7992,2008,0.7992,1
configs/exp4/lfu_2q_lfu_lfu.cfg,experiments/data/hot8_scan_c48_seed47.in,LFU 2Q LFU LFU,4,12 12 12 12,48,10000,7991,2009,0.7991,7992,2008,0.7992,1
configs/exp4/lfu_2q_lfu_lirs.cfg,experiments/data/hot8_scan_c48_seed47.in,LFU 2Q LFU LIRS,4,12 12 12 12,48,10000,7992,2008,0.7992,7992,2008,0.7992,0
configs/exp4/lfu_2q_lfu_lru.cfg,experiments/data/hot8_scan_c48_seed47.in,LFU 2Q LFU LRU,4,12 12 12 12,48,10000,7991,2009,0.7991,7992,2008,0.7992,1
configs/exp4/lfu_2q_lirs.cfg,experiments/data/hot8_scan_c48_seed47.in,LFU 2Q LIRS,3,16 16 16,48,10000,7992,2008,0.7992,7992,2008,0.7992,0
configs/exp4/lfu_2q_lirs_2q.cfg,experiments/data/hot8_scan_c48_seed47.in,LFU 2Q LIRS 2Q,4,12 12 12 12,48,10000,7992,2008,0.7992,7992,2008,0.7992,0
configs/exp4/lfu_2q_lirs_arc.cfg,experiments/data/hot8_scan_c48_seed47.in,LFU 2Q LIRS ARC,4,12 12 12 12,48,10000,7992,2008,0.7992,7992,2008,0.7992,0
configs/exp4/lfu_2q_lirs_lfu.cfg,experiments/data/hot8_scan_c48_seed47.in,LFU 2Q LIRS LFU,4,12 12 12 12,48,10000,7992,2008,0.7992,7992,2008,0.7992,0
configs/exp4/lfu_2q_lirs_lirs.cfg,experiments/data/hot8_scan_c48_seed47.in,LFU 2Q LIRS LIRS,4,12 12 12 12,48,10000,7992,2008,0.7992,7992,2008,0.7992,0
configs/exp4/lfu_2q_lirs_lru.cfg,experiments/data/hot8_scan_c48_seed47.in,LFU 2Q LIRS LRU,4,12 12 12 12,48,10000,7992,2008,0.7992,7992,2008,0.7992,0
configs/exp4/lfu_2q_lru.cfg,experiments/data/hot8_scan_c48_seed47.in,LFU 2Q LRU,3,16 16 16,48,10000,7992,2008,0.7992,7992,2008,0.7992,0
configs/exp4/lfu_2q_lru_2q.cfg,experiments/data/hot8_scan_c48_seed47.in,LFU 2Q LRU 2Q,4,12 12 12 12,48,10000,7991,2009,0.7991,7992,2008,0.7992,1
configs/exp4/lfu_2q_lru_arc.cfg,experiments/data/hot8_scan_c48_seed47.in,LFU 2Q LRU ARC,4,12 12 12 12,48,10000,7991,2009,0.7991,7992,2008,0.7992,1
configs/exp4/lfu_2q_lru_lfu.cfg,experiments/data/hot8_scan_c48_seed47.in,LFU 2Q LRU LFU,4,12 12 12 12,48,10000,7991,2009,0.7991,7992,2008,0.7992,1
configs/exp4/lfu_2q_lru_lirs.cfg,experiments/data/hot8_scan_c48_seed47.in,LFU 2Q LRU LIRS,4,12 12 12 12,48,10000,7992,2008,0.7992,7992,2008,0.7992,0
configs/exp4/lfu_2q_lru_lru.cfg,experiments/data/hot8_scan_c48_seed47.in,LFU 2Q LRU LRU,4,12 12 12 12,48,10000,7991,2009,0.7991,7992,2008,0.7992,1
configs/exp4/lfu_arc.cfg,experiments/data/hot8_scan_c48_seed47.in,LFU ARC,2,24 24,48,10000,7992,2008,0.7992,7992,2008,0.7992,0
configs/exp4/lfu_arc_2q.cfg,experiments/data/hot8_scan_c48_seed47.in,LFU ARC 2Q,3,16 16 16,48,10000,7992,2008,0.7992,7992,2008,0.7992,0
configs/exp4/lfu_arc_2q_2q.cfg,experiments/data/hot8_scan_c48_seed47.in,LFU ARC 2Q 2Q,4,12 12 12 12,48,10000,7991,2009,0.7991,7992,2008,0.7992,1
configs/exp4/lfu_arc_2q_arc.cfg,experiments/data/hot8_scan_c48_seed47.in,LFU ARC 2Q ARC,4,12 12 12 12,48,10000,7991,2009,0.7991,7992,2008,0.7992,1
configs/exp4/lfu_arc_2q_lfu.cfg,experiments/data/hot8_scan_c48_seed47.in,LFU ARC 2Q LFU,4,12 12 12 12,48,10000,7991,2009,0.7991,7992,2008,0.7992,1
configs/exp4/lfu_arc_2q_lirs.cfg,experiments/data/hot8_scan_c48_seed47.in,LFU ARC 2Q LIRS,4,12 12 12 12,48,10000,7992,2008,0.7992,7992,2008,0.7992,0
configs/exp4/lfu_arc_2q_lru.cfg,experiments/data/hot8_scan_c48_seed47.in,LFU ARC 2Q LRU,4,12 12 12 12,48,10000,7991,2009,0.7991,7992,2008,0.7992,1
configs/exp4/lfu_arc_arc.cfg,experiments/data/hot8_scan_c48_seed47.in,LFU ARC ARC,3,16 16 16,48,10000,7992,2008,0.7992,7992,2008,0.7992,0
configs/exp4/lfu_arc_arc_2q.cfg,experiments/data/hot8_scan_c48_seed47.in,LFU ARC ARC 2Q,4,12 12 12 12,48,10000,7991,2009,0.7991,7992,2008,0.7992,1
configs/exp4/lfu_arc_arc_arc.cfg,experiments/data/hot8_scan_c48_seed47.in,LFU ARC ARC ARC,4,12 12 12 12,48,10000,7991,2009,0.7991,7992,2008,0.7992,1
configs/exp4/lfu_arc_arc_lfu.cfg,experiments/data/hot8_scan_c48_seed47.in,LFU ARC ARC LFU,4,12 12 12 12,48,10000,7991,2009,0.7991,7992,2008,0.7992,1
configs/exp4/lfu_arc_arc_lirs.cfg,experiments/data/hot8_scan_c48_seed47.in,LFU ARC ARC LIRS,4,12 12 12 12,48,10000,7992,2008,0.7992,7992,2008,0.7992,0
configs/exp4/lfu_arc_arc_lru.cfg,experiments/data/hot8_scan_c48_seed47.in,LFU ARC ARC LRU,4,12 12 12 12,48,10000,7991,2009,0.7991,7992,2008,0.7992,1
configs/exp4/lfu_arc_lfu.cfg,experiments/data/hot8_scan_c48_seed47.in,LFU ARC LFU,3,16 16 16,48,10000,7992,2008,0.7992,7992,2008,0.7992,0
configs/exp4/lfu_arc_lfu_2q.cfg,experiments/data/hot8_scan_c48_seed47.in,LFU ARC LFU 2Q,4,12 12 12 12,48,10000,7991,2009,0.7991,7992,2008,0.7992,1
configs/exp4/lfu_arc_lfu_arc.cfg,experiments/data/hot8_scan_c48_seed47.in,LFU ARC LFU ARC,4,12 12 12 12,48,10000,7991,2009,0.7991,7992,2008,0.7992,1
configs/exp4/lfu_arc_lfu_lfu.cfg,experiments/data/hot8_scan_c48_seed47.in,LFU ARC LFU LFU,4,12 12 12 12,48,10000,7991,2009,0.7991,7992,2008,0.7992,1
configs/exp4/lfu_arc_lfu_lirs.cfg,experiments/data/hot8_scan_c48_seed47.in,LFU ARC LFU LIRS,4,12 12 12 12,48,10000,7992,2008,0.7992,7992,2008,0.7992,0
configs/exp4/lfu_arc_lfu_lru.cfg,experiments/data/hot8_scan_c48_seed47.in,LFU ARC LFU LRU,4,12 12 12 12,48,10000,7991,2009,0.7991,7992,2008,0.7992,1
configs/exp4/lfu_arc_lirs.cfg,experiments/data/hot8_scan_c48_seed47.in,LFU ARC LIRS,3,16 16 16,48,10000,7992,2008,0.7992,7992,2008,0.7992,0
configs/exp4/lfu_arc_lirs_2q.cfg,experiments/data/hot8_scan_c48_seed47.in,LFU ARC LIRS 2Q,4,12 12 12 12,48,10000,7992,2008,0.7992,7992,2008,0.7992,0
configs/exp4/lfu_arc_lirs_arc.cfg,experiments/data/hot8_scan_c48_seed47.in,LFU ARC LIRS ARC,4,12 12 12 12,48,10000,7992,2008,0.7992,7992,2008,0.7992,0
configs/exp4/lfu_arc_lirs_lfu.cfg,experiments/data/hot8_scan_c48_seed47.in,LFU ARC LIRS LFU,4,12 12 12 12,48,10000,7992,2008,0.7992,7992,2008,0.7992,0
configs/exp4/lfu_arc_lirs_lirs.cfg,experiments/data/hot8_scan_c48_seed47.in,LFU ARC LIRS LIRS,4,12 12 12 12,48,10000,7992,2008,0.7992,7992,2008,0.7992,0
configs/exp4/lfu_arc_lirs_lru.cfg,experiments/data/hot8_scan_c48_seed47.in,LFU ARC LIRS LRU,4,12 12 12 12,48,10000,7992,2008,0.7992,7992,2008,0.7992,0
configs/exp4/lfu_arc_lru.cfg,experiments/data/hot8_scan_c48_seed47.in,LFU ARC LRU,3,16 16 16,48,10000,7992,2008,0.7992,7992,2008,0.7992,0
configs/exp4/lfu_arc_lru_2q.cfg,experiments/data/hot8_scan_c48_seed47.in,LFU ARC LRU 2Q,4,12 12 12 12,48,10000,7991,2009,0.7991,7992,2008,0.7992,1
configs/exp4/lfu_arc_lru_arc.cfg,experiments/data/hot8_scan_c48_seed47.in,LFU ARC LRU ARC,4,12 12 12 12,48,10000,7991,2009,0.7991,7992,2008,0.7992,1
configs/exp4/lfu_arc_lru_lfu.cfg,experiments/data/hot8_scan_c48_seed47.in,LFU ARC LRU LFU,4,12 12 12 12,48,10000,7991,2009,0.7991,7992,2008,0.7992,1
configs/exp4/lfu_arc_lru_lirs.cfg,experiments/data/hot8_scan_c48_seed47.in,LFU ARC LRU LIRS,4,12 12 12 12,48,10000,7992,2008,0.7992,7992,2008,0.7992,0
configs/exp4/lfu_arc_lru_lru.cfg,experiments/data/hot8_scan_c48_seed47.in,LFU ARC LRU LRU,4,12 12 12 12,48,10000,7991,2009,0.7991,7992,2008,0.7992,1
configs/exp4/lfu_lfu_2q.cfg,experiments/data/hot8_scan_c48_seed47.in,LFU LFU 2Q,3,16 16 16,48,10000,7992,2008,0.7992,7992,2008,0.7992,0
configs/exp4/lfu_lfu_2q_2q.cfg,experiments/data/hot8_scan_c48_seed47.in,LFU LFU 2Q 2Q,4,12 12 12 12,48,10000,7991,2009,0.7991,7992,2008,0.7992,1
configs/exp4/lfu_lfu_2q_arc.cfg,experiments/data/hot8_scan_c48_seed47.in,LFU LFU 2Q ARC,4,12 12 12 12,48,10000,7991,2009,0.7991,7992,2008,0.7992,1
configs/exp4/lfu_lfu_2q_lfu.cfg,experiments/data/hot8_scan_c48_seed47.in,LFU LFU 2Q LFU,4,12 12 12 12,48,10000,7991,2009,0.7991,7992,2008,0.7992,1
configs/exp4/lfu_lfu_2q_lirs.cfg,experiments/data/hot8_scan_c48_seed47.in,LFU LFU 2Q LIRS,4,12 12 12 12,48,10000,7992,2008,0.7992,7992,2008,0.7992,0
configs/exp4/lfu_lfu_2q_lru.cfg,experiments/data/hot8_scan_c48_seed47.in,LFU LFU 2Q LRU,4,12 12 12 12,48,10000,7991,2009,0.7991,7992,2008,0.7992,1
configs/exp4/lfu_lfu_arc.cfg,experiments/data/hot8_scan_c48_seed47.in,LFU LFU ARC,3,16 16 16,48,10000,7992,2008,0.7992,7992,2008,0.7992,0
configs/exp4/lfu_lfu_arc_2q.cfg,experiments/data/hot8_scan_c48_seed47.in,LFU LFU ARC 2Q,4,12 12 12 12,48,10000,7991,2009,0.7991,7992,2008,0.7992,1
configs/exp4/lfu_lfu_arc_arc.cfg,experiments/data/hot8_scan_c48_seed47.in,LFU LFU ARC ARC,4,12 12 12 12,48,10000,7991,2009,0.7991,7992,2008,0.7992,1
configs/exp4/lfu_lfu_arc_lfu.cfg,experiments/data/hot8_scan_c48_seed47.in,LFU LFU ARC LFU,4,12 12 12 12,48,10000,7991,2009,0.7991,7992,2008,0.7992,1
configs/exp4/lfu_lfu_arc_lirs.cfg,experiments/data/hot8_scan_c48_seed47.in,LFU LFU ARC LIRS,4,12 12 12 12,48,10000,7992,2008,0.7992,7992,2008,0.7992,0
configs/exp4/lfu_lfu_arc_lru.cfg,experiments/data/hot8_scan_c48_seed47.in,LFU LFU ARC LRU,4,12 12 12 12,48,10000,7991,2009,0.7991,7992,2008,0.7992,1
configs/exp4/lfu_lfu_lfu_2q.cfg,experiments/data/hot8_scan_c48_seed47.in,LFU LFU LFU 2Q,4,12 12 12 12,48,10000,7991,2009,0.7991,7992,2008,0.7992,1
configs/exp4/lfu_lfu_lfu_arc.cfg,experiments/data/hot8_scan_c48_seed47.in,LFU LFU LFU ARC,4,12 12 12 12,48,10000,7991,2009,0.7991,7992,2008,0.7992,1
configs/exp4/lfu_lfu_lfu_lirs.cfg,experiments/data/hot8_scan_c48_seed47.in,LFU LFU LFU LIRS,4,12 12 12 12,48,10000,7992,2008,0.7992,7992,2008,0.7992,0
configs/exp4/lfu_lfu_lfu_lru.cfg,experiments/data/hot8_scan_c48_seed47.in,LFU LFU LFU LRU,4,12 12 12 12,48,10000,7991,2009,0.7991,7992,2008,0.7992,1
configs/exp4/lfu_lfu_lirs.cfg,experiments/data/hot8_scan_c48_seed47.in,LFU LFU LIRS,3,16 16 16,48,10000,7992,2008,0.7992,7992,2008,0.7992,0
configs/exp4/lfu_lfu_lirs_2q.cfg,experiments/data/hot8_scan_c48_seed47.in,LFU LFU LIRS 2Q,4,12 12 12 12,48,10000,7992,2008,0.7992,7992,2008,0.7992,0
configs/exp4/lfu_lfu_lirs_arc.cfg,experiments/data/hot8_scan_c48_seed47.in,LFU LFU LIRS ARC,4,12 12 12 12,48,10000,7992,2008,0.7992,7992,2008,0.7992,0
configs/exp4/lfu_lfu_lirs_lfu.cfg,experiments/data/hot8_scan_c48_seed47.in,LFU LFU LIRS LFU,4,12 12 12 12,48,10000,7992,2008,0.7992,7992,2008,0.7992,0
configs/exp4/lfu_lfu_lirs_lirs.cfg,experiments/data/hot8_scan_c48_seed47.in,LFU LFU LIRS LIRS,4,12 12 12 12,48,10000,7992,2008,0.7992,7992,2008,0.7992,0
configs/exp4/lfu_lfu_lirs_lru.cfg,experiments/data/hot8_scan_c48_seed47.in,LFU LFU LIRS LRU,4,12 12 12 12,48,10000,7992,2008,0.7992,7992,2008,0.7992,0
configs/exp4/lfu_lfu_lru.cfg,experiments/data/hot8_scan_c48_seed47.in,LFU LFU LRU,3,16 16 16,48,10000,7992,2008,0.7992,7992,2008,0.7992,0
configs/exp4/lfu_lfu_lru_2q.cfg,experiments/data/hot8_scan_c48_seed47.in,LFU LFU LRU 2Q,4,12 12 12 12,48,10000,7991,2009,0.7991,7992,2008,0.7992,1
configs/exp4/lfu_lfu_lru_arc.cfg,experiments/data/hot8_scan_c48_seed47.in,LFU LFU LRU ARC,4,12 12 12 12,48,10000,7991,2009,0.7991,7992,2008,0.7992,1
configs/exp4/lfu_lfu_lru_lfu.cfg,experiments/data/hot8_scan_c48_seed47.in,LFU LFU LRU LFU,4,12 12 12 12,48,10000,7991,2009,0.7991,7992,2008,0.7992,1
configs/exp4/lfu_lfu_lru_lirs.cfg,experiments/data/hot8_scan_c48_seed47.in,LFU LFU LRU LIRS,4,12 12 12 12,48,10000,7992,2008,0.7992,7992,2008,0.7992,0
configs/exp4/lfu_lfu_lru_lru.cfg,experiments/data/hot8_scan_c48_seed47.in,LFU LFU LRU LRU,4,12 12 12 12,48,10000,7991,2009,0.7991,7992,2008,0.7992,1
configs/exp4/lfu_lirs.cfg,experiments/data/hot8_scan_c48_seed47.in,LFU LIRS,2,24 24,48,10000,7992,2008,0.7992,7992,2008,0.7992,0
configs/exp4/lfu_lirs_2q.cfg,experiments/data/hot8_scan_c48_seed47.in,LFU LIRS 2Q,3,16 16 16,48,10000,7992,2008,0.7992,7992,2008,0.7992,0
configs/exp4/lfu_lirs_2q_2q.cfg,experiments/data/hot8_scan_c48_seed47.in,LFU LIRS 2Q 2Q,4,12 12 12 12,48,10000,7992,2008,0.7992,7992,2008,0.7992,0
configs/exp4/lfu_lirs_2q_arc.cfg,experiments/data/hot8_scan_c48_seed47.in,LFU LIRS 2Q ARC,4,12 12 12 12,48,10000,7992,2008,0.7992,7992,2008,0.7992,0
configs/exp4/lfu_lirs_2q_lfu.cfg,experiments/data/hot8_scan_c48_seed47.in,LFU LIRS 2Q LFU,4,12 12 12 12,48,10000,7992,2008,0.7992,7992,2008,0.7992,0
configs/exp4/lfu_lirs_2q_lirs.cfg,experiments/data/hot8_scan_c48_seed47.in,LFU LIRS 2Q LIRS,4,12 12 12 12,48,10000,7992,2008,0.7992,7992,2008,0.7992,0
configs/exp4/lfu_lirs_2q_lru.cfg,experiments/data/hot8_scan_c48_seed47.in,LFU LIRS 2Q LRU,4,12 12 12 12,48,10000,7992,2008,0.7992,7992,2008,0.7992,0
configs/exp4/lfu_lirs_arc.cfg,experiments/data/hot8_scan_c48_seed47.in,LFU LIRS ARC,3,16 16 16,48,10000,7992,2008,0.7992,7992,2008,0.7992,0
configs/exp4/lfu_lirs_arc_2q.cfg,experiments/data/hot8_scan_c48_seed47.in,LFU LIRS ARC 2Q,4,12 12 12 12,48,10000,7992,2008,0.7992,7992,2008,0.7992,0
configs/exp4/lfu_lirs_arc_arc.cfg,experiments/data/hot8_scan_c48_seed47.in,LFU LIRS ARC ARC,4,12 12 12 12,48,10000,7992,2008,0.7992,7992,2008,0.7992,0
configs/exp4/lfu_lirs_arc_lfu.cfg,experiments/data/hot8_scan_c48_seed47.in,LFU LIRS ARC LFU,4,12 12 12 12,48,10000,7992,2008,0.7992,7992,2008,0.7992,0
configs/exp4/lfu_lirs_arc_lirs.cfg,experiments/data/hot8_scan_c48_seed47.in,LFU LIRS ARC LIRS,4,12 12 12 12,48,10000,7992,2008,0.7992,7992,2008,0.7992,0
configs/exp4/lfu_lirs_arc_lru.cfg,experiments/data/hot8_scan_c48_seed47.in,LFU LIRS ARC LRU,4,12 12 12 12,48,10000,7992,2008,0.7992,7992,2008,0.7992,0
configs/exp4/lfu_lirs_lfu.cfg,experiments/data/hot8_scan_c48_seed47.in,LFU LIRS LFU,3,16 16 16,48,10000,7992,2008,0.7992,7992,2008,0.7992,0
configs/exp4/lfu_lirs_lfu_2q.cfg,experiments/data/hot8_scan_c48_seed47.in,LFU LIRS LFU 2Q,4,12 12 12 12,48,10000,7992,2008,0.7992,7992,2008,0.7992,0
configs/exp4/lfu_lirs_lfu_arc.cfg,experiments/data/hot8_scan_c48_seed47.in,LFU LIRS LFU ARC,4,12 12 12 12,48,10000,7992,2008,0.7992,7992,2008,0.7992,0
configs/exp4/lfu_lirs_lfu_lfu.cfg,experiments/data/hot8_scan_c48_seed47.in,LFU LIRS LFU LFU,4,12 12 12 12,48,10000,7992,2008,0.7992,7992,2008,0.7992,0
configs/exp4/lfu_lirs_lfu_lirs.cfg,experiments/data/hot8_scan_c48_seed47.in,LFU LIRS LFU LIRS,4,12 12 12 12,48,10000,7992,2008,0.7992,7992,2008,0.7992,0
configs/exp4/lfu_lirs_lfu_lru.cfg,experiments/data/hot8_scan_c48_seed47.in,LFU LIRS LFU LRU,4,12 12 12 12,48,10000,7992,2008,0.7992,7992,2008,0.7992,0
configs/exp4/lfu_lirs_lirs.cfg,experiments/data/hot8_scan_c48_seed47.in,LFU LIRS LIRS,3,16 16 16,48,10000,7992,2008,0.7992,7992,2008,0.7992,0
configs/exp4/lfu_lirs_lirs_2q.cfg,experiments/data/hot8_scan_c48_seed47.in,LFU LIRS LIRS 2Q,4,12 12 12 12,48,10000,7992,2008,0.7992,7992,2008,0.7992,0
configs/exp4/lfu_lirs_lirs_arc.cfg,experiments/data/hot8_scan_c48_seed47.in,LFU LIRS LIRS ARC,4,12 12 12 12,48,10000,7992,2008,0.7992,7992,2008,0.7992,0
configs/exp4/lfu_lirs_lirs_lfu.cfg,experiments/data/hot8_scan_c48_seed47.in,LFU LIRS LIRS LFU,4,12 12 12 12,48,10000,7992,2008,0.7992,7992,2008,0.7992,0
configs/exp4/lfu_lirs_lirs_lirs.cfg,experiments/data/hot8_scan_c48_seed47.in,LFU LIRS LIRS LIRS,4,12 12 12 12,48,10000,7992,2008,0.7992,7992,2008,0.7992,0
configs/exp4/lfu_lirs_lirs_lru.cfg,experiments/data/hot8_scan_c48_seed47.in,LFU LIRS LIRS LRU,4,12 12 12 12,48,10000,7992,2008,0.7992,7992,2008,0.7992,0
configs/exp4/lfu_lirs_lru.cfg,experiments/data/hot8_scan_c48_seed47.in,LFU LIRS LRU,3,16 16 16,48,10000,7992,2008,0.7992,7992,2008,0.7992,0
configs/exp4/lfu_lirs_lru_2q.cfg,experiments/data/hot8_scan_c48_seed47.in,LFU LIRS LRU 2Q,4,12 12 12 12,48,10000,7992,2008,0.7992,7992,2008,0.7992,0
configs/exp4/lfu_lirs_lru_arc.cfg,experiments/data/hot8_scan_c48_seed47.in,LFU LIRS LRU ARC,4,12 12 12 12,48,10000,7992,2008,0.7992,7992,2008,0.7992,0
configs/exp4/lfu_lirs_lru_lfu.cfg,experiments/data/hot8_scan_c48_seed47.in,LFU LIRS LRU LFU,4,12 12 12 12,48,10000,7992,2008,0.7992,7992,2008,0.7992,0
configs/exp4/lfu_lirs_lru_lirs.cfg,experiments/data/hot8_scan_c48_seed47.in,LFU LIRS LRU LIRS,4,12 12 12 12,48,10000,7992,2008,0.7992,7992,2008,0.7992,0
configs/exp4/lfu_lirs_lru_lru.cfg,experiments/data/hot8_scan_c48_seed47.in,LFU LIRS LRU LRU,4,12 12 12 12,48,10000,7992,2008,0.7992,7992,2008,0.7992,0
configs/exp4/lfu_lru.cfg,experiments/data/hot8_scan_c48_seed47.in,LFU LRU,2,24 24,48,10000,7992,2008,0.7992,7992,2008,0.7992,0
configs/exp4/lfu_lru_2q.cfg,experiments/data/hot8_scan_c48_seed47.in,LFU LRU 2Q,3,16 16 16,48,10000,7992,2008,0.7992,7992,2008,0.7992,0
configs/exp4/lfu_lru_2q_2q.cfg,experiments/data/hot8_scan_c48_seed47.in,LFU LRU 2Q 2Q,4,12 12 12 12,48,10000,7991,2009,0.7991,7992,2008,0.7992,1
configs/exp4/lfu_lru_2q_arc.cfg,experiments/data/hot8_scan_c48_seed47.in,LFU LRU 2Q ARC,4,12 12 12 12,48,10000,7991,2009,0.7991,7992,2008,0.7992,1
configs/exp4/lfu_lru_2q_lfu.cfg,experiments/data/hot8_scan_c48_seed47.in,LFU LRU 2Q LFU,4,12 12 12 12,48,10000,7991,2009,0.7991,7992,2008,0.7992,1
configs/exp4/lfu_lru_2q_lirs.cfg,experiments/data/hot8_scan_c48_seed47.in,LFU LRU 2Q LIRS,4,12 12 12 12,48,10000,7992,2008,0.7992,7992,2008,0.7992,0
configs/exp4/lfu_lru_2q_lru.cfg,experiments/data/hot8_scan_c48_seed47.in,LFU LRU 2Q LRU,4,12 12 12 12,48,10000,7991,2009,0.7991,7992,2008,0.7992,1
configs/exp4/lfu_lru_arc.cfg,experiments/data/hot8_scan_c48_seed47.in,LFU LRU ARC,3,16 16 16,48,10000,7992,2008,0.7992,7992,2008,0.7992,0
configs/exp4/lfu_lru_arc_2q.cfg,experiments/data/hot8_scan_c48_seed47.in,LFU LRU ARC 2Q,4,12 12 12 12,48,10000,7991,2009,0.7991,7992,2008,0.7992,1
configs/exp4/lfu_lru_arc_arc.cfg,experiments/data/hot8_scan_c48_seed47.in,LFU LRU ARC ARC,4,12 12 12 12,48,10000,7991,2009,0.7991,7992,2008,0.7992,1
configs/exp4/lfu_lru_arc_lfu.cfg,experiments/data/hot8_scan_c48_seed47.in,LFU LRU ARC LFU,4,12 12 12 12,48,10000,7991,2009,0.7991,7992,2008,0.7992,1
configs/exp4/lfu_lru_arc_lirs.cfg,experiments/data/hot8_scan_c48_seed47.in,LFU LRU ARC LIRS,4,12 12 12 12,48,10000,7992,2008,0.7992,7992,2008,0.7992,0
configs/exp4/lfu_lru_arc_lru.cfg,experiments/data/hot8_scan_c48_seed47.in,LFU LRU ARC LRU,4,12 12 12 12,48,10000,7991,2009,0.7991,7992,2008,0.7992,1
configs/exp4/lfu_lru_lfu.cfg,experiments/data/hot8_scan_c48_seed47.in,LFU LRU LFU,3,16 16 16,48,10000,7992,2008,0.7992,7992,2008,0.7992,0
configs/exp4/lfu_lru_lfu_2q.cfg,experiments/data/hot8_scan_c48_seed47.in,LFU LRU LFU 2Q,4,12 12 12 12,48,10000,7991,2009,0.7991,7992,2008,0.7992,1
configs/exp4/lfu_lru_lfu_arc.cfg,experiments/data/hot8_scan_c48_seed47.in,LFU LRU LFU ARC,4,12 12 12 12,48,10000,7991,2009,0.7991,7992,2008,0.7992,1
configs/exp4/lfu_lru_lfu_lfu.cfg,experiments/data/hot8_scan_c48_seed47.in,LFU LRU LFU LFU,4,12 12 12 12,48,10000,7991,2009,0.7991,7992,2008,0.7992,1
configs/exp4/lfu_lru_lfu_lirs.cfg,experiments/data/hot8_scan_c48_seed47.in,LFU LRU LFU LIRS,4,12 12 12 12,48,10000,7992,2008,0.7992,7992,2008,0.7992,0
configs/exp4/lfu_lru_lfu_lru.cfg,experiments/data/hot8_scan_c48_seed47.in,LFU LRU LFU LRU,4,12 12 12 12,48,10000,7991,2009,0.7991,7992,2008,0.7992,1
configs/exp4/lfu_lru_lirs.cfg,experiments/data/hot8_scan_c48_seed47.in,LFU LRU LIRS,3,16 16 16,48,10000,7992,2008,0.7992,7992,2008,0.7992,0
configs/exp4/lfu_lru_lirs_2q.cfg,experiments/data/hot8_scan_c48_seed47.in,LFU LRU LIRS 2Q,4,12 12 12 12,48,10000,7992,2008,0.7992,7992,2008,0.7992,0
configs/exp4/lfu_lru_lirs_arc.cfg,experiments/data/hot8_scan_c48_seed47.in,LFU LRU LIRS ARC,4,12 12 12 12,48,10000,7992,2008,0.7992,7992,2008,0.7992,0
configs/exp4/lfu_lru_lirs_lfu.cfg,experiments/data/hot8_scan_c48_seed47.in,LFU LRU LIRS LFU,4,12 12 12 12,48,10000,7992,2008,0.7992,7992,2008,0.7992,0
configs/exp4/lfu_lru_lirs_lirs.cfg,experiments/data/hot8_scan_c48_seed47.in,LFU LRU LIRS LIRS,4,12 12 12 12,48,10000,7992,2008,0.7992,7992,2008,0.7992,0
configs/exp4/lfu_lru_lirs_lru.cfg,experiments/data/hot8_scan_c48_seed47.in,LFU LRU LIRS LRU,4,12 12 12 12,48,10000,7992,2008,0.7992,7992,2008,0.7992,0
configs/exp4/lfu_lru_lru.cfg,experiments/data/hot8_scan_c48_seed47.in,LFU LRU LRU,3,16 16 16,48,10000,7992,2008,0.7992,7992,2008,0.7992,0
configs/exp4/lfu_lru_lru_2q.cfg,experiments/data/hot8_scan_c48_seed47.in,LFU LRU LRU 2Q,4,12 12 12 12,48,10000,7991,2009,0.7991,7992,2008,0.7992,1
configs/exp4/lfu_lru_lru_arc.cfg,experiments/data/hot8_scan_c48_seed47.in,LFU LRU LRU ARC,4,12 12 12 12,48,10000,7991,2009,0.7991,7992,2008,0.7992,1
configs/exp4/lfu_lru_lru_lfu.cfg,experiments/data/hot8_scan_c48_seed47.in,LFU LRU LRU LFU,4,12 12 12 12,48,10000,7991,2009,0.7991,7992,2008,0.7992,1
configs/exp4/lfu_lru_lru_lirs.cfg,experiments/data/hot8_scan_c48_seed47.in,LFU LRU LRU LIRS,4,12 12 12 12,48,10000,7992,2008,0.7992,7992,2008,0.7992,0
configs/exp4/lfu_lru_lru_lru.cfg,experiments/data/hot8_scan_c48_seed47.in,LFU LRU LRU LRU,4,12 12 12 12,48,10000,7991,2009,0.7991,7992,2008,0.7992,1
configs/exp4/lirs_2q.cfg,experiments/data/hot8_scan_c48_seed47.in,LIRS 2Q,2,24 24,48,10000,7992,2008,0.7992,7992,2008,0.7992,0
configs/exp4/lirs_2q_2q.cfg,experiments/data/hot8_scan_c48_seed47.in,LIRS 2Q 2Q,3,16 16 16,48,10000,7992,2008,0.7992,7992,2008,0.7992,0
configs/exp4/lirs_2q_2q_2q.cfg,experiments/data/hot8_scan_c48_seed47.in,LIRS 2Q 2Q 2Q,4,12 12 12 12,48,10000,7992,2008,0.7992,7992,2008,0.7992,0
configs/exp4/lirs_2q_2q_arc.cfg,experiments/data/hot8_scan_c48_seed47.in,LIRS 2Q 2Q ARC,4,12 12 12 12,48,10000,7992,2008,0.7992,7992,2008,0.7992,0
configs/exp4/lirs_2q_2q_lfu.cfg,experiments/data/hot8_scan_c48_seed47.in,LIRS 2Q 2Q LFU,4,12 12 12 12,48,10000,7992,2008,0.7992,7992,2008,0.7992,0
configs/exp4/lirs_2q_2q_lirs.cfg,experiments/data/hot8_scan_c48_seed47.in,LIRS 2Q 2Q LIRS,4,12 12 12 12,48,10000,7992,2008,0.7992,7992,2008,0.7992,0
configs/exp4/lirs_2q_2q_lru.cfg,experiments/data/hot8_scan_c48_seed47.in,LIRS 2Q 2Q LRU,4,12 12 12 12,48,10000,7992,2008,0.7992,7992,2008,0.7992,0
configs/exp4/lirs_2q_arc.cfg,experiments/data/hot8_scan_c48_seed47.in,LIRS 2Q ARC,3,16 16 16,48,10000,7992,2008,0.7992,7992,2008,0.7992,0
configs/exp4/lirs_2q_arc_2q.cfg,experiments/data/hot8_scan_c48_seed47.in,LIRS 2Q ARC 2Q,4,12 12 12 12,48,10000,7992,2008,0.7992,7992,2008,0.7992,0
configs/exp4/lirs_2q_arc_arc.cfg,experiments/data/hot8_scan_c48_seed47.in,LIRS 2Q ARC ARC,4,12 12 12 12,48,10000,7992,2008,0.7992,7992,2008,0.7992,0
configs/exp4/lirs_2q_arc_lfu.cfg,experiments/data/hot8_scan_c48_seed47.in,LIRS 2Q ARC LFU,4,12 12 12 12,48,10000,7992,2008,0.7992,7992,2008,0.7992,0
configs/exp4/lirs_2q_arc_lirs.cfg,experiments/data/hot8_scan_c48_seed47.in,LIRS 2Q ARC LIRS,4,12 12 12 12,48,10000,7992,2008,0.7992,7992,2008,0.7992,0
configs/exp4/lirs_2q_arc_lru.cfg,experiments/data/hot8_scan_c48_seed47.in,LIRS 2Q ARC LRU,4,12 12 12 12,48,10000,7992,2008,0.7992,7992,2008,0.7992,0
configs/exp4/lirs_2q_lfu.cfg,experiments/data/hot8_scan_c48_seed47.in,LIRS 2Q LFU,3,16 16 16,48,10000,7992,2008,0.7992,7992,2008,0.7992,0
configs/exp4/lirs_2q_lfu_2q.cfg,experiments/data/hot8_scan_c48_seed47.in,LIRS 2Q LFU 2Q,4,12 12 12 12,48,10000,7992,2008,0.7992,7992,2008,0.7992,0
configs/exp4/lirs_2q_lfu_arc.cfg,experiments/data/hot8_scan_c48_seed47.in,LIRS 2Q LFU ARC,4,12 12 12 12,48,10000,7992,2008,0.7992,7992,2008,0.7992,0
configs/exp4/lirs_2q_lfu_lfu.cfg,experiments/data/hot8_scan_c48_seed47.in,LIRS 2Q LFU LFU,4,12 12 12 12,48,10000,7992,2008,0.7992,7992,2008,0.7992,0
configs/exp4/lirs_2q_lfu_lirs.cfg,experiments/data/hot8_scan_c48_seed47.in,LIRS 2Q LFU LIRS,4,12 12 12 12,48,10000,7992,2008,0.7992,7992,2008,0.7992,0
configs/exp4/lirs_2q_lfu_lru.cfg,experiments/data/hot8_scan_c48_seed47.in,LIRS 2Q LFU LRU,4,12 12 12 12,48,10000,7992,2008,0.7992,7992,2008,0.7992,0
configs/exp4/lirs_2q_lirs.cfg,experiments/data/hot8_scan_c48_seed47.in,LIRS 2Q LIRS,3,16 16 16,48,10000,7992,2008,0.7992,7992,2008,0.7992,0
configs/exp4/lirs_2q_lirs_2q.cfg,experiments/data/hot8_scan_c48_seed47.in,LIRS 2Q LIRS 2Q,4,12 12 12 12,48,10000,7992,2008,0.7992,7992,2008,0.7992,0
configs/exp4/lirs_2q_lirs_arc.cfg,experiments/data/hot8_scan_c48_seed47.in,LIRS 2Q LIRS ARC,4,12 12 12 12,48,10000,7992,2008,0.7992,7992,2008,0.7992,0
configs/exp4/lirs_2q_lirs_lfu.cfg,experiments/data/hot8_scan_c48_seed47.in,LIRS 2Q LIRS LFU,4,12 12 12 12,48,10000,7992,2008,0.7992,7992,2008,0.7992,0
configs/exp4/lirs_2q_lirs_lirs.cfg,experiments/data/hot8_scan_c48_seed47.in,LIRS 2Q LIRS LIRS,4,12 12 12 12,48,10000,7992,2008,0.7992,7992,2008,0.7992,0
configs/exp4/lirs_2q_lirs_lru.cfg,experiments/data/hot8_scan_c48_seed47.in,LIRS 2Q LIRS LRU,4,12 12 12 12,48,10000,7992,2008,0.7992,7992,2008,0.7992,0
configs/exp4/lirs_2q_lru.cfg,experiments/data/hot8_scan_c48_seed47.in,LIRS 2Q LRU,3,16 16 16,48,10000,7992,2008,0.7992,7992,2008,0.7992,0
configs/exp4/lirs_2q_lru_2q.cfg,experiments/data/hot8_scan_c48_seed47.in,LIRS 2Q LRU 2Q,4,12 12 12 12,48,10000,7992,2008,0.7992,7992,2008,0.7992,0
configs/exp4/lirs_2q_lru_arc.cfg,experiments/data/hot8_scan_c48_seed47.in,LIRS 2Q LRU ARC,4,12 12 12 12,48,10000,7992,2008,0.7992,7992,2008,0.7992,0
configs/exp4/lirs_2q_lru_lfu.cfg,experiments/data/hot8_scan_c48_seed47.in,LIRS 2Q LRU LFU,4,12 12 12 12,48,10000,7992,2008,0.7992,7992,2008,0.7992,0
configs/exp4/lirs_2q_lru_lirs.cfg,experiments/data/hot8_scan_c48_seed47.in,LIRS 2Q LRU LIRS,4,12 12 12 12,48,10000,7992,2008,0.7992,7992,2008,0.7992,0
configs/exp4/lirs_2q_lru_lru.cfg,experiments/data/hot8_scan_c48_seed47.in,LIRS 2Q LRU LRU,4,12 12 12 12,48,10000,7992,2008,0.7992,7992,2008,0.7992,0
configs/exp4/lirs_arc.cfg,experiments/data/hot8_scan_c48_seed47.in,LIRS ARC,2,24 24,48,10000,7992,2008,0.7992,7992,2008,0.7992,0
configs/exp4/lirs_arc_2q.cfg,experiments/data/hot8_scan_c48_seed47.in,LIRS ARC 2Q,3,16 16 16,48,10000,7992,2008,0.7992,7992,2008,0.7992,0
configs/exp4/lirs_arc_2q_2q.cfg,experiments/data/hot8_scan_c48_seed47.in,LIRS ARC 2Q 2Q,4,12 12 12 12,48,10000,7992,2008,0.7992,7992,2008,0.7992,0
configs/exp4/lirs_arc_2q_arc.cfg,experiments/data/hot8_scan_c48_seed47.in,LIRS ARC 2Q ARC,4,12 12 12 12,48,10000,7992,2008,0.7992,7992,2008,0.7992,0
configs/exp4/lirs_arc_2q_lfu.cfg,experiments/data/hot8_scan_c48_seed47.in,LIRS ARC 2Q LFU,4,12 12 12 12,48,10000,7992,2008,0.7992,7992,2008,0.7992,0
configs/exp4/lirs_arc_2q_lirs.cfg,experiments/data/hot8_scan_c48_seed47.in,LIRS ARC 2Q LIRS,4,12 12 12 12,48,10000,7992,2008,0.7992,7992,2008,0.7992,0
configs/exp4/lirs_arc_2q_lru.cfg,experiments/data/hot8_scan_c48_seed47.in,LIRS ARC 2Q LRU,4,12 12 12 12,48,10000,7992,2008,0.7992,7992,2008,0.7992,0
configs/exp4/lirs_arc_arc.cfg,experiments/data/hot8_scan_c48_seed47.in,LIRS ARC ARC,3,16 16 16,48,10000,7992,2008,0.7992,7992,2008,0.7992,0
configs/exp4/lirs_arc_arc_2q.cfg,experiments/data/hot8_scan_c48_seed47.in,LIRS ARC ARC 2Q,4,12 12 12 12,48,10000,7992,2008,0.7992,7992,2008,0.7992,0
configs/exp4/lirs_arc_arc_arc.cfg,experiments/data/hot8_scan_c48_seed47.in,LIRS ARC ARC ARC,4,12 12 12 12,48,10000,7992,2008,0.7992,7992,2008,0.7992,0
configs/exp4/lirs_arc_arc_lfu.cfg,experiments/data/hot8_scan_c48_seed47.in,LIRS ARC ARC LFU,4,12 12 12 12,48,10000,7992,2008,0.7992,7992,2008,0.7992,0
configs/exp4/lirs_arc_arc_lirs.cfg,experiments/data/hot8_scan_c48_seed47.in,LIRS ARC ARC LIRS,4,12 12 12 12,48,10000,7992,2008,0.7992,7992,2008,0.7992,0
configs/exp4/lirs_arc_arc_lru.cfg,experiments/data/hot8_scan_c48_seed47.in,LIRS ARC ARC LRU,4,12 12 12 12,48,10000,7992,2008,0.7992,7992,2008,0.7992,0
configs/exp4/lirs_arc_lfu.cfg,experiments/data/hot8_scan_c48_seed47.in,LIRS ARC LFU,3,16 16 16,48,10000,7992,2008,0.7992,7992,2008,0.7992,0
configs/exp4/lirs_arc_lfu_2q.cfg,experiments/data/hot8_scan_c48_seed47.in,LIRS ARC LFU 2Q,4,12 12 12 12,48,10000,7992,2008,0.7992,7992,2008,0.7992,0
configs/exp4/lirs_arc_lfu_arc.cfg,experiments/data/hot8_scan_c48_seed47.in,LIRS ARC LFU ARC,4,12 12 12 12,48,10000,7992,2008,0.7992,7992,2008,0.7992,0
configs/exp4/lirs_arc_lfu_lfu.cfg,experiments/data/hot8_scan_c48_seed47.in,LIRS ARC LFU LFU,4,12 12 12 12,48,10000,7992,2008,0.7992,7992,2008,0.7992,0
configs/exp4/lirs_arc_lfu_lirs.cfg,experiments/data/hot8_scan_c48_seed47.in,LIRS ARC LFU LIRS,4,12 12 12 12,48,10000,7992,2008,0.7992,7992,2008,0.7992,0
configs/exp4/lirs_arc_lfu_lru.cfg,experiments/data/hot8_scan_c48_seed47.in,LIRS ARC LFU LRU,4,12 12 12 12,48,10000,7992,2008,0.7992,7992,2008,0.7992,0
configs/exp4/lirs_arc_lirs.cfg,experiments/data/hot8_scan_c48_seed47.in,LIRS ARC LIRS,3,16 16 16,48,10000,7992,2008,0.7992,7992,2008,0.7992,0
configs/exp4/lirs_arc_lirs_2q.cfg,experiments/data/hot8_scan_c48_seed47.in,LIRS ARC LIRS 2Q,4,12 12 12 12,48,10000,7992,2008,0.7992,7992,2008,0.7992,0
configs/exp4/lirs_arc_lirs_arc.cfg,experiments/data/hot8_scan_c48_seed47.in,LIRS ARC LIRS ARC,4,12 12 12 12,48,10000,7992,2008,0.7992,7992,2008,0.7992,0
configs/exp4/lirs_arc_lirs_lfu.cfg,experiments/data/hot8_scan_c48_seed47.in,LIRS ARC LIRS LFU,4,12 12 12 12,48,10000,7992,2008,0.7992,7992,2008,0.7992,0
configs/exp4/lirs_arc_lirs_lirs.cfg,experiments/data/hot8_scan_c48_seed47.in,LIRS ARC LIRS LIRS,4,12 12 12 12,48,10000,7992,2008,0.7992,7992,2008,0.7992,0
configs/exp4/lirs_arc_lirs_lru.cfg,experiments/data/hot8_scan_c48_seed47.in,LIRS ARC LIRS LRU,4,12 12 12 12,48,10000,7992,2008,0.7992,7992,2008,0.7992,0
configs/exp4/lirs_arc_lru.cfg,experiments/data/hot8_scan_c48_seed47.in,LIRS ARC LRU,3,16 16 16,48,10000,7992,2008,0.7992,7992,2008,0.7992,0
configs/exp4/lirs_arc_lru_2q.cfg,experiments/data/hot8_scan_c48_seed47.in,LIRS ARC LRU 2Q,4,12 12 12 12,48,10000,7992,2008,0.7992,7992,2008,0.7992,0
configs/exp4/lirs_arc_lru_arc.cfg,experiments/data/hot8_scan_c48_seed47.in,LIRS ARC LRU ARC,4,12 12 12 12,48,10000,7992,2008,0.7992,7992,2008,0.7992,0
configs/exp4/lirs_arc_lru_lfu.cfg,experiments/data/hot8_scan_c48_seed47.in,LIRS ARC LRU LFU,4,12 12 12 12,48,10000,7992,2008,0.7992,7992,2008,0.7992,0
configs/exp4/lirs_arc_lru_lirs.cfg,experiments/data/hot8_scan_c48_seed47.in,LIRS ARC LRU LIRS,4,12 12 12 12,48,10000,7992,2008,0.7992,7992,2008,0.7992,0
configs/exp4/lirs_arc_lru_lru.cfg,experiments/data/hot8_scan_c48_seed47.in,LIRS ARC LRU LRU,4,12 12 12 12,48,10000,7992,2008,0.7992,7992,2008,0.7992,0
configs/exp4/lirs_lfu.cfg,experiments/data/hot8_scan_c48_seed47.in,LIRS LFU,2,24 24,48,10000,7992,2008,0.7992,7992,2008,0.7992,0
configs/exp4/lirs_lfu_2q.cfg,experiments/data/hot8_scan_c48_seed47.in,LIRS LFU 2Q,3,16 16 16,48,10000,7992,2008,0.7992,7992,2008,0.7992,0
configs/exp4/lirs_lfu_2q_2q.cfg,experiments/data/hot8_scan_c48_seed47.in,LIRS LFU 2Q 2Q,4,12 12 12 12,48,10000,7992,2008,0.7992,7992,2008,0.7992,0
configs/exp4/lirs_lfu_2q_arc.cfg,experiments/data/hot8_scan_c48_seed47.in,LIRS LFU 2Q ARC,4,12 12 12 12,48,10000,7992,2008,0.7992,7992,2008,0.7992,0
configs/exp4/lirs_lfu_2q_lfu.cfg,experiments/data/hot8_scan_c48_seed47.in,LIRS LFU 2Q LFU,4,12 12 12 12,48,10000,7992,2008,0.7992,7992,2008,0.7992,0
configs/exp4/lirs_lfu_2q_lirs.cfg,experiments/data/hot8_scan_c48_seed47.in,LIRS LFU 2Q LIRS,4,12 12 12 12,48,10000,7992,2008,0.7992,7992,2008,0.7992,0
configs/exp4/lirs_lfu_2q_lru.cfg,experiments/data/hot8_scan_c48_seed47.in,LIRS LFU 2Q LRU,4,12 12 12 12,48,10000,7992,2008,0.7992,7992,2008,0.7992,0
configs/exp4/lirs_lfu_arc.cfg,experiments/data/hot8_scan_c48_seed47.in,LIRS LFU ARC,3,16 16 16,48,10000,7992,2008,0.7992,7992,2008,0.7992,0
configs/exp4/lirs_lfu_arc_2q.cfg,experiments/data/hot8_scan_c48_seed47.in,LIRS LFU ARC 2Q,4,12 12 12 12,48,10000,7992,2008,0.7992,7992,2008,0.7992,0
configs/exp4/lirs_lfu_arc_arc.cfg,experiments/data/hot8_scan_c48_seed47.in,LIRS LFU ARC ARC,4,12 12 12 12,48,10000,7992,2008,0.7992,7992,2008,0.7992,0
configs/exp4/lirs_lfu_arc_lfu.cfg,experiments/data/hot8_scan_c48_seed47.in,LIRS LFU ARC LFU,4,12 12 12 12,48,10000,7992,2008,0.7992,7992,2008,0.7992,0
configs/exp4/lirs_lfu_arc_lirs.cfg,experiments/data/hot8_scan_c48_seed47.in,LIRS LFU ARC LIRS,4,12 12 12 12,48,10000,7992,2008,0.7992,7992,2008,0.7992,0
configs/exp4/lirs_lfu_arc_lru.cfg,experiments/data/hot8_scan_c48_seed47.in,LIRS LFU ARC LRU,4,12 12 12 12,48,10000,7992,2008,0.7992,7992,2008,0.7992,0
configs/exp4/lirs_lfu_lfu.cfg,experiments/data/hot8_scan_c48_seed47.in,LIRS LFU LFU,3,16 16 16,48,10000,7992,2008,0.7992,7992,2008,0.7992,0
configs/exp4/lirs_lfu_lfu_2q.cfg,experiments/data/hot8_scan_c48_seed47.in,LIRS LFU LFU 2Q,4,12 12 12 12,48,10000,7992,2008,0.7992,7992,2008,0.7992,0
configs/exp4/lirs_lfu_lfu_arc.cfg,experiments/data/hot8_scan_c48_seed47.in,LIRS LFU LFU ARC,4,12 12 12 12,48,10000,7992,2008,0.7992,7992,2008,0.7992,0
configs/exp4/lirs_lfu_lfu_lfu.cfg,experiments/data/hot8_scan_c48_seed47.in,LIRS LFU LFU LFU,4,12 12 12 12,48,10000,7992,2008,0.7992,7992,2008,0.7992,0
configs/exp4/lirs_lfu_lfu_lirs.cfg,experiments/data/hot8_scan_c48_seed47.in,LIRS LFU LFU LIRS,4,12 12 12 12,48,10000,7992,2008,0.7992,7992,2008,0.7992,0
configs/exp4/lirs_lfu_lfu_lru.cfg,experiments/data/hot8_scan_c48_seed47.in,LIRS LFU LFU LRU,4,12 12 12 12,48,10000,7992,2008,0.7992,7992,2008,0.7992,0
configs/exp4/lirs_lfu_lirs.cfg,experiments/data/hot8_scan_c48_seed47.in,LIRS LFU LIRS,3,16 16 16,48,10000,7992,2008,0.7992,7992,2008,0.7992,0
configs/exp4/lirs_lfu_lirs_2q.cfg,experiments/data/hot8_scan_c48_seed47.in,LIRS LFU LIRS 2Q,4,12 12 12 12,48,10000,7992,2008,0.7992,7992,2008,0.7992,0
configs/exp4/lirs_lfu_lirs_arc.cfg,experiments/data/hot8_scan_c48_seed47.in,LIRS LFU LIRS ARC,4,12 12 12 12,48,10000,7992,2008,0.7992,7992,2008,0.7992,0
configs/exp4/lirs_lfu_lirs_lfu.cfg,experiments/data/hot8_scan_c48_seed47.in,LIRS LFU LIRS LFU,4,12 12 12 12,48,10000,7992,2008,0.7992,7992,2008,0.7992,0
configs/exp4/lirs_lfu_lirs_lirs.cfg,experiments/data/hot8_scan_c48_seed47.in,LIRS LFU LIRS LIRS,4,12 12 12 12,48,10000,7992,2008,0.7992,7992,2008,0.7992,0
configs/exp4/lirs_lfu_lirs_lru.cfg,experiments/data/hot8_scan_c48_seed47.in,LIRS LFU LIRS LRU,4,12 12 12 12,48,10000,7992,2008,0.7992,7992,2008,0.7992,0
configs/exp4/lirs_lfu_lru.cfg,experiments/data/hot8_scan_c48_seed47.in,LIRS LFU LRU,3,16 16 16,48,10000,7992,2008,0.7992,7992,2008,0.7992,0
configs/exp4/lirs_lfu_lru_2q.cfg,experiments/data/hot8_scan_c48_seed47.in,LIRS LFU LRU 2Q,4,12 12 12 12,48,10000,7992,2008,0.7992,7992,2008,0.7992,0
configs/exp4/lirs_lfu_lru_arc.cfg,experiments/data/hot8_scan_c48_seed47.in,LIRS LFU LRU ARC,4,12 12 12 12,48,10000,7992,2008,0.7992,7992,2008,0.7992,0
configs/exp4/lirs_lfu_lru_lfu.cfg,experiments/data/hot8_scan_c48_seed47.in,LIRS LFU LRU LFU,4,12 12 12 12,48,10000,7992,2008,0.7992,7992,2008,0.7992,0
configs/exp4/lirs_lfu_lru_lirs.cfg,experiments/data/hot8_scan_c48_seed47.in,LIRS LFU LRU LIRS,4,12 12 12 12,48,10000,7992,2008,0.7992,7992,2008,0.7992,0
configs/exp4/lirs_lfu_lru_lru.cfg,experiments/data/hot8_scan_c48_seed47.in,LIRS LFU LRU LRU,4,12 12 12 12,48,10000,7992,2008,0.7992,7992,2008,0.7992,0
configs/exp4/lirs_lirs_2q.cfg,experiments/data/hot8_scan_c48_seed47.in,LIRS LIRS 2Q,3,16 16 16,48,10000,7992,2008,0.7992,7992,2008,0.7992,0
configs/exp4/lirs_lirs_2q_2q.cfg,experiments/data/hot8_scan_c48_seed47.in,LIRS LIRS 2Q 2Q,4,12 12 12 12,48,10000,7992,2008,0.7992,7992,2008,0.7992,0
configs/exp4/lirs_lirs_2q_arc.cfg,experiments/data/hot8_scan_c48_seed47.in,LIRS LIRS 2Q ARC,4,12 12 12 12,48,10000,7992,2008,0.7992,7992,2008,0.7992,0
configs/exp4/lirs_lirs_2q_lfu.cfg,experiments/data/hot8_scan_c48_seed47.in,LIRS LIRS 2Q LFU,4,12 12 12 12,48,10000,7992,2008,0.7992,7992,2008,0.7992,0
configs/exp4/lirs_lirs_2q_lirs.cfg,experiments/data/hot8_scan_c48_seed47.in,LIRS LIRS 2Q LIRS,4,12 12 12 12,48,10000,7992,2008,0.7992,7992,2008,0.7992,0
configs/exp4/lirs_lirs_2q_lru.cfg,experiments/data/hot8_scan_c48_seed47.in,LIRS LIRS 2Q LRU,4,12 12 12 12,48,10000,7992,2008,0.7992,7992,2008,0.7992,0
configs/exp4/lirs_lirs_arc.cfg,experiments/data/hot8_scan_c48_seed47.in,LIRS LIRS ARC,3,16 16 16,48,10000,7992,2008,0.7992,7992,2008,0.7992,0
configs/exp4/lirs_lirs_arc_2q.cfg,experiments/data/hot8_scan_c48_seed47.in,LIRS LIRS ARC 2Q,4,12 12 12 12,48,10000,7992,2008,0.7992,7992,2008,0.7992,0
configs/exp4/lirs_lirs_arc_arc.cfg,experiments/data/hot8_scan_c48_seed47.in,LIRS LIRS ARC ARC,4,12 12 12 12,48,10000,7992,2008,0.7992,7992,2008,0.7992,0
configs/exp4/lirs_lirs_arc_lfu.cfg,experiments/data/hot8_scan_c48_seed47.in,LIRS LIRS ARC LFU,4,12 12 12 12,48,10000,7992,2008,0.7992,7992,2008,0.7992,0
configs/exp4/lirs_lirs_arc_lirs.cfg,experiments/data/hot8_scan_c48_seed47.in,LIRS LIRS ARC LIRS,4,12 12 12 12,48,10000,7992,2008,0.7992,7992,2008,0.7992,0
configs/exp4/lirs_lirs_arc_lru.cfg,experiments/data/hot8_scan_c48_seed47.in,LIRS LIRS ARC LRU,4,12 12 12 12,48,10000,7992,2008,0.7992,7992,2008,0.7992,0
configs/exp4/lirs_lirs_lfu.cfg,experiments/data/hot8_scan_c48_seed47.in,LIRS LIRS LFU,3,16 16 16,48,10000,7992,2008,0.7992,7992,2008,0.7992,0
configs/exp4/lirs_lirs_lfu_2q.cfg,experiments/data/hot8_scan_c48_seed47.in,LIRS LIRS LFU 2Q,4,12 12 12 12,48,10000,7992,2008,0.7992,7992,2008,0.7992,0
configs/exp4/lirs_lirs_lfu_arc.cfg,experiments/data/hot8_scan_c48_seed47.in,LIRS LIRS LFU ARC,4,12 12 12 12,48,10000,7992,2008,0.7992,7992,2008,0.7992,0
configs/exp4/lirs_lirs_lfu_lfu.cfg,experiments/data/hot8_scan_c48_seed47.in,LIRS LIRS LFU LFU,4,12 12 12 12,48,10000,7992,2008,0.7992,7992,2008,0.7992,0
configs/exp4/lirs_lirs_lfu_lirs.cfg,experiments/data/hot8_scan_c48_seed47.in,LIRS LIRS LFU LIRS,4,12 12 12 12,48,10000,7992,2008,0.7992,7992,2008,0.7992,0
configs/exp4/lirs_lirs_lfu_lru.cfg,experiments/data/hot8_scan_c48_seed47.in,LIRS LIRS LFU LRU,4,12 12 12 12,48,10000,7992,2008,0.7992,7992,2008,0.7992,0
configs/exp4/lirs_lirs_lirs_2q.cfg,experiments/data/hot8_scan_c48_seed47.in,LIRS LIRS LIRS 2Q,4,12 12 12 12,48,10000,7992,2008,0.7992,7992,2008,0.7992,0
configs/exp4/lirs_lirs_lirs_arc.cfg,experiments/data/hot8_scan_c48_seed47.in,LIRS LIRS LIRS ARC,4,12 12 12 12,48,10000,7992,2008,0.7992,7992,2008,0.7992,0
configs/exp4/lirs_lirs_lirs_lfu.cfg,experiments/data/hot8_scan_c48_seed47.in,LIRS LIRS LIRS LFU,4,12 12 12 12,48,10000,7992,2008,0.7992,7992,2008,0.7992,0
configs/exp4/lirs_lirs_lirs_lru.cfg,experiments/data/hot8_scan_c48_seed47.in,LIRS LIRS LIRS LRU,4,12 12 12 12,48,10000,7992,2008,0.7992,7992,2008,0.7992,0
configs/exp4/lirs_lirs_lru.cfg,experiments/data/hot8_scan_c48_seed47.in,LIRS LIRS LRU,3,16 16 16,48,10000,7992,2008,0.7992,7992,2008,0.7992,0
configs/exp4/lirs_lirs_lru_2q.cfg,experiments/data/hot8_scan_c48_seed47.in,LIRS LIRS LRU 2Q,4,12 12 12 12,48,10000,7992,2008,0.7992,7992,2008,0.7992,0
configs/exp4/lirs_lirs_lru_arc.cfg,experiments/data/hot8_scan_c48_seed47.in,LIRS LIRS LRU ARC,4,12 12 12 12,48,10000,7992,2008,0.7992,7992,2008,0.7992,0
configs/exp4/lirs_lirs_lru_lfu.cfg,experiments/data/hot8_scan_c48_seed47.in,LIRS LIRS LRU LFU,4,12 12 12 12,48,10000,7992,2008,0.7992,7992,2008,0.7992,0
configs/exp4/lirs_lirs_lru_lirs.cfg,experiments/data/hot8_scan_c48_seed47.in,LIRS LIRS LRU LIRS,4,12 12 12 12,48,10000,7992,2008,0.7992,7992,2008,0.7992,0
configs/exp4/lirs_lirs_lru_lru.cfg,experiments/data/hot8_scan_c48_seed47.in,LIRS LIRS LRU LRU,4,12 12 12 12,48,10000,7992,2008,0.7992,7992,2008,0.7992,0
configs/exp4/lirs_lru.cfg,experiments/data/hot8_scan_c48_seed47.in,LIRS LRU,2,24 24,48,10000,7992,2008,0.7992,7992,2008,0.7992,0
configs/exp4/lirs_lru_2q.cfg,experiments/data/hot8_scan_c48_seed47.in,LIRS LRU 2Q,3,16 16 16,48,10000,7992,2008,0.7992,7992,2008,0.7992,0
configs/exp4/lirs_lru_2q_2q.cfg,experiments/data/hot8_scan_c48_seed47.in,LIRS LRU 2Q 2Q,4,12 12 12 12,48,10000,7992,2008,0.7992,7992,2008,0.7992,0
configs/exp4/lirs_lru_2q_arc.cfg,experiments/data/hot8_scan_c48_seed47.in,LIRS LRU 2Q ARC,4,12 12 12 12,48,10000,7992,2008,0.7992,7992,2008,0.7992,0
configs/exp4/lirs_lru_2q_lfu.cfg,experiments/data/hot8_scan_c48_seed47.in,LIRS LRU 2Q LFU,4,12 12 12 12,48,10000,7992,2008,0.7992,7992,2008,0.7992,0
configs/exp4/lirs_lru_2q_lirs.cfg,experiments/data/hot8_scan_c48_seed47.in,LIRS LRU 2Q LIRS,4,12 12 12 12,48,10000,7992,2008,0.7992,7992,2008,0.7992,0
configs/exp4/lirs_lru_2q_lru.cfg,experiments/data/hot8_scan_c48_seed47.in,LIRS LRU 2Q LRU,4,12 12 12 12,48,10000,7992,2008,0.7992,7992,2008,0.7992,0
configs/exp4/lirs_lru_arc.cfg,experiments/data/hot8_scan_c48_seed47.in,LIRS LRU ARC,3,16 16 16,48,10000,7992,2008,0.7992,7992,2008,0.7992,0
configs/exp4/lirs_lru_arc_2q.cfg,experiments/data/hot8_scan_c48_seed47.in,LIRS LRU ARC 2Q,4,12 12 12 12,48,10000,7992,2008,0.7992,7992,2008,0.7992,0
configs/exp4/lirs_lru_arc_arc.cfg,experiments/data/hot8_scan_c48_seed47.in,LIRS LRU ARC ARC,4,12 12 12 12,48,10000,7992,2008,0.7992,7992,2008,0.7992,0
configs/exp4/lirs_lru_arc_lfu.cfg,experiments/data/hot8_scan_c48_seed47.in,LIRS LRU ARC LFU,4,12 12 12 12,48,10000,7992,2008,0.7992,7992,2008,0.7992,0
configs/exp4/lirs_lru_arc_lirs.cfg,experiments/data/hot8_scan_c48_seed47.in,LIRS LRU ARC LIRS,4,12 12 12 12,48,10000,7992,2008,0.7992,7992,2008,0.7992,0
configs/exp4/lirs_lru_arc_lru.cfg,experiments/data/hot8_scan_c48_seed47.in,LIRS LRU ARC LRU,4,12 12 12 12,48,10000,7992,2008,0.7992,7992,2008,0.7992,0
configs/exp4/lirs_lru_lfu.cfg,experiments/data/hot8_scan_c48_seed47.in,LIRS LRU LFU,3,16 16 16,48,10000,7992,2008,0.7992,7992,2008,0.7992,0
configs/exp4/lirs_lru_lfu_2q.cfg,experiments/data/hot8_scan_c48_seed47.in,LIRS LRU LFU 2Q,4,12 12 12 12,48,10000,7992,2008,0.7992,7992,2008,0.7992,0
configs/exp4/lirs_lru_lfu_arc.cfg,experiments/data/hot8_scan_c48_seed47.in,LIRS LRU LFU ARC,4,12 12 12 12,48,10000,7992,2008,0.7992,7992,2008,0.7992,0
configs/exp4/lirs_lru_lfu_lfu.cfg,experiments/data/hot8_scan_c48_seed47.in,LIRS LRU LFU LFU,4,12 12 12 12,48,10000,7992,2008,0.7992,7992,2008,0.7992,0
configs/exp4/lirs_lru_lfu_lirs.cfg,experiments/data/hot8_scan_c48_seed47.in,LIRS LRU LFU LIRS,4,12 12 12 12,48,10000,7992,2008,0.7992,7992,2008,0.7992,0
configs/exp4/lirs_lru_lfu_lru.cfg,experiments/data/hot8_scan_c48_seed47.in,LIRS LRU LFU LRU,4,12 12 12 12,48,10000,7992,2008,0.7992,7992,2008,0.7992,0
configs/exp4/lirs_lru_lirs.cfg,experiments/data/hot8_scan_c48_seed47.in,LIRS LRU LIRS,3,16 16 16,48,10000,7992,2008,0.7992,7992,2008,0.7992,0
configs/exp4/lirs_lru_lirs_2q.cfg,experiments/data/hot8_scan_c48_seed47.in,LIRS LRU LIRS 2Q,4,12 12 12 12,48,10000,7992,2008,0.7992,7992,2008,0.7992,0
configs/exp4/lirs_lru_lirs_arc.cfg,experiments/data/hot8_scan_c48_seed47.in,LIRS LRU LIRS ARC,4,12 12 12 12,48,10000,7992,2008,0.7992,7992,2008,0.7992,0
configs/exp4/lirs_lru_lirs_lfu.cfg,experiments/data/hot8_scan_c48_seed47.in,LIRS LRU LIRS LFU,4,12 12 12 12,48,10000,7992,2008,0.7992,7992,2008,0.7992,0
configs/exp4/lirs_lru_lirs_lirs.cfg,experiments/data/hot8_scan_c48_seed47.in,LIRS LRU LIRS LIRS,4,12 12 12 12,48,10000,7992,2008,0.7992,7992,2008,0.7992,0
configs/exp4/lirs_lru_lirs_lru.cfg,experiments/data/hot8_scan_c48_seed47.in,LIRS LRU LIRS LRU,4,12 12 12 12,48,10000,7992,2008,0.7992,7992,2008,0.7992,0
configs/exp4/lirs_lru_lru.cfg,experiments/data/hot8_scan_c48_seed47.in,LIRS LRU LRU,3,16 16 16,48,10000,7992,2008,0.7992,7992,2008,0.7992,0
configs/exp4/lirs_lru_lru_2q.cfg,experiments/data/hot8_scan_c48_seed47.in,LIRS LRU LRU 2Q,4,12 12 12 12,48,10000,7992,2008,0.7992,7992,2008,0.7992,0
configs/exp4/lirs_lru_lru_arc.cfg,experiments/data/hot8_scan_c48_seed47.in,LIRS LRU LRU ARC,4,12 12 12 12,48,10000,7992,2008,0.7992,7992,2008,0.7992,0
configs/exp4/lirs_lru_lru_lfu.cfg,experiments/data/hot8_scan_c48_seed47.in,LIRS LRU LRU LFU,4,12 12 12 12,48,10000,7992,2008,0.7992,7992,2008,0.7992,0
configs/exp4/lirs_lru_lru_lirs.cfg,experiments/data/hot8_scan_c48_seed47.in,LIRS LRU LRU LIRS,4,12 12 12 12,48,10000,7992,2008,0.7992,7992,2008,0.7992,0
configs/exp4/lirs_lru_lru_lru.cfg,experiments/data/hot8_scan_c48_seed47.in,LIRS LRU LRU LRU,4,12 12 12 12,48,10000,7992,2008,0.7992,7992,2008,0.7992,0
configs/exp4/lru_2q.cfg,experiments/data/hot8_scan_c48_seed47.in,LRU 2Q,2,24 24,48,10000,7989,2011,0.7989,7992,2008,0.7992,3
configs/exp4/lru_2q_2q.cfg,experiments/data/hot8_scan_c48_seed47.in,LRU 2Q 2Q,3,16 16 16,48,10000,7916,2084,0.7916,7992,2008,0.7992,76
configs/exp4/lru_2q_2q_2q.cfg,experiments/data/hot8_scan_c48_seed47.in,LRU 2Q 2Q 2Q,4,12 12 12 12,48,10000,7973,2027,0.7973,7992,2008,0.7992,19
configs/exp4/lru_2q_2q_arc.cfg,experiments/data/hot8_scan_c48_seed47.in,LRU 2Q 2Q ARC,4,12 12 12 12,48,10000,7974,2026,0.7974,7992,2008,0.7992,18
configs/exp4/lru_2q_2q_lfu.cfg,experiments/data/hot8_scan_c48_seed47.in,LRU 2Q 2Q LFU,4,12 12 12 12,48,10000,7974,2026,0.7974,7992,2008,0.7992,18
configs/exp4/lru_2q_2q_lirs.cfg,experiments/data/hot8_scan_c48_seed47.in,LRU 2Q 2Q LIRS,4,12 12 12 12,48,10000,7991,2009,0.7991,7992,2008,0.7992,1
configs/exp4/lru_2q_2q_lru.cfg,experiments/data/hot8_scan_c48_seed47.in,LRU 2Q 2Q LRU,4,12 12 12 12,48,10000,7974,2026,0.7974,7992,2008,0.7992,18
configs/exp4/lru_2q_arc.cfg,experiments/data/hot8_scan_c48_seed47.in,LRU 2Q ARC,3,16 16 16,48,10000,7916,2084,0.7916,7992,2008,0.7992,76
configs/exp4/lru_2q_arc_2q.cfg,experiments/data/hot8_scan_c48_seed47.in,LRU 2Q ARC 2Q,4,12 12 12 12,48,10000,7973,2027,0.7973,7992,2008,0.7992,19
configs/exp4/lru_2q_arc_arc.cfg,experiments/data/hot8_scan_c48_seed47.in,LRU 2Q ARC ARC,4,12 12 12 12,48,10000,7974,2026,0.7974,7992,2008,0.7992,18
configs/exp4/lru_2q_arc_lfu.cfg,experiments/data/hot8_scan_c48_seed47.in,LRU 2Q ARC LFU,4,12 12 12 12,48,10000,7974,2026,0.7974,7992,2008,0.7992,18
configs/exp4/lru_2q_arc_lirs.cfg,experiments/data/hot8_scan_c48_seed47.in,LRU 2Q ARC LIRS,4,12 12 12 12,48,10000,7991,2009,0.7991,7992,2008,0.7992,1
configs/exp4/lru_2q_arc_lru.cfg,experiments/data/hot8_scan_c48_seed47.in,LRU 2Q ARC LRU,4,12 12 12 12,48,10000,7974,2026,0.7974,7992,2008,0.7992,18
configs/exp4/lru_2q_lfu.cfg,experiments/data/hot8_scan_c48_seed47.in,LRU 2Q LFU,3,16 16 16,48,10000,7916,2084,0.7916,7992,2008,0.7992,76
configs/exp4/lru_2q_lfu_2q.cfg,experiments/data/hot8_scan_c48_seed47.in,LRU 2Q LFU 2Q,4,12 12 12 12,48,10000,7973,2027,0.7973,7992,2008,0.7992,19
configs/exp4/lru_2q_lfu_arc.cfg,experiments/data/hot8_scan_c48_seed47.in,LRU 2Q LFU ARC,4,12 12 12 12,48,10000,7974,2026,0.7974,7992,2008,0.7992,18
configs/exp4/lru_2q_lfu_lfu.cfg,experiments/data/hot8_scan_c48_seed47.in,LRU 2Q LFU LFU,4,12 12 12 12,48,10000,7974,2026,0.7974,7992,2008,0.7992,18
configs/exp4/lru_2q_lfu_lirs.cfg,experiments/data/hot8_scan_c48_seed47.in,LRU 2Q LFU LIRS,4,12 12 12 12,48,10000,7991,2009,0.7991,7992,2008,0.7992,1
configs/exp4/lru_2q_lfu_lru.cfg,experiments/data/hot8_scan_c48_seed47.in,LRU 2Q LFU LRU,4,12 12 12 12,48,10000,7974,2026,0.7974,7992,2008,0.7992,18
configs/exp4/lru_2q_lirs.cfg,experiments/data/hot8_scan_c48_seed47.in,LRU 2Q LIRS,3,16 16 16,48,10000,7992,2008,0.7992,7992,2008,0.7992,0
configs/exp4/lru_2q_lirs_2q.cfg,experiments/data/hot8_scan_c48_seed47.in,LRU 2Q LIRS 2Q,4,12 12 12 12,48,10000,7991,2009,0.7991,7992,2008,0.7992,1
configs/exp4/lru_2q_lirs_arc.cfg,experiments/data/hot8_scan_c48_seed47.in,LRU 2Q LIRS ARC,4,12 12 12 12,48,10000,7991,2009,0.7991,7992,2008,0.7992,1
configs/exp4/lru_2q_lirs_lfu.cfg,experiments/data/hot8_scan_c48_seed47.in,LRU 2Q LIRS LFU,4,12 12 12 12,48,10000,7991,2009,0.7991,7992,2008,0.7992,1
configs/exp4/lru_2q_lirs_lirs.cfg,experiments/data/hot8_scan_c48_seed47.in,LRU 2Q LIRS LIRS,4,12 12 12 12,48,10000,7991,2009,0.7991,7992,2008,0.7992,1
configs/exp4/lru_2q_lirs_lru.cfg,experiments/data/hot8_scan_c48_seed47.in,LRU 2Q LIRS LRU,4,12 12 12 12,48,10000,7991,2009,0.7991,7992,2008,0.7992,1
configs/exp4/lru_2q_lru.cfg,experiments/data/hot8_scan_c48_seed47.in,LRU 2Q LRU,3,16 16 16,48,10000,7916,2084,0.7916,7992,2008,0.7992,76
configs/exp4/lru_2q_lru_2q.cfg,experiments/data/hot8_scan_c48_seed47.in,LRU 2Q LRU 2Q,4,12 12 12 12,48,10000,7974,2026,0.7974,7992,2008,0.7992,18
configs/exp4/lru_2q_lru_arc.cfg,experiments/data/hot8_scan_c48_seed47.in,LRU 2Q LRU ARC,4,12 12 12 12,48,10000,7974,2026,0.7974,7992,2008,0.7992,18
configs/exp4/lru_2q_lru_lfu.cfg,experiments/data/hot8_scan_c48_seed47.in,LRU 2Q LRU LFU,4,12 12 12 12,48,10000,7974,2026,0.7974,7992,2008,0.7992,18
configs/exp4/lru_2q_lru_lirs.cfg,experiments/data/hot8_scan_c48_seed47.in,LRU 2Q LRU LIRS,4,12 12 12 12,48,10000,7991,2009,0.7991,7992,2008,0.7992,1
configs/exp4/lru_2q_lru_lru.cfg,experiments/data/hot8_scan_c48_seed47.in,LRU 2Q LRU LRU,4,12 12 12 12,48,10000,7974,2026,0.7974,7992,2008,0.7992,18
configs/exp4/lru_arc.cfg,experiments/data/hot8_scan_c48_seed47.in,LRU ARC,2,24 24,48,10000,7989,2011,0.7989,7992,2008,0.7992,3
configs/exp4/lru_arc_2q.cfg,experiments/data/hot8_scan_c48_seed47.in,LRU ARC 2Q,3,16 16 16,48,10000,7916,2084,0.7916,7992,2008,0.7992,76
configs/exp4/lru_arc_2q_2q.cfg,experiments/data/hot8_scan_c48_seed47.in,LRU ARC 2Q 2Q,4,12 12 12 12,48,10000,7973,2027,0.7973,7992,2008,0.7992,19
configs/exp4/lru_arc_2q_arc.cfg,experiments/data/hot8_scan_c48_seed47.in,LRU ARC 2Q ARC,4,12 12 12 12,48,10000,7974,2026,0.7974,7992,2008,0.7992,18
configs/exp4/lru_arc_2q_lfu.cfg,experiments/data/hot8_scan_c48_seed47.in,LRU ARC 2Q LFU,4,12 12 12 12,48,10000,7974,2026,0.7974,7992,2008,0.7992,18
configs/exp4/lru_arc_2q_lirs.cfg,experiments/data/hot8_scan_c48_seed47.in,LRU ARC 2Q LIRS,4,12 12 12 12,48,10000,7991,2009,0.7991,7992,2008,0.7992,1
configs/exp4/lru_arc_2q_lru.cfg,experiments/data/hot8_scan_c48_seed47.in,LRU ARC 2Q LRU,4,12 12 12 12,48,10000,7974,2026,0.7974,7992,2008,0.7992,18
configs/exp4/lru_arc_arc.cfg,experiments/data/hot8_scan_c48_seed47.in,LRU ARC ARC,3,16 16 16,48,10000,7916,2084,0.7916,7992,2008,0.7992,76
configs/exp4/lru_arc_arc_2q.cfg,experiments/data/hot8_scan_c48_seed47.in,LRU ARC ARC 2Q,4,12 12 12 12,48,10000,7973,2027,0.7973,7992,2008,0.7992,19
configs/exp4/lru_arc_arc_arc.cfg,experiments/data/hot8_scan_c48_seed47.in,LRU ARC ARC ARC,4,12 12 12 12,48,10000,7969,2031,0.7969,7992,2008,0.7992,23
configs/exp4/lru_arc_arc_lfu.cfg,experiments/data/hot8_scan_c48_seed47.in,LRU ARC ARC LFU,4,12 12 12 12,48,10000,7969,2031,0.7969,7992,2008,0.7992,23
configs/exp4/lru_arc_arc_lirs.cfg,experiments/data/hot8_scan_c48_seed47.in,LRU ARC ARC LIRS,4,12 12 12 12,48,10000,7991,2009,0.7991,7992,2008,0.7992,1
configs/exp4/lru_arc_arc_lru.cfg,experiments/data/hot8_scan_c48_seed47.in,LRU ARC ARC LRU,4,12 12 12 12,48,10000,7969,2031,0.7969,7992,2008,0.7992,23
configs/exp4/lru_arc_lfu.cfg,experiments/data/hot8_scan_c48_seed47.in,LRU ARC LFU,3,16 16 16,48,10000,7916,2084,0.7916,7992,2008,0.7992,76
configs/exp4/lru_arc_lfu_2q.cfg,experiments/data/hot8_scan_c48_seed47.in,LRU ARC LFU 2Q,4,12 12 12 12,48,10000,7973,2027,0.7973,7992,2008,0.7992,19
configs/exp4/lru_arc_lfu_arc.cfg,experiments/data/hot8_scan_c48_seed47.in,LRU ARC LFU ARC,4,12 12 12 12,48,10000,7969,2031,0.7969,7992,2008,0.7992,23
configs/exp4/lru_arc_lfu_lfu.cfg,experiments/data/hot8_scan_c48_seed47.in,LRU ARC LFU LFU,4,12 12 12 12,48,10000,7969,2031,0.7969,7992,2008,0.7992,23
configs/exp4/lru_arc_lfu_lirs.cfg,experiments/data/hot8_scan_c48_seed47.in,LRU ARC LFU LIRS,4,12 12 12 12,48,10000,7991,2009,0.7991,7992,2008,0.7992,1
configs/exp4/lru_arc_lfu_lru.cfg,experiments/data/hot8_scan_c48_seed47.in,LRU ARC LFU LRU,4,12 12 12 12,48,10000,7969,2031,0.7969,7992,2008,0.7992,23
configs/exp4/lru_arc_lirs.cfg,experiments/data/hot8_scan_c48_seed47.in,LRU ARC LIRS,3,16 16 16,48,10000,7992,2008,0.7992,7992,2008,0.7992,0
configs/exp4/lru_arc_lirs_2q.cfg,experiments/data/hot8_scan_c48_seed47.in,LRU ARC LIRS 2Q,4,12 12 12 12,48,10000,7991,2009,0.7991,7992,2008,0.7992,1
configs/exp4/lru_arc_lirs_arc.cfg,experiments/data/hot8_scan_c48_seed47.in,LRU ARC LIRS ARC,4,12 12 12 12,48,10000,7991,2009,0.7991,7992,2008,0.7992,1
configs/exp4/lru_arc_lirs_lfu.cfg,experiments/data/hot8_scan_c48_seed47.in,LRU ARC LIRS LFU,4,12 12 12 12,48,10000,7991,2009,0.7991,7992,2008,0.7992,1
configs/exp4/lru_arc_lirs_lirs.cfg,experiments/data/hot8_scan_c48_seed47.in,LRU ARC LIRS LIRS,4,12 12 12 12,48,10000,7991,2009,0.7991,7992,2008,0.7992,1
configs/exp4/lru_arc_lirs_lru.cfg,experiments/data/hot8_scan_c48_seed47.in,LRU ARC LIRS LRU,4,12 12 12 12,48,10000,7991,2009,0.7991,7992,2008,0.7992,1
configs/exp4/lru_arc_lru.cfg,experiments/data/hot8_scan_c48_seed47.in,LRU ARC LRU,3,16 16 16,48,10000,7916,2084,0.7916,7992,2008,0.7992,76
configs/exp4/lru_arc_lru_2q.cfg,experiments/data/hot8_scan_c48_seed47.in,LRU ARC LRU 2Q,4,12 12 12 12,48,10000,7974,2026,0.7974,7992,2008,0.7992,18
configs/exp4/lru_arc_lru_arc.cfg,experiments/data/hot8_scan_c48_seed47.in,LRU ARC LRU ARC,4,12 12 12 12,48,10000,7968,2032,0.7968,7992,2008,0.7992,24
configs/exp4/lru_arc_lru_lfu.cfg,experiments/data/hot8_scan_c48_seed47.in,LRU ARC LRU LFU,4,12 12 12 12,48,10000,7968,2032,0.7968,7992,2008,0.7992,24
configs/exp4/lru_arc_lru_lirs.cfg,experiments/data/hot8_scan_c48_seed47.in,LRU ARC LRU LIRS,4,12 12 12 12,48,10000,7991,2009,0.7991,7992,2008,0.7992,1
configs/exp4/lru_arc_lru_lru.cfg,experiments/data/hot8_scan_c48_seed47.in,LRU ARC LRU LRU,4,12 12 12 12,48,10000,7968,2032,0.7968,7992,2008,0.7992,24
configs/exp4/lru_lfu.cfg,experiments/data/hot8_scan_c48_seed47.in,LRU LFU,2,24 24,48,10000,7989,2011,0.7989,7992,2008,0.7992,3
configs/exp4/lru_lfu_2q.cfg,experiments/data/hot8_scan_c48_seed47.in,LRU LFU 2Q,3,16 16 16,48,10000,7916,2084,0.7916,7992,2008,0.7992,76
configs/exp4/lru_lfu_2q_2q.cfg,experiments/data/hot8_scan_c48_seed47.in,LRU LFU 2Q 2Q,4,12 12 12 12,48,10000,7973,2027,0.7973,7992,2008,0.7992,19
configs/exp4/lru_lfu_2q_arc.cfg,experiments/data/hot8_scan_c48_seed47.in,LRU LFU 2Q ARC,4,12 12 12 12,48,10000,7974,2026,0.7974,7992,2008,0.7992,18
configs/exp4/lru_lfu_2q_lfu.cfg,experiments/data/hot8_scan_c48_seed47.in,LRU LFU 2Q LFU,4,12 12 12 12,48,10000,7974,2026,0.7974,7992,2008,0.7992,18
configs/exp4/lru_lfu_2q_lirs.cfg,experiments/data/hot8_scan_c48_seed47.in,LRU LFU 2Q LIRS,4,12 12 12 12,48,10000,7991,2009,0.7991,7992,2008,0.7992,1
configs/exp4/lru_lfu_2q_lru.cfg,experiments/data/hot8_scan_c48_seed47.in,LRU LFU 2Q LRU,4,12 12 12 12,48,10000,7974,2026,0.7974,7992,2008,0.7992,18
configs/exp4/lru_lfu_arc.cfg,experiments/data/hot8_scan_c48_seed47.in,LRU LFU ARC,3,16 16 16,48,10000,7916,2084,0.7916,7992,2008,0.7992,76
configs/exp4/lru_lfu_arc_2q.cfg,experiments/data/hot8_scan_c48_seed47.in,LRU LFU ARC 2Q,4,12 12 12 12,48,10000,7973,2027,0.7973,7992,2008,0.7992,19
configs/exp4/lru_lfu_arc_arc.cfg,experiments/data/hot8_scan_c48_seed47.in,LRU LFU ARC ARC,4,12 12 12 12,48,10000,7969,2031,0.7969,7992,2008,0.7992,23
configs/exp4/lru_lfu_arc_lfu.cfg,experiments/data/hot8_scan_c48_seed47.in,LRU LFU ARC LFU,4,12 12 12 12,48,10000,7969,2031,0.7969,7992,2008,0.7992,23
configs/exp4/lru_lfu_arc_lirs.cfg,experiments/data/hot8_scan_c48_seed47.in,LRU LFU ARC LIRS,4,12 12 12 12,48,10000,7991,2009,0.7991,7992,2008,0.7992,1
configs/exp4/lru_lfu_arc_lru.cfg,experiments/data/hot8_scan_c48_seed47.in,LRU LFU ARC LRU,4,12 12 12 12,48,10000,7969,2031,0.7969,7992,2008,0.7992,23
configs/exp4/lru_lfu_lfu.cfg,experiments/data/hot8_scan_c48_seed47.in,LRU LFU LFU,3,16 16 16,48,10000,7916,2084,0.7916,7992,2008,0.7992,76
configs/exp4/lru_lfu_lfu_2q.cfg,experiments/data/hot8_scan_c48_seed47.in,LRU LFU LFU 2Q,4,12 12 12 12,48,10000,7973,2027,0.7973,7992,2008,0.7992,19
configs/exp4/lru_lfu_lfu_arc.cfg,experiments/data/hot8_scan_c48_seed47.in,LRU LFU LFU ARC,4,12 12 12 12,48,10000,7969,2031,0.7969,7992,2008,0.7992,23
configs/exp4/lru_lfu_lfu_lfu.cfg,experiments/data/hot8_scan_c48_seed47.in,LRU LFU LFU LFU,4,12 12 12 12,48,10000,7969,2031,0.7969,7992,2008,0.7992,23
configs/exp4/lru_lfu_lfu_lirs.cfg,experiments/data/hot8_scan_c48_seed47.in,LRU LFU LFU LIRS,4,12 12 12 12,48,10000,7991,2009,0.7991,7992,2008,0.7992,1
configs/exp4/lru_lfu_lfu_lru.cfg,experiments/data/hot8_scan_c48_seed47.in,LRU LFU LFU LRU,4,12 12 12 12,48,10000,7960,2040,0.796,7992,2008,0.7992,32
configs/exp4/lru_lfu_lirs.cfg,experiments/data/hot8_scan_c48_seed47.in,LRU LFU LIRS,3,16 16 16,48,10000,7992,2008,0.7992,7992,2008,0.7992,0
configs/exp4/lru_lfu_lirs_2q.cfg,experiments/data/hot8_scan_c48_seed47.in,LRU LFU LIRS 2Q,4,12 12 12 12,48,10000,7991,2009,0.7991,7992,2008,0.7992,1
configs/exp4/lru_lfu_lirs_arc.cfg,experiments/data/hot8_scan_c48_seed47.in,LRU LFU LIRS ARC,4,12 12 12 12,48,10000,7991,2009,0.7991,7992,2008,0.7992,1
configs/exp4/lru_lfu_lirs_lfu.cfg,experiments/data/hot8_scan_c48_seed47.in,LRU LFU LIRS LFU,4,12 12 12 12,48,10000,7991,2009,0.7991,7992,2008,0.7992,1
configs/exp4/lru_lfu_lirs_lirs.cfg,experiments/data/hot8_scan_c48_seed47.in,LRU LFU LIRS LIRS,4,12 12 12 12,48,10000,7991,2009,0.7991,7992,2008,0.7992,1
configs/exp4/lru_lfu_lirs_lru.cfg,experiments/data/hot8_scan_c48_seed47.in,LRU LFU LIRS LRU,4,12 12 12 12,48,10000,7991,2009,0.7991,7992,2008,0.7992,1
configs/exp4/lru_lfu_lru.cfg,experiments/data/hot8_scan_c48_seed47.in,LRU LFU LRU,3,16 16 16,48,10000,7916,2084,0.7916,7992,2008,0.7992,76
configs/exp4/lru_lfu_lru_2q.cfg,experiments/data/hot8_scan_c48_seed47.in,LRU LFU LRU 2Q,4,12 12 12 12,48,10000,7952,2048,0.7952,7992,2008,0.7992,40
configs/exp4/lru_lfu_lru_arc.cfg,experiments/data/hot8_scan_c48_seed47.in,LRU LFU LRU ARC,4,12 12 12 12,48,10000,7887,2113,0.7887,7992,2008,0.7992,105
configs/exp4/lru_lfu_lru_lfu.cfg,experiments/data/hot8_scan_c48_seed47.in,LRU LFU LRU LFU,4,12 12 12 12,48,10000,7887,2113,0.7887,7992,2008,0.7992,105
configs/exp4/lru_lfu_lru_lirs.cfg,experiments/data/hot8_scan_c48_seed47.in,LRU LFU LRU LIRS,4,12 12 12 12,48,10000,7991,2009,0.7991,7992,2008,0.7992,1
configs/exp4/lru_lfu_lru_lru.cfg,experiments/data/hot8_scan_c48_seed47.in,LRU LFU LRU LRU,4,12 12 12 12,48,10000,7887,2113,0.7887,7992,2008,0.7992,105
configs/exp4/lru_lirs.cfg,experiments/data/hot8_scan_c48_seed47.in,LRU LIRS,2,24 24,48,10000,7992,2008,0.7992,7992,2008,0.7992,0
configs/exp4/lru_lirs_2q.cfg,experiments/data/hot8_scan_c48_seed47.in,LRU LIRS 2Q,3,16 16 16,48,10000,7992,2008,0.7992,7992,2008,0.7992,0
configs/exp4/lru_lirs_2q_2q.cfg,experiments/data/hot8_scan_c48_seed47.in,LRU LIRS 2Q 2Q,4,12 12 12 12,48,10000,7991,2009,0.7991,7992,2008,0.7992,1
configs/exp4/lru_lirs_2q_arc.cfg,experiments/data/hot8_scan_c48_seed47.in,LRU LIRS 2Q ARC,4,12 12 12 12,48,10000,7991,2009,0.7991,7992,2008,0.7992,1
configs/exp4/lru_lirs_2q_lfu.cfg,experiments/data/hot8_scan_c48_seed47.in,LRU LIRS 2Q LFU,4,12 12 12 12,48,10000,7991,2009,0.7991,7992,2008,0.7992,1
configs/exp4/lru_lirs_2q_lirs.cfg,experiments/data/hot8_scan_c48_seed47.in,LRU LIRS 2Q LIRS,4,12 12 12 12,48,10000,7991,2009,0.7991,7992,2008,0.7992,1
configs/exp4/lru_lirs_2q_lru.cfg,experiments/data/hot8_scan_c48_seed47.in,LRU LIRS 2Q LRU,4,12 12 12 12,48,10000,7991,2009,0.7991,7992,2008,0.7992,1
configs/exp4/lru_lirs_arc.cfg,experiments/data/hot8_scan_c48_seed47.in,LRU LIRS ARC,3,16 16 16,48,10000,7992,2008,0.7992,7992,2008,0.7992,0
configs/exp4/lru_lirs_arc_2q.cfg,experiments/data/hot8_scan_c48_seed47.in,LRU LIRS ARC 2Q,4,12 12 12 12,48,10000,7991,2009,0.7991,7992,2008,0.7992,1
configs/exp4/lru_lirs_arc_arc.cfg,experiments/data/hot8_scan_c48_seed47.in,LRU LIRS ARC ARC,4,12 12 12 12,48,10000,7991,2009,0.7991,7992,2008,0.7992,1
configs/exp4/lru_lirs_arc_lfu.cfg,experiments/data/hot8_scan_c48_seed47.in,LRU LIRS ARC LFU,4,12 12 12 12,48,10000,7991,2009,0.7991,7992,2008,0.7992,1
configs/exp4/lru_lirs_arc_lirs.cfg,experiments/data/hot8_scan_c48_seed47.in,LRU LIRS ARC LIRS,4,12 12 12 12,48,10000,7991,2009,0.7991,7992,2008,0.7992,1
configs/exp4/lru_lirs_arc_lru.cfg,experiments/data/hot8_scan_c48_seed47.in,LRU LIRS ARC LRU,4,12 12 12 12,48,10000,7991,2009,0.7991,7992,2008,0.7992,1
configs/exp4/lru_lirs_lfu.cfg,experiments/data/hot8_scan_c48_seed47.in,LRU LIRS LFU,3,16 16 16,48,10000,7992,2008,0.7992,7992,2008,0.7992,0
configs/exp4/lru_lirs_lfu_2q.cfg,experiments/data/hot8_scan_c48_seed47.in,LRU LIRS LFU 2Q,4,12 12 12 12,48,10000,7991,2009,0.7991,7992,2008,0.7992,1
configs/exp4/lru_lirs_lfu_arc.cfg,experiments/data/hot8_scan_c48_seed47.in,LRU LIRS LFU ARC,4,12 12 12 12,48,10000,7991,2009,0.7991,7992,2008,0.7992,1
configs/exp4/lru_lirs_lfu_lfu.cfg,experiments/data/hot8_scan_c48_seed47.in,LRU LIRS LFU LFU,4,12 12 12 12,48,10000,7991,2009,0.7991,7992,2008,0.7992,1
configs/exp4/lru_lirs_lfu_lirs.cfg,experiments/data/hot8_scan_c48_seed47.in,LRU LIRS LFU LIRS,4,12 12 12 12,48,10000,7991,2009,0.7991,7992,2008,0.7992,1
configs/exp4/lru_lirs_lfu_lru.cfg,experiments/data/hot8_scan_c48_seed47.in,LRU LIRS LFU LRU,4,12 12 12 12,48,10000,7991,2009,0.7991,7992,2008,0.7992,1
configs/exp4/lru_lirs_lirs.cfg,experiments/data/hot8_scan_c48_seed47.in,LRU LIRS LIRS,3,16 16 16,48,10000,7992,2008,0.7992,7992,2008,0.7992,0
configs/exp4/lru_lirs_lirs_2q.cfg,experiments/data/hot8_scan_c48_seed47.in,LRU LIRS LIRS 2Q,4,12 12 12 12,48,10000,7991,2009,0.7991,7992,2008,0.7992,1
configs/exp4/lru_lirs_lirs_arc.cfg,experiments/data/hot8_scan_c48_seed47.in,LRU LIRS LIRS ARC,4,12 12 12 12,48,10000,7991,2009,0.7991,7992,2008,0.7992,1
configs/exp4/lru_lirs_lirs_lfu.cfg,experiments/data/hot8_scan_c48_seed47.in,LRU LIRS LIRS LFU,4,12 12 12 12,48,10000,7991,2009,0.7991,7992,2008,0.7992,1
configs/exp4/lru_lirs_lirs_lirs.cfg,experiments/data/hot8_scan_c48_seed47.in,LRU LIRS LIRS LIRS,4,12 12 12 12,48,10000,7991,2009,0.7991,7992,2008,0.7992,1
configs/exp4/lru_lirs_lirs_lru.cfg,experiments/data/hot8_scan_c48_seed47.in,LRU LIRS LIRS LRU,4,12 12 12 12,48,10000,7991,2009,0.7991,7992,2008,0.7992,1
configs/exp4/lru_lirs_lru.cfg,experiments/data/hot8_scan_c48_seed47.in,LRU LIRS LRU,3,16 16 16,48,10000,7992,2008,0.7992,7992,2008,0.7992,0
configs/exp4/lru_lirs_lru_2q.cfg,experiments/data/hot8_scan_c48_seed47.in,LRU LIRS LRU 2Q,4,12 12 12 12,48,10000,7991,2009,0.7991,7992,2008,0.7992,1
configs/exp4/lru_lirs_lru_arc.cfg,experiments/data/hot8_scan_c48_seed47.in,LRU LIRS LRU ARC,4,12 12 12 12,48,10000,7991,2009,0.7991,7992,2008,0.7992,1
configs/exp4/lru_lirs_lru_lfu.cfg,experiments/data/hot8_scan_c48_seed47.in,LRU LIRS LRU LFU,4,12 12 12 12,48,10000,7991,2009,0.7991,7992,2008,0.7992,1
configs/exp4/lru_lirs_lru_lirs.cfg,experiments/data/hot8_scan_c48_seed47.in,LRU LIRS LRU LIRS,4,12 12 12 12,48,10000,7991,2009,0.7991,7992,2008,0.7992,1
configs/exp4/lru_lirs_lru_lru.cfg,experiments/data/hot8_scan_c48_seed47.in,LRU LIRS LRU LRU,4,12 12 12 12,48,10000,7991,2009,0.7991,7992,2008,0.7992,1
configs/exp4/lru_lru_2q.cfg,experiments/data/hot8_scan_c48_seed47.in,LRU LRU 2Q,3,16 16 16,48,10000,7916,2084,0.7916,7992,2008,0.7992,76
configs/exp4/lru_lru_2q_2q.cfg,experiments/data/hot8_scan_c48_seed47.in,LRU LRU 2Q 2Q,4,12 12 12 12,48,10000,7926,2074,0.7926,7992,2008,0.7992,66
configs/exp4/lru_lru_2q_arc.cfg,experiments/data/hot8_scan_c48_seed47.in,LRU LRU 2Q ARC,4,12 12 12 12,48,10000,7931,2069,0.7931,7992,2008,0.7992,61
configs/exp4/lru_lru_2q_lfu.cfg,experiments/data/hot8_scan_c48_seed47.in,LRU LRU 2Q LFU,4,12 12 12 12,48,10000,7928,2072,0.7928,7992,2008,0.7992,64
configs/exp4/lru_lru_2q_lirs.cfg,experiments/data/hot8_scan_c48_seed47.in,LRU LRU 2Q LIRS,4,12 12 12 12,48,10000,7991,2009,0.7991,7992,2008,0.7992,1
configs/exp4/lru_lru_2q_lru.cfg,experiments/data/hot8_scan_c48_seed47.in,LRU LRU 2Q LRU,4,12 12 12 12,48,10000,7933,2067,0.7933,7992,2008,0.7992,59
configs/exp4/lru_lru_arc.cfg,experiments/data/hot8_scan_c48_seed47.in,LRU LRU ARC,3,16 16 16,48,10000,7916,2084,0.7916,7992,2008,0.7992,76
configs/exp4/lru_lru_arc_2q.cfg,experiments/data/hot8_scan_c48_seed47.in,LRU LRU ARC 2Q,4,12 12 12 12,48,10000,7930,2070,0.793,7992,2008,0.7992,62
configs/exp4/lru_lru_arc_arc.cfg,experiments/data/hot8_scan_c48_seed47.in,LRU LRU ARC ARC,4,12 12 12 12,48,10000,7866,2134,0.7866,7992,2008,0.7992,126
configs/exp4/lru_lru_arc_lfu.cfg,experiments/data/hot8_scan_c48_seed47.in,LRU LRU ARC LFU,4,12 12 12 12,48,10000,7866,2134,0.7866,7992,2008,0.7992,126
configs/exp4/lru_lru_arc_lirs.cfg,experiments/data/hot8_scan_c48_seed47.in,LRU LRU ARC LIRS,4,12 12 12 12,48,10000,7991,2009,0.7991,7992,2008,0.7992,1
configs/exp4/lru_lru_arc_lru.cfg,experiments/data/hot8_scan_c48_seed47.in,LRU LRU ARC LRU,4,12 12 12 12,48,10000,7870,2130,0.787,7992,2008,0.7992,122
configs/exp4/lru_lru_lfu.cfg,experiments/data/hot8_scan_c48_seed47.in,LRU LRU LFU,3,16 16 16,48,10000,7916,2084,0.7916,7992,2008,0.7992,76
configs/exp4/lru_lru_lfu_2q.cfg,experiments/data/hot8_scan_c48_seed47.in,LRU LRU LFU 2Q,4,12 12 12 12,48,10000,7926,2074,0.7926,7992,2008,0.7992,66
configs/exp4/lru_lru_lfu_arc.cfg,experiments/data/hot8_scan_c48_seed47.in,LRU LRU LFU ARC,4,12 12 12 12,48,10000,7865,2135,0.7865,7992,2008,0.7992,127
configs/exp4/lru_lru_lfu_lfu.cfg,experiments/data/hot8_scan_c48_seed47.in,LRU LRU LFU LFU,4,12 12 12 12,48,10000,7634,2366,0.7634,7992,2008,0.7992,358
configs/exp4/lru_lru_lfu_lirs.cfg,experiments/data/hot8_scan_c48_seed47.in,LRU LRU LFU LIRS,4,12 12 12 12,48,10000,7991,2009,0.7991,7992,2008,0.7992,1
configs/exp4/lru_lru_lfu_lru.cfg,experiments/data/hot8_scan_c48_seed47.in,LRU LRU LFU LRU,4,12 12 12 12,48,10000,7568,2432,0.7568,7992,2008,0.7992,424
configs/exp4/lru_lru_lirs.cfg,experiments/data/hot8_scan_c48_seed47.in,LRU LRU LIRS,3,16 16 16,48,10000,7992,2008,0.7992,7992,2008,0.7992,0
configs/exp4/lru_lru_lirs_2q.cfg,experiments/data/hot8_scan_c48_seed47.in,LRU LRU LIRS 2Q,4,12 12 12 12,48,10000,7991,2009,0.7991,7992,2008,0.7992,1
configs/exp4/lru_lru_lirs_arc.cfg,experiments/data/hot8_scan_c48_seed47.in,LRU LRU LIRS ARC,4,12 12 12 12,48,10000,7991,2009,0.7991,7992,2008,0.7992,1
configs/exp4/lru_lru_lirs_lfu.cfg,experiments/data/hot8_scan_c48_seed47.in,LRU LRU LIRS LFU,4,12 12 12 12,48,10000,7991,2009,0.7991,7992,2008,0.7992,1
configs/exp4/lru_lru_lirs_lirs.cfg,experiments/data/hot8_scan_c48_seed47.in,LRU LRU LIRS LIRS,4,12 12 12 12,48,10000,7991,2009,0.7991,7992,2008,0.7992,1
configs/exp4/lru_lru_lirs_lru.cfg,experiments/data/hot8_scan_c48_seed47.in,LRU LRU LIRS LRU,4,12 12 12 12,48,10000,7991,2009,0.7991,7992,2008,0.7992,1
configs/exp4/lru_lru_lru_2q.cfg,experiments/data/hot8_scan_c48_seed47.in,LRU LRU LRU 2Q,4,12 12 12 12,48,10000,7914,2086,0.7914,7992,2008,0.7992,78
configs/exp4/lru_lru_lru_arc.cfg,experiments/data/hot8_scan_c48_seed47.in,LRU LRU LRU ARC,4,12 12 12 12,48,10000,7458,2542,0.7458,7992,2008,0.7992,534
configs/exp4/lru_lru_lru_lfu.cfg,experiments/data/hot8_scan_c48_seed47.in,LRU LRU LRU LFU,4,12 12 12 12,48,10000,7458,2542,0.7458,7992,2008,0.7992,534
configs/exp4/lru_lru_lru_lirs.cfg,experiments/data/hot8_scan_c48_seed47.in,LRU LRU LRU LIRS,4,12 12 12 12,48,10000,7991,2009,0.7991,7992,2008,0.7992,1
configs/exp4/2q_2q_2q_arc.cfg,experiments/data/hot8_scan_c96_seed47.in,2Q 2Q 2Q ARC,4,24 24 24 24,96,10000,7992,2008,0.7992,7992,2008,0.7992,0
configs/exp4/2q_2q_2q_lfu.cfg,experiments/data/hot8_scan_c96_seed47.in,2Q 2Q 2Q LFU,4,24 24 24 24,96,10000,7992,2008,0.7992,7992,2008,0.7992,0
configs/exp4/2q_2q_2q_lirs.cfg,experiments/data/hot8_scan_c96_seed47.in,2Q 2Q 2Q LIRS,4,24 24 24 24,96,10000,7992,2008,0.7992,7992,2008,0.7992,0
configs/exp4/2q_2q_2q_lru.cfg,experiments/data/hot8_scan_c96_seed47.in,2Q 2Q 2Q LRU,4,24 24 24 24,96,10000,7992,2008,0.7992,7992,2008,0.7992,0
configs/exp4/2q_2q_arc.cfg,experiments/data/hot8_scan_c96_seed47.in,2Q 2Q ARC,3,32 32 32,96,10000,7992,2008,0.7992,7992,2008,0.7992,0
configs/exp4/2q_2q_arc_2q.cfg,experiments/data/hot8_scan_c96_seed47.in,2Q 2Q ARC 2Q,4,24 24 24 24,96,10000,7992,2008,0.7992,7992,2008,0.7992,0
configs/exp4/2q_2q_arc_arc.cfg,experiments/data/hot8_scan_c96_seed47.in,2Q 2Q ARC ARC,4,24 24 24 24,96,10000,7992,2008,0.7992,7992,2008,0.7992,0
configs/exp4/2q_2q_arc_lfu.cfg,experiments/data/hot8_scan_c96_seed47.in,2Q 2Q ARC LFU,4,24 24 24 24,96,10000,7992,2008,0.7992,7992,2008,0.7992,0
configs/exp4/2q_2q_arc_lirs.cfg,experiments/data/hot8_scan_c96_seed47.in,2Q 2Q ARC LIRS,4,24 24 24 24,96,10000,7992,2008,0.7992,7992,2008,0.7992,0
configs/exp4/2q_2q_arc_lru.cfg,experiments/data/hot8_scan_c96_seed47.in,2Q 2Q ARC LRU,4,24 24 24 24,96,10000,7992,2008,0.7992,7992,2008,0.7992,0
configs/exp4/2q_2q_lfu.cfg,experiments/data/hot8_scan_c96_seed47.in,2Q 2Q LFU,3,32 32 32,96,10000,7992,2008,0.7992,7992,2008,0.7992,0
configs/exp4/2q_2q_lfu_2q.cfg,experiments/data/hot8_scan_c96_seed47.in,2Q 2Q LFU 2Q,4,24 24 24 24,96,10000,7992,2008,0.7992,7992,2008,0.7992,0
configs/exp4/2q_2q_lfu_arc.cfg,experiments/data/hot8_scan_c96_seed47.in,2Q 2Q LFU ARC,4,24 24 24 24,96,10000,7992,2008,0.7992,7992,2008,0.7992,0
configs/exp4/2q_2q_lfu_lfu.cfg,experiments/data/hot8_scan_c96_seed47.in,2Q 2Q LFU LFU,4,24 24 24 24,96,10000,7992,2008,0.7992,7992,2008,0.7992,0
configs/exp4/2q_2q_lfu_lirs.cfg,experiments/data/hot8_scan_c96_seed47.in,2Q 2Q LFU LIRS,4,24 24 24 24,96,10000,7992,2008,0.7992,7992,2008,0.7992,0
configs/exp4/2q_2q_lfu_lru.cfg,experiments/data/hot8_scan_c96_seed47.in,2Q 2Q LFU LRU,4,24 24 24 24,96,10000,7992,2008,0.7992,7992,2008,0.7992,0
configs/exp4/2q_2q_lirs.cfg,experiments/data/hot8_scan_c96_seed47.in,2Q 2Q LIRS,3,32 32 32,96,10000,7992,2008,0.7992,7992,2008,0.7992,0
configs/exp4/2q_2q_lirs_2q.cfg,experiments/data/hot8_scan_c96_seed47.in,2Q 2Q LIRS 2Q,4,24 24 24 24,96,10000,7992,2008,0.7992,7992,2008,0.7992,0
configs/exp4/2q_2q_lirs_arc.cfg,experiments/data/hot8_scan_c96_seed47.in,2Q 2Q LIRS ARC,4,24 24 24 24,96,10000,7992,2008,0.7992,7992,2008,0.7992,0
configs/exp4/2q_2q_lirs_lfu.cfg,experiments/data/hot8_scan_c96_seed47.in,2Q 2Q LIRS LFU,4,24 24 24 24,96,10000,7992,2008,0.7992,7992,2008,0.7992,0
configs/exp4/2q_2q_lirs_lirs.cfg,experiments/data/hot8_scan_c96_seed47.in,2Q 2Q LIRS LIRS,4,24 24 24 24,96,10000,7992,2008,0.7992,7992,2008,0.7992,0
configs/exp4/2q_2q_lirs_lru.cfg,experiments/data/hot8_scan_c96_seed47.in,2Q 2Q LIRS LRU,4,24 24 24 24,96,10000,7992,2008,0.7992,7992,2008,0.7992,0
configs/exp4/2q_2q_lru.cfg,experiments/data/hot8_scan_c96_seed47.in,2Q 2Q LRU,3,32 32 32,96,10000,7992,2008,0.7992,7992,2008,0.7992,0
configs/exp4/2q_2q_lru_2q.cfg,experiments/data/hot8_scan_c96_seed47.in,2Q 2Q LRU 2Q,4,24 24 24 24,96,10000,7992,2008,0.7992,7992,2008,0.7992,0
configs/exp4/2q_2q_lru_arc.cfg,experiments/data/hot8_scan_c96_seed47.in,2Q 2Q LRU ARC,4,24 24 24 24,96,10000,7992,2008,0.7992,7992,2008,0.7992,0
configs/exp4/2q_2q_lru_lfu.cfg,experiments/data/hot8_scan_c96_seed47.in,2Q 2Q LRU LFU,4,24 24 24 24,96,10000,7992,2008,0.7992,7992,2008,0.7992,0
configs/exp4/2q_2q_lru_lirs.cfg,experiments/data/hot8_scan_c96_seed47.in,2Q 2Q LRU LIRS,4,24 24 24 24,96,10000,7992,2008,0.7992,7992,2008,0.7992,0
configs/exp4/2q_2q_lru_lru.cfg,experiments/data/hot8_scan_c96_seed47.in,2Q 2Q LRU LRU,4,24 24 24 24,96,10000,7992,2008,0.7992,7992,2008,0.7992,0
configs/exp4/2q_arc.cfg,experiments/data/hot8_scan_c96_seed47.in,2Q ARC,2,48 48,96,10000,7992,2008,0.7992,7992,2008,0.7992,0
configs/exp4/2q_arc_2q.cfg,experiments/data/hot8_scan_c96_seed47.in,2Q ARC 2Q,3,32 32 32,96,10000,7992,2008,0.7992,7992,2008,0.7992,0
configs/exp4/2q_arc_2q_2q.cfg,experiments/data/hot8_scan_c96_seed47.in,2Q ARC 2Q 2Q,4,24 24 24 24,96,10000,7992,2008,0.7992,7992,2008,0.7992,0
configs/exp4/2q_arc_2q_arc.cfg,experiments/data/hot8_scan_c96_seed47.in,2Q ARC 2Q ARC,4,24 24 24 24,96,10000,7992,2008,0.7992,7992,2008,0.7992,0
configs/exp4/2q_arc_2q_lfu.cfg,experiments/data/hot8_scan_c96_seed47.in,2Q ARC 2Q LFU,4,24 24 24 24,96,10000,7992,2008,0.7992,7992,2008,0.7992,0
configs/exp4/2q_arc_2q_lirs.cfg,experiments/data/hot8_scan_c96_seed47.in,2Q ARC 2Q LIRS,4,24 24 24 24,96,10000,7992,2008,0.7992,7992,2008,0.7992,0
configs/exp4/2q_arc_2q_lru.cfg,experiments/data/hot8_scan_c96_seed47.in,2Q ARC 2Q LRU,4,24 24 24 24,96,10000,7992,2008,0.7992,7992,2008,0.7992,0
configs/exp4/2q_arc_arc.cfg,experiments/data/hot8_scan_c96_seed47.in,2Q ARC ARC,3,32 32 32,96,10000,7992,2008,0.7992,7992,2008,0.7992,0
configs/exp4/2q_arc_arc_2q.cfg,experiments/data/hot8_scan_c96_seed47.in,2Q ARC ARC 2Q,4,24 24 24 24,96,10000,7992,2008,0.7992,7992,2008,0.7992,0
configs/exp4/2q_arc_arc_arc.cfg,experiments/data/hot8_scan_c96_seed47.in,2Q ARC ARC ARC,4,24 24 24 24,96,10000,7992,2008,0.7992,7992,2008,0.7992,0
configs/exp4/2q_arc_arc_lfu.cfg,experiments/data/hot8_scan_c96_seed47.in,2Q ARC ARC LFU,4,24 24 24 24,96,10000,7992,2008,0.7992,7992,2008,0.7992,0
configs/exp4/2q_arc_arc_lirs.cfg,experiments/data/hot8_scan_c96_seed47.in,2Q ARC ARC LIRS,4,24 24 24 24,96,10000,7992,2008,0.7992,7992,2008,0.7992,0
configs/exp4/2q_arc_arc_lru.cfg,experiments/data/hot8_scan_c96_seed47.in,2Q ARC ARC LRU,4,24 24 24 24,96,10000,7992,2008,0.7992,7992,2008,0.7992,0
configs/exp4/2q_arc_lfu.cfg,experiments/data/hot8_scan_c96_seed47.in,2Q ARC LFU,3,32 32 32,96,10000,7992,2008,0.7992,7992,2008,0.7992,0
configs/exp4/2q_arc_lfu_2q.cfg,experiments/data/hot8_scan_c96_seed47.in,2Q ARC LFU 2Q,4,24 24 24 24,96,10000,7992,2008,0.7992,7992,2008,0.7992,0
configs/exp4/2q_arc_lfu_arc.cfg,experiments/data/hot8_scan_c96_seed47.in,2Q ARC LFU ARC,4,24 24 24 24,96,10000,7992,2008,0.7992,7992,2008,0.7992,0
configs/exp4/2q_arc_lfu_lfu.cfg,experiments/data/hot8_scan_c96_seed47.in,2Q ARC LFU LFU,4,24 24 24 24,96,10000,7992,2008,0.7992,7992,2008,0.7992,0
configs/exp4/2q_arc_lfu_lirs.cfg,experiments/data/hot8_scan_c96_seed47.in,2Q ARC LFU LIRS,4,24 24 24 24,96,10000,7992,2008,0.7992,7992,2008,0.7992,0
configs/exp4/2q_arc_lfu_lru.cfg,experiments/data/hot8_scan_c96_seed47.in,2Q ARC LFU LRU,4,24 24 24 24,96,10000,7992,2008,0.7992,7992,2008,0.7992,0
configs/exp4/2q_arc_lirs.cfg,experiments/data/hot8_scan_c96_seed47.in,2Q ARC LIRS,3,32 32 32,96,10000,7992,2008,0.7992,7992,2008,0.7992,0
configs/exp4/2q_arc_lirs_2q.cfg,experiments/data/hot8_scan_c96_seed47.in,2Q ARC LIRS 2Q,4,24 24 24 24,96,10000,7992,2008,0.7992,7992,2008,0.7992,0
configs/exp4/2q_arc_lirs_arc.cfg,experiments/data/hot8_scan_c96_seed47.in,2Q ARC LIRS ARC,4,24 24 24 24,96,10000,7992,2008,0.7992,7992,2008,0.7992,0
configs/exp4/2q_arc_lirs_lfu.cfg,experiments/data/hot8_scan_c96_seed47.in,2Q ARC LIRS LFU,4,24 24 24 24,96,10000,7992,2008,0.7992,7992,2008,0.7992,0
configs/exp4/2q_arc_lirs_lirs.cfg,experiments/data/hot8_scan_c96_seed47.in,2Q ARC LIRS LIRS,4,24 24 24 24,96,10000,7992,2008,0.7992,7992,2008,0.7992,0
configs/exp4/2q_arc_lirs_lru.cfg,experiments/data/hot8_scan_c96_seed47.in,2Q ARC LIRS LRU,4,24 24 24 24,96,10000,7992,2008,0.7992,7992,2008,0.7992,0
configs/exp4/2q_arc_lru.cfg,experiments/data/hot8_scan_c96_seed47.in,2Q ARC LRU,3,32 32 32,96,10000,7992,2008,0.7992,7992,2008,0.7992,0
configs/exp4/2q_arc_lru_2q.cfg,experiments/data/hot8_scan_c96_seed47.in,2Q ARC LRU 2Q,4,24 24 24 24,96,10000,7992,2008,0.7992,7992,2008,0.7992,0
configs/exp4/2q_arc_lru_arc.cfg,experiments/data/hot8_scan_c96_seed47.in,2Q ARC LRU ARC,4,24 24 24 24,96,10000,7992,2008,0.7992,7992,2008,0.7992,0
configs/exp4/2q_arc_lru_lfu.cfg,experiments/data/hot8_scan_c96_seed47.in,2Q ARC LRU LFU,4,24 24 24 24,96,10000,7992,2008,0.7992,7992,2008,0.7992,0
configs/exp4/2q_arc_lru_lirs.cfg,experiments/data/hot8_scan_c96_seed47.in,2Q ARC LRU LIRS,4,24 24 24 24,96,10000,7992,2008,0.7992,7992,2008,0.7992,0
configs/exp4/2q_arc_lru_lru.cfg,experiments/data/hot8_scan_c96_seed47.in,2Q ARC LRU LRU,4,24 24 24 24,96,10000,7992,2008,0.7992,7992,2008,0.7992,0
configs/exp4/2q_lfu.cfg,experiments/data/hot8_scan_c96_seed47.in,2Q LFU,2,48 48,96,10000,7992,2008,0.7992,7992,2008,0.7992,0
configs/exp4/2q_lfu_2q.cfg,experiments/data/hot8_scan_c96_seed47.in,2Q LFU 2Q,3,32 32 32,96,10000,7992,2008,0.7992,7992,2008,0.7992,0
configs/exp4/2q_lfu_2q_2q.cfg,experiments/data/hot8_scan_c96_seed47.in,2Q LFU 2Q 2Q,4,24 24 24 24,96,10000,7992,2008,0.7992,7992,2008,0.7992,0
configs/exp4/2q_lfu_2q_arc.cfg,experiments/data/hot8_scan_c96_seed47.in,2Q LFU 2Q ARC,4,24 24 24 24,96,10000,7992,2008,0.7992,7992,2008,0.7992,0
configs/exp4/2q_lfu_2q_lfu.cfg,experiments/data/hot8_scan_c96_seed47.in,2Q LFU 2Q LFU,4,24 24 24 24,96,10000,7992,2008,0.7992,7992,2008,0.7992,0
configs/exp4/2q_lfu_2q_lirs.cfg,experiments/data/hot8_scan_c96_seed47.in,2Q LFU 2Q LIRS,4,24 24 24 24,96,10000,7992,2008,0.7992,7992,2008,0.7992,0
configs/exp4/2q_lfu_2q_lru.cfg,experiments/data/hot8_scan_c96_seed47.in,2Q LFU 2Q LRU,4,24 24 24 24,96,10000,7992,2008,0.7992,7992,2008,0.7992,0
configs/exp4/2q_lfu_arc.cfg,experiments/data/hot8_scan_c96_seed47.in,2Q LFU ARC,3,32 32 32,96,10000,7992,2008,0.7992,7992,2008,0.7992,0
configs/exp4/2q_lfu_arc_2q.cfg,experiments/data/hot8_scan_c96_seed47.in,2Q LFU ARC 2Q,4,24 24 24 24,96,10000,7992,2008,0.7992,7992,2008,0.7992,0
configs/exp4/2q_lfu_arc_arc.cfg,experiments/data/hot8_scan_c96_seed47.in,2Q LFU ARC ARC,4,24 24 24 24,96,10000,7992,2008,0.7992,7992,2008,0.7992,0
configs/exp4/2q_lfu_arc_lfu.cfg,experiments/data/hot8_scan_c96_seed47.in,2Q LFU ARC LFU,4,24 24 24 24,96,10000,7992,2008,0.7992,7992,2008,0.7992,0
configs/exp4/2q_lfu_arc_lirs.cfg,experiments/data/hot8_scan_c96_seed47.in,2Q LFU ARC LIRS,4,24 24 24 24,96,10000,7992,2008,0.7992,7992,2008,0.7992,0
configs/exp4/2q_lfu_arc_lru.cfg,experiments/data/hot8_scan_c96_seed47.in,2Q LFU ARC LRU,4,24 24 24 24,96,10000,7992,2008,0.7992,7992,2008,0.7992,0
configs/exp4/2q_lfu_lfu.cfg,experiments/data/hot8_scan_c96_seed47.in,2Q LFU LFU,3,32 32 32,96,10000,7992,2008,0.7992,7992,2008,0.7992,0
configs/exp4/2q_lfu_lfu_2q.cfg,experiments/data/hot8_scan_c96_seed47.in,2Q LFU LFU 2Q,4,24 24 24 24,96,10000,7992,2008,0.7992,7992,2008,0.7992,0
configs/exp4/2q_lfu_lfu_arc.cfg,experiments/data/hot8_scan_c96_seed47.in,2Q LFU LFU ARC,4,24 24 24 24,96,10000,7992,2008,0.7992,7992,2008,0.7992,0
configs/exp4/2q_lfu_lfu_lfu.cfg,experiments/data/hot8_scan_c96_seed47.in,2Q LFU LFU LFU,4,24 24 24 24,96,10000,7992,2008,0.7992,7992,2008,0.7992,0
configs/exp4/2q_lfu_lfu_lirs.cfg,experiments/data/hot8_scan_c96_seed47.in,2Q LFU LFU LIRS,4,24 24 24 24,96,10000,7992,2008,0.7992,7992,2008,0.7992,0
configs/exp4/2q_lfu_lfu_lru.cfg,experiments/data/hot8_scan_c96_seed47.in,2Q LFU LFU LRU,4,24 24 24 24,96,10000,7992,2008,0.7992,7992,2008,0.7992,0
configs/exp4/2q_lfu_lirs.cfg,experiments/data/hot8_scan_c96_seed47.in,2Q LFU LIRS,3,32 32 32,96,10000,7992,2008,0.7992,7992,2008,0.7992,0
configs/exp4/2q_lfu_lirs_2q.cfg,experiments/data/hot8_scan_c96_seed47.in,2Q LFU LIRS 2Q,4,24 24 24 24,96,10000,7992,2008,0.7992,7992,2008,0.7992,0
configs/exp4/2q_lfu_lirs_arc.cfg,experiments/data/hot8_scan_c96_seed47.in,2Q LFU LIRS ARC,4,24 24 24 24,96,10000,7992,2008,0.7992,7992,2008,0.7992,0
configs/exp4/2q_lfu_lirs_lfu.cfg,experiments/data/hot8_scan_c96_seed47.in,2Q LFU LIRS LFU,4,24 24 24 24,96,10000,7992,2008,0.7992,7992,2008,0.7992,0
configs/exp4/2q_lfu_lirs_lirs.cfg,experiments/data/hot8_scan_c96_seed47.in,2Q LFU LIRS LIRS,4,24 24 24 24,96,10000,7992,2008,0.7992,7992,2008,0.7992,0
configs/exp4/2q_lfu_lirs_lru.cfg,experiments/data/hot8_scan_c96_seed47.in,2Q LFU LIRS LRU,4,24 24 24 24,96,10000,7992,2008,0.7992,7992,2008,0.7992,0
configs/exp4/2q_lfu_lru.cfg,experiments/data/hot8_scan_c96_seed47.in,2Q LFU LRU,3,32 32 32,96,10000,7992,2008,0.7992,7992,2008,0.7992,0
configs/exp4/2q_lfu_lru_2q.cfg,experiments/data/hot8_scan_c96_seed47.in,2Q LFU LRU 2Q,4,24 24 24 24,96,10000,7992,2008,0.7992,7992,2008,0.7992,0
configs/exp4/2q_lfu_lru_arc.cfg,experiments/data/hot8_scan_c96_seed47.in,2Q LFU LRU ARC,4,24 24 24 24,96,10000,7992,2008,0.7992,7992,2008,0.7992,0
configs/exp4/2q_lfu_lru_lfu.cfg,experiments/data/hot8_scan_c96_seed47.in,2Q LFU LRU LFU,4,24 24 24 24,96,10000,7992,2008,0.7992,7992,2008,0.7992,0
configs/exp4/2q_lfu_lru_lirs.cfg,experiments/data/hot8_scan_c96_seed47.in,2Q LFU LRU LIRS,4,24 24 24 24,96,10000,7992,2008,0.7992,7992,2008,0.7992,0
configs/exp4/2q_lfu_lru_lru.cfg,experiments/data/hot8_scan_c96_seed47.in,2Q LFU LRU LRU,4,24 24 24 24,96,10000,7992,2008,0.7992,7992,2008,0.7992,0
configs/exp4/2q_lirs.cfg,experiments/data/hot8_scan_c96_seed47.in,2Q LIRS,2,48 48,96,10000,7992,2008,0.7992,7992,2008,0.7992,0
configs/exp4/2q_lirs_2q.cfg,experiments/data/hot8_scan_c96_seed47.in,2Q LIRS 2Q,3,32 32 32,96,10000,7992,2008,0.7992,7992,2008,0.7992,0
configs/exp4/2q_lirs_2q_2q.cfg,experiments/data/hot8_scan_c96_seed47.in,2Q LIRS 2Q 2Q,4,24 24 24 24,96,10000,7992,2008,0.7992,7992,2008,0.7992,0
configs/exp4/2q_lirs_2q_arc.cfg,experiments/data/hot8_scan_c96_seed47.in,2Q LIRS 2Q ARC,4,24 24 24 24,96,10000,7992,2008,0.7992,7992,2008,0.7992,0
configs/exp4/2q_lirs_2q_lfu.cfg,experiments/data/hot8_scan_c96_seed47.in,2Q LIRS 2Q LFU,4,24 24 24 24,96,10000,7992,2008,0.7992,7992,2008,0.7992,0
configs/exp4/2q_lirs_2q_lirs.cfg,experiments/data/hot8_scan_c96_seed47.in,2Q LIRS 2Q LIRS,4,24 24 24 24,96,10000,7992,2008,0.7992,7992,2008,0.7992,0
configs/exp4/2q_lirs_2q_lru.cfg,experiments/data/hot8_scan_c96_seed47.in,2Q LIRS 2Q LRU,4,24 24 24 24,96,10000,7992,2008,0.7992,7992,2008,0.7992,0
configs/exp4/2q_lirs_arc.cfg,experiments/data/hot8_scan_c96_seed47.in,2Q LIRS ARC,3,32 32 32,96,10000,7992,2008,0.7992,7992,2008,0.7992,0
configs/exp4/2q_lirs_arc_2q.cfg,experiments/data/hot8_scan_c96_seed47.in,2Q LIRS ARC 2Q,4,24 24 24 24,96,10000,7992,2008,0.7992,7992,2008,0.7992,0
configs/exp4/2q_lirs_arc_arc.cfg,experiments/data/hot8_scan_c96_seed47.in,2Q LIRS ARC ARC,4,24 24 24 24,96,10000,7992,2008,0.7992,7992,2008,0.7992,0
configs/exp4/2q_lirs_arc_lfu.cfg,experiments/data/hot8_scan_c96_seed47.in,2Q LIRS ARC LFU,4,24 24 24 24,96,10000,7992,2008,0.7992,7992,2008,0.7992,0
configs/exp4/2q_lirs_arc_lirs.cfg,experiments/data/hot8_scan_c96_seed47.in,2Q LIRS ARC LIRS,4,24 24 24 24,96,10000,7992,2008,0.7992,7992,2008,0.7992,0
configs/exp4/2q_lirs_arc_lru.cfg,experiments/data/hot8_scan_c96_seed47.in,2Q LIRS ARC LRU,4,24 24 24 24,96,10000,7992,2008,0.7992,7992,2008,0.7992,0
configs/exp4/2q_lirs_lfu.cfg,experiments/data/hot8_scan_c96_seed47.in,2Q LIRS LFU,3,32 32 32,96,10000,7992,2008,0.7992,7992,2008,0.7992,0
configs/exp4/2q_lirs_lfu_2q.cfg,experiments/data/hot8_scan_c96_seed47.in,2Q LIRS LFU 2Q,4,24 24 24 24,96,10000,7992,2008,0.7992,7992,2008,0.7992,0
configs/exp4/2q_lirs_lfu_arc.cfg,experiments/data/hot8_scan_c96_seed47.in,2Q LIRS LFU ARC,4,24 24 24 24,96,10000,7992,2008,0.7992,7992,2008,0.7992,0
configs/exp4/2q_lirs_lfu_lfu.cfg,experiments/data/hot8_scan_c96_seed47.in,2Q LIRS LFU LFU,4,24 24 24 24,96,10000,7992,2008,0.7992,7992,2008,0.7992,0
configs/exp4/2q_lirs_lfu_lirs.cfg,experiments/data/hot8_scan_c96_seed47.in,2Q LIRS LFU LIRS,4,24 24 24 24,96,10000,7992,2008,0.7992,7992,2008,0.7992,0
configs/exp4/2q_lirs_lfu_lru.cfg,experiments/data/hot8_scan_c96_seed47.in,2Q LIRS LFU LRU,4,24 24 24 24,96,10000,7992,2008,0.7992,7992,2008,0.7992,0
configs/exp4/2q_lirs_lirs.cfg,experiments/data/hot8_scan_c96_seed47.in,2Q LIRS LIRS,3,32 32 32,96,10000,7992,2008,0.7992,7992,2008,0.7992,0
configs/exp4/2q_lirs_lirs_2q.cfg,experiments/data/hot8_scan_c96_seed47.in,2Q LIRS LIRS 2Q,4,24 24 24 24,96,10000,7992,2008,0.7992,7992,2008,0.7992,0
configs/exp4/2q_lirs_lirs_arc.cfg,experiments/data/hot8_scan_c96_seed47.in,2Q LIRS LIRS ARC,4,24 24 24 24,96,10000,7992,2008,0.7992,7992,2008,0.7992,0
configs/exp4/2q_lirs_lirs_lfu.cfg,experiments/data/hot8_scan_c96_seed47.in,2Q LIRS LIRS LFU,4,24 24 24 24,96,10000,7992,2008,0.7992,7992,2008,0.7992,0
configs/exp4/2q_lirs_lirs_lirs.cfg,experiments/data/hot8_scan_c96_seed47.in,2Q LIRS LIRS LIRS,4,24 24 24 24,96,10000,7992,2008,0.7992,7992,2008,0.7992,0
configs/exp4/2q_lirs_lirs_lru.cfg,experiments/data/hot8_scan_c96_seed47.in,2Q LIRS LIRS LRU,4,24 24 24 24,96,10000,7992,2008,0.7992,7992,2008,0.7992,0
configs/exp4/2q_lirs_lru.cfg,experiments/data/hot8_scan_c96_seed47.in,2Q LIRS LRU,3,32 32 32,96,10000,7992,2008,0.7992,7992,2008,0.7992,0
configs/exp4/2q_lirs_lru_2q.cfg,experiments/data/hot8_scan_c96_seed47.in,2Q LIRS LRU 2Q,4,24 24 24 24,96,10000,7992,2008,0.7992,7992,2008,0.7992,0
configs/exp4/2q_lirs_lru_arc.cfg,experiments/data/hot8_scan_c96_seed47.in,2Q LIRS LRU ARC,4,24 24 24 24,96,10000,7992,2008,0.7992,7992,2008,0.7992,0
configs/exp4/2q_lirs_lru_lfu.cfg,experiments/data/hot8_scan_c96_seed47.in,2Q LIRS LRU LFU,4,24 24 24 24,96,10000,7992,2008,0.7992,7992,2008,0.7992,0
configs/exp4/2q_lirs_lru_lirs.cfg,experiments/data/hot8_scan_c96_seed47.in,2Q LIRS LRU LIRS,4,24 24 24 24,96,10000,7992,2008,0.7992,7992,2008,0.7992,0
configs/exp4/2q_lirs_lru_lru.cfg,experiments/data/hot8_scan_c96_seed47.in,2Q LIRS LRU LRU,4,24 24 24 24,96,10000,7992,2008,0.7992,7992,2008,0.7992,0
configs/exp4/2q_lru.cfg,experiments/data/hot8_scan_c96_seed47.in,2Q LRU,2,48 48,96,10000,7992,2008,0.7992,7992,2008,0.7992,0
configs/exp4/2q_lru_2q.cfg,experiments/data/hot8_scan_c96_seed47.in,2Q LRU 2Q,3,32 32 32,96,10000,7992,2008,0.7992,7992,2008,0.7992,0
configs/exp4/2q_lru_2q_2q.cfg,experiments/data/hot8_scan_c96_seed47.in,2Q LRU 2Q 2Q,4,24 24 24 24,96,10000,7992,2008,0.7992,7992,2008,0.7992,0
configs/exp4/2q_lru_2q_arc.cfg,experiments/data/hot8_scan_c96_seed47.in,2Q LRU 2Q ARC,4,24 24 24 24,96,10000,7992,2008,0.7992,7992,2008,0.7992,0
configs/exp4/2q_lru_2q_lfu.cfg,experiments/data/hot8_scan_c96_seed47.in,2Q LRU 2Q LFU,4,24 24 24 24,96,10000,7992,2008,0.7992,7992,2008,0.7992,0
configs/exp4/2q_lru_2q_lirs.cfg,experiments/data/hot8_scan_c96_seed47.in,2Q LRU 2Q LIRS,4,24 24 24 24,96,10000,7992,2008,0.7992,7992,2008,0.7992,0
configs/exp4/2q_lru_2q_lru.cfg,experiments/data/hot8_scan_c96_seed47.in,2Q LRU 2Q LRU,4,24 24 24 24,96,10000,7992,2008,0.7992,7992,2008,0.7992,0
configs/exp4/2q_lru_arc.cfg,experiments/data/hot8_scan_c96_seed47.in,2Q LRU ARC,3,32 32 32,96,10000,7992,2008,0.7992,7992,2008,0.7992,0
configs/exp4/2q_lru_arc_2q.cfg,experiments/data/hot8_scan_c96_seed47.in,2Q LRU ARC 2Q,4,24 24 24 24,96,10000,7992,2008,0.7992,7992,2008,0.7992,0
configs/exp4/2q_lru_arc_arc.cfg,experiments/data/hot8_scan_c96_seed47.in,2Q LRU ARC ARC,4,24 24 24 24,96,10000,7992,2008,0.7992,7992,2008,0.7992,0
configs/exp4/2q_lru_arc_lfu.cfg,experiments/data/hot8_scan_c96_seed47.in,2Q LRU ARC LFU,4,24 24 24 24,96,10000,7992,2008,0.7992,7992,2008,0.7992,0
configs/exp4/2q_lru_arc_lirs.cfg,experiments/data/hot8_scan_c96_seed47.in,2Q LRU ARC LIRS,4,24 24 24 24,96,10000,7992,2008,0.7992,7992,2008,0.7992,0
configs/exp4/2q_lru_arc_lru.cfg,experiments/data/hot8_scan_c96_seed47.in,2Q LRU ARC LRU,4,24 24 24 24,96,10000,7992,2008,0.7992,7992,2008,0.7992,0
configs/exp4/2q_lru_lfu.cfg,experiments/data/hot8_scan_c96_seed47.in,2Q LRU LFU,3,32 32 32,96,10000,7992,2008,0.7992,7992,2008,0.7992,0
configs/exp4/2q_lru_lfu_2q.cfg,experiments/data/hot8_scan_c96_seed47.in,2Q LRU LFU 2Q,4,24 24 24 24,96,10000,7992,2008,0.7992,7992,2008,0.7992,0
configs/exp4/2q_lru_lfu_arc.cfg,experiments/data/hot8_scan_c96_seed47.in,2Q LRU LFU ARC,4,24 24 24 24,96,10000,7992,2008,0.7992,7992,2008,0.7992,0
configs/exp4/2q_lru_lfu_lfu.cfg,experiments/data/hot8_scan_c96_seed47.in,2Q LRU LFU LFU,4,24 24 24 24,96,10000,7992,2008,0.7992,7992,2008,0.7992,0
configs/exp4/2q_lru_lfu_lirs.cfg,experiments/data/hot8_scan_c96_seed47.in,2Q LRU LFU LIRS,4,24 24 24 24,96,10000,7992,2008,0.7992,7992,2008,0.7992,0
configs/exp4/2q_lru_lfu_lru.cfg,experiments/data/hot8_scan_c96_seed47.in,2Q LRU LFU LRU,4,24 24 24 24,96,10000,7992,2008,0.7992,7992,2008,0.7992,0
configs/exp4/2q_lru_lirs.cfg,experiments/data/hot8_scan_c96_seed47.in,2Q LRU LIRS,3,32 32 32,96,10000,7992,2008,0.7992,7992,2008,0.7992,0
configs/exp4/2q_lru_lirs_2q.cfg,experiments/data/hot8_scan_c96_seed47.in,2Q LRU LIRS 2Q,4,24 24 24 24,96,10000,7992,2008,0.7992,7992,2008,0.7992,0
configs/exp4/2q_lru_lirs_arc.cfg,experiments/data/hot8_scan_c96_seed47.in,2Q LRU LIRS ARC,4,24 24 24 24,96,10000,7992,2008,0.7992,7992,2008,0.7992,0
configs/exp4/2q_lru_lirs_lfu.cfg,experiments/data/hot8_scan_c96_seed47.in,2Q LRU LIRS LFU,4,24 24 24 24,96,10000,7992,2008,0.7992,7992,2008,0.7992,0
configs/exp4/2q_lru_lirs_lirs.cfg,experiments/data/hot8_scan_c96_seed47.in,2Q LRU LIRS LIRS,4,24 24 24 24,96,10000,7992,2008,0.7992,7992,2008,0.7992,0
configs/exp4/2q_lru_lirs_lru.cfg,experiments/data/hot8_scan_c96_seed47.in,2Q LRU LIRS LRU,4,24 24 24 24,96,10000,7992,2008,0.7992,7992,2008,0.7992,0
configs/exp4/2q_lru_lru.cfg,experiments/data/hot8_scan_c96_seed47.in,2Q LRU LRU,3,32 32 32,96,10000,7992,2008,0.7992,7992,2008,0.7992,0
configs/exp4/2q_lru_lru_2q.cfg,experiments/data/hot8_scan_c96_seed47.in,2Q LRU LRU 2Q,4,24 24 24 24,96,10000,7992,2008,0.7992,7992,2008,0.7992,0
configs/exp4/2q_lru_lru_arc.cfg,experiments/data/hot8_scan_c96_seed47.in,2Q LRU LRU ARC,4,24 24 24 24,96,10000,7992,2008,0.7992,7992,2008,0.7992,0
configs/exp4/2q_lru_lru_lfu.cfg,experiments/data/hot8_scan_c96_seed47.in,2Q LRU LRU LFU,4,24 24 24 24,96,10000,7992,2008,0.7992,7992,2008,0.7992,0
configs/exp4/2q_lru_lru_lirs.cfg,experiments/data/hot8_scan_c96_seed47.in,2Q LRU LRU LIRS,4,24 24 24 24,96,10000,7992,2008,0.7992,7992,2008,0.7992,0
configs/exp4/2q_lru_lru_lru.cfg,experiments/data/hot8_scan_c96_seed47.in,2Q LRU LRU LRU,4,24 24 24 24,96,10000,7992,2008,0.7992,7992,2008,0.7992,0
configs/exp4/arc_2q.cfg,experiments/data/hot8_scan_c96_seed47.in,ARC 2Q,2,48 48,96,10000,7992,2008,0.7992,7992,2008,0.7992,0
configs/exp4/arc_2q_2q.cfg,experiments/data/hot8_scan_c96_seed47.in,ARC 2Q 2Q,3,32 32 32,96,10000,7992,2008,0.7992,7992,2008,0.7992,0
configs/exp4/arc_2q_2q_2q.cfg,experiments/data/hot8_scan_c96_seed47.in,ARC 2Q 2Q 2Q,4,24 24 24 24,96,10000,7992,2008,0.7992,7992,2008,0.7992,0
configs/exp4/arc_2q_2q_arc.cfg,experiments/data/hot8_scan_c96_seed47.in,ARC 2Q 2Q ARC,4,24 24 24 24,96,10000,7992,2008,0.7992,7992,2008,0.7992,0
configs/exp4/arc_2q_2q_lfu.cfg,experiments/data/hot8_scan_c96_seed47.in,ARC 2Q 2Q LFU,4,24 24 24 24,96,10000,7992,2008,0.7992,7992,2008,0.7992,0
configs/exp4/arc_2q_2q_lirs.cfg,experiments/data/hot8_scan_c96_seed47.in,ARC 2Q 2Q LIRS,4,24 24 24 24,96,10000,7992,2008,0.7992,7992,2008,0.7992,0
configs/exp4/arc_2q_2q_lru.cfg,experiments/data/hot8_scan_c96_seed47.in,ARC 2Q 2Q LRU,4,24 24 24 24,96,10000,7992,2008,0.7992,7992,2008,0.7992,0
configs/exp4/arc_2q_arc.cfg,experiments/data/hot8_scan_c96_seed47.in,ARC 2Q ARC,3,32 32 32,96,10000,7992,2008,0.7992,7992,2008,0.7992,0
configs/exp4/arc_2q_arc_2q.cfg,experiments/data/hot8_scan_c96_seed47.in,ARC 2Q ARC 2Q,4,24 24 24 24,96,10000,7992,2008,0.7992,7992,2008,0.7992,0
configs/exp4/arc_2q_arc_arc.cfg,experiments/data/hot8_scan_c96_seed47.in,ARC 2Q ARC ARC,4,24 24 24 24,96,10000,7992,2008,0.7992,7992,2008,0.7992,0
configs/exp4/arc_2q_arc_lfu.cfg,experiments/data/hot8_scan_c96_seed47.in,ARC 2Q ARC LFU,4,24 24 24 24,96,10000,7992,2008,0.7992,7992,2008,0.7992,0
configs/exp4/arc_2q_arc_lirs.cfg,experiments/data/hot8_scan_c96_seed47.in,ARC 2Q ARC LIRS,4,24 24 24 24,96,10000,7992,2008,0.7992,7992,2008,0.7992,0
configs/exp4/arc_2q_arc_lru.cfg,experiments/data/hot8_scan_c96_seed47.in,ARC 2Q ARC LRU,4,24 24 24 24,96,10000,7992,2008,0.7992,7992,2008,0.7992,0
configs/exp4/arc_2q_lfu.cfg,experiments/data/hot8_scan_c96_seed47.in,ARC 2Q LFU,3,32 32 32,96,10000,7992,2008,0.7992,7992,2008,0.7992,0
configs/exp4/arc_2q_lfu_2q.cfg,experiments/data/hot8_scan_c96_seed47.in,ARC 2Q LFU 2Q,4,24 24 24 24,96,10000,7992,2008,0.7992,7992,2008,0.7992,0
configs/exp4/arc_2q_lfu_arc.cfg,experiments/data/hot8_scan_c96_seed47.in,ARC 2Q LFU ARC,4,24 24 24 24,96,10000,7992,2008,0.7992,7992,2008,0.7992,0
configs/exp4/arc_2q_lfu_lfu.cfg,experiments/data/hot8_scan_c96_seed47.in,ARC 2Q LFU LFU,4,24 24 24 24,96,10000,7992,2008,0.7992,7992,2008,0.7992,0
configs/exp4/arc_2q_lfu_lirs.cfg,experiments/data/hot8_scan_c96_seed47.in,ARC 2Q LFU LIRS,4,24 24 24 24,96,10000,7992,2008,0.7992,7992,2008,0.7992,0
configs/exp4/arc_2q_lfu_lru.cfg,experiments/data/hot8_scan_c96_seed47.in,ARC 2Q LFU LRU,4,24 24 24 24,96,10000,7992,2008,0.7992,7992,2008,0.7992,0
configs/exp4/arc_2q_lirs.cfg,experiments/data/hot8_scan_c96_seed47.in,ARC 2Q LIRS,3,32 32 32,96,10000,7992,2008,0.7992,7992,2008,0.7992,0
configs/exp4/arc_2q_lirs_2q.cfg,experiments/data/hot8_scan_c96_seed47.in,ARC 2Q LIRS 2Q,4,24 24 24 24,96,10000,7992,2008,0.7992,7992,2008,0.7992,0
configs/exp4/arc_2q_lirs_arc.cfg,experiments/data/hot8_scan_c96_seed47.in,ARC 2Q LIRS ARC,4,24 24 24 24,96,10000,7992,2008,0.7992,7992,2008,0.7992,0
configs/exp4/arc_2q_lirs_lfu.cfg,experiments/data/hot8_scan_c96_seed47.in,ARC 2Q LIRS LFU,4,24 24 24 24,96,10000,7992,2008,0.7992,7992,2008,0.7992,0
configs/exp4/arc_2q_lirs_lirs.cfg,experiments/data/hot8_scan_c96_seed47.in,ARC 2Q LIRS LIRS,4,24 24 24 24,96,10000,7992,2008,0.7992,7992,2008,0.7992,0
configs/exp4/arc_2q_lirs_lru.cfg,experiments/data/hot8_scan_c96_seed47.in,ARC 2Q LIRS LRU,4,24 24 24 24,96,10000,7992,2008,0.7992,7992,2008,0.7992,0
configs/exp4/arc_2q_lru.cfg,experiments/data/hot8_scan_c96_seed47.in,ARC 2Q LRU,3,32 32 32,96,10000,7992,2008,0.7992,7992,2008,0.7992,0
configs/exp4/arc_2q_lru_2q.cfg,experiments/data/hot8_scan_c96_seed47.in,ARC 2Q LRU 2Q,4,24 24 24 24,96,10000,7992,2008,0.7992,7992,2008,0.7992,0
configs/exp4/arc_2q_lru_arc.cfg,experiments/data/hot8_scan_c96_seed47.in,ARC 2Q LRU ARC,4,24 24 24 24,96,10000,7992,2008,0.7992,7992,2008,0.7992,0
configs/exp4/arc_2q_lru_lfu.cfg,experiments/data/hot8_scan_c96_seed47.in,ARC 2Q LRU LFU,4,24 24 24 24,96,10000,7992,2008,0.7992,7992,2008,0.7992,0
configs/exp4/arc_2q_lru_lirs.cfg,experiments/data/hot8_scan_c96_seed47.in,ARC 2Q LRU LIRS,4,24 24 24 24,96,10000,7992,2008,0.7992,7992,2008,0.7992,0
configs/exp4/arc_2q_lru_lru.cfg,experiments/data/hot8_scan_c96_seed47.in,ARC 2Q LRU LRU,4,24 24 24 24,96,10000,7992,2008,0.7992,7992,2008,0.7992,0
configs/exp4/arc_arc_2q.cfg,experiments/data/hot8_scan_c96_seed47.in,ARC ARC 2Q,3,32 32 32,96,10000,7992,2008,0.7992,7992,2008,0.7992,0
configs/exp4/arc_arc_2q_2q.cfg,experiments/data/hot8_scan_c96_seed47.in,ARC ARC 2Q 2Q,4,24 24 24 24,96,10000,7992,2008,0.7992,7992,2008,0.7992,0
configs/exp4/arc_arc_2q_arc.cfg,experiments/data/hot8_scan_c96_seed47.in,ARC ARC 2Q ARC,4,24 24 24 24,96,10000,7992,2008,0.7992,7992,2008,0.7992,0
configs/exp4/arc_arc_2q_lfu.cfg,experiments/data/hot8_scan_c96_seed47.in,ARC ARC 2Q LFU,4,24 24 24 24,96,10000,7992,2008,0.7992,7992,2008,0.7992,0
configs/exp4/arc_arc_2q_lirs.cfg,experiments/data/hot8_scan_c96_seed47.in,ARC ARC 2Q LIRS,4,24 24 24 24,96,10000,7992,2008,0.7992,7992,2008,0.7992,0
configs/exp4/arc_arc_2q_lru.cfg,experiments/data/hot8_scan_c96_seed47.in,ARC ARC 2Q LRU,4,24 24 24 24,96,10000,7992,2008,0.7992,7992,2008,0.7992,0
configs/exp4/arc_arc_arc_2q.cfg,experiments/data/hot8_scan_c96_seed47.in,ARC ARC ARC 2Q,4,24 24 24 24,96,10000,7992,2008,0.7992,7992,2008,0.7992,0
configs/exp4/arc_arc_arc_lfu.cfg,experiments/data/hot8_scan_c96_seed47.in,ARC ARC ARC LFU,4,24 24 24 24,96,10000,7992,2008,0.7992,7992,2008,0.7992,0
configs/exp4/arc_arc_arc_lirs.cfg,experiments/data/hot8_scan_c96_seed47.in,ARC ARC ARC LIRS,4,24 24 24 24,96,10000,7992,2008,0.7992,7992,2008,0.7992,0
configs/exp4/arc_arc_arc_lru.cfg,experiments/data/hot8_scan_c96_seed47.in,ARC ARC ARC LRU,4,24 24 24 24,96,10000,7992,2008,0.7992,7992,2008,0.7992,0
configs/exp4/arc_arc_lfu.cfg,experiments/data/hot8_scan_c96_seed47.in,ARC ARC LFU,3,32 32 32,96,10000,7992,2008,0.7992,7992,2008,0.7992,0
configs/exp4/arc_arc_lfu_2q.cfg,experiments/data/hot8_scan_c96_seed47.in,ARC ARC LFU 2Q,4,24 24 24 24,96,10000,7992,2008,0.7992,7992,2008,0.7992,0
configs/exp4/arc_arc_lfu_arc.cfg,experiments/data/hot8_scan_c96_seed47.in,ARC ARC LFU ARC,4,24 24 24 24,96,10000,7992,2008,0.7992,7992,2008,0.7992,0
configs/exp4/arc_arc_lfu_lfu.cfg,experiments/data/hot8_scan_c96_seed47.in,ARC ARC LFU LFU,4,24 24 24 24,96,10000,7992,2008,0.7992,7992,2008,0.7992,0
configs/exp4/arc_arc_lfu_lirs.cfg,experiments/data/hot8_scan_c96_seed47.in,ARC ARC LFU LIRS,4,24 24 24 24,96,10000,7992,2008,0.7992,7992,2008,0.7992,0
configs/exp4/arc_arc_lfu_lru.cfg,experiments/data/hot8_scan_c96_seed47.in,ARC ARC LFU LRU,4,24 24 24 24,96,10000,7992,2008,0.7992,7992,2008,0.7992,0
configs/exp4/arc_arc_lirs.cfg,experiments/data/hot8_scan_c96_seed47.in,ARC ARC LIRS,3,32 32 32,96,10000,7992,2008,0.7992,7992,2008,0.7992,0
configs/exp4/arc_arc_lirs_2q.cfg,experiments/data/hot8_scan_c96_seed47.in,ARC ARC LIRS 2Q,4,24 24 24 24,96,10000,7992,2008,0.7992,7992,2008,0.7992,0
configs/exp4/arc_arc_lirs_arc.cfg,experiments/data/hot8_scan_c96_seed47.in,ARC ARC LIRS ARC,4,24 24 24 24,96,10000,7992,2008,0.7992,7992,2008,0.7992,0
configs/exp4/arc_arc_lirs_lfu.cfg,experiments/data/hot8_scan_c96_seed47.in,ARC ARC LIRS LFU,4,24 24 24 24,96,10000,7992,2008,0.7992,7992,2008,0.7992,0
configs/exp4/arc_arc_lirs_lirs.cfg,experiments/data/hot8_scan_c96_seed47.in,ARC ARC LIRS LIRS,4,24 24 24 24,96,10000,7992,2008,0.7992,7992,2008,0.7992,0
configs/exp4/arc_arc_lirs_lru.cfg,experiments/data/hot8_scan_c96_seed47.in,ARC ARC LIRS LRU,4,24 24 24 24,96,10000,7992,2008,0.7992,7992,2008,0.7992,0
configs/exp4/arc_arc_lru.cfg,experiments/data/hot8_scan_c96_seed47.in,ARC ARC LRU,3,32 32 32,96,10000,7992,2008,0.7992,7992,2008,0.7992,0
configs/exp4/arc_arc_lru_2q.cfg,experiments/data/hot8_scan_c96_seed47.in,ARC ARC LRU 2Q,4,24 24 24 24,96,10000,7992,2008,0.7992,7992,2008,0.7992,0
configs/exp4/arc_arc_lru_arc.cfg,experiments/data/hot8_scan_c96_seed47.in,ARC ARC LRU ARC,4,24 24 24 24,96,10000,7992,2008,0.7992,7992,2008,0.7992,0
configs/exp4/arc_arc_lru_lfu.cfg,experiments/data/hot8_scan_c96_seed47.in,ARC ARC LRU LFU,4,24 24 24 24,96,10000,7992,2008,0.7992,7992,2008,0.7992,0
configs/exp4/arc_arc_lru_lirs.cfg,experiments/data/hot8_scan_c96_seed47.in,ARC ARC LRU LIRS,4,24 24 24 24,96,10000,7992,2008,0.7992,7992,2008,0.7992,0
configs/exp4/arc_arc_lru_lru.cfg,experiments/data/hot8_scan_c96_seed47.in,ARC ARC LRU LRU,4,24 24 24 24,96,10000,7992,2008,0.7992,7992,2008,0.7992,0
configs/exp4/arc_lfu.cfg,experiments/data/hot8_scan_c96_seed47.in,ARC LFU,2,48 48,96,10000,7992,2008,0.7992,7992,2008,0.7992,0
configs/exp4/arc_lfu_2q.cfg,experiments/data/hot8_scan_c96_seed47.in,ARC LFU 2Q,3,32 32 32,96,10000,7992,2008,0.7992,7992,2008,0.7992,0
configs/exp4/arc_lfu_2q_2q.cfg,experiments/data/hot8_scan_c96_seed47.in,ARC LFU 2Q 2Q,4,24 24 24 24,96,10000,7992,2008,0.7992,7992,2008,0.7992,0
configs/exp4/arc_lfu_2q_arc.cfg,experiments/data/hot8_scan_c96_seed47.in,ARC LFU 2Q ARC,4,24 24 24 24,96,10000,7992,2008,0.7992,7992,2008,0.7992,0
configs/exp4/arc_lfu_2q_lfu.cfg,experiments/data/hot8_scan_c96_seed47.in,ARC LFU 2Q LFU,4,24 24 24 24,96,10000,7992,2008,0.7992,7992,2008,0.7992,0
configs/exp4/arc_lfu_2q_lirs.cfg,experiments/data/hot8_scan_c96_seed47.in,ARC LFU 2Q LIRS,4,24 24 24 24,96,10000,7992,2008,0.7992,7992,2008,0.7992,0
configs/exp4/arc_lfu_2q_lru.cfg,experiments/data/hot8_scan_c96_seed47.in,ARC LFU 2Q LRU,4,24 24 24 24,96,10000,7992,2008,0.7992,7992,2008,0.7992,0
configs/exp4/arc_lfu_arc.cfg,experiments/data/hot8_scan_c96_seed47.in,ARC LFU ARC,3,32 32 32,96,10000,7992,2008,0.7992,7992,2008,0.7992,0
configs/exp4/arc_lfu_arc_2q.cfg,experiments/data/hot8_scan_c96_seed47.in,ARC LFU ARC 2Q,4,24 24 24 24,96,10000,7992,2008,0.7992,7992,2008,0.7992,0
configs/exp4/arc_lfu_arc_arc.cfg,experiments/data/hot8_scan_c96_seed47.in,ARC LFU ARC ARC,4,24 24 24 24,96,10000,7992,2008,0.7992,7992,2008,0.7992,0
configs/exp4/arc_lfu_arc_lfu.cfg,experiments/data/hot8_scan_c96_seed47.in,ARC LFU ARC LFU,4,24 24 24 24,96,10000,7992,2008,0.7992,7992,2008,0.7992,0
configs/exp4/arc_lfu_arc_lirs.cfg,experiments/data/hot8_scan_c96_seed47.in,ARC LFU ARC LIRS,4,24 24 24 24,96,10000,7992,2008,0.7992,7992,2008,0.7992,0
configs/exp4/arc_lfu_arc_lru.cfg,experiments/data/hot8_scan_c96_seed47.in,ARC LFU ARC LRU,4,24 24 24 24,96,10000,7992,2008,0.7992,7992,2008,0.7992,0
configs/exp4/arc_lfu_lfu.cfg,experiments/data/hot8_scan_c96_seed47.in,ARC LFU LFU,3,32 32 32,96,10000,7992,2008,0.7992,7992,2008,0.7992,0
configs/exp4/arc_lfu_lfu_2q.cfg,experiments/data/hot8_scan_c96_seed47.in,ARC LFU LFU 2Q,4,24 24 24 24,96,10000,7992,2008,0.7992,7992,2008,0.7992,0
configs/exp4/arc_lfu_lfu_arc.cfg,experiments/data/hot8_scan_c96_seed47.in,ARC LFU LFU ARC,4,24 24 24 24,96,10000,7992,2008,0.7992,7992,2008,0.7992,0
configs/exp4/arc_lfu_lfu_lfu.cfg,experiments/data/hot8_scan_c96_seed47.in,ARC LFU LFU LFU,4,24 24 24 24,96,10000,7992,2008,0.7992,7992,2008,0.7992,0
configs/exp4/arc_lfu_lfu_lirs.cfg,experiments/data/hot8_scan_c96_seed47.in,ARC LFU LFU LIRS,4,24 24 24 24,96,10000,7992,2008,0.7992,7992,2008,0.7992,0
configs/exp4/arc_lfu_lfu_lru.cfg,experiments/data/hot8_scan_c96_seed47.in,ARC LFU LFU LRU,4,24 24 24 24,96,10000,7992,2008,0.7992,7992,2008,0.7992,0
configs/exp4/arc_lfu_lirs.cfg,experiments/data/hot8_scan_c96_seed47.in,ARC LFU LIRS,3,32 32 32,96,10000,7992,2008,0.7992,7992,2008,0.7992,0
configs/exp4/arc_lfu_lirs_2q.cfg,experiments/data/hot8_scan_c96_seed47.in,ARC LFU LIRS 2Q,4,24 24 24 24,96,10000,7992,2008,0.7992,7992,2008,0.7992,0
configs/exp4/arc_lfu_lirs_arc.cfg,experiments/data/hot8_scan_c96_seed47.in,ARC LFU LIRS ARC,4,24 24 24 24,96,10000,7992,2008,0.7992,7992,2008,0.7992,0
configs/exp4/arc_lfu_lirs_lfu.cfg,experiments/data/hot8_scan_c96_seed47.in,ARC LFU LIRS LFU,4,24 24 24 24,96,10000,7992,2008,0.7992,7992,2008,0.7992,0
configs/exp4/arc_lfu_lirs_lirs.cfg,experiments/data/hot8_scan_c96_seed47.in,ARC LFU LIRS LIRS,4,24 24 24 24,96,10000,7992,2008,0.7992,7992,2008,0.7992,0
configs/exp4/arc_lfu_lirs_lru.cfg,experiments/data/hot8_scan_c96_seed47.in,ARC LFU LIRS LRU,4,24 24 24 24,96,10000,7992,2008,0.7992,7992,2008,0.7992,0
configs/exp4/arc_lfu_lru.cfg,experiments/data/hot8_scan_c96_seed47.in,ARC LFU LRU,3,32 32 32,96,10000,7992,2008,0.7992,7992,2008,0.7992,0
configs/exp4/arc_lfu_lru_2q.cfg,experiments/data/hot8_scan_c96_seed47.in,ARC LFU LRU 2Q,4,24 24 24 24,96,10000,7992,2008,0.7992,7992,2008,0.7992,0
configs/exp4/arc_lfu_lru_arc.cfg,experiments/data/hot8_scan_c96_seed47.in,ARC LFU LRU ARC,4,24 24 24 24,96,10000,7992,2008,0.7992,7992,2008,0.7992,0
configs/exp4/arc_lfu_lru_lfu.cfg,experiments/data/hot8_scan_c96_seed47.in,ARC LFU LRU LFU,4,24 24 24 24,96,10000,7992,2008,0.7992,7992,2008,0.7992,0
configs/exp4/arc_lfu_lru_lirs.cfg,experiments/data/hot8_scan_c96_seed47.in,ARC LFU LRU LIRS,4,24 24 24 24,96,10000,7992,2008,0.7992,7992,2008,0.7992,0
configs/exp4/arc_lfu_lru_lru.cfg,experiments/data/hot8_scan_c96_seed47.in,ARC LFU LRU LRU,4,24 24 24 24,96,10000,7992,2008,0.7992,7992,2008,0.7992,0
configs/exp4/arc_lirs.cfg,experiments/data/hot8_scan_c96_seed47.in,ARC LIRS,2,48 48,96,10000,7992,2008,0.7992,7992,2008,0.7992,0
configs/exp4/arc_lirs_2q.cfg,experiments/data/hot8_scan_c96_seed47.in,ARC LIRS 2Q,3,32 32 32,96,10000,7992,2008,0.7992,7992,2008,0.7992,0
configs/exp4/arc_lirs_2q_2q.cfg,experiments/data/hot8_scan_c96_seed47.in,ARC LIRS 2Q 2Q,4,24 24 24 24,96,10000,7992,2008,0.7992,7992,2008,0.7992,0
configs/exp4/arc_lirs_2q_arc.cfg,experiments/data/hot8_scan_c96_seed47.in,ARC LIRS 2Q ARC,4,24 24 24 24,96,10000,7992,2008,0.7992,7992,2008,0.7992,0
configs/exp4/arc_lirs_2q_lfu.cfg,experiments/data/hot8_scan_c96_seed47.in,ARC LIRS 2Q LFU,4,24 24 24 24,96,10000,7992,2008,0.7992,7992,2008,0.7992,0
configs/exp4/arc_lirs_2q_lirs.cfg,experiments/data/hot8_scan_c96_seed47.in,ARC LIRS 2Q LIRS,4,24 24 24 24,96,10000,7992,2008,0.7992,7992,2008,0.7992,0
configs/exp4/arc_lirs_2q_lru.cfg,experiments/data/hot8_scan_c96_seed47.in,ARC LIRS 2Q LRU,4,24 24 24 24,96,10000,7992,2008,0.7992,7992,2008,0.7992,0
configs/exp4/arc_lirs_arc.cfg,experiments/data/hot8_scan_c96_seed47.in,ARC LIRS ARC,3,32 32 32,96,10000,7992,2008,0.7992,7992,2008,0.7992,0
configs/exp4/arc_lirs_arc_2q.cfg,experiments/data/hot8_scan_c96_seed47.in,ARC LIRS ARC 2Q,4,24 24 24 24,96,10000,7992,2008,0.7992,7992,2008,0.7992,0
configs/exp4/arc_lirs_arc_arc.cfg,experiments/data/hot8_scan_c96_seed47.in,ARC LIRS ARC ARC,4,24 24 24 24,96,10000,7992,2008,0.7992,7992,2008,0.7992,0
configs/exp4/arc_lirs_arc_lfu.cfg,experiments/data/hot8_scan_c96_seed47.in,ARC LIRS ARC LFU,4,24 24 24 24,96,10000,7992,2008,0.7992,7992,2008,0.7992,0
configs/exp4/arc_lirs_arc_lirs.cfg,experiments/data/hot8_scan_c96_seed47.in,ARC LIRS ARC LIRS,4,24 24 24 24,96,10000,7992,2008,0.7992,7992,2008,0.7992,0
configs/exp4/arc_lirs_arc_lru.cfg,experiments/data/hot8_scan_c96_seed47.in,ARC LIRS ARC LRU,4,24 24 24 24,96,10000,7992,2008,0.7992,7992,2008,0.7992,0
configs/exp4/arc_lirs_lfu.cfg,experiments/data/hot8_scan_c96_seed47.in,ARC LIRS LFU,3,32 32 32,96,10000,7992,2008,0.7992,7992,2008,0.7992,0
configs/exp4/arc_lirs_lfu_2q.cfg,experiments/data/hot8_scan_c96_seed47.in,ARC LIRS LFU 2Q,4,24 24 24 24,96,10000,7992,2008,0.7992,7992,2008,0.7992,0
configs/exp4/arc_lirs_lfu_arc.cfg,experiments/data/hot8_scan_c96_seed47.in,ARC LIRS LFU ARC,4,24 24 24 24,96,10000,7992,2008,0.7992,7992,2008,0.7992,0
configs/exp4/arc_lirs_lfu_lfu.cfg,experiments/data/hot8_scan_c96_seed47.in,ARC LIRS LFU LFU,4,24 24 24 24,96,10000,7992,2008,0.7992,7992,2008,0.7992,0
configs/exp4/arc_lirs_lfu_lirs.cfg,experiments/data/hot8_scan_c96_seed47.in,ARC LIRS LFU LIRS,4,24 24 24 24,96,10000,7992,2008,0.7992,7992,2008,0.7992,0
configs/exp4/arc_lirs_lfu_lru.cfg,experiments/data/hot8_scan_c96_seed47.in,ARC LIRS LFU LRU,4,24 24 24 24,96,10000,7992,2008,0.7992,7992,2008,0.7992,0
configs/exp4/arc_lirs_lirs.cfg,experiments/data/hot8_scan_c96_seed47.in,ARC LIRS LIRS,3,32 32 32,96,10000,7992,2008,0.7992,7992,2008,0.7992,0
configs/exp4/arc_lirs_lirs_2q.cfg,experiments/data/hot8_scan_c96_seed47.in,ARC LIRS LIRS 2Q,4,24 24 24 24,96,10000,7992,2008,0.7992,7992,2008,0.7992,0
configs/exp4/arc_lirs_lirs_arc.cfg,experiments/data/hot8_scan_c96_seed47.in,ARC LIRS LIRS ARC,4,24 24 24 24,96,10000,7992,2008,0.7992,7992,2008,0.7992,0
configs/exp4/arc_lirs_lirs_lfu.cfg,experiments/data/hot8_scan_c96_seed47.in,ARC LIRS LIRS LFU,4,24 24 24 24,96,10000,7992,2008,0.7992,7992,2008,0.7992,0
configs/exp4/arc_lirs_lirs_lirs.cfg,experiments/data/hot8_scan_c96_seed47.in,ARC LIRS LIRS LIRS,4,24 24 24 24,96,10000,7992,2008,0.7992,7992,2008,0.7992,0
configs/exp4/arc_lirs_lirs_lru.cfg,experiments/data/hot8_scan_c96_seed47.in,ARC LIRS LIRS LRU,4,24 24 24 24,96,10000,7992,2008,0.7992,7992,2008,0.7992,0
configs/exp4/arc_lirs_lru.cfg,experiments/data/hot8_scan_c96_seed47.in,ARC LIRS LRU,3,32 32 32,96,10000,7992,2008,0.7992,7992,2008,0.7992,0
configs/exp4/arc_lirs_lru_2q.cfg,experiments/data/hot8_scan_c96_seed47.in,ARC LIRS LRU 2Q,4,24 24 24 24,96,10000,7992,2008,0.7992,7992,2008,0.7992,0
configs/exp4/arc_lirs_lru_arc.cfg,experiments/data/hot8_scan_c96_seed47.in,ARC LIRS LRU ARC,4,24 24 24 24,96,10000,7992,2008,0.7992,7992,2008,0.7992,0
configs/exp4/arc_lirs_lru_lfu.cfg,experiments/data/hot8_scan_c96_seed47.in,ARC LIRS LRU LFU,4,24 24 24 24,96,10000,7992,2008,0.7992,7992,2008,0.7992,0
configs/exp4/arc_lirs_lru_lirs.cfg,experiments/data/hot8_scan_c96_seed47.in,ARC LIRS LRU LIRS,4,24 24 24 24,96,10000,7992,2008,0.7992,7992,2008,0.7992,0
configs/exp4/arc_lirs_lru_lru.cfg,experiments/data/hot8_scan_c96_seed47.in,ARC LIRS LRU LRU,4,24 24 24 24,96,10000,7992,2008,0.7992,7992,2008,0.7992,0
configs/exp4/arc_lru.cfg,experiments/data/hot8_scan_c96_seed47.in,ARC LRU,2,48 48,96,10000,7992,2008,0.7992,7992,2008,0.7992,0
configs/exp4/arc_lru_2q.cfg,experiments/data/hot8_scan_c96_seed47.in,ARC LRU 2Q,3,32 32 32,96,10000,7992,2008,0.7992,7992,2008,0.7992,0
configs/exp4/arc_lru_2q_2q.cfg,experiments/data/hot8_scan_c96_seed47.in,ARC LRU 2Q 2Q,4,24 24 24 24,96,10000,7992,2008,0.7992,7992,2008,0.7992,0
configs/exp4/arc_lru_2q_arc.cfg,experiments/data/hot8_scan_c96_seed47.in,ARC LRU 2Q ARC,4,24 24 24 24,96,10000,7992,2008,0.7992,7992,2008,0.7992,0
configs/exp4/arc_lru_2q_lfu.cfg,experiments/data/hot8_scan_c96_seed47.in,ARC LRU 2Q LFU,4,24 24 24 24,96,10000,7992,2008,0.7992,7992,2008,0.7992,0
configs/exp4/arc_lru_2q_lirs.cfg,experiments/data/hot8_scan_c96_seed47.in,ARC LRU 2Q LIRS,4,24 24 24 24,96,10000,7992,2008,0.7992,7992,2008,0.7992,0
configs/exp4/arc_lru_2q_lru.cfg,experiments/data/hot8_scan_c96_seed47.in,ARC LRU 2Q LRU,4,24 24 24 24,96,10000,7992,2008,0.7992,7992,2008,0.7992,0
configs/exp4/arc_lru_arc.cfg,experiments/data/hot8_scan_c96_seed47.in,ARC LRU ARC,3,32 32 32,96,10000,7992,2008,0.7992,7992,2008,0.7992,0
configs/exp4/arc_lru_arc_2q.cfg,experiments/data/hot8_scan_c96_seed47.in,ARC LRU ARC 2Q,4,24 24 24 24,96,10000,7992,2008,0.7992,7992,2008,0.7992,0
configs/exp4/arc_lru_arc_arc.cfg,experiments/data/hot8_scan_c96_seed47.in,ARC LRU ARC ARC,4,24 24 24 24,96,10000,7992,2008,0.7992,7992,2008,0.7992,0
configs/exp4/arc_lru_arc_lfu.cfg,experiments/data/hot8_scan_c96_seed47.in,ARC LRU ARC LFU,4,24 24 24 24,96,10000,7992,2008,0.7992,7992,2008,0.7992,0
configs/exp4/arc_lru_arc_lirs.cfg,experiments/data/hot8_scan_c96_seed47.in,ARC LRU ARC LIRS,4,24 24 24 24,96,10000,7992,2008,0.7992,7992,2008,0.7992,0
configs/exp4/arc_lru_arc_lru.cfg,experiments/data/hot8_scan_c96_seed47.in,ARC LRU ARC LRU,4,24 24 24 24,96,10000,7992,2008,0.7992,7992,2008,0.7992,0
configs/exp4/arc_lru_lfu.cfg,experiments/data/hot8_scan_c96_seed47.in,ARC LRU LFU,3,32 32 32,96,10000,7992,2008,0.7992,7992,2008,0.7992,0
configs/exp4/arc_lru_lfu_2q.cfg,experiments/data/hot8_scan_c96_seed47.in,ARC LRU LFU 2Q,4,24 24 24 24,96,10000,7992,2008,0.7992,7992,2008,0.7992,0
configs/exp4/arc_lru_lfu_arc.cfg,experiments/data/hot8_scan_c96_seed47.in,ARC LRU LFU ARC,4,24 24 24 24,96,10000,7992,2008,0.7992,7992,2008,0.7992,0
configs/exp4/arc_lru_lfu_lfu.cfg,experiments/data/hot8_scan_c96_seed47.in,ARC LRU LFU LFU,4,24 24 24 24,96,10000,7992,2008,0.7992,7992,2008,0.7992,0
configs/exp4/arc_lru_lfu_lirs.cfg,experiments/data/hot8_scan_c96_seed47.in,ARC LRU LFU LIRS,4,24 24 24 24,96,10000,7992,2008,0.7992,7992,2008,0.7992,0
configs/exp4/arc_lru_lfu_lru.cfg,experiments/data/hot8_scan_c96_seed47.in,ARC LRU LFU LRU,4,24 24 24 24,96,10000,7992,2008,0.7992,7992,2008,0.7992,0
configs/exp4/arc_lru_lirs.cfg,experiments/data/hot8_scan_c96_seed47.in,ARC LRU LIRS,3,32 32 32,96,10000,7992,2008,0.7992,7992,2008,0.7992,0
configs/exp4/arc_lru_lirs_2q.cfg,experiments/data/hot8_scan_c96_seed47.in,ARC LRU LIRS 2Q,4,24 24 24 24,96,10000,7992,2008,0.7992,7992,2008,0.7992,0
configs/exp4/arc_lru_lirs_arc.cfg,experiments/data/hot8_scan_c96_seed47.in,ARC LRU LIRS ARC,4,24 24 24 24,96,10000,7992,2008,0.7992,7992,2008,0.7992,0
configs/exp4/arc_lru_lirs_lfu.cfg,experiments/data/hot8_scan_c96_seed47.in,ARC LRU LIRS LFU,4,24 24 24 24,96,10000,7992,2008,0.7992,7992,2008,0.7992,0
configs/exp4/arc_lru_lirs_lirs.cfg,experiments/data/hot8_scan_c96_seed47.in,ARC LRU LIRS LIRS,4,24 24 24 24,96,10000,7992,2008,0.7992,7992,2008,0.7992,0
configs/exp4/arc_lru_lirs_lru.cfg,experiments/data/hot8_scan_c96_seed47.in,ARC LRU LIRS LRU,4,24 24 24 24,96,10000,7992,2008,0.7992,7992,2008,0.7992,0
configs/exp4/arc_lru_lru.cfg,experiments/data/hot8_scan_c96_seed47.in,ARC LRU LRU,3,32 32 32,96,10000,7992,2008,0.7992,7992,2008,0.7992,0
configs/exp4/arc_lru_lru_2q.cfg,experiments/data/hot8_scan_c96_seed47.in,ARC LRU LRU 2Q,4,24 24 24 24,96,10000,7992,2008,0.7992,7992,2008,0.7992,0
configs/exp4/arc_lru_lru_arc.cfg,experiments/data/hot8_scan_c96_seed47.in,ARC LRU LRU ARC,4,24 24 24 24,96,10000,7992,2008,0.7992,7992,2008,0.7992,0
configs/exp4/arc_lru_lru_lfu.cfg,experiments/data/hot8_scan_c96_seed47.in,ARC LRU LRU LFU,4,24 24 24 24,96,10000,7992,2008,0.7992,7992,2008,0.7992,0
configs/exp4/arc_lru_lru_lirs.cfg,experiments/data/hot8_scan_c96_seed47.in,ARC LRU LRU LIRS,4,24 24 24 24,96,10000,7992,2008,0.7992,7992,2008,0.7992,0
configs/exp4/arc_lru_lru_lru.cfg,experiments/data/hot8_scan_c96_seed47.in,ARC LRU LRU LRU,4,24 24 24 24,96,10000,7992,2008,0.7992,7992,2008,0.7992,0
configs/exp4/lfu_2q.cfg,experiments/data/hot8_scan_c96_seed47.in,LFU 2Q,2,48 48,96,10000,7992,2008,0.7992,7992,2008,0.7992,0
configs/exp4/lfu_2q_2q.cfg,experiments/data/hot8_scan_c96_seed47.in,LFU 2Q 2Q,3,32 32 32,96,10000,7992,2008,0.7992,7992,2008,0.7992,0
configs/exp4/lfu_2q_2q_2q.cfg,experiments/data/hot8_scan_c96_seed47.in,LFU 2Q 2Q 2Q,4,24 24 24 24,96,10000,7992,2008,0.7992,7992,2008,0.7992,0
configs/exp4/lfu_2q_2q_arc.cfg,experiments/data/hot8_scan_c96_seed47.in,LFU 2Q 2Q ARC,4,24 24 24 24,96,10000,7992,2008,0.7992,7992,2008,0.7992,0
configs/exp4/lfu_2q_2q_lfu.cfg,experiments/data/hot8_scan_c96_seed47.in,LFU 2Q 2Q LFU,4,24 24 24 24,96,10000,7992,2008,0.7992,7992,2008,0.7992,0
configs/exp4/lfu_2q_2q_lirs.cfg,experiments/data/hot8_scan_c96_seed47.in,LFU 2Q 2Q LIRS,4,24 24 24 24,96,10000,7992,2008,0.7992,7992,2008,0.7992,0
configs/exp4/lfu_2q_2q_lru.cfg,experiments/data/hot8_scan_c96_seed47.in,LFU 2Q 2Q LRU,4,24 24 24 24,96,10000,7992,2008,0.7992,7992,2008,0.7992,0
configs/exp4/lfu_2q_arc.cfg,experiments/data/hot8_scan_c96_seed47.in,LFU 2Q ARC,3,32 32 32,96,10000,7992,2008,0.7992,7992,2008,0.7992,0
configs/exp4/lfu_2q_arc_2q.cfg,experiments/data/hot8_scan_c96_seed47.in,LFU 2Q ARC 2Q,4,24 24 24 24,96,10000,7992,2008,0.7992,7992,2008,0.7992,0
configs/exp4/lfu_2q_arc_arc.cfg,experiments/data/hot8_scan_c96_seed47.in,LFU 2Q ARC ARC,4,24 24 24 24,96,10000,7992,2008,0.7992,7992,2008,0.7992,0
configs/exp4/lfu_2q_arc_lfu.cfg,experiments/data/hot8_scan_c96_seed47.in,LFU 2Q ARC LFU,4,24 24 24 24,96,10000,7992,2008,0.7992,7992,2008,0.7992,0
configs/exp4/lfu_2q_arc_lirs.cfg,experiments/data/hot8_scan_c96_seed47.in,LFU 2Q ARC LIRS,4,24 24 24 24,96,10000,7992,2008,0.7992,7992,2008,0.7992,0
configs/exp4/lfu_2q_arc_lru.cfg,experiments/data/hot8_scan_c96_seed47.in,LFU 2Q ARC LRU,4,24 24 24 24,96,10000,7992,2008,0.7992,7992,2008,0.7992,0
configs/exp4/lfu_2q_lfu.cfg,experiments/data/hot8_scan_c96_seed47.in,LFU 2Q LFU,3,32 32 32,96,10000,7992,2008,0.7992,7992,2008,0.7992,0
configs/exp4/lfu_2q_lfu_2q.cfg,experiments/data/hot8_scan_c96_seed47.in,LFU 2Q LFU 2Q,4,24 24 24 24,96,10000,7992,2008,0.7992,7992,2008,0.7992,0
configs/exp4/lfu_2q_lfu_arc.cfg,experiments/data/hot8_scan_c96_seed47.in,LFU 2Q LFU ARC,4,24 24 24 24,96,10000,7992,2008,0.7992,7992,2008,0.7992,0
configs/exp4/lfu_2q_lfu_lfu.cfg,experiments/data/hot8_scan_c96_seed47.in,LFU 2Q LFU LFU,4,24 24 24 24,96,10000,7992,2008,0.7992,7992,2008,0.7992,0
configs/exp4/lfu_2q_lfu_lirs.cfg,experiments/data/hot8_scan_c96_seed47.in,LFU 2Q LFU LIRS,4,24 24 24 24,96,10000,7992,2008,0.7992,7992,2008,0.7992,0
configs/exp4/lfu_2q_lfu_lru.cfg,experiments/data/hot8_scan_c96_seed47.in,LFU 2Q LFU LRU,4,24 24 24 24,96,10000,7992,2008,0.7992,7992,2008,0.7992,0
configs/exp4/lfu_2q_lirs.cfg,experiments/data/hot8_scan_c96_seed47.in,LFU 2Q LIRS,3,32 32 32,96,10000,7992,2008,0.7992,7992,2008,0.7992,0
configs/exp4/lfu_2q_lirs_2q.cfg,experiments/data/hot8_scan_c96_seed47.in,LFU 2Q LIRS 2Q,4,24 24 24 24,96,10000,7992,2008,0.7992,7992,2008,0.7992,0
configs/exp4/lfu_2q_lirs_arc.cfg,experiments/data/hot8_scan_c96_seed47.in,LFU 2Q LIRS ARC,4,24 24 24 24,96,10000,7992,2008,0.7992,7992,2008,0.7992,0
configs/exp4/lfu_2q_lirs_lfu.cfg,experiments/data/hot8_scan_c96_seed47.in,LFU 2Q LIRS LFU,4,24 24 24 24,96,10000,7992,2008,0.7992,7992,2008,0.7992,0
configs/exp4/lfu_2q_lirs_lirs.cfg,experiments/data/hot8_scan_c96_seed47.in,LFU 2Q LIRS LIRS,4,24 24 24 24,96,10000,7992,2008,0.7992,7992,2008,0.7992,0
configs/exp4/lfu_2q_lirs_lru.cfg,experiments/data/hot8_scan_c96_seed47.in,LFU 2Q LIRS LRU,4,24 24 24 24,96,10000,7992,2008,0.7992,7992,2008,0.7992,0
configs/exp4/lfu_2q_lru.cfg,experiments/data/hot8_scan_c96_seed47.in,LFU 2Q LRU,3,32 32 32,96,10000,7992,2008,0.7992,7992,2008,0.7992,0
configs/exp4/lfu_2q_lru_2q.cfg,experiments/data/hot8_scan_c96_seed47.in,LFU 2Q LRU 2Q,4,24 24 24 24,96,10000,7992,2008,0.7992,7992,2008,0.7992,0
configs/exp4/lfu_2q_lru_arc.cfg,experiments/data/hot8_scan_c96_seed47.in,LFU 2Q LRU ARC,4,24 24 24 24,96,10000,7992,2008,0.7992,7992,2008,0.7992,0
configs/exp4/lfu_2q_lru_lfu.cfg,experiments/data/hot8_scan_c96_seed47.in,LFU 2Q LRU LFU,4,24 24 24 24,96,10000,7992,2008,0.7992,7992,2008,0.7992,0
configs/exp4/lfu_2q_lru_lirs.cfg,experiments/data/hot8_scan_c96_seed47.in,LFU 2Q LRU LIRS,4,24 24 24 24,96,10000,7992,2008,0.7992,7992,2008,0.7992,0
configs/exp4/lfu_2q_lru_lru.cfg,experiments/data/hot8_scan_c96_seed47.in,LFU 2Q LRU LRU,4,24 24 24 24,96,10000,7992,2008,0.7992,7992,2008,0.7992,0
configs/exp4/lfu_arc.cfg,experiments/data/hot8_scan_c96_seed47.in,LFU ARC,2,48 48,96,10000,7992,2008,0.7992,7992,2008,0.7992,0
configs/exp4/lfu_arc_2q.cfg,experiments/data/hot8_scan_c96_seed47.in,LFU ARC 2Q,3,32 32 32,96,10000,7992,2008,0.7992,7992,2008,0.7992,0
configs/exp4/lfu_arc_2q_2q.cfg,experiments/data/hot8_scan_c96_seed47.in,LFU ARC 2Q 2Q,4,24 24 24 24,96,10000,7992,2008,0.7992,7992,2008,0.7992,0
configs/exp4/lfu_arc_2q_arc.cfg,experiments/data/hot8_scan_c96_seed47.in,LFU ARC 2Q ARC,4,24 24 24 24,96,10000,7992,2008,0.7992,7992,2008,0.7992,0
configs/exp4/lfu_arc_2q_lfu.cfg,experiments/data/hot8_scan_c96_seed47.in,LFU ARC 2Q LFU,4,24 24 24 24,96,10000,7992,2008,0.7992,7992,2008,0.7992,0
configs/exp4/lfu_arc_2q_lirs.cfg,experiments/data/hot8_scan_c96_seed47.in,LFU ARC 2Q LIRS,4,24 24 24 24,96,10000,7992,2008,0.7992,7992,2008,0.7992,0
configs/exp4/lfu_arc_2q_lru.cfg,experiments/data/hot8_scan_c96_seed47.in,LFU ARC 2Q LRU,4,24 24 24 24,96,10000,7992,2008,0.7992,7992,2008,0.7992,0
configs/exp4/lfu_arc_arc.cfg,experiments/data/hot8_scan_c96_seed47.in,LFU ARC ARC,3,32 32 32,96,10000,7992,2008,0.7992,7992,2008,0.7992,0
configs/exp4/lfu_arc_arc_2q.cfg,experiments/data/hot8_scan_c96_seed47.in,LFU ARC ARC 2Q,4,24 24 24 24,96,10000,7992,2008,0.7992,7992,2008,0.7992,0
configs/exp4/lfu_arc_arc_arc.cfg,experiments/data/hot8_scan_c96_seed47.in,LFU ARC ARC ARC,4,24 24 24 24,96,10000,7992,2008,0.7992,7992,2008,0.7992,0
configs/exp4/lfu_arc_arc_lfu.cfg,experiments/data/hot8_scan_c96_seed47.in,LFU ARC ARC LFU,4,24 24 24 24,96,10000,7992,2008,0.7992,7992,2008,0.7992,0
configs/exp4/lfu_arc_arc_lirs.cfg,experiments/data/hot8_scan_c96_seed47.in,LFU ARC ARC LIRS,4,24 24 24 24,96,10000,7992,2008,0.7992,7992,2008,0.7992,0
configs/exp4/lfu_arc_arc_lru.cfg,experiments/data/hot8_scan_c96_seed47.in,LFU ARC ARC LRU,4,24 24 24 24,96,10000,7992,2008,0.7992,7992,2008,0.7992,0
configs/exp4/lfu_arc_lfu.cfg,experiments/data/hot8_scan_c96_seed47.in,LFU ARC LFU,3,32 32 32,96,10000,7992,2008,0.7992,7992,2008,0.7992,0
configs/exp4/lfu_arc_lfu_2q.cfg,experiments/data/hot8_scan_c96_seed47.in,LFU ARC LFU 2Q,4,24 24 24 24,96,10000,7992,2008,0.7992,7992,2008,0.7992,0
configs/exp4/lfu_arc_lfu_arc.cfg,experiments/data/hot8_scan_c96_seed47.in,LFU ARC LFU ARC,4,24 24 24 24,96,10000,7992,2008,0.7992,7992,2008,0.7992,0
configs/exp4/lfu_arc_lfu_lfu.cfg,experiments/data/hot8_scan_c96_seed47.in,LFU ARC LFU LFU,4,24 24 24 24,96,10000,7992,2008,0.7992,7992,2008,0.7992,0
configs/exp4/lfu_arc_lfu_lirs.cfg,experiments/data/hot8_scan_c96_seed47.in,LFU ARC LFU LIRS,4,24 24 24 24,96,10000,7992,2008,0.7992,7992,2008,0.7992,0
configs/exp4/lfu_arc_lfu_lru.cfg,experiments/data/hot8_scan_c96_seed47.in,LFU ARC LFU LRU,4,24 24 24 24,96,10000,7992,2008,0.7992,7992,2008,0.7992,0
configs/exp4/lfu_arc_lirs.cfg,experiments/data/hot8_scan_c96_seed47.in,LFU ARC LIRS,3,32 32 32,96,10000,7992,2008,0.7992,7992,2008,0.7992,0
configs/exp4/lfu_arc_lirs_2q.cfg,experiments/data/hot8_scan_c96_seed47.in,LFU ARC LIRS 2Q,4,24 24 24 24,96,10000,7992,2008,0.7992,7992,2008,0.7992,0
configs/exp4/lfu_arc_lirs_arc.cfg,experiments/data/hot8_scan_c96_seed47.in,LFU ARC LIRS ARC,4,24 24 24 24,96,10000,7992,2008,0.7992,7992,2008,0.7992,0
configs/exp4/lfu_arc_lirs_lfu.cfg,experiments/data/hot8_scan_c96_seed47.in,LFU ARC LIRS LFU,4,24 24 24 24,96,10000,7992,2008,0.7992,7992,2008,0.7992,0
configs/exp4/lfu_arc_lirs_lirs.cfg,experiments/data/hot8_scan_c96_seed47.in,LFU ARC LIRS LIRS,4,24 24 24 24,96,10000,7992,2008,0.7992,7992,2008,0.7992,0
configs/exp4/lfu_arc_lirs_lru.cfg,experiments/data/hot8_scan_c96_seed47.in,LFU ARC LIRS LRU,4,24 24 24 24,96,10000,7992,2008,0.7992,7992,2008,0.7992,0
configs/exp4/lfu_arc_lru.cfg,experiments/data/hot8_scan_c96_seed47.in,LFU ARC LRU,3,32 32 32,96,10000,7992,2008,0.7992,7992,2008,0.7992,0
configs/exp4/lfu_arc_lru_2q.cfg,experiments/data/hot8_scan_c96_seed47.in,LFU ARC LRU 2Q,4,24 24 24 24,96,10000,7992,2008,0.7992,7992,2008,0.7992,0
configs/exp4/lfu_arc_lru_arc.cfg,experiments/data/hot8_scan_c96_seed47.in,LFU ARC LRU ARC,4,24 24 24 24,96,10000,7992,2008,0.7992,7992,2008,0.7992,0
configs/exp4/lfu_arc_lru_lfu.cfg,experiments/data/hot8_scan_c96_seed47.in,LFU ARC LRU LFU,4,24 24 24 24,96,10000,7992,2008,0.7992,7992,2008,0.7992,0
configs/exp4/lfu_arc_lru_lirs.cfg,experiments/data/hot8_scan_c96_seed47.in,LFU ARC LRU LIRS,4,24 24 24 24,96,10000,7992,2008,0.7992,7992,2008,0.7992,0
configs/exp4/lfu_arc_lru_lru.cfg,experiments/data/hot8_scan_c96_seed47.in,LFU ARC LRU LRU,4,24 24 24 24,96,10000,7992,2008,0.7992,7992,2008,0.7992,0
configs/exp4/lfu_lfu_2q.cfg,experiments/data/hot8_scan_c96_seed47.in,LFU LFU 2Q,3,32 32 32,96,10000,7992,2008,0.7992,7992,2008,0.7992,0
configs/exp4/lfu_lfu_2q_2q.cfg,experiments/data/hot8_scan_c96_seed47.in,LFU LFU 2Q 2Q,4,24 24 24 24,96,10000,7992,2008,0.7992,7992,2008,0.7992,0
configs/exp4/lfu_lfu_2q_arc.cfg,experiments/data/hot8_scan_c96_seed47.in,LFU LFU 2Q ARC,4,24 24 24 24,96,10000,7992,2008,0.7992,7992,2008,0.7992,0
configs/exp4/lfu_lfu_2q_lfu.cfg,experiments/data/hot8_scan_c96_seed47.in,LFU LFU 2Q LFU,4,24 24 24 24,96,10000,7992,2008,0.7992,7992,2008,0.7992,0
configs/exp4/lfu_lfu_2q_lirs.cfg,experiments/data/hot8_scan_c96_seed47.in,LFU LFU 2Q LIRS,4,24 24 24 24,96,10000,7992,2008,0.7992,7992,2008,0.7992,0
configs/exp4/lfu_lfu_2q_lru.cfg,experiments/data/hot8_scan_c96_seed47.in,LFU LFU 2Q LRU,4,24 24 24 24,96,10000,7992,2008,0.7992,7992,2008,0.7992,0
configs/exp4/lfu_lfu_arc.cfg,experiments/data/hot8_scan_c96_seed47.in,LFU LFU ARC,3,32 32 32,96,10000,7992,2008,0.7992,7992,2008,0.7992,0
configs/exp4/lfu_lfu_arc_2q.cfg,experiments/data/hot8_scan_c96_seed47.in,LFU LFU ARC 2Q,4,24 24 24 24,96,10000,7992,2008,0.7992,7992,2008,0.7992,0
configs/exp4/lfu_lfu_arc_arc.cfg,experiments/data/hot8_scan_c96_seed47.in,LFU LFU ARC ARC,4,24 24 24 24,96,10000,7992,2008,0.7992,7992,2008,0.7992,0
configs/exp4/lfu_lfu_arc_lfu.cfg,experiments/data/hot8_scan_c96_seed47.in,LFU LFU ARC LFU,4,24 24 24 24,96,10000,7992,2008,0.7992,7992,2008,0.7992,0
configs/exp4/lfu_lfu_arc_lirs.cfg,experiments/data/hot8_scan_c96_seed47.in,LFU LFU ARC LIRS,4,24 24 24 24,96,10000,7992,2008,0.7992,7992,2008,0.7992,0
configs/exp4/lfu_lfu_arc_lru.cfg,experiments/data/hot8_scan_c96_seed47.in,LFU LFU ARC LRU,4,24 24 24 24,96,10000,7992,2008,0.7992,7992,2008,0.7992,0
configs/exp4/lfu_lfu_lfu_2q.cfg,experiments/data/hot8_scan_c96_seed47.in,LFU LFU LFU 2Q,4,24 24 24 24,96,10000,7992,2008,0.7992,7992,2008,0.7992,0
configs/exp4/lfu_lfu_lfu_arc.cfg,experiments/data/hot8_scan_c96_seed47.in,LFU LFU LFU ARC,4,24 24 24 24,96,10000,7992,2008,0.7992,7992,2008,0.7992,0
configs/exp4/lfu_lfu_lfu_lirs.cfg,experiments/data/hot8_scan_c96_seed47.in,LFU LFU LFU LIRS,4,24 24 24 24,96,10000,7992,2008,0.7992,7992,2008,0.7992,0
configs/exp4/lfu_lfu_lfu_lru.cfg,experiments/data/hot8_scan_c96_seed47.in,LFU LFU LFU LRU,4,24 24 24 24,96,10000,7992,2008,0.7992,7992,2008,0.7992,0
configs/exp4/lfu_lfu_lirs.cfg,experiments/data/hot8_scan_c96_seed47.in,LFU LFU LIRS,3,32 32 32,96,10000,7992,2008,0.7992,7992,2008,0.7992,0
configs/exp4/lfu_lfu_lirs_2q.cfg,experiments/data/hot8_scan_c96_seed47.in,LFU LFU LIRS 2Q,4,24 24 24 24,96,10000,7992,2008,0.7992,7992,2008,0.7992,0
configs/exp4/lfu_lfu_lirs_arc.cfg,experiments/data/hot8_scan_c96_seed47.in,LFU LFU LIRS ARC,4,24 24 24 24,96,10000,7992,2008,0.7992,7992,2008,0.7992,0
configs/exp4/lfu_lfu_lirs_lfu.cfg,experiments/data/hot8_scan_c96_seed47.in,LFU LFU LIRS LFU,4,24 24 24 24,96,10000,7992,2008,0.7992,7992,2008,0.7992,0
configs/exp4/lfu_lfu_lirs_lirs.cfg,experiments/data/hot8_scan_c96_seed47.in,LFU LFU LIRS LIRS,4,24 24 24 24,96,10000,7992,2008,0.7992,7992,2008,0.7992,0
configs/exp4/lfu_lfu_lirs_lru.cfg,experiments/data/hot8_scan_c96_seed47.in,LFU LFU LIRS LRU,4,24 24 24 24,96,10000,7992,2008,0.7992,7992,2008,0.7992,0
configs/exp4/lfu_lfu_lru.cfg,experiments/data/hot8_scan_c96_seed47.in,LFU LFU LRU,3,32 32 32,96,10000,7992,2008,0.7992,7992,2008,0.7992,0
configs/exp4/lfu_lfu_lru_2q.cfg,experiments/data/hot8_scan_c96_seed47.in,LFU LFU LRU 2Q,4,24 24 24 24,96,10000,7992,2008,0.7992,7992,2008,0.7992,0
configs/exp4/lfu_lfu_lru_arc.cfg,experiments/data/hot8_scan_c96_seed47.in,LFU LFU LRU ARC,4,24 24 24 24,96,10000,7992,2008,0.7992,7992,2008,0.7992,0
configs/exp4/lfu_lfu_lru_lfu.cfg,experiments/data/hot8_scan_c96_seed47.in,LFU LFU LRU LFU,4,24 24 24 24,96,10000,7992,2008,0.7992,7992,2008,0.7992,0
configs/exp4/lfu_lfu_lru_lirs.cfg,experiments/data/hot8_scan_c96_seed47.in,LFU LFU LRU LIRS,4,24 24 24 24,96,10000,7992,2008,0.7992,7992,2008,0.7992,0
configs/exp4/lfu_lfu_lru_lru.cfg,experiments/data/hot8_scan_c96_seed47.in,LFU LFU LRU LRU,4,24 24 24 24,96,10000,7992,2008,0.7992,7992,2008,0.7992,0
configs/exp4/lfu_lirs.cfg,experiments/data/hot8_scan_c96_seed47.in,LFU LIRS,2,48 48,96,10000,7992,2008,0.7992,7992,2008,0.7992,0
configs/exp4/lfu_lirs_2q.cfg,experiments/data/hot8_scan_c96_seed47.in,LFU LIRS 2Q,3,32 32 32,96,10000,7992,2008,0.7992,7992,2008,0.7992,0
configs/exp4/lfu_lirs_2q_2q.cfg,experiments/data/hot8_scan_c96_seed47.in,LFU LIRS 2Q 2Q,4,24 24 24 24,96,10000,7992,2008,0.7992,7992,2008,0.7992,0
configs/exp4/lfu_lirs_2q_arc.cfg,experiments/data/hot8_scan_c96_seed47.in,LFU LIRS 2Q ARC,4,24 24 24 24,96,10000,7992,2008,0.7992,7992,2008,0.7992,0
configs/exp4/lfu_lirs_2q_lfu.cfg,experiments/data/hot8_scan_c96_seed47.in,LFU LIRS 2Q LFU,4,24 24 24 24,96,10000,7992,2008,0.7992,7992,2008,0.7992,0
configs/exp4/lfu_lirs_2q_lirs.cfg,experiments/data/hot8_scan_c96_seed47.in,LFU LIRS 2Q LIRS,4,24 24 24 24,96,10000,7992,2008,0.7992,7992,2008,0.7992,0
configs/exp4/lfu_lirs_2q_lru.cfg,experiments/data/hot8_scan_c96_seed47.in,LFU LIRS 2Q LRU,4,24 24 24 24,96,10000,7992,2008,0.7992,7992,2008,0.7992,0
configs/exp4/lfu_lirs_arc.cfg,experiments/data/hot8_scan_c96_seed47.in,LFU LIRS ARC,3,32 32 32,96,10000,7992,2008,0.7992,7992,2008,0.7992,0
configs/exp4/lfu_lirs_arc_2q.cfg,experiments/data/hot8_scan_c96_seed47.in,LFU LIRS ARC 2Q,4,24 24 24 24,96,10000,7992,2008,0.7992,7992,2008,0.7992,0
configs/exp4/lfu_lirs_arc_arc.cfg,experiments/data/hot8_scan_c96_seed47.in,LFU LIRS ARC ARC,4,24 24 24 24,96,10000,7992,2008,0.7992,7992,2008,0.7992,0
configs/exp4/lfu_lirs_arc_lfu.cfg,experiments/data/hot8_scan_c96_seed47.in,LFU LIRS ARC LFU,4,24 24 24 24,96,10000,7992,2008,0.7992,7992,2008,0.7992,0
configs/exp4/lfu_lirs_arc_lirs.cfg,experiments/data/hot8_scan_c96_seed47.in,LFU LIRS ARC LIRS,4,24 24 24 24,96,10000,7992,2008,0.7992,7992,2008,0.7992,0
configs/exp4/lfu_lirs_arc_lru.cfg,experiments/data/hot8_scan_c96_seed47.in,LFU LIRS ARC LRU,4,24 24 24 24,96,10000,7992,2008,0.7992,7992,2008,0.7992,0
configs/exp4/lfu_lirs_lfu.cfg,experiments/data/hot8_scan_c96_seed47.in,LFU LIRS LFU,3,32 32 32,96,10000,7992,2008,0.7992,7992,2008,0.7992,0
configs/exp4/lfu_lirs_lfu_2q.cfg,experiments/data/hot8_scan_c96_seed47.in,LFU LIRS LFU 2Q,4,24 24 24 24,96,10000,7992,2008,0.7992,7992,2008,0.7992,0
configs/exp4/lfu_lirs_lfu_arc.cfg,experiments/data/hot8_scan_c96_seed47.in,LFU LIRS LFU ARC,4,24 24 24 24,96,10000,7992,2008,0.7992,7992,2008,0.7992,0
configs/exp4/lfu_lirs_lfu_lfu.cfg,experiments/data/hot8_scan_c96_seed47.in,LFU LIRS LFU LFU,4,24 24 24 24,96,10000,7992,2008,0.7992,7992,2008,0.7992,0
configs/exp4/lfu_lirs_lfu_lirs.cfg,experiments/data/hot8_scan_c96_seed47.in,LFU LIRS LFU LIRS,4,24 24 24 24,96,10000,7992,2008,0.7992,7992,2008,0.7992,0
configs/exp4/lfu_lirs_lfu_lru.cfg,experiments/data/hot8_scan_c96_seed47.in,LFU LIRS LFU LRU,4,24 24 24 24,96,10000,7992,2008,0.7992,7992,2008,0.7992,0
configs/exp4/lfu_lirs_lirs.cfg,experiments/data/hot8_scan_c96_seed47.in,LFU LIRS LIRS,3,32 32 32,96,10000,7992,2008,0.7992,7992,2008,0.7992,0
configs/exp4/lfu_lirs_lirs_2q.cfg,experiments/data/hot8_scan_c96_seed47.in,LFU LIRS LIRS 2Q,4,24 24 24 24,96,10000,7992,2008,0.7992,7992,2008,0.7992,0
configs/exp4/lfu_lirs_lirs_arc.cfg,experiments/data/hot8_scan_c96_seed47.in,LFU LIRS LIRS ARC,4,24 24 24 24,96,10000,7992,2008,0.7992,7992,2008,0.7992,0
configs/exp4/lfu_lirs_lirs_lfu.cfg,experiments/data/hot8_scan_c96_seed47.in,LFU LIRS LIRS LFU,4,24 24 24 24,96,10000,7992,2008,0.7992,7992,2008,0.7992,0
configs/exp4/lfu_lirs_lirs_lirs.cfg,experiments/data/hot8_scan_c96_seed47.in,LFU LIRS LIRS LIRS,4,24 24 24 24,96,10000,7992,2008,0.7992,7992,2008,0.7992,0
configs/exp4/lfu_lirs_lirs_lru.cfg,experiments/data/hot8_scan_c96_seed47.in,LFU LIRS LIRS LRU,4,24 24 24 24,96,10000,7992,2008,0.7992,7992,2008,0.7992,0
configs/exp4/lfu_lirs_lru.cfg,experiments/data/hot8_scan_c96_seed47.in,LFU LIRS LRU,3,32 32 32,96,10000,7992,2008,0.7992,7992,2008,0.7992,0
configs/exp4/lfu_lirs_lru_2q.cfg,experiments/data/hot8_scan_c96_seed47.in,LFU LIRS LRU 2Q,4,24 24 24 24,96,10000,7992,2008,0.7992,7992,2008,0.7992,0
configs/exp4/lfu_lirs_lru_arc.cfg,experiments/data/hot8_scan_c96_seed47.in,LFU LIRS LRU ARC,4,24 24 24 24,96,10000,7992,2008,0.7992,7992,2008,0.7992,0
configs/exp4/lfu_lirs_lru_lfu.cfg,experiments/data/hot8_scan_c96_seed47.in,LFU LIRS LRU LFU,4,24 24 24 24,96,10000,7992,2008,0.7992,7992,2008,0.7992,0
configs/exp4/lfu_lirs_lru_lirs.cfg,experiments/data/hot8_scan_c96_seed47.in,LFU LIRS LRU LIRS,4,24 24 24 24,96,10000,7992,2008,0.7992,7992,2008,0.7992,0
configs/exp4/lfu_lirs_lru_lru.cfg,experiments/data/hot8_scan_c96_seed47.in,LFU LIRS LRU LRU,4,24 24 24 24,96,10000,7992,2008,0.7992,7992,2008,0.7992,0
configs/exp4/lfu_lru.cfg,experiments/data/hot8_scan_c96_seed47.in,LFU LRU,2,48 48,96,10000,7992,2008,0.7992,7992,2008,0.7992,0
configs/exp4/lfu_lru_2q.cfg,experiments/data/hot8_scan_c96_seed47.in,LFU LRU 2Q,3,32 32 32,96,10000,7992,2008,0.7992,7992,2008,0.7992,0
configs/exp4/lfu_lru_2q_2q.cfg,experiments/data/hot8_scan_c96_seed47.in,LFU LRU 2Q 2Q,4,24 24 24 24,96,10000,7992,2008,0.7992,7992,2008,0.7992,0
configs/exp4/lfu_lru_2q_arc.cfg,experiments/data/hot8_scan_c96_seed47.in,LFU LRU 2Q ARC,4,24 24 24 24,96,10000,7992,2008,0.7992,7992,2008,0.7992,0
configs/exp4/lfu_lru_2q_lfu.cfg,experiments/data/hot8_scan_c96_seed47.in,LFU LRU 2Q LFU,4,24 24 24 24,96,10000,7992,2008,0.7992,7992,2008,0.7992,0
configs/exp4/lfu_lru_2q_lirs.cfg,experiments/data/hot8_scan_c96_seed47.in,LFU LRU 2Q LIRS,4,24 24 24 24,96,10000,7992,2008,0.7992,7992,2008,0.7992,0
configs/exp4/lfu_lru_2q_lru.cfg,experiments/data/hot8_scan_c96_seed47.in,LFU LRU 2Q LRU,4,24 24 24 24,96,10000,7992,2008,0.7992,7992,2008,0.7992,0
configs/exp4/lfu_lru_arc.cfg,experiments/data/hot8_scan_c96_seed47.in,LFU LRU ARC,3,32 32 32,96,10000,7992,2008,0.7992,7992,2008,0.7992,0
configs/exp4/lfu_lru_arc_2q.cfg,experiments/data/hot8_scan_c96_seed47.in,LFU LRU ARC 2Q,4,24 24 24 24,96,10000,7992,2008,0.7992,7992,2008,0.7992,0
configs/exp4/lfu_lru_arc_arc.cfg,experiments/data/hot8_scan_c96_seed47.in,LFU LRU ARC ARC,4,24 24 24 24,96,10000,7992,2008,0.7992,7992,2008,0.7992,0
configs/exp4/lfu_lru_arc_lfu.cfg,experiments/data/hot8_scan_c96_seed47.in,LFU LRU ARC LFU,4,24 24 24 24,96,10000,7992,2008,0.7992,7992,2008,0.7992,0
configs/exp4/lfu_lru_arc_lirs.cfg,experiments/data/hot8_scan_c96_seed47.in,LFU LRU ARC LIRS,4,24 24 24 24,96,10000,7992,2008,0.7992,7992,2008,0.7992,0
configs/exp4/lfu_lru_arc_lru.cfg,experiments/data/hot8_scan_c96_seed47.in,LFU LRU ARC LRU,4,24 24 24 24,96,10000,7992,2008,0.7992,7992,2008,0.7992,0
configs/exp4/lfu_lru_lfu.cfg,experiments/data/hot8_scan_c96_seed47.in,LFU LRU LFU,3,32 32 32,96,10000,7992,2008,0.7992,7992,2008,0.7992,0
configs/exp4/lfu_lru_lfu_2q.cfg,experiments/data/hot8_scan_c96_seed47.in,LFU LRU LFU 2Q,4,24 24 24 24,96,10000,7992,2008,0.7992,7992,2008,0.7992,0
configs/exp4/lfu_lru_lfu_arc.cfg,experiments/data/hot8_scan_c96_seed47.in,LFU LRU LFU ARC,4,24 24 24 24,96,10000,7992,2008,0.7992,7992,2008,0.7992,0
configs/exp4/lfu_lru_lfu_lfu.cfg,experiments/data/hot8_scan_c96_seed47.in,LFU LRU LFU LFU,4,24 24 24 24,96,10000,7992,2008,0.7992,7992,2008,0.7992,0
configs/exp4/lfu_lru_lfu_lirs.cfg,experiments/data/hot8_scan_c96_seed47.in,LFU LRU LFU LIRS,4,24 24 24 24,96,10000,7992,2008,0.7992,7992,2008,0.7992,0
configs/exp4/lfu_lru_lfu_lru.cfg,experiments/data/hot8_scan_c96_seed47.in,LFU LRU LFU LRU,4,24 24 24 24,96,10000,7992,2008,0.7992,7992,2008,0.7992,0
configs/exp4/lfu_lru_lirs.cfg,experiments/data/hot8_scan_c96_seed47.in,LFU LRU LIRS,3,32 32 32,96,10000,7992,2008,0.7992,7992,2008,0.7992,0
configs/exp4/lfu_lru_lirs_2q.cfg,experiments/data/hot8_scan_c96_seed47.in,LFU LRU LIRS 2Q,4,24 24 24 24,96,10000,7992,2008,0.7992,7992,2008,0.7992,0
configs/exp4/lfu_lru_lirs_arc.cfg,experiments/data/hot8_scan_c96_seed47.in,LFU LRU LIRS ARC,4,24 24 24 24,96,10000,7992,2008,0.7992,7992,2008,0.7992,0
configs/exp4/lfu_lru_lirs_lfu.cfg,experiments/data/hot8_scan_c96_seed47.in,LFU LRU LIRS LFU,4,24 24 24 24,96,10000,7992,2008,0.7992,7992,2008,0.7992,0
configs/exp4/lfu_lru_lirs_lirs.cfg,experiments/data/hot8_scan_c96_seed47.in,LFU LRU LIRS LIRS,4,24 24 24 24,96,10000,7992,2008,0.7992,7992,2008,0.7992,0
configs/exp4/lfu_lru_lirs_lru.cfg,experiments/data/hot8_scan_c96_seed47.in,LFU LRU LIRS LRU,4,24 24 24 24,96,10000,7992,2008,0.7992,7992,2008,0.7992,0
configs/exp4/lfu_lru_lru.cfg,experiments/data/hot8_scan_c96_seed47.in,LFU LRU LRU,3,32 32 32,96,10000,7992,2008,0.7992,7992,2008,0.7992,0
configs/exp4/lfu_lru_lru_2q.cfg,experiments/data/hot8_scan_c96_seed47.in,LFU LRU LRU 2Q,4,24 24 24 24,96,10000,7992,2008,0.7992,7992,2008,0.7992,0
configs/exp4/lfu_lru_lru_arc.cfg,experiments/data/hot8_scan_c96_seed47.in,LFU LRU LRU ARC,4,24 24 24 24,96,10000,7992,2008,0.7992,7992,2008,0.7992,0
configs/exp4/lfu_lru_lru_lfu.cfg,experiments/data/hot8_scan_c96_seed47.in,LFU LRU LRU LFU,4,24 24 24 24,96,10000,7992,2008,0.7992,7992,2008,0.7992,0
configs/exp4/lfu_lru_lru_lirs.cfg,experiments/data/hot8_scan_c96_seed47.in,LFU LRU LRU LIRS,4,24 24 24 24,96,10000,7992,2008,0.7992,7992,2008,0.7992,0
configs/exp4/lfu_lru_lru_lru.cfg,experiments/data/hot8_scan_c96_seed47.in,LFU LRU LRU LRU,4,24 24 24 24,96,10000,7992,2008,0.7992,7992,2008,0.7992,0
configs/exp4/lirs_2q.cfg,experiments/data/hot8_scan_c96_seed47.in,LIRS 2Q,2,48 48,96,10000,7992,2008,0.7992,7992,2008,0.7992,0
configs/exp4/lirs_2q_2q.cfg,experiments/data/hot8_scan_c96_seed47.in,LIRS 2Q 2Q,3,32 32 32,96,10000,7992,2008,0.7992,7992,2008,0.7992,0
configs/exp4/lirs_2q_2q_2q.cfg,experiments/data/hot8_scan_c96_seed47.in,LIRS 2Q 2Q 2Q,4,24 24 24 24,96,10000,7992,2008,0.7992,7992,2008,0.7992,0
configs/exp4/lirs_2q_2q_arc.cfg,experiments/data/hot8_scan_c96_seed47.in,LIRS 2Q 2Q ARC,4,24 24 24 24,96,10000,7992,2008,0.7992,7992,2008,0.7992,0
configs/exp4/lirs_2q_2q_lfu.cfg,experiments/data/hot8_scan_c96_seed47.in,LIRS 2Q 2Q LFU,4,24 24 24 24,96,10000,7992,2008,0.7992,7992,2008,0.7992,0
configs/exp4/lirs_2q_2q_lirs.cfg,experiments/data/hot8_scan_c96_seed47.in,LIRS 2Q 2Q LIRS,4,24 24 24 24,96,10000,7992,2008,0.7992,7992,2008,0.7992,0
configs/exp4/lirs_2q_2q_lru.cfg,experiments/data/hot8_scan_c96_seed47.in,LIRS 2Q 2Q LRU,4,24 24 24 24,96,10000,7992,2008,0.7992,7992,2008,0.7992,0
configs/exp4/lirs_2q_arc.cfg,experiments/data/hot8_scan_c96_seed47.in,LIRS 2Q ARC,3,32 32 32,96,10000,7992,2008,0.7992,7992,2008,0.7992,0
configs/exp4/lirs_2q_arc_2q.cfg,experiments/data/hot8_scan_c96_seed47.in,LIRS 2Q ARC 2Q,4,24 24 24 24,96,10000,7992,2008,0.7992,7992,2008,0.7992,0
configs/exp4/lirs_2q_arc_arc.cfg,experiments/data/hot8_scan_c96_seed47.in,LIRS 2Q ARC ARC,4,24 24 24 24,96,10000,7992,2008,0.7992,7992,2008,0.7992,0
configs/exp4/lirs_2q_arc_lfu.cfg,experiments/data/hot8_scan_c96_seed47.in,LIRS 2Q ARC LFU,4,24 24 24 24,96,10000,7992,2008,0.7992,7992,2008,0.7992,0
configs/exp4/lirs_2q_arc_lirs.cfg,experiments/data/hot8_scan_c96_seed47.in,LIRS 2Q ARC LIRS,4,24 24 24 24,96,10000,7992,2008,0.7992,7992,2008,0.7992,0
configs/exp4/lirs_2q_arc_lru.cfg,experiments/data/hot8_scan_c96_seed47.in,LIRS 2Q ARC LRU,4,24 24 24 24,96,10000,7992,2008,0.7992,7992,2008,0.7992,0
configs/exp4/lirs_2q_lfu.cfg,experiments/data/hot8_scan_c96_seed47.in,LIRS 2Q LFU,3,32 32 32,96,10000,7992,2008,0.7992,7992,2008,0.7992,0
configs/exp4/lirs_2q_lfu_2q.cfg,experiments/data/hot8_scan_c96_seed47.in,LIRS 2Q LFU 2Q,4,24 24 24 24,96,10000,7992,2008,0.7992,7992,2008,0.7992,0
configs/exp4/lirs_2q_lfu_arc.cfg,experiments/data/hot8_scan_c96_seed47.in,LIRS 2Q LFU ARC,4,24 24 24 24,96,10000,7992,2008,0.7992,7992,2008,0.7992,0
configs/exp4/lirs_2q_lfu_lfu.cfg,experiments/data/hot8_scan_c96_seed47.in,LIRS 2Q LFU LFU,4,24 24 24 24,96,10000,7992,2008,0.7992,7992,2008,0.7992,0
configs/exp4/lirs_2q_lfu_lirs.cfg,experiments/data/hot8_scan_c96_seed47.in,LIRS 2Q LFU LIRS,4,24 24 24 24,96,10000,7992,2008,0.7992,7992,2008,0.7992,0
configs/exp4/lirs_2q_lfu_lru.cfg,experiments/data/hot8_scan_c96_seed47.in,LIRS 2Q LFU LRU,4,24 24 24 24,96,10000,7992,2008,0.7992,7992,2008,0.7992,0
configs/exp4/lirs_2q_lirs.cfg,experiments/data/hot8_scan_c96_seed47.in,LIRS 2Q LIRS,3,32 32 32,96,10000,7992,2008,0.7992,7992,2008,0.7992,0
configs/exp4/lirs_2q_lirs_2q.cfg,experiments/data/hot8_scan_c96_seed47.in,LIRS 2Q LIRS 2Q,4,24 24 24 24,96,10000,7992,2008,0.7992,7992,2008,0.7992,0
configs/exp4/lirs_2q_lirs_arc.cfg,experiments/data/hot8_scan_c96_seed47.in,LIRS 2Q LIRS ARC,4,24 24 24 24,96,10000,7992,2008,0.7992,7992,2008,0.7992,0
configs/exp4/lirs_2q_lirs_lfu.cfg,experiments/data/hot8_scan_c96_seed47.in,LIRS 2Q LIRS LFU,4,24 24 24 24,96,10000,7992,2008,0.7992,7992,2008,0.7992,0
configs/exp4/lirs_2q_lirs_lirs.cfg,experiments/data/hot8_scan_c96_seed47.in,LIRS 2Q LIRS LIRS,4,24 24 24 24,96,10000,7992,2008,0.7992,7992,2008,0.7992,0
configs/exp4/lirs_2q_lirs_lru.cfg,experiments/data/hot8_scan_c96_seed47.in,LIRS 2Q LIRS LRU,4,24 24 24 24,96,10000,7992,2008,0.7992,7992,2008,0.7992,0
configs/exp4/lirs_2q_lru.cfg,experiments/data/hot8_scan_c96_seed47.in,LIRS 2Q LRU,3,32 32 32,96,10000,7992,2008,0.7992,7992,2008,0.7992,0
configs/exp4/lirs_2q_lru_2q.cfg,experiments/data/hot8_scan_c96_seed47.in,LIRS 2Q LRU 2Q,4,24 24 24 24,96,10000,7992,2008,0.7992,7992,2008,0.7992,0
configs/exp4/lirs_2q_lru_arc.cfg,experiments/data/hot8_scan_c96_seed47.in,LIRS 2Q LRU ARC,4,24 24 24 24,96,10000,7992,2008,0.7992,7992,2008,0.7992,0
configs/exp4/lirs_2q_lru_lfu.cfg,experiments/data/hot8_scan_c96_seed47.in,LIRS 2Q LRU LFU,4,24 24 24 24,96,10000,7992,2008,0.7992,7992,2008,0.7992,0
configs/exp4/lirs_2q_lru_lirs.cfg,experiments/data/hot8_scan_c96_seed47.in,LIRS 2Q LRU LIRS,4,24 24 24 24,96,10000,7992,2008,0.7992,7992,2008,0.7992,0
configs/exp4/lirs_2q_lru_lru.cfg,experiments/data/hot8_scan_c96_seed47.in,LIRS 2Q LRU LRU,4,24 24 24 24,96,10000,7992,2008,0.7992,7992,2008,0.7992,0
configs/exp4/lirs_arc.cfg,experiments/data/hot8_scan_c96_seed47.in,LIRS ARC,2,48 48,96,10000,7992,2008,0.7992,7992,2008,0.7992,0
configs/exp4/lirs_arc_2q.cfg,experiments/data/hot8_scan_c96_seed47.in,LIRS ARC 2Q,3,32 32 32,96,10000,7992,2008,0.7992,7992,2008,0.7992,0
configs/exp4/lirs_arc_2q_2q.cfg,experiments/data/hot8_scan_c96_seed47.in,LIRS ARC 2Q 2Q,4,24 24 24 24,96,10000,7992,2008,0.7992,7992,2008,0.7992,0
configs/exp4/lirs_arc_2q_arc.cfg,experiments/data/hot8_scan_c96_seed47.in,LIRS ARC 2Q ARC,4,24 24 24 24,96,10000,7992,2008,0.7992,7992,2008,0.7992,0
configs/exp4/lirs_arc_2q_lfu.cfg,experiments/data/hot8_scan_c96_seed47.in,LIRS ARC 2Q LFU,4,24 24 24 24,96,10000,7992,2008,0.7992,7992,2008,0.7992,0
configs/exp4/lirs_arc_2q_lirs.cfg,experiments/data/hot8_scan_c96_seed47.in,LIRS ARC 2Q LIRS,4,24 24 24 24,96,10000,7992,2008,0.7992,7992,2008,0.7992,0
configs/exp4/lirs_arc_2q_lru.cfg,experiments/data/hot8_scan_c96_seed47.in,LIRS ARC 2Q LRU,4,24 24 24 24,96,10000,7992,2008,0.7992,7992,2008,0.7992,0
configs/exp4/lirs_arc_arc.cfg,experiments/data/hot8_scan_c96_seed47.in,LIRS ARC ARC,3,32 32 32,96,10000,7992,2008,0.7992,7992,2008,0.7992,0
configs/exp4/lirs_arc_arc_2q.cfg,experiments/data/hot8_scan_c96_seed47.in,LIRS ARC ARC 2Q,4,24 24 24 24,96,10000,7992,2008,0.7992,7992,2008,0.7992,0
configs/exp4/lirs_arc_arc_arc.cfg,experiments/data/hot8_scan_c96_seed47.in,LIRS ARC ARC ARC,4,24 24 24 24,96,10000,7992,2008,0.7992,7992,2008,0.7992,0
configs/exp4/lirs_arc_arc_lfu.cfg,experiments/data/hot8_scan_c96_seed47.in,LIRS ARC ARC LFU,4,24 24 24 24,96,10000,7992,2008,0.7992,7992,2008,0.7992,0
configs/exp4/lirs_arc_arc_lirs.cfg,experiments/data/hot8_scan_c96_seed47.in,LIRS ARC ARC LIRS,4,24 24 24 24,96,10000,7992,2008,0.7992,7992,2008,0.7992,0
configs/exp4/lirs_arc_arc_lru.cfg,experiments/data/hot8_scan_c96_seed47.in,LIRS ARC ARC LRU,4,24 24 24 24,96,10000,7992,2008,0.7992,7992,2008,0.7992,0
configs/exp4/lirs_arc_lfu.cfg,experiments/data/hot8_scan_c96_seed47.in,LIRS ARC LFU,3,32 32 32,96,10000,7992,2008,0.7992,7992,2008,0.7992,0
configs/exp4/lirs_arc_lfu_2q.cfg,experiments/data/hot8_scan_c96_seed47.in,LIRS ARC LFU 2Q,4,24 24 24 24,96,10000,7992,2008,0.7992,7992,2008,0.7992,0
configs/exp4/lirs_arc_lfu_arc.cfg,experiments/data/hot8_scan_c96_seed47.in,LIRS ARC LFU ARC,4,24 24 24 24,96,10000,7992,2008,0.7992,7992,2008,0.7992,0
configs/exp4/lirs_arc_lfu_lfu.cfg,experiments/data/hot8_scan_c96_seed47.in,LIRS ARC LFU LFU,4,24 24 24 24,96,10000,7992,2008,0.7992,7992,2008,0.7992,0
configs/exp4/lirs_arc_lfu_lirs.cfg,experiments/data/hot8_scan_c96_seed47.in,LIRS ARC LFU LIRS,4,24 24 24 24,96,10000,7992,2008,0.7992,7992,2008,0.7992,0
configs/exp4/lirs_arc_lfu_lru.cfg,experiments/data/hot8_scan_c96_seed47.in,LIRS ARC LFU LRU,4,24 24 24 24,96,10000,7992,2008,0.7992,7992,2008,0.7992,0
configs/exp4/lirs_arc_lirs.cfg,experiments/data/hot8_scan_c96_seed47.in,LIRS ARC LIRS,3,32 32 32,96,10000,7992,2008,0.7992,7992,2008,0.7992,0
configs/exp4/lirs_arc_lirs_2q.cfg,experiments/data/hot8_scan_c96_seed47.in,LIRS ARC LIRS 2Q,4,24 24 24 24,96,10000,7992,2008,0.7992,7992,2008,0.7992,0
configs/exp4/lirs_arc_lirs_arc.cfg,experiments/data/hot8_scan_c96_seed47.in,LIRS ARC LIRS ARC,4,24 24 24 24,96,10000,7992,2008,0.7992,7992,2008,0.7992,0
configs/exp4/lirs_arc_lirs_lfu.cfg,experiments/data/hot8_scan_c96_seed47.in,LIRS ARC LIRS LFU,4,24 24 24 24,96,10000,7992,2008,0.7992,7992,2008,0.7992,0
configs/exp4/lirs_arc_lirs_lirs.cfg,experiments/data/hot8_scan_c96_seed47.in,LIRS ARC LIRS LIRS,4,24 24 24 24,96,10000,7992,2008,0.7992,7992,2008,0.7992,0
configs/exp4/lirs_arc_lirs_lru.cfg,experiments/data/hot8_scan_c96_seed47.in,LIRS ARC LIRS LRU,4,24 24 24 24,96,10000,7992,2008,0.7992,7992,2008,0.7992,0
configs/exp4/lirs_arc_lru.cfg,experiments/data/hot8_scan_c96_seed47.in,LIRS ARC LRU,3,32 32 32,96,10000,7992,2008,0.7992,7992,2008,0.7992,0
configs/exp4/lirs_arc_lru_2q.cfg,experiments/data/hot8_scan_c96_seed47.in,LIRS ARC LRU 2Q,4,24 24 24 24,96,10000,7992,2008,0.7992,7992,2008,0.7992,0
configs/exp4/lirs_arc_lru_arc.cfg,experiments/data/hot8_scan_c96_seed47.in,LIRS ARC LRU ARC,4,24 24 24 24,96,10000,7992,2008,0.7992,7992,2008,0.7992,0
configs/exp4/lirs_arc_lru_lfu.cfg,experiments/data/hot8_scan_c96_seed47.in,LIRS ARC LRU LFU,4,24 24 24 24,96,10000,7992,2008,0.7992,7992,2008,0.7992,0
configs/exp4/lirs_arc_lru_lirs.cfg,experiments/data/hot8_scan_c96_seed47.in,LIRS ARC LRU LIRS,4,24 24 24 24,96,10000,7992,2008,0.7992,7992,2008,0.7992,0
configs/exp4/lirs_arc_lru_lru.cfg,experiments/data/hot8_scan_c96_seed47.in,LIRS ARC LRU LRU,4,24 24 24 24,96,10000,7992,2008,0.7992,7992,2008,0.7992,0
configs/exp4/lirs_lfu.cfg,experiments/data/hot8_scan_c96_seed47.in,LIRS LFU,2,48 48,96,10000,7992,2008,0.7992,7992,2008,0.7992,0
configs/exp4/lirs_lfu_2q.cfg,experiments/data/hot8_scan_c96_seed47.in,LIRS LFU 2Q,3,32 32 32,96,10000,7992,2008,0.7992,7992,2008,0.7992,0
configs/exp4/lirs_lfu_2q_2q.cfg,experiments/data/hot8_scan_c96_seed47.in,LIRS LFU 2Q 2Q,4,24 24 24 24,96,10000,7992,2008,0.7992,7992,2008,0.7992,0
configs/exp4/lirs_lfu_2q_arc.cfg,experiments/data/hot8_scan_c96_seed47.in,LIRS LFU 2Q ARC,4,24 24 24 24,96,10000,7992,2008,0.7992,7992,2008,0.7992,0
configs/exp4/lirs_lfu_2q_lfu.cfg,experiments/data/hot8_scan_c96_seed47.in,LIRS LFU 2Q LFU,4,24 24 24 24,96,10000,7992,2008,0.7992,7992,2008,0.7992,0
configs/exp4/lirs_lfu_2q_lirs.cfg,experiments/data/hot8_scan_c96_seed47.in,LIRS LFU 2Q LIRS,4,24 24 24 24,96,10000,7992,2008,0.7992,7992,2008,0.7992,0
configs/exp4/lirs_lfu_2q_lru.cfg,experiments/data/hot8_scan_c96_seed47.in,LIRS LFU 2Q LRU,4,24 24 24 24,96,10000,7992,2008,0.7992,7992,2008,0.7992,0
configs/exp4/lirs_lfu_arc.cfg,experiments/data/hot8_scan_c96_seed47.in,LIRS LFU ARC,3,32 32 32,96,10000,7992,2008,0.7992,7992,2008,0.7992,0
configs/exp4/lirs_lfu_arc_2q.cfg,experiments/data/hot8_scan_c96_seed47.in,LIRS LFU ARC 2Q,4,24 24 24 24,96,10000,7992,2008,0.7992,7992,2008,0.7992,0
configs/exp4/lirs_lfu_arc_arc.cfg,experiments/data/hot8_scan_c96_seed47.in,LIRS LFU ARC ARC,4,24 24 24 24,96,10000,7992,2008,0.7992,7992,2008,0.7992,0
configs/exp4/lirs_lfu_arc_lfu.cfg,experiments/data/hot8_scan_c96_seed47.in,LIRS LFU ARC LFU,4,24 24 24 24,96,10000,7992,2008,0.7992,7992,2008,0.7992,0
configs/exp4/lirs_lfu_arc_lirs.cfg,experiments/data/hot8_scan_c96_seed47.in,LIRS LFU ARC LIRS,4,24 24 24 24,96,10000,7992,2008,0.7992,7992,2008,0.7992,0
configs/exp4/lirs_lfu_arc_lru.cfg,experiments/data/hot8_scan_c96_seed47.in,LIRS LFU ARC LRU,4,24 24 24 24,96,10000,7992,2008,0.7992,7992,2008,0.7992,0
configs/exp4/lirs_lfu_lfu.cfg,experiments/data/hot8_scan_c96_seed47.in,LIRS LFU LFU,3,32 32 32,96,10000,7992,2008,0.7992,7992,2008,0.7992,0
configs/exp4/lirs_lfu_lfu_2q.cfg,experiments/data/hot8_scan_c96_seed47.in,LIRS LFU LFU 2Q,4,24 24 24 24,96,10000,7992,2008,0.7992,7992,2008,0.7992,0
configs/exp4/lirs_lfu_lfu_arc.cfg,experiments/data/hot8_scan_c96_seed47.in,LIRS LFU LFU ARC,4,24 24 24 24,96,10000,7992,2008,0.7992,7992,2008,0.7992,0
configs/exp4/lirs_lfu_lfu_lfu.cfg,experiments/data/hot8_scan_c96_seed47.in,LIRS LFU LFU LFU,4,24 24 24 24,96,10000,7992,2008,0.7992,7992,2008,0.7992,0
configs/exp4/lirs_lfu_lfu_lirs.cfg,experiments/data/hot8_scan_c96_seed47.in,LIRS LFU LFU LIRS,4,24 24 24 24,96,10000,7992,2008,0.7992,7992,2008,0.7992,0
configs/exp4/lirs_lfu_lfu_lru.cfg,experiments/data/hot8_scan_c96_seed47.in,LIRS LFU LFU LRU,4,24 24 24 24,96,10000,7992,2008,0.7992,7992,2008,0.7992,0
configs/exp4/lirs_lfu_lirs.cfg,experiments/data/hot8_scan_c96_seed47.in,LIRS LFU LIRS,3,32 32 32,96,10000,7992,2008,0.7992,7992,2008,0.7992,0
configs/exp4/lirs_lfu_lirs_2q.cfg,experiments/data/hot8_scan_c96_seed47.in,LIRS LFU LIRS 2Q,4,24 24 24 24,96,10000,7992,2008,0.7992,7992,2008,0.7992,0
configs/exp4/lirs_lfu_lirs_arc.cfg,experiments/data/hot8_scan_c96_seed47.in,LIRS LFU LIRS ARC,4,24 24 24 24,96,10000,7992,2008,0.7992,7992,2008,0.7992,0
configs/exp4/lirs_lfu_lirs_lfu.cfg,experiments/data/hot8_scan_c96_seed47.in,LIRS LFU LIRS LFU,4,24 24 24 24,96,10000,7992,2008,0.7992,7992,2008,0.7992,0
configs/exp4/lirs_lfu_lirs_lirs.cfg,experiments/data/hot8_scan_c96_seed47.in,LIRS LFU LIRS LIRS,4,24 24 24 24,96,10000,7992,2008,0.7992,7992,2008,0.7992,0
configs/exp4/lirs_lfu_lirs_lru.cfg,experiments/data/hot8_scan_c96_seed47.in,LIRS LFU LIRS LRU,4,24 24 24 24,96,10000,7992,2008,0.7992,7992,2008,0.7992,0
configs/exp4/lirs_lfu_lru.cfg,experiments/data/hot8_scan_c96_seed47.in,LIRS LFU LRU,3,32 32 32,96,10000,7992,2008,0.7992,7992,2008,0.7992,0
configs/exp4/lirs_lfu_lru_2q.cfg,experiments/data/hot8_scan_c96_seed47.in,LIRS LFU LRU 2Q,4,24 24 24 24,96,10000,7992,2008,0.7992,7992,2008,0.7992,0
configs/exp4/lirs_lfu_lru_arc.cfg,experiments/data/hot8_scan_c96_seed47.in,LIRS LFU LRU ARC,4,24 24 24 24,96,10000,7992,2008,0.7992,7992,2008,0.7992,0
configs/exp4/lirs_lfu_lru_lfu.cfg,experiments/data/hot8_scan_c96_seed47.in,LIRS LFU LRU LFU,4,24 24 24 24,96,10000,7992,2008,0.7992,7992,2008,0.7992,0
configs/exp4/lirs_lfu_lru_lirs.cfg,experiments/data/hot8_scan_c96_seed47.in,LIRS LFU LRU LIRS,4,24 24 24 24,96,10000,7992,2008,0.7992,7992,2008,0.7992,0
configs/exp4/lirs_lfu_lru_lru.cfg,experiments/data/hot8_scan_c96_seed47.in,LIRS LFU LRU LRU,4,24 24 24 24,96,10000,7992,2008,0.7992,7992,2008,0.7992,0
configs/exp4/lirs_lirs_2q.cfg,experiments/data/hot8_scan_c96_seed47.in,LIRS LIRS 2Q,3,32 32 32,96,10000,7992,2008,0.7992,7992,2008,0.7992,0
configs/exp4/lirs_lirs_2q_2q.cfg,experiments/data/hot8_scan_c96_seed47.in,LIRS LIRS 2Q 2Q,4,24 24 24 24,96,10000,7992,2008,0.7992,7992,2008,0.7992,0
configs/exp4/lirs_lirs_2q_arc.cfg,experiments/data/hot8_scan_c96_seed47.in,LIRS LIRS 2Q ARC,4,24 24 24 24,96,10000,7992,2008,0.7992,7992,2008,0.7992,0
configs/exp4/lirs_lirs_2q_lfu.cfg,experiments/data/hot8_scan_c96_seed47.in,LIRS LIRS 2Q LFU,4,24 24 24 24,96,10000,7992,2008,0.7992,7992,2008,0.7992,0
configs/exp4/lirs_lirs_2q_lirs.cfg,experiments/data/hot8_scan_c96_seed47.in,LIRS LIRS 2Q LIRS,4,24 24 24 24,96,10000,7992,2008,0.7992,7992,2008,0.7992,0
configs/exp4/lirs_lirs_2q_lru.cfg,experiments/data/hot8_scan_c96_seed47.in,LIRS LIRS 2Q LRU,4,24 24 24 24,96,10000,7992,2008,0.7992,7992,2008,0.7992,0
configs/exp4/lirs_lirs_arc.cfg,experiments/data/hot8_scan_c96_seed47.in,LIRS LIRS ARC,3,32 32 32,96,10000,7992,2008,0.7992,7992,2008,0.7992,0
configs/exp4/lirs_lirs_arc_2q.cfg,experiments/data/hot8_scan_c96_seed47.in,LIRS LIRS ARC 2Q,4,24 24 24 24,96,10000,7992,2008,0.7992,7992,2008,0.7992,0
configs/exp4/lirs_lirs_arc_arc.cfg,experiments/data/hot8_scan_c96_seed47.in,LIRS LIRS ARC ARC,4,24 24 24 24,96,10000,7992,2008,0.7992,7992,2008,0.7992,0
configs/exp4/lirs_lirs_arc_lfu.cfg,experiments/data/hot8_scan_c96_seed47.in,LIRS LIRS ARC LFU,4,24 24 24 24,96,10000,7992,2008,0.7992,7992,2008,0.7992,0
configs/exp4/lirs_lirs_arc_lirs.cfg,experiments/data/hot8_scan_c96_seed47.in,LIRS LIRS ARC LIRS,4,24 24 24 24,96,10000,7992,2008,0.7992,7992,2008,0.7992,0
configs/exp4/lirs_lirs_arc_lru.cfg,experiments/data/hot8_scan_c96_seed47.in,LIRS LIRS ARC LRU,4,24 24 24 24,96,10000,7992,2008,0.7992,7992,2008,0.7992,0
configs/exp4/lirs_lirs_lfu.cfg,experiments/data/hot8_scan_c96_seed47.in,LIRS LIRS LFU,3,32 32 32,96,10000,7992,2008,0.7992,7992,2008,0.7992,0
configs/exp4/lirs_lirs_lfu_2q.cfg,experiments/data/hot8_scan_c96_seed47.in,LIRS LIRS LFU 2Q,4,24 24 24 24,96,10000,7992,2008,0.7992,7992,2008,0.7992,0
configs/exp4/lirs_lirs_lfu_arc.cfg,experiments/data/hot8_scan_c96_seed47.in,LIRS LIRS LFU ARC,4,24 24 24 24,96,10000,7992,2008,0.7992,7992,2008,0.7992,0
configs/exp4/lirs_lirs_lfu_lfu.cfg,experiments/data/hot8_scan_c96_seed47.in,LIRS LIRS LFU LFU,4,24 24 24 24,96,10000,7992,2008,0.7992,7992,2008,0.7992,0
configs/exp4/lirs_lirs_lfu_lirs.cfg,experiments/data/hot8_scan_c96_seed47.in,LIRS LIRS LFU LIRS,4,24 24 24 24,96,10000,7992,2008,0.7992,7992,2008,0.7992,0
configs/exp4/lirs_lirs_lfu_lru.cfg,experiments/data/hot8_scan_c96_seed47.in,LIRS LIRS LFU LRU,4,24 24 24 24,96,10000,7992,2008,0.7992,7992,2008,0.7992,0
configs/exp4/lirs_lirs_lirs_2q.cfg,experiments/data/hot8_scan_c96_seed47.in,LIRS LIRS LIRS 2Q,4,24 24 24 24,96,10000,7992,2008,0.7992,7992,2008,0.7992,0
configs/exp4/lirs_lirs_lirs_arc.cfg,experiments/data/hot8_scan_c96_seed47.in,LIRS LIRS LIRS ARC,4,24 24 24 24,96,10000,7992,2008,0.7992,7992,2008,0.7992,0
configs/exp4/lirs_lirs_lirs_lfu.cfg,experiments/data/hot8_scan_c96_seed47.in,LIRS LIRS LIRS LFU,4,24 24 24 24,96,10000,7992,2008,0.7992,7992,2008,0.7992,0
configs/exp4/lirs_lirs_lirs_lru.cfg,experiments/data/hot8_scan_c96_seed47.in,LIRS LIRS LIRS LRU,4,24 24 24 24,96,10000,7992,2008,0.7992,7992,2008,0.7992,0
configs/exp4/lirs_lirs_lru.cfg,experiments/data/hot8_scan_c96_seed47.in,LIRS LIRS LRU,3,32 32 32,96,10000,7992,2008,0.7992,7992,2008,0.7992,0
configs/exp4/lirs_lirs_lru_2q.cfg,experiments/data/hot8_scan_c96_seed47.in,LIRS LIRS LRU 2Q,4,24 24 24 24,96,10000,7992,2008,0.7992,7992,2008,0.7992,0
configs/exp4/lirs_lirs_lru_arc.cfg,experiments/data/hot8_scan_c96_seed47.in,LIRS LIRS LRU ARC,4,24 24 24 24,96,10000,7992,2008,0.7992,7992,2008,0.7992,0
configs/exp4/lirs_lirs_lru_lfu.cfg,experiments/data/hot8_scan_c96_seed47.in,LIRS LIRS LRU LFU,4,24 24 24 24,96,10000,7992,2008,0.7992,7992,2008,0.7992,0
configs/exp4/lirs_lirs_lru_lirs.cfg,experiments/data/hot8_scan_c96_seed47.in,LIRS LIRS LRU LIRS,4,24 24 24 24,96,10000,7992,2008,0.7992,7992,2008,0.7992,0
configs/exp4/lirs_lirs_lru_lru.cfg,experiments/data/hot8_scan_c96_seed47.in,LIRS LIRS LRU LRU,4,24 24 24 24,96,10000,7992,2008,0.7992,7992,2008,0.7992,0
configs/exp4/lirs_lru.cfg,experiments/data/hot8_scan_c96_seed47.in,LIRS LRU,2,48 48,96,10000,7992,2008,0.7992,7992,2008,0.7992,0
configs/exp4/lirs_lru_2q.cfg,experiments/data/hot8_scan_c96_seed47.in,LIRS LRU 2Q,3,32 32 32,96,10000,7992,2008,0.7992,7992,2008,0.7992,0
configs/exp4/lirs_lru_2q_2q.cfg,experiments/data/hot8_scan_c96_seed47.in,LIRS LRU 2Q 2Q,4,24 24 24 24,96,10000,7992,2008,0.7992,7992,2008,0.7992,0
configs/exp4/lirs_lru_2q_arc.cfg,experiments/data/hot8_scan_c96_seed47.in,LIRS LRU 2Q ARC,4,24 24 24 24,96,10000,7992,2008,0.7992,7992,2008,0.7992,0
configs/exp4/lirs_lru_2q_lfu.cfg,experiments/data/hot8_scan_c96_seed47.in,LIRS LRU 2Q LFU,4,24 24 24 24,96,10000,7992,2008,0.7992,7992,2008,0.7992,0
configs/exp4/lirs_lru_2q_lirs.cfg,experiments/data/hot8_scan_c96_seed47.in,LIRS LRU 2Q LIRS,4,24 24 24 24,96,10000,7992,2008,0.7992,7992,2008,0.7992,0
configs/exp4/lirs_lru_2q_lru.cfg,experiments/data/hot8_scan_c96_seed47.in,LIRS LRU 2Q LRU,4,24 24 24 24,96,10000,7992,2008,0.7992,7992,2008,0.7992,0
configs/exp4/lirs_lru_arc.cfg,experiments/data/hot8_scan_c96_seed47.in,LIRS LRU ARC,3,32 32 32,96,10000,7992,2008,0.7992,7992,2008,0.7992,0
configs/exp4/lirs_lru_arc_2q.cfg,experiments/data/hot8_scan_c96_seed47.in,LIRS LRU ARC 2Q,4,24 24 24 24,96,10000,7992,2008,0.7992,7992,2008,0.7992,0
configs/exp4/lirs_lru_arc_arc.cfg,experiments/data/hot8_scan_c96_seed47.in,LIRS LRU ARC ARC,4,24 24 24 24,96,10000,7992,2008,0.7992,7992,2008,0.7992,0
configs/exp4/lirs_lru_arc_lfu.cfg,experiments/data/hot8_scan_c96_seed47.in,LIRS LRU ARC LFU,4,24 24 24 24,96,10000,7992,2008,0.7992,7992,2008,0.7992,0
configs/exp4/lirs_lru_arc_lirs.cfg,experiments/data/hot8_scan_c96_seed47.in,LIRS LRU ARC LIRS,4,24 24 24 24,96,10000,7992,2008,0.7992,7992,2008,0.7992,0
configs/exp4/lirs_lru_arc_lru.cfg,experiments/data/hot8_scan_c96_seed47.in,LIRS LRU ARC LRU,4,24 24 24 24,96,10000,7992,2008,0.7992,7992,2008,0.7992,0
configs/exp4/lirs_lru_lfu.cfg,experiments/data/hot8_scan_c96_seed47.in,LIRS LRU LFU,3,32 32 32,96,10000,7992,2008,0.7992,7992,2008,0.7992,0
configs/exp4/lirs_lru_lfu_2q.cfg,experiments/data/hot8_scan_c96_seed47.in,LIRS LRU LFU 2Q,4,24 24 24 24,96,10000,7992,2008,0.7992,7992,2008,0.7992,0
configs/exp4/lirs_lru_lfu_arc.cfg,experiments/data/hot8_scan_c96_seed47.in,LIRS LRU LFU ARC,4,24 24 24 24,96,10000,7992,2008,0.7992,7992,2008,0.7992,0
configs/exp4/lirs_lru_lfu_lfu.cfg,experiments/data/hot8_scan_c96_seed47.in,LIRS LRU LFU LFU,4,24 24 24 24,96,10000,7992,2008,0.7992,7992,2008,0.7992,0
configs/exp4/lirs_lru_lfu_lirs.cfg,experiments/data/hot8_scan_c96_seed47.in,LIRS LRU LFU LIRS,4,24 24 24 24,96,10000,7992,2008,0.7992,7992,2008,0.7992,0
configs/exp4/lirs_lru_lfu_lru.cfg,experiments/data/hot8_scan_c96_seed47.in,LIRS LRU LFU LRU,4,24 24 24 24,96,10000,7992,2008,0.7992,7992,2008,0.7992,0
configs/exp4/lirs_lru_lirs.cfg,experiments/data/hot8_scan_c96_seed47.in,LIRS LRU LIRS,3,32 32 32,96,10000,7992,2008,0.7992,7992,2008,0.7992,0
configs/exp4/lirs_lru_lirs_2q.cfg,experiments/data/hot8_scan_c96_seed47.in,LIRS LRU LIRS 2Q,4,24 24 24 24,96,10000,7992,2008,0.7992,7992,2008,0.7992,0
configs/exp4/lirs_lru_lirs_arc.cfg,experiments/data/hot8_scan_c96_seed47.in,LIRS LRU LIRS ARC,4,24 24 24 24,96,10000,7992,2008,0.7992,7992,2008,0.7992,0
configs/exp4/lirs_lru_lirs_lfu.cfg,experiments/data/hot8_scan_c96_seed47.in,LIRS LRU LIRS LFU,4,24 24 24 24,96,10000,7992,2008,0.7992,7992,2008,0.7992,0
configs/exp4/lirs_lru_lirs_lirs.cfg,experiments/data/hot8_scan_c96_seed47.in,LIRS LRU LIRS LIRS,4,24 24 24 24,96,10000,7992,2008,0.7992,7992,2008,0.7992,0
configs/exp4/lirs_lru_lirs_lru.cfg,experiments/data/hot8_scan_c96_seed47.in,LIRS LRU LIRS LRU,4,24 24 24 24,96,10000,7992,2008,0.7992,7992,2008,0.7992,0
configs/exp4/lirs_lru_lru.cfg,experiments/data/hot8_scan_c96_seed47.in,LIRS LRU LRU,3,32 32 32,96,10000,7992,2008,0.7992,7992,2008,0.7992,0
configs/exp4/lirs_lru_lru_2q.cfg,experiments/data/hot8_scan_c96_seed47.in,LIRS LRU LRU 2Q,4,24 24 24 24,96,10000,7992,2008,0.7992,7992,2008,0.7992,0
configs/exp4/lirs_lru_lru_arc.cfg,experiments/data/hot8_scan_c96_seed47.in,LIRS LRU LRU ARC,4,24 24 24 24,96,10000,7992,2008,0.7992,7992,2008,0.7992,0
configs/exp4/lirs_lru_lru_lfu.cfg,experiments/data/hot8_scan_c96_seed47.in,LIRS LRU LRU LFU,4,24 24 24 24,96,10000,7992,2008,0.7992,7992,2008,0.7992,0
configs/exp4/lirs_lru_lru_lirs.cfg,experiments/data/hot8_scan_c96_seed47.in,LIRS LRU LRU LIRS,4,24 24 24 24,96,10000,7992,2008,0.7992,7992,2008,0.7992,0
configs/exp4/lirs_lru_lru_lru.cfg,experiments/data/hot8_scan_c96_seed47.in,LIRS LRU LRU LRU,4,24 24 24 24,96,10000,7992,2008,0.7992,7992,2008,0.7992,0
configs/exp4/lru_2q.cfg,experiments/data/hot8_scan_c96_seed47.in,LRU 2Q,2,48 48,96,10000,7992,2008,0.7992,7992,2008,0.7992,0
configs/exp4/lru_2q_2q.cfg,experiments/data/hot8_scan_c96_seed47.in,LRU 2Q 2Q,3,32 32 32,96,10000,7992,2008,0.7992,7992,2008,0.7992,0
configs/exp4/lru_2q_2q_2q.cfg,experiments/data/hot8_scan_c96_seed47.in,LRU 2Q 2Q 2Q,4,24 24 24 24,96,10000,7989,2011,0.7989,7992,2008,0.7992,3
configs/exp4/lru_2q_2q_arc.cfg,experiments/data/hot8_scan_c96_seed47.in,LRU 2Q 2Q ARC,4,24 24 24 24,96,10000,7989,2011,0.7989,7992,2008,0.7992,3
configs/exp4/lru_2q_2q_lfu.cfg,experiments/data/hot8_scan_c96_seed47.in,LRU 2Q 2Q LFU,4,24 24 24 24,96,10000,7989,2011,0.7989,7992,2008,0.7992,3
configs/exp4/lru_2q_2q_lirs.cfg,experiments/data/hot8_scan_c96_seed47.in,LRU 2Q 2Q LIRS,4,24 24 24 24,96,10000,7992,2008,0.7992,7992,2008,0.7992,0
configs/exp4/lru_2q_2q_lru.cfg,experiments/data/hot8_scan_c96_seed47.in,LRU 2Q 2Q LRU,4,24 24 24 24,96,10000,7989,2011,0.7989,7992,2008,0.7992,3
configs/exp4/lru_2q_arc.cfg,experiments/data/hot8_scan_c96_seed47.in,LRU 2Q ARC,3,32 32 32,96,10000,7992,2008,0.7992,7992,2008,0.7992,0
configs/exp4/lru_2q_arc_2q.cfg,experiments/data/hot8_scan_c96_seed47.in,LRU 2Q ARC 2Q,4,24 24 24 24,96,10000,7989,2011,0.7989,7992,2008,0.7992,3
configs/exp4/lru_2q_arc_arc.cfg,experiments/data/hot8_scan_c96_seed47.in,LRU 2Q ARC ARC,4,24 24 24 24,96,10000,7989,2011,0.7989,7992,2008,0.7992,3
configs/exp4/lru_2q_arc_lfu.cfg,experiments/data/hot8_scan_c96_seed47.in,LRU 2Q ARC LFU,4,24 24 24 24,96,10000,7989,2011,0.7989,7992,2008,0.7992,3
configs/exp4/lru_2q_arc_lirs.cfg,experiments/data/hot8_scan_c96_seed47.in,LRU 2Q ARC LIRS,4,24 24 24 24,96,10000,7992,2008,0.7992,7992,2008,0.7992,0
configs/exp4/lru_2q_arc_lru.cfg,experiments/data/hot8_scan_c96_seed47.in,LRU 2Q ARC LRU,4,24 24 24 24,96,10000,7989,2011,0.7989,7992,2008,0.7992,3
configs/exp4/lru_2q_lfu.cfg,experiments/data/hot8_scan_c96_seed47.in,LRU 2Q LFU,3,32 32 32,96,10000,7992,2008,0.7992,7992,2008,0.7992,0
configs/exp4/lru_2q_lfu_2q.cfg,experiments/data/hot8_scan_c96_seed47.in,LRU 2Q LFU 2Q,4,24 24 24 24,96,10000,7989,2011,0.7989,7992,2008,0.7992,3
configs/exp4/lru_2q_lfu_arc.cfg,experiments/data/hot8_scan_c96_seed47.in,LRU 2Q LFU ARC,4,24 24 24 24,96,10000,7989,2011,0.7989,7992,2008,0.7992,3
configs/exp4/lru_2q_lfu_lfu.cfg,experiments/data/hot8_scan_c96_seed47.in,LRU 2Q LFU LFU,4,24 24 24 24,96,10000,7989,2011,0.7989,7992,2008,0.7992,3
configs/exp4/lru_2q_lfu_lirs.cfg,experiments/data/hot8_scan_c96_seed47.in,LRU 2Q LFU LIRS,4,24 24 24 24,96,10000,7992,2008,0.7992,7992,2008,0.7992,0
configs/exp4/lru_2q_lfu_lru.cfg,experiments/data/hot8_scan_c96_seed47.in,LRU 2Q LFU LRU,4,24 24 24 24,96,10000,7989,2011,0.7989,7992,2008,0.7992,3
configs/exp4/lru_2q_lirs.cfg,experiments/data/hot8_scan_c96_seed47.in,LRU 2Q LIRS,3,32 32 32,96,10000,7992,2008,0.7992,7992,2008,0.7992,0
configs/exp4/lru_2q_lirs_2q.cfg,experiments/data/hot8_scan_c96_seed47.in,LRU 2Q LIRS 2Q,4,24 24 24 24,96,10000,7992,2008,0.7992,7992,2008,0.7992,0
configs/exp4/lru_2q_lirs_arc.cfg,experiments/data/hot8_scan_c96_seed47.in,LRU 2Q LIRS ARC,4,24 24 24 24,96,10000,7992,2008,0.7992,7992,2008,0.7992,0
configs/exp4/lru_2q_lirs_lfu.cfg,experiments/data/hot8_scan_c96_seed47.in,LRU 2Q LIRS LFU,4,24 24 24 24,96,10000,7992,2008,0.7992,7992,2008,0.7992,0
configs/exp4/lru_2q_lirs_lirs.cfg,experiments/data/hot8_scan_c96_seed47.in,LRU 2Q LIRS LIRS,4,24 24 24 24,96,10000,7992,2008,0.7992,7992,2008,0.7992,0
configs/exp4/lru_2q_lirs_lru.cfg,experiments/data/hot8_scan_c96_seed47.in,LRU 2Q LIRS LRU,4,24 24 24 24,96,10000,7992,2008,0.7992,7992,2008,0.7992,0
configs/exp4/lru_2q_lru.cfg,experiments/data/hot8_scan_c96_seed47.in,LRU 2Q LRU,3,32 32 32,96,10000,7992,2008,0.7992,7992,2008,0.7992,0
configs/exp4/lru_2q_lru_2q.cfg,experiments/data/hot8_scan_c96_seed47.in,LRU 2Q LRU 2Q,4,24 24 24 24,96,10000,7989,2011,0.7989,7992,2008,0.7992,3
configs/exp4/lru_2q_lru_arc.cfg,experiments/data/hot8_scan_c96_seed47.in,LRU 2Q LRU ARC,4,24 24 24 24,96,10000,7989,2011,0.7989,7992,2008,0.7992,3
configs/exp4/lru_2q_lru_lfu.cfg,experiments/data/hot8_scan_c96_seed47.in,LRU 2Q LRU LFU,4,24 24 24 24,96,10000,7989,2011,0.7989,7992,2008,0.7992,3
configs/exp4/lru_2q_lru_lirs.cfg,experiments/data/hot8_scan_c96_seed47.in,LRU 2Q LRU LIRS,4,24 24 24 24,96,10000,7992,2008,0.7992,7992,2008,0.7992,0
configs/exp4/lru_2q_lru_lru.cfg,experiments/data/hot8_scan_c96_seed47.in,LRU 2Q LRU LRU,4,24 24 24 24,96,10000,7989,2011,0.7989,7992,2008,0.7992,3
configs/exp4/lru_arc.cfg,experiments/data/hot8_scan_c96_seed47.in,LRU ARC,2,48 48,96,10000,7992,2008,0.7992,7992,2008,0.7992,0
configs/exp4/lru_arc_2q.cfg,experiments/data/hot8_scan_c96_seed47.in,LRU ARC 2Q,3,32 32 32,96,10000,7992,2008,0.7992,7992,2008,0.7992,0
configs/exp4/lru_arc_2q_2q.cfg,experiments/data/hot8_scan_c96_seed47.in,LRU ARC 2Q 2Q,4,24 24 24 24,96,10000,7989,2011,0.7989,7992,2008,0.7992,3
configs/exp4/lru_arc_2q_arc.cfg,experiments/data/hot8_scan_c96_seed47.in,LRU ARC 2Q ARC,4,24 24 24 24,96,10000,7989,2011,0.7989,7992,2008,0.7992,3
configs/exp4/lru_arc_2q_lfu.cfg,experiments/data/hot8_scan_c96_seed47.in,LRU ARC 2Q LFU,4,24 24 24 24,96,10000,7989,2011,0.7989,7992,2008,0.7992,3
configs/exp4/lru_arc_2q_lirs.cfg,experiments/data/hot8_scan_c96_seed47.in,LRU ARC 2Q LIRS,4,24 24 24 24,96,10000,7992,2008,0.7992,7992,2008,0.7992,0
configs/exp4/lru_arc_2q_lru.cfg,experiments/data/hot8_scan_c96_seed47.in,LRU ARC 2Q LRU,4,24 24 24 24,96,10000,7989,2011,0.7989,7992,2008,0.7992,3
configs/exp4/lru_arc_arc.cfg,experiments/data/hot8_scan_c96_seed47.in,LRU ARC ARC,3,32 32 32,96,10000,7992,2008,0.7992,7992,2008,0.7992,0
configs/exp4/lru_arc_arc_2q.cfg,experiments/data/hot8_scan_c96_seed47.in,LRU ARC ARC 2Q,4,24 24 24 24,96,10000,7989,2011,0.7989,7992,2008,0.7992,3
configs/exp4/lru_arc_arc_arc.cfg,experiments/data/hot8_scan_c96_seed47.in,LRU ARC ARC ARC,4,24 24 24 24,96,10000,7989,2011,0.7989,7992,2008,0.7992,3
configs/exp4/lru_arc_arc_lfu.cfg,experiments/data/hot8_scan_c96_seed47.in,LRU ARC ARC LFU,4,24 24 24 24,96,10000,7989,2011,0.7989,7992,2008,0.7992,3
configs/exp4/lru_arc_arc_lirs.cfg,experiments/data/hot8_scan_c96_seed47.in,LRU ARC ARC LIRS,4,24 24 24 24,96,10000,7992,2008,0.7992,7992,2008,0.7992,0
configs/exp4/lru_arc_arc_lru.cfg,experiments/data/hot8_scan_c96_seed47.in,LRU ARC ARC LRU,4,24 24 24 24,96,10000,7989,2011,0.7989,7992,2008,0.7992,3
configs/exp4/lru_arc_lfu.cfg,experiments/data/hot8_scan_c96_seed47.in,LRU ARC LFU,3,32 32 32,96,10000,7992,2008,0.7992,7992,2008,0.7992,0
configs/exp4/lru_arc_lfu_2q.cfg,experiments/data/hot8_scan_c96_seed47.in,LRU ARC LFU 2Q,4,24 24 24 24,96,10000,7989,2011,0.7989,7992,2008,0.7992,3
configs/exp4/lru_arc_lfu_arc.cfg,experiments/data/hot8_scan_c96_seed47.in,LRU ARC LFU ARC,4,24 24 24 24,96,10000,7989,2011,0.7989,7992,2008,0.7992,3
configs/exp4/lru_arc_lfu_lfu.cfg,experiments/data/hot8_scan_c96_seed47.in,LRU ARC LFU LFU,4,24 24 24 24,96,10000,7989,2011,0.7989,7992,2008,0.7992,3
configs/exp4/lru_arc_lfu_lirs.cfg,experiments/data/hot8_scan_c96_seed47.in,LRU ARC LFU LIRS,4,24 24 24 24,96,10000,7992,2008,0.7992,7992,2008,0.7992,0
configs/exp4/lru_arc_lfu_lru.cfg,experiments/data/hot8_scan_c96_seed47.in,LRU ARC LFU LRU,4,24 24 24 24,96,10000,7989,2011,0.7989,7992,2008,0.7992,3
configs/exp4/lru_arc_lirs.cfg,experiments/data/hot8_scan_c96_seed47.in,LRU ARC LIRS,3,32 32 32,96,10000,7992,2008,0.7992,7992,2008,0.7992,0
configs/exp4/lru_arc_lirs_2q.cfg,experiments/data/hot8_scan_c96_seed47.in,LRU ARC LIRS 2Q,4,24 24 24 24,96,10000,7992,2008,0.7992,7992,2008,0.7992,0
configs/exp4/lru_arc_lirs_arc.cfg,experiments/data/hot8_scan_c96_seed47.in,LRU ARC LIRS ARC,4,24 24 24 24,96,10000,7992,2008,0.7992,7992,2008,0.7992,0
configs/exp4/lru_arc_lirs_lfu.cfg,experiments/data/hot8_scan_c96_seed47.in,LRU ARC LIRS LFU,4,24 24 24 24,96,10000,7992,2008,0.7992,7992,2008,0.7992,0
configs/exp4/lru_arc_lirs_lirs.cfg,experiments/data/hot8_scan_c96_seed47.in,LRU ARC LIRS LIRS,4,24 24 24 24,96,10000,7992,2008,0.7992,7992,2008,0.7992,0
configs/exp4/lru_arc_lirs_lru.cfg,experiments/data/hot8_scan_c96_seed47.in,LRU ARC LIRS LRU,4,24 24 24 24,96,10000,7992,2008,0.7992,7992,2008,0.7992,0
configs/exp4/lru_arc_lru.cfg,experiments/data/hot8_scan_c96_seed47.in,LRU ARC LRU,3,32 32 32,96,10000,7992,2008,0.7992,7992,2008,0.7992,0
configs/exp4/lru_arc_lru_2q.cfg,experiments/data/hot8_scan_c96_seed47.in,LRU ARC LRU 2Q,4,24 24 24 24,96,10000,7989,2011,0.7989,7992,2008,0.7992,3
configs/exp4/lru_arc_lru_arc.cfg,experiments/data/hot8_scan_c96_seed47.in,LRU ARC LRU ARC,4,24 24 24 24,96,10000,7989,2011,0.7989,7992,2008,0.7992,3
configs/exp4/lru_arc_lru_lfu.cfg,experiments/data/hot8_scan_c96_seed47.in,LRU ARC LRU LFU,4,24 24 24 24,96,10000,7989,2011,0.7989,7992,2008,0.7992,3
configs/exp4/lru_arc_lru_lirs.cfg,experiments/data/hot8_scan_c96_seed47.in,LRU ARC LRU LIRS,4,24 24 24 24,96,10000,7992,2008,0.7992,7992,2008,0.7992,0
configs/exp4/lru_arc_lru_lru.cfg,experiments/data/hot8_scan_c96_seed47.in,LRU ARC LRU LRU,4,24 24 24 24,96,10000,7989,2011,0.7989,7992,2008,0.7992,3
configs/exp4/lru_lfu.cfg,experiments/data/hot8_scan_c96_seed47.in,LRU LFU,2,48 48,96,10000,7992,2008,0.7992,7992,2008,0.7992,0
configs/exp4/lru_lfu_2q.cfg,experiments/data/hot8_scan_c96_seed47.in,LRU LFU 2Q,3,32 32 32,96,10000,7992,2008,0.7992,7992,2008,0.7992,0
configs/exp4/lru_lfu_2q_2q.cfg,experiments/data/hot8_scan_c96_seed47.in,LRU LFU 2Q 2Q,4,24 24 24 24,96,10000,7989,2011,0.7989,7992,2008,0.7992,3
configs/exp4/lru_lfu_2q_arc.cfg,experiments/data/hot8_scan_c96_seed47.in,LRU LFU 2Q ARC,4,24 24 24 24,96,10000,7989,2011,0.7989,7992,2008,0.7992,3
configs/exp4/lru_lfu_2q_lfu.cfg,experiments/data/hot8_scan_c96_seed47.in,LRU LFU 2Q LFU,4,24 24 24 24,96,10000,7989,2011,0.7989,7992,2008,0.7992,3
configs/exp4/lru_lfu_2q_lirs.cfg,experiments/data/hot8_scan_c96_seed47.in,LRU LFU 2Q LIRS,4,24 24 24 24,96,10000,7992,2008,0.7992,7992,2008,0.7992,0
configs/exp4/lru_lfu_2q_lru.cfg,experiments/data/hot8_scan_c96_seed47.in,LRU LFU 2Q LRU,4,24 24 24 24,96,10000,7989,2011,0.7989,7992,2008,0.7992,3
configs/exp4/lru_lfu_arc.cfg,experiments/data/hot8_scan_c96_seed47.in,LRU LFU ARC,3,32 32 32,96,10000,7992,2008,0.7992,7992,2008,0.7992,0
configs/exp4/lru_lfu_arc_2q.cfg,experiments/data/hot8_scan_c96_seed47.in,LRU LFU ARC 2Q,4,24 24 24 24,96,10000,7989,2011,0.7989,7992,2008,0.7992,3
configs/exp4/lru_lfu_arc_arc.cfg,experiments/data/hot8_scan_c96_seed47.in,LRU LFU ARC ARC,4,24 24 24 24,96,10000,7989,2011,0.7989,7992,2008,0.7992,3
configs/exp4/lru_lfu_arc_lfu.cfg,experiments/data/hot8_scan_c96_seed47.in,LRU LFU ARC LFU,4,24 24 24 24,96,10000,7989,2011,0.7989,7992,2008,0.7992,3
configs/exp4/lru_lfu_arc_lirs.cfg,experiments/data/hot8_scan_c96_seed47.in,LRU LFU ARC LIRS,4,24 24 24 24,96,10000,7992,2008,0.7992,7992,2008,0.7992,0
configs/exp4/lru_lfu_arc_lru.cfg,experiments/data/hot8_scan_c96_seed47.in,LRU LFU ARC LRU,4,24 24 24 24,96,10000,7989,2011,0.7989,7992,2008,0.7992,3
configs/exp4/lru_lfu_lfu.cfg,experiments/data/hot8_scan_c96_seed47.in,LRU LFU LFU,3,32 32 32,96,10000,7992,2008,0.7992,7992,2008,0.7992,0
configs/exp4/lru_lfu_lfu_2q.cfg,experiments/data/hot8_scan_c96_seed47.in,LRU LFU LFU 2Q,4,24 24 24 24,96,10000,7989,2011,0.7989,7992,2008,0.7992,3
configs/exp4/lru_lfu_lfu_arc.cfg,experiments/data/hot8_scan_c96_seed47.in,LRU LFU LFU ARC,4,24 24 24 24,96,10000,7989,2011,0.7989,7992,2008,0.7992,3
configs/exp4/lru_lfu_lfu_lfu.cfg,experiments/data/hot8_scan_c96_seed47.in,LRU LFU LFU LFU,4,24 24 24 24,96,10000,7989,2011,0.7989,7992,2008,0.7992,3
configs/exp4/lru_lfu_lfu_lirs.cfg,experiments/data/hot8_scan_c96_seed47.in,LRU LFU LFU LIRS,4,24 24 24 24,96,10000,7992,2008,0.7992,7992,2008,0.7992,0
configs/exp4/lru_lfu_lfu_lru.cfg,experiments/data/hot8_scan_c96_seed47.in,LRU LFU LFU LRU,4,24 24 24 24,96,10000,7989,2011,0.7989,7992,2008,0.7992,3
configs/exp4/lru_lfu_lirs.cfg,experiments/data/hot8_scan_c96_seed47.in,LRU LFU LIRS,3,32 32 32,96,10000,7992,2008,0.7992,7992,2008,0.7992,0
configs/exp4/lru_lfu_lirs_2q.cfg,experiments/data/hot8_scan_c96_seed47.in,LRU LFU LIRS 2Q,4,24 24 24 24,96,10000,7992,2008,0.7992,7992,2008,0.7992,0
configs/exp4/lru_lfu_lirs_arc.cfg,experiments/data/hot8_scan_c96_seed47.in,LRU LFU LIRS ARC,4,24 24 24 24,96,10000,7992,2008,0.7992,7992,2008,0.7992,0
configs/exp4/lru_lfu_lirs_lfu.cfg,experiments/data/hot8_scan_c96_seed47.in,LRU LFU LIRS LFU,4,24 24 24 24,96,10000,7992,2008,0.7992,7992,2008,0.7992,0
configs/exp4/lru_lfu_lirs_lirs.cfg,experiments/data/hot8_scan_c96_seed47.in,LRU LFU LIRS LIRS,4,24 24 24 24,96,10000,7992,2008,0.7992,7992,2008,0.7992,0
configs/exp4/lru_lfu_lirs_lru.cfg,experiments/data/hot8_scan_c96_seed47.in,LRU LFU LIRS LRU,4,24 24 24 24,96,10000,7992,2008,0.7992,7992,2008,0.7992,0
configs/exp4/lru_lfu_lru.cfg,experiments/data/hot8_scan_c96_seed47.in,LRU LFU LRU,3,32 32 32,96,10000,7992,2008,0.7992,7992,2008,0.7992,0
configs/exp4/lru_lfu_lru_2q.cfg,experiments/data/hot8_scan_c96_seed47.in,LRU LFU LRU 2Q,4,24 24 24 24,96,10000,7989,2011,0.7989,7992,2008,0.7992,3
configs/exp4/lru_lfu_lru_arc.cfg,experiments/data/hot8_scan_c96_seed47.in,LRU LFU LRU ARC,4,24 24 24 24,96,10000,7989,2011,0.7989,7992,2008,0.7992,3
configs/exp4/lru_lfu_lru_lfu.cfg,experiments/data/hot8_scan_c96_seed47.in,LRU LFU LRU LFU,4,24 24 24 24,96,10000,7989,2011,0.7989,7992,2008,0.7992,3
configs/exp4/lru_lfu_lru_lirs.cfg,experiments/data/hot8_scan_c96_seed47.in,LRU LFU LRU LIRS,4,24 24 24 24,96,10000,7992,2008,0.7992,7992,2008,0.7992,0
configs/exp4/lru_lfu_lru_lru.cfg,experiments/data/hot8_scan_c96_seed47.in,LRU LFU LRU LRU,4,24 24 24 24,96,10000,7989,2011,0.7989,7992,2008,0.7992,3
configs/exp4/lru_lirs.cfg,experiments/data/hot8_scan_c96_seed47.in,LRU LIRS,2,48 48,96,10000,7992,2008,0.7992,7992,2008,0.7992,0
configs/exp4/lru_lirs_2q.cfg,experiments/data/hot8_scan_c96_seed47.in,LRU LIRS 2Q,3,32 32 32,96,10000,7992,2008,0.7992,7992,2008,0.7992,0
configs/exp4/lru_lirs_2q_2q.cfg,experiments/data/hot8_scan_c96_seed47.in,LRU LIRS 2Q 2Q,4,24 24 24 24,96,10000,7992,2008,0.7992,7992,2008,0.7992,0
configs/exp4/lru_lirs_2q_arc.cfg,experiments/data/hot8_scan_c96_seed47.in,LRU LIRS 2Q ARC,4,24 24 24 24,96,10000,7992,2008,0.7992,7992,2008,0.7992,0
configs/exp4/lru_lirs_2q_lfu.cfg,experiments/data/hot8_scan_c96_seed47.in,LRU LIRS 2Q LFU,4,24 24 24 24,96,10000,7992,2008,0.7992,7992,2008,0.7992,0
configs/exp4/lru_lirs_2q_lirs.cfg,experiments/data/hot8_scan_c96_seed47.in,LRU LIRS 2Q LIRS,4,24 24 24 24,96,10000,7992,2008,0.7992,7992,2008,0.7992,0
configs/exp4/lru_lirs_2q_lru.cfg,experiments/data/hot8_scan_c96_seed47.in,LRU LIRS 2Q LRU,4,24 24 24 24,96,10000,7992,2008,0.7992,7992,2008,0.7992,0
configs/exp4/lru_lirs_arc.cfg,experiments/data/hot8_scan_c96_seed47.in,LRU LIRS ARC,3,32 32 32,96,10000,7992,2008,0.7992,7992,2008,0.7992,0
configs/exp4/lru_lirs_arc_2q.cfg,experiments/data/hot8_scan_c96_seed47.in,LRU LIRS ARC 2Q,4,24 24 24 24,96,10000,7992,2008,0.7992,7992,2008,0.7992,0
configs/exp4/lru_lirs_arc_arc.cfg,experiments/data/hot8_scan_c96_seed47.in,LRU LIRS ARC ARC,4,24 24 24 24,96,10000,7992,2008,0.7992,7992,2008,0.7992,0
configs/exp4/lru_lirs_arc_lfu.cfg,experiments/data/hot8_scan_c96_seed47.in,LRU LIRS ARC LFU,4,24 24 24 24,96,10000,7992,2008,0.7992,7992,2008,0.7992,0
configs/exp4/lru_lirs_arc_lirs.cfg,experiments/data/hot8_scan_c96_seed47.in,LRU LIRS ARC LIRS,4,24 24 24 24,96,10000,7992,2008,0.7992,7992,2008,0.7992,0
configs/exp4/lru_lirs_arc_lru.cfg,experiments/data/hot8_scan_c96_seed47.in,LRU LIRS ARC LRU,4,24 24 24 24,96,10000,7992,2008,0.7992,7992,2008,0.7992,0
configs/exp4/lru_lirs_lfu.cfg,experiments/data/hot8_scan_c96_seed47.in,LRU LIRS LFU,3,32 32 32,96,10000,7992,2008,0.7992,7992,2008,0.7992,0
configs/exp4/lru_lirs_lfu_2q.cfg,experiments/data/hot8_scan_c96_seed47.in,LRU LIRS LFU 2Q,4,24 24 24 24,96,10000,7992,2008,0.7992,7992,2008,0.7992,0
configs/exp4/lru_lirs_lfu_arc.cfg,experiments/data/hot8_scan_c96_seed47.in,LRU LIRS LFU ARC,4,24 24 24 24,96,10000,7992,2008,0.7992,7992,2008,0.7992,0
configs/exp4/lru_lirs_lfu_lfu.cfg,experiments/data/hot8_scan_c96_seed47.in,LRU LIRS LFU LFU,4,24 24 24 24,96,10000,7992,2008,0.7992,7992,2008,0.7992,0
configs/exp4/lru_lirs_lfu_lirs.cfg,experiments/data/hot8_scan_c96_seed47.in,LRU LIRS LFU LIRS,4,24 24 24 24,96,10000,7992,2008,0.7992,7992,2008,0.7992,0
configs/exp4/lru_lirs_lfu_lru.cfg,experiments/data/hot8_scan_c96_seed47.in,LRU LIRS LFU LRU,4,24 24 24 24,96,10000,7992,2008,0.7992,7992,2008,0.7992,0
configs/exp4/lru_lirs_lirs.cfg,experiments/data/hot8_scan_c96_seed47.in,LRU LIRS LIRS,3,32 32 32,96,10000,7992,2008,0.7992,7992,2008,0.7992,0
configs/exp4/lru_lirs_lirs_2q.cfg,experiments/data/hot8_scan_c96_seed47.in,LRU LIRS LIRS 2Q,4,24 24 24 24,96,10000,7992,2008,0.7992,7992,2008,0.7992,0
configs/exp4/lru_lirs_lirs_arc.cfg,experiments/data/hot8_scan_c96_seed47.in,LRU LIRS LIRS ARC,4,24 24 24 24,96,10000,7992,2008,0.7992,7992,2008,0.7992,0
configs/exp4/lru_lirs_lirs_lfu.cfg,experiments/data/hot8_scan_c96_seed47.in,LRU LIRS LIRS LFU,4,24 24 24 24,96,10000,7992,2008,0.7992,7992,2008,0.7992,0
configs/exp4/lru_lirs_lirs_lirs.cfg,experiments/data/hot8_scan_c96_seed47.in,LRU LIRS LIRS LIRS,4,24 24 24 24,96,10000,7992,2008,0.7992,7992,2008,0.7992,0
configs/exp4/lru_lirs_lirs_lru.cfg,experiments/data/hot8_scan_c96_seed47.in,LRU LIRS LIRS LRU,4,24 24 24 24,96,10000,7992,2008,0.7992,7992,2008,0.7992,0
configs/exp4/lru_lirs_lru.cfg,experiments/data/hot8_scan_c96_seed47.in,LRU LIRS LRU,3,32 32 32,96,10000,7992,2008,0.7992,7992,2008,0.7992,0
configs/exp4/lru_lirs_lru_2q.cfg,experiments/data/hot8_scan_c96_seed47.in,LRU LIRS LRU 2Q,4,24 24 24 24,96,10000,7992,2008,0.7992,7992,2008,0.7992,0
configs/exp4/lru_lirs_lru_arc.cfg,experiments/data/hot8_scan_c96_seed47.in,LRU LIRS LRU ARC,4,24 24 24 24,96,10000,7992,2008,0.7992,7992,2008,0.7992,0
configs/exp4/lru_lirs_lru_lfu.cfg,experiments/data/hot8_scan_c96_seed47.in,LRU LIRS LRU LFU,4,24 24 24 24,96,10000,7992,2008,0.7992,7992,2008,0.7992,0
configs/exp4/lru_lirs_lru_lirs.cfg,experiments/data/hot8_scan_c96_seed47.in,LRU LIRS LRU LIRS,4,24 24 24 24,96,10000,7992,2008,0.7992,7992,2008,0.7992,0
configs/exp4/lru_lirs_lru_lru.cfg,experiments/data/hot8_scan_c96_seed47.in,LRU LIRS LRU LRU,4,24 24 24 24,96,10000,7992,2008,0.7992,7992,2008,0.7992,0
configs/exp4/lru_lru_2q.cfg,experiments/data/hot8_scan_c96_seed47.in,LRU LRU 2Q,3,32 32 32,96,10000,7992,2008,0.7992,7992,2008,0.7992,0
configs/exp4/lru_lru_2q_2q.cfg,experiments/data/hot8_scan_c96_seed47.in,LRU LRU 2Q 2Q,4,24 24 24 24,96,10000,7989,2011,0.7989,7992,2008,0.7992,3
configs/exp4/lru_lru_2q_arc.cfg,experiments/data/hot8_scan_c96_seed47.in,LRU LRU 2Q ARC,4,24 24 24 24,96,10000,7989,2011,0.7989,7992,2008,0.7992,3
configs/exp4/lru_lru_2q_lfu.cfg,experiments/data/hot8_scan_c96_seed47.in,LRU LRU 2Q LFU,4,24 24 24 24,96,10000,7989,2011,0.7989,7992,2008,0.7992,3
configs/exp4/lru_lru_2q_lirs.cfg,experiments/data/hot8_scan_c96_seed47.in,LRU LRU 2Q LIRS,4,24 24 24 24,96,10000,7992,2008,0.7992,7992,2008,0.7992,0
configs/exp4/lru_lru_2q_lru.cfg,experiments/data/hot8_scan_c96_seed47.in,LRU LRU 2Q LRU,4,24 24 24 24,96,10000,7989,2011,0.7989,7992,2008,0.7992,3
configs/exp4/lru_lru_arc.cfg,experiments/data/hot8_scan_c96_seed47.in,LRU LRU ARC,3,32 32 32,96,10000,7992,2008,0.7992,7992,2008,0.7992,0
configs/exp4/lru_lru_arc_2q.cfg,experiments/data/hot8_scan_c96_seed47.in,LRU LRU ARC 2Q,4,24 24 24 24,96,10000,7989,2011,0.7989,7992,2008,0.7992,3
configs/exp4/lru_lru_arc_arc.cfg,experiments/data/hot8_scan_c96_seed47.in,LRU LRU ARC ARC,4,24 24 24 24,96,10000,7989,2011,0.7989,7992,2008,0.7992,3
configs/exp4/lru_lru_arc_lfu.cfg,experiments/data/hot8_scan_c96_seed47.in,LRU LRU ARC LFU,4,24 24 24 24,96,10000,7989,2011,0.7989,7992,2008,0.7992,3
configs/exp4/lru_lru_arc_lirs.cfg,experiments/data/hot8_scan_c96_seed47.in,LRU LRU ARC LIRS,4,24 24 24 24,96,10000,7992,2008,0.7992,7992,2008,0.7992,0
configs/exp4/lru_lru_arc_lru.cfg,experiments/data/hot8_scan_c96_seed47.in,LRU LRU ARC LRU,4,24 24 24 24,96,10000,7989,2011,0.7989,7992,2008,0.7992,3
configs/exp4/lru_lru_lfu.cfg,experiments/data/hot8_scan_c96_seed47.in,LRU LRU LFU,3,32 32 32,96,10000,7992,2008,0.7992,7992,2008,0.7992,0
configs/exp4/lru_lru_lfu_2q.cfg,experiments/data/hot8_scan_c96_seed47.in,LRU LRU LFU 2Q,4,24 24 24 24,96,10000,7989,2011,0.7989,7992,2008,0.7992,3
configs/exp4/lru_lru_lfu_arc.cfg,experiments/data/hot8_scan_c96_seed47.in,LRU LRU LFU ARC,4,24 24 24 24,96,10000,7989,2011,0.7989,7992,2008,0.7992,3
configs/exp4/lru_lru_lfu_lfu.cfg,experiments/data/hot8_scan_c96_seed47.in,LRU LRU LFU LFU,4,24 24 24 24,96,10000,7989,2011,0.7989,7992,2008,0.7992,3
configs/exp4/lru_lru_lfu_lirs.cfg,experiments/data/hot8_scan_c96_seed47.in,LRU LRU LFU LIRS,4,24 24 24 24,96,10000,7992,2008,0.7992,7992,2008,0.7992,0
configs/exp4/lru_lru_lfu_lru.cfg,experiments/data/hot8_scan_c96_seed47.in,LRU LRU LFU LRU,4,24 24 24 24,96,10000,7989,2011,0.7989,7992,2008,0.7992,3
configs/exp4/lru_lru_lirs.cfg,experiments/data/hot8_scan_c96_seed47.in,LRU LRU LIRS,3,32 32 32,96,10000,7992,2008,0.7992,7992,2008,0.7992,0
configs/exp4/lru_lru_lirs_2q.cfg,experiments/data/hot8_scan_c96_seed47.in,LRU LRU LIRS 2Q,4,24 24 24 24,96,10000,7992,2008,0.7992,7992,2008,0.7992,0
configs/exp4/lru_lru_lirs_arc.cfg,experiments/data/hot8_scan_c96_seed47.in,LRU LRU LIRS ARC,4,24 24 24 24,96,10000,7992,2008,0.7992,7992,2008,0.7992,0
configs/exp4/lru_lru_lirs_lfu.cfg,experiments/data/hot8_scan_c96_seed47.in,LRU LRU LIRS LFU,4,24 24 24 24,96,10000,7992,2008,0.7992,7992,2008,0.7992,0
configs/exp4/lru_lru_lirs_lirs.cfg,experiments/data/hot8_scan_c96_seed47.in,LRU LRU LIRS LIRS,4,24 24 24 24,96,10000,7992,2008,0.7992,7992,2008,0.7992,0
configs/exp4/lru_lru_lirs_lru.cfg,experiments/data/hot8_scan_c96_seed47.in,LRU LRU LIRS LRU,4,24 24 24 24,96,10000,7992,2008,0.7992,7992,2008,0.7992,0
configs/exp4/lru_lru_lru_2q.cfg,experiments/data/hot8_scan_c96_seed47.in,LRU LRU LRU 2Q,4,24 24 24 24,96,10000,7989,2011,0.7989,7992,2008,0.7992,3
configs/exp4/lru_lru_lru_arc.cfg,experiments/data/hot8_scan_c96_seed47.in,LRU LRU LRU ARC,4,24 24 24 24,96,10000,7989,2011,0.7989,7992,2008,0.7992,3
configs/exp4/lru_lru_lru_lfu.cfg,experiments/data/hot8_scan_c96_seed47.in,LRU LRU LRU LFU,4,24 24 24 24,96,10000,7989,2011,0.7989,7992,2008,0.7992,3
configs/exp4/lru_lru_lru_lirs.cfg,experiments/data/hot8_scan_c96_seed47.in,LRU LRU LRU LIRS,4,24 24 24 24,96,10000,7992,2008,0.7992,7992,2008,0.7992,0
configs/exp4/2q_2q_2q_arc.cfg,experiments/data/phases24_c12_seed47.in,2Q 2Q 2Q ARC,4,3 3 3 3,12,10000,2440,7560,0.244,7246,2754,0.7246,4806
configs/exp4/2q_2q_2q_lfu.cfg,experiments/data/phases24_c12_seed47.in,2Q 2Q 2Q LFU,4,3 3 3 3,12,10000,1986,8014,0.1986,7246,2754,0.7246,5260
configs/exp4/2q_2q_2q_lirs.cfg,experiments/data/phases24_c12_seed47.in,2Q 2Q 2Q LIRS,4,3 3 3 3,12,10000,2416,7584,0.2416,7246,2754,0.7246,4830
configs/exp4/2q_2q_2q_lru.cfg,experiments/data/phases24_c12_seed47.in,2Q 2Q 2Q LRU,4,3 3 3 3,12,10000,2482,7518,0.2482,7246,2754,0.7246,4764
configs/exp4/2q_2q_arc.cfg,experiments/data/phases24_c12_seed47.in,2Q 2Q ARC,3,4 4 4,12,10000,3008,6992,0.3008,7246,2754,0.7246,4238
configs/exp4/2q_2q_arc_2q.cfg,experiments/data/phases24_c12_seed47.in,2Q 2Q ARC 2Q,4,3 3 3 3,12,10000,2714,7286,0.2714,7246,2754,0.7246,4532
configs/exp4/2q_2q_arc_arc.cfg,experiments/data/phases24_c12_seed47.in,2Q 2Q ARC ARC,4,3 3 3 3,12,10000,2560,7440,0.256,7246,2754,0.7246,4686
configs/exp4/2q_2q_arc_lfu.cfg,experiments/data/phases24_c12_seed47.in,2Q 2Q ARC LFU,4,3 3 3 3,12,10000,2407,7593,0.2407,7246,2754,0.7246,4839
configs/exp4/2q_2q_arc_lirs.cfg,experiments/data/phases24_c12_seed47.in,2Q 2Q ARC LIRS,4,3 3 3 3,12,10000,2789,7211,0.2789,7246,2754,0.7246,4457
configs/exp4/2q_2q_arc_lru.cfg,experiments/data/phases24_c12_seed47.in,2Q 2Q ARC LRU,4,3 3 3 3,12,10000,2522,7478,0.2522,7246,2754,0.7246,4724
configs/exp4/2q_2q_lfu.cfg,experiments/data/phases24_c12_seed47.in,2Q 2Q LFU,3,4 4 4,12,10000,2343,7657,0.2343,7246,2754,0.7246,4903
configs/exp4/2q_2q_lfu_2q.cfg,experiments/data/phases24_c12_seed47.in,2Q 2Q LFU 2Q,4,3 3 3 3,12,10000,1998,8002,0.1998,7246,2754,0.7246,5248
configs/exp4/2q_2q_lfu_arc.cfg,experiments/data/phases24_c12_seed47.in,2Q 2Q LFU ARC,4,3 3 3 3,12,10000,2409,7591,0.2409,7246,2754,0.7246,4837
configs/exp4/2q_2q_lfu_lfu.cfg,experiments/data/phases24_c12_seed47.in,2Q 2Q LFU LFU,4,3 3 3 3,12,10000,1960,8040,0.196,7246,2754,0.7246,5286
configs/exp4/2q_2q_lfu_lirs.cfg,experiments/data/phases24_c12_seed47.in,2Q 2Q LFU LIRS,4,3 3 3 3,12,10000,2397,7603,0.2397,7246,2754,0.7246,4849
configs/exp4/2q_2q_lfu_lru.cfg,experiments/data/phases24_c12_seed47.in,2Q 2Q LFU LRU,4,3 3 3 3,12,10000,2461,7539,0.2461,7246,2754,0.7246,4785
configs/exp4/2q_2q_lirs.cfg,experiments/data/phases24_c12_seed47.in,2Q 2Q LIRS,3,4 4 4,12,10000,2814,7186,0.2814,7246,2754,0.7246,4432
configs/exp4/2q_2q_lirs_2q.cfg,experiments/data/phases24_c12_seed47.in,2Q 2Q LIRS 2Q,4,3 3 3 3,12,10000,2514,7486,0.2514,7246,2754,0.7246,4732
configs/exp4/2q_2q_lirs_arc.cfg,experiments/data/phases24_c12_seed47.in,2Q 2Q LIRS ARC,4,3 3 3 3,12,10000,2743,7257,0.2743,7246,2754,0.7246,4503
configs/exp4/2q_2q_lirs_lfu.cfg,experiments/data/phases24_c12_seed47.in,2Q 2Q LIRS LFU,4,3 3 3 3,12,10000,2383,7617,0.2383,7246,2754,0.7246,4863
configs/exp4/2q_2q_lirs_lirs.cfg,experiments/data/phases24_c12_seed47.in,2Q 2Q LIRS LIRS,4,3 3 3 3,12,10000,2353,7647,0.2353,7246,2754,0.7246,4893
configs/exp4/2q_2q_lirs_lru.cfg,experiments/data/phases24_c12_seed47.in,2Q 2Q LIRS LRU,4,3 3 3 3,12,10000,2817,7183,0.2817,7246,2754,0.7246,4429
configs/exp4/2q_2q_lru.cfg,experiments/data/phases24_c12_seed47.in,2Q 2Q LRU,3,4 4 4,12,10000,3053,6947,0.3053,7246,2754,0.7246,4193
configs/exp4/2q_2q_lru_2q.cfg,experiments/data/phases24_c12_seed47.in,2Q 2Q LRU 2Q,4,3 3 3 3,12,10000,2448,7552,0.2448,7246,2754,0.7246,4798
configs/exp4/2q_2q_lru_arc.cfg,experiments/data/phases24_c12_seed47.in,2Q 2Q LRU ARC,4,3 3 3 3,12,10000,2740,7260,0.274,7246,2754,0.7246,4506
configs/exp4/2q_2q_lru_lfu.cfg,experiments/data/phases24_c12_seed47.in,2Q 2Q LRU LFU,4,3 3 3 3,12,10000,2380,7620,0.238,7246,2754,0.7246,4866
configs/exp4/2q_2q_lru_lirs.cfg,experiments/data/phases24_c12_seed47.in,2Q 2Q LRU LIRS,4,3 3 3 3,12,10000,2885,7115,0.2885,7246,2754,0.7246,4361
configs/exp4/2q_2q_lru_lru.cfg,experiments/data/phases24_c12_seed47.in,2Q 2Q LRU LRU,4,3 3 3 3,12,10000,2349,7651,0.2349,7246,2754,0.7246,4897
configs/exp4/2q_arc.cfg,experiments/data/phases24_c12_seed47.in,2Q ARC,2,6 6,12,10000,3749,6251,0.3749,7246,2754,0.7246,3497
configs/exp4/2q_arc_2q.cfg,experiments/data/phases24_c12_seed47.in,2Q ARC 2Q,3,4 4 4,12,10000,3241,6759,0.3241,7246,2754,0.7246,4005
configs/exp4/2q_arc_2q_2q.cfg,experiments/data/phases24_c12_seed47.in,2Q ARC 2Q 2Q,4,3 3 3 3,12,10000,2678,7322,0.2678,7246,2754,0.7246,4568
configs/exp4/2q_arc_2q_arc.cfg,experiments/data/phases24_c12_seed47.in,2Q ARC 2Q ARC,4,3 3 3 3,12,10000,2726,7274,0.2726,7246,2754,0.7246,4520
configs/exp4/2q_arc_2q_lfu.cfg,experiments/data/phases24_c12_seed47.in,2Q ARC 2Q LFU,4,3 3 3 3,12,10000,2539,7461,0.2539,7246,2754,0.7246,4707
configs/exp4/2q_arc_2q_lirs.cfg,experiments/data/phases24_c12_seed47.in,2Q ARC 2Q LIRS,4,3 3 3 3,12,10000,2942,7058,0.2942,7246,2754,0.7246,4304
configs/exp4/2q_arc_2q_lru.cfg,experiments/data/phases24_c12_seed47.in,2Q ARC 2Q LRU,4,3 3 3 3,12,10000,2703,7297,0.2703,7246,2754,0.7246,4543
configs/exp4/2q_arc_arc.cfg,experiments/data/phases24_c12_seed47.in,2Q ARC ARC,3,4 4 4,12,10000,2971,7029,0.2971,7246,2754,0.7246,4275
configs/exp4/2q_arc_arc_2q.cfg,experiments/data/phases24_c12_seed47.in,2Q ARC ARC 2Q,4,3 3 3 3,12,10000,2656,7344,0.2656,7246,2754,0.7246,4590
configs/exp4/2q_arc_arc_arc.cfg,experiments/data/phases24_c12_seed47.in,2Q ARC ARC ARC,4,3 3 3 3,12,10000,2377,7623,0.2377,7246,2754,0.7246,4869
configs/exp4/2q_arc_arc_lfu.cfg,experiments/data/phases24_c12_seed47.in,2Q ARC ARC LFU,4,3 3 3 3,12,10000,2325,7675,0.2325,7246,2754,0.7246,4921
configs/exp4/2q_arc_arc_lirs.cfg,experiments/data/phases24_c12_seed47.in,2Q ARC ARC LIRS,4,3 3 3 3,12,10000,2710,7290,0.271,7246,2754,0.7246,4536
configs/exp4/2q_arc_arc_lru.cfg,experiments/data/phases24_c12_seed47.in,2Q ARC ARC LRU,4,3 3 3 3,12,10000,2409,7591,0.2409,7246,2754,0.7246,4837
configs/exp4/2q_arc_lfu.cfg,experiments/data/phases24_c12_seed47.in,2Q ARC LFU,3,4 4 4,12,10000,2723,7277,0.2723,7246,2754,0.7246,4523
configs/exp4/2q_arc_lfu_2q.cfg,experiments/data/phases24_c12_seed47.in,2Q ARC LFU 2Q,4,3 3 3 3,12,10000,2546,7454,0.2546,7246,2754,0.7246,4700
configs/exp4/2q_arc_lfu_arc.cfg,experiments/data/phases24_c12_seed47.in,2Q ARC LFU ARC,4,3 3 3 3,12,10000,2351,7649,0.2351,7246,2754,0.7246,4895
configs/exp4/2q_arc_lfu_lfu.cfg,experiments/data/phases24_c12_seed47.in,2Q ARC LFU LFU,4,3 3 3 3,12,10000,2168,7832,0.2168,7246,2754,0.7246,5078
configs/exp4/2q_arc_lfu_lirs.cfg,experiments/data/phases24_c12_seed47.in,2Q ARC LFU LIRS,4,3 3 3 3,12,10000,2595,7405,0.2595,7246,2754,0.7246,4651
configs/exp4/2q_arc_lfu_lru.cfg,experiments/data/phases24_c12_seed47.in,2Q ARC LFU LRU,4,3 3 3 3,12,10000,2305,7695,0.2305,7246,2754,0.7246,4941
configs/exp4/2q_arc_lirs.cfg,experiments/data/phases24_c12_seed47.in,2Q ARC LIRS,3,4 4 4,12,10000,3210,6790,0.321,7246,2754,0.7246,4036
configs/exp4/2q_arc_lirs_2q.cfg,experiments/data/phases24_c12_seed47.in,2Q ARC LIRS 2Q,4,3 3 3 3,12,10000,2937,7063,0.2937,7246,2754,0.7246,4309
configs/exp4/2q_arc_lirs_arc.cfg,experiments/data/phases24_c12_seed47.in,2Q ARC LIRS ARC,4,3 3 3 3,12,10000,2739,7261,0.2739,7246,2754,0.7246,4507
configs/exp4/2q_arc_lirs_lfu.cfg,experiments/data/phases24_c12_seed47.in,2Q ARC LIRS LFU,4,3 3 3 3,12,10000,2585,7415,0.2585,7246,2754,0.7246,4661
configs/exp4/2q_arc_lirs_lirs.cfg,experiments/data/phases24_c12_seed47.in,2Q ARC LIRS LIRS,4,3 3 3 3,12,10000,2584,7416,0.2584,7246,2754,0.7246,4662
configs/exp4/2q_arc_lirs_lru.cfg,experiments/data/phases24_c12_seed47.in,2Q ARC LIRS LRU,4,3 3 3 3,12,10000,2705,7295,0.2705,7246,2754,0.7246,4541
configs/exp4/2q_arc_lru.cfg,experiments/data/phases24_c12_seed47.in,2Q ARC LRU,3,4 4 4,12,10000,2858,7142,0.2858,7246,2754,0.7246,4388
configs/exp4/2q_arc_lru_2q.cfg,experiments/data/phases24_c12_seed47.in,2Q ARC LRU 2Q,4,3 3 3 3,12,10000,2277,7723,0.2277,7246,2754,0.7246,4969
configs/exp4/2q_arc_lru_arc.cfg,experiments/data/phases24_c12_seed47.in,2Q ARC LRU ARC,4,3 3 3 3,12,10000,2468,7532,0.2468,7246,2754,0.7246,4778
configs/exp4/2q_arc_lru_lfu.cfg,experiments/data/phases24_c12_seed47.in,2Q ARC LRU LFU,4,3 3 3 3,12,10000,2161,7839,0.2161,7246,2754,0.7246,5085
configs/exp4/2q_arc_lru_lirs.cfg,experiments/data/phases24_c12_seed47.in,2Q ARC LRU LIRS,4,3 3 3 3,12,10000,2700,7300,0.27,7246,2754,0.7246,4546
configs/exp4/2q_arc_lru_lru.cfg,experiments/data/phases24_c12_seed47.in,2Q ARC LRU LRU,4,3 3 3 3,12,10000,2144,7856,0.2144,7246,2754,0.7246,5102
configs/exp4/2q_lfu.cfg,experiments/data/phases24_c12_seed47.in,2Q LFU,2,6 6,12,10000,2701,7299,0.2701,7246,2754,0.7246,4545
configs/exp4/2q_lfu_2q.cfg,experiments/data/phases24_c12_seed47.in,2Q LFU 2Q,3,4 4 4,12,10000,2382,7618,0.2382,7246,2754,0.7246,4864
configs/exp4/2q_lfu_2q_2q.cfg,experiments/data/phases24_c12_seed47.in,2Q LFU 2Q 2Q,4,3 3 3 3,12,10000,2010,7990,0.201,7246,2754,0.7246,5236
configs/exp4/2q_lfu_2q_arc.cfg,experiments/data/phases24_c12_seed47.in,2Q LFU 2Q ARC,4,3 3 3 3,12,10000,2447,7553,0.2447,7246,2754,0.7246,4799
configs/exp4/2q_lfu_2q_lfu.cfg,experiments/data/phases24_c12_seed47.in,2Q LFU 2Q LFU,4,3 3 3 3,12,10000,1997,8003,0.1997,7246,2754,0.7246,5249
configs/exp4/2q_lfu_2q_lirs.cfg,experiments/data/phases24_c12_seed47.in,2Q LFU 2Q LIRS,4,3 3 3 3,12,10000,2429,7571,0.2429,7246,2754,0.7246,4817
configs/exp4/2q_lfu_2q_lru.cfg,experiments/data/phases24_c12_seed47.in,2Q LFU 2Q LRU,4,3 3 3 3,12,10000,2494,7506,0.2494,7246,2754,0.7246,4752
configs/exp4/2q_lfu_arc.cfg,experiments/data/phases24_c12_seed47.in,2Q LFU ARC,3,4 4 4,12,10000,2748,7252,0.2748,7246,2754,0.7246,4498
configs/exp4/2q_lfu_arc_2q.cfg,experiments/data/phases24_c12_seed47.in,2Q LFU ARC 2Q,4,3 3 3 3,12,10000,2531,7469,0.2531,7246,2754,0.7246,4715
configs/exp4/2q_lfu_arc_arc.cfg,experiments/data/phases24_c12_seed47.in,2Q LFU ARC ARC,4,3 3 3 3,12,10000,2364,7636,0.2364,7246,2754,0.7246,4882
configs/exp4/2q_lfu_arc_lfu.cfg,experiments/data/phases24_c12_seed47.in,2Q LFU ARC LFU,4,3 3 3 3,12,10000,2192,7808,0.2192,7246,2754,0.7246,5054
configs/exp4/2q_lfu_arc_lirs.cfg,experiments/data/phases24_c12_seed47.in,2Q LFU ARC LIRS,4,3 3 3 3,12,10000,2610,7390,0.261,7246,2754,0.7246,4636
configs/exp4/2q_lfu_arc_lru.cfg,experiments/data/phases24_c12_seed47.in,2Q LFU ARC LRU,4,3 3 3 3,12,10000,2318,7682,0.2318,7246,2754,0.7246,4928
configs/exp4/2q_lfu_lfu.cfg,experiments/data/phases24_c12_seed47.in,2Q LFU LFU,3,4 4 4,12,10000,2086,7914,0.2086,7246,2754,0.7246,5160
configs/exp4/2q_lfu_lfu_2q.cfg,experiments/data/phases24_c12_seed47.in,2Q LFU LFU 2Q,4,3 3 3 3,12,10000,2015,7985,0.2015,7246,2754,0.7246,5231
configs/exp4/2q_lfu_lfu_arc.cfg,experiments/data/phases24_c12_seed47.in,2Q LFU LFU ARC,4,3 3 3 3,12,10000,2194,7806,0.2194,7246,2754,0.7246,5052
configs/exp4/2q_lfu_lfu_lfu.cfg,experiments/data/phases24_c12_seed47.in,2Q LFU LFU LFU,4,3 3 3 3,12,10000,1721,8279,0.1721,7246,2754,0.7246,5525
configs/exp4/2q_lfu_lfu_lirs.cfg,experiments/data/phases24_c12_seed47.in,2Q LFU LFU LIRS,4,3 3 3 3,12,10000,2189,7811,0.2189,7246,2754,0.7246,5057
configs/exp4/2q_lfu_lfu_lru.cfg,experiments/data/phases24_c12_seed47.in,2Q LFU LFU LRU,4,3 3 3 3,12,10000,2218,7782,0.2218,7246,2754,0.7246,5028
configs/exp4/2q_lfu_lirs.cfg,experiments/data/phases24_c12_seed47.in,2Q LFU LIRS,3,4 4 4,12,10000,2601,7399,0.2601,7246,2754,0.7246,4645
configs/exp4/2q_lfu_lirs_2q.cfg,experiments/data/phases24_c12_seed47.in,2Q LFU LIRS 2Q,4,3 3 3 3,12,10000,2413,7587,0.2413,7246,2754,0.7246,4833
configs/exp4/2q_lfu_lirs_arc.cfg,experiments/data/phases24_c12_seed47.in,2Q LFU LIRS ARC,4,3 3 3 3,12,10000,2543,7457,0.2543,7246,2754,0.7246,4703
configs/exp4/2q_lfu_lirs_lfu.cfg,experiments/data/phases24_c12_seed47.in,2Q LFU LIRS LFU,4,3 3 3 3,12,10000,2171,7829,0.2171,7246,2754,0.7246,5075
configs/exp4/2q_lfu_lirs_lirs.cfg,experiments/data/phases24_c12_seed47.in,2Q LFU LIRS LIRS,4,3 3 3 3,12,10000,2139,7861,0.2139,7246,2754,0.7246,5107
configs/exp4/2q_lfu_lirs_lru.cfg,experiments/data/phases24_c12_seed47.in,2Q LFU LIRS LRU,4,3 3 3 3,12,10000,2593,7407,0.2593,7246,2754,0.7246,4653
configs/exp4/2q_lfu_lru.cfg,experiments/data/phases24_c12_seed47.in,2Q LFU LRU,3,4 4 4,12,10000,2825,7175,0.2825,7246,2754,0.7246,4421
configs/exp4/2q_lfu_lru_2q.cfg,experiments/data/phases24_c12_seed47.in,2Q LFU LRU 2Q,4,3 3 3 3,12,10000,2202,7798,0.2202,7246,2754,0.7246,5044
configs/exp4/2q_lfu_lru_arc.cfg,experiments/data/phases24_c12_seed47.in,2Q LFU LRU ARC,4,3 3 3 3,12,10000,2481,7519,0.2481,7246,2754,0.7246,4765
configs/exp4/2q_lfu_lru_lfu.cfg,experiments/data/phases24_c12_seed47.in,2Q LFU LRU LFU,4,3 3 3 3,12,10000,2120,7880,0.212,7246,2754,0.7246,5126
configs/exp4/2q_lfu_lru_lirs.cfg,experiments/data/phases24_c12_seed47.in,2Q LFU LRU LIRS,4,3 3 3 3,12,10000,2647,7353,0.2647,7246,2754,0.7246,4599
configs/exp4/2q_lfu_lru_lru.cfg,experiments/data/phases24_c12_seed47.in,2Q LFU LRU LRU,4,3 3 3 3,12,10000,2089,7911,0.2089,7246,2754,0.7246,5157
configs/exp4/2q_lirs.cfg,experiments/data/phases24_c12_seed47.in,2Q LIRS,2,6 6,12,10000,3454,6546,0.3454,7246,2754,0.7246,3792
configs/exp4/2q_lirs_2q.cfg,experiments/data/phases24_c12_seed47.in,2Q LIRS 2Q,3,4 4 4,12,10000,2853,7147,0.2853,7246,2754,0.7246,4393
configs/exp4/2q_lirs_2q_2q.cfg,experiments/data/phases24_c12_seed47.in,2Q LIRS 2Q 2Q,4,3 3 3 3,12,10000,2428,7572,0.2428,7246,2754,0.7246,4818
configs/exp4/2q_lirs_2q_arc.cfg,experiments/data/phases24_c12_seed47.in,2Q LIRS 2Q ARC,4,3 3 3 3,12,10000,2757,7243,0.2757,7246,2754,0.7246,4489
configs/exp4/2q_lirs_2q_lfu.cfg,experiments/data/phases24_c12_seed47.in,2Q LIRS 2Q LFU,4,3 3 3 3,12,10000,2389,7611,0.2389,7246,2754,0.7246,4857
configs/exp4/2q_lirs_2q_lirs.cfg,experiments/data/phases24_c12_seed47.in,2Q LIRS 2Q LIRS,4,3 3 3 3,12,10000,2379,7621,0.2379,7246,2754,0.7246,4867
configs/exp4/2q_lirs_2q_lru.cfg,experiments/data/phases24_c12_seed47.in,2Q LIRS 2Q LRU,4,3 3 3 3,12,10000,2830,7170,0.283,7246,2754,0.7246,4416
configs/exp4/2q_lirs_arc.cfg,experiments/data/phases24_c12_seed47.in,2Q LIRS ARC,3,4 4 4,12,10000,3063,6937,0.3063,7246,2754,0.7246,4183
configs/exp4/2q_lirs_arc_2q.cfg,experiments/data/phases24_c12_seed47.in,2Q LIRS ARC 2Q,4,3 3 3 3,12,10000,2828,7172,0.2828,7246,2754,0.7246,4418
configs/exp4/2q_lirs_arc_arc.cfg,experiments/data/phases24_c12_seed47.in,2Q LIRS ARC ARC,4,3 3 3 3,12,10000,2635,7365,0.2635,7246,2754,0.7246,4611
configs/exp4/2q_lirs_arc_lfu.cfg,experiments/data/phases24_c12_seed47.in,2Q LIRS ARC LFU,4,3 3 3 3,12,10000,2507,7493,0.2507,7246,2754,0.7246,4739
configs/exp4/2q_lirs_arc_lirs.cfg,experiments/data/phases24_c12_seed47.in,2Q LIRS ARC LIRS,4,3 3 3 3,12,10000,2619,7381,0.2619,7246,2754,0.7246,4627
configs/exp4/2q_lirs_arc_lru.cfg,experiments/data/phases24_c12_seed47.in,2Q LIRS ARC LRU,4,3 3 3 3,12,10000,2606,7394,0.2606,7246,2754,0.7246,4640
configs/exp4/2q_lirs_lfu.cfg,experiments/data/phases24_c12_seed47.in,2Q LIRS LFU,3,4 4 4,12,10000,2586,7414,0.2586,7246,2754,0.7246,4660
configs/exp4/2q_lirs_lfu_2q.cfg,experiments/data/phases24_c12_seed47.in,2Q LIRS LFU 2Q,4,3 3 3 3,12,10000,2411,7589,0.2411,7246,2754,0.7246,4835
configs/exp4/2q_lirs_lfu_arc.cfg,experiments/data/phases24_c12_seed47.in,2Q LIRS LFU ARC,4,3 3 3 3,12,10000,2522,7478,0.2522,7246,2754,0.7246,4724
configs/exp4/2q_lirs_lfu_lfu.cfg,experiments/data/phases24_c12_seed47.in,2Q LIRS LFU LFU,4,3 3 3 3,12,10000,2152,7848,0.2152,7246,2754,0.7246,5094
configs/exp4/2q_lirs_lfu_lirs.cfg,experiments/data/phases24_c12_seed47.in,2Q LIRS LFU LIRS,4,3 3 3 3,12,10000,2128,7872,0.2128,7246,2754,0.7246,5118
configs/exp4/2q_lirs_lfu_lru.cfg,experiments/data/phases24_c12_seed47.in,2Q LIRS LFU LRU,4,3 3 3 3,12,10000,2575,7425,0.2575,7246,2754,0.7246,4671
configs/exp4/2q_lirs_lirs.cfg,experiments/data/phases24_c12_seed47.in,2Q LIRS LIRS,3,4 4 4,12,10000,2526,7474,0.2526,7246,2754,0.7246,4720
configs/exp4/2q_lirs_lirs_2q.cfg,experiments/data/phases24_c12_seed47.in,2Q LIRS LIRS 2Q,4,3 3 3 3,12,10000,2360,7640,0.236,7246,2754,0.7246,4886
configs/exp4/2q_lirs_lirs_arc.cfg,experiments/data/phases24_c12_seed47.in,2Q LIRS LIRS ARC,4,3 3 3 3,12,10000,2452,7548,0.2452,7246,2754,0.7246,4794
configs/exp4/2q_lirs_lirs_lfu.cfg,experiments/data/phases24_c12_seed47.in,2Q LIRS LIRS LFU,4,3 3 3 3,12,10000,2103,7897,0.2103,7246,2754,0.7246,5143
configs/exp4/2q_lirs_lirs_lirs.cfg,experiments/data/phases24_c12_seed47.in,2Q LIRS LIRS LIRS,4,3 3 3 3,12,10000,1977,8023,0.1977,7246,2754,0.7246,5269
configs/exp4/2q_lirs_lirs_lru.cfg,experiments/data/phases24_c12_seed47.in,2Q LIRS LIRS LRU,4,3 3 3 3,12,10000,2522,7478,0.2522,7246,2754,0.7246,4724
configs/exp4/2q_lirs_lru.cfg,experiments/data/phases24_c12_seed47.in,2Q LIRS LRU,3,4 4 4,12,10000,3166,6834,0.3166,7246,2754,0.7246,4080
configs/exp4/2q_lirs_lru_2q.cfg,experiments/data/phases24_c12_seed47.in,2Q LIRS LRU 2Q,4,3 3 3 3,12,10000,2581,7419,0.2581,7246,2754,0.7246,4665
configs/exp4/2q_lirs_lru_arc.cfg,experiments/data/phases24_c12_seed47.in,2Q LIRS LRU ARC,4,3 3 3 3,12,10000,2844,7156,0.2844,7246,2754,0.7246,4402
configs/exp4/2q_lirs_lru_lfu.cfg,experiments/data/phases24_c12_seed47.in,2Q LIRS LRU LFU,4,3 3 3 3,12,10000,2576,7424,0.2576,7246,2754,0.7246,4670
configs/exp4/2q_lirs_lru_lirs.cfg,experiments/data/phases24_c12_seed47.in,2Q LIRS LRU LIRS,4,3 3 3 3,12,10000,2708,7292,0.2708,7246,2754,0.7246,4538
configs/exp4/2q_lirs_lru_lru.cfg,experiments/data/phases24_c12_seed47.in,2Q LIRS LRU LRU,4,3 3 3 3,12,10000,2451,7549,0.2451,7246,2754,0.7246,4795
configs/exp4/2q_lru.cfg,experiments/data/phases24_c12_seed47.in,2Q LRU,2,6 6,12,10000,3838,6162,0.3838,7246,2754,0.7246,3408
configs/exp4/2q_lru_2q.cfg,experiments/data/phases24_c12_seed47.in,2Q LRU 2Q,3,4 4 4,12,10000,2834,7166,0.2834,7246,2754,0.7246,4412
configs/exp4/2q_lru_2q_2q.cfg,experiments/data/phases24_c12_seed47.in,2Q LRU 2Q 2Q,4,3 3 3 3,12,10000,2089,7911,0.2089,7246,2754,0.7246,5157
configs/exp4/2q_lru_2q_arc.cfg,experiments/data/phases24_c12_seed47.in,2Q LRU 2Q ARC,4,3 3 3 3,12,10000,2478,7522,0.2478,7246,2754,0.7246,4768
configs/exp4/2q_lru_2q_lfu.cfg,experiments/data/phases24_c12_seed47.in,2Q LRU 2Q LFU,4,3 3 3 3,12,10000,2157,7843,0.2157,7246,2754,0.7246,5089
configs/exp4/2q_lru_2q_lirs.cfg,experiments/data/phases24_c12_seed47.in,2Q LRU 2Q LIRS,4,3 3 3 3,12,10000,2638,7362,0.2638,7246,2754,0.7246,4608
configs/exp4/2q_lru_2q_lru.cfg,experiments/data/phases24_c12_seed47.in,2Q LRU 2Q LRU,4,3 3 3 3,12,10000,2096,7904,0.2096,7246,2754,0.7246,5150
configs/exp4/2q_lru_arc.cfg,experiments/data/phases24_c12_seed47.in,2Q LRU ARC,3,4 4 4,12,10000,3168,6832,0.3168,7246,2754,0.7246,4078
configs/exp4/2q_lru_arc_2q.cfg,experiments/data/phases24_c12_seed47.in,2Q LRU ARC 2Q,4,3 3 3 3,12,10000,2645,7355,0.2645,7246,2754,0.7246,4601
configs/exp4/2q_lru_arc_arc.cfg,experiments/data/phases24_c12_seed47.in,2Q LRU ARC ARC,4,3 3 3 3,12,10000,2576,7424,0.2576,7246,2754,0.7246,4670
configs/exp4/2q_lru_arc_lfu.cfg,experiments/data/phases24_c12_seed47.in,2Q LRU ARC LFU,4,3 3 3 3,12,10000,2446,7554,0.2446,7246,2754,0.7246,4800
configs/exp4/2q_lru_arc_lirs.cfg,experiments/data/phases24_c12_seed47.in,2Q LRU ARC LIRS,4,3 3 3 3,12,10000,2904,7096,0.2904,7246,2754,0.7246,4342
configs/exp4/2q_lru_arc_lru.cfg,experiments/data/phases24_c12_seed47.in,2Q LRU ARC LRU,4,3 3 3 3,12,10000,2412,7588,0.2412,7246,2754,0.7246,4834
configs/exp4/2q_lru_lfu.cfg,experiments/data/phases24_c12_seed47.in,2Q LRU LFU,3,4 4 4,12,10000,2741,7259,0.2741,7246,2754,0.7246,4505
configs/exp4/2q_lru_lfu_2q.cfg,experiments/data/phases24_c12_seed47.in,2Q LRU LFU 2Q,4,3 3 3 3,12,10000,2098,7902,0.2098,7246,2754,0.7246,5148
configs/exp4/2q_lru_lfu_arc.cfg,experiments/data/phases24_c12_seed47.in,2Q LRU LFU ARC,4,3 3 3 3,12,10000,2398,7602,0.2398,7246,2754,0.7246,4848
configs/exp4/2q_lru_lfu_lfu.cfg,experiments/data/phases24_c12_seed47.in,2Q LRU LFU LFU,4,3 3 3 3,12,10000,2023,7977,0.2023,7246,2754,0.7246,5223
configs/exp4/2q_lru_lfu_lirs.cfg,experiments/data/phases24_c12_seed47.in,2Q LRU LFU LIRS,4,3 3 3 3,12,10000,2559,7441,0.2559,7246,2754,0.7246,4687
configs/exp4/2q_lru_lfu_lru.cfg,experiments/data/phases24_c12_seed47.in,2Q LRU LFU LRU,4,3 3 3 3,12,10000,2002,7998,0.2002,7246,2754,0.7246,5244
configs/exp4/2q_lru_lirs.cfg,experiments/data/phases24_c12_seed47.in,2Q LRU LIRS,3,4 4 4,12,10000,3319,6681,0.3319,7246,2754,0.7246,3927
configs/exp4/2q_lru_lirs_2q.cfg,experiments/data/phases24_c12_seed47.in,2Q LRU LIRS 2Q,4,3 3 3 3,12,10000,2918,7082,0.2918,7246,2754,0.7246,4328
configs/exp4/2q_lru_lirs_arc.cfg,experiments/data/phases24_c12_seed47.in,2Q LRU LIRS ARC,4,3 3 3 3,12,10000,2870,7130,0.287,7246,2754,0.7246,4376
configs/exp4/2q_lru_lirs_lfu.cfg,experiments/data/phases24_c12_seed47.in,2Q LRU LIRS LFU,4,3 3 3 3,12,10000,2624,7376,0.2624,7246,2754,0.7246,4622
configs/exp4/2q_lru_lirs_lirs.cfg,experiments/data/phases24_c12_seed47.in,2Q LRU LIRS LIRS,4,3 3 3 3,12,10000,2653,7347,0.2653,7246,2754,0.7246,4593
configs/exp4/2q_lru_lirs_lru.cfg,experiments/data/phases24_c12_seed47.in,2Q LRU LIRS LRU,4,3 3 3 3,12,10000,2583,7417,0.2583,7246,2754,0.7246,4663
configs/exp4/2q_lru_lru.cfg,experiments/data/phases24_c12_seed47.in,2Q LRU LRU,3,4 4 4,12,10000,2661,7339,0.2661,7246,2754,0.7246,4585
configs/exp4/2q_lru_lru_2q.cfg,experiments/data/phases24_c12_seed47.in,2Q LRU LRU 2Q,4,3 3 3 3,12,10000,2075,7925,0.2075,7246,2754,0.7246,5171
configs/exp4/2q_lru_lru_arc.cfg,experiments/data/phases24_c12_seed47.in,2Q LRU LRU ARC,4,3 3 3 3,12,10000,2041,7959,0.2041,7246,2754,0.7246,5205
configs/exp4/2q_lru_lru_lfu.cfg,experiments/data/phases24_c12_seed47.in,2Q LRU LRU LFU,4,3 3 3 3,12,10000,1968,8032,0.1968,7246,2754,0.7246,5278
configs/exp4/2q_lru_lru_lirs.cfg,experiments/data/phases24_c12_seed47.in,2Q LRU LRU LIRS,4,3 3 3 3,12,10000,2515,7485,0.2515,7246,2754,0.7246,4731
configs/exp4/2q_lru_lru_lru.cfg,experiments/data/phases24_c12_seed47.in,2Q LRU LRU LRU,4,3 3 3 3,12,10000,1925,8075,0.1925,7246,2754,0.7246,5321
configs/exp4/arc_2q.cfg,experiments/data/phases24_c12_seed47.in,ARC 2Q,2,6 6,12,10000,3674,6326,0.3674,7246,2754,0.7246,3572
configs/exp4/arc_2q_2q.cfg,experiments/data/phases24_c12_seed47.in,ARC 2Q 2Q,3,4 4 4,12,10000,2820,7180,0.282,7246,2754,0.7246,4426
configs/exp4/arc_2q_2q_2q.cfg,experiments/data/phases24_c12_seed47.in,ARC 2Q 2Q 2Q,4,3 3 3 3,12,10000,2389,7611,0.2389,7246,2754,0.7246,4857
configs/exp4/arc_2q_2q_arc.cfg,experiments/data/phases24_c12_seed47.in,ARC 2Q 2Q ARC,4,3 3 3 3,12,10000,2588,7412,0.2588,7246,2754,0.7246,4658
configs/exp4/arc_2q_2q_lfu.cfg,experiments/data/phases24_c12_seed47.in,ARC 2Q 2Q LFU,4,3 3 3 3,12,10000,2314,7686,0.2314,7246,2754,0.7246,4932
configs/exp4/arc_2q_2q_lirs.cfg,experiments/data/phases24_c12_seed47.in,ARC 2Q 2Q LIRS,4,3 3 3 3,12,10000,2764,7236,0.2764,7246,2754,0.7246,4482
configs/exp4/arc_2q_2q_lru.cfg,experiments/data/phases24_c12_seed47.in,ARC 2Q 2Q LRU,4,3 3 3 3,12,10000,2566,7434,0.2566,7246,2754,0.7246,4680
configs/exp4/arc_2q_arc.cfg,experiments/data/phases24_c12_seed47.in,ARC 2Q ARC,3,4 4 4,12,10000,2957,7043,0.2957,7246,2754,0.7246,4289
configs/exp4/arc_2q_arc_2q.cfg,experiments/data/phases24_c12_seed47.in,ARC 2Q ARC 2Q,4,3 3 3 3,12,10000,2654,7346,0.2654,7246,2754,0.7246,4592
configs/exp4/arc_2q_arc_arc.cfg,experiments/data/phases24_c12_seed47.in,ARC 2Q ARC ARC,4,3 3 3 3,12,10000,2511,7489,0.2511,7246,2754,0.7246,4735
configs/exp4/arc_2q_arc_lfu.cfg,experiments/data/phases24_c12_seed47.in,ARC 2Q ARC LFU,4,3 3 3 3,12,10000,2389,7611,0.2389,7246,2754,0.7246,4857
configs/exp4/arc_2q_arc_lirs.cfg,experiments/data/phases24_c12_seed47.in,ARC 2Q ARC LIRS,4,3 3 3 3,12,10000,2771,7229,0.2771,7246,2754,0.7246,4475
configs/exp4/arc_2q_arc_lru.cfg,experiments/data/phases24_c12_seed47.in,ARC 2Q ARC LRU,4,3 3 3 3,12,10000,2491,7509,0.2491,7246,2754,0.7246,4755
configs/exp4/arc_2q_lfu.cfg,experiments/data/phases24_c12_seed47.in,ARC 2Q LFU,3,4 4 4,12,10000,2639,7361,0.2639,7246,2754,0.7246,4607
configs/exp4/arc_2q_lfu_2q.cfg,experiments/data/phases24_c12_seed47.in,ARC 2Q LFU 2Q,4,3 3 3 3,12,10000,2352,7648,0.2352,7246,2754,0.7246,4894
configs/exp4/arc_2q_lfu_arc.cfg,experiments/data/phases24_c12_seed47.in,ARC 2Q LFU ARC,4,3 3 3 3,12,10000,2414,7586,0.2414,7246,2754,0.7246,4832
configs/exp4/arc_2q_lfu_lfu.cfg,experiments/data/phases24_c12_seed47.in,ARC 2Q LFU LFU,4,3 3 3 3,12,10000,2116,7884,0.2116,7246,2754,0.7246,5130
configs/exp4/arc_2q_lfu_lirs.cfg,experiments/data/phases24_c12_seed47.in,ARC 2Q LFU LIRS,4,3 3 3 3,12,10000,2547,7453,0.2547,7246,2754,0.7246,4699
configs/exp4/arc_2q_lfu_lru.cfg,experiments/data/phases24_c12_seed47.in,ARC 2Q LFU LRU,4,3 3 3 3,12,10000,2338,7662,0.2338,7246,2754,0.7246,4908
configs/exp4/arc_2q_lirs.cfg,experiments/data/phases24_c12_seed47.in,ARC 2Q LIRS,3,4 4 4,12,10000,3194,6806,0.3194,7246,2754,0.7246,4052
configs/exp4/arc_2q_lirs_2q.cfg,experiments/data/phases24_c12_seed47.in,ARC 2Q LIRS 2Q,4,3 3 3 3,12,10000,2791,7209,0.2791,7246,2754,0.7246,4455
configs/exp4/arc_2q_lirs_arc.cfg,experiments/data/phases24_c12_seed47.in,ARC 2Q LIRS ARC,4,3 3 3 3,12,10000,2755,7245,0.2755,7246,2754,0.7246,4491
configs/exp4/arc_2q_lirs_lfu.cfg,experiments/data/phases24_c12_seed47.in,ARC 2Q LIRS LFU,4,3 3 3 3,12,10000,2535,7465,0.2535,7246,2754,0.7246,4711
configs/exp4/arc_2q_lirs_lirs.cfg,experiments/data/phases24_c12_seed47.in,ARC 2Q LIRS LIRS,4,3 3 3 3,12,10000,2523,7477,0.2523,7246,2754,0.7246,4723
configs/exp4/arc_2q_lirs_lru.cfg,experiments/data/phases24_c12_seed47.in,ARC 2Q LIRS LRU,4,3 3 3 3,12,10000,2723,7277,0.2723,7246,2754,0.7246,4523
configs/exp4/arc_2q_lru.cfg,experiments/data/phases24_c12_seed47.in,ARC 2Q LRU,3,4 4 4,12,10000,2980,7020,0.298,7246,2754,0.7246,4266
configs/exp4/arc_2q_lru_2q.cfg,experiments/data/phases24_c12_seed47.in,ARC 2Q LRU 2Q,4,3 3 3 3,12,10000,2310,7690,0.231,7246,2754,0.7246,4936
configs/exp4/arc_2q_lru_arc.cfg,experiments/data/phases24_c12_seed47.in,ARC 2Q LRU ARC,4,3 3 3 3,12,10000,2560,7440,0.256,7246,2754,0.7246,4686
configs/exp4/arc_2q_lru_lfu.cfg,experiments/data/phases24_c12_seed47.in,ARC 2Q LRU LFU,4,3 3 3 3,12,10000,2280,7720,0.228,7246,2754,0.7246,4966
configs/exp4/arc_2q_lru_lirs.cfg,experiments/data/phases24_c12_seed47.in,ARC 2Q LRU LIRS,4,3 3 3 3,12,10000,2727,7273,0.2727,7246,2754,0.7246,4519
configs/exp4/arc_2q_lru_lru.cfg,experiments/data/phases24_c12_seed47.in,ARC 2Q LRU LRU,4,3 3 3 3,12,10000,2183,7817,0.2183,7246,2754,0.7246,5063
configs/exp4/arc_arc_2q.cfg,experiments/data/phases24_c12_seed47.in,ARC ARC 2Q,3,4 4 4,12,10000,2822,7178,0.2822,7246,2754,0.7246,4424
configs/exp4/arc_arc_2q_2q.cfg,experiments/data/phases24_c12_seed47.in,ARC ARC 2Q 2Q,4,3 3 3 3,12,10000,2437,7563,0.2437,7246,2754,0.7246,4809
configs/exp4/arc_arc_2q_arc.cfg,experiments/data/phases24_c12_seed47.in,ARC ARC 2Q ARC,4,3 3 3 3,12,10000,2442,7558,0.2442,7246,2754,0.7246,4804
configs/exp4/arc_arc_2q_lfu.cfg,experiments/data/phases24_c12_seed47.in,ARC ARC 2Q LFU,4,3 3 3 3,12,10000,2272,7728,0.2272,7246,2754,0.7246,4974
configs/exp4/arc_arc_2q_lirs.cfg,experiments/data/phases24_c12_seed47.in,ARC ARC 2Q LIRS,4,3 3 3 3,12,10000,2675,7325,0.2675,7246,2754,0.7246,4571
configs/exp4/arc_arc_2q_lru.cfg,experiments/data/phases24_c12_seed47.in,ARC ARC 2Q LRU,4,3 3 3 3,12,10000,2448,7552,0.2448,7246,2754,0.7246,4798
configs/exp4/arc_arc_arc_2q.cfg,experiments/data/phases24_c12_seed47.in,ARC ARC ARC 2Q,4,3 3 3 3,12,10000,2329,7671,0.2329,7246,2754,0.7246,4917
configs/exp4/arc_arc_arc_lfu.cfg,experiments/data/phases24_c12_seed47.in,ARC ARC ARC LFU,4,3 3 3 3,12,10000,1974,8026,0.1974,7246,2754,0.7246,5272
configs/exp4/arc_arc_arc_lirs.cfg,experiments/data/phases24_c12_seed47.in,ARC ARC ARC LIRS,4,3 3 3 3,12,10000,2316,7684,0.2316,7246,2754,0.7246,4930
configs/exp4/arc_arc_arc_lru.cfg,experiments/data/phases24_c12_seed47.in,ARC ARC ARC LRU,4,3 3 3 3,12,10000,2043,7957,0.2043,7246,2754,0.7246,5203
configs/exp4/arc_arc_lfu.cfg,experiments/data/phases24_c12_seed47.in,ARC ARC LFU,3,4 4 4,12,10000,2340,7660,0.234,7246,2754,0.7246,4906
configs/exp4/arc_arc_lfu_2q.cfg,experiments/data/phases24_c12_seed47.in,ARC ARC LFU 2Q,4,3 3 3 3,12,10000,2288,7712,0.2288,7246,2754,0.7246,4958
configs/exp4/arc_arc_lfu_arc.cfg,experiments/data/phases24_c12_seed47.in,ARC ARC LFU ARC,4,3 3 3 3,12,10000,1987,8013,0.1987,7246,2754,0.7246,5259
configs/exp4/arc_arc_lfu_lfu.cfg,experiments/data/phases24_c12_seed47.in,ARC ARC LFU LFU,4,3 3 3 3,12,10000,1894,8106,0.1894,7246,2754,0.7246,5352
configs/exp4/arc_arc_lfu_lirs.cfg,experiments/data/phases24_c12_seed47.in,ARC ARC LFU LIRS,4,3 3 3 3,12,10000,2267,7733,0.2267,7246,2754,0.7246,4979
configs/exp4/arc_arc_lfu_lru.cfg,experiments/data/phases24_c12_seed47.in,ARC ARC LFU LRU,4,3 3 3 3,12,10000,2018,7982,0.2018,7246,2754,0.7246,5228
configs/exp4/arc_arc_lirs.cfg,experiments/data/phases24_c12_seed47.in,ARC ARC LIRS,3,4 4 4,12,10000,2839,7161,0.2839,7246,2754,0.7246,4407
configs/exp4/arc_arc_lirs_2q.cfg,experiments/data/phases24_c12_seed47.in,ARC ARC LIRS 2Q,4,3 3 3 3,12,10000,2619,7381,0.2619,7246,2754,0.7246,4627
configs/exp4/arc_arc_lirs_arc.cfg,experiments/data/phases24_c12_seed47.in,ARC ARC LIRS ARC,4,3 3 3 3,12,10000,2391,7609,0.2391,7246,2754,0.7246,4855
configs/exp4/arc_arc_lirs_lfu.cfg,experiments/data/phases24_c12_seed47.in,ARC ARC LIRS LFU,4,3 3 3 3,12,10000,2255,7745,0.2255,7246,2754,0.7246,4991
configs/exp4/arc_arc_lirs_lirs.cfg,experiments/data/phases24_c12_seed47.in,ARC ARC LIRS LIRS,4,3 3 3 3,12,10000,2244,7756,0.2244,7246,2754,0.7246,5002
configs/exp4/arc_arc_lirs_lru.cfg,experiments/data/phases24_c12_seed47.in,ARC ARC LIRS LRU,4,3 3 3 3,12,10000,2355,7645,0.2355,7246,2754,0.7246,4891
configs/exp4/arc_arc_lru.cfg,experiments/data/phases24_c12_seed47.in,ARC ARC LRU,3,4 4 4,12,10000,2474,7526,0.2474,7246,2754,0.7246,4772
configs/exp4/arc_arc_lru_2q.cfg,experiments/data/phases24_c12_seed47.in,ARC ARC LRU 2Q,4,3 3 3 3,12,10000,2003,7997,0.2003,7246,2754,0.7246,5243
configs/exp4/arc_arc_lru_arc.cfg,experiments/data/phases24_c12_seed47.in,ARC ARC LRU ARC,4,3 3 3 3,12,10000,2056,7944,0.2056,7246,2754,0.7246,5190
configs/exp4/arc_arc_lru_lfu.cfg,experiments/data/phases24_c12_seed47.in,ARC ARC LRU LFU,4,3 3 3 3,12,10000,1879,8121,0.1879,7246,2754,0.7246,5367
configs/exp4/arc_arc_lru_lirs.cfg,experiments/data/phases24_c12_seed47.in,ARC ARC LRU LIRS,4,3 3 3 3,12,10000,2399,7601,0.2399,7246,2754,0.7246,4847
configs/exp4/arc_arc_lru_lru.cfg,experiments/data/phases24_c12_seed47.in,ARC ARC LRU LRU,4,3 3 3 3,12,10000,1858,8142,0.1858,7246,2754,0.7246,5388
configs/exp4/arc_lfu.cfg,experiments/data/phases24_c12_seed47.in,ARC LFU,2,6 6,12,10000,2654,7346,0.2654,7246,2754,0.7246,4592
configs/exp4/arc_lfu_2q.cfg,experiments/data/phases24_c12_seed47.in,ARC LFU 2Q,3,4 4 4,12,10000,2668,7332,0.2668,7246,2754,0.7246,4578
configs/exp4/arc_lfu_2q_2q.cfg,experiments/data/phases24_c12_seed47.in,ARC LFU 2Q 2Q,4,3 3 3 3,12,10000,2324,7676,0.2324,7246,2754,0.7246,4922
configs/exp4/arc_lfu_2q_arc.cfg,experiments/data/phases24_c12_seed47.in,ARC LFU 2Q ARC,4,3 3 3 3,12,10000,2414,7586,0.2414,7246,2754,0.7246,4832
configs/exp4/arc_lfu_2q_lfu.cfg,experiments/data/phases24_c12_seed47.in,ARC LFU 2Q LFU,4,3 3 3 3,12,10000,2107,7893,0.2107,7246,2754,0.7246,5139
configs/exp4/arc_lfu_2q_lirs.cfg,experiments/data/phases24_c12_seed47.in,ARC LFU 2Q LIRS,4,3 3 3 3,12,10000,2551,7449,0.2551,7246,2754,0.7246,4695
configs/exp4/arc_lfu_2q_lru.cfg,experiments/data/phases24_c12_seed47.in,ARC LFU 2Q LRU,4,3 3 3 3,12,10000,2343,7657,0.2343,7246,2754,0.7246,4903
configs/exp4/arc_lfu_arc.cfg,experiments/data/phases24_c12_seed47.in,ARC LFU ARC,3,4 4 4,12,10000,2363,7637,0.2363,7246,2754,0.7246,4883
configs/exp4/arc_lfu_arc_2q.cfg,experiments/data/phases24_c12_seed47.in,ARC LFU ARC 2Q,4,3 3 3 3,12,10000,2314,7686,0.2314,7246,2754,0.7246,4932
configs/exp4/arc_lfu_arc_arc.cfg,experiments/data/phases24_c12_seed47.in,ARC LFU ARC ARC,4,3 3 3 3,12,10000,2017,7983,0.2017,7246,2754,0.7246,5229
configs/exp4/arc_lfu_arc_lfu.cfg,experiments/data/phases24_c12_seed47.in,ARC LFU ARC LFU,4,3 3 3 3,12,10000,1918,8082,0.1918,7246,2754,0.7246,5328
configs/exp4/arc_lfu_arc_lirs.cfg,experiments/data/phases24_c12_seed47.in,ARC LFU ARC LIRS,4,3 3 3 3,12,10000,2295,7705,0.2295,7246,2754,0.7246,4951
configs/exp4/arc_lfu_arc_lru.cfg,experiments/data/phases24_c12_seed47.in,ARC LFU ARC LRU,4,3 3 3 3,12,10000,2032,7968,0.2032,7246,2754,0.7246,5214
configs/exp4/arc_lfu_lfu.cfg,experiments/data/phases24_c12_seed47.in,ARC LFU LFU,3,4 4 4,12,10000,2051,7949,0.2051,7246,2754,0.7246,5195
configs/exp4/arc_lfu_lfu_2q.cfg,experiments/data/phases24_c12_seed47.in,ARC LFU LFU 2Q,4,3 3 3 3,12,10000,2154,7846,0.2154,7246,2754,0.7246,5092
configs/exp4/arc_lfu_lfu_arc.cfg,experiments/data/phases24_c12_seed47.in,ARC LFU LFU ARC,4,3 3 3 3,12,10000,1957,8043,0.1957,7246,2754,0.7246,5289
configs/exp4/arc_lfu_lfu_lfu.cfg,experiments/data/phases24_c12_seed47.in,ARC LFU LFU LFU,4,3 3 3 3,12,10000,1676,8324,0.1676,7246,2754,0.7246,5570
configs/exp4/arc_lfu_lfu_lirs.cfg,experiments/data/phases24_c12_seed47.in,ARC LFU LFU LIRS,4,3 3 3 3,12,10000,2125,7875,0.2125,7246,2754,0.7246,5121
configs/exp4/arc_lfu_lfu_lru.cfg,experiments/data/phases24_c12_seed47.in,ARC LFU LFU LRU,4,3 3 3 3,12,10000,1873,8127,0.1873,7246,2754,0.7246,5373
configs/exp4/arc_lfu_lirs.cfg,experiments/data/phases24_c12_seed47.in,ARC LFU LIRS,3,4 4 4,12,10000,2615,7385,0.2615,7246,2754,0.7246,4631
configs/exp4/arc_lfu_lirs_2q.cfg,experiments/data/phases24_c12_seed47.in,ARC LFU LIRS 2Q,4,3 3 3 3,12,10000,2513,7487,0.2513,7246,2754,0.7246,4733
configs/exp4/arc_lfu_lirs_arc.cfg,experiments/data/phases24_c12_seed47.in,ARC LFU LIRS ARC,4,3 3 3 3,12,10000,2317,7683,0.2317,7246,2754,0.7246,4929
configs/exp4/arc_lfu_lirs_lfu.cfg,experiments/data/phases24_c12_seed47.in,ARC LFU LIRS LFU,4,3 3 3 3,12,10000,2110,7890,0.211,7246,2754,0.7246,5136
configs/exp4/arc_lfu_lirs_lirs.cfg,experiments/data/phases24_c12_seed47.in,ARC LFU LIRS LIRS,4,3 3 3 3,12,10000,2081,7919,0.2081,7246,2754,0.7246,5165
configs/exp4/arc_lfu_lirs_lru.cfg,experiments/data/phases24_c12_seed47.in,ARC LFU LIRS LRU,4,3 3 3 3,12,10000,2262,7738,0.2262,7246,2754,0.7246,4984
configs/exp4/arc_lfu_lru.cfg,experiments/data/phases24_c12_seed47.in,ARC LFU LRU,3,4 4 4,12,10000,2295,7705,0.2295,7246,2754,0.7246,4951
configs/exp4/arc_lfu_lru_2q.cfg,experiments/data/phases24_c12_seed47.in,ARC LFU LRU 2Q,4,3 3 3 3,12,10000,1836,8164,0.1836,7246,2754,0.7246,5410
configs/exp4/arc_lfu_lru_arc.cfg,experiments/data/phases24_c12_seed47.in,ARC LFU LRU ARC,4,3 3 3 3,12,10000,2042,7958,0.2042,7246,2754,0.7246,5204
configs/exp4/arc_lfu_lru_lfu.cfg,experiments/data/phases24_c12_seed47.in,ARC LFU LRU LFU,4,3 3 3 3,12,10000,1735,8265,0.1735,7246,2754,0.7246,5511
configs/exp4/arc_lfu_lru_lirs.cfg,experiments/data/phases24_c12_seed47.in,ARC LFU LRU LIRS,4,3 3 3 3,12,10000,2250,7750,0.225,7246,2754,0.7246,4996
configs/exp4/arc_lfu_lru_lru.cfg,experiments/data/phases24_c12_seed47.in,ARC LFU LRU LRU,4,3 3 3 3,12,10000,1692,8308,0.1692,7246,2754,0.7246,5554
configs/exp4/arc_lirs.cfg,experiments/data/phases24_c12_seed47.in,ARC LIRS,2,6 6,12,10000,3474,6526,0.3474,7246,2754,0.7246,3772
configs/exp4/arc_lirs_2q.cfg,experiments/data/phases24_c12_seed47.in,ARC LIRS 2Q,3,4 4 4,12,10000,3117,6883,0.3117,7246,2754,0.7246,4129
configs/exp4/arc_lirs_2q_2q.cfg,experiments/data/phases24_c12_seed47.in,ARC LIRS 2Q 2Q,4,3 3 3 3,12,10000,2630,7370,0.263,7246,2754,0.7246,4616
configs/exp4/arc_lirs_2q_arc.cfg,experiments/data/phases24_c12_seed47.in,ARC LIRS 2Q ARC,4,3 3 3 3,12,10000,2716,7284,0.2716,7246,2754,0.7246,4530
configs/exp4/arc_lirs_2q_lfu.cfg,experiments/data/phases24_c12_seed47.in,ARC LIRS 2Q LFU,4,3 3 3 3,12,10000,2502,7498,0.2502,7246,2754,0.7246,4744
configs/exp4/arc_lirs_2q_lirs.cfg,experiments/data/phases24_c12_seed47.in,ARC LIRS 2Q LIRS,4,3 3 3 3,12,10000,2527,7473,0.2527,7246,2754,0.7246,4719
configs/exp4/arc_lirs_2q_lru.cfg,experiments/data/phases24_c12_seed47.in,ARC LIRS 2Q LRU,4,3 3 3 3,12,10000,2692,7308,0.2692,7246,2754,0.7246,4554
configs/exp4/arc_lirs_arc.cfg,experiments/data/phases24_c12_seed47.in,ARC LIRS ARC,3,4 4 4,12,10000,2812,7188,0.2812,7246,2754,0.7246,4434
configs/exp4/arc_lirs_arc_2q.cfg,experiments/data/phases24_c12_seed47.in,ARC LIRS ARC 2Q,4,3 3 3 3,12,10000,2620,7380,0.262,7246,2754,0.7246,4626
configs/exp4/arc_lirs_arc_arc.cfg,experiments/data/phases24_c12_seed47.in,ARC LIRS ARC ARC,4,3 3 3 3,12,10000,2354,7646,0.2354,7246,2754,0.7246,4892
configs/exp4/arc_lirs_arc_lfu.cfg,experiments/data/phases24_c12_seed47.in,ARC LIRS ARC LFU,4,3 3 3 3,12,10000,2301,7699,0.2301,7246,2754,0.7246,4945
configs/exp4/arc_lirs_arc_lirs.cfg,experiments/data/phases24_c12_seed47.in,ARC LIRS ARC LIRS,4,3 3 3 3,12,10000,2324,7676,0.2324,7246,2754,0.7246,4922
configs/exp4/arc_lirs_arc_lru.cfg,experiments/data/phases24_c12_seed47.in,ARC LIRS ARC LRU,4,3 3 3 3,12,10000,2368,7632,0.2368,7246,2754,0.7246,4878
configs/exp4/arc_lirs_lfu.cfg,experiments/data/phases24_c12_seed47.in,ARC LIRS LFU,3,4 4 4,12,10000,2595,7405,0.2595,7246,2754,0.7246,4651
configs/exp4/arc_lirs_lfu_2q.cfg,experiments/data/phases24_c12_seed47.in,ARC LIRS LFU 2Q,4,3 3 3 3,12,10000,2503,7497,0.2503,7246,2754,0.7246,4743
configs/exp4/arc_lirs_lfu_arc.cfg,experiments/data/phases24_c12_seed47.in,ARC LIRS LFU ARC,4,3 3 3 3,12,10000,2298,7702,0.2298,7246,2754,0.7246,4948
configs/exp4/arc_lirs_lfu_lfu.cfg,experiments/data/phases24_c12_seed47.in,ARC LIRS LFU LFU,4,3 3 3 3,12,10000,2099,7901,0.2099,7246,2754,0.7246,5147
configs/exp4/arc_lirs_lfu_lirs.cfg,experiments/data/phases24_c12_seed47.in,ARC LIRS LFU LIRS,4,3 3 3 3,12,10000,2076,7924,0.2076,7246,2754,0.7246,5170
configs/exp4/arc_lirs_lfu_lru.cfg,experiments/data/phases24_c12_seed47.in,ARC LIRS LFU LRU,4,3 3 3 3,12,10000,2250,7750,0.225,7246,2754,0.7246,4996
configs/exp4/arc_lirs_lirs.cfg,experiments/data/phases24_c12_seed47.in,ARC LIRS LIRS,3,4 4 4,12,10000,2600,7400,0.26,7246,2754,0.7246,4646
configs/exp4/arc_lirs_lirs_2q.cfg,experiments/data/phases24_c12_seed47.in,ARC LIRS LIRS 2Q,4,3 3 3 3,12,10000,2481,7519,0.2481,7246,2754,0.7246,4765
configs/exp4/arc_lirs_lirs_arc.cfg,experiments/data/phases24_c12_seed47.in,ARC LIRS LIRS ARC,4,3 3 3 3,12,10000,2270,7730,0.227,7246,2754,0.7246,4976
configs/exp4/arc_lirs_lirs_lfu.cfg,experiments/data/phases24_c12_seed47.in,ARC LIRS LIRS LFU,4,3 3 3 3,12,10000,2060,7940,0.206,7246,2754,0.7246,5186
configs/exp4/arc_lirs_lirs_lirs.cfg,experiments/data/phases24_c12_seed47.in,ARC LIRS LIRS LIRS,4,3 3 3 3,12,10000,1946,8054,0.1946,7246,2754,0.7246,5300
configs/exp4/arc_lirs_lirs_lru.cfg,experiments/data/phases24_c12_seed47.in,ARC LIRS LIRS LRU,4,3 3 3 3,12,10000,2221,7779,0.2221,7246,2754,0.7246,5025
configs/exp4/arc_lirs_lru.cfg,experiments/data/phases24_c12_seed47.in,ARC LIRS LRU,3,4 4 4,12,10000,2813,7187,0.2813,7246,2754,0.7246,4433
configs/exp4/arc_lirs_lru_2q.cfg,experiments/data/phases24_c12_seed47.in,ARC LIRS LRU 2Q,4,3 3 3 3,12,10000,2242,7758,0.2242,7246,2754,0.7246,5004
configs/exp4/arc_lirs_lru_arc.cfg,experiments/data/phases24_c12_seed47.in,ARC LIRS LRU ARC,4,3 3 3 3,12,10000,2400,7600,0.24,7246,2754,0.7246,4846
configs/exp4/arc_lirs_lru_lfu.cfg,experiments/data/phases24_c12_seed47.in,ARC LIRS LRU LFU,4,3 3 3 3,12,10000,2165,7835,0.2165,7246,2754,0.7246,5081
configs/exp4/arc_lirs_lru_lirs.cfg,experiments/data/phases24_c12_seed47.in,ARC LIRS LRU LIRS,4,3 3 3 3,12,10000,2328,7672,0.2328,7246,2754,0.7246,4918
configs/exp4/arc_lirs_lru_lru.cfg,experiments/data/phases24_c12_seed47.in,ARC LIRS LRU LRU,4,3 3 3 3,12,10000,2100,7900,0.21,7246,2754,0.7246,5146
configs/exp4/arc_lru.cfg,experiments/data/phases24_c12_seed47.in,ARC LRU,2,6 6,12,10000,2918,7082,0.2918,7246,2754,0.7246,4328
configs/exp4/arc_lru_2q.cfg,experiments/data/phases24_c12_seed47.in,ARC LRU 2Q,3,4 4 4,12,10000,2312,7688,0.2312,7246,2754,0.7246,4934
configs/exp4/arc_lru_2q_2q.cfg,experiments/data/phases24_c12_seed47.in,ARC LRU 2Q 2Q,4,3 3 3 3,12,10000,1727,8273,0.1727,7246,2754,0.7246,5519
configs/exp4/arc_lru_2q_arc.cfg,experiments/data/phases24_c12_seed47.in,ARC LRU 2Q ARC,4,3 3 3 3,12,10000,2063,7937,0.2063,7246,2754,0.7246,5183
configs/exp4/arc_lru_2q_lfu.cfg,experiments/data/phases24_c12_seed47.in,ARC LRU 2Q LFU,4,3 3 3 3,12,10000,1727,8273,0.1727,7246,2754,0.7246,5519
configs/exp4/arc_lru_2q_lirs.cfg,experiments/data/phases24_c12_seed47.in,ARC LRU 2Q LIRS,4,3 3 3 3,12,10000,2251,7749,0.2251,7246,2754,0.7246,4995
configs/exp4/arc_lru_2q_lru.cfg,experiments/data/phases24_c12_seed47.in,ARC LRU 2Q LRU,4,3 3 3 3,12,10000,1696,8304,0.1696,7246,2754,0.7246,5550
configs/exp4/arc_lru_arc.cfg,experiments/data/phases24_c12_seed47.in,ARC LRU ARC,3,4 4 4,12,10000,2676,7324,0.2676,7246,2754,0.7246,4570
configs/exp4/arc_lru_arc_2q.cfg,experiments/data/phases24_c12_seed47.in,ARC LRU ARC 2Q,4,3 3 3 3,12,10000,2099,7901,0.2099,7246,2754,0.7246,5147
configs/exp4/arc_lru_arc_arc.cfg,experiments/data/phases24_c12_seed47.in,ARC LRU ARC ARC,4,3 3 3 3,12,10000,1994,8006,0.1994,7246,2754,0.7246,5252
configs/exp4/arc_lru_arc_lfu.cfg,experiments/data/phases24_c12_seed47.in,ARC LRU ARC LFU,4,3 3 3 3,12,10000,1891,8109,0.1891,7246,2754,0.7246,5355
configs/exp4/arc_lru_arc_lirs.cfg,experiments/data/phases24_c12_seed47.in,ARC LRU ARC LIRS,4,3 3 3 3,12,10000,2397,7603,0.2397,7246,2754,0.7246,4849
configs/exp4/arc_lru_arc_lru.cfg,experiments/data/phases24_c12_seed47.in,ARC LRU ARC LRU,4,3 3 3 3,12,10000,1891,8109,0.1891,7246,2754,0.7246,5355
configs/exp4/arc_lru_lfu.cfg,experiments/data/phases24_c12_seed47.in,ARC LRU LFU,3,4 4 4,12,10000,2192,7808,0.2192,7246,2754,0.7246,5054
configs/exp4/arc_lru_lfu_2q.cfg,experiments/data/phases24_c12_seed47.in,ARC LRU LFU 2Q,4,3 3 3 3,12,10000,1707,8293,0.1707,7246,2754,0.7246,5539
configs/exp4/arc_lru_lfu_arc.cfg,experiments/data/phases24_c12_seed47.in,ARC LRU LFU ARC,4,3 3 3 3,12,10000,1884,8116,0.1884,7246,2754,0.7246,5362
configs/exp4/arc_lru_lfu_lfu.cfg,experiments/data/phases24_c12_seed47.in,ARC LRU LFU LFU,4,3 3 3 3,12,10000,1594,8406,0.1594,7246,2754,0.7246,5652
configs/exp4/arc_lru_lfu_lirs.cfg,experiments/data/phases24_c12_seed47.in,ARC LRU LFU LIRS,4,3 3 3 3,12,10000,2109,7891,0.2109,7246,2754,0.7246,5137
configs/exp4/arc_lru_lfu_lru.cfg,experiments/data/phases24_c12_seed47.in,ARC LRU LFU LRU,4,3 3 3 3,12,10000,1546,8454,0.1546,7246,2754,0.7246,5700
configs/exp4/arc_lru_lirs.cfg,experiments/data/phases24_c12_seed47.in,ARC LRU LIRS,3,4 4 4,12,10000,2794,7206,0.2794,7246,2754,0.7246,4452
configs/exp4/arc_lru_lirs_2q.cfg,experiments/data/phases24_c12_seed47.in,ARC LRU LIRS 2Q,4,3 3 3 3,12,10000,2305,7695,0.2305,7246,2754,0.7246,4941
configs/exp4/arc_lru_lirs_arc.cfg,experiments/data/phases24_c12_seed47.in,ARC LRU LIRS ARC,4,3 3 3 3,12,10000,2488,7512,0.2488,7246,2754,0.7246,4758
configs/exp4/arc_lru_lirs_lfu.cfg,experiments/data/phases24_c12_seed47.in,ARC LRU LIRS LFU,4,3 3 3 3,12,10000,2209,7791,0.2209,7246,2754,0.7246,5037
configs/exp4/arc_lru_lirs_lirs.cfg,experiments/data/phases24_c12_seed47.in,ARC LRU LIRS LIRS,4,3 3 3 3,12,10000,2255,7745,0.2255,7246,2754,0.7246,4991
configs/exp4/arc_lru_lirs_lru.cfg,experiments/data/phases24_c12_seed47.in,ARC LRU LIRS LRU,4,3 3 3 3,12,10000,2149,7851,0.2149,7246,2754,0.7246,5097
configs/exp4/arc_lru_lru.cfg,experiments/data/phases24_c12_seed47.in,ARC LRU LRU,3,4 4 4,12,10000,2084,7916,0.2084,7246,2754,0.7246,5162
configs/exp4/arc_lru_lru_2q.cfg,experiments/data/phases24_c12_seed47.in,ARC LRU LRU 2Q,4,3 3 3 3,12,10000,1679,8321,0.1679,7246,2754,0.7246,5567
configs/exp4/arc_lru_lru_arc.cfg,experiments/data/phases24_c12_seed47.in,ARC LRU LRU ARC,4,3 3 3 3,12,10000,1626,8374,0.1626,7246,2754,0.7246,5620
configs/exp4/arc_lru_lru_lfu.cfg,experiments/data/phases24_c12_seed47.in,ARC LRU LRU LFU,4,3 3 3 3,12,10000,1593,8407,0.1593,7246,2754,0.7246,5653
configs/exp4/arc_lru_lru_lirs.cfg,experiments/data/phases24_c12_seed47.in,ARC LRU LRU LIRS,4,3 3 3 3,12,10000,2089,7911,0.2089,7246,2754,0.7246,5157
configs/exp4/arc_lru_lru_lru.cfg,experiments/data/phases24_c12_seed47.in,ARC LRU LRU LRU,4,3 3 3 3,12,10000,1518,8482,0.1518,7246,2754,0.7246,5728
configs/exp4/lfu_2q.cfg,experiments/data/phases24_c12_seed47.in,LFU 2Q,2,6 6,12,10000,2850,7150,0.285,7246,2754,0.7246,4396
configs/exp4/lfu_2q_2q.cfg,experiments/data/phases24_c12_seed47.in,LFU 2Q 2Q,3,4 4 4,12,10000,2158,7842,0.2158,7246,2754,0.7246,5088
configs/exp4/lfu_2q_2q_2q.cfg,experiments/data/phases24_c12_seed47.in,LFU 2Q 2Q 2Q,4,3 3 3 3,12,10000,1713,8287,0.1713,7246,2754,0.7246,5533
configs/exp4/lfu_2q_2q_arc.cfg,experiments/data/phases24_c12_seed47.in,LFU 2Q 2Q ARC,4,3 3 3 3,12,10000,2277,7723,0.2277,7246,2754,0.7246,4969
configs/exp4/lfu_2q_2q_lfu.cfg,experiments/data/phases24_c12_seed47.in,LFU 2Q 2Q LFU,4,3 3 3 3,12,10000,1773,8227,0.1773,7246,2754,0.7246,5473
configs/exp4/lfu_2q_2q_lirs.cfg,experiments/data/phases24_c12_seed47.in,LFU 2Q 2Q LIRS,4,3 3 3 3,12,10000,2238,7762,0.2238,7246,2754,0.7246,5008
configs/exp4/lfu_2q_2q_lru.cfg,experiments/data/phases24_c12_seed47.in,LFU 2Q 2Q LRU,4,3 3 3 3,12,10000,2327,7673,0.2327,7246,2754,0.7246,4919
configs/exp4/lfu_2q_arc.cfg,experiments/data/phases24_c12_seed47.in,LFU 2Q ARC,3,4 4 4,12,10000,2834,7166,0.2834,7246,2754,0.7246,4412
configs/exp4/lfu_2q_arc_2q.cfg,experiments/data/phases24_c12_seed47.in,LFU 2Q ARC 2Q,4,3 3 3 3,12,10000,2538,7462,0.2538,7246,2754,0.7246,4708
configs/exp4/lfu_2q_arc_arc.cfg,experiments/data/phases24_c12_seed47.in,LFU 2Q ARC ARC,4,3 3 3 3,12,10000,2416,7584,0.2416,7246,2754,0.7246,4830
configs/exp4/lfu_2q_arc_lfu.cfg,experiments/data/phases24_c12_seed47.in,LFU 2Q ARC LFU,4,3 3 3 3,12,10000,2217,7783,0.2217,7246,2754,0.7246,5029
configs/exp4/lfu_2q_arc_lirs.cfg,experiments/data/phases24_c12_seed47.in,LFU 2Q ARC LIRS,4,3 3 3 3,12,10000,2663,7337,0.2663,7246,2754,0.7246,4583
configs/exp4/lfu_2q_arc_lru.cfg,experiments/data/phases24_c12_seed47.in,LFU 2Q ARC LRU,4,3 3 3 3,12,10000,2345,7655,0.2345,7246,2754,0.7246,4901
configs/exp4/lfu_2q_lfu.cfg,experiments/data/phases24_c12_seed47.in,LFU 2Q LFU,3,4 4 4,12,10000,2116,7884,0.2116,7246,2754,0.7246,5130
configs/exp4/lfu_2q_lfu_2q.cfg,experiments/data/phases24_c12_seed47.in,LFU 2Q LFU 2Q,4,3 3 3 3,12,10000,1812,8188,0.1812,7246,2754,0.7246,5434
configs/exp4/lfu_2q_lfu_arc.cfg,experiments/data/phases24_c12_seed47.in,LFU 2Q LFU ARC,4,3 3 3 3,12,10000,2219,7781,0.2219,7246,2754,0.7246,5027
configs/exp4/lfu_2q_lfu_lfu.cfg,experiments/data/phases24_c12_seed47.in,LFU 2Q LFU LFU,4,3 3 3 3,12,10000,1703,8297,0.1703,7246,2754,0.7246,5543
configs/exp4/lfu_2q_lfu_lirs.cfg,experiments/data/phases24_c12_seed47.in,LFU 2Q LFU LIRS,4,3 3 3 3,12,10000,2196,7804,0.2196,7246,2754,0.7246,5050
configs/exp4/lfu_2q_lfu_lru.cfg,experiments/data/phases24_c12_seed47.in,LFU 2Q LFU LRU,4,3 3 3 3,12,10000,2267,7733,0.2267,7246,2754,0.7246,4979
configs/exp4/lfu_2q_lirs.cfg,experiments/data/phases24_c12_seed47.in,LFU 2Q LIRS,3,4 4 4,12,10000,2616,7384,0.2616,7246,2754,0.7246,4630
configs/exp4/lfu_2q_lirs_2q.cfg,experiments/data/phases24_c12_seed47.in,LFU 2Q LIRS 2Q,4,3 3 3 3,12,10000,2318,7682,0.2318,7246,2754,0.7246,4928
configs/exp4/lfu_2q_lirs_arc.cfg,experiments/data/phases24_c12_seed47.in,LFU 2Q LIRS ARC,4,3 3 3 3,12,10000,2588,7412,0.2588,7246,2754,0.7246,4658
configs/exp4/lfu_2q_lirs_lfu.cfg,experiments/data/phases24_c12_seed47.in,LFU 2Q LIRS LFU,4,3 3 3 3,12,10000,2165,7835,0.2165,7246,2754,0.7246,5081
configs/exp4/lfu_2q_lirs_lirs.cfg,experiments/data/phases24_c12_seed47.in,LFU 2Q LIRS LIRS,4,3 3 3 3,12,10000,2152,7848,0.2152,7246,2754,0.7246,5094
configs/exp4/lfu_2q_lirs_lru.cfg,experiments/data/phases24_c12_seed47.in,LFU 2Q LIRS LRU,4,3 3 3 3,12,10000,2645,7355,0.2645,7246,2754,0.7246,4601
configs/exp4/lfu_2q_lru.cfg,experiments/data/phases24_c12_seed47.in,LFU 2Q LRU,3,4 4 4,12,10000,2906,7094,0.2906,7246,2754,0.7246,4340
configs/exp4/lfu_2q_lru_2q.cfg,experiments/data/phases24_c12_seed47.in,LFU 2Q LRU 2Q,4,3 3 3 3,12,10000,2273,7727,0.2273,7246,2754,0.7246,4973
configs/exp4/lfu_2q_lru_arc.cfg,experiments/data/phases24_c12_seed47.in,LFU 2Q LRU ARC,4,3 3 3 3,12,10000,2567,7433,0.2567,7246,2754,0.7246,4679
configs/exp4/lfu_2q_lru_lfu.cfg,experiments/data/phases24_c12_seed47.in,LFU 2Q LRU LFU,4,3 3 3 3,12,10000,2263,7737,0.2263,7246,2754,0.7246,4983
configs/exp4/lfu_2q_lru_lirs.cfg,experiments/data/phases24_c12_seed47.in,LFU 2Q LRU LIRS,4,3 3 3 3,12,10000,2718,7282,0.2718,7246,2754,0.7246,4528
configs/exp4/lfu_2q_lru_lru.cfg,experiments/data/phases24_c12_seed47.in,LFU 2Q LRU LRU,4,3 3 3 3,12,10000,2150,7850,0.215,7246,2754,0.7246,5096
configs/exp4/lfu_arc.cfg,experiments/data/phases24_c12_seed47.in,LFU ARC,2,6 6,12,10000,2777,7223,0.2777,7246,2754,0.7246,4469
configs/exp4/lfu_arc_2q.cfg,experiments/data/phases24_c12_seed47.in,LFU ARC 2Q,3,4 4 4,12,10000,2703,7297,0.2703,7246,2754,0.7246,4543
configs/exp4/lfu_arc_2q_2q.cfg,experiments/data/phases24_c12_seed47.in,LFU ARC 2Q 2Q,4,3 3 3 3,12,10000,2282,7718,0.2282,7246,2754,0.7246,4964
configs/exp4/lfu_arc_2q_arc.cfg,experiments/data/phases24_c12_seed47.in,LFU ARC 2Q ARC,4,3 3 3 3,12,10000,2410,7590,0.241,7246,2754,0.7246,4836
configs/exp4/lfu_arc_2q_lfu.cfg,experiments/data/phases24_c12_seed47.in,LFU ARC 2Q LFU,4,3 3 3 3,12,10000,2167,7833,0.2167,7246,2754,0.7246,5079
configs/exp4/lfu_arc_2q_lirs.cfg,experiments/data/phases24_c12_seed47.in,LFU ARC 2Q LIRS,4,3 3 3 3,12,10000,2581,7419,0.2581,7246,2754,0.7246,4665
configs/exp4/lfu_arc_2q_lru.cfg,experiments/data/phases24_c12_seed47.in,LFU ARC 2Q LRU,4,3 3 3 3,12,10000,2372,7628,0.2372,7246,2754,0.7246,4874
configs/exp4/lfu_arc_arc.cfg,experiments/data/phases24_c12_seed47.in,LFU ARC ARC,3,4 4 4,12,10000,2336,7664,0.2336,7246,2754,0.7246,4910
configs/exp4/lfu_arc_arc_2q.cfg,experiments/data/phases24_c12_seed47.in,LFU ARC ARC 2Q,4,3 3 3 3,12,10000,2312,7688,0.2312,7246,2754,0.7246,4934
configs/exp4/lfu_arc_arc_arc.cfg,experiments/data/phases24_c12_seed47.in,LFU ARC ARC ARC,4,3 3 3 3,12,10000,2022,7978,0.2022,7246,2754,0.7246,5224
configs/exp4/lfu_arc_arc_lfu.cfg,experiments/data/phases24_c12_seed47.in,LFU ARC ARC LFU,4,3 3 3 3,12,10000,1948,8052,0.1948,7246,2754,0.7246,5298
configs/exp4/lfu_arc_arc_lirs.cfg,experiments/data/phases24_c12_seed47.in,LFU ARC ARC LIRS,4,3 3 3 3,12,10000,2352,7648,0.2352,7246,2754,0.7246,4894
configs/exp4/lfu_arc_arc_lru.cfg,experiments/data/phases24_c12_seed47.in,LFU ARC ARC LRU,4,3 3 3 3,12,10000,2072,7928,0.2072,7246,2754,0.7246,5174
configs/exp4/lfu_arc_lfu.cfg,experiments/data/phases24_c12_seed47.in,LFU ARC LFU,3,4 4 4,12,10000,2107,7893,0.2107,7246,2754,0.7246,5139
configs/exp4/lfu_arc_lfu_2q.cfg,experiments/data/phases24_c12_seed47.in,LFU ARC LFU 2Q,4,3 3 3 3,12,10000,2176,7824,0.2176,7246,2754,0.7246,5070
configs/exp4/lfu_arc_lfu_arc.cfg,experiments/data/phases24_c12_seed47.in,LFU ARC LFU ARC,4,3 3 3 3,12,10000,1951,8049,0.1951,7246,2754,0.7246,5295
configs/exp4/lfu_arc_lfu_lfu.cfg,experiments/data/phases24_c12_seed47.in,LFU ARC LFU LFU,4,3 3 3 3,12,10000,1723,8277,0.1723,7246,2754,0.7246,5523
configs/exp4/lfu_arc_lfu_lirs.cfg,experiments/data/phases24_c12_seed47.in,LFU ARC LFU LIRS,4,3 3 3 3,12,10000,2184,7816,0.2184,7246,2754,0.7246,5062
configs/exp4/lfu_arc_lfu_lru.cfg,experiments/data/phases24_c12_seed47.in,LFU ARC LFU LRU,4,3 3 3 3,12,10000,1919,8081,0.1919,7246,2754,0.7246,5327
configs/exp4/lfu_arc_lirs.cfg,experiments/data/phases24_c12_seed47.in,LFU ARC LIRS,3,4 4 4,12,10000,2656,7344,0.2656,7246,2754,0.7246,4590
configs/exp4/lfu_arc_lirs_2q.cfg,experiments/data/phases24_c12_seed47.in,LFU ARC LIRS 2Q,4,3 3 3 3,12,10000,2554,7446,0.2554,7246,2754,0.7246,4692
configs/exp4/lfu_arc_lirs_arc.cfg,experiments/data/phases24_c12_seed47.in,LFU ARC LIRS ARC,4,3 3 3 3,12,10000,2353,7647,0.2353,7246,2754,0.7246,4893
configs/exp4/lfu_arc_lirs_lfu.cfg,experiments/data/phases24_c12_seed47.in,LFU ARC LIRS LFU,4,3 3 3 3,12,10000,2165,7835,0.2165,7246,2754,0.7246,5081
configs/exp4/lfu_arc_lirs_lirs.cfg,experiments/data/phases24_c12_seed47.in,LFU ARC LIRS LIRS,4,3 3 3 3,12,10000,2160,7840,0.216,7246,2754,0.7246,5086
configs/exp4/lfu_arc_lirs_lru.cfg,experiments/data/phases24_c12_seed47.in,LFU ARC LIRS LRU,4,3 3 3 3,12,10000,2319,7681,0.2319,7246,2754,0.7246,4927
configs/exp4/lfu_arc_lru.cfg,experiments/data/phases24_c12_seed47.in,LFU ARC LRU,3,4 4 4,12,10000,2360,7640,0.236,7246,2754,0.7246,4886
configs/exp4/lfu_arc_lru_2q.cfg,experiments/data/phases24_c12_seed47.in,LFU ARC LRU 2Q,4,3 3 3 3,12,10000,1926,8074,0.1926,7246,2754,0.7246,5320
configs/exp4/lfu_arc_lru_arc.cfg,experiments/data/phases24_c12_seed47.in,LFU ARC LRU ARC,4,3 3 3 3,12,10000,2033,7967,0.2033,7246,2754,0.7246,5213
configs/exp4/lfu_arc_lru_lfu.cfg,experiments/data/phases24_c12_seed47.in,LFU ARC LRU LFU,4,3 3 3 3,12,10000,1869,8131,0.1869,7246,2754,0.7246,5377
configs/exp4/lfu_arc_lru_lirs.cfg,experiments/data/phases24_c12_seed47.in,LFU ARC LRU LIRS,4,3 3 3 3,12,10000,2339,7661,0.2339,7246,2754,0.7246,4907
configs/exp4/lfu_arc_lru_lru.cfg,experiments/data/phases24_c12_seed47.in,LFU ARC LRU LRU,4,3 3 3 3,12,10000,1752,8248,0.1752,7246,2754,0.7246,5494
configs/exp4/lfu_lfu_2q.cfg,experiments/data/phases24_c12_seed47.in,LFU LFU 2Q,3,4 4 4,12,10000,2126,7874,0.2126,7246,2754,0.7246,5120
configs/exp4/lfu_lfu_2q_2q.cfg,experiments/data/phases24_c12_seed47.in,LFU LFU 2Q 2Q,4,3 3 3 3,12,10000,1817,8183,0.1817,7246,2754,0.7246,5429
configs/exp4/lfu_lfu_2q_arc.cfg,experiments/data/phases24_c12_seed47.in,LFU LFU 2Q ARC,4,3 3 3 3,12,10000,2252,7748,0.2252,7246,2754,0.7246,4994
configs/exp4/lfu_lfu_2q_lfu.cfg,experiments/data/phases24_c12_seed47.in,LFU LFU 2Q LFU,4,3 3 3 3,12,10000,1761,8239,0.1761,7246,2754,0.7246,5485
configs/exp4/lfu_lfu_2q_lirs.cfg,experiments/data/phases24_c12_seed47.in,LFU LFU 2Q LIRS,4,3 3 3 3,12,10000,2211,7789,0.2211,7246,2754,0.7246,5035
configs/exp4/lfu_lfu_2q_lru.cfg,experiments/data/phases24_c12_seed47.in,LFU LFU 2Q LRU,4,3 3 3 3,12,10000,2292,7708,0.2292,7246,2754,0.7246,4954
configs/exp4/lfu_lfu_arc.cfg,experiments/data/phases24_c12_seed47.in,LFU LFU ARC,3,4 4 4,12,10000,2161,7839,0.2161,7246,2754,0.7246,5085
configs/exp4/lfu_lfu_arc_2q.cfg,experiments/data/phases24_c12_seed47.in,LFU LFU ARC 2Q,4,3 3 3 3,12,10000,2182,7818,0.2182,7246,2754,0.7246,5064
configs/exp4/lfu_lfu_arc_arc.cfg,experiments/data/phases24_c12_seed47.in,LFU LFU ARC ARC,4,3 3 3 3,12,10000,1952,8048,0.1952,7246,2754,0.7246,5294
configs/exp4/lfu_lfu_arc_lfu.cfg,experiments/data/phases24_c12_seed47.in,LFU LFU ARC LFU,4,3 3 3 3,12,10000,1766,8234,0.1766,7246,2754,0.7246,5480
configs/exp4/lfu_lfu_arc_lirs.cfg,experiments/data/phases24_c12_seed47.in,LFU LFU ARC LIRS,4,3 3 3 3,12,10000,2201,7799,0.2201,7246,2754,0.7246,5045
configs/exp4/lfu_lfu_arc_lru.cfg,experiments/data/phases24_c12_seed47.in,LFU LFU ARC LRU,4,3 3 3 3,12,10000,1934,8066,0.1934,7246,2754,0.7246,5312
configs/exp4/lfu_lfu_lfu_2q.cfg,experiments/data/phases24_c12_seed47.in,LFU LFU LFU 2Q,4,3 3 3 3,12,10000,1772,8228,0.1772,7246,2754,0.7246,5474
configs/exp4/lfu_lfu_lfu_arc.cfg,experiments/data/phases24_c12_seed47.in,LFU LFU LFU ARC,4,3 3 3 3,12,10000,1777,8223,0.1777,7246,2754,0.7246,5469
configs/exp4/lfu_lfu_lfu_lirs.cfg,experiments/data/phases24_c12_seed47.in,LFU LFU LFU LIRS,4,3 3 3 3,12,10000,1815,8185,0.1815,7246,2754,0.7246,5431
configs/exp4/lfu_lfu_lfu_lru.cfg,experiments/data/phases24_c12_seed47.in,LFU LFU LFU LRU,4,3 3 3 3,12,10000,1754,8246,0.1754,7246,2754,0.7246,5492
configs/exp4/lfu_lfu_lirs.cfg,experiments/data/phases24_c12_seed47.in,LFU LFU LIRS,3,4 4 4,12,10000,2159,7841,0.2159,7246,2754,0.7246,5087
configs/exp4/lfu_lfu_lirs_2q.cfg,experiments/data/phases24_c12_seed47.in,LFU LFU LIRS 2Q,4,3 3 3 3,12,10000,2160,7840,0.216,7246,2754,0.7246,5086
configs/exp4/lfu_lfu_lirs_arc.cfg,experiments/data/phases24_c12_seed47.in,LFU LFU LIRS ARC,4,3 3 3 3,12,10000,2170,7830,0.217,7246,2754,0.7246,5076
configs/exp4/lfu_lfu_lirs_lfu.cfg,experiments/data/phases24_c12_seed47.in,LFU LFU LIRS LFU,4,3 3 3 3,12,10000,1791,8209,0.1791,7246,2754,0.7246,5455
configs/exp4/lfu_lfu_lirs_lirs.cfg,experiments/data/phases24_c12_seed47.in,LFU LFU LIRS LIRS,4,3 3 3 3,12,10000,1777,8223,0.1777,7246,2754,0.7246,5469
configs/exp4/lfu_lfu_lirs_lru.cfg,experiments/data/phases24_c12_seed47.in,LFU LFU LIRS LRU,4,3 3 3 3,12,10000,2230,7770,0.223,7246,2754,0.7246,5016
configs/exp4/lfu_lfu_lru.cfg,experiments/data/phases24_c12_seed47.in,LFU LFU LRU,3,4 4 4,12,10000,2143,7857,0.2143,7246,2754,0.7246,5103
configs/exp4/lfu_lfu_lru_2q.cfg,experiments/data/phases24_c12_seed47.in,LFU LFU LRU 2Q,4,3 3 3 3,12,10000,1730,8270,0.173,7246,2754,0.7246,5516
configs/exp4/lfu_lfu_lru_arc.cfg,experiments/data/phases24_c12_seed47.in,LFU LFU LRU ARC,4,3 3 3 3,12,10000,2067,7933,0.2067,7246,2754,0.7246,5179
configs/exp4/lfu_lfu_lru_lfu.cfg,experiments/data/phases24_c12_seed47.in,LFU LFU LRU LFU,4,3 3 3 3,12,10000,1679,8321,0.1679,7246,2754,0.7246,5567
configs/exp4/lfu_lfu_lru_lirs.cfg,experiments/data/phases24_c12_seed47.in,LFU LFU LRU LIRS,4,3 3 3 3,12,10000,2192,7808,0.2192,7246,2754,0.7246,5054
configs/exp4/lfu_lfu_lru_lru.cfg,experiments/data/phases24_c12_seed47.in,LFU LFU LRU LRU,4,3 3 3 3,12,10000,1614,8386,0.1614,7246,2754,0.7246,5632
configs/exp4/lfu_lirs.cfg,experiments/data/phases24_c12_seed47.in,LFU LIRS,2,6 6,12,10000,2847,7153,0.2847,7246,2754,0.7246,4399
configs/exp4/lfu_lirs_2q.cfg,experiments/data/phases24_c12_seed47.in,LFU LIRS 2Q,3,4 4 4,12,10000,2537,7463,0.2537,7246,2754,0.7246,4709
configs/exp4/lfu_lirs_2q_2q.cfg,experiments/data/phases24_c12_seed47.in,LFU LIRS 2Q 2Q,4,3 3 3 3,12,10000,2161,7839,0.2161,7246,2754,0.7246,5085
configs/exp4/lfu_lirs_2q_arc.cfg,experiments/data/phases24_c12_seed47.in,LFU LIRS 2Q ARC,4,3 3 3 3,12,10000,2531,7469,0.2531,7246,2754,0.7246,4715
configs/exp4/lfu_lirs_2q_lfu.cfg,experiments/data/phases24_c12_seed47.in,LFU LIRS 2Q LFU,4,3 3 3 3,12,10000,2116,7884,0.2116,7246,2754,0.7246,5130
configs/exp4/lfu_lirs_2q_lirs.cfg,experiments/data/phases24_c12_seed47.in,LFU LIRS 2Q LIRS,4,3 3 3 3,12,10000,2160,7840,0.216,7246,2754,0.7246,5086
configs/exp4/lfu_lirs_2q_lru.cfg,experiments/data/phases24_c12_seed47.in,LFU LIRS 2Q LRU,4,3 3 3 3,12,10000,2579,7421,0.2579,7246,2754,0.7246,4667
configs/exp4/lfu_lirs_arc.cfg,experiments/data/phases24_c12_seed47.in,LFU LIRS ARC,3,4 4 4,12,10000,2633,7367,0.2633,7246,2754,0.7246,4613
configs/exp4/lfu_lirs_arc_2q.cfg,experiments/data/phases24_c12_seed47.in,LFU LIRS ARC 2Q,4,3 3 3 3,12,10000,2517,7483,0.2517,7246,2754,0.7246,4729
configs/exp4/lfu_lirs_arc_arc.cfg,experiments/data/phases24_c12_seed47.in,LFU LIRS ARC ARC,4,3 3 3 3,12,10000,2293,7707,0.2293,7246,2754,0.7246,4953
configs/exp4/lfu_lirs_arc_lfu.cfg,experiments/data/phases24_c12_seed47.in,LFU LIRS ARC LFU,4,3 3 3 3,12,10000,2135,7865,0.2135,7246,2754,0.7246,5111
configs/exp4/lfu_lirs_arc_lirs.cfg,experiments/data/phases24_c12_seed47.in,LFU LIRS ARC LIRS,4,3 3 3 3,12,10000,2242,7758,0.2242,7246,2754,0.7246,5004
configs/exp4/lfu_lirs_arc_lru.cfg,experiments/data/phases24_c12_seed47.in,LFU LIRS ARC LRU,4,3 3 3 3,12,10000,2258,7742,0.2258,7246,2754,0.7246,4988
configs/exp4/lfu_lirs_lfu.cfg,experiments/data/phases24_c12_seed47.in,LFU LIRS LFU,3,4 4 4,12,10000,2122,7878,0.2122,7246,2754,0.7246,5124
configs/exp4/lfu_lirs_lfu_2q.cfg,experiments/data/phases24_c12_seed47.in,LFU LIRS LFU 2Q,4,3 3 3 3,12,10000,2137,7863,0.2137,7246,2754,0.7246,5109
configs/exp4/lfu_lirs_lfu_arc.cfg,experiments/data/phases24_c12_seed47.in,LFU LIRS LFU ARC,4,3 3 3 3,12,10000,2147,7853,0.2147,7246,2754,0.7246,5099
configs/exp4/lfu_lirs_lfu_lfu.cfg,experiments/data/phases24_c12_seed47.in,LFU LIRS LFU LFU,4,3 3 3 3,12,10000,1770,8230,0.177,7246,2754,0.7246,5476
configs/exp4/lfu_lirs_lfu_lirs.cfg,experiments/data/phases24_c12_seed47.in,LFU LIRS LFU LIRS,4,3 3 3 3,12,10000,1774,8226,0.1774,7246,2754,0.7246,5472
configs/exp4/lfu_lirs_lfu_lru.cfg,experiments/data/phases24_c12_seed47.in,LFU LIRS LFU LRU,4,3 3 3 3,12,10000,2207,7793,0.2207,7246,2754,0.7246,5039
configs/exp4/lfu_lirs_lirs.cfg,experiments/data/phases24_c12_seed47.in,LFU LIRS LIRS,3,4 4 4,12,10000,2156,7844,0.2156,7246,2754,0.7246,5090
configs/exp4/lfu_lirs_lirs_2q.cfg,experiments/data/phases24_c12_seed47.in,LFU LIRS LIRS 2Q,4,3 3 3 3,12,10000,2089,7911,0.2089,7246,2754,0.7246,5157
configs/exp4/lfu_lirs_lirs_arc.cfg,experiments/data/phases24_c12_seed47.in,LFU LIRS LIRS ARC,4,3 3 3 3,12,10000,2143,7857,0.2143,7246,2754,0.7246,5103
configs/exp4/lfu_lirs_lirs_lfu.cfg,experiments/data/phases24_c12_seed47.in,LFU LIRS LIRS LFU,4,3 3 3 3,12,10000,1745,8255,0.1745,7246,2754,0.7246,5501
configs/exp4/lfu_lirs_lirs_lirs.cfg,experiments/data/phases24_c12_seed47.in,LFU LIRS LIRS LIRS,4,3 3 3 3,12,10000,1609,8391,0.1609,7246,2754,0.7246,5637
configs/exp4/lfu_lirs_lirs_lru.cfg,experiments/data/phases24_c12_seed47.in,LFU LIRS LIRS LRU,4,3 3 3 3,12,10000,2183,7817,0.2183,7246,2754,0.7246,5063
configs/exp4/lfu_lirs_lru.cfg,experiments/data/phases24_c12_seed47.in,LFU LIRS LRU,3,4 4 4,12,10000,2744,7256,0.2744,7246,2754,0.7246,4502
configs/exp4/lfu_lirs_lru_2q.cfg,experiments/data/phases24_c12_seed47.in,LFU LIRS LRU 2Q,4,3 3 3 3,12,10000,2197,7803,0.2197,7246,2754,0.7246,5049
configs/exp4/lfu_lirs_lru_arc.cfg,experiments/data/phases24_c12_seed47.in,LFU LIRS LRU ARC,4,3 3 3 3,12,10000,2468,7532,0.2468,7246,2754,0.7246,4778
configs/exp4/lfu_lirs_lru_lfu.cfg,experiments/data/phases24_c12_seed47.in,LFU LIRS LRU LFU,4,3 3 3 3,12,10000,2117,7883,0.2117,7246,2754,0.7246,5129
configs/exp4/lfu_lirs_lru_lirs.cfg,experiments/data/phases24_c12_seed47.in,LFU LIRS LRU LIRS,4,3 3 3 3,12,10000,2349,7651,0.2349,7246,2754,0.7246,4897
configs/exp4/lfu_lirs_lru_lru.cfg,experiments/data/phases24_c12_seed47.in,LFU LIRS LRU LRU,4,3 3 3 3,12,10000,2071,7929,0.2071,7246,2754,0.7246,5175
configs/exp4/lfu_lru.cfg,experiments/data/phases24_c12_seed47.in,LFU LRU,2,6 6,12,10000,2803,7197,0.2803,7246,2754,0.7246,4443
configs/exp4/lfu_lru_2q.cfg,experiments/data/phases24_c12_seed47.in,LFU LRU 2Q,3,4 4 4,12,10000,2092,7908,0.2092,7246,2754,0.7246,5154
configs/exp4/lfu_lru_2q_2q.cfg,experiments/data/phases24_c12_seed47.in,LFU LRU 2Q 2Q,4,3 3 3 3,12,10000,1529,8471,0.1529,7246,2754,0.7246,5717
configs/exp4/lfu_lru_2q_arc.cfg,experiments/data/phases24_c12_seed47.in,LFU LRU 2Q ARC,4,3 3 3 3,12,10000,2034,7966,0.2034,7246,2754,0.7246,5212
configs/exp4/lfu_lru_2q_lfu.cfg,experiments/data/phases24_c12_seed47.in,LFU LRU 2Q LFU,4,3 3 3 3,12,10000,1555,8445,0.1555,7246,2754,0.7246,5691
configs/exp4/lfu_lru_2q_lirs.cfg,experiments/data/phases24_c12_seed47.in,LFU LRU 2Q LIRS,4,3 3 3 3,12,10000,2166,7834,0.2166,7246,2754,0.7246,5080
configs/exp4/lfu_lru_2q_lru.cfg,experiments/data/phases24_c12_seed47.in,LFU LRU 2Q LRU,4,3 3 3 3,12,10000,1593,8407,0.1593,7246,2754,0.7246,5653
configs/exp4/lfu_lru_arc.cfg,experiments/data/phases24_c12_seed47.in,LFU LRU ARC,3,4 4 4,12,10000,2540,7460,0.254,7246,2754,0.7246,4706
configs/exp4/lfu_lru_arc_2q.cfg,experiments/data/phases24_c12_seed47.in,LFU LRU ARC 2Q,4,3 3 3 3,12,10000,2213,7787,0.2213,7246,2754,0.7246,5033
configs/exp4/lfu_lru_arc_arc.cfg,experiments/data/phases24_c12_seed47.in,LFU LRU ARC ARC,4,3 3 3 3,12,10000,2154,7846,0.2154,7246,2754,0.7246,5092
configs/exp4/lfu_lru_arc_lfu.cfg,experiments/data/phases24_c12_seed47.in,LFU LRU ARC LFU,4,3 3 3 3,12,10000,2017,7983,0.2017,7246,2754,0.7246,5229
configs/exp4/lfu_lru_arc_lirs.cfg,experiments/data/phases24_c12_seed47.in,LFU LRU ARC LIRS,4,3 3 3 3,12,10000,2435,7565,0.2435,7246,2754,0.7246,4811
configs/exp4/lfu_lru_arc_lru.cfg,experiments/data/phases24_c12_seed47.in,LFU LRU ARC LRU,4,3 3 3 3,12,10000,1950,8050,0.195,7246,2754,0.7246,5296
configs/exp4/lfu_lru_lfu.cfg,experiments/data/phases24_c12_seed47.in,LFU LRU LFU,3,4 4 4,12,10000,2065,7935,0.2065,7246,2754,0.7246,5181
configs/exp4/lfu_lru_lfu_2q.cfg,experiments/data/phases24_c12_seed47.in,LFU LRU LFU 2Q,4,3 3 3 3,12,10000,1630,8370,0.163,7246,2754,0.7246,5616
configs/exp4/lfu_lru_lfu_arc.cfg,experiments/data/phases24_c12_seed47.in,LFU LRU LFU ARC,4,3 3 3 3,12,10000,1987,8013,0.1987,7246,2754,0.7246,5259
configs/exp4/lfu_lru_lfu_lfu.cfg,experiments/data/phases24_c12_seed47.in,LFU LRU LFU LFU,4,3 3 3 3,12,10000,1659,8341,0.1659,7246,2754,0.7246,5587
configs/exp4/lfu_lru_lfu_lirs.cfg,experiments/data/phases24_c12_seed47.in,LFU LRU LFU LIRS,4,3 3 3 3,12,10000,2117,7883,0.2117,7246,2754,0.7246,5129
configs/exp4/lfu_lru_lfu_lru.cfg,experiments/data/phases24_c12_seed47.in,LFU LRU LFU LRU,4,3 3 3 3,12,10000,1537,8463,0.1537,7246,2754,0.7246,5709
configs/exp4/lfu_lru_lirs.cfg,experiments/data/phases24_c12_seed47.in,LFU LRU LIRS,3,4 4 4,12,10000,2705,7295,0.2705,7246,2754,0.7246,4541
configs/exp4/lfu_lru_lirs_2q.cfg,experiments/data/phases24_c12_seed47.in,LFU LRU LIRS 2Q,4,3 3 3 3,12,10000,2489,7511,0.2489,7246,2754,0.7246,4757
configs/exp4/lfu_lru_lirs_arc.cfg,experiments/data/phases24_c12_seed47.in,LFU LRU LIRS ARC,4,3 3 3 3,12,10000,2411,7589,0.2411,7246,2754,0.7246,4835
configs/exp4/lfu_lru_lirs_lfu.cfg,experiments/data/phases24_c12_seed47.in,LFU LRU LIRS LFU,4,3 3 3 3,12,10000,2158,7842,0.2158,7246,2754,0.7246,5088
configs/exp4/lfu_lru_lirs_lirs.cfg,experiments/data/phases24_c12_seed47.in,LFU LRU LIRS LIRS,4,3 3 3 3,12,10000,2183,7817,0.2183,7246,2754,0.7246,5063
configs/exp4/lfu_lru_lirs_lru.cfg,experiments/data/phases24_c12_seed47.in,LFU LRU LIRS LRU,4,3 3 3 3,12,10000,2121,7879,0.2121,7246,2754,0.7246,5125
configs/exp4/lfu_lru_lru.cfg,experiments/data/phases24_c12_seed47.in,LFU LRU LRU,3,4 4 4,12,10000,1952,8048,0.1952,7246,2754,0.7246,5294
configs/exp4/lfu_lru_lru_2q.cfg,experiments/data/phases24_c12_seed47.in,LFU LRU LRU 2Q,4,3 3 3 3,12,10000,1581,8419,0.1581,7246,2754,0.7246,5665
configs/exp4/lfu_lru_lru_arc.cfg,experiments/data/phases24_c12_seed47.in,LFU LRU LRU ARC,4,3 3 3 3,12,10000,1765,8235,0.1765,7246,2754,0.7246,5481
configs/exp4/lfu_lru_lru_lfu.cfg,experiments/data/phases24_c12_seed47.in,LFU LRU LRU LFU,4,3 3 3 3,12,10000,1500,8500,0.15,7246,2754,0.7246,5746
configs/exp4/lfu_lru_lru_lirs.cfg,experiments/data/phases24_c12_seed47.in,LFU LRU LRU LIRS,4,3 3 3 3,12,10000,2049,7951,0.2049,7246,2754,0.7246,5197
configs/exp4/lfu_lru_lru_lru.cfg,experiments/data/phases24_c12_seed47.in,LFU LRU LRU LRU,4,3 3 3 3,12,10000,1420,8580,0.142,7246,2754,0.7246,5826
configs/exp4/lirs_2q.cfg,experiments/data/phases24_c12_seed47.in,LIRS 2Q,2,6 6,12,10000,3391,6609,0.3391,7246,2754,0.7246,3855
configs/exp4/lirs_2q_2q.cfg,experiments/data/phases24_c12_seed47.in,LIRS 2Q 2Q,3,4 4 4,12,10000,2570,7430,0.257,7246,2754,0.7246,4676
configs/exp4/lirs_2q_2q_2q.cfg,experiments/data/phases24_c12_seed47.in,LIRS 2Q 2Q 2Q,4,3 3 3 3,12,10000,2131,7869,0.2131,7246,2754,0.7246,5115
configs/exp4/lirs_2q_2q_arc.cfg,experiments/data/phases24_c12_seed47.in,LIRS 2Q 2Q ARC,4,3 3 3 3,12,10000,2562,7438,0.2562,7246,2754,0.7246,4684
configs/exp4/lirs_2q_2q_lfu.cfg,experiments/data/phases24_c12_seed47.in,LIRS 2Q 2Q LFU,4,3 3 3 3,12,10000,2156,7844,0.2156,7246,2754,0.7246,5090
configs/exp4/lirs_2q_2q_lirs.cfg,experiments/data/phases24_c12_seed47.in,LIRS 2Q 2Q LIRS,4,3 3 3 3,12,10000,2306,7694,0.2306,7246,2754,0.7246,4940
configs/exp4/lirs_2q_2q_lru.cfg,experiments/data/phases24_c12_seed47.in,LIRS 2Q 2Q LRU,4,3 3 3 3,12,10000,2616,7384,0.2616,7246,2754,0.7246,4630
configs/exp4/lirs_2q_arc.cfg,experiments/data/phases24_c12_seed47.in,LIRS 2Q ARC,3,4 4 4,12,10000,3079,6921,0.3079,7246,2754,0.7246,4167
configs/exp4/lirs_2q_arc_2q.cfg,experiments/data/phases24_c12_seed47.in,LIRS 2Q ARC 2Q,4,3 3 3 3,12,10000,2785,7215,0.2785,7246,2754,0.7246,4461
configs/exp4/lirs_2q_arc_arc.cfg,experiments/data/phases24_c12_seed47.in,LIRS 2Q ARC ARC,4,3 3 3 3,12,10000,2638,7362,0.2638,7246,2754,0.7246,4608
configs/exp4/lirs_2q_arc_lfu.cfg,experiments/data/phases24_c12_seed47.in,LIRS 2Q ARC LFU,4,3 3 3 3,12,10000,2455,7545,0.2455,7246,2754,0.7246,4791
configs/exp4/lirs_2q_arc_lirs.cfg,experiments/data/phases24_c12_seed47.in,LIRS 2Q ARC LIRS,4,3 3 3 3,12,10000,2661,7339,0.2661,7246,2754,0.7246,4585
configs/exp4/lirs_2q_arc_lru.cfg,experiments/data/phases24_c12_seed47.in,LIRS 2Q ARC LRU,4,3 3 3 3,12,10000,2552,7448,0.2552,7246,2754,0.7246,4694
configs/exp4/lirs_2q_lfu.cfg,experiments/data/phases24_c12_seed47.in,LIRS 2Q LFU,3,4 4 4,12,10000,2524,7476,0.2524,7246,2754,0.7246,4722
configs/exp4/lirs_2q_lfu_2q.cfg,experiments/data/phases24_c12_seed47.in,LIRS 2Q LFU 2Q,4,3 3 3 3,12,10000,2199,7801,0.2199,7246,2754,0.7246,5047
configs/exp4/lirs_2q_lfu_arc.cfg,experiments/data/phases24_c12_seed47.in,LIRS 2Q LFU ARC,4,3 3 3 3,12,10000,2484,7516,0.2484,7246,2754,0.7246,4762
configs/exp4/lirs_2q_lfu_lfu.cfg,experiments/data/phases24_c12_seed47.in,LIRS 2Q LFU LFU,4,3 3 3 3,12,10000,2091,7909,0.2091,7246,2754,0.7246,5155
configs/exp4/lirs_2q_lfu_lirs.cfg,experiments/data/phases24_c12_seed47.in,LIRS 2Q LFU LIRS,4,3 3 3 3,12,10000,2229,7771,0.2229,7246,2754,0.7246,5017
configs/exp4/lirs_2q_lfu_lru.cfg,experiments/data/phases24_c12_seed47.in,LIRS 2Q LFU LRU,4,3 3 3 3,12,10000,2537,7463,0.2537,7246,2754,0.7246,4709
configs/exp4/lirs_2q_lirs.cfg,experiments/data/phases24_c12_seed47.in,LIRS 2Q LIRS,3,4 4 4,12,10000,2698,7302,0.2698,7246,2754,0.7246,4548
configs/exp4/lirs_2q_lirs_2q.cfg,experiments/data/phases24_c12_seed47.in,LIRS 2Q LIRS 2Q,4,3 3 3 3,12,10000,2301,7699,0.2301,7246,2754,0.7246,4945
configs/exp4/lirs_2q_lirs_arc.cfg,experiments/data/phases24_c12_seed47.in,LIRS 2Q LIRS ARC,4,3 3 3 3,12,10000,2549,7451,0.2549,7246,2754,0.7246,4697
configs/exp4/lirs_2q_lirs_lfu.cfg,experiments/data/phases24_c12_seed47.in,LIRS 2Q LIRS LFU,4,3 3 3 3,12,10000,2208,7792,0.2208,7246,2754,0.7246,5038
configs/exp4/lirs_2q_lirs_lirs.cfg,experiments/data/phases24_c12_seed47.in,LIRS 2Q LIRS LIRS,4,3 3 3 3,12,10000,2113,7887,0.2113,7246,2754,0.7246,5133
configs/exp4/lirs_2q_lirs_lru.cfg,experiments/data/phases24_c12_seed47.in,LIRS 2Q LIRS LRU,4,3 3 3 3,12,10000,2618,7382,0.2618,7246,2754,0.7246,4628
configs/exp4/lirs_2q_lru.cfg,experiments/data/phases24_c12_seed47.in,LIRS 2Q LRU,3,4 4 4,12,10000,3152,6848,0.3152,7246,2754,0.7246,4094
configs/exp4/lirs_2q_lru_2q.cfg,experiments/data/phases24_c12_seed47.in,LIRS 2Q LRU 2Q,4,3 3 3 3,12,10000,2531,7469,0.2531,7246,2754,0.7246,4715
configs/exp4/lirs_2q_lru_arc.cfg,experiments/data/phases24_c12_seed47.in,LIRS 2Q LRU ARC,4,3 3 3 3,12,10000,2754,7246,0.2754,7246,2754,0.7246,4492
configs/exp4/lirs_2q_lru_lfu.cfg,experiments/data/phases24_c12_seed47.in,LIRS 2Q LRU LFU,4,3 3 3 3,12,10000,2465,7535,0.2465,7246,2754,0.7246,4781
configs/exp4/lirs_2q_lru_lirs.cfg,experiments/data/phases24_c12_seed47.in,LIRS 2Q LRU LIRS,4,3 3 3 3,12,10000,2762,7238,0.2762,7246,2754,0.7246,4484
configs/exp4/lirs_2q_lru_lru.cfg,experiments/data/phases24_c12_seed47.in,LIRS 2Q LRU LRU,4,3 3 3 3,12,10000,2410,7590,0.241,7246,2754,0.7246,4836
configs/exp4/lirs_arc.cfg,experiments/data/phases24_c12_seed47.in,LIRS ARC,2,6 6,12,10000,3562,6438,0.3562,7246,2754,0.7246,3684
configs/exp4/lirs_arc_2q.cfg,experiments/data/phases24_c12_seed47.in,LIRS ARC 2Q,3,4 4 4,12,10000,3083,6917,0.3083,7246,2754,0.7246,4163
configs/exp4/lirs_arc_2q_2q.cfg,experiments/data/phases24_c12_seed47.in,LIRS ARC 2Q 2Q,4,3 3 3 3,12,10000,2620,7380,0.262,7246,2754,0.7246,4626
configs/exp4/lirs_arc_2q_arc.cfg,experiments/data/phases24_c12_seed47.in,LIRS ARC 2Q ARC,4,3 3 3 3,12,10000,2630,7370,0.263,7246,2754,0.7246,4616
configs/exp4/lirs_arc_2q_lfu.cfg,experiments/data/phases24_c12_seed47.in,LIRS ARC 2Q LFU,4,3 3 3 3,12,10000,2455,7545,0.2455,7246,2754,0.7246,4791
configs/exp4/lirs_arc_2q_lirs.cfg,experiments/data/phases24_c12_seed47.in,LIRS ARC 2Q LIRS,4,3 3 3 3,12,10000,2637,7363,0.2637,7246,2754,0.7246,4609
configs/exp4/lirs_arc_2q_lru.cfg,experiments/data/phases24_c12_seed47.in,LIRS ARC 2Q LRU,4,3 3 3 3,12,10000,2622,7378,0.2622,7246,2754,0.7246,4624
configs/exp4/lirs_arc_arc.cfg,experiments/data/phases24_c12_seed47.in,LIRS ARC ARC,3,4 4 4,12,10000,2744,7256,0.2744,7246,2754,0.7246,4502
configs/exp4/lirs_arc_arc_2q.cfg,experiments/data/phases24_c12_seed47.in,LIRS ARC ARC 2Q,4,3 3 3 3,12,10000,2486,7514,0.2486,7246,2754,0.7246,4760
configs/exp4/lirs_arc_arc_arc.cfg,experiments/data/phases24_c12_seed47.in,LIRS ARC ARC ARC,4,3 3 3 3,12,10000,2235,7765,0.2235,7246,2754,0.7246,5011
configs/exp4/lirs_arc_arc_lfu.cfg,experiments/data/phases24_c12_seed47.in,LIRS ARC ARC LFU,4,3 3 3 3,12,10000,2198,7802,0.2198,7246,2754,0.7246,5048
configs/exp4/lirs_arc_arc_lirs.cfg,experiments/data/phases24_c12_seed47.in,LIRS ARC ARC LIRS,4,3 3 3 3,12,10000,2366,7634,0.2366,7246,2754,0.7246,4880
configs/exp4/lirs_arc_arc_lru.cfg,experiments/data/phases24_c12_seed47.in,LIRS ARC ARC LRU,4,3 3 3 3,12,10000,2296,7704,0.2296,7246,2754,0.7246,4950
configs/exp4/lirs_arc_lfu.cfg,experiments/data/phases24_c12_seed47.in,LIRS ARC LFU,3,4 4 4,12,10000,2579,7421,0.2579,7246,2754,0.7246,4667
configs/exp4/lirs_arc_lfu_2q.cfg,experiments/data/phases24_c12_seed47.in,LIRS ARC LFU 2Q,4,3 3 3 3,12,10000,2482,7518,0.2482,7246,2754,0.7246,4764
configs/exp4/lirs_arc_lfu_arc.cfg,experiments/data/phases24_c12_seed47.in,LIRS ARC LFU ARC,4,3 3 3 3,12,10000,2216,7784,0.2216,7246,2754,0.7246,5030
configs/exp4/lirs_arc_lfu_lfu.cfg,experiments/data/phases24_c12_seed47.in,LIRS ARC LFU LFU,4,3 3 3 3,12,10000,2077,7923,0.2077,7246,2754,0.7246,5169
configs/exp4/lirs_arc_lfu_lirs.cfg,experiments/data/phases24_c12_seed47.in,LIRS ARC LFU LIRS,4,3 3 3 3,12,10000,2234,7766,0.2234,7246,2754,0.7246,5012
configs/exp4/lirs_arc_lfu_lru.cfg,experiments/data/phases24_c12_seed47.in,LIRS ARC LFU LRU,4,3 3 3 3,12,10000,2205,7795,0.2205,7246,2754,0.7246,5041
configs/exp4/lirs_arc_lirs.cfg,experiments/data/phases24_c12_seed47.in,LIRS ARC LIRS,3,4 4 4,12,10000,2809,7191,0.2809,7246,2754,0.7246,4437
configs/exp4/lirs_arc_lirs_2q.cfg,experiments/data/phases24_c12_seed47.in,LIRS ARC LIRS 2Q,4,3 3 3 3,12,10000,2588,7412,0.2588,7246,2754,0.7246,4658
configs/exp4/lirs_arc_lirs_arc.cfg,experiments/data/phases24_c12_seed47.in,LIRS ARC LIRS ARC,4,3 3 3 3,12,10000,2349,7651,0.2349,7246,2754,0.7246,4897
configs/exp4/lirs_arc_lirs_lfu.cfg,experiments/data/phases24_c12_seed47.in,LIRS ARC LIRS LFU,4,3 3 3 3,12,10000,2217,7783,0.2217,7246,2754,0.7246,5029
configs/exp4/lirs_arc_lirs_lirs.cfg,experiments/data/phases24_c12_seed47.in,LIRS ARC LIRS LIRS,4,3 3 3 3,12,10000,2155,7845,0.2155,7246,2754,0.7246,5091
configs/exp4/lirs_arc_lirs_lru.cfg,experiments/data/phases24_c12_seed47.in,LIRS ARC LIRS LRU,4,3 3 3 3,12,10000,2350,7650,0.235,7246,2754,0.7246,4896
configs/exp4/lirs_arc_lru.cfg,experiments/data/phases24_c12_seed47.in,LIRS ARC LRU,3,4 4 4,12,10000,2691,7309,0.2691,7246,2754,0.7246,4555
configs/exp4/lirs_arc_lru_2q.cfg,experiments/data/phases24_c12_seed47.in,LIRS ARC LRU 2Q,4,3 3 3 3,12,10000,2197,7803,0.2197,7246,2754,0.7246,5049
configs/exp4/lirs_arc_lru_arc.cfg,experiments/data/phases24_c12_seed47.in,LIRS ARC LRU ARC,4,3 3 3 3,12,10000,2188,7812,0.2188,7246,2754,0.7246,5058
configs/exp4/lirs_arc_lru_lfu.cfg,experiments/data/phases24_c12_seed47.in,LIRS ARC LRU LFU,4,3 3 3 3,12,10000,2105,7895,0.2105,7246,2754,0.7246,5141
configs/exp4/lirs_arc_lru_lirs.cfg,experiments/data/phases24_c12_seed47.in,LIRS ARC LRU LIRS,4,3 3 3 3,12,10000,2404,7596,0.2404,7246,2754,0.7246,4842
configs/exp4/lirs_arc_lru_lru.cfg,experiments/data/phases24_c12_seed47.in,LIRS ARC LRU LRU,4,3 3 3 3,12,10000,2051,7949,0.2051,7246,2754,0.7246,5195
configs/exp4/lirs_lfu.cfg,experiments/data/phases24_c12_seed47.in,LIRS LFU,2,6 6,12,10000,2741,7259,0.2741,7246,2754,0.7246,4505
configs/exp4/lirs_lfu_2q.cfg,experiments/data/phases24_c12_seed47.in,LIRS LFU 2Q,3,4 4 4,12,10000,2573,7427,0.2573,7246,2754,0.7246,4673
configs/exp4/lirs_lfu_2q_2q.cfg,experiments/data/phases24_c12_seed47.in,LIRS LFU 2Q 2Q,4,3 3 3 3,12,10000,2173,7827,0.2173,7246,2754,0.7246,5073
configs/exp4/lirs_lfu_2q_arc.cfg,experiments/data/phases24_c12_seed47.in,LIRS LFU 2Q ARC,4,3 3 3 3,12,10000,2509,7491,0.2509,7246,2754,0.7246,4737
configs/exp4/lirs_lfu_2q_lfu.cfg,experiments/data/phases24_c12_seed47.in,LIRS LFU 2Q LFU,4,3 3 3 3,12,10000,2105,7895,0.2105,7246,2754,0.7246,5141
configs/exp4/lirs_lfu_2q_lirs.cfg,experiments/data/phases24_c12_seed47.in,LIRS LFU 2Q LIRS,4,3 3 3 3,12,10000,2251,7749,0.2251,7246,2754,0.7246,4995
configs/exp4/lirs_lfu_2q_lru.cfg,experiments/data/phases24_c12_seed47.in,LIRS LFU 2Q LRU,4,3 3 3 3,12,10000,2560,7440,0.256,7246,2754,0.7246,4686
configs/exp4/lirs_lfu_arc.cfg,experiments/data/phases24_c12_seed47.in,LIRS LFU ARC,3,4 4 4,12,10000,2600,7400,0.26,7246,2754,0.7246,4646
configs/exp4/lirs_lfu_arc_2q.cfg,experiments/data/phases24_c12_seed47.in,LIRS LFU ARC 2Q,4,3 3 3 3,12,10000,2487,7513,0.2487,7246,2754,0.7246,4759
configs/exp4/lirs_lfu_arc_arc.cfg,experiments/data/phases24_c12_seed47.in,LIRS LFU ARC ARC,4,3 3 3 3,12,10000,2235,7765,0.2235,7246,2754,0.7246,5011
configs/exp4/lirs_lfu_arc_lfu.cfg,experiments/data/phases24_c12_seed47.in,LIRS LFU ARC LFU,4,3 3 3 3,12,10000,2092,7908,0.2092,7246,2754,0.7246,5154
configs/exp4/lirs_lfu_arc_lirs.cfg,experiments/data/phases24_c12_seed47.in,LIRS LFU ARC LIRS,4,3 3 3 3,12,10000,2268,7732,0.2268,7246,2754,0.7246,4978
configs/exp4/lirs_lfu_arc_lru.cfg,experiments/data/phases24_c12_seed47.in,LIRS LFU ARC LRU,4,3 3 3 3,12,10000,2231,7769,0.2231,7246,2754,0.7246,5015
configs/exp4/lirs_lfu_lfu.cfg,experiments/data/phases24_c12_seed47.in,LIRS LFU LFU,3,4 4 4,12,10000,2091,7909,0.2091,7246,2754,0.7246,5155
configs/exp4/lirs_lfu_lfu_2q.cfg,experiments/data/phases24_c12_seed47.in,LIRS LFU LFU 2Q,4,3 3 3 3,12,10000,2128,7872,0.2128,7246,2754,0.7246,5118
configs/exp4/lirs_lfu_lfu_arc.cfg,experiments/data/phases24_c12_seed47.in,LIRS LFU LFU ARC,4,3 3 3 3,12,10000,2118,7882,0.2118,7246,2754,0.7246,5128
configs/exp4/lirs_lfu_lfu_lfu.cfg,experiments/data/phases24_c12_seed47.in,LIRS LFU LFU LFU,4,3 3 3 3,12,10000,1743,8257,0.1743,7246,2754,0.7246,5503
configs/exp4/lirs_lfu_lfu_lirs.cfg,experiments/data/phases24_c12_seed47.in,LIRS LFU LFU LIRS,4,3 3 3 3,12,10000,1848,8152,0.1848,7246,2754,0.7246,5398
configs/exp4/lirs_lfu_lfu_lru.cfg,experiments/data/phases24_c12_seed47.in,LIRS LFU LFU LRU,4,3 3 3 3,12,10000,2175,7825,0.2175,7246,2754,0.7246,5071
configs/exp4/lirs_lfu_lirs.cfg,experiments/data/phases24_c12_seed47.in,LIRS LFU LIRS,3,4 4 4,12,10000,2229,7771,0.2229,7246,2754,0.7246,5017
configs/exp4/lirs_lfu_lirs_2q.cfg,experiments/data/phases24_c12_seed47.in,LIRS LFU LIRS 2Q,4,3 3 3 3,12,10000,2182,7818,0.2182,7246,2754,0.7246,5064
configs/exp4/lirs_lfu_lirs_arc.cfg,experiments/data/phases24_c12_seed47.in,LIRS LFU LIRS ARC,4,3 3 3 3,12,10000,2194,7806,0.2194,7246,2754,0.7246,5052
configs/exp4/lirs_lfu_lirs_lfu.cfg,experiments/data/phases24_c12_seed47.in,LIRS LFU LIRS LFU,4,3 3 3 3,12,10000,1825,8175,0.1825,7246,2754,0.7246,5421
configs/exp4/lirs_lfu_lirs_lirs.cfg,experiments/data/phases24_c12_seed47.in,LIRS LFU LIRS LIRS,4,3 3 3 3,12,10000,1706,8294,0.1706,7246,2754,0.7246,5540
configs/exp4/lirs_lfu_lirs_lru.cfg,experiments/data/phases24_c12_seed47.in,LIRS LFU LIRS LRU,4,3 3 3 3,12,10000,2236,7764,0.2236,7246,2754,0.7246,5010
configs/exp4/lirs_lfu_lru.cfg,experiments/data/phases24_c12_seed47.in,LIRS LFU LRU,3,4 4 4,12,10000,2686,7314,0.2686,7246,2754,0.7246,4560
configs/exp4/lirs_lfu_lru_2q.cfg,experiments/data/phases24_c12_seed47.in,LIRS LFU LRU 2Q,4,3 3 3 3,12,10000,2155,7845,0.2155,7246,2754,0.7246,5091
configs/exp4/lirs_lfu_lru_arc.cfg,experiments/data/phases24_c12_seed47.in,LIRS LFU LRU ARC,4,3 3 3 3,12,10000,2436,7564,0.2436,7246,2754,0.7246,4810
configs/exp4/lirs_lfu_lru_lfu.cfg,experiments/data/phases24_c12_seed47.in,LIRS LFU LRU LFU,4,3 3 3 3,12,10000,2072,7928,0.2072,7246,2754,0.7246,5174
configs/exp4/lirs_lfu_lru_lirs.cfg,experiments/data/phases24_c12_seed47.in,LIRS LFU LRU LIRS,4,3 3 3 3,12,10000,2373,7627,0.2373,7246,2754,0.7246,4873
configs/exp4/lirs_lfu_lru_lru.cfg,experiments/data/phases24_c12_seed47.in,LIRS LFU LRU LRU,4,3 3 3 3,12,10000,2032,7968,0.2032,7246,2754,0.7246,5214
configs/exp4/lirs_lirs_2q.cfg,experiments/data/phases24_c12_seed47.in,LIRS LIRS 2Q,3,4 4 4,12,10000,2598,7402,0.2598,7246,2754,0.7246,4648
configs/exp4/lirs_lirs_2q_2q.cfg,experiments/data/phases24_c12_seed47.in,LIRS LIRS 2Q 2Q,4,3 3 3 3,12,10000,2177,7823,0.2177,7246,2754,0.7246,5069
configs/exp4/lirs_lirs_2q_arc.cfg,experiments/data/phases24_c12_seed47.in,LIRS LIRS 2Q ARC,4,3 3 3 3,12,10000,2486,7514,0.2486,7246,2754,0.7246,4760
configs/exp4/lirs_lirs_2q_lfu.cfg,experiments/data/phases24_c12_seed47.in,LIRS LIRS 2Q LFU,4,3 3 3 3,12,10000,2138,7862,0.2138,7246,2754,0.7246,5108
configs/exp4/lirs_lirs_2q_lirs.cfg,experiments/data/phases24_c12_seed47.in,LIRS LIRS 2Q LIRS,4,3 3 3 3,12,10000,2078,7922,0.2078,7246,2754,0.7246,5168
configs/exp4/lirs_lirs_2q_lru.cfg,experiments/data/phases24_c12_seed47.in,LIRS LIRS 2Q LRU,4,3 3 3 3,12,10000,2557,7443,0.2557,7246,2754,0.7246,4689
configs/exp4/lirs_lirs_arc.cfg,experiments/data/phases24_c12_seed47.in,LIRS LIRS ARC,3,4 4 4,12,10000,2617,7383,0.2617,7246,2754,0.7246,4629
configs/exp4/lirs_lirs_arc_2q.cfg,experiments/data/phases24_c12_seed47.in,LIRS LIRS ARC 2Q,4,3 3 3 3,12,10000,2478,7522,0.2478,7246,2754,0.7246,4768
configs/exp4/lirs_lirs_arc_arc.cfg,experiments/data/phases24_c12_seed47.in,LIRS LIRS ARC ARC,4,3 3 3 3,12,10000,2236,7764,0.2236,7246,2754,0.7246,5010
configs/exp4/lirs_lirs_arc_lfu.cfg,experiments/data/phases24_c12_seed47.in,LIRS LIRS ARC LFU,4,3 3 3 3,12,10000,2135,7865,0.2135,7246,2754,0.7246,5111
configs/exp4/lirs_lirs_arc_lirs.cfg,experiments/data/phases24_c12_seed47.in,LIRS LIRS ARC LIRS,4,3 3 3 3,12,10000,2156,7844,0.2156,7246,2754,0.7246,5090
configs/exp4/lirs_lirs_arc_lru.cfg,experiments/data/phases24_c12_seed47.in,LIRS LIRS ARC LRU,4,3 3 3 3,12,10000,2253,7747,0.2253,7246,2754,0.7246,4993
configs/exp4/lirs_lirs_lfu.cfg,experiments/data/phases24_c12_seed47.in,LIRS LIRS LFU,3,4 4 4,12,10000,2176,7824,0.2176,7246,2754,0.7246,5070
configs/exp4/lirs_lirs_lfu_2q.cfg,experiments/data/phases24_c12_seed47.in,LIRS LIRS LFU 2Q,4,3 3 3 3,12,10000,2159,7841,0.2159,7246,2754,0.7246,5087
configs/exp4/lirs_lirs_lfu_arc.cfg,experiments/data/phases24_c12_seed47.in,LIRS LIRS LFU ARC,4,3 3 3 3,12,10000,2169,7831,0.2169,7246,2754,0.7246,5077
configs/exp4/lirs_lirs_lfu_lfu.cfg,experiments/data/phases24_c12_seed47.in,LIRS LIRS LFU LFU,4,3 3 3 3,12,10000,1805,8195,0.1805,7246,2754,0.7246,5441
configs/exp4/lirs_lirs_lfu_lirs.cfg,experiments/data/phases24_c12_seed47.in,LIRS LIRS LFU LIRS,4,3 3 3 3,12,10000,1698,8302,0.1698,7246,2754,0.7246,5548
configs/exp4/lirs_lirs_lfu_lru.cfg,experiments/data/phases24_c12_seed47.in,LIRS LIRS LFU LRU,4,3 3 3 3,12,10000,2215,7785,0.2215,7246,2754,0.7246,5031
configs/exp4/lirs_lirs_lirs_2q.cfg,experiments/data/phases24_c12_seed47.in,LIRS LIRS LIRS 2Q,4,3 3 3 3,12,10000,2028,7972,0.2028,7246,2754,0.7246,5218
configs/exp4/lirs_lirs_lirs_arc.cfg,experiments/data/phases24_c12_seed47.in,LIRS LIRS LIRS ARC,4,3 3 3 3,12,10000,2012,7988,0.2012,7246,2754,0.7246,5234
configs/exp4/lirs_lirs_lirs_lfu.cfg,experiments/data/phases24_c12_seed47.in,LIRS LIRS LIRS LFU,4,3 3 3 3,12,10000,1677,8323,0.1677,7246,2754,0.7246,5569
configs/exp4/lirs_lirs_lirs_lru.cfg,experiments/data/phases24_c12_seed47.in,LIRS LIRS LIRS LRU,4,3 3 3 3,12,10000,2080,7920,0.208,7246,2754,0.7246,5166
configs/exp4/lirs_lirs_lru.cfg,experiments/data/phases24_c12_seed47.in,LIRS LIRS LRU,3,4 4 4,12,10000,2729,7271,0.2729,7246,2754,0.7246,4517
configs/exp4/lirs_lirs_lru_2q.cfg,experiments/data/phases24_c12_seed47.in,LIRS LIRS LRU 2Q,4,3 3 3 3,12,10000,2194,7806,0.2194,7246,2754,0.7246,5052
configs/exp4/lirs_lirs_lru_arc.cfg,experiments/data/phases24_c12_seed47.in,LIRS LIRS LRU ARC,4,3 3 3 3,12,10000,2469,7531,0.2469,7246,2754,0.7246,4777
configs/exp4/lirs_lirs_lru_lfu.cfg,experiments/data/phases24_c12_seed47.in,LIRS LIRS LRU LFU,4,3 3 3 3,12,10000,2169,7831,0.2169,7246,2754,0.7246,5077
configs/exp4/lirs_lirs_lru_lirs.cfg,experiments/data/phases24_c12_seed47.in,LIRS LIRS LRU LIRS,4,3 3 3 3,12,10000,2282,7718,0.2282,7246,2754,0.7246,4964
configs/exp4/lirs_lirs_lru_lru.cfg,experiments/data/phases24_c12_seed47.in,LIRS LIRS LRU LRU,4,3 3 3 3,12,10000,2063,7937,0.2063,7246,2754,0.7246,5183
configs/exp4/lirs_lru.cfg,experiments/data/phases24_c12_seed47.in,LIRS LRU,2,6 6,12,10000,3604,6396,0.3604,7246,2754,0.7246,3642
configs/exp4/lirs_lru_2q.cfg,experiments/data/phases24_c12_seed47.in,LIRS LRU 2Q,3,4 4 4,12,10000,2839,7161,0.2839,7246,2754,0.7246,4407
configs/exp4/lirs_lru_2q_2q.cfg,experiments/data/phases24_c12_seed47.in,LIRS LRU 2Q 2Q,4,3 3 3 3,12,10000,2079,7921,0.2079,7246,2754,0.7246,5167
configs/exp4/lirs_lru_2q_arc.cfg,experiments/data/phases24_c12_seed47.in,LIRS LRU 2Q ARC,4,3 3 3 3,12,10000,2403,7597,0.2403,7246,2754,0.7246,4843
configs/exp4/lirs_lru_2q_lfu.cfg,experiments/data/phases24_c12_seed47.in,LIRS LRU 2Q LFU,4,3 3 3 3,12,10000,2058,7942,0.2058,7246,2754,0.7246,5188
configs/exp4/lirs_lru_2q_lirs.cfg,experiments/data/phases24_c12_seed47.in,LIRS LRU 2Q LIRS,4,3 3 3 3,12,10000,2349,7651,0.2349,7246,2754,0.7246,4897
configs/exp4/lirs_lru_2q_lru.cfg,experiments/data/phases24_c12_seed47.in,LIRS LRU 2Q LRU,4,3 3 3 3,12,10000,2023,7977,0.2023,7246,2754,0.7246,5223
configs/exp4/lirs_lru_arc.cfg,experiments/data/phases24_c12_seed47.in,LIRS LRU ARC,3,4 4 4,12,10000,2981,7019,0.2981,7246,2754,0.7246,4265
configs/exp4/lirs_lru_arc_2q.cfg,experiments/data/phases24_c12_seed47.in,LIRS LRU ARC 2Q,4,3 3 3 3,12,10000,2397,7603,0.2397,7246,2754,0.7246,4849
configs/exp4/lirs_lru_arc_arc.cfg,experiments/data/phases24_c12_seed47.in,LIRS LRU ARC ARC,4,3 3 3 3,12,10000,2504,7496,0.2504,7246,2754,0.7246,4742
configs/exp4/lirs_lru_arc_lfu.cfg,experiments/data/phases24_c12_seed47.in,LIRS LRU ARC LFU,4,3 3 3 3,12,10000,2350,7650,0.235,7246,2754,0.7246,4896
configs/exp4/lirs_lru_arc_lirs.cfg,experiments/data/phases24_c12_seed47.in,LIRS LRU ARC LIRS,4,3 3 3 3,12,10000,2625,7375,0.2625,7246,2754,0.7246,4621
configs/exp4/lirs_lru_arc_lru.cfg,experiments/data/phases24_c12_seed47.in,LIRS LRU ARC LRU,4,3 3 3 3,12,10000,2327,7673,0.2327,7246,2754,0.7246,4919
configs/exp4/lirs_lru_lfu.cfg,experiments/data/phases24_c12_seed47.in,LIRS LRU LFU,3,4 4 4,12,10000,2509,7491,0.2509,7246,2754,0.7246,4737
configs/exp4/lirs_lru_lfu_2q.cfg,experiments/data/phases24_c12_seed47.in,LIRS LRU LFU 2Q,4,3 3 3 3,12,10000,2106,7894,0.2106,7246,2754,0.7246,5140
configs/exp4/lirs_lru_lfu_arc.cfg,experiments/data/phases24_c12_seed47.in,LIRS LRU LFU ARC,4,3 3 3 3,12,10000,2376,7624,0.2376,7246,2754,0.7246,4870
configs/exp4/lirs_lru_lfu_lfu.cfg,experiments/data/phases24_c12_seed47.in,LIRS LRU LFU LFU,4,3 3 3 3,12,10000,2046,7954,0.2046,7246,2754,0.7246,5200
configs/exp4/lirs_lru_lfu_lirs.cfg,experiments/data/phases24_c12_seed47.in,LIRS LRU LFU LIRS,4,3 3 3 3,12,10000,2320,7680,0.232,7246,2754,0.7246,4926
configs/exp4/lirs_lru_lfu_lru.cfg,experiments/data/phases24_c12_seed47.in,LIRS LRU LFU LRU,4,3 3 3 3,12,10000,1997,8003,0.1997,7246,2754,0.7246,5249
configs/exp4/lirs_lru_lirs.cfg,experiments/data/phases24_c12_seed47.in,LIRS LRU LIRS,3,4 4 4,12,10000,2944,7056,0.2944,7246,2754,0.7246,4302
configs/exp4/lirs_lru_lirs_2q.cfg,experiments/data/phases24_c12_seed47.in,LIRS LRU LIRS 2Q,4,3 3 3 3,12,10000,2326,7674,0.2326,7246,2754,0.7246,4920
configs/exp4/lirs_lru_lirs_arc.cfg,experiments/data/phases24_c12_seed47.in,LIRS LRU LIRS ARC,4,3 3 3 3,12,10000,2603,7397,0.2603,7246,2754,0.7246,4643
configs/exp4/lirs_lru_lirs_lfu.cfg,experiments/data/phases24_c12_seed47.in,LIRS LRU LIRS LFU,4,3 3 3 3,12,10000,2332,7668,0.2332,7246,2754,0.7246,4914
configs/exp4/lirs_lru_lirs_lirs.cfg,experiments/data/phases24_c12_seed47.in,LIRS LRU LIRS LIRS,4,3 3 3 3,12,10000,2284,7716,0.2284,7246,2754,0.7246,4962
configs/exp4/lirs_lru_lirs_lru.cfg,experiments/data/phases24_c12_seed47.in,LIRS LRU LIRS LRU,4,3 3 3 3,12,10000,2237,7763,0.2237,7246,2754,0.7246,5009
configs/exp4/lirs_lru_lru.cfg,experiments/data/phases24_c12_seed47.in,LIRS LRU LRU,3,4 4 4,12,10000,2478,7522,0.2478,7246,2754,0.7246,4768
configs/exp4/lirs_lru_lru_2q.cfg,experiments/data/phases24_c12_seed47.in,LIRS LRU LRU 2Q,4,3 3 3 3,12,10000,1976,8024,0.1976,7246,2754,0.7246,5270
configs/exp4/lirs_lru_lru_arc.cfg,experiments/data/phases24_c12_seed47.in,LIRS LRU LRU ARC,4,3 3 3 3,12,10000,1941,8059,0.1941,7246,2754,0.7246,5305
configs/exp4/lirs_lru_lru_lfu.cfg,experiments/data/phases24_c12_seed47.in,LIRS LRU LRU LFU,4,3 3 3 3,12,10000,1891,8109,0.1891,7246,2754,0.7246,5355
configs/exp4/lirs_lru_lru_lirs.cfg,experiments/data/phases24_c12_seed47.in,LIRS LRU LRU LIRS,4,3 3 3 3,12,10000,2205,7795,0.2205,7246,2754,0.7246,5041
configs/exp4/lirs_lru_lru_lru.cfg,experiments/data/phases24_c12_seed47.in,LIRS LRU LRU LRU,4,3 3 3 3,12,10000,1848,8152,0.1848,7246,2754,0.7246,5398
configs/exp4/lru_2q.cfg,experiments/data/phases24_c12_seed47.in,LRU 2Q,2,6 6,12,10000,3199,6801,0.3199,7246,2754,0.7246,4047
configs/exp4/lru_2q_2q.cfg,experiments/data/phases24_c12_seed47.in,LRU 2Q 2Q,3,4 4 4,12,10000,1912,8088,0.1912,7246,2754,0.7246,5334
configs/exp4/lru_2q_2q_2q.cfg,experiments/data/phases24_c12_seed47.in,LRU 2Q 2Q 2Q,4,3 3 3 3,12,10000,1525,8475,0.1525,7246,2754,0.7246,5721
configs/exp4/lru_2q_2q_arc.cfg,experiments/data/phases24_c12_seed47.in,LRU 2Q 2Q ARC,4,3 3 3 3,12,10000,1958,8042,0.1958,7246,2754,0.7246,5288
configs/exp4/lru_2q_2q_lfu.cfg,experiments/data/phases24_c12_seed47.in,LRU 2Q 2Q LFU,4,3 3 3 3,12,10000,1567,8433,0.1567,7246,2754,0.7246,5679
configs/exp4/lru_2q_2q_lirs.cfg,experiments/data/phases24_c12_seed47.in,LRU 2Q 2Q LIRS,4,3 3 3 3,12,10000,2079,7921,0.2079,7246,2754,0.7246,5167
configs/exp4/lru_2q_2q_lru.cfg,experiments/data/phases24_c12_seed47.in,LRU 2Q 2Q LRU,4,3 3 3 3,12,10000,1518,8482,0.1518,7246,2754,0.7246,5728
configs/exp4/lru_2q_arc.cfg,experiments/data/phases24_c12_seed47.in,LRU 2Q ARC,3,4 4 4,12,10000,2461,7539,0.2461,7246,2754,0.7246,4785
configs/exp4/lru_2q_arc_2q.cfg,experiments/data/phases24_c12_seed47.in,LRU 2Q ARC 2Q,4,3 3 3 3,12,10000,2201,7799,0.2201,7246,2754,0.7246,5045
configs/exp4/lru_2q_arc_arc.cfg,experiments/data/phases24_c12_seed47.in,LRU 2Q ARC ARC,4,3 3 3 3,12,10000,2169,7831,0.2169,7246,2754,0.7246,5077
configs/exp4/lru_2q_arc_lfu.cfg,experiments/data/phases24_c12_seed47.in,LRU 2Q ARC LFU,4,3 3 3 3,12,10000,1990,8010,0.199,7246,2754,0.7246,5256
configs/exp4/lru_2q_arc_lirs.cfg,experiments/data/phases24_c12_seed47.in,LRU 2Q ARC LIRS,4,3 3 3 3,12,10000,2440,7560,0.244,7246,2754,0.7246,4806
configs/exp4/lru_2q_arc_lru.cfg,experiments/data/phases24_c12_seed47.in,LRU 2Q ARC LRU,4,3 3 3 3,12,10000,1963,8037,0.1963,7246,2754,0.7246,5283
configs/exp4/lru_2q_lfu.cfg,experiments/data/phases24_c12_seed47.in,LRU 2Q LFU,3,4 4 4,12,10000,1866,8134,0.1866,7246,2754,0.7246,5380
configs/exp4/lru_2q_lfu_2q.cfg,experiments/data/phases24_c12_seed47.in,LRU 2Q LFU 2Q,4,3 3 3 3,12,10000,1601,8399,0.1601,7246,2754,0.7246,5645
configs/exp4/lru_2q_lfu_arc.cfg,experiments/data/phases24_c12_seed47.in,LRU 2Q LFU ARC,4,3 3 3 3,12,10000,1934,8066,0.1934,7246,2754,0.7246,5312
configs/exp4/lru_2q_lfu_lfu.cfg,experiments/data/phases24_c12_seed47.in,LRU 2Q LFU LFU,4,3 3 3 3,12,10000,1514,8486,0.1514,7246,2754,0.7246,5732
configs/exp4/lru_2q_lfu_lirs.cfg,experiments/data/phases24_c12_seed47.in,LRU 2Q LFU LIRS,4,3 3 3 3,12,10000,2057,7943,0.2057,7246,2754,0.7246,5189
configs/exp4/lru_2q_lfu_lru.cfg,experiments/data/phases24_c12_seed47.in,LRU 2Q LFU LRU,4,3 3 3 3,12,10000,1499,8501,0.1499,7246,2754,0.7246,5747
configs/exp4/lru_2q_lirs.cfg,experiments/data/phases24_c12_seed47.in,LRU 2Q LIRS,3,4 4 4,12,10000,2655,7345,0.2655,7246,2754,0.7246,4591
configs/exp4/lru_2q_lirs_2q.cfg,experiments/data/phases24_c12_seed47.in,LRU 2Q LIRS 2Q,4,3 3 3 3,12,10000,2435,7565,0.2435,7246,2754,0.7246,4811
configs/exp4/lru_2q_lirs_arc.cfg,experiments/data/phases24_c12_seed47.in,LRU 2Q LIRS ARC,4,3 3 3 3,12,10000,2400,7600,0.24,7246,2754,0.7246,4846
configs/exp4/lru_2q_lirs_lfu.cfg,experiments/data/phases24_c12_seed47.in,LRU 2Q LIRS LFU,4,3 3 3 3,12,10000,2144,7856,0.2144,7246,2754,0.7246,5102
configs/exp4/lru_2q_lirs_lirs.cfg,experiments/data/phases24_c12_seed47.in,LRU 2Q LIRS LIRS,4,3 3 3 3,12,10000,2156,7844,0.2156,7246,2754,0.7246,5090
configs/exp4/lru_2q_lirs_lru.cfg,experiments/data/phases24_c12_seed47.in,LRU 2Q LIRS LRU,4,3 3 3 3,12,10000,2104,7896,0.2104,7246,2754,0.7246,5142
configs/exp4/lru_2q_lru.cfg,experiments/data/phases24_c12_seed47.in,LRU 2Q LRU,3,4 4 4,12,10000,1923,8077,0.1923,7246,2754,0.7246,5323
configs/exp4/lru_2q_lru_2q.cfg,experiments/data/phases24_c12_seed47.in,LRU 2Q LRU 2Q,4,3 3 3 3,12,10000,1573,8427,0.1573,7246,2754,0.7246,5673
configs/exp4/lru_2q_lru_arc.cfg,experiments/data/phases24_c12_seed47.in,LRU 2Q LRU ARC,4,3 3 3 3,12,10000,1628,8372,0.1628,7246,2754,0.7246,5618
configs/exp4/lru_2q_lru_lfu.cfg,experiments/data/phases24_c12_seed47.in,LRU 2Q LRU LFU,4,3 3 3 3,12,10000,1448,8552,0.1448,7246,2754,0.7246,5798
configs/exp4/lru_2q_lru_lirs.cfg,experiments/data/phases24_c12_seed47.in,LRU 2Q LRU LIRS,4,3 3 3 3,12,10000,2022,7978,0.2022,7246,2754,0.7246,5224
configs/exp4/lru_2q_lru_lru.cfg,experiments/data/phases24_c12_seed47.in,LRU 2Q LRU LRU,4,3 3 3 3,12,10000,1404,8596,0.1404,7246,2754,0.7246,5842
configs/exp4/lru_arc.cfg,experiments/data/phases24_c12_seed47.in,LRU ARC,2,6 6,12,10000,3202,6798,0.3202,7246,2754,0.7246,4044
configs/exp4/lru_arc_2q.cfg,experiments/data/phases24_c12_seed47.in,LRU ARC 2Q,3,4 4 4,12,10000,2845,7155,0.2845,7246,2754,0.7246,4401
configs/exp4/lru_arc_2q_2q.cfg,experiments/data/phases24_c12_seed47.in,LRU ARC 2Q 2Q,4,3 3 3 3,12,10000,2124,7876,0.2124,7246,2754,0.7246,5122
configs/exp4/lru_arc_2q_arc.cfg,experiments/data/phases24_c12_seed47.in,LRU ARC 2Q ARC,4,3 3 3 3,12,10000,2356,7644,0.2356,7246,2754,0.7246,4890
configs/exp4/lru_arc_2q_lfu.cfg,experiments/data/phases24_c12_seed47.in,LRU ARC 2Q LFU,4,3 3 3 3,12,10000,2077,7923,0.2077,7246,2754,0.7246,5169
configs/exp4/lru_arc_2q_lirs.cfg,experiments/data/phases24_c12_seed47.in,LRU ARC 2Q LIRS,4,3 3 3 3,12,10000,2621,7379,0.2621,7246,2754,0.7246,4625
configs/exp4/lru_arc_2q_lru.cfg,experiments/data/phases24_c12_seed47.in,LRU ARC 2Q LRU,4,3 3 3 3,12,10000,2160,7840,0.216,7246,2754,0.7246,5086
configs/exp4/lru_arc_arc.cfg,experiments/data/phases24_c12_seed47.in,LRU ARC ARC,3,4 4 4,12,10000,2613,7387,0.2613,7246,2754,0.7246,4633
configs/exp4/lru_arc_arc_2q.cfg,experiments/data/phases24_c12_seed47.in,LRU ARC ARC 2Q,4,3 3 3 3,12,10000,2324,7676,0.2324,7246,2754,0.7246,4922
configs/exp4/lru_arc_arc_arc.cfg,experiments/data/phases24_c12_seed47.in,LRU ARC ARC ARC,4,3 3 3 3,12,10000,2231,7769,0.2231,7246,2754,0.7246,5015
configs/exp4/lru_arc_arc_lfu.cfg,experiments/data/phases24_c12_seed47.in,LRU ARC ARC LFU,4,3 3 3 3,12,10000,2141,7859,0.2141,7246,2754,0.7246,5105
configs/exp4/lru_arc_arc_lirs.cfg,experiments/data/phases24_c12_seed47.in,LRU ARC ARC LIRS,4,3 3 3 3,12,10000,2545,7455,0.2545,7246,2754,0.7246,4701
configs/exp4/lru_arc_arc_lru.cfg,experiments/data/phases24_c12_seed47.in,LRU ARC ARC LRU,4,3 3 3 3,12,10000,2126,7874,0.2126,7246,2754,0.7246,5120
configs/exp4/lru_arc_lfu.cfg,experiments/data/phases24_c12_seed47.in,LRU ARC LFU,3,4 4 4,12,10000,2440,7560,0.244,7246,2754,0.7246,4806
configs/exp4/lru_arc_lfu_2q.cfg,experiments/data/phases24_c12_seed47.in,LRU ARC LFU 2Q,4,3 3 3 3,12,10000,2152,7848,0.2152,7246,2754,0.7246,5094
configs/exp4/lru_arc_lfu_arc.cfg,experiments/data/phases24_c12_seed47.in,LRU ARC LFU ARC,4,3 3 3 3,12,10000,2124,7876,0.2124,7246,2754,0.7246,5122
configs/exp4/lru_arc_lfu_lfu.cfg,experiments/data/phases24_c12_seed47.in,LRU ARC LFU LFU,4,3 3 3 3,12,10000,1895,8105,0.1895,7246,2754,0.7246,5351
configs/exp4/lru_arc_lfu_lirs.cfg,experiments/data/phases24_c12_seed47.in,LRU ARC LFU LIRS,4,3 3 3 3,12,10000,2367,7633,0.2367,7246,2754,0.7246,4879
configs/exp4/lru_arc_lfu_lru.cfg,experiments/data/phases24_c12_seed47.in,LRU ARC LFU LRU,4,3 3 3 3,12,10000,1899,8101,0.1899,7246,2754,0.7246,5347
configs/exp4/lru_arc_lirs.cfg,experiments/data/phases24_c12_seed47.in,LRU ARC LIRS,3,4 4 4,12,10000,3071,6929,0.3071,7246,2754,0.7246,4175
configs/exp4/lru_arc_lirs_2q.cfg,experiments/data/phases24_c12_seed47.in,LRU ARC LIRS 2Q,4,3 3 3 3,12,10000,2752,7248,0.2752,7246,2754,0.7246,4494
configs/exp4/lru_arc_lirs_arc.cfg,experiments/data/phases24_c12_seed47.in,LRU ARC LIRS ARC,4,3 3 3 3,12,10000,2578,7422,0.2578,7246,2754,0.7246,4668
configs/exp4/lru_arc_lirs_lfu.cfg,experiments/data/phases24_c12_seed47.in,LRU ARC LIRS LFU,4,3 3 3 3,12,10000,2407,7593,0.2407,7246,2754,0.7246,4839
configs/exp4/lru_arc_lirs_lirs.cfg,experiments/data/phases24_c12_seed47.in,LRU ARC LIRS LIRS,4,3 3 3 3,12,10000,2411,7589,0.2411,7246,2754,0.7246,4835
configs/exp4/lru_arc_lirs_lru.cfg,experiments/data/phases24_c12_seed47.in,LRU ARC LIRS LRU,4,3 3 3 3,12,10000,2383,7617,0.2383,7246,2754,0.7246,4863
configs/exp4/lru_arc_lru.cfg,experiments/data/phases24_c12_seed47.in,LRU ARC LRU,3,4 4 4,12,10000,2441,7559,0.2441,7246,2754,0.7246,4805
configs/exp4/lru_arc_lru_2q.cfg,experiments/data/phases24_c12_seed47.in,LRU ARC LRU 2Q,4,3 3 3 3,12,10000,1911,8089,0.1911,7246,2754,0.7246,5335
configs/exp4/lru_arc_lru_arc.cfg,experiments/data/phases24_c12_seed47.in,LRU ARC LRU ARC,4,3 3 3 3,12,10000,1888,8112,0.1888,7246,2754,0.7246,5358
configs/exp4/lru_arc_lru_lfu.cfg,experiments/data/phases24_c12_seed47.in,LRU ARC LRU LFU,4,3 3 3 3,12,10000,1814,8186,0.1814,7246,2754,0.7246,5432
configs/exp4/lru_arc_lru_lirs.cfg,experiments/data/phases24_c12_seed47.in,LRU ARC LRU LIRS,4,3 3 3 3,12,10000,2333,7667,0.2333,7246,2754,0.7246,4913
configs/exp4/lru_arc_lru_lru.cfg,experiments/data/phases24_c12_seed47.in,LRU ARC LRU LRU,4,3 3 3 3,12,10000,1770,8230,0.177,7246,2754,0.7246,5476
configs/exp4/lru_lfu.cfg,experiments/data/phases24_c12_seed47.in,LRU LFU,2,6 6,12,10000,2600,7400,0.26,7246,2754,0.7246,4646
configs/exp4/lru_lfu_2q.cfg,experiments/data/phases24_c12_seed47.in,LRU LFU 2Q,3,4 4 4,12,10000,1930,8070,0.193,7246,2754,0.7246,5316
configs/exp4/lru_lfu_2q_2q.cfg,experiments/data/phases24_c12_seed47.in,LRU LFU 2Q 2Q,4,3 3 3 3,12,10000,1537,8463,0.1537,7246,2754,0.7246,5709
configs/exp4/lru_lfu_2q_arc.cfg,experiments/data/phases24_c12_seed47.in,LRU LFU 2Q ARC,4,3 3 3 3,12,10000,1979,8021,0.1979,7246,2754,0.7246,5267
configs/exp4/lru_lfu_2q_lfu.cfg,experiments/data/phases24_c12_seed47.in,LRU LFU 2Q LFU,4,3 3 3 3,12,10000,1582,8418,0.1582,7246,2754,0.7246,5664
configs/exp4/lru_lfu_2q_lirs.cfg,experiments/data/phases24_c12_seed47.in,LRU LFU 2Q LIRS,4,3 3 3 3,12,10000,2130,7870,0.213,7246,2754,0.7246,5116
configs/exp4/lru_lfu_2q_lru.cfg,experiments/data/phases24_c12_seed47.in,LRU LFU 2Q LRU,4,3 3 3 3,12,10000,1582,8418,0.1582,7246,2754,0.7246,5664
configs/exp4/lru_lfu_arc.cfg,experiments/data/phases24_c12_seed47.in,LRU LFU ARC,3,4 4 4,12,10000,2405,7595,0.2405,7246,2754,0.7246,4841
configs/exp4/lru_lfu_arc_2q.cfg,experiments/data/phases24_c12_seed47.in,LRU LFU ARC 2Q,4,3 3 3 3,12,10000,2184,7816,0.2184,7246,2754,0.7246,5062
configs/exp4/lru_lfu_arc_arc.cfg,experiments/data/phases24_c12_seed47.in,LRU LFU ARC ARC,4,3 3 3 3,12,10000,2097,7903,0.2097,7246,2754,0.7246,5149
configs/exp4/lru_lfu_arc_lfu.cfg,experiments/data/phases24_c12_seed47.in,LRU LFU ARC LFU,4,3 3 3 3,12,10000,1952,8048,0.1952,7246,2754,0.7246,5294
configs/exp4/lru_lfu_arc_lirs.cfg,experiments/data/phases24_c12_seed47.in,LRU LFU ARC LIRS,4,3 3 3 3,12,10000,2411,7589,0.2411,7246,2754,0.7246,4835
configs/exp4/lru_lfu_arc_lru.cfg,experiments/data/phases24_c12_seed47.in,LRU LFU ARC LRU,4,3 3 3 3,12,10000,1939,8061,0.1939,7246,2754,0.7246,5307
configs/exp4/lru_lfu_lfu.cfg,experiments/data/phases24_c12_seed47.in,LRU LFU LFU,3,4 4 4,12,10000,1897,8103,0.1897,7246,2754,0.7246,5349
configs/exp4/lru_lfu_lfu_2q.cfg,experiments/data/phases24_c12_seed47.in,LRU LFU LFU 2Q,4,3 3 3 3,12,10000,1614,8386,0.1614,7246,2754,0.7246,5632
configs/exp4/lru_lfu_lfu_arc.cfg,experiments/data/phases24_c12_seed47.in,LRU LFU LFU ARC,4,3 3 3 3,12,10000,1924,8076,0.1924,7246,2754,0.7246,5322
configs/exp4/lru_lfu_lfu_lfu.cfg,experiments/data/phases24_c12_seed47.in,LRU LFU LFU LFU,4,3 3 3 3,12,10000,1519,8481,0.1519,7246,2754,0.7246,5727
configs/exp4/lru_lfu_lfu_lirs.cfg,experiments/data/phases24_c12_seed47.in,LRU LFU LFU LIRS,4,3 3 3 3,12,10000,2066,7934,0.2066,7246,2754,0.7246,5180
configs/exp4/lru_lfu_lfu_lru.cfg,experiments/data/phases24_c12_seed47.in,LRU LFU LFU LRU,4,3 3 3 3,12,10000,1504,8496,0.1504,7246,2754,0.7246,5742
configs/exp4/lru_lfu_lirs.cfg,experiments/data/phases24_c12_seed47.in,LRU LFU LIRS,3,4 4 4,12,10000,2572,7428,0.2572,7246,2754,0.7246,4674
configs/exp4/lru_lfu_lirs_2q.cfg,experiments/data/phases24_c12_seed47.in,LRU LFU LIRS 2Q,4,3 3 3 3,12,10000,2433,7567,0.2433,7246,2754,0.7246,4813
configs/exp4/lru_lfu_lirs_arc.cfg,experiments/data/phases24_c12_seed47.in,LRU LFU LIRS ARC,4,3 3 3 3,12,10000,2348,7652,0.2348,7246,2754,0.7246,4898
configs/exp4/lru_lfu_lirs_lfu.cfg,experiments/data/phases24_c12_seed47.in,LRU LFU LIRS LFU,4,3 3 3 3,12,10000,2115,7885,0.2115,7246,2754,0.7246,5131
configs/exp4/lru_lfu_lirs_lirs.cfg,experiments/data/phases24_c12_seed47.in,LRU LFU LIRS LIRS,4,3 3 3 3,12,10000,2128,7872,0.2128,7246,2754,0.7246,5118
configs/exp4/lru_lfu_lirs_lru.cfg,experiments/data/phases24_c12_seed47.in,LRU LFU LIRS LRU,4,3 3 3 3,12,10000,2066,7934,0.2066,7246,2754,0.7246,5180
configs/exp4/lru_lfu_lru.cfg,experiments/data/phases24_c12_seed47.in,LRU LFU LRU,3,4 4 4,12,10000,1824,8176,0.1824,7246,2754,0.7246,5422
configs/exp4/lru_lfu_lru_2q.cfg,experiments/data/phases24_c12_seed47.in,LRU LFU LRU 2Q,4,3 3 3 3,12,10000,1551,8449,0.1551,7246,2754,0.7246,5695
configs/exp4/lru_lfu_lru_arc.cfg,experiments/data/phases24_c12_seed47.in,LRU LFU LRU ARC,4,3 3 3 3,12,10000,1606,8394,0.1606,7246,2754,0.7246,5640
configs/exp4/lru_lfu_lru_lfu.cfg,experiments/data/phases24_c12_seed47.in,LRU LFU LRU LFU,4,3 3 3 3,12,10000,1426,8574,0.1426,7246,2754,0.7246,5820
configs/exp4/lru_lfu_lru_lirs.cfg,experiments/data/phases24_c12_seed47.in,LRU LFU LRU LIRS,4,3 3 3 3,12,10000,1995,8005,0.1995,7246,2754,0.7246,5251
configs/exp4/lru_lfu_lru_lru.cfg,experiments/data/phases24_c12_seed47.in,LRU LFU LRU LRU,4,3 3 3 3,12,10000,1382,8618,0.1382,7246,2754,0.7246,5864
configs/exp4/lru_lirs.cfg,experiments/data/phases24_c12_seed47.in,LRU LIRS,2,6 6,12,10000,3580,6420,0.358,7246,2754,0.7246,3666
configs/exp4/lru_lirs_2q.cfg,experiments/data/phases24_c12_seed47.in,LRU LIRS 2Q,3,4 4 4,12,10000,3128,6872,0.3128,7246,2754,0.7246,4118
configs/exp4/lru_lirs_2q_2q.cfg,experiments/data/phases24_c12_seed47.in,LRU LIRS 2Q 2Q,4,3 3 3 3,12,10000,2635,7365,0.2635,7246,2754,0.7246,4611
configs/exp4/lru_lirs_2q_arc.cfg,experiments/data/phases24_c12_seed47.in,LRU LIRS 2Q ARC,4,3 3 3 3,12,10000,2672,7328,0.2672,7246,2754,0.7246,4574
configs/exp4/lru_lirs_2q_lfu.cfg,experiments/data/phases24_c12_seed47.in,LRU LIRS 2Q LFU,4,3 3 3 3,12,10000,2348,7652,0.2348,7246,2754,0.7246,4898
configs/exp4/lru_lirs_2q_lirs.cfg,experiments/data/phases24_c12_seed47.in,LRU LIRS 2Q LIRS,4,3 3 3 3,12,10000,2498,7502,0.2498,7246,2754,0.7246,4748
configs/exp4/lru_lirs_2q_lru.cfg,experiments/data/phases24_c12_seed47.in,LRU LIRS 2Q LRU,4,3 3 3 3,12,10000,2445,7555,0.2445,7246,2754,0.7246,4801
configs/exp4/lru_lirs_arc.cfg,experiments/data/phases24_c12_seed47.in,LRU LIRS ARC,3,4 4 4,12,10000,2928,7072,0.2928,7246,2754,0.7246,4318
configs/exp4/lru_lirs_arc_2q.cfg,experiments/data/phases24_c12_seed47.in,LRU LIRS ARC 2Q,4,3 3 3 3,12,10000,2597,7403,0.2597,7246,2754,0.7246,4649
configs/exp4/lru_lirs_arc_arc.cfg,experiments/data/phases24_c12_seed47.in,LRU LIRS ARC ARC,4,3 3 3 3,12,10000,2430,7570,0.243,7246,2754,0.7246,4816
configs/exp4/lru_lirs_arc_lfu.cfg,experiments/data/phases24_c12_seed47.in,LRU LIRS ARC LFU,4,3 3 3 3,12,10000,2383,7617,0.2383,7246,2754,0.7246,4863
configs/exp4/lru_lirs_arc_lirs.cfg,experiments/data/phases24_c12_seed47.in,LRU LIRS ARC LIRS,4,3 3 3 3,12,10000,2442,7558,0.2442,7246,2754,0.7246,4804
configs/exp4/lru_lirs_arc_lru.cfg,experiments/data/phases24_c12_seed47.in,LRU LIRS ARC LRU,4,3 3 3 3,12,10000,2345,7655,0.2345,7246,2754,0.7246,4901
configs/exp4/lru_lirs_lfu.cfg,experiments/data/phases24_c12_seed47.in,LRU LIRS LFU,3,4 4 4,12,10000,2623,7377,0.2623,7246,2754,0.7246,4623
configs/exp4/lru_lirs_lfu_2q.cfg,experiments/data/phases24_c12_seed47.in,LRU LIRS LFU 2Q,4,3 3 3 3,12,10000,2452,7548,0.2452,7246,2754,0.7246,4794
configs/exp4/lru_lirs_lfu_arc.cfg,experiments/data/phases24_c12_seed47.in,LRU LIRS LFU ARC,4,3 3 3 3,12,10000,2383,7617,0.2383,7246,2754,0.7246,4863
configs/exp4/lru_lirs_lfu_lfu.cfg,experiments/data/phases24_c12_seed47.in,LRU LIRS LFU LFU,4,3 3 3 3,12,10000,2115,7885,0.2115,7246,2754,0.7246,5131
configs/exp4/lru_lirs_lfu_lirs.cfg,experiments/data/phases24_c12_seed47.in,LRU LIRS LFU LIRS,4,3 3 3 3,12,10000,2146,7854,0.2146,7246,2754,0.7246,5100
configs/exp4/lru_lirs_lfu_lru.cfg,experiments/data/phases24_c12_seed47.in,LRU LIRS LFU LRU,4,3 3 3 3,12,10000,2087,7913,0.2087,7246,2754,0.7246,5159
configs/exp4/lru_lirs_lirs.cfg,experiments/data/phases24_c12_seed47.in,LRU LIRS LIRS,3,4 4 4,12,10000,2693,7307,0.2693,7246,2754,0.7246,4553
configs/exp4/lru_lirs_lirs_2q.cfg,experiments/data/phases24_c12_seed47.in,LRU LIRS LIRS 2Q,4,3 3 3 3,12,10000,2512,7488,0.2512,7246,2754,0.7246,4734
configs/exp4/lru_lirs_lirs_arc.cfg,experiments/data/phases24_c12_seed47.in,LRU LIRS LIRS ARC,4,3 3 3 3,12,10000,2345,7655,0.2345,7246,2754,0.7246,4901
configs/exp4/lru_lirs_lirs_lfu.cfg,experiments/data/phases24_c12_seed47.in,LRU LIRS LIRS LFU,4,3 3 3 3,12,10000,2138,7862,0.2138,7246,2754,0.7246,5108
configs/exp4/lru_lirs_lirs_lirs.cfg,experiments/data/phases24_c12_seed47.in,LRU LIRS LIRS LIRS,4,3 3 3 3,12,10000,2027,7973,0.2027,7246,2754,0.7246,5219
configs/exp4/lru_lirs_lirs_lru.cfg,experiments/data/phases24_c12_seed47.in,LRU LIRS LIRS LRU,4,3 3 3 3,12,10000,2098,7902,0.2098,7246,2754,0.7246,5148
configs/exp4/lru_lirs_lru.cfg,experiments/data/phases24_c12_seed47.in,LRU LIRS LRU,3,4 4 4,12,10000,2596,7404,0.2596,7246,2754,0.7246,4650
configs/exp4/lru_lirs_lru_2q.cfg,experiments/data/phases24_c12_seed47.in,LRU LIRS LRU 2Q,4,3 3 3 3,12,10000,2069,7931,0.2069,7246,2754,0.7246,5177
configs/exp4/lru_lirs_lru_arc.cfg,experiments/data/phases24_c12_seed47.in,LRU LIRS LRU ARC,4,3 3 3 3,12,10000,2309,7691,0.2309,7246,2754,0.7246,4937
configs/exp4/lru_lirs_lru_lfu.cfg,experiments/data/phases24_c12_seed47.in,LRU LIRS LRU LFU,4,3 3 3 3,12,10000,1986,8014,0.1986,7246,2754,0.7246,5260
configs/exp4/lru_lirs_lru_lirs.cfg,experiments/data/phases24_c12_seed47.in,LRU LIRS LRU LIRS,4,3 3 3 3,12,10000,2105,7895,0.2105,7246,2754,0.7246,5141
configs/exp4/lru_lirs_lru_lru.cfg,experiments/data/phases24_c12_seed47.in,LRU LIRS LRU LRU,4,3 3 3 3,12,10000,1922,8078,0.1922,7246,2754,0.7246,5324
configs/exp4/lru_lru_2q.cfg,experiments/data/phases24_c12_seed47.in,LRU LRU 2Q,3,4 4 4,12,10000,1927,8073,0.1927,7246,2754,0.7246,5319
configs/exp4/lru_lru_2q_2q.cfg,experiments/data/phases24_c12_seed47.in,LRU LRU 2Q 2Q,4,3 3 3 3,12,10000,1370,8630,0.137,7246,2754,0.7246,5876
configs/exp4/lru_lru_2q_arc.cfg,experiments/data/phases24_c12_seed47.in,LRU LRU 2Q ARC,4,3 3 3 3,12,10000,1712,8288,0.1712,7246,2754,0.7246,5534
configs/exp4/lru_lru_2q_lfu.cfg,experiments/data/phases24_c12_seed47.in,LRU LRU 2Q LFU,4,3 3 3 3,12,10000,1371,8629,0.1371,7246,2754,0.7246,5875
configs/exp4/lru_lru_2q_lirs.cfg,experiments/data/phases24_c12_seed47.in,LRU LRU 2Q LIRS,4,3 3 3 3,12,10000,1981,8019,0.1981,7246,2754,0.7246,5265
configs/exp4/lru_lru_2q_lru.cfg,experiments/data/phases24_c12_seed47.in,LRU LRU 2Q LRU,4,3 3 3 3,12,10000,1391,8609,0.1391,7246,2754,0.7246,5855
configs/exp4/lru_lru_arc.cfg,experiments/data/phases24_c12_seed47.in,LRU LRU ARC,3,4 4 4,12,10000,2146,7854,0.2146,7246,2754,0.7246,5100
configs/exp4/lru_lru_arc_2q.cfg,experiments/data/phases24_c12_seed47.in,LRU LRU ARC 2Q,4,3 3 3 3,12,10000,1647,8353,0.1647,7246,2754,0.7246,5599
configs/exp4/lru_lru_arc_arc.cfg,experiments/data/phases24_c12_seed47.in,LRU LRU ARC ARC,4,3 3 3 3,12,10000,1564,8436,0.1564,7246,2754,0.7246,5682
configs/exp4/lru_lru_arc_lfu.cfg,experiments/data/phases24_c12_seed47.in,LRU LRU ARC LFU,4,3 3 3 3,12,10000,1484,8516,0.1484,7246,2754,0.7246,5762
configs/exp4/lru_lru_arc_lirs.cfg,experiments/data/phases24_c12_seed47.in,LRU LRU ARC LIRS,4,3 3 3 3,12,10000,2040,7960,0.204,7246,2754,0.7246,5206
configs/exp4/lru_lru_arc_lru.cfg,experiments/data/phases24_c12_seed47.in,LRU LRU ARC LRU,4,3 3 3 3,12,10000,1471,8529,0.1471,7246,2754,0.7246,5775
configs/exp4/lru_lru_lfu.cfg,experiments/data/phases24_c12_seed47.in,LRU LRU LFU,3,4 4 4,12,10000,1721,8279,0.1721,7246,2754,0.7246,5525
configs/exp4/lru_lru_lfu_2q.cfg,experiments/data/phases24_c12_seed47.in,LRU LRU LFU 2Q,4,3 3 3 3,12,10000,1416,8584,0.1416,7246,2754,0.7246,5830
configs/exp4/lru_lru_lfu_arc.cfg,experiments/data/phases24_c12_seed47.in,LRU LRU LFU ARC,4,3 3 3 3,12,10000,1477,8523,0.1477,7246,2754,0.7246,5769
configs/exp4/lru_lru_lfu_lfu.cfg,experiments/data/phases24_c12_seed47.in,LRU LRU LFU LFU,4,3 3 3 3,12,10000,1298,8702,0.1298,7246,2754,0.7246,5948
configs/exp4/lru_lru_lfu_lirs.cfg,experiments/data/phases24_c12_seed47.in,LRU LRU LFU LIRS,4,3 3 3 3,12,10000,1883,8117,0.1883,7246,2754,0.7246,5363
configs/exp4/lru_lru_lfu_lru.cfg,experiments/data/phases24_c12_seed47.in,LRU LRU LFU LRU,4,3 3 3 3,12,10000,1271,8729,0.1271,7246,2754,0.7246,5975
configs/exp4/lru_lru_lirs.cfg,experiments/data/phases24_c12_seed47.in,LRU LRU LIRS,3,4 4 4,12,10000,2507,7493,0.2507,7246,2754,0.7246,4739
configs/exp4/lru_lru_lirs_2q.cfg,experiments/data/phases24_c12_seed47.in,LRU LRU LIRS 2Q,4,3 3 3 3,12,10000,2321,7679,0.2321,7246,2754,0.7246,4925
configs/exp4/lru_lru_lirs_arc.cfg,experiments/data/phases24_c12_seed47.in,LRU LRU LIRS ARC,4,3 3 3 3,12,10000,2277,7723,0.2277,7246,2754,0.7246,4969
configs/exp4/lru_lru_lirs_lfu.cfg,experiments/data/phases24_c12_seed47.in,LRU LRU LIRS LFU,4,3 3 3 3,12,10000,2003,7997,0.2003,7246,2754,0.7246,5243
configs/exp4/lru_lru_lirs_lirs.cfg,experiments/data/phases24_c12_seed47.in,LRU LRU LIRS LIRS,4,3 3 3 3,12,10000,2013,7987,0.2013,7246,2754,0.7246,5233
configs/exp4/lru_lru_lirs_lru.cfg,experiments/data/phases24_c12_seed47.in,LRU LRU LIRS LRU,4,3 3 3 3,12,10000,1913,8087,0.1913,7246,2754,0.7246,5333
configs/exp4/lru_lru_lru_2q.cfg,experiments/data/phases24_c12_seed47.in,LRU LRU LRU 2Q,4,3 3 3 3,12,10000,1372,8628,0.1372,7246,2754,0.7246,5874
configs/exp4/lru_lru_lru_arc.cfg,experiments/data/phases24_c12_seed47.in,LRU LRU LRU ARC,4,3 3 3 3,12,10000,1218,8782,0.1218,7246,2754,0.7246,6028
configs/exp4/lru_lru_lru_lfu.cfg,experiments/data/phases24_c12_seed47.in,LRU LRU LRU LFU,4,3 3 3 3,12,10000,1218,8782,0.1218,7246,2754,0.7246,6028
configs/exp4/lru_lru_lru_lirs.cfg,experiments/data/phases24_c12_seed47.in,LRU LRU LRU LIRS,4,3 3 3 3,12,10000,1837,8163,0.1837,7246,2754,0.7246,5409
configs/exp4/2q_2q_2q_arc.cfg,experiments/data/phases24_c24_seed47.in,2Q 2Q 2Q ARC,4,6 6 6 6,24,10000,4891,5109,0.4891,9389,611,0.9389,4498
configs/exp4/2q_2q_2q_lfu.cfg,experiments/data/phases24_c24_seed47.in,2Q 2Q 2Q LFU,4,6 6 6 6,24,10000,3850,6150,0.385,9389,611,0.9389,5539
configs/exp4/2q_2q_2q_lirs.cfg,experiments/data/phases24_c24_seed47.in,2Q 2Q 2Q LIRS,4,6 6 6 6,24,10000,4480,5520,0.448,9389,611,0.9389,4909
configs/exp4/2q_2q_2q_lru.cfg,experiments/data/phases24_c24_seed47.in,2Q 2Q 2Q LRU,4,6 6 6 6,24,10000,4909,5091,0.4909,9389,611,0.9389,4480
configs/exp4/2q_2q_arc.cfg,experiments/data/phases24_c24_seed47.in,2Q 2Q ARC,3,8 8 8,24,10000,5407,4593,0.5407,9389,611,0.9389,3982
configs/exp4/2q_2q_arc_2q.cfg,experiments/data/phases24_c24_seed47.in,2Q 2Q ARC 2Q,4,6 6 6 6,24,10000,5408,4592,0.5408,9389,611,0.9389,3981
configs/exp4/2q_2q_arc_arc.cfg,experiments/data/phases24_c24_seed47.in,2Q 2Q ARC ARC,4,6 6 6 6,24,10000,5113,4887,0.5113,9389,611,0.9389,4276
configs/exp4/2q_2q_arc_lfu.cfg,experiments/data/phases24_c24_seed47.in,2Q 2Q ARC LFU,4,6 6 6 6,24,10000,4775,5225,0.4775,9389,611,0.9389,4614
configs/exp4/2q_2q_arc_lirs.cfg,experiments/data/phases24_c24_seed47.in,2Q 2Q ARC LIRS,4,6 6 6 6,24,10000,5399,4601,0.5399,9389,611,0.9389,3990
configs/exp4/2q_2q_arc_lru.cfg,experiments/data/phases24_c24_seed47.in,2Q 2Q ARC LRU,4,6 6 6 6,24,10000,4873,5127,0.4873,9389,611,0.9389,4516
configs/exp4/2q_2q_lfu.cfg,experiments/data/phases24_c24_seed47.in,2Q 2Q LFU,3,8 8 8,24,10000,4476,5524,0.4476,9389,611,0.9389,4913
configs/exp4/2q_2q_lfu_2q.cfg,experiments/data/phases24_c24_seed47.in,2Q 2Q LFU 2Q,4,6 6 6 6,24,10000,3990,6010,0.399,9389,611,0.9389,5399
configs/exp4/2q_2q_lfu_arc.cfg,experiments/data/phases24_c24_seed47.in,2Q 2Q LFU ARC,4,6 6 6 6,24,10000,4866,5134,0.4866,9389,611,0.9389,4523
configs/exp4/2q_2q_lfu_lfu.cfg,experiments/data/phases24_c24_seed47.in,2Q 2Q LFU LFU,4,6 6 6 6,24,10000,3819,6181,0.3819,9389,611,0.9389,5570
configs/exp4/2q_2q_lfu_lirs.cfg,experiments/data/phases24_c24_seed47.in,2Q 2Q LFU LIRS,4,6 6 6 6,24,10000,4508,5492,0.4508,9389,611,0.9389,4881
configs/exp4/2q_2q_lfu_lru.cfg,experiments/data/phases24_c24_seed47.in,2Q 2Q LFU LRU,4,6 6 6 6,24,10000,4902,5098,0.4902,9389,611,0.9389,4487
configs/exp4/2q_2q_lirs.cfg,experiments/data/phases24_c24_seed47.in,2Q 2Q LIRS,3,8 8 8,24,10000,5105,4895,0.5105,9389,611,0.9389,4284
configs/exp4/2q_2q_lirs_2q.cfg,experiments/data/phases24_c24_seed47.in,2Q 2Q LIRS 2Q,4,6 6 6 6,24,10000,4639,5361,0.4639,9389,611,0.9389,4750
configs/exp4/2q_2q_lirs_arc.cfg,experiments/data/phases24_c24_seed47.in,2Q 2Q LIRS ARC,4,6 6 6 6,24,10000,5317,4683,0.5317,9389,611,0.9389,4072
configs/exp4/2q_2q_lirs_lfu.cfg,experiments/data/phases24_c24_seed47.in,2Q 2Q LIRS LFU,4,6 6 6 6,24,10000,4412,5588,0.4412,9389,611,0.9389,4977
configs/exp4/2q_2q_lirs_lirs.cfg,experiments/data/phases24_c24_seed47.in,2Q 2Q LIRS LIRS,4,6 6 6 6,24,10000,4376,5624,0.4376,9389,611,0.9389,5013
configs/exp4/2q_2q_lirs_lru.cfg,experiments/data/phases24_c24_seed47.in,2Q 2Q LIRS LRU,4,6 6 6 6,24,10000,5203,4797,0.5203,9389,611,0.9389,4186
configs/exp4/2q_2q_lru.cfg,experiments/data/phases24_c24_seed47.in,2Q 2Q LRU,3,8 8 8,24,10000,5402,4598,0.5402,9389,611,0.9389,3987
configs/exp4/2q_2q_lru_2q.cfg,experiments/data/phases24_c24_seed47.in,2Q 2Q LRU 2Q,4,6 6 6 6,24,10000,4951,5049,0.4951,9389,611,0.9389,4438
configs/exp4/2q_2q_lru_arc.cfg,experiments/data/phases24_c24_seed47.in,2Q 2Q LRU ARC,4,6 6 6 6,24,10000,5144,4856,0.5144,9389,611,0.9389,4245
configs/exp4/2q_2q_lru_lfu.cfg,experiments/data/phases24_c24_seed47.in,2Q 2Q LRU LFU,4,6 6 6 6,24,10000,4702,5298,0.4702,9389,611,0.9389,4687
configs/exp4/2q_2q_lru_lirs.cfg,experiments/data/phases24_c24_seed47.in,2Q 2Q LRU LIRS,4,6 6 6 6,24,10000,5420,4580,0.542,9389,611,0.9389,3969
configs/exp4/2q_2q_lru_lru.cfg,experiments/data/phases24_c24_seed47.in,2Q 2Q LRU LRU,4,6 6 6 6,24,10000,4710,5290,0.471,9389,611,0.9389,4679
configs/exp4/2q_arc.cfg,experiments/data/phases24_c24_seed47.in,2Q ARC,2,12 12,24,10000,6008,3992,0.6008,9389,611,0.9389,3381
configs/exp4/2q_arc_2q.cfg,experiments/data/phases24_c24_seed47.in,2Q ARC 2Q,3,8 8 8,24,10000,5538,4462,0.5538,9389,611,0.9389,3851
configs/exp4/2q_arc_2q_2q.cfg,experiments/data/phases24_c24_seed47.in,2Q ARC 2Q 2Q,4,6 6 6 6,24,10000,5414,4586,0.5414,9389,611,0.9389,3975
configs/exp4/2q_arc_2q_arc.cfg,experiments/data/phases24_c24_seed47.in,2Q ARC 2Q ARC,4,6 6 6 6,24,10000,5369,4631,0.5369,9389,611,0.9389,4020
configs/exp4/2q_arc_2q_lfu.cfg,experiments/data/phases24_c24_seed47.in,2Q ARC 2Q LFU,4,6 6 6 6,24,10000,4970,5030,0.497,9389,611,0.9389,4419
configs/exp4/2q_arc_2q_lirs.cfg,experiments/data/phases24_c24_seed47.in,2Q ARC 2Q LIRS,4,6 6 6 6,24,10000,5648,4352,0.5648,9389,611,0.9389,3741
configs/exp4/2q_arc_2q_lru.cfg,experiments/data/phases24_c24_seed47.in,2Q ARC 2Q LRU,4,6 6 6 6,24,10000,5283,4717,0.5283,9389,611,0.9389,4106
configs/exp4/2q_arc_arc.cfg,experiments/data/phases24_c24_seed47.in,2Q ARC ARC,3,8 8 8,24,10000,5168,4832,0.5168,9389,611,0.9389,4221
configs/exp4/2q_arc_arc_2q.cfg,experiments/data/phases24_c24_seed47.in,2Q ARC ARC 2Q,4,6 6 6 6,24,10000,5218,4782,0.5218,9389,611,0.9389,4171
configs/exp4/2q_arc_arc_arc.cfg,experiments/data/phases24_c24_seed47.in,2Q ARC ARC ARC,4,6 6 6 6,24,10000,4759,5241,0.4759,9389,611,0.9389,4630
configs/exp4/2q_arc_arc_lfu.cfg,experiments/data/phases24_c24_seed47.in,2Q ARC ARC LFU,4,6 6 6 6,24,10000,4614,5386,0.4614,9389,611,0.9389,4775
configs/exp4/2q_arc_arc_lirs.cfg,experiments/data/phases24_c24_seed47.in,2Q ARC ARC LIRS,4,6 6 6 6,24,10000,5128,4872,0.5128,9389,611,0.9389,4261
configs/exp4/2q_arc_arc_lru.cfg,experiments/data/phases24_c24_seed47.in,2Q ARC ARC LRU,4,6 6 6 6,24,10000,4716,5284,0.4716,9389,611,0.9389,4673
configs/exp4/2q_arc_lfu.cfg,experiments/data/phases24_c24_seed47.in,2Q ARC LFU,3,8 8 8,24,10000,4862,5138,0.4862,9389,611,0.9389,4527
configs/exp4/2q_arc_lfu_2q.cfg,experiments/data/phases24_c24_seed47.in,2Q ARC LFU 2Q,4,6 6 6 6,24,10000,5026,4974,0.5026,9389,611,0.9389,4363
configs/exp4/2q_arc_lfu_arc.cfg,experiments/data/phases24_c24_seed47.in,2Q ARC LFU ARC,4,6 6 6 6,24,10000,4656,5344,0.4656,9389,611,0.9389,4733
configs/exp4/2q_arc_lfu_lfu.cfg,experiments/data/phases24_c24_seed47.in,2Q ARC LFU LFU,4,6 6 6 6,24,10000,4318,5682,0.4318,9389,611,0.9389,5071
configs/exp4/2q_arc_lfu_lirs.cfg,experiments/data/phases24_c24_seed47.in,2Q ARC LFU LIRS,4,6 6 6 6,24,10000,4994,5006,0.4994,9389,611,0.9389,4395
configs/exp4/2q_arc_lfu_lru.cfg,experiments/data/phases24_c24_seed47.in,2Q ARC LFU LRU,4,6 6 6 6,24,10000,4472,5528,0.4472,9389,611,0.9389,4917
configs/exp4/2q_arc_lirs.cfg,experiments/data/phases24_c24_seed47.in,2Q ARC LIRS,3,8 8 8,24,10000,5585,4415,0.5585,9389,611,0.9389,3804
configs/exp4/2q_arc_lirs_2q.cfg,experiments/data/phases24_c24_seed47.in,2Q ARC LIRS 2Q,4,6 6 6 6,24,10000,5462,4538,0.5462,9389,611,0.9389,3927
configs/exp4/2q_arc_lirs_arc.cfg,experiments/data/phases24_c24_seed47.in,2Q ARC LIRS ARC,4,6 6 6 6,24,10000,5161,4839,0.5161,9389,611,0.9389,4228
configs/exp4/2q_arc_lirs_lfu.cfg,experiments/data/phases24_c24_seed47.in,2Q ARC LIRS LFU,4,6 6 6 6,24,10000,4947,5053,0.4947,9389,611,0.9389,4442
configs/exp4/2q_arc_lirs_lirs.cfg,experiments/data/phases24_c24_seed47.in,2Q ARC LIRS LIRS,4,6 6 6 6,24,10000,4988,5012,0.4988,9389,611,0.9389,4401
configs/exp4/2q_arc_lirs_lru.cfg,experiments/data/phases24_c24_seed47.in,2Q ARC LIRS LRU,4,6 6 6 6,24,10000,5069,4931,0.5069,9389,611,0.9389,4320
configs/exp4/2q_arc_lru.cfg,experiments/data/phases24_c24_seed47.in,2Q ARC LRU,3,8 8 8,24,10000,4995,5005,0.4995,9389,611,0.9389,4394
configs/exp4/2q_arc_lru_2q.cfg,experiments/data/phases24_c24_seed47.in,2Q ARC LRU 2Q,4,6 6 6 6,24,10000,4440,5560,0.444,9389,611,0.9389,4949
configs/exp4/2q_arc_lru_arc.cfg,experiments/data/phases24_c24_seed47.in,2Q ARC LRU ARC,4,6 6 6 6,24,10000,4810,5190,0.481,9389,611,0.9389,4579
configs/exp4/2q_arc_lru_lfu.cfg,experiments/data/phases24_c24_seed47.in,2Q ARC LRU LFU,4,6 6 6 6,24,10000,4273,5727,0.4273,9389,611,0.9389,5116
configs/exp4/2q_arc_lru_lirs.cfg,experiments/data/phases24_c24_seed47.in,2Q ARC LRU LIRS,4,6 6 6 6,24,10000,4989,5011,0.4989,9389,611,0.9389,4400
configs/exp4/2q_arc_lru_lru.cfg,experiments/data/phases24_c24_seed47.in,2Q ARC LRU LRU,4,6 6 6 6,24,10000,4202,5798,0.4202,9389,611,0.9389,5187
configs/exp4/2q_lfu.cfg,experiments/data/phases24_c24_seed47.in,2Q LFU,2,12 12,24,10000,5229,4771,0.5229,9389,611,0.9389,4160
configs/exp4/2q_lfu_2q.cfg,experiments/data/phases24_c24_seed47.in,2Q LFU 2Q,3,8 8 8,24,10000,4685,5315,0.4685,9389,611,0.9389,4704
configs/exp4/2q_lfu_2q_2q.cfg,experiments/data/phases24_c24_seed47.in,2Q LFU 2Q 2Q,4,6 6 6 6,24,10000,3987,6013,0.3987,9389,611,0.9389,5402
configs/exp4/2q_lfu_2q_arc.cfg,experiments/data/phases24_c24_seed47.in,2Q LFU 2Q ARC,4,6 6 6 6,24,10000,4932,5068,0.4932,9389,611,0.9389,4457
configs/exp4/2q_lfu_2q_lfu.cfg,experiments/data/phases24_c24_seed47.in,2Q LFU 2Q LFU,4,6 6 6 6,24,10000,3911,6089,0.3911,9389,611,0.9389,5478
configs/exp4/2q_lfu_2q_lirs.cfg,experiments/data/phases24_c24_seed47.in,2Q LFU 2Q LIRS,4,6 6 6 6,24,10000,4547,5453,0.4547,9389,611,0.9389,4842
configs/exp4/2q_lfu_2q_lru.cfg,experiments/data/phases24_c24_seed47.in,2Q LFU 2Q LRU,4,6 6 6 6,24,10000,4974,5026,0.4974,9389,611,0.9389,4415
configs/exp4/2q_lfu_arc.cfg,experiments/data/phases24_c24_seed47.in,2Q LFU ARC,3,8 8 8,24,10000,5043,4957,0.5043,9389,611,0.9389,4346
configs/exp4/2q_lfu_arc_2q.cfg,experiments/data/phases24_c24_seed47.in,2Q LFU ARC 2Q,4,6 6 6 6,24,10000,5157,4843,0.5157,9389,611,0.9389,4232
configs/exp4/2q_lfu_arc_arc.cfg,experiments/data/phases24_c24_seed47.in,2Q LFU ARC ARC,4,6 6 6 6,24,10000,4768,5232,0.4768,9389,611,0.9389,4621
configs/exp4/2q_lfu_arc_lfu.cfg,experiments/data/phases24_c24_seed47.in,2Q LFU ARC LFU,4,6 6 6 6,24,10000,4436,5564,0.4436,9389,611,0.9389,4953
configs/exp4/2q_lfu_arc_lirs.cfg,experiments/data/phases24_c24_seed47.in,2Q LFU ARC LIRS,4,6 6 6 6,24,10000,5079,4921,0.5079,9389,611,0.9389,4310
configs/exp4/2q_lfu_arc_lru.cfg,experiments/data/phases24_c24_seed47.in,2Q LFU ARC LRU,4,6 6 6 6,24,10000,4557,5443,0.4557,9389,611,0.9389,4832
configs/exp4/2q_lfu_lfu.cfg,experiments/data/phases24_c24_seed47.in,2Q LFU LFU,3,8 8 8,24,10000,4025,5975,0.4025,9389,611,0.9389,5364
configs/exp4/2q_lfu_lfu_2q.cfg,experiments/data/phases24_c24_seed47.in,2Q LFU LFU 2Q,4,6 6 6 6,24,10000,4022,5978,0.4022,9389,611,0.9389,5367
configs/exp4/2q_lfu_lfu_arc.cfg,experiments/data/phases24_c24_seed47.in,2Q LFU LFU ARC,4,6 6 6 6,24,10000,4533,5467,0.4533,9389,611,0.9389,4856
configs/exp4/2q_lfu_lfu_lfu.cfg,experiments/data/phases24_c24_seed47.in,2Q LFU LFU LFU,4,6 6 6 6,24,10000,3471,6529,0.3471,9389,611,0.9389,5918
configs/exp4/2q_lfu_lfu_lirs.cfg,experiments/data/phases24_c24_seed47.in,2Q LFU LFU LIRS,4,6 6 6 6,24,10000,4264,5736,0.4264,9389,611,0.9389,5125
configs/exp4/2q_lfu_lfu_lru.cfg,experiments/data/phases24_c24_seed47.in,2Q LFU LFU LRU,4,6 6 6 6,24,10000,4590,5410,0.459,9389,611,0.9389,4799
configs/exp4/2q_lfu_lirs.cfg,experiments/data/phases24_c24_seed47.in,2Q LFU LIRS,3,8 8 8,24,10000,4903,5097,0.4903,9389,611,0.9389,4486
configs/exp4/2q_lfu_lirs_2q.cfg,experiments/data/phases24_c24_seed47.in,2Q LFU LIRS 2Q,4,6 6 6 6,24,10000,4619,5381,0.4619,9389,611,0.9389,4770
configs/exp4/2q_lfu_lirs_arc.cfg,experiments/data/phases24_c24_seed47.in,2Q LFU LIRS ARC,4,6 6 6 6,24,10000,5053,4947,0.5053,9389,611,0.9389,4336
configs/exp4/2q_lfu_lirs_lfu.cfg,experiments/data/phases24_c24_seed47.in,2Q LFU LIRS LFU,4,6 6 6 6,24,10000,4150,5850,0.415,9389,611,0.9389,5239
configs/exp4/2q_lfu_lirs_lirs.cfg,experiments/data/phases24_c24_seed47.in,2Q LFU LIRS LIRS,4,6 6 6 6,24,10000,4183,5817,0.4183,9389,611,0.9389,5206
configs/exp4/2q_lfu_lirs_lru.cfg,experiments/data/phases24_c24_seed47.in,2Q LFU LIRS LRU,4,6 6 6 6,24,10000,4966,5034,0.4966,9389,611,0.9389,4423
configs/exp4/2q_lfu_lru.cfg,experiments/data/phases24_c24_seed47.in,2Q LFU LRU,3,8 8 8,24,10000,5057,4943,0.5057,9389,611,0.9389,4332
configs/exp4/2q_lfu_lru_2q.cfg,experiments/data/phases24_c24_seed47.in,2Q LFU LRU 2Q,4,6 6 6 6,24,10000,4778,5222,0.4778,9389,611,0.9389,4611
configs/exp4/2q_lfu_lru_arc.cfg,experiments/data/phases24_c24_seed47.in,2Q LFU LRU ARC,4,6 6 6 6,24,10000,4884,5116,0.4884,9389,611,0.9389,4505
configs/exp4/2q_lfu_lru_lfu.cfg,experiments/data/phases24_c24_seed47.in,2Q LFU LRU LFU,4,6 6 6 6,24,10000,4392,5608,0.4392,9389,611,0.9389,4997
configs/exp4/2q_lfu_lru_lirs.cfg,experiments/data/phases24_c24_seed47.in,2Q LFU LRU LIRS,4,6 6 6 6,24,10000,5158,4842,0.5158,9389,611,0.9389,4231
configs/exp4/2q_lfu_lru_lru.cfg,experiments/data/phases24_c24_seed47.in,2Q LFU LRU LRU,4,6 6 6 6,24,10000,4352,5648,0.4352,9389,611,0.9389,5037
configs/exp4/2q_lirs.cfg,experiments/data/phases24_c24_seed47.in,2Q LIRS,2,12 12,24,10000,6094,3906,0.6094,9389,611,0.9389,3295
configs/exp4/2q_lirs_2q.cfg,experiments/data/phases24_c24_seed47.in,2Q LIRS 2Q,3,8 8 8,24,10000,5128,4872,0.5128,9389,611,0.9389,4261
configs/exp4/2q_lirs_2q_2q.cfg,experiments/data/phases24_c24_seed47.in,2Q LIRS 2Q 2Q,4,6 6 6 6,24,10000,4615,5385,0.4615,9389,611,0.9389,4774
configs/exp4/2q_lirs_2q_arc.cfg,experiments/data/phases24_c24_seed47.in,2Q LIRS 2Q ARC,4,6 6 6 6,24,10000,5399,4601,0.5399,9389,611,0.9389,3990
configs/exp4/2q_lirs_2q_lfu.cfg,experiments/data/phases24_c24_seed47.in,2Q LIRS 2Q LFU,4,6 6 6 6,24,10000,4500,5500,0.45,9389,611,0.9389,4889
configs/exp4/2q_lirs_2q_lirs.cfg,experiments/data/phases24_c24_seed47.in,2Q LIRS 2Q LIRS,4,6 6 6 6,24,10000,4608,5392,0.4608,9389,611,0.9389,4781
configs/exp4/2q_lirs_2q_lru.cfg,experiments/data/phases24_c24_seed47.in,2Q LIRS 2Q LRU,4,6 6 6 6,24,10000,5305,4695,0.5305,9389,611,0.9389,4084
configs/exp4/2q_lirs_arc.cfg,experiments/data/phases24_c24_seed47.in,2Q LIRS ARC,3,8 8 8,24,10000,5637,4363,0.5637,9389,611,0.9389,3752
configs/exp4/2q_lirs_arc_2q.cfg,experiments/data/phases24_c24_seed47.in,2Q LIRS ARC 2Q,4,6 6 6 6,24,10000,5403,4597,0.5403,9389,611,0.9389,3986
configs/exp4/2q_lirs_arc_arc.cfg,experiments/data/phases24_c24_seed47.in,2Q LIRS ARC ARC,4,6 6 6 6,24,10000,5153,4847,0.5153,9389,611,0.9389,4236
configs/exp4/2q_lirs_arc_lfu.cfg,experiments/data/phases24_c24_seed47.in,2Q LIRS ARC LFU,4,6 6 6 6,24,10000,4906,5094,0.4906,9389,611,0.9389,4483
configs/exp4/2q_lirs_arc_lirs.cfg,experiments/data/phases24_c24_seed47.in,2Q LIRS ARC LIRS,4,6 6 6 6,24,10000,5256,4744,0.5256,9389,611,0.9389,4133
configs/exp4/2q_lirs_arc_lru.cfg,experiments/data/phases24_c24_seed47.in,2Q LIRS ARC LRU,4,6 6 6 6,24,10000,4874,5126,0.4874,9389,611,0.9389,4515
configs/exp4/2q_lirs_lfu.cfg,experiments/data/phases24_c24_seed47.in,2Q LIRS LFU,3,8 8 8,24,10000,4746,5254,0.4746,9389,611,0.9389,4643
configs/exp4/2q_lirs_lfu_2q.cfg,experiments/data/phases24_c24_seed47.in,2Q LIRS LFU 2Q,4,6 6 6 6,24,10000,4563,5437,0.4563,9389,611,0.9389,4826
configs/exp4/2q_lirs_lfu_arc.cfg,experiments/data/phases24_c24_seed47.in,2Q LIRS LFU ARC,4,6 6 6 6,24,10000,4947,5053,0.4947,9389,611,0.9389,4442
configs/exp4/2q_lirs_lfu_lfu.cfg,experiments/data/phases24_c24_seed47.in,2Q LIRS LFU LFU,4,6 6 6 6,24,10000,4105,5895,0.4105,9389,611,0.9389,5284
configs/exp4/2q_lirs_lfu_lirs.cfg,experiments/data/phases24_c24_seed47.in,2Q LIRS LFU LIRS,4,6 6 6 6,24,10000,4131,5869,0.4131,9389,611,0.9389,5258
configs/exp4/2q_lirs_lfu_lru.cfg,experiments/data/phases24_c24_seed47.in,2Q LIRS LFU LRU,4,6 6 6 6,24,10000,4889,5111,0.4889,9389,611,0.9389,4500
configs/exp4/2q_lirs_lirs.cfg,experiments/data/phases24_c24_seed47.in,2Q LIRS LIRS,3,8 8 8,24,10000,4787,5213,0.4787,9389,611,0.9389,4602
configs/exp4/2q_lirs_lirs_2q.cfg,experiments/data/phases24_c24_seed47.in,2Q LIRS LIRS 2Q,4,6 6 6 6,24,10000,4457,5543,0.4457,9389,611,0.9389,4932
configs/exp4/2q_lirs_lirs_arc.cfg,experiments/data/phases24_c24_seed47.in,2Q LIRS LIRS ARC,4,6 6 6 6,24,10000,4900,5100,0.49,9389,611,0.9389,4489
configs/exp4/2q_lirs_lirs_lfu.cfg,experiments/data/phases24_c24_seed47.in,2Q LIRS LIRS LFU,4,6 6 6 6,24,10000,4067,5933,0.4067,9389,611,0.9389,5322
configs/exp4/2q_lirs_lirs_lirs.cfg,experiments/data/phases24_c24_seed47.in,2Q LIRS LIRS LIRS,4,6 6 6 6,24,10000,3867,6133,0.3867,9389,611,0.9389,5522
configs/exp4/2q_lirs_lirs_lru.cfg,experiments/data/phases24_c24_seed47.in,2Q LIRS LIRS LRU,4,6 6 6 6,24,10000,4819,5181,0.4819,9389,611,0.9389,4570
configs/exp4/2q_lirs_lru.cfg,experiments/data/phases24_c24_seed47.in,2Q LIRS LRU,3,8 8 8,24,10000,5499,4501,0.5499,9389,611,0.9389,3890
configs/exp4/2q_lirs_lru_2q.cfg,experiments/data/phases24_c24_seed47.in,2Q LIRS LRU 2Q,4,6 6 6 6,24,10000,4902,5098,0.4902,9389,611,0.9389,4487
configs/exp4/2q_lirs_lru_arc.cfg,experiments/data/phases24_c24_seed47.in,2Q LIRS LRU ARC,4,6 6 6 6,24,10000,5112,4888,0.5112,9389,611,0.9389,4277
configs/exp4/2q_lirs_lru_lfu.cfg,experiments/data/phases24_c24_seed47.in,2Q LIRS LRU LFU,4,6 6 6 6,24,10000,4681,5319,0.4681,9389,611,0.9389,4708
configs/exp4/2q_lirs_lru_lirs.cfg,experiments/data/phases24_c24_seed47.in,2Q LIRS LRU LIRS,4,6 6 6 6,24,10000,5203,4797,0.5203,9389,611,0.9389,4186
configs/exp4/2q_lirs_lru_lru.cfg,experiments/data/phases24_c24_seed47.in,2Q LIRS LRU LRU,4,6 6 6 6,24,10000,4690,5310,0.469,9389,611,0.9389,4699
configs/exp4/2q_lru.cfg,experiments/data/phases24_c24_seed47.in,2Q LRU,2,12 12,24,10000,5980,4020,0.598,9389,611,0.9389,3409
configs/exp4/2q_lru_2q.cfg,experiments/data/phases24_c24_seed47.in,2Q LRU 2Q,3,8 8 8,24,10000,5399,4601,0.5399,9389,611,0.9389,3990
configs/exp4/2q_lru_2q_2q.cfg,experiments/data/phases24_c24_seed47.in,2Q LRU 2Q 2Q,4,6 6 6 6,24,10000,4614,5386,0.4614,9389,611,0.9389,4775
configs/exp4/2q_lru_2q_arc.cfg,experiments/data/phases24_c24_seed47.in,2Q LRU 2Q ARC,4,6 6 6 6,24,10000,5074,4926,0.5074,9389,611,0.9389,4315
configs/exp4/2q_lru_2q_lfu.cfg,experiments/data/phases24_c24_seed47.in,2Q LRU 2Q LFU,4,6 6 6 6,24,10000,4587,5413,0.4587,9389,611,0.9389,4802
configs/exp4/2q_lru_2q_lirs.cfg,experiments/data/phases24_c24_seed47.in,2Q LRU 2Q LIRS,4,6 6 6 6,24,10000,5404,4596,0.5404,9389,611,0.9389,3985
configs/exp4/2q_lru_2q_lru.cfg,experiments/data/phases24_c24_seed47.in,2Q LRU 2Q LRU,4,6 6 6 6,24,10000,4709,5291,0.4709,9389,611,0.9389,4680
configs/exp4/2q_lru_arc.cfg,experiments/data/phases24_c24_seed47.in,2Q LRU ARC,3,8 8 8,24,10000,5260,4740,0.526,9389,611,0.9389,4129
configs/exp4/2q_lru_arc_2q.cfg,experiments/data/phases24_c24_seed47.in,2Q LRU ARC 2Q,4,6 6 6 6,24,10000,5196,4804,0.5196,9389,611,0.9389,4193
configs/exp4/2q_lru_arc_arc.cfg,experiments/data/phases24_c24_seed47.in,2Q LRU ARC ARC,4,6 6 6 6,24,10000,4905,5095,0.4905,9389,611,0.9389,4484
configs/exp4/2q_lru_arc_lfu.cfg,experiments/data/phases24_c24_seed47.in,2Q LRU ARC LFU,4,6 6 6 6,24,10000,4730,5270,0.473,9389,611,0.9389,4659
configs/exp4/2q_lru_arc_lirs.cfg,experiments/data/phases24_c24_seed47.in,2Q LRU ARC LIRS,4,6 6 6 6,24,10000,5300,4700,0.53,9389,611,0.9389,4089
configs/exp4/2q_lru_arc_lru.cfg,experiments/data/phases24_c24_seed47.in,2Q LRU ARC LRU,4,6 6 6 6,24,10000,4777,5223,0.4777,9389,611,0.9389,4612
configs/exp4/2q_lru_lfu.cfg,experiments/data/phases24_c24_seed47.in,2Q LRU LFU,3,8 8 8,24,10000,4756,5244,0.4756,9389,611,0.9389,4633
configs/exp4/2q_lru_lfu_2q.cfg,experiments/data/phases24_c24_seed47.in,2Q LRU LFU 2Q,4,6 6 6 6,24,10000,4579,5421,0.4579,9389,611,0.9389,4810
configs/exp4/2q_lru_lfu_arc.cfg,experiments/data/phases24_c24_seed47.in,2Q LRU LFU ARC,4,6 6 6 6,24,10000,4704,5296,0.4704,9389,611,0.9389,4685
configs/exp4/2q_lru_lfu_lfu.cfg,experiments/data/phases24_c24_seed47.in,2Q LRU LFU LFU,4,6 6 6 6,24,10000,4114,5886,0.4114,9389,611,0.9389,5275
configs/exp4/2q_lru_lfu_lirs.cfg,experiments/data/phases24_c24_seed47.in,2Q LRU LFU LIRS,4,6 6 6 6,24,10000,4985,5015,0.4985,9389,611,0.9389,4404
configs/exp4/2q_lru_lfu_lru.cfg,experiments/data/phases24_c24_seed47.in,2Q LRU LFU LRU,4,6 6 6 6,24,10000,4169,5831,0.4169,9389,611,0.9389,5220
configs/exp4/2q_lru_lirs.cfg,experiments/data/phases24_c24_seed47.in,2Q LRU LIRS,3,8 8 8,24,10000,5655,4345,0.5655,9389,611,0.9389,3734
configs/exp4/2q_lru_lirs_2q.cfg,experiments/data/phases24_c24_seed47.in,2Q LRU LIRS 2Q,4,6 6 6 6,24,10000,5509,4491,0.5509,9389,611,0.9389,3880
configs/exp4/2q_lru_lirs_arc.cfg,experiments/data/phases24_c24_seed47.in,2Q LRU LIRS ARC,4,6 6 6 6,24,10000,5233,4767,0.5233,9389,611,0.9389,4156
configs/exp4/2q_lru_lirs_lfu.cfg,experiments/data/phases24_c24_seed47.in,2Q LRU LIRS LFU,4,6 6 6 6,24,10000,4979,5021,0.4979,9389,611,0.9389,4410
configs/exp4/2q_lru_lirs_lirs.cfg,experiments/data/phases24_c24_seed47.in,2Q LRU LIRS LIRS,4,6 6 6 6,24,10000,5134,4866,0.5134,9389,611,0.9389,4255
configs/exp4/2q_lru_lirs_lru.cfg,experiments/data/phases24_c24_seed47.in,2Q LRU LIRS LRU,4,6 6 6 6,24,10000,5079,4921,0.5079,9389,611,0.9389,4310
configs/exp4/2q_lru_lru.cfg,experiments/data/phases24_c24_seed47.in,2Q LRU LRU,3,8 8 8,24,10000,4802,5198,0.4802,9389,611,0.9389,4587
configs/exp4/2q_lru_lru_2q.cfg,experiments/data/phases24_c24_seed47.in,2Q LRU LRU 2Q,4,6 6 6 6,24,10000,4264,5736,0.4264,9389,611,0.9389,5125
configs/exp4/2q_lru_lru_arc.cfg,experiments/data/phases24_c24_seed47.in,2Q LRU LRU ARC,4,6 6 6 6,24,10000,4649,5351,0.4649,9389,611,0.9389,4740
configs/exp4/2q_lru_lru_lfu.cfg,experiments/data/phases24_c24_seed47.in,2Q LRU LRU LFU,4,6 6 6 6,24,10000,4062,5938,0.4062,9389,611,0.9389,5327
configs/exp4/2q_lru_lru_lirs.cfg,experiments/data/phases24_c24_seed47.in,2Q LRU LRU LIRS,4,6 6 6 6,24,10000,4907,5093,0.4907,9389,611,0.9389,4482
configs/exp4/2q_lru_lru_lru.cfg,experiments/data/phases24_c24_seed47.in,2Q LRU LRU LRU,4,6 6 6 6,24,10000,4003,5997,0.4003,9389,611,0.9389,5386
configs/exp4/arc_2q.cfg,experiments/data/phases24_c24_seed47.in,ARC 2Q,2,12 12,24,10000,6084,3916,0.6084,9389,611,0.9389,3305
configs/exp4/arc_2q_2q.cfg,experiments/data/phases24_c24_seed47.in,ARC 2Q 2Q,3,8 8 8,24,10000,5277,4723,0.5277,9389,611,0.9389,4112
configs/exp4/arc_2q_2q_2q.cfg,experiments/data/phases24_c24_seed47.in,ARC 2Q 2Q 2Q,4,6 6 6 6,24,10000,4929,5071,0.4929,9389,611,0.9389,4460
configs/exp4/arc_2q_2q_arc.cfg,experiments/data/phases24_c24_seed47.in,ARC 2Q 2Q ARC,4,6 6 6 6,24,10000,5265,4735,0.5265,9389,611,0.9389,4124
configs/exp4/arc_2q_2q_lfu.cfg,experiments/data/phases24_c24_seed47.in,ARC 2Q 2Q LFU,4,6 6 6 6,24,10000,4709,5291,0.4709,9389,611,0.9389,4680
configs/exp4/arc_2q_2q_lirs.cfg,experiments/data/phases24_c24_seed47.in,ARC 2Q 2Q LIRS,4,6 6 6 6,24,10000,5488,4512,0.5488,9389,611,0.9389,3901
configs/exp4/arc_2q_2q_lru.cfg,experiments/data/phases24_c24_seed47.in,ARC 2Q 2Q LRU,4,6 6 6 6,24,10000,5197,4803,0.5197,9389,611,0.9389,4192
configs/exp4/arc_2q_arc.cfg,experiments/data/phases24_c24_seed47.in,ARC 2Q ARC,3,8 8 8,24,10000,5358,4642,0.5358,9389,611,0.9389,4031
configs/exp4/arc_2q_arc_2q.cfg,experiments/data/phases24_c24_seed47.in,ARC 2Q ARC 2Q,4,6 6 6 6,24,10000,5344,4656,0.5344,9389,611,0.9389,4045
configs/exp4/arc_2q_arc_arc.cfg,experiments/data/phases24_c24_seed47.in,ARC 2Q ARC ARC,4,6 6 6 6,24,10000,5019,4981,0.5019,9389,611,0.9389,4370
configs/exp4/arc_2q_arc_lfu.cfg,experiments/data/phases24_c24_seed47.in,ARC 2Q ARC LFU,4,6 6 6 6,24,10000,4710,5290,0.471,9389,611,0.9389,4679
configs/exp4/arc_2q_arc_lirs.cfg,experiments/data/phases24_c24_seed47.in,ARC 2Q ARC LIRS,4,6 6 6 6,24,10000,5418,4582,0.5418,9389,611,0.9389,3971
configs/exp4/arc_2q_arc_lru.cfg,experiments/data/phases24_c24_seed47.in,ARC 2Q ARC LRU,4,6 6 6 6,24,10000,4821,5179,0.4821,9389,611,0.9389,4568
configs/exp4/arc_2q_lfu.cfg,experiments/data/phases24_c24_seed47.in,ARC 2Q LFU,3,8 8 8,24,10000,4812,5188,0.4812,9389,611,0.9389,4577
configs/exp4/arc_2q_lfu_2q.cfg,experiments/data/phases24_c24_seed47.in,ARC 2Q LFU 2Q,4,6 6 6 6,24,10000,4784,5216,0.4784,9389,611,0.9389,4605
configs/exp4/arc_2q_lfu_arc.cfg,experiments/data/phases24_c24_seed47.in,ARC 2Q LFU ARC,4,6 6 6 6,24,10000,4776,5224,0.4776,9389,611,0.9389,4613
configs/exp4/arc_2q_lfu_lfu.cfg,experiments/data/phases24_c24_seed47.in,ARC 2Q LFU LFU,4,6 6 6 6,24,10000,4256,5744,0.4256,9389,611,0.9389,5133
configs/exp4/arc_2q_lfu_lirs.cfg,experiments/data/phases24_c24_seed47.in,ARC 2Q LFU LIRS,4,6 6 6 6,24,10000,5055,4945,0.5055,9389,611,0.9389,4334
configs/exp4/arc_2q_lfu_lru.cfg,experiments/data/phases24_c24_seed47.in,ARC 2Q LFU LRU,4,6 6 6 6,24,10000,4685,5315,0.4685,9389,611,0.9389,4704
configs/exp4/arc_2q_lirs.cfg,experiments/data/phases24_c24_seed47.in,ARC 2Q LIRS,3,8 8 8,24,10000,5708,4292,0.5708,9389,611,0.9389,3681
configs/exp4/arc_2q_lirs_2q.cfg,experiments/data/phases24_c24_seed47.in,ARC 2Q LIRS 2Q,4,6 6 6 6,24,10000,5437,4563,0.5437,9389,611,0.9389,3952
configs/exp4/arc_2q_lirs_arc.cfg,experiments/data/phases24_c24_seed47.in,ARC 2Q LIRS ARC,4,6 6 6 6,24,10000,5445,4555,0.5445,9389,611,0.9389,3944
configs/exp4/arc_2q_lirs_lfu.cfg,experiments/data/phases24_c24_seed47.in,ARC 2Q LIRS LFU,4,6 6 6 6,24,10000,5004,4996,0.5004,9389,611,0.9389,4385
configs/exp4/arc_2q_lirs_lirs.cfg,experiments/data/phases24_c24_seed47.in,ARC 2Q LIRS LIRS,4,6 6 6 6,24,10000,5146,4854,0.5146,9389,611,0.9389,4243
configs/exp4/arc_2q_lirs_lru.cfg,experiments/data/phases24_c24_seed47.in,ARC 2Q LIRS LRU,4,6 6 6 6,24,10000,5388,4612,0.5388,9389,611,0.9389,4001
configs/exp4/arc_2q_lru.cfg,experiments/data/phases24_c24_seed47.in,ARC 2Q LRU,3,8 8 8,24,10000,5334,4666,0.5334,9389,611,0.9389,4055
configs/exp4/arc_2q_lru_2q.cfg,experiments/data/phases24_c24_seed47.in,ARC 2Q LRU 2Q,4,6 6 6 6,24,10000,4668,5332,0.4668,9389,611,0.9389,4721
configs/exp4/arc_2q_lru_arc.cfg,experiments/data/phases24_c24_seed47.in,ARC 2Q LRU ARC,4,6 6 6 6,24,10000,4998,5002,0.4998,9389,611,0.9389,4391
configs/exp4/arc_2q_lru_lfu.cfg,experiments/data/phases24_c24_seed47.in,ARC 2Q LRU LFU,4,6 6 6 6,24,10000,4515,5485,0.4515,9389,611,0.9389,4874
configs/exp4/arc_2q_lru_lirs.cfg,experiments/data/phases24_c24_seed47.in,ARC 2Q LRU LIRS,4,6 6 6 6,24,10000,5399,4601,0.5399,9389,611,0.9389,3990
configs/exp4/arc_2q_lru_lru.cfg,experiments/data/phases24_c24_seed47.in,ARC 2Q LRU LRU,4,6 6 6 6,24,10000,4466,5534,0.4466,9389,611,0.9389,4923
configs/exp4/arc_arc_2q.cfg,experiments/data/phases24_c24_seed47.in,ARC ARC 2Q,3,8 8 8,24,10000,5047,4953,0.5047,9389,611,0.9389,4342
configs/exp4/arc_arc_2q_2q.cfg,experiments/data/phases24_c24_seed47.in,ARC ARC 2Q 2Q,4,6 6 6 6,24,10000,4871,5129,0.4871,9389,611,0.9389,4518
configs/exp4/arc_arc_2q_arc.cfg,experiments/data/phases24_c24_seed47.in,ARC ARC 2Q ARC,4,6 6 6 6,24,10000,4757,5243,0.4757,9389,611,0.9389,4632
configs/exp4/arc_arc_2q_lfu.cfg,experiments/data/phases24_c24_seed47.in,ARC ARC 2Q LFU,4,6 6 6 6,24,10000,4446,5554,0.4446,9389,611,0.9389,4943
configs/exp4/arc_arc_2q_lirs.cfg,experiments/data/phases24_c24_seed47.in,ARC ARC 2Q LIRS,4,6 6 6 6,24,10000,5115,4885,0.5115,9389,611,0.9389,4274
configs/exp4/arc_arc_2q_lru.cfg,experiments/data/phases24_c24_seed47.in,ARC ARC 2Q LRU,4,6 6 6 6,24,10000,4738,5262,0.4738,9389,611,0.9389,4651
configs/exp4/arc_arc_arc_2q.cfg,experiments/data/phases24_c24_seed47.in,ARC ARC ARC 2Q,4,6 6 6 6,24,10000,4584,5416,0.4584,9389,611,0.9389,4805
configs/exp4/arc_arc_arc_lfu.cfg,experiments/data/phases24_c24_seed47.in,ARC ARC ARC LFU,4,6 6 6 6,24,10000,3841,6159,0.3841,9389,611,0.9389,5548
configs/exp4/arc_arc_arc_lirs.cfg,experiments/data/phases24_c24_seed47.in,ARC ARC ARC LIRS,4,6 6 6 6,24,10000,4456,5544,0.4456,9389,611,0.9389,4933
configs/exp4/arc_arc_arc_lru.cfg,experiments/data/phases24_c24_seed47.in,ARC ARC ARC LRU,4,6 6 6 6,24,10000,3960,6040,0.396,9389,611,0.9389,5429
configs/exp4/arc_arc_lfu.cfg,experiments/data/phases24_c24_seed47.in,ARC ARC LFU,3,8 8 8,24,10000,4294,5706,0.4294,9389,611,0.9389,5095
configs/exp4/arc_arc_lfu_2q.cfg,experiments/data/phases24_c24_seed47.in,ARC ARC LFU 2Q,4,6 6 6 6,24,10000,4513,5487,0.4513,9389,611,0.9389,4876
configs/exp4/arc_arc_lfu_arc.cfg,experiments/data/phases24_c24_seed47.in,ARC ARC LFU ARC,4,6 6 6 6,24,10000,3949,6051,0.3949,9389,611,0.9389,5440
configs/exp4/arc_arc_lfu_lfu.cfg,experiments/data/phases24_c24_seed47.in,ARC ARC LFU LFU,4,6 6 6 6,24,10000,3722,6278,0.3722,9389,611,0.9389,5667
configs/exp4/arc_arc_lfu_lirs.cfg,experiments/data/phases24_c24_seed47.in,ARC ARC LFU LIRS,4,6 6 6 6,24,10000,4379,5621,0.4379,9389,611,0.9389,5010
configs/exp4/arc_arc_lfu_lru.cfg,experiments/data/phases24_c24_seed47.in,ARC ARC LFU LRU,4,6 6 6 6,24,10000,3908,6092,0.3908,9389,611,0.9389,5481
configs/exp4/arc_arc_lirs.cfg,experiments/data/phases24_c24_seed47.in,ARC ARC LIRS,3,8 8 8,24,10000,5000,5000,0.5,9389,611,0.9389,4389
configs/exp4/arc_arc_lirs_2q.cfg,experiments/data/phases24_c24_seed47.in,ARC ARC LIRS 2Q,4,6 6 6 6,24,10000,4920,5080,0.492,9389,611,0.9389,4469
configs/exp4/arc_arc_lirs_arc.cfg,experiments/data/phases24_c24_seed47.in,ARC ARC LIRS ARC,4,6 6 6 6,24,10000,4496,5504,0.4496,9389,611,0.9389,4893
configs/exp4/arc_arc_lirs_lfu.cfg,experiments/data/phases24_c24_seed47.in,ARC ARC LIRS LFU,4,6 6 6 6,24,10000,4271,5729,0.4271,9389,611,0.9389,5118
configs/exp4/arc_arc_lirs_lirs.cfg,experiments/data/phases24_c24_seed47.in,ARC ARC LIRS LIRS,4,6 6 6 6,24,10000,4352,5648,0.4352,9389,611,0.9389,5037
configs/exp4/arc_arc_lirs_lru.cfg,experiments/data/phases24_c24_seed47.in,ARC ARC LIRS LRU,4,6 6 6 6,24,10000,4467,5533,0.4467,9389,611,0.9389,4922
configs/exp4/arc_arc_lru.cfg,experiments/data/phases24_c24_seed47.in,ARC ARC LRU,3,8 8 8,24,10000,4350,5650,0.435,9389,611,0.9389,5039
configs/exp4/arc_arc_lru_2q.cfg,experiments/data/phases24_c24_seed47.in,ARC ARC LRU 2Q,4,6 6 6 6,24,10000,3828,6172,0.3828,9389,611,0.9389,5561
configs/exp4/arc_arc_lru_arc.cfg,experiments/data/phases24_c24_seed47.in,ARC ARC LRU ARC,4,6 6 6 6,24,10000,4174,5826,0.4174,9389,611,0.9389,5215
configs/exp4/arc_arc_lru_lfu.cfg,experiments/data/phases24_c24_seed47.in,ARC ARC LRU LFU,4,6 6 6 6,24,10000,3626,6374,0.3626,9389,611,0.9389,5763
configs/exp4/arc_arc_lru_lirs.cfg,experiments/data/phases24_c24_seed47.in,ARC ARC LRU LIRS,4,6 6 6 6,24,10000,4490,5510,0.449,9389,611,0.9389,4899
configs/exp4/arc_arc_lru_lru.cfg,experiments/data/phases24_c24_seed47.in,ARC ARC LRU LRU,4,6 6 6 6,24,10000,3594,6406,0.3594,9389,611,0.9389,5795
configs/exp4/arc_lfu.cfg,experiments/data/phases24_c24_seed47.in,ARC LFU,2,12 12,24,10000,5225,4775,0.5225,9389,611,0.9389,4164
configs/exp4/arc_lfu_2q.cfg,experiments/data/phases24_c24_seed47.in,ARC LFU 2Q,3,8 8 8,24,10000,4931,5069,0.4931,9389,611,0.9389,4458
configs/exp4/arc_lfu_2q_2q.cfg,experiments/data/phases24_c24_seed47.in,ARC LFU 2Q 2Q,4,6 6 6 6,24,10000,4757,5243,0.4757,9389,611,0.9389,4632
configs/exp4/arc_lfu_2q_arc.cfg,experiments/data/phases24_c24_seed47.in,ARC LFU 2Q ARC,4,6 6 6 6,24,10000,4796,5204,0.4796,9389,611,0.9389,4593
configs/exp4/arc_lfu_2q_lfu.cfg,experiments/data/phases24_c24_seed47.in,ARC LFU 2Q LFU,4,6 6 6 6,24,10000,4235,5765,0.4235,9389,611,0.9389,5154
configs/exp4/arc_lfu_2q_lirs.cfg,experiments/data/phases24_c24_seed47.in,ARC LFU 2Q LIRS,4,6 6 6 6,24,10000,5047,4953,0.5047,9389,611,0.9389,4342
configs/exp4/arc_lfu_2q_lru.cfg,experiments/data/phases24_c24_seed47.in,ARC LFU 2Q LRU,4,6 6 6 6,24,10000,4704,5296,0.4704,9389,611,0.9389,4685
configs/exp4/arc_lfu_arc.cfg,experiments/data/phases24_c24_seed47.in,ARC LFU ARC,3,8 8 8,24,10000,4416,5584,0.4416,9389,611,0.9389,4973
configs/exp4/arc_lfu_arc_2q.cfg,experiments/data/phases24_c24_seed47.in,ARC LFU ARC 2Q,4,6 6 6 6,24,10000,4513,5487,0.4513,9389,611,0.9389,4876
configs/exp4/arc_lfu_arc_arc.cfg,experiments/data/phases24_c24_seed47.in,ARC LFU ARC ARC,4,6 6 6 6,24,10000,3899,6101,0.3899,9389,611,0.9389,5490
configs/exp4/arc_lfu_arc_lfu.cfg,experiments/data/phases24_c24_seed47.in,ARC LFU ARC LFU,4,6 6 6 6,24,10000,3670,6330,0.367,9389,611,0.9389,5719
configs/exp4/arc_lfu_arc_lirs.cfg,experiments/data/phases24_c24_seed47.in,ARC LFU ARC LIRS,4,6 6 6 6,24,10000,4332,5668,0.4332,9389,611,0.9389,5057
configs/exp4/arc_lfu_arc_lru.cfg,experiments/data/phases24_c24_seed47.in,ARC LFU ARC LRU,4,6 6 6 6,24,10000,3849,6151,0.3849,9389,611,0.9389,5540
configs/exp4/arc_lfu_lfu.cfg,experiments/data/phases24_c24_seed47.in,ARC LFU LFU,3,8 8 8,24,10000,3953,6047,0.3953,9389,611,0.9389,5436
configs/exp4/arc_lfu_lfu_2q.cfg,experiments/data/phases24_c24_seed47.in,ARC LFU LFU 2Q,4,6 6 6 6,24,10000,4304,5696,0.4304,9389,611,0.9389,5085
configs/exp4/arc_lfu_lfu_arc.cfg,experiments/data/phases24_c24_seed47.in,ARC LFU LFU ARC,4,6 6 6 6,24,10000,3775,6225,0.3775,9389,611,0.9389,5614
configs/exp4/arc_lfu_lfu_lfu.cfg,experiments/data/phases24_c24_seed47.in,ARC LFU LFU LFU,4,6 6 6 6,24,10000,3369,6631,0.3369,9389,611,0.9389,6020
configs/exp4/arc_lfu_lfu_lirs.cfg,experiments/data/phases24_c24_seed47.in,ARC LFU LFU LIRS,4,6 6 6 6,24,10000,4167,5833,0.4167,9389,611,0.9389,5222
configs/exp4/arc_lfu_lfu_lru.cfg,experiments/data/phases24_c24_seed47.in,ARC LFU LFU LRU,4,6 6 6 6,24,10000,3646,6354,0.3646,9389,611,0.9389,5743
configs/exp4/arc_lfu_lirs.cfg,experiments/data/phases24_c24_seed47.in,ARC LFU LIRS,3,8 8 8,24,10000,5039,4961,0.5039,9389,611,0.9389,4350
configs/exp4/arc_lfu_lirs_2q.cfg,experiments/data/phases24_c24_seed47.in,ARC LFU LIRS 2Q,4,6 6 6 6,24,10000,4778,5222,0.4778,9389,611,0.9389,4611
configs/exp4/arc_lfu_lirs_arc.cfg,experiments/data/phases24_c24_seed47.in,ARC LFU LIRS ARC,4,6 6 6 6,24,10000,4408,5592,0.4408,9389,611,0.9389,4981
configs/exp4/arc_lfu_lirs_lfu.cfg,experiments/data/phases24_c24_seed47.in,ARC LFU LIRS LFU,4,6 6 6 6,24,10000,4111,5889,0.4111,9389,611,0.9389,5278
configs/exp4/arc_lfu_lirs_lirs.cfg,experiments/data/phases24_c24_seed47.in,ARC LFU LIRS LIRS,4,6 6 6 6,24,10000,4206,5794,0.4206,9389,611,0.9389,5183
configs/exp4/arc_lfu_lirs_lru.cfg,experiments/data/phases24_c24_seed47.in,ARC LFU LIRS LRU,4,6 6 6 6,24,10000,4387,5613,0.4387,9389,611,0.9389,5002
configs/exp4/arc_lfu_lru.cfg,experiments/data/phases24_c24_seed47.in,ARC LFU LRU,3,8 8 8,24,10000,4248,5752,0.4248,9389,611,0.9389,5141
configs/exp4/arc_lfu_lru_2q.cfg,experiments/data/phases24_c24_seed47.in,ARC LFU LRU 2Q,4,6 6 6 6,24,10000,3666,6334,0.3666,9389,611,0.9389,5723
configs/exp4/arc_lfu_lru_arc.cfg,experiments/data/phases24_c24_seed47.in,ARC LFU LRU ARC,4,6 6 6 6,24,10000,4055,5945,0.4055,9389,611,0.9389,5334
configs/exp4/arc_lfu_lru_lfu.cfg,experiments/data/phases24_c24_seed47.in,ARC LFU LRU LFU,4,6 6 6 6,24,10000,3465,6535,0.3465,9389,611,0.9389,5924
configs/exp4/arc_lfu_lru_lirs.cfg,experiments/data/phases24_c24_seed47.in,ARC LFU LRU LIRS,4,6 6 6 6,24,10000,4343,5657,0.4343,9389,611,0.9389,5046
configs/exp4/arc_lfu_lru_lru.cfg,experiments/data/phases24_c24_seed47.in,ARC LFU LRU LRU,4,6 6 6 6,24,10000,3341,6659,0.3341,9389,611,0.9389,6048
configs/exp4/arc_lirs.cfg,experiments/data/phases24_c24_seed47.in,ARC LIRS,2,12 12,24,10000,6193,3807,0.6193,9389,611,0.9389,3196
configs/exp4/arc_lirs_2q.cfg,experiments/data/phases24_c24_seed47.in,ARC LIRS 2Q,3,8 8 8,24,10000,5383,4617,0.5383,9389,611,0.9389,4006
configs/exp4/arc_lirs_2q_2q.cfg,experiments/data/phases24_c24_seed47.in,ARC LIRS 2Q 2Q,4,6 6 6 6,24,10000,5051,4949,0.5051,9389,611,0.9389,4338
configs/exp4/arc_lirs_2q_arc.cfg,experiments/data/phases24_c24_seed47.in,ARC LIRS 2Q ARC,4,6 6 6 6,24,10000,5161,4839,0.5161,9389,611,0.9389,4228
configs/exp4/arc_lirs_2q_lfu.cfg,experiments/data/phases24_c24_seed47.in,ARC LIRS 2Q LFU,4,6 6 6 6,24,10000,4726,5274,0.4726,9389,611,0.9389,4663
configs/exp4/arc_lirs_2q_lirs.cfg,experiments/data/phases24_c24_seed47.in,ARC LIRS 2Q LIRS,4,6 6 6 6,24,10000,4999,5001,0.4999,9389,611,0.9389,4390
configs/exp4/arc_lirs_2q_lru.cfg,experiments/data/phases24_c24_seed47.in,ARC LIRS 2Q LRU,4,6 6 6 6,24,10000,5114,4886,0.5114,9389,611,0.9389,4275
configs/exp4/arc_lirs_arc.cfg,experiments/data/phases24_c24_seed47.in,ARC LIRS ARC,3,8 8 8,24,10000,5304,4696,0.5304,9389,611,0.9389,4085
configs/exp4/arc_lirs_arc_2q.cfg,experiments/data/phases24_c24_seed47.in,ARC LIRS ARC 2Q,4,6 6 6 6,24,10000,4946,5054,0.4946,9389,611,0.9389,4443
configs/exp4/arc_lirs_arc_arc.cfg,experiments/data/phases24_c24_seed47.in,ARC LIRS ARC ARC,4,6 6 6 6,24,10000,4503,5497,0.4503,9389,611,0.9389,4886
configs/exp4/arc_lirs_arc_lfu.cfg,experiments/data/phases24_c24_seed47.in,ARC LIRS ARC LFU,4,6 6 6 6,24,10000,4317,5683,0.4317,9389,611,0.9389,5072
configs/exp4/arc_lirs_arc_lirs.cfg,experiments/data/phases24_c24_seed47.in,ARC LIRS ARC LIRS,4,6 6 6 6,24,10000,4569,5431,0.4569,9389,611,0.9389,4820
configs/exp4/arc_lirs_arc_lru.cfg,experiments/data/phases24_c24_seed47.in,ARC LIRS ARC LRU,4,6 6 6 6,24,10000,4382,5618,0.4382,9389,611,0.9389,5007
configs/exp4/arc_lirs_lfu.cfg,experiments/data/phases24_c24_seed47.in,ARC LIRS LFU,3,8 8 8,24,10000,4908,5092,0.4908,9389,611,0.9389,4481
configs/exp4/arc_lirs_lfu_2q.cfg,experiments/data/phases24_c24_seed47.in,ARC LIRS LFU 2Q,4,6 6 6 6,24,10000,4786,5214,0.4786,9389,611,0.9389,4603
configs/exp4/arc_lirs_lfu_arc.cfg,experiments/data/phases24_c24_seed47.in,ARC LIRS LFU ARC,4,6 6 6 6,24,10000,4401,5599,0.4401,9389,611,0.9389,4988
configs/exp4/arc_lirs_lfu_lfu.cfg,experiments/data/phases24_c24_seed47.in,ARC LIRS LFU LFU,4,6 6 6 6,24,10000,4054,5946,0.4054,9389,611,0.9389,5335
configs/exp4/arc_lirs_lfu_lirs.cfg,experiments/data/phases24_c24_seed47.in,ARC LIRS LFU LIRS,4,6 6 6 6,24,10000,4213,5787,0.4213,9389,611,0.9389,5176
configs/exp4/arc_lirs_lfu_lru.cfg,experiments/data/phases24_c24_seed47.in,ARC LIRS LFU LRU,4,6 6 6 6,24,10000,4366,5634,0.4366,9389,611,0.9389,5023
configs/exp4/arc_lirs_lirs.cfg,experiments/data/phases24_c24_seed47.in,ARC LIRS LIRS,3,8 8 8,24,10000,5092,4908,0.5092,9389,611,0.9389,4297
configs/exp4/arc_lirs_lirs_2q.cfg,experiments/data/phases24_c24_seed47.in,ARC LIRS LIRS 2Q,4,6 6 6 6,24,10000,4810,5190,0.481,9389,611,0.9389,4579
configs/exp4/arc_lirs_lirs_arc.cfg,experiments/data/phases24_c24_seed47.in,ARC LIRS LIRS ARC,4,6 6 6 6,24,10000,4387,5613,0.4387,9389,611,0.9389,5002
configs/exp4/arc_lirs_lirs_lfu.cfg,experiments/data/phases24_c24_seed47.in,ARC LIRS LIRS LFU,4,6 6 6 6,24,10000,4163,5837,0.4163,9389,611,0.9389,5226
configs/exp4/arc_lirs_lirs_lirs.cfg,experiments/data/phases24_c24_seed47.in,ARC LIRS LIRS LIRS,4,6 6 6 6,24,10000,3992,6008,0.3992,9389,611,0.9389,5397
configs/exp4/arc_lirs_lirs_lru.cfg,experiments/data/phases24_c24_seed47.in,ARC LIRS LIRS LRU,4,6 6 6 6,24,10000,4411,5589,0.4411,9389,611,0.9389,4978
configs/exp4/arc_lirs_lru.cfg,experiments/data/phases24_c24_seed47.in,ARC LIRS LRU,3,8 8 8,24,10000,5258,4742,0.5258,9389,611,0.9389,4131
configs/exp4/arc_lirs_lru_2q.cfg,experiments/data/phases24_c24_seed47.in,ARC LIRS LRU 2Q,4,6 6 6 6,24,10000,4350,5650,0.435,9389,611,0.9389,5039
configs/exp4/arc_lirs_lru_arc.cfg,experiments/data/phases24_c24_seed47.in,ARC LIRS LRU ARC,4,6 6 6 6,24,10000,4644,5356,0.4644,9389,611,0.9389,4745
configs/exp4/arc_lirs_lru_lfu.cfg,experiments/data/phases24_c24_seed47.in,ARC LIRS LRU LFU,4,6 6 6 6,24,10000,4191,5809,0.4191,9389,611,0.9389,5198
configs/exp4/arc_lirs_lru_lirs.cfg,experiments/data/phases24_c24_seed47.in,ARC LIRS LRU LIRS,4,6 6 6 6,24,10000,4581,5419,0.4581,9389,611,0.9389,4808
configs/exp4/arc_lirs_lru_lru.cfg,experiments/data/phases24_c24_seed47.in,ARC LIRS LRU LRU,4,6 6 6 6,24,10000,4088,5912,0.4088,9389,611,0.9389,5301
configs/exp4/arc_lru.cfg,experiments/data/phases24_c24_seed47.in,ARC LRU,2,12 12,24,10000,5616,4384,0.5616,9389,611,0.9389,3773
configs/exp4/arc_lru_2q.cfg,experiments/data/phases24_c24_seed47.in,ARC LRU 2Q,3,8 8 8,24,10000,4542,5458,0.4542,9389,611,0.9389,4847
configs/exp4/arc_lru_2q_2q.cfg,experiments/data/phases24_c24_seed47.in,ARC LRU 2Q 2Q,4,6 6 6 6,24,10000,3554,6446,0.3554,9389,611,0.9389,5835
configs/exp4/arc_lru_2q_arc.cfg,experiments/data/phases24_c24_seed47.in,ARC LRU 2Q ARC,4,6 6 6 6,24,10000,4093,5907,0.4093,9389,611,0.9389,5296
configs/exp4/arc_lru_2q_lfu.cfg,experiments/data/phases24_c24_seed47.in,ARC LRU 2Q LFU,4,6 6 6 6,24,10000,3433,6567,0.3433,9389,611,0.9389,5956
configs/exp4/arc_lru_2q_lirs.cfg,experiments/data/phases24_c24_seed47.in,ARC LRU 2Q LIRS,4,6 6 6 6,24,10000,4424,5576,0.4424,9389,611,0.9389,4965
configs/exp4/arc_lru_2q_lru.cfg,experiments/data/phases24_c24_seed47.in,ARC LRU 2Q LRU,4,6 6 6 6,24,10000,3475,6525,0.3475,9389,611,0.9389,5914
configs/exp4/arc_lru_arc.cfg,experiments/data/phases24_c24_seed47.in,ARC LRU ARC,3,8 8 8,24,10000,4558,5442,0.4558,9389,611,0.9389,4831
configs/exp4/arc_lru_arc_2q.cfg,experiments/data/phases24_c24_seed47.in,ARC LRU ARC 2Q,4,6 6 6 6,24,10000,4444,5556,0.4444,9389,611,0.9389,4945
configs/exp4/arc_lru_arc_arc.cfg,experiments/data/phases24_c24_seed47.in,ARC LRU ARC ARC,4,6 6 6 6,24,10000,4211,5789,0.4211,9389,611,0.9389,5178
configs/exp4/arc_lru_arc_lfu.cfg,experiments/data/phases24_c24_seed47.in,ARC LRU ARC LFU,4,6 6 6 6,24,10000,3925,6075,0.3925,9389,611,0.9389,5464
configs/exp4/arc_lru_arc_lirs.cfg,experiments/data/phases24_c24_seed47.in,ARC LRU ARC LIRS,4,6 6 6 6,24,10000,4689,5311,0.4689,9389,611,0.9389,4700
configs/exp4/arc_lru_arc_lru.cfg,experiments/data/phases24_c24_seed47.in,ARC LRU ARC LRU,4,6 6 6 6,24,10000,3940,6060,0.394,9389,611,0.9389,5449
configs/exp4/arc_lru_lfu.cfg,experiments/data/phases24_c24_seed47.in,ARC LRU LFU,3,8 8 8,24,10000,3961,6039,0.3961,9389,611,0.9389,5428
configs/exp4/arc_lru_lfu_2q.cfg,experiments/data/phases24_c24_seed47.in,ARC LRU LFU 2Q,4,6 6 6 6,24,10000,3471,6529,0.3471,9389,611,0.9389,5918
configs/exp4/arc_lru_lfu_arc.cfg,experiments/data/phases24_c24_seed47.in,ARC LRU LFU ARC,4,6 6 6 6,24,10000,3842,6158,0.3842,9389,611,0.9389,5547
configs/exp4/arc_lru_lfu_lfu.cfg,experiments/data/phases24_c24_seed47.in,ARC LRU LFU LFU,4,6 6 6 6,24,10000,3222,6778,0.3222,9389,611,0.9389,6167
configs/exp4/arc_lru_lfu_lirs.cfg,experiments/data/phases24_c24_seed47.in,ARC LRU LFU LIRS,4,6 6 6 6,24,10000,4165,5835,0.4165,9389,611,0.9389,5224
configs/exp4/arc_lru_lfu_lru.cfg,experiments/data/phases24_c24_seed47.in,ARC LRU LFU LRU,4,6 6 6 6,24,10000,3167,6833,0.3167,9389,611,0.9389,6222
configs/exp4/arc_lru_lirs.cfg,experiments/data/phases24_c24_seed47.in,ARC LRU LIRS,3,8 8 8,24,10000,5017,4983,0.5017,9389,611,0.9389,4372
configs/exp4/arc_lru_lirs_2q.cfg,experiments/data/phases24_c24_seed47.in,ARC LRU LIRS 2Q,4,6 6 6 6,24,10000,4678,5322,0.4678,9389,611,0.9389,4711
configs/exp4/arc_lru_lirs_arc.cfg,experiments/data/phases24_c24_seed47.in,ARC LRU LIRS ARC,4,6 6 6 6,24,10000,4514,5486,0.4514,9389,611,0.9389,4875
configs/exp4/arc_lru_lirs_lfu.cfg,experiments/data/phases24_c24_seed47.in,ARC LRU LIRS LFU,4,6 6 6 6,24,10000,4197,5803,0.4197,9389,611,0.9389,5192
configs/exp4/arc_lru_lirs_lirs.cfg,experiments/data/phases24_c24_seed47.in,ARC LRU LIRS LIRS,4,6 6 6 6,24,10000,4386,5614,0.4386,9389,611,0.9389,5003
configs/exp4/arc_lru_lirs_lru.cfg,experiments/data/phases24_c24_seed47.in,ARC LRU LIRS LRU,4,6 6 6 6,24,10000,4191,5809,0.4191,9389,611,0.9389,5198
configs/exp4/arc_lru_lru.cfg,experiments/data/phases24_c24_seed47.in,ARC LRU LRU,3,8 8 8,24,10000,3855,6145,0.3855,9389,611,0.9389,5534
configs/exp4/arc_lru_lru_2q.cfg,experiments/data/phases24_c24_seed47.in,ARC LRU LRU 2Q,4,6 6 6 6,24,10000,3294,6706,0.3294,9389,611,0.9389,6095
configs/exp4/arc_lru_lru_arc.cfg,experiments/data/phases24_c24_seed47.in,ARC LRU LRU ARC,4,6 6 6 6,24,10000,3590,6410,0.359,9389,611,0.9389,5799
configs/exp4/arc_lru_lru_lfu.cfg,experiments/data/phases24_c24_seed47.in,ARC LRU LRU LFU,4,6 6 6 6,24,10000,3023,6977,0.3023,9389,611,0.9389,6366
configs/exp4/arc_lru_lru_lirs.cfg,experiments/data/phases24_c24_seed47.in,ARC LRU LRU LIRS,4,6 6 6 6,24,10000,4019,5981,0.4019,9389,611,0.9389,5370
configs/exp4/arc_lru_lru_lru.cfg,experiments/data/phases24_c24_seed47.in,ARC LRU LRU LRU,4,6 6 6 6,24,10000,2981,7019,0.2981,9389,611,0.9389,6408
configs/exp4/lfu_2q.cfg,experiments/data/phases24_c24_seed47.in,LFU 2Q,2,12 12,24,10000,5670,4330,0.567,9389,611,0.9389,3719
configs/exp4/lfu_2q_2q.cfg,experiments/data/phases24_c24_seed47.in,LFU 2Q 2Q,3,8 8 8,24,10000,4691,5309,0.4691,9389,611,0.9389,4698
configs/exp4/lfu_2q_2q_2q.cfg,experiments/data/phases24_c24_seed47.in,LFU 2Q 2Q 2Q,4,6 6 6 6,24,10000,3973,6027,0.3973,9389,611,0.9389,5416
configs/exp4/lfu_2q_2q_arc.cfg,experiments/data/phases24_c24_seed47.in,LFU 2Q 2Q ARC,4,6 6 6 6,24,10000,4960,5040,0.496,9389,611,0.9389,4429
configs/exp4/lfu_2q_2q_lfu.cfg,experiments/data/phases24_c24_seed47.in,LFU 2Q 2Q LFU,4,6 6 6 6,24,10000,3840,6160,0.384,9389,611,0.9389,5549
configs/exp4/lfu_2q_2q_lirs.cfg,experiments/data/phases24_c24_seed47.in,LFU 2Q 2Q LIRS,4,6 6 6 6,24,10000,4554,5446,0.4554,9389,611,0.9389,4835
configs/exp4/lfu_2q_2q_lru.cfg,experiments/data/phases24_c24_seed47.in,LFU 2Q 2Q LRU,4,6 6 6 6,24,10000,4997,5003,0.4997,9389,611,0.9389,4392
configs/exp4/lfu_2q_arc.cfg,experiments/data/phases24_c24_seed47.in,LFU 2Q ARC,3,8 8 8,24,10000,5199,4801,0.5199,9389,611,0.9389,4190
configs/exp4/lfu_2q_arc_2q.cfg,experiments/data/phases24_c24_seed47.in,LFU 2Q ARC 2Q,4,6 6 6 6,24,10000,5300,4700,0.53,9389,611,0.9389,4089
configs/exp4/lfu_2q_arc_arc.cfg,experiments/data/phases24_c24_seed47.in,LFU 2Q ARC ARC,4,6 6 6 6,24,10000,4923,5077,0.4923,9389,611,0.9389,4466
configs/exp4/lfu_2q_arc_lfu.cfg,experiments/data/phases24_c24_seed47.in,LFU 2Q ARC LFU,4,6 6 6 6,24,10000,4606,5394,0.4606,9389,611,0.9389,4783
configs/exp4/lfu_2q_arc_lirs.cfg,experiments/data/phases24_c24_seed47.in,LFU 2Q ARC LIRS,4,6 6 6 6,24,10000,5244,4756,0.5244,9389,611,0.9389,4145
configs/exp4/lfu_2q_arc_lru.cfg,experiments/data/phases24_c24_seed47.in,LFU 2Q ARC LRU,4,6 6 6 6,24,10000,4718,5282,0.4718,9389,611,0.9389,4671
configs/exp4/lfu_2q_lfu.cfg,experiments/data/phases24_c24_seed47.in,LFU 2Q LFU,3,8 8 8,24,10000,4218,5782,0.4218,9389,611,0.9389,5171
configs/exp4/lfu_2q_lfu_2q.cfg,experiments/data/phases24_c24_seed47.in,LFU 2Q LFU 2Q,4,6 6 6 6,24,10000,3999,6001,0.3999,9389,611,0.9389,5390
configs/exp4/lfu_2q_lfu_arc.cfg,experiments/data/phases24_c24_seed47.in,LFU 2Q LFU ARC,4,6 6 6 6,24,10000,4681,5319,0.4681,9389,611,0.9389,4708
configs/exp4/lfu_2q_lfu_lfu.cfg,experiments/data/phases24_c24_seed47.in,LFU 2Q LFU LFU,4,6 6 6 6,24,10000,3512,6488,0.3512,9389,611,0.9389,5877
configs/exp4/lfu_2q_lfu_lirs.cfg,experiments/data/phases24_c24_seed47.in,LFU 2Q LFU LIRS,4,6 6 6 6,24,10000,4368,5632,0.4368,9389,611,0.9389,5021
configs/exp4/lfu_2q_lfu_lru.cfg,experiments/data/phases24_c24_seed47.in,LFU 2Q LFU LRU,4,6 6 6 6,24,10000,4742,5258,0.4742,9389,611,0.9389,4647
configs/exp4/lfu_2q_lirs.cfg,experiments/data/phases24_c24_seed47.in,LFU 2Q LIRS,3,8 8 8,24,10000,5007,4993,0.5007,9389,611,0.9389,4382
configs/exp4/lfu_2q_lirs_2q.cfg,experiments/data/phases24_c24_seed47.in,LFU 2Q LIRS 2Q,4,6 6 6 6,24,10000,4590,5410,0.459,9389,611,0.9389,4799
configs/exp4/lfu_2q_lirs_arc.cfg,experiments/data/phases24_c24_seed47.in,LFU 2Q LIRS ARC,4,6 6 6 6,24,10000,5194,4806,0.5194,9389,611,0.9389,4195
configs/exp4/lfu_2q_lirs_lfu.cfg,experiments/data/phases24_c24_seed47.in,LFU 2Q LIRS LFU,4,6 6 6 6,24,10000,4246,5754,0.4246,9389,611,0.9389,5143
configs/exp4/lfu_2q_lirs_lirs.cfg,experiments/data/phases24_c24_seed47.in,LFU 2Q LIRS LIRS,4,6 6 6 6,24,10000,4271,5729,0.4271,9389,611,0.9389,5118
configs/exp4/lfu_2q_lirs_lru.cfg,experiments/data/phases24_c24_seed47.in,LFU 2Q LIRS LRU,4,6 6 6 6,24,10000,5101,4899,0.5101,9389,611,0.9389,4288
configs/exp4/lfu_2q_lru.cfg,experiments/data/phases24_c24_seed47.in,LFU 2Q LRU,3,8 8 8,24,10000,5216,4784,0.5216,9389,611,0.9389,4173
configs/exp4/lfu_2q_lru_2q.cfg,experiments/data/phases24_c24_seed47.in,LFU 2Q LRU 2Q,4,6 6 6 6,24,10000,4873,5127,0.4873,9389,611,0.9389,4516
configs/exp4/lfu_2q_lru_arc.cfg,experiments/data/phases24_c24_seed47.in,LFU 2Q LRU ARC,4,6 6 6 6,24,10000,5007,4993,0.5007,9389,611,0.9389,4382
configs/exp4/lfu_2q_lru_lfu.cfg,experiments/data/phases24_c24_seed47.in,LFU 2Q LRU LFU,4,6 6 6 6,24,10000,4522,5478,0.4522,9389,611,0.9389,4867
configs/exp4/lfu_2q_lru_lirs.cfg,experiments/data/phases24_c24_seed47.in,LFU 2Q LRU LIRS,4,6 6 6 6,24,10000,5317,4683,0.5317,9389,611,0.9389,4072
configs/exp4/lfu_2q_lru_lru.cfg,experiments/data/phases24_c24_seed47.in,LFU 2Q LRU LRU,4,6 6 6 6,24,10000,4547,5453,0.4547,9389,611,0.9389,4842
configs/exp4/lfu_arc.cfg,experiments/data/phases24_c24_seed47.in,LFU ARC,2,12 12,24,10000,5723,4277,0.5723,9389,611,0.9389,3666
configs/exp4/lfu_arc_2q.cfg,experiments/data/phases24_c24_seed47.in,LFU ARC 2Q,3,8 8 8,24,10000,5102,4898,0.5102,9389,611,0.9389,4287
configs/exp4/lfu_arc_2q_2q.cfg,experiments/data/phases24_c24_seed47.in,LFU ARC 2Q 2Q,4,6 6 6 6,24,10000,4816,5184,0.4816,9389,611,0.9389,4573
configs/exp4/lfu_arc_2q_arc.cfg,experiments/data/phases24_c24_seed47.in,LFU ARC 2Q ARC,4,6 6 6 6,24,10000,4869,5131,0.4869,9389,611,0.9389,4520
configs/exp4/lfu_arc_2q_lfu.cfg,experiments/data/phases24_c24_seed47.in,LFU ARC 2Q LFU,4,6 6 6 6,24,10000,4337,5663,0.4337,9389,611,0.9389,5052
configs/exp4/lfu_arc_2q_lirs.cfg,experiments/data/phases24_c24_seed47.in,LFU ARC 2Q LIRS,4,6 6 6 6,24,10000,5166,4834,0.5166,9389,611,0.9389,4223
configs/exp4/lfu_arc_2q_lru.cfg,experiments/data/phases24_c24_seed47.in,LFU ARC 2Q LRU,4,6 6 6 6,24,10000,4822,5178,0.4822,9389,611,0.9389,4567
configs/exp4/lfu_arc_arc.cfg,experiments/data/phases24_c24_seed47.in,LFU ARC ARC,3,8 8 8,24,10000,4608,5392,0.4608,9389,611,0.9389,4781
configs/exp4/lfu_arc_arc_2q.cfg,experiments/data/phases24_c24_seed47.in,LFU ARC ARC 2Q,4,6 6 6 6,24,10000,4611,5389,0.4611,9389,611,0.9389,4778
configs/exp4/lfu_arc_arc_arc.cfg,experiments/data/phases24_c24_seed47.in,LFU ARC ARC ARC,4,6 6 6 6,24,10000,3952,6048,0.3952,9389,611,0.9389,5437
configs/exp4/lfu_arc_arc_lfu.cfg,experiments/data/phases24_c24_seed47.in,LFU ARC ARC LFU,4,6 6 6 6,24,10000,3808,6192,0.3808,9389,611,0.9389,5581
configs/exp4/lfu_arc_arc_lirs.cfg,experiments/data/phases24_c24_seed47.in,LFU ARC ARC LIRS,4,6 6 6 6,24,10000,4449,5551,0.4449,9389,611,0.9389,4940
configs/exp4/lfu_arc_arc_lru.cfg,experiments/data/phases24_c24_seed47.in,LFU ARC ARC LRU,4,6 6 6 6,24,10000,3933,6067,0.3933,9389,611,0.9389,5456
configs/exp4/lfu_arc_lfu.cfg,experiments/data/phases24_c24_seed47.in,LFU ARC LFU,3,8 8 8,24,10000,4203,5797,0.4203,9389,611,0.9389,5186
configs/exp4/lfu_arc_lfu_2q.cfg,experiments/data/phases24_c24_seed47.in,LFU ARC LFU 2Q,4,6 6 6 6,24,10000,4441,5559,0.4441,9389,611,0.9389,4948
configs/exp4/lfu_arc_lfu_arc.cfg,experiments/data/phases24_c24_seed47.in,LFU ARC LFU ARC,4,6 6 6 6,24,10000,3906,6094,0.3906,9389,611,0.9389,5483
configs/exp4/lfu_arc_lfu_lfu.cfg,experiments/data/phases24_c24_seed47.in,LFU ARC LFU LFU,4,6 6 6 6,24,10000,3518,6482,0.3518,9389,611,0.9389,5871
configs/exp4/lfu_arc_lfu_lirs.cfg,experiments/data/phases24_c24_seed47.in,LFU ARC LFU LIRS,4,6 6 6 6,24,10000,4323,5677,0.4323,9389,611,0.9389,5066
configs/exp4/lfu_arc_lfu_lru.cfg,experiments/data/phases24_c24_seed47.in,LFU ARC LFU LRU,4,6 6 6 6,24,10000,3791,6209,0.3791,9389,611,0.9389,5598
configs/exp4/lfu_arc_lirs.cfg,experiments/data/phases24_c24_seed47.in,LFU ARC LIRS,3,8 8 8,24,10000,5162,4838,0.5162,9389,611,0.9389,4227
configs/exp4/lfu_arc_lirs_2q.cfg,experiments/data/phases24_c24_seed47.in,LFU ARC LIRS 2Q,4,6 6 6 6,24,10000,4871,5129,0.4871,9389,611,0.9389,4518
configs/exp4/lfu_arc_lirs_arc.cfg,experiments/data/phases24_c24_seed47.in,LFU ARC LIRS ARC,4,6 6 6 6,24,10000,4484,5516,0.4484,9389,611,0.9389,4905
configs/exp4/lfu_arc_lirs_lfu.cfg,experiments/data/phases24_c24_seed47.in,LFU ARC LIRS LFU,4,6 6 6 6,24,10000,4214,5786,0.4214,9389,611,0.9389,5175
configs/exp4/lfu_arc_lirs_lirs.cfg,experiments/data/phases24_c24_seed47.in,LFU ARC LIRS LIRS,4,6 6 6 6,24,10000,4329,5671,0.4329,9389,611,0.9389,5060
configs/exp4/lfu_arc_lirs_lru.cfg,experiments/data/phases24_c24_seed47.in,LFU ARC LIRS LRU,4,6 6 6 6,24,10000,4475,5525,0.4475,9389,611,0.9389,4914
configs/exp4/lfu_arc_lru.cfg,experiments/data/phases24_c24_seed47.in,LFU ARC LRU,3,8 8 8,24,10000,4443,5557,0.4443,9389,611,0.9389,4946
configs/exp4/lfu_arc_lru_2q.cfg,experiments/data/phases24_c24_seed47.in,LFU ARC LRU 2Q,4,6 6 6 6,24,10000,3664,6336,0.3664,9389,611,0.9389,5725
configs/exp4/lfu_arc_lru_arc.cfg,experiments/data/phases24_c24_seed47.in,LFU ARC LRU ARC,4,6 6 6 6,24,10000,4166,5834,0.4166,9389,611,0.9389,5223
configs/exp4/lfu_arc_lru_lfu.cfg,experiments/data/phases24_c24_seed47.in,LFU ARC LRU LFU,4,6 6 6 6,24,10000,3550,6450,0.355,9389,611,0.9389,5839
configs/exp4/lfu_arc_lru_lirs.cfg,experiments/data/phases24_c24_seed47.in,LFU ARC LRU LIRS,4,6 6 6 6,24,10000,4411,5589,0.4411,9389,611,0.9389,4978
configs/exp4/lfu_arc_lru_lru.cfg,experiments/data/phases24_c24_seed47.in,LFU ARC LRU LRU,4,6 6 6 6,24,10000,3450,6550,0.345,9389,611,0.9389,5939
configs/exp4/lfu_lfu_2q.cfg,experiments/data/phases24_c24_seed47.in,LFU LFU 2Q,3,8 8 8,24,10000,4439,5561,0.4439,9389,611,0.9389,4950
configs/exp4/lfu_lfu_2q_2q.cfg,experiments/data/phases24_c24_seed47.in,LFU LFU 2Q 2Q,4,6 6 6 6,24,10000,3990,6010,0.399,9389,611,0.9389,5399
configs/exp4/lfu_lfu_2q_arc.cfg,experiments/data/phases24_c24_seed47.in,LFU LFU 2Q ARC,4,6 6 6 6,24,10000,4767,5233,0.4767,9389,611,0.9389,4622
configs/exp4/lfu_lfu_2q_lfu.cfg,experiments/data/phases24_c24_seed47.in,LFU LFU 2Q LFU,4,6 6 6 6,24,10000,3655,6345,0.3655,9389,611,0.9389,5734
configs/exp4/lfu_lfu_2q_lirs.cfg,experiments/data/phases24_c24_seed47.in,LFU LFU 2Q LIRS,4,6 6 6 6,24,10000,4395,5605,0.4395,9389,611,0.9389,4994
configs/exp4/lfu_lfu_2q_lru.cfg,experiments/data/phases24_c24_seed47.in,LFU LFU 2Q LRU,4,6 6 6 6,24,10000,4832,5168,0.4832,9389,611,0.9389,4557
configs/exp4/lfu_lfu_arc.cfg,experiments/data/phases24_c24_seed47.in,LFU LFU ARC,3,8 8 8,24,10000,4485,5515,0.4485,9389,611,0.9389,4904
configs/exp4/lfu_lfu_arc_2q.cfg,experiments/data/phases24_c24_seed47.in,LFU LFU ARC 2Q,4,6 6 6 6,24,10000,4544,5456,0.4544,9389,611,0.9389,4845
configs/exp4/lfu_lfu_arc_arc.cfg,experiments/data/phases24_c24_seed47.in,LFU LFU ARC ARC,4,6 6 6 6,24,10000,3966,6034,0.3966,9389,611,0.9389,5423
configs/exp4/lfu_lfu_arc_lfu.cfg,experiments/data/phases24_c24_seed47.in,LFU LFU ARC LFU,4,6 6 6 6,24,10000,3521,6479,0.3521,9389,611,0.9389,5868
configs/exp4/lfu_lfu_arc_lirs.cfg,experiments/data/phases24_c24_seed47.in,LFU LFU ARC LIRS,4,6 6 6 6,24,10000,4369,5631,0.4369,9389,611,0.9389,5020
configs/exp4/lfu_lfu_arc_lru.cfg,experiments/data/phases24_c24_seed47.in,LFU LFU ARC LRU,4,6 6 6 6,24,10000,3870,6130,0.387,9389,611,0.9389,5519
configs/exp4/lfu_lfu_lfu_2q.cfg,experiments/data/phases24_c24_seed47.in,LFU LFU LFU 2Q,4,6 6 6 6,24,10000,3820,6180,0.382,9389,611,0.9389,5569
configs/exp4/lfu_lfu_lfu_arc.cfg,experiments/data/phases24_c24_seed47.in,LFU LFU LFU ARC,4,6 6 6 6,24,10000,3785,6215,0.3785,9389,611,0.9389,5604
configs/exp4/lfu_lfu_lfu_lirs.cfg,experiments/data/phases24_c24_seed47.in,LFU LFU LFU LIRS,4,6 6 6 6,24,10000,3813,6187,0.3813,9389,611,0.9389,5576
configs/exp4/lfu_lfu_lfu_lru.cfg,experiments/data/phases24_c24_seed47.in,LFU LFU LFU LRU,4,6 6 6 6,24,10000,3760,6240,0.376,9389,611,0.9389,5629
configs/exp4/lfu_lfu_lirs.cfg,experiments/data/phases24_c24_seed47.in,LFU LFU LIRS,3,8 8 8,24,10000,4514,5486,0.4514,9389,611,0.9389,4875
configs/exp4/lfu_lfu_lirs_2q.cfg,experiments/data/phases24_c24_seed47.in,LFU LFU LIRS 2Q,4,6 6 6 6,24,10000,4240,5760,0.424,9389,611,0.9389,5149
configs/exp4/lfu_lfu_lirs_arc.cfg,experiments/data/phases24_c24_seed47.in,LFU LFU LIRS ARC,4,6 6 6 6,24,10000,4577,5423,0.4577,9389,611,0.9389,4812
configs/exp4/lfu_lfu_lirs_lfu.cfg,experiments/data/phases24_c24_seed47.in,LFU LFU LIRS LFU,4,6 6 6 6,24,10000,3665,6335,0.3665,9389,611,0.9389,5724
configs/exp4/lfu_lfu_lirs_lirs.cfg,experiments/data/phases24_c24_seed47.in,LFU LFU LIRS LIRS,4,6 6 6 6,24,10000,3855,6145,0.3855,9389,611,0.9389,5534
configs/exp4/lfu_lfu_lirs_lru.cfg,experiments/data/phases24_c24_seed47.in,LFU LFU LIRS LRU,4,6 6 6 6,24,10000,4563,5437,0.4563,9389,611,0.9389,4826
configs/exp4/lfu_lfu_lru.cfg,experiments/data/phases24_c24_seed47.in,LFU LFU LRU,3,8 8 8,24,10000,4363,5637,0.4363,9389,611,0.9389,5026
configs/exp4/lfu_lfu_lru_2q.cfg,experiments/data/phases24_c24_seed47.in,LFU LFU LRU 2Q,4,6 6 6 6,24,10000,4065,5935,0.4065,9389,611,0.9389,5324
configs/exp4/lfu_lfu_lru_arc.cfg,experiments/data/phases24_c24_seed47.in,LFU LFU LRU ARC,4,6 6 6 6,24,10000,4040,5960,0.404,9389,611,0.9389,5349
configs/exp4/lfu_lfu_lru_lfu.cfg,experiments/data/phases24_c24_seed47.in,LFU LFU LRU LFU,4,6 6 6 6,24,10000,3588,6412,0.3588,9389,611,0.9389,5801
configs/exp4/lfu_lfu_lru_lirs.cfg,experiments/data/phases24_c24_seed47.in,LFU LFU LRU LIRS,4,6 6 6 6,24,10000,4452,5548,0.4452,9389,611,0.9389,4937
configs/exp4/lfu_lfu_lru_lru.cfg,experiments/data/phases24_c24_seed47.in,LFU LFU LRU LRU,4,6 6 6 6,24,10000,3511,6489,0.3511,9389,611,0.9389,5878
configs/exp4/lfu_lirs.cfg,experiments/data/phases24_c24_seed47.in,LFU LIRS,2,12 12,24,10000,5771,4229,0.5771,9389,611,0.9389,3618
configs/exp4/lfu_lirs_2q.cfg,experiments/data/phases24_c24_seed47.in,LFU LIRS 2Q,3,8 8 8,24,10000,4901,5099,0.4901,9389,611,0.9389,4488
configs/exp4/lfu_lirs_2q_2q.cfg,experiments/data/phases24_c24_seed47.in,LFU LIRS 2Q 2Q,4,6 6 6 6,24,10000,4297,5703,0.4297,9389,611,0.9389,5092
configs/exp4/lfu_lirs_2q_arc.cfg,experiments/data/phases24_c24_seed47.in,LFU LIRS 2Q ARC,4,6 6 6 6,24,10000,5111,4889,0.5111,9389,611,0.9389,4278
configs/exp4/lfu_lirs_2q_lfu.cfg,experiments/data/phases24_c24_seed47.in,LFU LIRS 2Q LFU,4,6 6 6 6,24,10000,4098,5902,0.4098,9389,611,0.9389,5291
configs/exp4/lfu_lirs_2q_lirs.cfg,experiments/data/phases24_c24_seed47.in,LFU LIRS 2Q LIRS,4,6 6 6 6,24,10000,4338,5662,0.4338,9389,611,0.9389,5051
configs/exp4/lfu_lirs_2q_lru.cfg,experiments/data/phases24_c24_seed47.in,LFU LIRS 2Q LRU,4,6 6 6 6,24,10000,5017,4983,0.5017,9389,611,0.9389,4372
configs/exp4/lfu_lirs_arc.cfg,experiments/data/phases24_c24_seed47.in,LFU LIRS ARC,3,8 8 8,24,10000,5447,4553,0.5447,9389,611,0.9389,3942
configs/exp4/lfu_lirs_arc_2q.cfg,experiments/data/phases24_c24_seed47.in,LFU LIRS ARC 2Q,4,6 6 6 6,24,10000,5117,4883,0.5117,9389,611,0.9389,4272
configs/exp4/lfu_lirs_arc_arc.cfg,experiments/data/phases24_c24_seed47.in,LFU LIRS ARC ARC,4,6 6 6 6,24,10000,4733,5267,0.4733,9389,611,0.9389,4656
configs/exp4/lfu_lirs_arc_lfu.cfg,experiments/data/phases24_c24_seed47.in,LFU LIRS ARC LFU,4,6 6 6 6,24,10000,4382,5618,0.4382,9389,611,0.9389,5007
configs/exp4/lfu_lirs_arc_lirs.cfg,experiments/data/phases24_c24_seed47.in,LFU LIRS ARC LIRS,4,6 6 6 6,24,10000,4847,5153,0.4847,9389,611,0.9389,4542
configs/exp4/lfu_lirs_arc_lru.cfg,experiments/data/phases24_c24_seed47.in,LFU LIRS ARC LRU,4,6 6 6 6,24,10000,4427,5573,0.4427,9389,611,0.9389,4962
configs/exp4/lfu_lirs_lfu.cfg,experiments/data/phases24_c24_seed47.in,LFU LIRS LFU,3,8 8 8,24,10000,4265,5735,0.4265,9389,611,0.9389,5124
configs/exp4/lfu_lirs_lfu_2q.cfg,experiments/data/phases24_c24_seed47.in,LFU LIRS LFU 2Q,4,6 6 6 6,24,10000,4174,5826,0.4174,9389,611,0.9389,5215
configs/exp4/lfu_lirs_lfu_arc.cfg,experiments/data/phases24_c24_seed47.in,LFU LIRS LFU ARC,4,6 6 6 6,24,10000,4445,5555,0.4445,9389,611,0.9389,4944
configs/exp4/lfu_lirs_lfu_lfu.cfg,experiments/data/phases24_c24_seed47.in,LFU LIRS LFU LFU,4,6 6 6 6,24,10000,3556,6444,0.3556,9389,611,0.9389,5833
configs/exp4/lfu_lirs_lfu_lirs.cfg,experiments/data/phases24_c24_seed47.in,LFU LIRS LFU LIRS,4,6 6 6 6,24,10000,3790,6210,0.379,9389,611,0.9389,5599
configs/exp4/lfu_lirs_lfu_lru.cfg,experiments/data/phases24_c24_seed47.in,LFU LIRS LFU LRU,4,6 6 6 6,24,10000,4461,5539,0.4461,9389,611,0.9389,4928
configs/exp4/lfu_lirs_lirs.cfg,experiments/data/phases24_c24_seed47.in,LFU LIRS LIRS,3,8 8 8,24,10000,4648,5352,0.4648,9389,611,0.9389,4741
configs/exp4/lfu_lirs_lirs_2q.cfg,experiments/data/phases24_c24_seed47.in,LFU LIRS LIRS 2Q,4,6 6 6 6,24,10000,4205,5795,0.4205,9389,611,0.9389,5184
configs/exp4/lfu_lirs_lirs_arc.cfg,experiments/data/phases24_c24_seed47.in,LFU LIRS LIRS ARC,4,6 6 6 6,24,10000,4560,5440,0.456,9389,611,0.9389,4829
configs/exp4/lfu_lirs_lirs_lfu.cfg,experiments/data/phases24_c24_seed47.in,LFU LIRS LIRS LFU,4,6 6 6 6,24,10000,3688,6312,0.3688,9389,611,0.9389,5701
configs/exp4/lfu_lirs_lirs_lirs.cfg,experiments/data/phases24_c24_seed47.in,LFU LIRS LIRS LIRS,4,6 6 6 6,24,10000,3526,6474,0.3526,9389,611,0.9389,5863
configs/exp4/lfu_lirs_lirs_lru.cfg,experiments/data/phases24_c24_seed47.in,LFU LIRS LIRS LRU,4,6 6 6 6,24,10000,4521,5479,0.4521,9389,611,0.9389,4868
configs/exp4/lfu_lirs_lru.cfg,experiments/data/phases24_c24_seed47.in,LFU LIRS LRU,3,8 8 8,24,10000,5383,4617,0.5383,9389,611,0.9389,4006
configs/exp4/lfu_lirs_lru_2q.cfg,experiments/data/phases24_c24_seed47.in,LFU LIRS LRU 2Q,4,6 6 6 6,24,10000,4511,5489,0.4511,9389,611,0.9389,4878
configs/exp4/lfu_lirs_lru_arc.cfg,experiments/data/phases24_c24_seed47.in,LFU LIRS LRU ARC,4,6 6 6 6,24,10000,4735,5265,0.4735,9389,611,0.9389,4654
configs/exp4/lfu_lirs_lru_lfu.cfg,experiments/data/phases24_c24_seed47.in,LFU LIRS LRU LFU,4,6 6 6 6,24,10000,4314,5686,0.4314,9389,611,0.9389,5075
configs/exp4/lfu_lirs_lru_lirs.cfg,experiments/data/phases24_c24_seed47.in,LFU LIRS LRU LIRS,4,6 6 6 6,24,10000,4857,5143,0.4857,9389,611,0.9389,4532
configs/exp4/lfu_lirs_lru_lru.cfg,experiments/data/phases24_c24_seed47.in,LFU LIRS LRU LRU,4,6 6 6 6,24,10000,4236,5764,0.4236,9389,611,0.9389,5153
configs/exp4/lfu_lru.cfg,experiments/data/phases24_c24_seed47.in,LFU LRU,2,12 12,24,10000,5552,4448,0.5552,9389,611,0.9389,3837
configs/exp4/lfu_lru_2q.cfg,experiments/data/phases24_c24_seed47.in,LFU LRU 2Q,3,8 8 8,24,10000,4898,5102,0.4898,9389,611,0.9389,4491
configs/exp4/lfu_lru_2q_2q.cfg,experiments/data/phases24_c24_seed47.in,LFU LRU 2Q 2Q,4,6 6 6 6,24,10000,3972,6028,0.3972,9389,611,0.9389,5417
configs/exp4/lfu_lru_2q_arc.cfg,experiments/data/phases24_c24_seed47.in,LFU LRU 2Q ARC,4,6 6 6 6,24,10000,4401,5599,0.4401,9389,611,0.9389,4988
configs/exp4/lfu_lru_2q_lfu.cfg,experiments/data/phases24_c24_seed47.in,LFU LRU 2Q LFU,4,6 6 6 6,24,10000,3858,6142,0.3858,9389,611,0.9389,5531
configs/exp4/lfu_lru_2q_lirs.cfg,experiments/data/phases24_c24_seed47.in,LFU LRU 2Q LIRS,4,6 6 6 6,24,10000,4867,5133,0.4867,9389,611,0.9389,4522
configs/exp4/lfu_lru_2q_lru.cfg,experiments/data/phases24_c24_seed47.in,LFU LRU 2Q LRU,4,6 6 6 6,24,10000,4024,5976,0.4024,9389,611,0.9389,5365
configs/exp4/lfu_lru_arc.cfg,experiments/data/phases24_c24_seed47.in,LFU LRU ARC,3,8 8 8,24,10000,4576,5424,0.4576,9389,611,0.9389,4813
configs/exp4/lfu_lru_arc_2q.cfg,experiments/data/phases24_c24_seed47.in,LFU LRU ARC 2Q,4,6 6 6 6,24,10000,4536,5464,0.4536,9389,611,0.9389,4853
configs/exp4/lfu_lru_arc_arc.cfg,experiments/data/phases24_c24_seed47.in,LFU LRU ARC ARC,4,6 6 6 6,24,10000,4011,5989,0.4011,9389,611,0.9389,5378
configs/exp4/lfu_lru_arc_lfu.cfg,experiments/data/phases24_c24_seed47.in,LFU LRU ARC LFU,4,6 6 6 6,24,10000,3869,6131,0.3869,9389,611,0.9389,5520
configs/exp4/lfu_lru_arc_lirs.cfg,experiments/data/phases24_c24_seed47.in,LFU LRU ARC LIRS,4,6 6 6 6,24,10000,4575,5425,0.4575,9389,611,0.9389,4814
configs/exp4/lfu_lru_arc_lru.cfg,experiments/data/phases24_c24_seed47.in,LFU LRU ARC LRU,4,6 6 6 6,24,10000,3895,6105,0.3895,9389,611,0.9389,5494
configs/exp4/lfu_lru_lfu.cfg,experiments/data/phases24_c24_seed47.in,LFU LRU LFU,3,8 8 8,24,10000,4066,5934,0.4066,9389,611,0.9389,5323
configs/exp4/lfu_lru_lfu_2q.cfg,experiments/data/phases24_c24_seed47.in,LFU LRU LFU 2Q,4,6 6 6 6,24,10000,3914,6086,0.3914,9389,611,0.9389,5475
configs/exp4/lfu_lru_lfu_arc.cfg,experiments/data/phases24_c24_seed47.in,LFU LRU LFU ARC,4,6 6 6 6,24,10000,3914,6086,0.3914,9389,611,0.9389,5475
configs/exp4/lfu_lru_lfu_lfu.cfg,experiments/data/phases24_c24_seed47.in,LFU LRU LFU LFU,4,6 6 6 6,24,10000,3384,6616,0.3384,9389,611,0.9389,6005
configs/exp4/lfu_lru_lfu_lirs.cfg,experiments/data/phases24_c24_seed47.in,LFU LRU LFU LIRS,4,6 6 6 6,24,10000,4318,5682,0.4318,9389,611,0.9389,5071
configs/exp4/lfu_lru_lfu_lru.cfg,experiments/data/phases24_c24_seed47.in,LFU LRU LFU LRU,4,6 6 6 6,24,10000,3350,6650,0.335,9389,611,0.9389,6039
configs/exp4/lfu_lru_lirs.cfg,experiments/data/phases24_c24_seed47.in,LFU LRU LIRS,3,8 8 8,24,10000,5226,4774,0.5226,9389,611,0.9389,4163
configs/exp4/lfu_lru_lirs_2q.cfg,experiments/data/phases24_c24_seed47.in,LFU LRU LIRS 2Q,4,6 6 6 6,24,10000,4963,5037,0.4963,9389,611,0.9389,4426
configs/exp4/lfu_lru_lirs_arc.cfg,experiments/data/phases24_c24_seed47.in,LFU LRU LIRS ARC,4,6 6 6 6,24,10000,4561,5439,0.4561,9389,611,0.9389,4828
configs/exp4/lfu_lru_lirs_lfu.cfg,experiments/data/phases24_c24_seed47.in,LFU LRU LIRS LFU,4,6 6 6 6,24,10000,4241,5759,0.4241,9389,611,0.9389,5148
configs/exp4/lfu_lru_lirs_lirs.cfg,experiments/data/phases24_c24_seed47.in,LFU LRU LIRS LIRS,4,6 6 6 6,24,10000,4476,5524,0.4476,9389,611,0.9389,4913
configs/exp4/lfu_lru_lirs_lru.cfg,experiments/data/phases24_c24_seed47.in,LFU LRU LIRS LRU,4,6 6 6 6,24,10000,4354,5646,0.4354,9389,611,0.9389,5035
configs/exp4/lfu_lru_lru.cfg,experiments/data/phases24_c24_seed47.in,LFU LRU LRU,3,8 8 8,24,10000,4066,5934,0.4066,9389,611,0.9389,5323
configs/exp4/lfu_lru_lru_2q.cfg,experiments/data/phases24_c24_seed47.in,LFU LRU LRU 2Q,4,6 6 6 6,24,10000,3346,6654,0.3346,9389,611,0.9389,6043
configs/exp4/lfu_lru_lru_arc.cfg,experiments/data/phases24_c24_seed47.in,LFU LRU LRU ARC,4,6 6 6 6,24,10000,3767,6233,0.3767,9389,611,0.9389,5622
configs/exp4/lfu_lru_lru_lfu.cfg,experiments/data/phases24_c24_seed47.in,LFU LRU LRU LFU,4,6 6 6 6,24,10000,3216,6784,0.3216,9389,611,0.9389,6173
configs/exp4/lfu_lru_lru_lirs.cfg,experiments/data/phases24_c24_seed47.in,LFU LRU LRU LIRS,4,6 6 6 6,24,10000,4182,5818,0.4182,9389,611,0.9389,5207
configs/exp4/lfu_lru_lru_lru.cfg,experiments/data/phases24_c24_seed47.in,LFU LRU LRU LRU,4,6 6 6 6,24,10000,3053,6947,0.3053,9389,611,0.9389,6336
configs/exp4/lirs_2q.cfg,experiments/data/phases24_c24_seed47.in,LIRS 2Q,2,12 12,24,10000,6182,3818,0.6182,9389,611,0.9389,3207
configs/exp4/lirs_2q_2q.cfg,experiments/data/phases24_c24_seed47.in,LIRS 2Q 2Q,3,8 8 8,24,10000,4957,5043,0.4957,9389,611,0.9389,4432
configs/exp4/lirs_2q_2q_2q.cfg,experiments/data/phases24_c24_seed47.in,LIRS 2Q 2Q 2Q,4,6 6 6 6,24,10000,4214,5786,0.4214,9389,611,0.9389,5175
configs/exp4/lirs_2q_2q_arc.cfg,experiments/data/phases24_c24_seed47.in,LIRS 2Q 2Q ARC,4,6 6 6 6,24,10000,5163,4837,0.5163,9389,611,0.9389,4226
configs/exp4/lirs_2q_2q_lfu.cfg,experiments/data/phases24_c24_seed47.in,LIRS 2Q 2Q LFU,4,6 6 6 6,24,10000,4236,5764,0.4236,9389,611,0.9389,5153
configs/exp4/lirs_2q_2q_lirs.cfg,experiments/data/phases24_c24_seed47.in,LIRS 2Q 2Q LIRS,4,6 6 6 6,24,10000,4552,5448,0.4552,9389,611,0.9389,4837
configs/exp4/lirs_2q_2q_lru.cfg,experiments/data/phases24_c24_seed47.in,LIRS 2Q 2Q LRU,4,6 6 6 6,24,10000,5097,4903,0.5097,9389,611,0.9389,4292
configs/exp4/lirs_2q_arc.cfg,experiments/data/phases24_c24_seed47.in,LIRS 2Q ARC,3,8 8 8,24,10000,5475,4525,0.5475,9389,611,0.9389,3914
configs/exp4/lirs_2q_arc_2q.cfg,experiments/data/phases24_c24_seed47.in,LIRS 2Q ARC 2Q,4,6 6 6 6,24,10000,5495,4505,0.5495,9389,611,0.9389,3894
configs/exp4/lirs_2q_arc_arc.cfg,experiments/data/phases24_c24_seed47.in,LIRS 2Q ARC ARC,4,6 6 6 6,24,10000,5235,4765,0.5235,9389,611,0.9389,4154
configs/exp4/lirs_2q_arc_lfu.cfg,experiments/data/phases24_c24_seed47.in,LIRS 2Q ARC LFU,4,6 6 6 6,24,10000,4875,5125,0.4875,9389,611,0.9389,4514
configs/exp4/lirs_2q_arc_lirs.cfg,experiments/data/phases24_c24_seed47.in,LIRS 2Q ARC LIRS,4,6 6 6 6,24,10000,5439,4561,0.5439,9389,611,0.9389,3950
configs/exp4/lirs_2q_arc_lru.cfg,experiments/data/phases24_c24_seed47.in,LIRS 2Q ARC LRU,4,6 6 6 6,24,10000,4892,5108,0.4892,9389,611,0.9389,4497
configs/exp4/lirs_2q_lfu.cfg,experiments/data/phases24_c24_seed47.in,LIRS 2Q LFU,3,8 8 8,24,10000,4674,5326,0.4674,9389,611,0.9389,4715
configs/exp4/lirs_2q_lfu_2q.cfg,experiments/data/phases24_c24_seed47.in,LIRS 2Q LFU 2Q,4,6 6 6 6,24,10000,4331,5669,0.4331,9389,611,0.9389,5058
configs/exp4/lirs_2q_lfu_arc.cfg,experiments/data/phases24_c24_seed47.in,LIRS 2Q LFU ARC,4,6 6 6 6,24,10000,4977,5023,0.4977,9389,611,0.9389,4412
configs/exp4/lirs_2q_lfu_lfu.cfg,experiments/data/phases24_c24_seed47.in,LIRS 2Q LFU LFU,4,6 6 6 6,24,10000,4068,5932,0.4068,9389,611,0.9389,5321
configs/exp4/lirs_2q_lfu_lirs.cfg,experiments/data/phases24_c24_seed47.in,LIRS 2Q LFU LIRS,4,6 6 6 6,24,10000,4366,5634,0.4366,9389,611,0.9389,5023
configs/exp4/lirs_2q_lfu_lru.cfg,experiments/data/phases24_c24_seed47.in,LIRS 2Q LFU LRU,4,6 6 6 6,24,10000,4940,5060,0.494,9389,611,0.9389,4449
configs/exp4/lirs_2q_lirs.cfg,experiments/data/phases24_c24_seed47.in,LIRS 2Q LIRS,3,8 8 8,24,10000,5094,4906,0.5094,9389,611,0.9389,4295
configs/exp4/lirs_2q_lirs_2q.cfg,experiments/data/phases24_c24_seed47.in,LIRS 2Q LIRS 2Q,4,6 6 6 6,24,10000,4524,5476,0.4524,9389,611,0.9389,4865
configs/exp4/lirs_2q_lirs_arc.cfg,experiments/data/phases24_c24_seed47.in,LIRS 2Q LIRS ARC,4,6 6 6 6,24,10000,5159,4841,0.5159,9389,611,0.9389,4230
configs/exp4/lirs_2q_lirs_lfu.cfg,experiments/data/phases24_c24_seed47.in,LIRS 2Q LIRS LFU,4,6 6 6 6,24,10000,4295,5705,0.4295,9389,611,0.9389,5094
configs/exp4/lirs_2q_lirs_lirs.cfg,experiments/data/phases24_c24_seed47.in,LIRS 2Q LIRS LIRS,4,6 6 6 6,24,10000,4178,5822,0.4178,9389,611,0.9389,5211
configs/exp4/lirs_2q_lirs_lru.cfg,experiments/data/phases24_c24_seed47.in,LIRS 2Q LIRS LRU,4,6 6 6 6,24,10000,5058,4942,0.5058,9389,611,0.9389,4331
configs/exp4/lirs_2q_lru.cfg,experiments/data/phases24_c24_seed47.in,LIRS 2Q LRU,3,8 8 8,24,10000,5451,4549,0.5451,9389,611,0.9389,3938
configs/exp4/lirs_2q_lru_2q.cfg,experiments/data/phases24_c24_seed47.in,LIRS 2Q LRU 2Q,4,6 6 6 6,24,10000,4967,5033,0.4967,9389,611,0.9389,4422
configs/exp4/lirs_2q_lru_arc.cfg,experiments/data/phases24_c24_seed47.in,LIRS 2Q LRU ARC,4,6 6 6 6,24,10000,5202,4798,0.5202,9389,611,0.9389,4187
configs/exp4/lirs_2q_lru_lfu.cfg,experiments/data/phases24_c24_seed47.in,LIRS 2Q LRU LFU,4,6 6 6 6,24,10000,4712,5288,0.4712,9389,611,0.9389,4677
configs/exp4/lirs_2q_lru_lirs.cfg,experiments/data/phases24_c24_seed47.in,LIRS 2Q LRU LIRS,4,6 6 6 6,24,10000,5431,4569,0.5431,9389,611,0.9389,3958
configs/exp4/lirs_2q_lru_lru.cfg,experiments/data/phases24_c24_seed47.in,LIRS 2Q LRU LRU,4,6 6 6 6,24,10000,4732,5268,0.4732,9389,611,0.9389,4657
configs/exp4/lirs_arc.cfg,experiments/data/phases24_c24_seed47.in,LIRS ARC,2,12 12,24,10000,6383,3617,0.6383,9389,611,0.9389,3006
configs/exp4/lirs_arc_2q.cfg,experiments/data/phases24_c24_seed47.in,LIRS ARC 2Q,3,8 8 8,24,10000,5818,4182,0.5818,9389,611,0.9389,3571
configs/exp4/lirs_arc_2q_2q.cfg,experiments/data/phases24_c24_seed47.in,LIRS ARC 2Q 2Q,4,6 6 6 6,24,10000,5308,4692,0.5308,9389,611,0.9389,4081
configs/exp4/lirs_arc_2q_arc.cfg,experiments/data/phases24_c24_seed47.in,LIRS ARC 2Q ARC,4,6 6 6 6,24,10000,5190,4810,0.519,9389,611,0.9389,4199
configs/exp4/lirs_arc_2q_lfu.cfg,experiments/data/phases24_c24_seed47.in,LIRS ARC 2Q LFU,4,6 6 6 6,24,10000,4882,5118,0.4882,9389,611,0.9389,4507
configs/exp4/lirs_arc_2q_lirs.cfg,experiments/data/phases24_c24_seed47.in,LIRS ARC 2Q LIRS,4,6 6 6 6,24,10000,5411,4589,0.5411,9389,611,0.9389,3978
configs/exp4/lirs_arc_2q_lru.cfg,experiments/data/phases24_c24_seed47.in,LIRS ARC 2Q LRU,4,6 6 6 6,24,10000,5058,4942,0.5058,9389,611,0.9389,4331
configs/exp4/lirs_arc_arc.cfg,experiments/data/phases24_c24_seed47.in,LIRS ARC ARC,3,8 8 8,24,10000,5548,4452,0.5548,9389,611,0.9389,3841
configs/exp4/lirs_arc_arc_2q.cfg,experiments/data/phases24_c24_seed47.in,LIRS ARC ARC 2Q,4,6 6 6 6,24,10000,4997,5003,0.4997,9389,611,0.9389,4392
configs/exp4/lirs_arc_arc_arc.cfg,experiments/data/phases24_c24_seed47.in,LIRS ARC ARC ARC,4,6 6 6 6,24,10000,4506,5494,0.4506,9389,611,0.9389,4883
configs/exp4/lirs_arc_arc_lfu.cfg,experiments/data/phases24_c24_seed47.in,LIRS ARC ARC LFU,4,6 6 6 6,24,10000,4447,5553,0.4447,9389,611,0.9389,4942
configs/exp4/lirs_arc_arc_lirs.cfg,experiments/data/phases24_c24_seed47.in,LIRS ARC ARC LIRS,4,6 6 6 6,24,10000,4862,5138,0.4862,9389,611,0.9389,4527
configs/exp4/lirs_arc_arc_lru.cfg,experiments/data/phases24_c24_seed47.in,LIRS ARC ARC LRU,4,6 6 6 6,24,10000,4427,5573,0.4427,9389,611,0.9389,4962
configs/exp4/lirs_arc_lfu.cfg,experiments/data/phases24_c24_seed47.in,LIRS ARC LFU,3,8 8 8,24,10000,5141,4859,0.5141,9389,611,0.9389,4248
configs/exp4/lirs_arc_lfu_2q.cfg,experiments/data/phases24_c24_seed47.in,LIRS ARC LFU 2Q,4,6 6 6 6,24,10000,4907,5093,0.4907,9389,611,0.9389,4482
configs/exp4/lirs_arc_lfu_arc.cfg,experiments/data/phases24_c24_seed47.in,LIRS ARC LFU ARC,4,6 6 6 6,24,10000,4432,5568,0.4432,9389,611,0.9389,4957
configs/exp4/lirs_arc_lfu_lfu.cfg,experiments/data/phases24_c24_seed47.in,LIRS ARC LFU LFU,4,6 6 6 6,24,10000,4178,5822,0.4178,9389,611,0.9389,5211
configs/exp4/lirs_arc_lfu_lirs.cfg,experiments/data/phases24_c24_seed47.in,LIRS ARC LFU LIRS,4,6 6 6 6,24,10000,4653,5347,0.4653,9389,611,0.9389,4736
configs/exp4/lirs_arc_lfu_lru.cfg,experiments/data/phases24_c24_seed47.in,LIRS ARC LFU LRU,4,6 6 6 6,24,10000,4219,5781,0.4219,9389,611,0.9389,5170
configs/exp4/lirs_arc_lirs.cfg,experiments/data/phases24_c24_seed47.in,LIRS ARC LIRS,3,8 8 8,24,10000,5788,4212,0.5788,9389,611,0.9389,3601
configs/exp4/lirs_arc_lirs_2q.cfg,experiments/data/phases24_c24_seed47.in,LIRS ARC LIRS 2Q,4,6 6 6 6,24,10000,5174,4826,0.5174,9389,611,0.9389,4215
configs/exp4/lirs_arc_lirs_arc.cfg,experiments/data/phases24_c24_seed47.in,LIRS ARC LIRS ARC,4,6 6 6 6,24,10000,4775,5225,0.4775,9389,611,0.9389,4614
configs/exp4/lirs_arc_lirs_lfu.cfg,experiments/data/phases24_c24_seed47.in,LIRS ARC LIRS LFU,4,6 6 6 6,24,10000,4584,5416,0.4584,9389,611,0.9389,4805
configs/exp4/lirs_arc_lirs_lirs.cfg,experiments/data/phases24_c24_seed47.in,LIRS ARC LIRS LIRS,4,6 6 6 6,24,10000,4607,5393,0.4607,9389,611,0.9389,4782
configs/exp4/lirs_arc_lirs_lru.cfg,experiments/data/phases24_c24_seed47.in,LIRS ARC LIRS LRU,4,6 6 6 6,24,10000,4669,5331,0.4669,9389,611,0.9389,4720
configs/exp4/lirs_arc_lru.cfg,experiments/data/phases24_c24_seed47.in,LIRS ARC LRU,3,8 8 8,24,10000,5128,4872,0.5128,9389,611,0.9389,4261
configs/exp4/lirs_arc_lru_2q.cfg,experiments/data/phases24_c24_seed47.in,LIRS ARC LRU 2Q,4,6 6 6 6,24,10000,4183,5817,0.4183,9389,611,0.9389,5206
configs/exp4/lirs_arc_lru_arc.cfg,experiments/data/phases24_c24_seed47.in,LIRS ARC LRU ARC,4,6 6 6 6,24,10000,4471,5529,0.4471,9389,611,0.9389,4918
configs/exp4/lirs_arc_lru_lfu.cfg,experiments/data/phases24_c24_seed47.in,LIRS ARC LRU LFU,4,6 6 6 6,24,10000,4003,5997,0.4003,9389,611,0.9389,5386
configs/exp4/lirs_arc_lru_lirs.cfg,experiments/data/phases24_c24_seed47.in,LIRS ARC LRU LIRS,4,6 6 6 6,24,10000,4632,5368,0.4632,9389,611,0.9389,4757
configs/exp4/lirs_arc_lru_lru.cfg,experiments/data/phases24_c24_seed47.in,LIRS ARC LRU LRU,4,6 6 6 6,24,10000,3908,6092,0.3908,9389,611,0.9389,5481
configs/exp4/lirs_lfu.cfg,experiments/data/phases24_c24_seed47.in,LIRS LFU,2,12 12,24,10000,5302,4698,0.5302,9389,611,0.9389,4087
configs/exp4/lirs_lfu_2q.cfg,experiments/data/phases24_c24_seed47.in,LIRS LFU 2Q,3,8 8 8,24,10000,4796,5204,0.4796,9389,611,0.9389,4593
configs/exp4/lirs_lfu_2q_2q.cfg,experiments/data/phases24_c24_seed47.in,LIRS LFU 2Q 2Q,4,6 6 6 6,24,10000,4352,5648,0.4352,9389,611,0.9389,5037
configs/exp4/lirs_lfu_2q_arc.cfg,experiments/data/phases24_c24_seed47.in,LIRS LFU 2Q ARC,4,6 6 6 6,24,10000,5030,4970,0.503,9389,611,0.9389,4359
configs/exp4/lirs_lfu_2q_lfu.cfg,experiments/data/phases24_c24_seed47.in,LIRS LFU 2Q LFU,4,6 6 6 6,24,10000,4117,5883,0.4117,9389,611,0.9389,5272
configs/exp4/lirs_lfu_2q_lirs.cfg,experiments/data/phases24_c24_seed47.in,LIRS LFU 2Q LIRS,4,6 6 6 6,24,10000,4425,5575,0.4425,9389,611,0.9389,4964
configs/exp4/lirs_lfu_2q_lru.cfg,experiments/data/phases24_c24_seed47.in,LIRS LFU 2Q LRU,4,6 6 6 6,24,10000,4988,5012,0.4988,9389,611,0.9389,4401
configs/exp4/lirs_lfu_arc.cfg,experiments/data/phases24_c24_seed47.in,LIRS LFU ARC,3,8 8 8,24,10000,5257,4743,0.5257,9389,611,0.9389,4132
configs/exp4/lirs_lfu_arc_2q.cfg,experiments/data/phases24_c24_seed47.in,LIRS LFU ARC 2Q,4,6 6 6 6,24,10000,5027,4973,0.5027,9389,611,0.9389,4362
configs/exp4/lirs_lfu_arc_arc.cfg,experiments/data/phases24_c24_seed47.in,LIRS LFU ARC ARC,4,6 6 6 6,24,10000,4573,5427,0.4573,9389,611,0.9389,4816
configs/exp4/lirs_lfu_arc_lfu.cfg,experiments/data/phases24_c24_seed47.in,LIRS LFU ARC LFU,4,6 6 6 6,24,10000,4229,5771,0.4229,9389,611,0.9389,5160
configs/exp4/lirs_lfu_arc_lirs.cfg,experiments/data/phases24_c24_seed47.in,LIRS LFU ARC LIRS,4,6 6 6 6,24,10000,4766,5234,0.4766,9389,611,0.9389,4623
configs/exp4/lirs_lfu_arc_lru.cfg,experiments/data/phases24_c24_seed47.in,LIRS LFU ARC LRU,4,6 6 6 6,24,10000,4292,5708,0.4292,9389,611,0.9389,5097
configs/exp4/lirs_lfu_lfu.cfg,experiments/data/phases24_c24_seed47.in,LIRS LFU LFU,3,8 8 8,24,10000,4095,5905,0.4095,9389,611,0.9389,5294
configs/exp4/lirs_lfu_lfu_2q.cfg,experiments/data/phases24_c24_seed47.in,LIRS LFU LFU 2Q,4,6 6 6 6,24,10000,4198,5802,0.4198,9389,611,0.9389,5191
configs/exp4/lirs_lfu_lfu_arc.cfg,experiments/data/phases24_c24_seed47.in,LIRS LFU LFU ARC,4,6 6 6 6,24,10000,4349,5651,0.4349,9389,611,0.9389,5040
configs/exp4/lirs_lfu_lfu_lfu.cfg,experiments/data/phases24_c24_seed47.in,LIRS LFU LFU LFU,4,6 6 6 6,24,10000,3513,6487,0.3513,9389,611,0.9389,5876
configs/exp4/lirs_lfu_lfu_lirs.cfg,experiments/data/phases24_c24_seed47.in,LIRS LFU LFU LIRS,4,6 6 6 6,24,10000,3835,6165,0.3835,9389,611,0.9389,5554
configs/exp4/lirs_lfu_lfu_lru.cfg,experiments/data/phases24_c24_seed47.in,LIRS LFU LFU LRU,4,6 6 6 6,24,10000,4361,5639,0.4361,9389,611,0.9389,5028
configs/exp4/lirs_lfu_lirs.cfg,experiments/data/phases24_c24_seed47.in,LIRS LFU LIRS,3,8 8 8,24,10000,4545,5455,0.4545,9389,611,0.9389,4844
configs/exp4/lirs_lfu_lirs_2q.cfg,experiments/data/phases24_c24_seed47.in,LIRS LFU LIRS 2Q,4,6 6 6 6,24,10000,4276,5724,0.4276,9389,611,0.9389,5113
configs/exp4/lirs_lfu_lirs_arc.cfg,experiments/data/phases24_c24_seed47.in,LIRS LFU LIRS ARC,4,6 6 6 6,24,10000,4525,5475,0.4525,9389,611,0.9389,4864
configs/exp4/lirs_lfu_lirs_lfu.cfg,experiments/data/phases24_c24_seed47.in,LIRS LFU LIRS LFU,4,6 6 6 6,24,10000,3716,6284,0.3716,9389,611,0.9389,5673
configs/exp4/lirs_lfu_lirs_lirs.cfg,experiments/data/phases24_c24_seed47.in,LIRS LFU LIRS LIRS,4,6 6 6 6,24,10000,3621,6379,0.3621,9389,611,0.9389,5768
configs/exp4/lirs_lfu_lirs_lru.cfg,experiments/data/phases24_c24_seed47.in,LIRS LFU LIRS LRU,4,6 6 6 6,24,10000,4485,5515,0.4485,9389,611,0.9389,4904
configs/exp4/lirs_lfu_lru.cfg,experiments/data/phases24_c24_seed47.in,LIRS LFU LRU,3,8 8 8,24,10000,5168,4832,0.5168,9389,611,0.9389,4221
configs/exp4/lirs_lfu_lru_2q.cfg,experiments/data/phases24_c24_seed47.in,LIRS LFU LRU 2Q,4,6 6 6 6,24,10000,4383,5617,0.4383,9389,611,0.9389,5006
configs/exp4/lirs_lfu_lru_arc.cfg,experiments/data/phases24_c24_seed47.in,LIRS LFU LRU ARC,4,6 6 6 6,24,10000,4623,5377,0.4623,9389,611,0.9389,4766
configs/exp4/lirs_lfu_lru_lfu.cfg,experiments/data/phases24_c24_seed47.in,LIRS LFU LRU LFU,4,6 6 6 6,24,10000,4150,5850,0.415,9389,611,0.9389,5239
configs/exp4/lirs_lfu_lru_lirs.cfg,experiments/data/phases24_c24_seed47.in,LIRS LFU LRU LIRS,4,6 6 6 6,24,10000,4808,5192,0.4808,9389,611,0.9389,4581
configs/exp4/lirs_lfu_lru_lru.cfg,experiments/data/phases24_c24_seed47.in,LIRS LFU LRU LRU,4,6 6 6 6,24,10000,4103,5897,0.4103,9389,611,0.9389,5286
configs/exp4/lirs_lirs_2q.cfg,experiments/data/phases24_c24_seed47.in,LIRS LIRS 2Q,3,8 8 8,24,10000,4846,5154,0.4846,9389,611,0.9389,4543
configs/exp4/lirs_lirs_2q_2q.cfg,experiments/data/phases24_c24_seed47.in,LIRS LIRS 2Q 2Q,4,6 6 6 6,24,10000,4350,5650,0.435,9389,611,0.9389,5039
configs/exp4/lirs_lirs_2q_arc.cfg,experiments/data/phases24_c24_seed47.in,LIRS LIRS 2Q ARC,4,6 6 6 6,24,10000,5049,4951,0.5049,9389,611,0.9389,4340
configs/exp4/lirs_lirs_2q_lfu.cfg,experiments/data/phases24_c24_seed47.in,LIRS LIRS 2Q LFU,4,6 6 6 6,24,10000,4163,5837,0.4163,9389,611,0.9389,5226
configs/exp4/lirs_lirs_2q_lirs.cfg,experiments/data/phases24_c24_seed47.in,LIRS LIRS 2Q LIRS,4,6 6 6 6,24,10000,4141,5859,0.4141,9389,611,0.9389,5248
configs/exp4/lirs_lirs_2q_lru.cfg,experiments/data/phases24_c24_seed47.in,LIRS LIRS 2Q LRU,4,6 6 6 6,24,10000,4961,5039,0.4961,9389,611,0.9389,4428
configs/exp4/lirs_lirs_arc.cfg,experiments/data/phases24_c24_seed47.in,LIRS LIRS ARC,3,8 8 8,24,10000,5492,4508,0.5492,9389,611,0.9389,3897
configs/exp4/lirs_lirs_arc_2q.cfg,experiments/data/phases24_c24_seed47.in,LIRS LIRS ARC 2Q,4,6 6 6 6,24,10000,5044,4956,0.5044,9389,611,0.9389,4345
configs/exp4/lirs_lirs_arc_arc.cfg,experiments/data/phases24_c24_seed47.in,LIRS LIRS ARC ARC,4,6 6 6 6,24,10000,4675,5325,0.4675,9389,611,0.9389,4714
configs/exp4/lirs_lirs_arc_lfu.cfg,experiments/data/phases24_c24_seed47.in,LIRS LIRS ARC LFU,4,6 6 6 6,24,10000,4377,5623,0.4377,9389,611,0.9389,5012
configs/exp4/lirs_lirs_arc_lirs.cfg,experiments/data/phases24_c24_seed47.in,LIRS LIRS ARC LIRS,4,6 6 6 6,24,10000,4684,5316,0.4684,9389,611,0.9389,4705
configs/exp4/lirs_lirs_arc_lru.cfg,experiments/data/phases24_c24_seed47.in,LIRS LIRS ARC LRU,4,6 6 6 6,24,10000,4378,5622,0.4378,9389,611,0.9389,5011
configs/exp4/lirs_lirs_lfu.cfg,experiments/data/phases24_c24_seed47.in,LIRS LIRS LFU,3,8 8 8,24,10000,4377,5623,0.4377,9389,611,0.9389,5012
configs/exp4/lirs_lirs_lfu_2q.cfg,experiments/data/phases24_c24_seed47.in,LIRS LIRS LFU 2Q,4,6 6 6 6,24,10000,4206,5794,0.4206,9389,611,0.9389,5183
configs/exp4/lirs_lirs_lfu_arc.cfg,experiments/data/phases24_c24_seed47.in,LIRS LIRS LFU ARC,4,6 6 6 6,24,10000,4441,5559,0.4441,9389,611,0.9389,4948
configs/exp4/lirs_lirs_lfu_lfu.cfg,experiments/data/phases24_c24_seed47.in,LIRS LIRS LFU LFU,4,6 6 6 6,24,10000,3644,6356,0.3644,9389,611,0.9389,5745
configs/exp4/lirs_lirs_lfu_lirs.cfg,experiments/data/phases24_c24_seed47.in,LIRS LIRS LFU LIRS,4,6 6 6 6,24,10000,3575,6425,0.3575,9389,611,0.9389,5814
configs/exp4/lirs_lirs_lfu_lru.cfg,experiments/data/phases24_c24_seed47.in,LIRS LIRS LFU LRU,4,6 6 6 6,24,10000,4421,5579,0.4421,9389,611,0.9389,4968
configs/exp4/lirs_lirs_lirs_2q.cfg,experiments/data/phases24_c24_seed47.in,LIRS LIRS LIRS 2Q,4,6 6 6 6,24,10000,4007,5993,0.4007,9389,611,0.9389,5382
configs/exp4/lirs_lirs_lirs_arc.cfg,experiments/data/phases24_c24_seed47.in,LIRS LIRS LIRS ARC,4,6 6 6 6,24,10000,4281,5719,0.4281,9389,611,0.9389,5108
configs/exp4/lirs_lirs_lirs_lfu.cfg,experiments/data/phases24_c24_seed47.in,LIRS LIRS LIRS LFU,4,6 6 6 6,24,10000,3492,6508,0.3492,9389,611,0.9389,5897
configs/exp4/lirs_lirs_lirs_lru.cfg,experiments/data/phases24_c24_seed47.in,LIRS LIRS LIRS LRU,4,6 6 6 6,24,10000,4248,5752,0.4248,9389,611,0.9389,5141
configs/exp4/lirs_lirs_lru.cfg,experiments/data/phases24_c24_seed47.in,LIRS LIRS LRU,3,8 8 8,24,10000,5313,4687,0.5313,9389,611,0.9389,4076
configs/exp4/lirs_lirs_lru_2q.cfg,experiments/data/phases24_c24_seed47.in,LIRS LIRS LRU 2Q,4,6 6 6 6,24,10000,4399,5601,0.4399,9389,611,0.9389,4990
configs/exp4/lirs_lirs_lru_arc.cfg,experiments/data/phases24_c24_seed47.in,LIRS LIRS LRU ARC,4,6 6 6 6,24,10000,4671,5329,0.4671,9389,611,0.9389,4718
configs/exp4/lirs_lirs_lru_lfu.cfg,experiments/data/phases24_c24_seed47.in,LIRS LIRS LRU LFU,4,6 6 6 6,24,10000,4229,5771,0.4229,9389,611,0.9389,5160
configs/exp4/lirs_lirs_lru_lirs.cfg,experiments/data/phases24_c24_seed47.in,LIRS LIRS LRU LIRS,4,6 6 6 6,24,10000,4682,5318,0.4682,9389,611,0.9389,4707
configs/exp4/lirs_lirs_lru_lru.cfg,experiments/data/phases24_c24_seed47.in,LIRS LIRS LRU LRU,4,6 6 6 6,24,10000,4178,5822,0.4178,9389,611,0.9389,5211
configs/exp4/lirs_lru.cfg,experiments/data/phases24_c24_seed47.in,LIRS LRU,2,12 12,24,10000,6399,3601,0.6399,9389,611,0.9389,2990
configs/exp4/lirs_lru_2q.cfg,experiments/data/phases24_c24_seed47.in,LIRS LRU 2Q,3,8 8 8,24,10000,5457,4543,0.5457,9389,611,0.9389,3932
configs/exp4/lirs_lru_2q_2q.cfg,experiments/data/phases24_c24_seed47.in,LIRS LRU 2Q 2Q,4,6 6 6 6,24,10000,4243,5757,0.4243,9389,611,0.9389,5146
configs/exp4/lirs_lru_2q_arc.cfg,experiments/data/phases24_c24_seed47.in,LIRS LRU 2Q ARC,4,6 6 6 6,24,10000,4625,5375,0.4625,9389,611,0.9389,4764
configs/exp4/lirs_lru_2q_lfu.cfg,experiments/data/phases24_c24_seed47.in,LIRS LRU 2Q LFU,4,6 6 6 6,24,10000,4095,5905,0.4095,9389,611,0.9389,5294
configs/exp4/lirs_lru_2q_lirs.cfg,experiments/data/phases24_c24_seed47.in,LIRS LRU 2Q LIRS,4,6 6 6 6,24,10000,4843,5157,0.4843,9389,611,0.9389,4546
configs/exp4/lirs_lru_2q_lru.cfg,experiments/data/phases24_c24_seed47.in,LIRS LRU 2Q LRU,4,6 6 6 6,24,10000,4205,5795,0.4205,9389,611,0.9389,5184
configs/exp4/lirs_lru_arc.cfg,experiments/data/phases24_c24_seed47.in,LIRS LRU ARC,3,8 8 8,24,10000,5347,4653,0.5347,9389,611,0.9389,4042
configs/exp4/lirs_lru_arc_2q.cfg,experiments/data/phases24_c24_seed47.in,LIRS LRU ARC 2Q,4,6 6 6 6,24,10000,4775,5225,0.4775,9389,611,0.9389,4614
configs/exp4/lirs_lru_arc_arc.cfg,experiments/data/phases24_c24_seed47.in,LIRS LRU ARC ARC,4,6 6 6 6,24,10000,4633,5367,0.4633,9389,611,0.9389,4756
configs/exp4/lirs_lru_arc_lfu.cfg,experiments/data/phases24_c24_seed47.in,LIRS LRU ARC LFU,4,6 6 6 6,24,10000,4436,5564,0.4436,9389,611,0.9389,4953
configs/exp4/lirs_lru_arc_lirs.cfg,experiments/data/phases24_c24_seed47.in,LIRS LRU ARC LIRS,4,6 6 6 6,24,10000,5005,4995,0.5005,9389,611,0.9389,4384
configs/exp4/lirs_lru_arc_lru.cfg,experiments/data/phases24_c24_seed47.in,LIRS LRU ARC LRU,4,6 6 6 6,24,10000,4483,5517,0.4483,9389,611,0.9389,4906
configs/exp4/lirs_lru_lfu.cfg,experiments/data/phases24_c24_seed47.in,LIRS LRU LFU,3,8 8 8,24,10000,4894,5106,0.4894,9389,611,0.9389,4495
configs/exp4/lirs_lru_lfu_2q.cfg,experiments/data/phases24_c24_seed47.in,LIRS LRU LFU 2Q,4,6 6 6 6,24,10000,4150,5850,0.415,9389,611,0.9389,5239
configs/exp4/lirs_lru_lfu_arc.cfg,experiments/data/phases24_c24_seed47.in,LIRS LRU LFU ARC,4,6 6 6 6,24,10000,4379,5621,0.4379,9389,611,0.9389,5010
configs/exp4/lirs_lru_lfu_lfu.cfg,experiments/data/phases24_c24_seed47.in,LIRS LRU LFU LFU,4,6 6 6 6,24,10000,3933,6067,0.3933,9389,611,0.9389,5456
configs/exp4/lirs_lru_lfu_lirs.cfg,experiments/data/phases24_c24_seed47.in,LIRS LRU LFU LIRS,4,6 6 6 6,24,10000,4570,5430,0.457,9389,611,0.9389,4819
configs/exp4/lirs_lru_lfu_lru.cfg,experiments/data/phases24_c24_seed47.in,LIRS LRU LFU LRU,4,6 6 6 6,24,10000,3885,6115,0.3885,9389,611,0.9389,5504
configs/exp4/lirs_lru_lirs.cfg,experiments/data/phases24_c24_seed47.in,LIRS LRU LIRS,3,8 8 8,24,10000,5672,4328,0.5672,9389,611,0.9389,3717
configs/exp4/lirs_lru_lirs_2q.cfg,experiments/data/phases24_c24_seed47.in,LIRS LRU LIRS 2Q,4,6 6 6 6,24,10000,5076,4924,0.5076,9389,611,0.9389,4313
configs/exp4/lirs_lru_lirs_arc.cfg,experiments/data/phases24_c24_seed47.in,LIRS LRU LIRS ARC,4,6 6 6 6,24,10000,4870,5130,0.487,9389,611,0.9389,4519
configs/exp4/lirs_lru_lirs_lfu.cfg,experiments/data/phases24_c24_seed47.in,LIRS LRU LIRS LFU,4,6 6 6 6,24,10000,4615,5385,0.4615,9389,611,0.9389,4774
configs/exp4/lirs_lru_lirs_lirs.cfg,experiments/data/phases24_c24_seed47.in,LIRS LRU LIRS LIRS,4,6 6 6 6,24,10000,4699,5301,0.4699,9389,611,0.9389,4690
configs/exp4/lirs_lru_lirs_lru.cfg,experiments/data/phases24_c24_seed47.in,LIRS LRU LIRS LRU,4,6 6 6 6,24,10000,4646,5354,0.4646,9389,611,0.9389,4743
configs/exp4/lirs_lru_lru.cfg,experiments/data/phases24_c24_seed47.in,LIRS LRU LRU,3,8 8 8,24,10000,4900,5100,0.49,9389,611,0.9389,4489
configs/exp4/lirs_lru_lru_2q.cfg,experiments/data/phases24_c24_seed47.in,LIRS LRU LRU 2Q,4,6 6 6 6,24,10000,4033,5967,0.4033,9389,611,0.9389,5356
configs/exp4/lirs_lru_lru_arc.cfg,experiments/data/phases24_c24_seed47.in,LIRS LRU LRU ARC,4,6 6 6 6,24,10000,4288,5712,0.4288,9389,611,0.9389,5101
configs/exp4/lirs_lru_lru_lfu.cfg,experiments/data/phases24_c24_seed47.in,LIRS LRU LRU LFU,4,6 6 6 6,24,10000,3765,6235,0.3765,9389,611,0.9389,5624
configs/exp4/lirs_lru_lru_lirs.cfg,experiments/data/phases24_c24_seed47.in,LIRS LRU LRU LIRS,4,6 6 6 6,24,10000,4515,5485,0.4515,9389,611,0.9389,4874
configs/exp4/lirs_lru_lru_lru.cfg,experiments/data/phases24_c24_seed47.in,LIRS LRU LRU LRU,4,6 6 6 6,24,10000,3724,6276,0.3724,9389,611,0.9389,5665
configs/exp4/lru_2q.cfg,experiments/data/phases24_c24_seed47.in,LRU 2Q,2,12 12,24,10000,6087,3913,0.6087,9389,611,0.9389,3302
configs/exp4/lru_2q_2q.cfg,experiments/data/phases24_c24_seed47.in,LRU 2Q 2Q,3,8 8 8,24,10000,5374,4626,0.5374,9389,611,0.9389,4015
configs/exp4/lru_2q_2q_2q.cfg,experiments/data/phases24_c24_seed47.in,LRU 2Q 2Q 2Q,4,6 6 6 6,24,10000,3854,6146,0.3854,9389,611,0.9389,5535
configs/exp4/lru_2q_2q_arc.cfg,experiments/data/phases24_c24_seed47.in,LRU 2Q 2Q ARC,4,6 6 6 6,24,10000,4427,5573,0.4427,9389,611,0.9389,4962
configs/exp4/lru_2q_2q_lfu.cfg,experiments/data/phases24_c24_seed47.in,LRU 2Q 2Q LFU,4,6 6 6 6,24,10000,3789,6211,0.3789,9389,611,0.9389,5600
configs/exp4/lru_2q_2q_lirs.cfg,experiments/data/phases24_c24_seed47.in,LRU 2Q 2Q LIRS,4,6 6 6 6,24,10000,4842,5158,0.4842,9389,611,0.9389,4547
configs/exp4/lru_2q_2q_lru.cfg,experiments/data/phases24_c24_seed47.in,LRU 2Q 2Q LRU,4,6 6 6 6,24,10000,4061,5939,0.4061,9389,611,0.9389,5328
configs/exp4/lru_2q_arc.cfg,experiments/data/phases24_c24_seed47.in,LRU 2Q ARC,3,8 8 8,24,10000,5369,4631,0.5369,9389,611,0.9389,4020
configs/exp4/lru_2q_arc_2q.cfg,experiments/data/phases24_c24_seed47.in,LRU 2Q ARC 2Q,4,6 6 6 6,24,10000,4810,5190,0.481,9389,611,0.9389,4579
configs/exp4/lru_2q_arc_arc.cfg,experiments/data/phases24_c24_seed47.in,LRU 2Q ARC ARC,4,6 6 6 6,24,10000,4439,5561,0.4439,9389,611,0.9389,4950
configs/exp4/lru_2q_arc_lfu.cfg,experiments/data/phases24_c24_seed47.in,LRU 2Q ARC LFU,4,6 6 6 6,24,10000,4210,5790,0.421,9389,611,0.9389,5179
configs/exp4/lru_2q_arc_lirs.cfg,experiments/data/phases24_c24_seed47.in,LRU 2Q ARC LIRS,4,6 6 6 6,24,10000,4948,5052,0.4948,9389,611,0.9389,4441
configs/exp4/lru_2q_arc_lru.cfg,experiments/data/phases24_c24_seed47.in,LRU 2Q ARC LRU,4,6 6 6 6,24,10000,4347,5653,0.4347,9389,611,0.9389,5042
configs/exp4/lru_2q_lfu.cfg,experiments/data/phases24_c24_seed47.in,LRU 2Q LFU,3,8 8 8,24,10000,4730,5270,0.473,9389,611,0.9389,4659
configs/exp4/lru_2q_lfu_2q.cfg,experiments/data/phases24_c24_seed47.in,LRU 2Q LFU 2Q,4,6 6 6 6,24,10000,3968,6032,0.3968,9389,611,0.9389,5421
configs/exp4/lru_2q_lfu_arc.cfg,experiments/data/phases24_c24_seed47.in,LRU 2Q LFU ARC,4,6 6 6 6,24,10000,4261,5739,0.4261,9389,611,0.9389,5128
configs/exp4/lru_2q_lfu_lfu.cfg,experiments/data/phases24_c24_seed47.in,LRU 2Q LFU LFU,4,6 6 6 6,24,10000,3617,6383,0.3617,9389,611,0.9389,5772
configs/exp4/lru_2q_lfu_lirs.cfg,experiments/data/phases24_c24_seed47.in,LRU 2Q LFU LIRS,4,6 6 6 6,24,10000,4732,5268,0.4732,9389,611,0.9389,4657
configs/exp4/lru_2q_lfu_lru.cfg,experiments/data/phases24_c24_seed47.in,LRU 2Q LFU LRU,4,6 6 6 6,24,10000,3882,6118,0.3882,9389,611,0.9389,5507
configs/exp4/lru_2q_lirs.cfg,experiments/data/phases24_c24_seed47.in,LRU 2Q LIRS,3,8 8 8,24,10000,5886,4114,0.5886,9389,611,0.9389,3503
configs/exp4/lru_2q_lirs_2q.cfg,experiments/data/phases24_c24_seed47.in,LRU 2Q LIRS 2Q,4,6 6 6 6,24,10000,5329,4671,0.5329,9389,611,0.9389,4060
configs/exp4/lru_2q_lirs_arc.cfg,experiments/data/phases24_c24_seed47.in,LRU 2Q LIRS ARC,4,6 6 6 6,24,10000,5044,4956,0.5044,9389,611,0.9389,4345
configs/exp4/lru_2q_lirs_lfu.cfg,experiments/data/phases24_c24_seed47.in,LRU 2Q LIRS LFU,4,6 6 6 6,24,10000,4707,5293,0.4707,9389,611,0.9389,4682
configs/exp4/lru_2q_lirs_lirs.cfg,experiments/data/phases24_c24_seed47.in,LRU 2Q LIRS LIRS,4,6 6 6 6,24,10000,4909,5091,0.4909,9389,611,0.9389,4480
configs/exp4/lru_2q_lirs_lru.cfg,experiments/data/phases24_c24_seed47.in,LRU 2Q LIRS LRU,4,6 6 6 6,24,10000,4916,5084,0.4916,9389,611,0.9389,4473
configs/exp4/lru_2q_lru.cfg,experiments/data/phases24_c24_seed47.in,LRU 2Q LRU,3,8 8 8,24,10000,5160,4840,0.516,9389,611,0.9389,4229
configs/exp4/lru_2q_lru_2q.cfg,experiments/data/phases24_c24_seed47.in,LRU 2Q LRU 2Q,4,6 6 6 6,24,10000,3882,6118,0.3882,9389,611,0.9389,5507
configs/exp4/lru_2q_lru_arc.cfg,experiments/data/phases24_c24_seed47.in,LRU 2Q LRU ARC,4,6 6 6 6,24,10000,4281,5719,0.4281,9389,611,0.9389,5108
configs/exp4/lru_2q_lru_lfu.cfg,experiments/data/phases24_c24_seed47.in,LRU 2Q LRU LFU,4,6 6 6 6,24,10000,3745,6255,0.3745,9389,611,0.9389,5644
configs/exp4/lru_2q_lru_lirs.cfg,experiments/data/phases24_c24_seed47.in,LRU 2Q LRU LIRS,4,6 6 6 6,24,10000,4705,5295,0.4705,9389,611,0.9389,4684
configs/exp4/lru_2q_lru_lru.cfg,experiments/data/phases24_c24_seed47.in,LRU 2Q LRU LRU,4,6 6 6 6,24,10000,3649,6351,0.3649,9389,611,0.9389,5740
configs/exp4/lru_arc.cfg,experiments/data/phases24_c24_seed47.in,LRU ARC,2,12 12,24,10000,5647,4353,0.5647,9389,611,0.9389,3742
configs/exp4/lru_arc_2q.cfg,experiments/data/phases24_c24_seed47.in,LRU ARC 2Q,3,8 8 8,24,10000,5036,4964,0.5036,9389,611,0.9389,4353
configs/exp4/lru_arc_2q_2q.cfg,experiments/data/phases24_c24_seed47.in,LRU ARC 2Q 2Q,4,6 6 6 6,24,10000,4849,5151,0.4849,9389,611,0.9389,4540
configs/exp4/lru_arc_2q_arc.cfg,experiments/data/phases24_c24_seed47.in,LRU ARC 2Q ARC,4,6 6 6 6,24,10000,4810,5190,0.481,9389,611,0.9389,4579
configs/exp4/lru_arc_2q_lfu.cfg,experiments/data/phases24_c24_seed47.in,LRU ARC 2Q LFU,4,6 6 6 6,24,10000,4383,5617,0.4383,9389,611,0.9389,5006
configs/exp4/lru_arc_2q_lirs.cfg,experiments/data/phases24_c24_seed47.in,LRU ARC 2Q LIRS,4,6 6 6 6,24,10000,5252,4748,0.5252,9389,611,0.9389,4137
configs/exp4/lru_arc_2q_lru.cfg,experiments/data/phases24_c24_seed47.in,LRU ARC 2Q LRU,4,6 6 6 6,24,10000,4677,5323,0.4677,9389,611,0.9389,4712
configs/exp4/lru_arc_arc.cfg,experiments/data/phases24_c24_seed47.in,LRU ARC ARC,3,8 8 8,24,10000,4509,5491,0.4509,9389,611,0.9389,4880
configs/exp4/lru_arc_arc_2q.cfg,experiments/data/phases24_c24_seed47.in,LRU ARC ARC 2Q,4,6 6 6 6,24,10000,4603,5397,0.4603,9389,611,0.9389,4786
configs/exp4/lru_arc_arc_arc.cfg,experiments/data/phases24_c24_seed47.in,LRU ARC ARC ARC,4,6 6 6 6,24,10000,4093,5907,0.4093,9389,611,0.9389,5296
configs/exp4/lru_arc_arc_lfu.cfg,experiments/data/phases24_c24_seed47.in,LRU ARC ARC LFU,4,6 6 6 6,24,10000,3945,6055,0.3945,9389,611,0.9389,5444
configs/exp4/lru_arc_arc_lirs.cfg,experiments/data/phases24_c24_seed47.in,LRU ARC ARC LIRS,4,6 6 6 6,24,10000,4633,5367,0.4633,9389,611,0.9389,4756
configs/exp4/lru_arc_arc_lru.cfg,experiments/data/phases24_c24_seed47.in,LRU ARC ARC LRU,4,6 6 6 6,24,10000,3991,6009,0.3991,9389,611,0.9389,5398
configs/exp4/lru_arc_lfu.cfg,experiments/data/phases24_c24_seed47.in,LRU ARC LFU,3,8 8 8,24,10000,4273,5727,0.4273,9389,611,0.9389,5116
configs/exp4/lru_arc_lfu_2q.cfg,experiments/data/phases24_c24_seed47.in,LRU ARC LFU 2Q,4,6 6 6 6,24,10000,4422,5578,0.4422,9389,611,0.9389,4967
configs/exp4/lru_arc_lfu_arc.cfg,experiments/data/phases24_c24_seed47.in,LRU ARC LFU ARC,4,6 6 6 6,24,10000,3950,6050,0.395,9389,611,0.9389,5439
configs/exp4/lru_arc_lfu_lfu.cfg,experiments/data/phases24_c24_seed47.in,LRU ARC LFU LFU,4,6 6 6 6,24,10000,3588,6412,0.3588,9389,611,0.9389,5801
configs/exp4/lru_arc_lfu_lirs.cfg,experiments/data/phases24_c24_seed47.in,LRU ARC LFU LIRS,4,6 6 6 6,24,10000,4495,5505,0.4495,9389,611,0.9389,4894
configs/exp4/lru_arc_lfu_lru.cfg,experiments/data/phases24_c24_seed47.in,LRU ARC LFU LRU,4,6 6 6 6,24,10000,3797,6203,0.3797,9389,611,0.9389,5592
configs/exp4/lru_arc_lirs.cfg,experiments/data/phases24_c24_seed47.in,LRU ARC LIRS,3,8 8 8,24,10000,5106,4894,0.5106,9389,611,0.9389,4283
configs/exp4/lru_arc_lirs_2q.cfg,experiments/data/phases24_c24_seed47.in,LRU ARC LIRS 2Q,4,6 6 6 6,24,10000,5077,4923,0.5077,9389,611,0.9389,4312
configs/exp4/lru_arc_lirs_arc.cfg,experiments/data/phases24_c24_seed47.in,LRU ARC LIRS ARC,4,6 6 6 6,24,10000,4639,5361,0.4639,9389,611,0.9389,4750
configs/exp4/lru_arc_lirs_lfu.cfg,experiments/data/phases24_c24_seed47.in,LRU ARC LIRS LFU,4,6 6 6 6,24,10000,4455,5545,0.4455,9389,611,0.9389,4934
configs/exp4/lru_arc_lirs_lirs.cfg,experiments/data/phases24_c24_seed47.in,LRU ARC LIRS LIRS,4,6 6 6 6,24,10000,4572,5428,0.4572,9389,611,0.9389,4817
configs/exp4/lru_arc_lirs_lru.cfg,experiments/data/phases24_c24_seed47.in,LRU ARC LIRS LRU,4,6 6 6 6,24,10000,4563,5437,0.4563,9389,611,0.9389,4826
configs/exp4/lru_arc_lru.cfg,experiments/data/phases24_c24_seed47.in,LRU ARC LRU,3,8 8 8,24,10000,4331,5669,0.4331,9389,611,0.9389,5058
configs/exp4/lru_arc_lru_2q.cfg,experiments/data/phases24_c24_seed47.in,LRU ARC LRU 2Q,4,6 6 6 6,24,10000,3830,6170,0.383,9389,611,0.9389,5559
configs/exp4/lru_arc_lru_arc.cfg,experiments/data/phases24_c24_seed47.in,LRU ARC LRU ARC,4,6 6 6 6,24,10000,4115,5885,0.4115,9389,611,0.9389,5274
configs/exp4/lru_arc_lru_lfu.cfg,experiments/data/phases24_c24_seed47.in,LRU ARC LRU LFU,4,6 6 6 6,24,10000,3613,6387,0.3613,9389,611,0.9389,5776
configs/exp4/lru_arc_lru_lirs.cfg,experiments/data/phases24_c24_seed47.in,LRU ARC LRU LIRS,4,6 6 6 6,24,10000,4497,5503,0.4497,9389,611,0.9389,4892
configs/exp4/lru_arc_lru_lru.cfg,experiments/data/phases24_c24_seed47.in,LRU ARC LRU LRU,4,6 6 6 6,24,10000,3552,6448,0.3552,9389,611,0.9389,5837
configs/exp4/lru_lfu.cfg,experiments/data/phases24_c24_seed47.in,LRU LFU,2,12 12,24,10000,4960,5040,0.496,9389,611,0.9389,4429
configs/exp4/lru_lfu_2q.cfg,experiments/data/phases24_c24_seed47.in,LRU LFU 2Q,3,8 8 8,24,10000,4638,5362,0.4638,9389,611,0.9389,4751
configs/exp4/lru_lfu_2q_2q.cfg,experiments/data/phases24_c24_seed47.in,LRU LFU 2Q 2Q,4,6 6 6 6,24,10000,3884,6116,0.3884,9389,611,0.9389,5505
configs/exp4/lru_lfu_2q_arc.cfg,experiments/data/phases24_c24_seed47.in,LRU LFU 2Q ARC,4,6 6 6 6,24,10000,4303,5697,0.4303,9389,611,0.9389,5086
configs/exp4/lru_lfu_2q_lfu.cfg,experiments/data/phases24_c24_seed47.in,LRU LFU 2Q LFU,4,6 6 6 6,24,10000,3775,6225,0.3775,9389,611,0.9389,5614
configs/exp4/lru_lfu_2q_lirs.cfg,experiments/data/phases24_c24_seed47.in,LRU LFU 2Q LIRS,4,6 6 6 6,24,10000,4769,5231,0.4769,9389,611,0.9389,4620
configs/exp4/lru_lfu_2q_lru.cfg,experiments/data/phases24_c24_seed47.in,LRU LFU 2Q LRU,4,6 6 6 6,24,10000,3925,6075,0.3925,9389,611,0.9389,5464
configs/exp4/lru_lfu_arc.cfg,experiments/data/phases24_c24_seed47.in,LRU LFU ARC,3,8 8 8,24,10000,4215,5785,0.4215,9389,611,0.9389,5174
configs/exp4/lru_lfu_arc_2q.cfg,experiments/data/phases24_c24_seed47.in,LRU LFU ARC 2Q,4,6 6 6 6,24,10000,4435,5565,0.4435,9389,611,0.9389,4954
configs/exp4/lru_lfu_arc_arc.cfg,experiments/data/phases24_c24_seed47.in,LRU LFU ARC ARC,4,6 6 6 6,24,10000,3898,6102,0.3898,9389,611,0.9389,5491
configs/exp4/lru_lfu_arc_lfu.cfg,experiments/data/phases24_c24_seed47.in,LRU LFU ARC LFU,4,6 6 6 6,24,10000,3681,6319,0.3681,9389,611,0.9389,5708
configs/exp4/lru_lfu_arc_lirs.cfg,experiments/data/phases24_c24_seed47.in,LRU LFU ARC LIRS,4,6 6 6 6,24,10000,4430,5570,0.443,9389,611,0.9389,4959
configs/exp4/lru_lfu_arc_lru.cfg,experiments/data/phases24_c24_seed47.in,LRU LFU ARC LRU,4,6 6 6 6,24,10000,3741,6259,0.3741,9389,611,0.9389,5648
configs/exp4/lru_lfu_lfu.cfg,experiments/data/phases24_c24_seed47.in,LRU LFU LFU,3,8 8 8,24,10000,3595,6405,0.3595,9389,611,0.9389,5794
configs/exp4/lru_lfu_lfu_2q.cfg,experiments/data/phases24_c24_seed47.in,LRU LFU LFU 2Q,4,6 6 6 6,24,10000,3774,6226,0.3774,9389,611,0.9389,5615
configs/exp4/lru_lfu_lfu_arc.cfg,experiments/data/phases24_c24_seed47.in,LRU LFU LFU ARC,4,6 6 6 6,24,10000,3755,6245,0.3755,9389,611,0.9389,5634
configs/exp4/lru_lfu_lfu_lfu.cfg,experiments/data/phases24_c24_seed47.in,LRU LFU LFU LFU,4,6 6 6 6,24,10000,3286,6714,0.3286,9389,611,0.9389,6103
configs/exp4/lru_lfu_lfu_lirs.cfg,experiments/data/phases24_c24_seed47.in,LRU LFU LFU LIRS,4,6 6 6 6,24,10000,4182,5818,0.4182,9389,611,0.9389,5207
configs/exp4/lru_lfu_lfu_lru.cfg,experiments/data/phases24_c24_seed47.in,LRU LFU LFU LRU,4,6 6 6 6,24,10000,3233,6767,0.3233,9389,611,0.9389,6156
configs/exp4/lru_lfu_lirs.cfg,experiments/data/phases24_c24_seed47.in,LRU LFU LIRS,3,8 8 8,24,10000,4880,5120,0.488,9389,611,0.9389,4509
configs/exp4/lru_lfu_lirs_2q.cfg,experiments/data/phases24_c24_seed47.in,LRU LFU LIRS 2Q,4,6 6 6 6,24,10000,4820,5180,0.482,9389,611,0.9389,4569
configs/exp4/lru_lfu_lirs_arc.cfg,experiments/data/phases24_c24_seed47.in,LRU LFU LIRS ARC,4,6 6 6 6,24,10000,4438,5562,0.4438,9389,611,0.9389,4951
configs/exp4/lru_lfu_lirs_lfu.cfg,experiments/data/phases24_c24_seed47.in,LRU LFU LIRS LFU,4,6 6 6 6,24,10000,4117,5883,0.4117,9389,611,0.9389,5272
configs/exp4/lru_lfu_lirs_lirs.cfg,experiments/data/phases24_c24_seed47.in,LRU LFU LIRS LIRS,4,6 6 6 6,24,10000,4297,5703,0.4297,9389,611,0.9389,5092
configs/exp4/lru_lfu_lirs_lru.cfg,experiments/data/phases24_c24_seed47.in,LRU LFU LIRS LRU,4,6 6 6 6,24,10000,4241,5759,0.4241,9389,611,0.9389,5148
configs/exp4/lru_lfu_lru.cfg,experiments/data/phases24_c24_seed47.in,LRU LFU LRU,3,8 8 8,24,10000,3689,6311,0.3689,9389,611,0.9389,5700
configs/exp4/lru_lfu_lru_2q.cfg,experiments/data/phases24_c24_seed47.in,LRU LFU LRU 2Q,4,6 6 6 6,24,10000,3185,6815,0.3185,9389,611,0.9389,6204
configs/exp4/lru_lfu_lru_arc.cfg,experiments/data/phases24_c24_seed47.in,LRU LFU LRU ARC,4,6 6 6 6,24,10000,3696,6304,0.3696,9389,611,0.9389,5693
configs/exp4/lru_lfu_lru_lfu.cfg,experiments/data/phases24_c24_seed47.in,LRU LFU LRU LFU,4,6 6 6 6,24,10000,3031,6969,0.3031,9389,611,0.9389,6358
configs/exp4/lru_lfu_lru_lirs.cfg,experiments/data/phases24_c24_seed47.in,LRU LFU LRU LIRS,4,6 6 6 6,24,10000,4061,5939,0.4061,9389,611,0.9389,5328
configs/exp4/lru_lfu_lru_lru.cfg,experiments/data/phases24_c24_seed47.in,LRU LFU LRU LRU,4,6 6 6 6,24,10000,2921,7079,0.2921,9389,611,0.9389,6468
configs/exp4/lru_lirs.cfg,experiments/data/phases24_c24_seed47.in,LRU LIRS,2,12 12,24,10000,6322,3678,0.6322,9389,611,0.9389,3067
configs/exp4/lru_lirs_2q.cfg,experiments/data/phases24_c24_seed47.in,LRU LIRS 2Q,3,8 8 8,24,10000,5481,4519,0.5481,9389,611,0.9389,3908
configs/exp4/lru_lirs_2q_2q.cfg,experiments/data/phases24_c24_seed47.in,LRU LIRS 2Q 2Q,4,6 6 6 6,24,10000,5134,4866,0.5134,9389,611,0.9389,4255
configs/exp4/lru_lirs_2q_arc.cfg,experiments/data/phases24_c24_seed47.in,LRU LIRS 2Q ARC,4,6 6 6 6,24,10000,5125,4875,0.5125,9389,611,0.9389,4264
configs/exp4/lru_lirs_2q_lfu.cfg,experiments/data/phases24_c24_seed47.in,LRU LIRS 2Q LFU,4,6 6 6 6,24,10000,4785,5215,0.4785,9389,611,0.9389,4604
configs/exp4/lru_lirs_2q_lirs.cfg,experiments/data/phases24_c24_seed47.in,LRU LIRS 2Q LIRS,4,6 6 6 6,24,10000,5082,4918,0.5082,9389,611,0.9389,4307
configs/exp4/lru_lirs_2q_lru.cfg,experiments/data/phases24_c24_seed47.in,LRU LIRS 2Q LRU,4,6 6 6 6,24,10000,5029,4971,0.5029,9389,611,0.9389,4360
configs/exp4/lru_lirs_arc.cfg,experiments/data/phases24_c24_seed47.in,LRU LIRS ARC,3,8 8 8,24,10000,5316,4684,0.5316,9389,611,0.9389,4073
configs/exp4/lru_lirs_arc_2q.cfg,experiments/data/phases24_c24_seed47.in,LRU LIRS ARC 2Q,4,6 6 6 6,24,10000,5011,4989,0.5011,9389,611,0.9389,4378
configs/exp4/lru_lirs_arc_arc.cfg,experiments/data/phases24_c24_seed47.in,LRU LIRS ARC ARC,4,6 6 6 6,24,10000,4514,5486,0.4514,9389,611,0.9389,4875
configs/exp4/lru_lirs_arc_lfu.cfg,experiments/data/phases24_c24_seed47.in,LRU LIRS ARC LFU,4,6 6 6 6,24,10000,4390,5610,0.439,9389,611,0.9389,4999
configs/exp4/lru_lirs_arc_lirs.cfg,experiments/data/phases24_c24_seed47.in,LRU LIRS ARC LIRS,4,6 6 6 6,24,10000,4692,5308,0.4692,9389,611,0.9389,4697
configs/exp4/lru_lirs_arc_lru.cfg,experiments/data/phases24_c24_seed47.in,LRU LIRS ARC LRU,4,6 6 6 6,24,10000,4445,5555,0.4445,9389,611,0.9389,4944
configs/exp4/lru_lirs_lfu.cfg,experiments/data/phases24_c24_seed47.in,LRU LIRS LFU,3,8 8 8,24,10000,4912,5088,0.4912,9389,611,0.9389,4477
configs/exp4/lru_lirs_lfu_2q.cfg,experiments/data/phases24_c24_seed47.in,LRU LIRS LFU 2Q,4,6 6 6 6,24,10000,4864,5136,0.4864,9389,611,0.9389,4525
configs/exp4/lru_lirs_lfu_arc.cfg,experiments/data/phases24_c24_seed47.in,LRU LIRS LFU ARC,4,6 6 6 6,24,10000,4469,5531,0.4469,9389,611,0.9389,4920
configs/exp4/lru_lirs_lfu_lfu.cfg,experiments/data/phases24_c24_seed47.in,LRU LIRS LFU LFU,4,6 6 6 6,24,10000,4191,5809,0.4191,9389,611,0.9389,5198
configs/exp4/lru_lirs_lfu_lirs.cfg,experiments/data/phases24_c24_seed47.in,LRU LIRS LFU LIRS,4,6 6 6 6,24,10000,4354,5646,0.4354,9389,611,0.9389,5035
configs/exp4/lru_lirs_lfu_lru.cfg,experiments/data/phases24_c24_seed47.in,LRU LIRS LFU LRU,4,6 6 6 6,24,10000,4270,5730,0.427,9389,611,0.9389,5119
configs/exp4/lru_lirs_lirs.cfg,experiments/data/phases24_c24_seed47.in,LRU LIRS LIRS,3,8 8 8,24,10000,5221,4779,0.5221,9389,611,0.9389,4168
configs/exp4/lru_lirs_lirs_2q.cfg,experiments/data/phases24_c24_seed47.in,LRU LIRS LIRS 2Q,4,6 6 6 6,24,10000,4921,5079,0.4921,9389,611,0.9389,4468
configs/exp4/lru_lirs_lirs_arc.cfg,experiments/data/phases24_c24_seed47.in,LRU LIRS LIRS ARC,4,6 6 6 6,24,10000,4509,5491,0.4509,9389,611,0.9389,4880
configs/exp4/lru_lirs_lirs_lfu.cfg,experiments/data/phases24_c24_seed47.in,LRU LIRS LIRS LFU,4,6 6 6 6,24,10000,4310,5690,0.431,9389,611,0.9389,5079
configs/exp4/lru_lirs_lirs_lirs.cfg,experiments/data/phases24_c24_seed47.in,LRU LIRS LIRS LIRS,4,6 6 6 6,24,10000,4176,5824,0.4176,9389,611,0.9389,5213
configs/exp4/lru_lirs_lirs_lru.cfg,experiments/data/phases24_c24_seed47.in,LRU LIRS LIRS LRU,4,6 6 6 6,24,10000,4377,5623,0.4377,9389,611,0.9389,5012
configs/exp4/lru_lirs_lru.cfg,experiments/data/phases24_c24_seed47.in,LRU LIRS LRU,3,8 8 8,24,10000,5154,4846,0.5154,9389,611,0.9389,4235
configs/exp4/lru_lirs_lru_2q.cfg,experiments/data/phases24_c24_seed47.in,LRU LIRS LRU 2Q,4,6 6 6 6,24,10000,4206,5794,0.4206,9389,611,0.9389,5183
configs/exp4/lru_lirs_lru_arc.cfg,experiments/data/phases24_c24_seed47.in,LRU LIRS LRU ARC,4,6 6 6 6,24,10000,4561,5439,0.4561,9389,611,0.9389,4828
configs/exp4/lru_lirs_lru_lfu.cfg,experiments/data/phases24_c24_seed47.in,LRU LIRS LRU LFU,4,6 6 6 6,24,10000,3996,6004,0.3996,9389,611,0.9389,5393
configs/exp4/lru_lirs_lru_lirs.cfg,experiments/data/phases24_c24_seed47.in,LRU LIRS LRU LIRS,4,6 6 6 6,24,10000,4451,5549,0.4451,9389,611,0.9389,4938
configs/exp4/lru_lirs_lru_lru.cfg,experiments/data/phases24_c24_seed47.in,LRU LIRS LRU LRU,4,6 6 6 6,24,10000,3956,6044,0.3956,9389,611,0.9389,5433
configs/exp4/lru_lru_2q.cfg,experiments/data/phases24_c24_seed47.in,LRU LRU 2Q,3,8 8 8,24,10000,3975,6025,0.3975,9389,611,0.9389,5414
configs/exp4/lru_lru_2q_2q.cfg,experiments/data/phases24_c24_seed47.in,LRU LRU 2Q 2Q,4,6 6 6 6,24,10000,3215,6785,0.3215,9389,611,0.9389,6174
configs/exp4/lru_lru_2q_arc.cfg,experiments/data/phases24_c24_seed47.in,LRU LRU 2Q ARC,4,6 6 6 6,24,10000,3729,6271,0.3729,9389,611,0.9389,5660
configs/exp4/lru_lru_2q_lfu.cfg,experiments/data/phases24_c24_seed47.in,LRU LRU 2Q LFU,4,6 6 6 6,24,10000,2980,7020,0.298,9389,611,0.9389,6409
configs/exp4/lru_lru_2q_lirs.cfg,experiments/data/phases24_c24_seed47.in,LRU LRU 2Q LIRS,4,6 6 6 6,24,10000,4116,5884,0.4116,9389,611,0.9389,5273
configs/exp4/lru_lru_2q_lru.cfg,experiments/data/phases24_c24_seed47.in,LRU LRU 2Q LRU,4,6 6 6 6,24,10000,3025,6975,0.3025,9389,611,0.9389,6364
configs/exp4/lru_lru_arc.cfg,experiments/data/phases24_c24_seed47.in,LRU LRU ARC,3,8 8 8,24,10000,4253,5747,0.4253,9389,611,0.9389,5136
configs/exp4/lru_lru_arc_2q.cfg,experiments/data/phases24_c24_seed47.in,LRU LRU ARC 2Q,4,6 6 6 6,24,10000,3857,6143,0.3857,9389,611,0.9389,5532
configs/exp4/lru_lru_arc_arc.cfg,experiments/data/phases24_c24_seed47.in,LRU LRU ARC ARC,4,6 6 6 6,24,10000,3799,6201,0.3799,9389,611,0.9389,5590
configs/exp4/lru_lru_arc_lfu.cfg,experiments/data/phases24_c24_seed47.in,LRU LRU ARC LFU,4,6 6 6 6,24,10000,3560,6440,0.356,9389,611,0.9389,5829
configs/exp4/lru_lru_arc_lirs.cfg,experiments/data/phases24_c24_seed47.in,LRU LRU ARC LIRS,4,6 6 6 6,24,10000,4397,5603,0.4397,9389,611,0.9389,4992
configs/exp4/lru_lru_arc_lru.cfg,experiments/data/phases24_c24_seed47.in,LRU LRU ARC LRU,4,6 6 6 6,24,10000,3587,6413,0.3587,9389,611,0.9389,5802
configs/exp4/lru_lru_lfu.cfg,experiments/data/phases24_c24_seed47.in,LRU LRU LFU,3,8 8 8,24,10000,3480,6520,0.348,9389,611,0.9389,5909
configs/exp4/lru_lru_lfu_2q.cfg,experiments/data/phases24_c24_seed47.in,LRU LRU LFU 2Q,4,6 6 6 6,24,10000,3015,6985,0.3015,9389,611,0.9389,6374
configs/exp4/lru_lru_lfu_arc.cfg,experiments/data/phases24_c24_seed47.in,LRU LRU LFU ARC,4,6 6 6 6,24,10000,3438,6562,0.3438,9389,611,0.9389,5951
configs/exp4/lru_lru_lfu_lfu.cfg,experiments/data/phases24_c24_seed47.in,LRU LRU LFU LFU,4,6 6 6 6,24,10000,2855,7145,0.2855,9389,611,0.9389,6534
configs/exp4/lru_lru_lfu_lirs.cfg,experiments/data/phases24_c24_seed47.in,LRU LRU LFU LIRS,4,6 6 6 6,24,10000,3849,6151,0.3849,9389,611,0.9389,5540
configs/exp4/lru_lru_lfu_lru.cfg,experiments/data/phases24_c24_seed47.in,LRU LRU LFU LRU,4,6 6 6 6,24,10000,2709,7291,0.2709,9389,611,0.9389,6680
configs/exp4/lru_lru_lirs.cfg,experiments/data/phases24_c24_seed47.in,LRU LRU LIRS,3,8 8 8,24,10000,4782,5218,0.4782,9389,611,0.9389,4607
configs/exp4/lru_lru_lirs_2q.cfg,experiments/data/phases24_c24_seed47.in,LRU LRU LIRS 2Q,4,6 6 6 6,24,10000,4569,5431,0.4569,9389,611,0.9389,4820
configs/exp4/lru_lru_lirs_arc.cfg,experiments/data/phases24_c24_seed47.in,LRU LRU LIRS ARC,4,6 6 6 6,24,10000,4288,5712,0.4288,9389,611,0.9389,5101
configs/exp4/lru_lru_lirs_lfu.cfg,experiments/data/phases24_c24_seed47.in,LRU LRU LIRS LFU,4,6 6 6 6,24,10000,3983,6017,0.3983,9389,611,0.9389,5406
configs/exp4/lru_lru_lirs_lirs.cfg,experiments/data/phases24_c24_seed47.in,LRU LRU LIRS LIRS,4,6 6 6 6,24,10000,4143,5857,0.4143,9389,611,0.9389,5246
configs/exp4/lru_lru_lirs_lru.cfg,experiments/data/phases24_c24_seed47.in,LRU LRU LIRS LRU,4,6 6 6 6,24,10000,3932,6068,0.3932,9389,611,0.9389,5457
configs/exp4/lru_lru_lru_2q.cfg,experiments/data/phases24_c24_seed47.in,LRU LRU LRU 2Q,4,6 6 6 6,24,10000,2914,7086,0.2914,9389,611,0.9389,6475
configs/exp4/lru_lru_lru_arc.cfg,experiments/data/phases24_c24_seed47.in,LRU LRU LRU ARC,4,6 6 6 6,24,10000,2854,7146,0.2854,9389,611,0.9389,6535
configs/exp4/lru_lru_lru_lfu.cfg,experiments/data/phases24_c24_seed47.in,LRU LRU LRU LFU,4,6 6 6 6,24,10000,2554,7446,0.2554,9389,611,0.9389,6835
configs/exp4/lru_lru_lru_lirs.cfg,experiments/data/phases24_c24_seed47.in,LRU LRU LRU LIRS,4,6 6 6 6,24,10000,3741,6259,0.3741,9389,611,0.9389,5648
configs/exp4/2q_2q_2q_arc.cfg,experiments/data/phases24_c48_seed47.in,2Q 2Q 2Q ARC,4,12 12 12 12,48,10000,7576,2424,0.7576,9730,270,0.973,2154
configs/exp4/2q_2q_2q_lfu.cfg,experiments/data/phases24_c48_seed47.in,2Q 2Q 2Q LFU,4,12 12 12 12,48,10000,7001,2999,0.7001,9730,270,0.973,2729
configs/exp4/2q_2q_2q_lirs.cfg,experiments/data/phases24_c48_seed47.in,2Q 2Q 2Q LIRS,4,12 12 12 12,48,10000,7394,2606,0.7394,9730,270,0.973,2336
configs/exp4/2q_2q_2q_lru.cfg,experiments/data/phases24_c48_seed47.in,2Q 2Q 2Q LRU,4,12 12 12 12,48,10000,7652,2348,0.7652,9730,270,0.973,2078
configs/exp4/2q_2q_arc.cfg,experiments/data/phases24_c48_seed47.in,2Q 2Q ARC,3,16 16 16,48,10000,8299,1701,0.8299,9730,270,0.973,1431
configs/exp4/2q_2q_arc_2q.cfg,experiments/data/phases24_c48_seed47.in,2Q 2Q ARC 2Q,4,12 12 12 12,48,10000,7701,2299,0.7701,9730,270,0.973,2029
configs/exp4/2q_2q_arc_arc.cfg,experiments/data/phases24_c48_seed47.in,2Q 2Q ARC ARC,4,12 12 12 12,48,10000,7470,2530,0.747,9730,270,0.973,2260
configs/exp4/2q_2q_arc_lfu.cfg,experiments/data/phases24_c48_seed47.in,2Q 2Q ARC LFU,4,12 12 12 12,48,10000,7304,2696,0.7304,9730,270,0.973,2426
configs/exp4/2q_2q_arc_lirs.cfg,experiments/data/phases24_c48_seed47.in,2Q 2Q ARC LIRS,4,12 12 12 12,48,10000,7703,2297,0.7703,9730,270,0.973,2027
configs/exp4/2q_2q_arc_lru.cfg,experiments/data/phases24_c48_seed47.in,2Q 2Q ARC LRU,4,12 12 12 12,48,10000,7454,2546,0.7454,9730,270,0.973,2276
configs/exp4/2q_2q_lfu.cfg,experiments/data/phases24_c48_seed47.in,2Q 2Q LFU,3,16 16 16,48,10000,7819,2181,0.7819,9730,270,0.973,1911
configs/exp4/2q_2q_lfu_2q.cfg,experiments/data/phases24_c48_seed47.in,2Q 2Q LFU 2Q,4,12 12 12 12,48,10000,7254,2746,0.7254,9730,270,0.973,2476
configs/exp4/2q_2q_lfu_arc.cfg,experiments/data/phases24_c48_seed47.in,2Q 2Q LFU ARC,4,12 12 12 12,48,10000,7528,2472,0.7528,9730,270,0.973,2202
configs/exp4/2q_2q_lfu_lfu.cfg,experiments/data/phases24_c48_seed47.in,2Q 2Q LFU LFU,4,12 12 12 12,48,10000,6712,3288,0.6712,9730,270,0.973,3018
configs/exp4/2q_2q_lfu_lirs.cfg,experiments/data/phases24_c48_seed47.in,2Q 2Q LFU LIRS,4,12 12 12 12,48,10000,7415,2585,0.7415,9730,270,0.973,2315
configs/exp4/2q_2q_lfu_lru.cfg,experiments/data/phases24_c48_seed47.in,2Q 2Q LFU LRU,4,12 12 12 12,48,10000,7517,2483,0.7517,9730,270,0.973,2213
configs/exp4/2q_2q_lirs.cfg,experiments/data/phases24_c48_seed47.in,2Q 2Q LIRS,3,16 16 16,48,10000,8366,1634,0.8366,9730,270,0.973,1364
configs/exp4/2q_2q_lirs_2q.cfg,experiments/data/phases24_c48_seed47.in,2Q 2Q LIRS 2Q,4,12 12 12 12,48,10000,7388,2612,0.7388,9730,270,0.973,2342
configs/exp4/2q_2q_lirs_arc.cfg,experiments/data/phases24_c48_seed47.in,2Q 2Q LIRS ARC,4,12 12 12 12,48,10000,7707,2293,0.7707,9730,270,0.973,2023
configs/exp4/2q_2q_lirs_lfu.cfg,experiments/data/phases24_c48_seed47.in,2Q 2Q LIRS LFU,4,12 12 12 12,48,10000,7221,2779,0.7221,9730,270,0.973,2509
configs/exp4/2q_2q_lirs_lirs.cfg,experiments/data/phases24_c48_seed47.in,2Q 2Q LIRS LIRS,4,12 12 12 12,48,10000,7335,2665,0.7335,9730,270,0.973,2395
configs/exp4/2q_2q_lirs_lru.cfg,experiments/data/phases24_c48_seed47.in,2Q 2Q LIRS LRU,4,12 12 12 12,48,10000,7767,2233,0.7767,9730,270,0.973,1963
configs/exp4/2q_2q_lru.cfg,experiments/data/phases24_c48_seed47.in,2Q 2Q LRU,3,16 16 16,48,10000,8258,1742,0.8258,9730,270,0.973,1472
configs/exp4/2q_2q_lru_2q.cfg,experiments/data/phases24_c48_seed47.in,2Q 2Q LRU 2Q,4,12 12 12 12,48,10000,7663,2337,0.7663,9730,270,0.973,2067
configs/exp4/2q_2q_lru_arc.cfg,experiments/data/phases24_c48_seed47.in,2Q 2Q LRU ARC,4,12 12 12 12,48,10000,7592,2408,0.7592,9730,270,0.973,2138
configs/exp4/2q_2q_lru_lfu.cfg,experiments/data/phases24_c48_seed47.in,2Q 2Q LRU LFU,4,12 12 12 12,48,10000,7270,2730,0.727,9730,270,0.973,2460
configs/exp4/2q_2q_lru_lirs.cfg,experiments/data/phases24_c48_seed47.in,2Q 2Q LRU LIRS,4,12 12 12 12,48,10000,7918,2082,0.7918,9730,270,0.973,1812
configs/exp4/2q_2q_lru_lru.cfg,experiments/data/phases24_c48_seed47.in,2Q 2Q LRU LRU,4,12 12 12 12,48,10000,7323,2677,0.7323,9730,270,0.973,2407
configs/exp4/2q_arc.cfg,experiments/data/phases24_c48_seed47.in,2Q ARC,2,24 24,48,10000,9124,876,0.9124,9730,270,0.973,606
configs/exp4/2q_arc_2q.cfg,experiments/data/phases24_c48_seed47.in,2Q ARC 2Q,3,16 16 16,48,10000,8292,1708,0.8292,9730,270,0.973,1438
configs/exp4/2q_arc_2q_2q.cfg,experiments/data/phases24_c48_seed47.in,2Q ARC 2Q 2Q,4,12 12 12 12,48,10000,7609,2391,0.7609,9730,270,0.973,2121
configs/exp4/2q_arc_2q_arc.cfg,experiments/data/phases24_c48_seed47.in,2Q ARC 2Q ARC,4,12 12 12 12,48,10000,7663,2337,0.7663,9730,270,0.973,2067
configs/exp4/2q_arc_2q_lfu.cfg,experiments/data/phases24_c48_seed47.in,2Q ARC 2Q LFU,4,12 12 12 12,48,10000,7274,2726,0.7274,9730,270,0.973,2456
configs/exp4/2q_arc_2q_lirs.cfg,experiments/data/phases24_c48_seed47.in,2Q ARC 2Q LIRS,4,12 12 12 12,48,10000,7795,2205,0.7795,9730,270,0.973,1935
configs/exp4/2q_arc_2q_lru.cfg,experiments/data/phases24_c48_seed47.in,2Q ARC 2Q LRU,4,12 12 12 12,48,10000,7651,2349,0.7651,9730,270,0.973,2079
configs/exp4/2q_arc_arc.cfg,experiments/data/phases24_c48_seed47.in,2Q ARC ARC,3,16 16 16,48,10000,8263,1737,0.8263,9730,270,0.973,1467
configs/exp4/2q_arc_arc_2q.cfg,experiments/data/phases24_c48_seed47.in,2Q ARC ARC 2Q,4,12 12 12 12,48,10000,7451,2549,0.7451,9730,270,0.973,2279
configs/exp4/2q_arc_arc_arc.cfg,experiments/data/phases24_c48_seed47.in,2Q ARC ARC ARC,4,12 12 12 12,48,10000,7026,2974,0.7026,9730,270,0.973,2704
configs/exp4/2q_arc_arc_lfu.cfg,experiments/data/phases24_c48_seed47.in,2Q ARC ARC LFU,4,12 12 12 12,48,10000,6925,3075,0.6925,9730,270,0.973,2805
configs/exp4/2q_arc_arc_lirs.cfg,experiments/data/phases24_c48_seed47.in,2Q ARC ARC LIRS,4,12 12 12 12,48,10000,7432,2568,0.7432,9730,270,0.973,2298
configs/exp4/2q_arc_arc_lru.cfg,experiments/data/phases24_c48_seed47.in,2Q ARC ARC LRU,4,12 12 12 12,48,10000,6954,3046,0.6954,9730,270,0.973,2776
configs/exp4/2q_arc_lfu.cfg,experiments/data/phases24_c48_seed47.in,2Q ARC LFU,3,16 16 16,48,10000,7885,2115,0.7885,9730,270,0.973,1845
configs/exp4/2q_arc_lfu_2q.cfg,experiments/data/phases24_c48_seed47.in,2Q ARC LFU 2Q,4,12 12 12 12,48,10000,7405,2595,0.7405,9730,270,0.973,2325
configs/exp4/2q_arc_lfu_arc.cfg,experiments/data/phases24_c48_seed47.in,2Q ARC LFU ARC,4,12 12 12 12,48,10000,7170,2830,0.717,9730,270,0.973,2560
configs/exp4/2q_arc_lfu_lfu.cfg,experiments/data/phases24_c48_seed47.in,2Q ARC LFU LFU,4,12 12 12 12,48,10000,6688,3312,0.6688,9730,270,0.973,3042
configs/exp4/2q_arc_lfu_lirs.cfg,experiments/data/phases24_c48_seed47.in,2Q ARC LFU LIRS,4,12 12 12 12,48,10000,7505,2495,0.7505,9730,270,0.973,2225
configs/exp4/2q_arc_lfu_lru.cfg,experiments/data/phases24_c48_seed47.in,2Q ARC LFU LRU,4,12 12 12 12,48,10000,7018,2982,0.7018,9730,270,0.973,2712
configs/exp4/2q_arc_lirs.cfg,experiments/data/phases24_c48_seed47.in,2Q ARC LIRS,3,16 16 16,48,10000,8431,1569,0.8431,9730,270,0.973,1299
configs/exp4/2q_arc_lirs_2q.cfg,experiments/data/phases24_c48_seed47.in,2Q ARC LIRS 2Q,4,12 12 12 12,48,10000,7613,2387,0.7613,9730,270,0.973,2117
configs/exp4/2q_arc_lirs_arc.cfg,experiments/data/phases24_c48_seed47.in,2Q ARC LIRS ARC,4,12 12 12 12,48,10000,7607,2393,0.7607,9730,270,0.973,2123
configs/exp4/2q_arc_lirs_lfu.cfg,experiments/data/phases24_c48_seed47.in,2Q ARC LIRS LFU,4,12 12 12 12,48,10000,7307,2693,0.7307,9730,270,0.973,2423
configs/exp4/2q_arc_lirs_lirs.cfg,experiments/data/phases24_c48_seed47.in,2Q ARC LIRS LIRS,4,12 12 12 12,48,10000,7567,2433,0.7567,9730,270,0.973,2163
configs/exp4/2q_arc_lirs_lru.cfg,experiments/data/phases24_c48_seed47.in,2Q ARC LIRS LRU,4,12 12 12 12,48,10000,7618,2382,0.7618,9730,270,0.973,2112
configs/exp4/2q_arc_lru.cfg,experiments/data/phases24_c48_seed47.in,2Q ARC LRU,3,16 16 16,48,10000,8142,1858,0.8142,9730,270,0.973,1588
configs/exp4/2q_arc_lru_2q.cfg,experiments/data/phases24_c48_seed47.in,2Q ARC LRU 2Q,4,12 12 12 12,48,10000,6951,3049,0.6951,9730,270,0.973,2779
configs/exp4/2q_arc_lru_arc.cfg,experiments/data/phases24_c48_seed47.in,2Q ARC LRU ARC,4,12 12 12 12,48,10000,7015,2985,0.7015,9730,270,0.973,2715
configs/exp4/2q_arc_lru_lfu.cfg,experiments/data/phases24_c48_seed47.in,2Q ARC LRU LFU,4,12 12 12 12,48,10000,6681,3319,0.6681,9730,270,0.973,3049
configs/exp4/2q_arc_lru_lirs.cfg,experiments/data/phases24_c48_seed47.in,2Q ARC LRU LIRS,4,12 12 12 12,48,10000,7499,2501,0.7499,9730,270,0.973,2231
configs/exp4/2q_arc_lru_lru.cfg,experiments/data/phases24_c48_seed47.in,2Q ARC LRU LRU,4,12 12 12 12,48,10000,6662,3338,0.6662,9730,270,0.973,3068
configs/exp4/2q_lfu.cfg,experiments/data/phases24_c48_seed47.in,2Q LFU,2,24 24,48,10000,8710,1290,0.871,9730,270,0.973,1020
configs/exp4/2q_lfu_2q.cfg,experiments/data/phases24_c48_seed47.in,2Q LFU 2Q,3,16 16 16,48,10000,8014,1986,0.8014,9730,270,0.973,1716
configs/exp4/2q_lfu_2q_2q.cfg,experiments/data/phases24_c48_seed47.in,2Q LFU 2Q 2Q,4,12 12 12 12,48,10000,7318,2682,0.7318,9730,270,0.973,2412
configs/exp4/2q_lfu_2q_arc.cfg,experiments/data/phases24_c48_seed47.in,2Q LFU 2Q ARC,4,12 12 12 12,48,10000,7559,2441,0.7559,9730,270,0.973,2171
configs/exp4/2q_lfu_2q_lfu.cfg,experiments/data/phases24_c48_seed47.in,2Q LFU 2Q LFU,4,12 12 12 12,48,10000,6827,3173,0.6827,9730,270,0.973,2903
configs/exp4/2q_lfu_2q_lirs.cfg,experiments/data/phases24_c48_seed47.in,2Q LFU 2Q LIRS,4,12 12 12 12,48,10000,7500,2500,0.75,9730,270,0.973,2230
configs/exp4/2q_lfu_2q_lru.cfg,experiments/data/phases24_c48_seed47.in,2Q LFU 2Q LRU,4,12 12 12 12,48,10000,7628,2372,0.7628,9730,270,0.973,2102
configs/exp4/2q_lfu_arc.cfg,experiments/data/phases24_c48_seed47.in,2Q LFU ARC,3,16 16 16,48,10000,8085,1915,0.8085,9730,270,0.973,1645
configs/exp4/2q_lfu_arc_2q.cfg,experiments/data/phases24_c48_seed47.in,2Q LFU ARC 2Q,4,12 12 12 12,48,10000,7553,2447,0.7553,9730,270,0.973,2177
configs/exp4/2q_lfu_arc_arc.cfg,experiments/data/phases24_c48_seed47.in,2Q LFU ARC ARC,4,12 12 12 12,48,10000,7299,2701,0.7299,9730,270,0.973,2431
configs/exp4/2q_lfu_arc_lfu.cfg,experiments/data/phases24_c48_seed47.in,2Q LFU ARC LFU,4,12 12 12 12,48,10000,6901,3099,0.6901,9730,270,0.973,2829
configs/exp4/2q_lfu_arc_lirs.cfg,experiments/data/phases24_c48_seed47.in,2Q LFU ARC LIRS,4,12 12 12 12,48,10000,7587,2413,0.7587,9730,270,0.973,2143
configs/exp4/2q_lfu_arc_lru.cfg,experiments/data/phases24_c48_seed47.in,2Q LFU ARC LRU,4,12 12 12 12,48,10000,7244,2756,0.7244,9730,270,0.973,2486
configs/exp4/2q_lfu_lfu.cfg,experiments/data/phases24_c48_seed47.in,2Q LFU LFU,3,16 16 16,48,10000,7027,2973,0.7027,9730,270,0.973,2703
configs/exp4/2q_lfu_lfu_2q.cfg,experiments/data/phases24_c48_seed47.in,2Q LFU LFU 2Q,4,12 12 12 12,48,10000,6862,3138,0.6862,9730,270,0.973,2868
configs/exp4/2q_lfu_lfu_arc.cfg,experiments/data/phases24_c48_seed47.in,2Q LFU LFU ARC,4,12 12 12 12,48,10000,6913,3087,0.6913,9730,270,0.973,2817
configs/exp4/2q_lfu_lfu_lfu.cfg,experiments/data/phases24_c48_seed47.in,2Q LFU LFU LFU,4,12 12 12 12,48,10000,6057,3943,0.6057,9730,270,0.973,3673
configs/exp4/2q_lfu_lfu_lirs.cfg,experiments/data/phases24_c48_seed47.in,2Q LFU LFU LIRS,4,12 12 12 12,48,10000,6978,3022,0.6978,9730,270,0.973,2752
configs/exp4/2q_lfu_lfu_lru.cfg,experiments/data/phases24_c48_seed47.in,2Q LFU LFU LRU,4,12 12 12 12,48,10000,6886,3114,0.6886,9730,270,0.973,2844
configs/exp4/2q_lfu_lirs.cfg,experiments/data/phases24_c48_seed47.in,2Q LFU LIRS,3,16 16 16,48,10000,8229,1771,0.8229,9730,270,0.973,1501
configs/exp4/2q_lfu_lirs_2q.cfg,experiments/data/phases24_c48_seed47.in,2Q LFU LIRS 2Q,4,12 12 12 12,48,10000,7454,2546,0.7454,9730,270,0.973,2276
configs/exp4/2q_lfu_lirs_arc.cfg,experiments/data/phases24_c48_seed47.in,2Q LFU LIRS ARC,4,12 12 12 12,48,10000,7724,2276,0.7724,9730,270,0.973,2006
configs/exp4/2q_lfu_lirs_lfu.cfg,experiments/data/phases24_c48_seed47.in,2Q LFU LIRS LFU,4,12 12 12 12,48,10000,6925,3075,0.6925,9730,270,0.973,2805
configs/exp4/2q_lfu_lirs_lirs.cfg,experiments/data/phases24_c48_seed47.in,2Q LFU LIRS LIRS,4,12 12 12 12,48,10000,7457,2543,0.7457,9730,270,0.973,2273
configs/exp4/2q_lfu_lirs_lru.cfg,experiments/data/phases24_c48_seed47.in,2Q LFU LIRS LRU,4,12 12 12 12,48,10000,7765,2235,0.7765,9730,270,0.973,1965
configs/exp4/2q_lfu_lru.cfg,experiments/data/phases24_c48_seed47.in,2Q LFU LRU,3,16 16 16,48,10000,7926,2074,0.7926,9730,270,0.973,1804
configs/exp4/2q_lfu_lru_2q.cfg,experiments/data/phases24_c48_seed47.in,2Q LFU LRU 2Q,4,12 12 12 12,48,10000,7470,2530,0.747,9730,270,0.973,2260
configs/exp4/2q_lfu_lru_arc.cfg,experiments/data/phases24_c48_seed47.in,2Q LFU LRU ARC,4,12 12 12 12,48,10000,7258,2742,0.7258,9730,270,0.973,2472
configs/exp4/2q_lfu_lru_lfu.cfg,experiments/data/phases24_c48_seed47.in,2Q LFU LRU LFU,4,12 12 12 12,48,10000,6804,3196,0.6804,9730,270,0.973,2926
configs/exp4/2q_lfu_lru_lirs.cfg,experiments/data/phases24_c48_seed47.in,2Q LFU LRU LIRS,4,12 12 12 12,48,10000,7683,2317,0.7683,9730,270,0.973,2047
configs/exp4/2q_lfu_lru_lru.cfg,experiments/data/phases24_c48_seed47.in,2Q LFU LRU LRU,4,12 12 12 12,48,10000,6930,3070,0.693,9730,270,0.973,2800
configs/exp4/2q_lirs.cfg,experiments/data/phases24_c48_seed47.in,2Q LIRS,2,24 24,48,10000,9202,798,0.9202,9730,270,0.973,528
configs/exp4/2q_lirs_2q.cfg,experiments/data/phases24_c48_seed47.in,2Q LIRS 2Q,3,16 16 16,48,10000,8489,1511,0.8489,9730,270,0.973,1241
configs/exp4/2q_lirs_2q_2q.cfg,experiments/data/phases24_c48_seed47.in,2Q LIRS 2Q 2Q,4,12 12 12 12,48,10000,7320,2680,0.732,9730,270,0.973,2410
configs/exp4/2q_lirs_2q_arc.cfg,experiments/data/phases24_c48_seed47.in,2Q LIRS 2Q ARC,4,12 12 12 12,48,10000,7641,2359,0.7641,9730,270,0.973,2089
configs/exp4/2q_lirs_2q_lfu.cfg,experiments/data/phases24_c48_seed47.in,2Q LIRS 2Q LFU,4,12 12 12 12,48,10000,7106,2894,0.7106,9730,270,0.973,2624
configs/exp4/2q_lirs_2q_lirs.cfg,experiments/data/phases24_c48_seed47.in,2Q LIRS 2Q LIRS,4,12 12 12 12,48,10000,7404,2596,0.7404,9730,270,0.973,2326
configs/exp4/2q_lirs_2q_lru.cfg,experiments/data/phases24_c48_seed47.in,2Q LIRS 2Q LRU,4,12 12 12 12,48,10000,7669,2331,0.7669,9730,270,0.973,2061
configs/exp4/2q_lirs_arc.cfg,experiments/data/phases24_c48_seed47.in,2Q LIRS ARC,3,16 16 16,48,10000,8582,1418,0.8582,9730,270,0.973,1148
configs/exp4/2q_lirs_arc_2q.cfg,experiments/data/phases24_c48_seed47.in,2Q LIRS ARC 2Q,4,12 12 12 12,48,10000,7765,2235,0.7765,9730,270,0.973,1965
configs/exp4/2q_lirs_arc_arc.cfg,experiments/data/phases24_c48_seed47.in,2Q LIRS ARC ARC,4,12 12 12 12,48,10000,7545,2455,0.7545,9730,270,0.973,2185
configs/exp4/2q_lirs_arc_lfu.cfg,experiments/data/phases24_c48_seed47.in,2Q LIRS ARC LFU,4,12 12 12 12,48,10000,7409,2591,0.7409,9730,270,0.973,2321
configs/exp4/2q_lirs_arc_lirs.cfg,experiments/data/phases24_c48_seed47.in,2Q LIRS ARC LIRS,4,12 12 12 12,48,10000,7788,2212,0.7788,9730,270,0.973,1942
configs/exp4/2q_lirs_arc_lru.cfg,experiments/data/phases24_c48_seed47.in,2Q LIRS ARC LRU,4,12 12 12 12,48,10000,7485,2515,0.7485,9730,270,0.973,2245
configs/exp4/2q_lirs_lfu.cfg,experiments/data/phases24_c48_seed47.in,2Q LIRS LFU,3,16 16 16,48,10000,8070,1930,0.807,9730,270,0.973,1660
configs/exp4/2q_lirs_lfu_2q.cfg,experiments/data/phases24_c48_seed47.in,2Q LIRS LFU 2Q,4,12 12 12 12,48,10000,7360,2640,0.736,9730,270,0.973,2370
configs/exp4/2q_lirs_lfu_arc.cfg,experiments/data/phases24_c48_seed47.in,2Q LIRS LFU ARC,4,12 12 12 12,48,10000,7649,2351,0.7649,9730,270,0.973,2081
configs/exp4/2q_lirs_lfu_lfu.cfg,experiments/data/phases24_c48_seed47.in,2Q LIRS LFU LFU,4,12 12 12 12,48,10000,6876,3124,0.6876,9730,270,0.973,2854
configs/exp4/2q_lirs_lfu_lirs.cfg,experiments/data/phases24_c48_seed47.in,2Q LIRS LFU LIRS,4,12 12 12 12,48,10000,7394,2606,0.7394,9730,270,0.973,2336
configs/exp4/2q_lirs_lfu_lru.cfg,experiments/data/phases24_c48_seed47.in,2Q LIRS LFU LRU,4,12 12 12 12,48,10000,7634,2366,0.7634,9730,270,0.973,2096
configs/exp4/2q_lirs_lirs.cfg,experiments/data/phases24_c48_seed47.in,2Q LIRS LIRS,3,16 16 16,48,10000,8537,1463,0.8537,9730,270,0.973,1193
configs/exp4/2q_lirs_lirs_2q.cfg,experiments/data/phases24_c48_seed47.in,2Q LIRS LIRS 2Q,4,12 12 12 12,48,10000,7359,2641,0.7359,9730,270,0.973,2371
configs/exp4/2q_lirs_lirs_arc.cfg,experiments/data/phases24_c48_seed47.in,2Q LIRS LIRS ARC,4,12 12 12 12,48,10000,7674,2326,0.7674,9730,270,0.973,2056
configs/exp4/2q_lirs_lirs_lfu.cfg,experiments/data/phases24_c48_seed47.in,2Q LIRS LIRS LFU,4,12 12 12 12,48,10000,7165,2835,0.7165,9730,270,0.973,2565
configs/exp4/2q_lirs_lirs_lirs.cfg,experiments/data/phases24_c48_seed47.in,2Q LIRS LIRS LIRS,4,12 12 12 12,48,10000,7235,2765,0.7235,9730,270,0.973,2495
configs/exp4/2q_lirs_lirs_lru.cfg,experiments/data/phases24_c48_seed47.in,2Q LIRS LIRS LRU,4,12 12 12 12,48,10000,7720,2280,0.772,9730,270,0.973,2010
configs/exp4/2q_lirs_lru.cfg,experiments/data/phases24_c48_seed47.in,2Q LIRS LRU,3,16 16 16,48,10000,8572,1428,0.8572,9730,270,0.973,1158
configs/exp4/2q_lirs_lru_2q.cfg,experiments/data/phases24_c48_seed47.in,2Q LIRS LRU 2Q,4,12 12 12 12,48,10000,7746,2254,0.7746,9730,270,0.973,1984
configs/exp4/2q_lirs_lru_arc.cfg,experiments/data/phases24_c48_seed47.in,2Q LIRS LRU ARC,4,12 12 12 12,48,10000,7655,2345,0.7655,9730,270,0.973,2075
configs/exp4/2q_lirs_lru_lfu.cfg,experiments/data/phases24_c48_seed47.in,2Q LIRS LRU LFU,4,12 12 12 12,48,10000,7351,2649,0.7351,9730,270,0.973,2379
configs/exp4/2q_lirs_lru_lirs.cfg,experiments/data/phases24_c48_seed47.in,2Q LIRS LRU LIRS,4,12 12 12 12,48,10000,7936,2064,0.7936,9730,270,0.973,1794
configs/exp4/2q_lirs_lru_lru.cfg,experiments/data/phases24_c48_seed47.in,2Q LIRS LRU LRU,4,12 12 12 12,48,10000,7399,2601,0.7399,9730,270,0.973,2331
configs/exp4/2q_lru.cfg,experiments/data/phases24_c48_seed47.in,2Q LRU,2,24 24,48,10000,9011,989,0.9011,9730,270,0.973,719
configs/exp4/2q_lru_2q.cfg,experiments/data/phases24_c48_seed47.in,2Q LRU 2Q,3,16 16 16,48,10000,8149,1851,0.8149,9730,270,0.973,1581
configs/exp4/2q_lru_2q_2q.cfg,experiments/data/phases24_c48_seed47.in,2Q LRU 2Q 2Q,4,12 12 12 12,48,10000,7501,2499,0.7501,9730,270,0.973,2229
configs/exp4/2q_lru_2q_arc.cfg,experiments/data/phases24_c48_seed47.in,2Q LRU 2Q ARC,4,12 12 12 12,48,10000,7603,2397,0.7603,9730,270,0.973,2127
configs/exp4/2q_lru_2q_lfu.cfg,experiments/data/phases24_c48_seed47.in,2Q LRU 2Q LFU,4,12 12 12 12,48,10000,7060,2940,0.706,9730,270,0.973,2670
configs/exp4/2q_lru_2q_lirs.cfg,experiments/data/phases24_c48_seed47.in,2Q LRU 2Q LIRS,4,12 12 12 12,48,10000,7854,2146,0.7854,9730,270,0.973,1876
configs/exp4/2q_lru_2q_lru.cfg,experiments/data/phases24_c48_seed47.in,2Q LRU 2Q LRU,4,12 12 12 12,48,10000,7349,2651,0.7349,9730,270,0.973,2381
configs/exp4/2q_lru_arc.cfg,experiments/data/phases24_c48_seed47.in,2Q LRU ARC,3,16 16 16,48,10000,8128,1872,0.8128,9730,270,0.973,1602
configs/exp4/2q_lru_arc_2q.cfg,experiments/data/phases24_c48_seed47.in,2Q LRU ARC 2Q,4,12 12 12 12,48,10000,7351,2649,0.7351,9730,270,0.973,2379
configs/exp4/2q_lru_arc_arc.cfg,experiments/data/phases24_c48_seed47.in,2Q LRU ARC ARC,4,12 12 12 12,48,10000,7038,2962,0.7038,9730,270,0.973,2692
configs/exp4/2q_lru_arc_lfu.cfg,experiments/data/phases24_c48_seed47.in,2Q LRU ARC LFU,4,12 12 12 12,48,10000,6869,3131,0.6869,9730,270,0.973,2861
configs/exp4/2q_lru_arc_lirs.cfg,experiments/data/phases24_c48_seed47.in,2Q LRU ARC LIRS,4,12 12 12 12,48,10000,7476,2524,0.7476,9730,270,0.973,2254
configs/exp4/2q_lru_arc_lru.cfg,experiments/data/phases24_c48_seed47.in,2Q LRU ARC LRU,4,12 12 12 12,48,10000,6934,3066,0.6934,9730,270,0.973,2796
configs/exp4/2q_lru_lfu.cfg,experiments/data/phases24_c48_seed47.in,2Q LRU LFU,3,16 16 16,48,10000,7588,2412,0.7588,9730,270,0.973,2142
configs/exp4/2q_lru_lfu_2q.cfg,experiments/data/phases24_c48_seed47.in,2Q LRU LFU 2Q,4,12 12 12 12,48,10000,7183,2817,0.7183,9730,270,0.973,2547
configs/exp4/2q_lru_lfu_arc.cfg,experiments/data/phases24_c48_seed47.in,2Q LRU LFU ARC,4,12 12 12 12,48,10000,6967,3033,0.6967,9730,270,0.973,2763
configs/exp4/2q_lru_lfu_lfu.cfg,experiments/data/phases24_c48_seed47.in,2Q LRU LFU LFU,4,12 12 12 12,48,10000,6462,3538,0.6462,9730,270,0.973,3268
configs/exp4/2q_lru_lfu_lirs.cfg,experiments/data/phases24_c48_seed47.in,2Q LRU LFU LIRS,4,12 12 12 12,48,10000,7448,2552,0.7448,9730,270,0.973,2282
configs/exp4/2q_lru_lfu_lru.cfg,experiments/data/phases24_c48_seed47.in,2Q LRU LFU LRU,4,12 12 12 12,48,10000,6621,3379,0.6621,9730,270,0.973,3109
configs/exp4/2q_lru_lirs.cfg,experiments/data/phases24_c48_seed47.in,2Q LRU LIRS,3,16 16 16,48,10000,8419,1581,0.8419,9730,270,0.973,1311
configs/exp4/2q_lru_lirs_2q.cfg,experiments/data/phases24_c48_seed47.in,2Q LRU LIRS 2Q,4,12 12 12 12,48,10000,7682,2318,0.7682,9730,270,0.973,2048
configs/exp4/2q_lru_lirs_arc.cfg,experiments/data/phases24_c48_seed47.in,2Q LRU LIRS ARC,4,12 12 12 12,48,10000,7668,2332,0.7668,9730,270,0.973,2062
configs/exp4/2q_lru_lirs_lfu.cfg,experiments/data/phases24_c48_seed47.in,2Q LRU LIRS LFU,4,12 12 12 12,48,10000,7414,2586,0.7414,9730,270,0.973,2316
configs/exp4/2q_lru_lirs_lirs.cfg,experiments/data/phases24_c48_seed47.in,2Q LRU LIRS LIRS,4,12 12 12 12,48,10000,7752,2248,0.7752,9730,270,0.973,1978
configs/exp4/2q_lru_lirs_lru.cfg,experiments/data/phases24_c48_seed47.in,2Q LRU LIRS LRU,4,12 12 12 12,48,10000,7631,2369,0.7631,9730,270,0.973,2099
configs/exp4/2q_lru_lru.cfg,experiments/data/phases24_c48_seed47.in,2Q LRU LRU,3,16 16 16,48,10000,7731,2269,0.7731,9730,270,0.973,1999
configs/exp4/2q_lru_lru_2q.cfg,experiments/data/phases24_c48_seed47.in,2Q LRU LRU 2Q,4,12 12 12 12,48,10000,6640,3360,0.664,9730,270,0.973,3090
configs/exp4/2q_lru_lru_arc.cfg,experiments/data/phases24_c48_seed47.in,2Q LRU LRU ARC,4,12 12 12 12,48,10000,6807,3193,0.6807,9730,270,0.973,2923
configs/exp4/2q_lru_lru_lfu.cfg,experiments/data/phases24_c48_seed47.in,2Q LRU LRU LFU,4,12 12 12 12,48,10000,6444,3556,0.6444,9730,270,0.973,3286
configs/exp4/2q_lru_lru_lirs.cfg,experiments/data/phases24_c48_seed47.in,2Q LRU LRU LIRS,4,12 12 12 12,48,10000,7343,2657,0.7343,9730,270,0.973,2387
configs/exp4/2q_lru_lru_lru.cfg,experiments/data/phases24_c48_seed47.in,2Q LRU LRU LRU,4,12 12 12 12,48,10000,6387,3613,0.6387,9730,270,0.973,3343
configs/exp4/arc_2q.cfg,experiments/data/phases24_c48_seed47.in,ARC 2Q,2,24 24,48,10000,9288,712,0.9288,9730,270,0.973,442
configs/exp4/arc_2q_2q.cfg,experiments/data/phases24_c48_seed47.in,ARC 2Q 2Q,3,16 16 16,48,10000,8325,1675,0.8325,9730,270,0.973,1405
configs/exp4/arc_2q_2q_2q.cfg,experiments/data/phases24_c48_seed47.in,ARC 2Q 2Q 2Q,4,12 12 12 12,48,10000,7441,2559,0.7441,9730,270,0.973,2289
configs/exp4/arc_2q_2q_arc.cfg,experiments/data/phases24_c48_seed47.in,ARC 2Q 2Q ARC,4,12 12 12 12,48,10000,7713,2287,0.7713,9730,270,0.973,2017
configs/exp4/arc_2q_2q_lfu.cfg,experiments/data/phases24_c48_seed47.in,ARC 2Q 2Q LFU,4,12 12 12 12,48,10000,7217,2783,0.7217,9730,270,0.973,2513
configs/exp4/arc_2q_2q_lirs.cfg,experiments/data/phases24_c48_seed47.in,ARC 2Q 2Q LIRS,4,12 12 12 12,48,10000,7642,2358,0.7642,9730,270,0.973,2088
configs/exp4/arc_2q_2q_lru.cfg,experiments/data/phases24_c48_seed47.in,ARC 2Q 2Q LRU,4,12 12 12 12,48,10000,7765,2235,0.7765,9730,270,0.973,1965
configs/exp4/arc_2q_arc.cfg,experiments/data/phases24_c48_seed47.in,ARC 2Q ARC,3,16 16 16,48,10000,8393,1607,0.8393,9730,270,0.973,1337
configs/exp4/arc_2q_arc_2q.cfg,experiments/data/phases24_c48_seed47.in,ARC 2Q ARC 2Q,4,12 12 12 12,48,10000,7701,2299,0.7701,9730,270,0.973,2029
configs/exp4/arc_2q_arc_arc.cfg,experiments/data/phases24_c48_seed47.in,ARC 2Q ARC ARC,4,12 12 12 12,48,10000,7528,2472,0.7528,9730,270,0.973,2202
configs/exp4/arc_2q_arc_lfu.cfg,experiments/data/phases24_c48_seed47.in,ARC 2Q ARC LFU,4,12 12 12 12,48,10000,7311,2689,0.7311,9730,270,0.973,2419
configs/exp4/arc_2q_arc_lirs.cfg,experiments/data/phases24_c48_seed47.in,ARC 2Q ARC LIRS,4,12 12 12 12,48,10000,7767,2233,0.7767,9730,270,0.973,1963
configs/exp4/arc_2q_arc_lru.cfg,experiments/data/phases24_c48_seed47.in,ARC 2Q ARC LRU,4,12 12 12 12,48,10000,7494,2506,0.7494,9730,270,0.973,2236
configs/exp4/arc_2q_lfu.cfg,experiments/data/phases24_c48_seed47.in,ARC 2Q LFU,3,16 16 16,48,10000,7936,2064,0.7936,9730,270,0.973,1794
configs/exp4/arc_2q_lfu_2q.cfg,experiments/data/phases24_c48_seed47.in,ARC 2Q LFU 2Q,4,12 12 12 12,48,10000,7408,2592,0.7408,9730,270,0.973,2322
configs/exp4/arc_2q_lfu_arc.cfg,experiments/data/phases24_c48_seed47.in,ARC 2Q LFU ARC,4,12 12 12 12,48,10000,7545,2455,0.7545,9730,270,0.973,2185
configs/exp4/arc_2q_lfu_lfu.cfg,experiments/data/phases24_c48_seed47.in,ARC 2Q LFU LFU,4,12 12 12 12,48,10000,6833,3167,0.6833,9730,270,0.973,2897
configs/exp4/arc_2q_lfu_lirs.cfg,experiments/data/phases24_c48_seed47.in,ARC 2Q LFU LIRS,4,12 12 12 12,48,10000,7583,2417,0.7583,9730,270,0.973,2147
configs/exp4/arc_2q_lfu_lru.cfg,experiments/data/phases24_c48_seed47.in,ARC 2Q LFU LRU,4,12 12 12 12,48,10000,7495,2505,0.7495,9730,270,0.973,2235
configs/exp4/arc_2q_lirs.cfg,experiments/data/phases24_c48_seed47.in,ARC 2Q LIRS,3,16 16 16,48,10000,8491,1509,0.8491,9730,270,0.973,1239
configs/exp4/arc_2q_lirs_2q.cfg,experiments/data/phases24_c48_seed47.in,ARC 2Q LIRS 2Q,4,12 12 12 12,48,10000,7608,2392,0.7608,9730,270,0.973,2122
configs/exp4/arc_2q_lirs_arc.cfg,experiments/data/phases24_c48_seed47.in,ARC 2Q LIRS ARC,4,12 12 12 12,48,10000,7867,2133,0.7867,9730,270,0.973,1863
configs/exp4/arc_2q_lirs_lfu.cfg,experiments/data/phases24_c48_seed47.in,ARC 2Q LIRS LFU,4,12 12 12 12,48,10000,7406,2594,0.7406,9730,270,0.973,2324
configs/exp4/arc_2q_lirs_lirs.cfg,experiments/data/phases24_c48_seed47.in,ARC 2Q LIRS LIRS,4,12 12 12 12,48,10000,7579,2421,0.7579,9730,270,0.973,2151
configs/exp4/arc_2q_lirs_lru.cfg,experiments/data/phases24_c48_seed47.in,ARC 2Q LIRS LRU,4,12 12 12 12,48,10000,7916,2084,0.7916,9730,270,0.973,1814
configs/exp4/arc_2q_lru.cfg,experiments/data/phases24_c48_seed47.in,ARC 2Q LRU,3,16 16 16,48,10000,8274,1726,0.8274,9730,270,0.973,1456
configs/exp4/arc_2q_lru_2q.cfg,experiments/data/phases24_c48_seed47.in,ARC 2Q LRU 2Q,4,12 12 12 12,48,10000,7601,2399,0.7601,9730,270,0.973,2129
configs/exp4/arc_2q_lru_arc.cfg,experiments/data/phases24_c48_seed47.in,ARC 2Q LRU ARC,4,12 12 12 12,48,10000,7592,2408,0.7592,9730,270,0.973,2138
configs/exp4/arc_2q_lru_lfu.cfg,experiments/data/phases24_c48_seed47.in,ARC 2Q LRU LFU,4,12 12 12 12,48,10000,7194,2806,0.7194,9730,270,0.973,2536
configs/exp4/arc_2q_lru_lirs.cfg,experiments/data/phases24_c48_seed47.in,ARC 2Q LRU LIRS,4,12 12 12 12,48,10000,7928,2072,0.7928,9730,270,0.973,1802
configs/exp4/arc_2q_lru_lru.cfg,experiments/data/phases24_c48_seed47.in,ARC 2Q LRU LRU,4,12 12 12 12,48,10000,7316,2684,0.7316,9730,270,0.973,2414
configs/exp4/arc_arc_2q.cfg,experiments/data/phases24_c48_seed47.in,ARC ARC 2Q,3,16 16 16,48,10000,8338,1662,0.8338,9730,270,0.973,1392
configs/exp4/arc_arc_2q_2q.cfg,experiments/data/phases24_c48_seed47.in,ARC ARC 2Q 2Q,4,12 12 12 12,48,10000,7458,2542,0.7458,9730,270,0.973,2272
configs/exp4/arc_arc_2q_arc.cfg,experiments/data/phases24_c48_seed47.in,ARC ARC 2Q ARC,4,12 12 12 12,48,10000,7583,2417,0.7583,9730,270,0.973,2147
configs/exp4/arc_arc_2q_lfu.cfg,experiments/data/phases24_c48_seed47.in,ARC ARC 2Q LFU,4,12 12 12 12,48,10000,7138,2862,0.7138,9730,270,0.973,2592
configs/exp4/arc_arc_2q_lirs.cfg,experiments/data/phases24_c48_seed47.in,ARC ARC 2Q LIRS,4,12 12 12 12,48,10000,7680,2320,0.768,9730,270,0.973,2050
configs/exp4/arc_arc_2q_lru.cfg,experiments/data/phases24_c48_seed47.in,ARC ARC 2Q LRU,4,12 12 12 12,48,10000,7516,2484,0.7516,9730,270,0.973,2214
configs/exp4/arc_arc_arc_2q.cfg,experiments/data/phases24_c48_seed47.in,ARC ARC ARC 2Q,4,12 12 12 12,48,10000,7262,2738,0.7262,9730,270,0.973,2468
configs/exp4/arc_arc_arc_lfu.cfg,experiments/data/phases24_c48_seed47.in,ARC ARC ARC LFU,4,12 12 12 12,48,10000,6717,3283,0.6717,9730,270,0.973,3013
configs/exp4/arc_arc_arc_lirs.cfg,experiments/data/phases24_c48_seed47.in,ARC ARC ARC LIRS,4,12 12 12 12,48,10000,7219,2781,0.7219,9730,270,0.973,2511
configs/exp4/arc_arc_arc_lru.cfg,experiments/data/phases24_c48_seed47.in,ARC ARC ARC LRU,4,12 12 12 12,48,10000,6730,3270,0.673,9730,270,0.973,3000
configs/exp4/arc_arc_lfu.cfg,experiments/data/phases24_c48_seed47.in,ARC ARC LFU,3,16 16 16,48,10000,7950,2050,0.795,9730,270,0.973,1780
configs/exp4/arc_arc_lfu_2q.cfg,experiments/data/phases24_c48_seed47.in,ARC ARC LFU 2Q,4,12 12 12 12,48,10000,7261,2739,0.7261,9730,270,0.973,2469
configs/exp4/arc_arc_lfu_arc.cfg,experiments/data/phases24_c48_seed47.in,ARC ARC LFU ARC,4,12 12 12 12,48,10000,6941,3059,0.6941,9730,270,0.973,2789
configs/exp4/arc_arc_lfu_lfu.cfg,experiments/data/phases24_c48_seed47.in,ARC ARC LFU LFU,4,12 12 12 12,48,10000,6460,3540,0.646,9730,270,0.973,3270
configs/exp4/arc_arc_lfu_lirs.cfg,experiments/data/phases24_c48_seed47.in,ARC ARC LFU LIRS,4,12 12 12 12,48,10000,7327,2673,0.7327,9730,270,0.973,2403
configs/exp4/arc_arc_lfu_lru.cfg,experiments/data/phases24_c48_seed47.in,ARC ARC LFU LRU,4,12 12 12 12,48,10000,6811,3189,0.6811,9730,270,0.973,2919
configs/exp4/arc_arc_lirs.cfg,experiments/data/phases24_c48_seed47.in,ARC ARC LIRS,3,16 16 16,48,10000,8481,1519,0.8481,9730,270,0.973,1249
configs/exp4/arc_arc_lirs_2q.cfg,experiments/data/phases24_c48_seed47.in,ARC ARC LIRS 2Q,4,12 12 12 12,48,10000,7470,2530,0.747,9730,270,0.973,2260
configs/exp4/arc_arc_lirs_arc.cfg,experiments/data/phases24_c48_seed47.in,ARC ARC LIRS ARC,4,12 12 12 12,48,10000,7442,2558,0.7442,9730,270,0.973,2288
configs/exp4/arc_arc_lirs_lfu.cfg,experiments/data/phases24_c48_seed47.in,ARC ARC LIRS LFU,4,12 12 12 12,48,10000,7165,2835,0.7165,9730,270,0.973,2565
configs/exp4/arc_arc_lirs_lirs.cfg,experiments/data/phases24_c48_seed47.in,ARC ARC LIRS LIRS,4,12 12 12 12,48,10000,7387,2613,0.7387,9730,270,0.973,2343
configs/exp4/arc_arc_lirs_lru.cfg,experiments/data/phases24_c48_seed47.in,ARC ARC LIRS LRU,4,12 12 12 12,48,10000,7480,2520,0.748,9730,270,0.973,2250
configs/exp4/arc_arc_lru.cfg,experiments/data/phases24_c48_seed47.in,ARC ARC LRU,3,16 16 16,48,10000,8168,1832,0.8168,9730,270,0.973,1562
configs/exp4/arc_arc_lru_2q.cfg,experiments/data/phases24_c48_seed47.in,ARC ARC LRU 2Q,4,12 12 12 12,48,10000,6634,3366,0.6634,9730,270,0.973,3096
configs/exp4/arc_arc_lru_arc.cfg,experiments/data/phases24_c48_seed47.in,ARC ARC LRU ARC,4,12 12 12 12,48,10000,6834,3166,0.6834,9730,270,0.973,2896
configs/exp4/arc_arc_lru_lfu.cfg,experiments/data/phases24_c48_seed47.in,ARC ARC LRU LFU,4,12 12 12 12,48,10000,6442,3558,0.6442,9730,270,0.973,3288
configs/exp4/arc_arc_lru_lirs.cfg,experiments/data/phases24_c48_seed47.in,ARC ARC LRU LIRS,4,12 12 12 12,48,10000,7335,2665,0.7335,9730,270,0.973,2395
configs/exp4/arc_arc_lru_lru.cfg,experiments/data/phases24_c48_seed47.in,ARC ARC LRU LRU,4,12 12 12 12,48,10000,6437,3563,0.6437,9730,270,0.973,3293
configs/exp4/arc_lfu.cfg,experiments/data/phases24_c48_seed47.in,ARC LFU,2,24 24,48,10000,9131,869,0.9131,9730,270,0.973,599
configs/exp4/arc_lfu_2q.cfg,experiments/data/phases24_c48_seed47.in,ARC LFU 2Q,3,16 16 16,48,10000,8145,1855,0.8145,9730,270,0.973,1585
configs/exp4/arc_lfu_2q_2q.cfg,experiments/data/phases24_c48_seed47.in,ARC LFU 2Q 2Q,4,12 12 12 12,48,10000,7505,2495,0.7505,9730,270,0.973,2225
configs/exp4/arc_lfu_2q_arc.cfg,experiments/data/phases24_c48_seed47.in,ARC LFU 2Q ARC,4,12 12 12 12,48,10000,7614,2386,0.7614,9730,270,0.973,2116
configs/exp4/arc_lfu_2q_lfu.cfg,experiments/data/phases24_c48_seed47.in,ARC LFU 2Q LFU,4,12 12 12 12,48,10000,6923,3077,0.6923,9730,270,0.973,2807
configs/exp4/arc_lfu_2q_lirs.cfg,experiments/data/phases24_c48_seed47.in,ARC LFU 2Q LIRS,4,12 12 12 12,48,10000,7652,2348,0.7652,9730,270,0.973,2078
configs/exp4/arc_lfu_2q_lru.cfg,experiments/data/phases24_c48_seed47.in,ARC LFU 2Q LRU,4,12 12 12 12,48,10000,7586,2414,0.7586,9730,270,0.973,2144
configs/exp4/arc_lfu_arc.cfg,experiments/data/phases24_c48_seed47.in,ARC LFU ARC,3,16 16 16,48,10000,8146,1854,0.8146,9730,270,0.973,1584
configs/exp4/arc_lfu_arc_2q.cfg,experiments/data/phases24_c48_seed47.in,ARC LFU ARC 2Q,4,12 12 12 12,48,10000,7441,2559,0.7441,9730,270,0.973,2289
configs/exp4/arc_lfu_arc_arc.cfg,experiments/data/phases24_c48_seed47.in,ARC LFU ARC ARC,4,12 12 12 12,48,10000,7116,2884,0.7116,9730,270,0.973,2614
configs/exp4/arc_lfu_arc_lfu.cfg,experiments/data/phases24_c48_seed47.in,ARC LFU ARC LFU,4,12 12 12 12,48,10000,6708,3292,0.6708,9730,270,0.973,3022
configs/exp4/arc_lfu_arc_lirs.cfg,experiments/data/phases24_c48_seed47.in,ARC LFU ARC LIRS,4,12 12 12 12,48,10000,7470,2530,0.747,9730,270,0.973,2260
configs/exp4/arc_lfu_arc_lru.cfg,experiments/data/phases24_c48_seed47.in,ARC LFU ARC LRU,4,12 12 12 12,48,10000,7051,2949,0.7051,9730,270,0.973,2679
configs/exp4/arc_lfu_lfu.cfg,experiments/data/phases24_c48_seed47.in,ARC LFU LFU,3,16 16 16,48,10000,7149,2851,0.7149,9730,270,0.973,2581
configs/exp4/arc_lfu_lfu_2q.cfg,experiments/data/phases24_c48_seed47.in,ARC LFU LFU 2Q,4,12 12 12 12,48,10000,6980,3020,0.698,9730,270,0.973,2750
configs/exp4/arc_lfu_lfu_arc.cfg,experiments/data/phases24_c48_seed47.in,ARC LFU LFU ARC,4,12 12 12 12,48,10000,6761,3239,0.6761,9730,270,0.973,2969
configs/exp4/arc_lfu_lfu_lfu.cfg,experiments/data/phases24_c48_seed47.in,ARC LFU LFU LFU,4,12 12 12 12,48,10000,6120,3880,0.612,9730,270,0.973,3610
configs/exp4/arc_lfu_lfu_lirs.cfg,experiments/data/phases24_c48_seed47.in,ARC LFU LFU LIRS,4,12 12 12 12,48,10000,7086,2914,0.7086,9730,270,0.973,2644
configs/exp4/arc_lfu_lfu_lru.cfg,experiments/data/phases24_c48_seed47.in,ARC LFU LFU LRU,4,12 12 12 12,48,10000,6657,3343,0.6657,9730,270,0.973,3073
configs/exp4/arc_lfu_lirs.cfg,experiments/data/phases24_c48_seed47.in,ARC LFU LIRS,3,16 16 16,48,10000,8276,1724,0.8276,9730,270,0.973,1454
configs/exp4/arc_lfu_lirs_2q.cfg,experiments/data/phases24_c48_seed47.in,ARC LFU LIRS 2Q,4,12 12 12 12,48,10000,7569,2431,0.7569,9730,270,0.973,2161
configs/exp4/arc_lfu_lirs_arc.cfg,experiments/data/phases24_c48_seed47.in,ARC LFU LIRS ARC,4,12 12 12 12,48,10000,7691,2309,0.7691,9730,270,0.973,2039
configs/exp4/arc_lfu_lirs_lfu.cfg,experiments/data/phases24_c48_seed47.in,ARC LFU LIRS LFU,4,12 12 12 12,48,10000,7033,2967,0.7033,9730,270,0.973,2697
configs/exp4/arc_lfu_lirs_lirs.cfg,experiments/data/phases24_c48_seed47.in,ARC LFU LIRS LIRS,4,12 12 12 12,48,10000,7557,2443,0.7557,9730,270,0.973,2173
configs/exp4/arc_lfu_lirs_lru.cfg,experiments/data/phases24_c48_seed47.in,ARC LFU LIRS LRU,4,12 12 12 12,48,10000,7708,2292,0.7708,9730,270,0.973,2022
configs/exp4/arc_lfu_lru.cfg,experiments/data/phases24_c48_seed47.in,ARC LFU LRU,3,16 16 16,48,10000,8004,1996,0.8004,9730,270,0.973,1726
configs/exp4/arc_lfu_lru_2q.cfg,experiments/data/phases24_c48_seed47.in,ARC LFU LRU 2Q,4,12 12 12 12,48,10000,6994,3006,0.6994,9730,270,0.973,2736
configs/exp4/arc_lfu_lru_arc.cfg,experiments/data/phases24_c48_seed47.in,ARC LFU LRU ARC,4,12 12 12 12,48,10000,7035,2965,0.7035,9730,270,0.973,2695
configs/exp4/arc_lfu_lru_lfu.cfg,experiments/data/phases24_c48_seed47.in,ARC LFU LRU LFU,4,12 12 12 12,48,10000,6533,3467,0.6533,9730,270,0.973,3197
configs/exp4/arc_lfu_lru_lirs.cfg,experiments/data/phases24_c48_seed47.in,ARC LFU LRU LIRS,4,12 12 12 12,48,10000,7527,2473,0.7527,9730,270,0.973,2203
configs/exp4/arc_lfu_lru_lru.cfg,experiments/data/phases24_c48_seed47.in,ARC LFU LRU LRU,4,12 12 12 12,48,10000,6598,3402,0.6598,9730,270,0.973,3132
configs/exp4/arc_lirs.cfg,experiments/data/phases24_c48_seed47.in,ARC LIRS,2,24 24,48,10000,9318,682,0.9318,9730,270,0.973,412
configs/exp4/arc_lirs_2q.cfg,experiments/data/phases24_c48_seed47.in,ARC LIRS 2Q,3,16 16 16,48,10000,8550,1450,0.855,9730,270,0.973,1180
configs/exp4/arc_lirs_2q_2q.cfg,experiments/data/phases24_c48_seed47.in,ARC LIRS 2Q 2Q,4,12 12 12 12,48,10000,7455,2545,0.7455,9730,270,0.973,2275
configs/exp4/arc_lirs_2q_arc.cfg,experiments/data/phases24_c48_seed47.in,ARC LIRS 2Q ARC,4,12 12 12 12,48,10000,7685,2315,0.7685,9730,270,0.973,2045
configs/exp4/arc_lirs_2q_lfu.cfg,experiments/data/phases24_c48_seed47.in,ARC LIRS 2Q LFU,4,12 12 12 12,48,10000,7251,2749,0.7251,9730,270,0.973,2479
configs/exp4/arc_lirs_2q_lirs.cfg,experiments/data/phases24_c48_seed47.in,ARC LIRS 2Q LIRS,4,12 12 12 12,48,10000,7580,2420,0.758,9730,270,0.973,2150
configs/exp4/arc_lirs_2q_lru.cfg,experiments/data/phases24_c48_seed47.in,ARC LIRS 2Q LRU,4,12 12 12 12,48,10000,7732,2268,0.7732,9730,270,0.973,1998
configs/exp4/arc_lirs_arc.cfg,experiments/data/phases24_c48_seed47.in,ARC LIRS ARC,3,16 16 16,48,10000,8581,1419,0.8581,9730,270,0.973,1149
configs/exp4/arc_lirs_arc_2q.cfg,experiments/data/phases24_c48_seed47.in,ARC LIRS ARC 2Q,4,12 12 12 12,48,10000,7754,2246,0.7754,9730,270,0.973,1976
configs/exp4/arc_lirs_arc_arc.cfg,experiments/data/phases24_c48_seed47.in,ARC LIRS ARC ARC,4,12 12 12 12,48,10000,7508,2492,0.7508,9730,270,0.973,2222
configs/exp4/arc_lirs_arc_lfu.cfg,experiments/data/phases24_c48_seed47.in,ARC LIRS ARC LFU,4,12 12 12 12,48,10000,7376,2624,0.7376,9730,270,0.973,2354
configs/exp4/arc_lirs_arc_lirs.cfg,experiments/data/phases24_c48_seed47.in,ARC LIRS ARC LIRS,4,12 12 12 12,48,10000,7763,2237,0.7763,9730,270,0.973,1967
configs/exp4/arc_lirs_arc_lru.cfg,experiments/data/phases24_c48_seed47.in,ARC LIRS ARC LRU,4,12 12 12 12,48,10000,7478,2522,0.7478,9730,270,0.973,2252
configs/exp4/arc_lirs_lfu.cfg,experiments/data/phases24_c48_seed47.in,ARC LIRS LFU,3,16 16 16,48,10000,8129,1871,0.8129,9730,270,0.973,1601
configs/exp4/arc_lirs_lfu_2q.cfg,experiments/data/phases24_c48_seed47.in,ARC LIRS LFU 2Q,4,12 12 12 12,48,10000,7460,2540,0.746,9730,270,0.973,2270
configs/exp4/arc_lirs_lfu_arc.cfg,experiments/data/phases24_c48_seed47.in,ARC LIRS LFU ARC,4,12 12 12 12,48,10000,7600,2400,0.76,9730,270,0.973,2130
configs/exp4/arc_lirs_lfu_lfu.cfg,experiments/data/phases24_c48_seed47.in,ARC LIRS LFU LFU,4,12 12 12 12,48,10000,6964,3036,0.6964,9730,270,0.973,2766
configs/exp4/arc_lirs_lfu_lirs.cfg,experiments/data/phases24_c48_seed47.in,ARC LIRS LFU LIRS,4,12 12 12 12,48,10000,7495,2505,0.7495,9730,270,0.973,2235
configs/exp4/arc_lirs_lfu_lru.cfg,experiments/data/phases24_c48_seed47.in,ARC LIRS LFU LRU,4,12 12 12 12,48,10000,7584,2416,0.7584,9730,270,0.973,2146
configs/exp4/arc_lirs_lirs.cfg,experiments/data/phases24_c48_seed47.in,ARC LIRS LIRS,3,16 16 16,48,10000,8568,1432,0.8568,9730,270,0.973,1162
configs/exp4/arc_lirs_lirs_2q.cfg,experiments/data/phases24_c48_seed47.in,ARC LIRS LIRS 2Q,4,12 12 12 12,48,10000,7452,2548,0.7452,9730,270,0.973,2278
configs/exp4/arc_lirs_lirs_arc.cfg,experiments/data/phases24_c48_seed47.in,ARC LIRS LIRS ARC,4,12 12 12 12,48,10000,7696,2304,0.7696,9730,270,0.973,2034
configs/exp4/arc_lirs_lirs_lfu.cfg,experiments/data/phases24_c48_seed47.in,ARC LIRS LIRS LFU,4,12 12 12 12,48,10000,7249,2751,0.7249,9730,270,0.973,2481
configs/exp4/arc_lirs_lirs_lirs.cfg,experiments/data/phases24_c48_seed47.in,ARC LIRS LIRS LIRS,4,12 12 12 12,48,10000,7367,2633,0.7367,9730,270,0.973,2363
configs/exp4/arc_lirs_lirs_lru.cfg,experiments/data/phases24_c48_seed47.in,ARC LIRS LIRS LRU,4,12 12 12 12,48,10000,7751,2249,0.7751,9730,270,0.973,1979
configs/exp4/arc_lirs_lru.cfg,experiments/data/phases24_c48_seed47.in,ARC LIRS LRU,3,16 16 16,48,10000,8563,1437,0.8563,9730,270,0.973,1167
configs/exp4/arc_lirs_lru_2q.cfg,experiments/data/phases24_c48_seed47.in,ARC LIRS LRU 2Q,4,12 12 12 12,48,10000,7508,2492,0.7508,9730,270,0.973,2222
configs/exp4/arc_lirs_lru_arc.cfg,experiments/data/phases24_c48_seed47.in,ARC LIRS LRU ARC,4,12 12 12 12,48,10000,7649,2351,0.7649,9730,270,0.973,2081
configs/exp4/arc_lirs_lru_lfu.cfg,experiments/data/phases24_c48_seed47.in,ARC LIRS LRU LFU,4,12 12 12 12,48,10000,7293,2707,0.7293,9730,270,0.973,2437
configs/exp4/arc_lirs_lru_lirs.cfg,experiments/data/phases24_c48_seed47.in,ARC LIRS LRU LIRS,4,12 12 12 12,48,10000,7965,2035,0.7965,9730,270,0.973,1765
configs/exp4/arc_lirs_lru_lru.cfg,experiments/data/phases24_c48_seed47.in,ARC LIRS LRU LRU,4,12 12 12 12,48,10000,7343,2657,0.7343,9730,270,0.973,2387
configs/exp4/arc_lru.cfg,experiments/data/phases24_c48_seed47.in,ARC LRU,2,24 24,48,10000,9273,727,0.9273,9730,270,0.973,457
configs/exp4/arc_lru_2q.cfg,experiments/data/phases24_c48_seed47.in,ARC LRU 2Q,3,16 16 16,48,10000,8116,1884,0.8116,9730,270,0.973,1614
configs/exp4/arc_lru_2q_2q.cfg,experiments/data/phases24_c48_seed47.in,ARC LRU 2Q 2Q,4,12 12 12 12,48,10000,7082,2918,0.7082,9730,270,0.973,2648
configs/exp4/arc_lru_2q_arc.cfg,experiments/data/phases24_c48_seed47.in,ARC LRU 2Q ARC,4,12 12 12 12,48,10000,7431,2569,0.7431,9730,270,0.973,2299
configs/exp4/arc_lru_2q_lfu.cfg,experiments/data/phases24_c48_seed47.in,ARC LRU 2Q LFU,4,12 12 12 12,48,10000,6783,3217,0.6783,9730,270,0.973,2947
configs/exp4/arc_lru_2q_lirs.cfg,experiments/data/phases24_c48_seed47.in,ARC LRU 2Q LIRS,4,12 12 12 12,48,10000,7721,2279,0.7721,9730,270,0.973,2009
configs/exp4/arc_lru_2q_lru.cfg,experiments/data/phases24_c48_seed47.in,ARC LRU 2Q LRU,4,12 12 12 12,48,10000,7131,2869,0.7131,9730,270,0.973,2599
configs/exp4/arc_lru_arc.cfg,experiments/data/phases24_c48_seed47.in,ARC LRU ARC,3,16 16 16,48,10000,8189,1811,0.8189,9730,270,0.973,1541
configs/exp4/arc_lru_arc_2q.cfg,experiments/data/phases24_c48_seed47.in,ARC LRU ARC 2Q,4,12 12 12 12,48,10000,7079,2921,0.7079,9730,270,0.973,2651
configs/exp4/arc_lru_arc_arc.cfg,experiments/data/phases24_c48_seed47.in,ARC LRU ARC ARC,4,12 12 12 12,48,10000,6752,3248,0.6752,9730,270,0.973,2978
configs/exp4/arc_lru_arc_lfu.cfg,experiments/data/phases24_c48_seed47.in,ARC LRU ARC LFU,4,12 12 12 12,48,10000,6576,3424,0.6576,9730,270,0.973,3154
configs/exp4/arc_lru_arc_lirs.cfg,experiments/data/phases24_c48_seed47.in,ARC LRU ARC LIRS,4,12 12 12 12,48,10000,7233,2767,0.7233,9730,270,0.973,2497
configs/exp4/arc_lru_arc_lru.cfg,experiments/data/phases24_c48_seed47.in,ARC LRU ARC LRU,4,12 12 12 12,48,10000,6615,3385,0.6615,9730,270,0.973,3115
configs/exp4/arc_lru_lfu.cfg,experiments/data/phases24_c48_seed47.in,ARC LRU LFU,3,16 16 16,48,10000,7661,2339,0.7661,9730,270,0.973,2069
configs/exp4/arc_lru_lfu_2q.cfg,experiments/data/phases24_c48_seed47.in,ARC LRU LFU 2Q,4,12 12 12 12,48,10000,6769,3231,0.6769,9730,270,0.973,2961
configs/exp4/arc_lru_lfu_arc.cfg,experiments/data/phases24_c48_seed47.in,ARC LRU LFU ARC,4,12 12 12 12,48,10000,6598,3402,0.6598,9730,270,0.973,3132
configs/exp4/arc_lru_lfu_lfu.cfg,experiments/data/phases24_c48_seed47.in,ARC LRU LFU LFU,4,12 12 12 12,48,10000,6057,3943,0.6057,9730,270,0.973,3673
configs/exp4/arc_lru_lfu_lirs.cfg,experiments/data/phases24_c48_seed47.in,ARC LRU LFU LIRS,4,12 12 12 12,48,10000,7175,2825,0.7175,9730,270,0.973,2555
configs/exp4/arc_lru_lfu_lru.cfg,experiments/data/phases24_c48_seed47.in,ARC LRU LFU LRU,4,12 12 12 12,48,10000,6138,3862,0.6138,9730,270,0.973,3592
configs/exp4/arc_lru_lirs.cfg,experiments/data/phases24_c48_seed47.in,ARC LRU LIRS,3,16 16 16,48,10000,8460,1540,0.846,9730,270,0.973,1270
configs/exp4/arc_lru_lirs_2q.cfg,experiments/data/phases24_c48_seed47.in,ARC LRU LIRS 2Q,4,12 12 12 12,48,10000,7549,2451,0.7549,9730,270,0.973,2181
configs/exp4/arc_lru_lirs_arc.cfg,experiments/data/phases24_c48_seed47.in,ARC LRU LIRS ARC,4,12 12 12 12,48,10000,7551,2449,0.7551,9730,270,0.973,2179
configs/exp4/arc_lru_lirs_lfu.cfg,experiments/data/phases24_c48_seed47.in,ARC LRU LIRS LFU,4,12 12 12 12,48,10000,7233,2767,0.7233,9730,270,0.973,2497
configs/exp4/arc_lru_lirs_lirs.cfg,experiments/data/phases24_c48_seed47.in,ARC LRU LIRS LIRS,4,12 12 12 12,48,10000,7608,2392,0.7608,9730,270,0.973,2122
configs/exp4/arc_lru_lirs_lru.cfg,experiments/data/phases24_c48_seed47.in,ARC LRU LIRS LRU,4,12 12 12 12,48,10000,7454,2546,0.7454,9730,270,0.973,2276
configs/exp4/arc_lru_lru.cfg,experiments/data/phases24_c48_seed47.in,ARC LRU LRU,3,16 16 16,48,10000,7763,2237,0.7763,9730,270,0.973,1967
configs/exp4/arc_lru_lru_2q.cfg,experiments/data/phases24_c48_seed47.in,ARC LRU LRU 2Q,4,12 12 12 12,48,10000,6185,3815,0.6185,9730,270,0.973,3545
configs/exp4/arc_lru_lru_arc.cfg,experiments/data/phases24_c48_seed47.in,ARC LRU LRU ARC,4,12 12 12 12,48,10000,6481,3519,0.6481,9730,270,0.973,3249
configs/exp4/arc_lru_lru_lfu.cfg,experiments/data/phases24_c48_seed47.in,ARC LRU LRU LFU,4,12 12 12 12,48,10000,6019,3981,0.6019,9730,270,0.973,3711
configs/exp4/arc_lru_lru_lirs.cfg,experiments/data/phases24_c48_seed47.in,ARC LRU LRU LIRS,4,12 12 12 12,48,10000,7106,2894,0.7106,9730,270,0.973,2624
configs/exp4/arc_lru_lru_lru.cfg,experiments/data/phases24_c48_seed47.in,ARC LRU LRU LRU,4,12 12 12 12,48,10000,5960,4040,0.596,9730,270,0.973,3770
configs/exp4/lfu_2q.cfg,experiments/data/phases24_c48_seed47.in,LFU 2Q,2,24 24,48,10000,8836,1164,0.8836,9730,270,0.973,894
configs/exp4/lfu_2q_2q.cfg,experiments/data/phases24_c48_seed47.in,LFU 2Q 2Q,3,16 16 16,48,10000,8082,1918,0.8082,9730,270,0.973,1648
configs/exp4/lfu_2q_2q_2q.cfg,experiments/data/phases24_c48_seed47.in,LFU 2Q 2Q 2Q,4,12 12 12 12,48,10000,7329,2671,0.7329,9730,270,0.973,2401
configs/exp4/lfu_2q_2q_arc.cfg,experiments/data/phases24_c48_seed47.in,LFU 2Q 2Q ARC,4,12 12 12 12,48,10000,7584,2416,0.7584,9730,270,0.973,2146
configs/exp4/lfu_2q_2q_lfu.cfg,experiments/data/phases24_c48_seed47.in,LFU 2Q 2Q LFU,4,12 12 12 12,48,10000,6886,3114,0.6886,9730,270,0.973,2844
configs/exp4/lfu_2q_2q_lirs.cfg,experiments/data/phases24_c48_seed47.in,LFU 2Q 2Q LIRS,4,12 12 12 12,48,10000,7489,2511,0.7489,9730,270,0.973,2241
configs/exp4/lfu_2q_2q_lru.cfg,experiments/data/phases24_c48_seed47.in,LFU 2Q 2Q LRU,4,12 12 12 12,48,10000,7644,2356,0.7644,9730,270,0.973,2086
configs/exp4/lfu_2q_arc.cfg,experiments/data/phases24_c48_seed47.in,LFU 2Q ARC,3,16 16 16,48,10000,8147,1853,0.8147,9730,270,0.973,1583
configs/exp4/lfu_2q_arc_2q.cfg,experiments/data/phases24_c48_seed47.in,LFU 2Q ARC 2Q,4,12 12 12 12,48,10000,7591,2409,0.7591,9730,270,0.973,2139
configs/exp4/lfu_2q_arc_arc.cfg,experiments/data/phases24_c48_seed47.in,LFU 2Q ARC ARC,4,12 12 12 12,48,10000,7339,2661,0.7339,9730,270,0.973,2391
configs/exp4/lfu_2q_arc_lfu.cfg,experiments/data/phases24_c48_seed47.in,LFU 2Q ARC LFU,4,12 12 12 12,48,10000,7022,2978,0.7022,9730,270,0.973,2708
configs/exp4/lfu_2q_arc_lirs.cfg,experiments/data/phases24_c48_seed47.in,LFU 2Q ARC LIRS,4,12 12 12 12,48,10000,7668,2332,0.7668,9730,270,0.973,2062
configs/exp4/lfu_2q_arc_lru.cfg,experiments/data/phases24_c48_seed47.in,LFU 2Q ARC LRU,4,12 12 12 12,48,10000,7300,2700,0.73,9730,270,0.973,2430
configs/exp4/lfu_2q_lfu.cfg,experiments/data/phases24_c48_seed47.in,LFU 2Q LFU,3,16 16 16,48,10000,7486,2514,0.7486,9730,270,0.973,2244
configs/exp4/lfu_2q_lfu_2q.cfg,experiments/data/phases24_c48_seed47.in,LFU 2Q LFU 2Q,4,12 12 12 12,48,10000,6888,3112,0.6888,9730,270,0.973,2842
configs/exp4/lfu_2q_lfu_arc.cfg,experiments/data/phases24_c48_seed47.in,LFU 2Q LFU ARC,4,12 12 12 12,48,10000,6976,3024,0.6976,9730,270,0.973,2754
configs/exp4/lfu_2q_lfu_lfu.cfg,experiments/data/phases24_c48_seed47.in,LFU 2Q LFU LFU,4,12 12 12 12,48,10000,6227,3773,0.6227,9730,270,0.973,3503
configs/exp4/lfu_2q_lfu_lirs.cfg,experiments/data/phases24_c48_seed47.in,LFU 2Q LFU LIRS,4,12 12 12 12,48,10000,6986,3014,0.6986,9730,270,0.973,2744
configs/exp4/lfu_2q_lfu_lru.cfg,experiments/data/phases24_c48_seed47.in,LFU 2Q LFU LRU,4,12 12 12 12,48,10000,6986,3014,0.6986,9730,270,0.973,2744
configs/exp4/lfu_2q_lirs.cfg,experiments/data/phases24_c48_seed47.in,LFU 2Q LIRS,3,16 16 16,48,10000,8237,1763,0.8237,9730,270,0.973,1493
configs/exp4/lfu_2q_lirs_2q.cfg,experiments/data/phases24_c48_seed47.in,LFU 2Q LIRS 2Q,4,12 12 12 12,48,10000,7438,2562,0.7438,9730,270,0.973,2292
configs/exp4/lfu_2q_lirs_arc.cfg,experiments/data/phases24_c48_seed47.in,LFU 2Q LIRS ARC,4,12 12 12 12,48,10000,7691,2309,0.7691,9730,270,0.973,2039
configs/exp4/lfu_2q_lirs_lfu.cfg,experiments/data/phases24_c48_seed47.in,LFU 2Q LIRS LFU,4,12 12 12 12,48,10000,6982,3018,0.6982,9730,270,0.973,2748
configs/exp4/lfu_2q_lirs_lirs.cfg,experiments/data/phases24_c48_seed47.in,LFU 2Q LIRS LIRS,4,12 12 12 12,48,10000,7441,2559,0.7441,9730,270,0.973,2289
configs/exp4/lfu_2q_lirs_lru.cfg,experiments/data/phases24_c48_seed47.in,LFU 2Q LIRS LRU,4,12 12 12 12,48,10000,7765,2235,0.7765,9730,270,0.973,1965
configs/exp4/lfu_2q_lru.cfg,experiments/data/phases24_c48_seed47.in,LFU 2Q LRU,3,16 16 16,48,10000,7995,2005,0.7995,9730,270,0.973,1735
configs/exp4/lfu_2q_lru_2q.cfg,experiments/data/phases24_c48_seed47.in,LFU 2Q LRU 2Q,4,12 12 12 12,48,10000,7558,2442,0.7558,9730,270,0.973,2172
configs/exp4/lfu_2q_lru_arc.cfg,experiments/data/phases24_c48_seed47.in,LFU 2Q LRU ARC,4,12 12 12 12,48,10000,7338,2662,0.7338,9730,270,0.973,2392
configs/exp4/lfu_2q_lru_lfu.cfg,experiments/data/phases24_c48_seed47.in,LFU 2Q LRU LFU,4,12 12 12 12,48,10000,6906,3094,0.6906,9730,270,0.973,2824
configs/exp4/lfu_2q_lru_lirs.cfg,experiments/data/phases24_c48_seed47.in,LFU 2Q LRU LIRS,4,12 12 12 12,48,10000,7740,2260,0.774,9730,270,0.973,1990
configs/exp4/lfu_2q_lru_lru.cfg,experiments/data/phases24_c48_seed47.in,LFU 2Q LRU LRU,4,12 12 12 12,48,10000,7084,2916,0.7084,9730,270,0.973,2646
configs/exp4/lfu_arc.cfg,experiments/data/phases24_c48_seed47.in,LFU ARC,2,24 24,48,10000,9220,780,0.922,9730,270,0.973,510
configs/exp4/lfu_arc_2q.cfg,experiments/data/phases24_c48_seed47.in,LFU ARC 2Q,3,16 16 16,48,10000,8190,1810,0.819,9730,270,0.973,1540
configs/exp4/lfu_arc_2q_2q.cfg,experiments/data/phases24_c48_seed47.in,LFU ARC 2Q 2Q,4,12 12 12 12,48,10000,7493,2507,0.7493,9730,270,0.973,2237
configs/exp4/lfu_arc_2q_arc.cfg,experiments/data/phases24_c48_seed47.in,LFU ARC 2Q ARC,4,12 12 12 12,48,10000,7657,2343,0.7657,9730,270,0.973,2073
configs/exp4/lfu_arc_2q_lfu.cfg,experiments/data/phases24_c48_seed47.in,LFU ARC 2Q LFU,4,12 12 12 12,48,10000,7023,2977,0.7023,9730,270,0.973,2707
configs/exp4/lfu_arc_2q_lirs.cfg,experiments/data/phases24_c48_seed47.in,LFU ARC 2Q LIRS,4,12 12 12 12,48,10000,7637,2363,0.7637,9730,270,0.973,2093
configs/exp4/lfu_arc_2q_lru.cfg,experiments/data/phases24_c48_seed47.in,LFU ARC 2Q LRU,4,12 12 12 12,48,10000,7650,2350,0.765,9730,270,0.973,2080
configs/exp4/lfu_arc_arc.cfg,experiments/data/phases24_c48_seed47.in,LFU ARC ARC,3,16 16 16,48,10000,8194,1806,0.8194,9730,270,0.973,1536
configs/exp4/lfu_arc_arc_2q.cfg,experiments/data/phases24_c48_seed47.in,LFU ARC ARC 2Q,4,12 12 12 12,48,10000,7460,2540,0.746,9730,270,0.973,2270
configs/exp4/lfu_arc_arc_arc.cfg,experiments/data/phases24_c48_seed47.in,LFU ARC ARC ARC,4,12 12 12 12,48,10000,7119,2881,0.7119,9730,270,0.973,2611
configs/exp4/lfu_arc_arc_lfu.cfg,experiments/data/phases24_c48_seed47.in,LFU ARC ARC LFU,4,12 12 12 12,48,10000,6902,3098,0.6902,9730,270,0.973,2828
configs/exp4/lfu_arc_arc_lirs.cfg,experiments/data/phases24_c48_seed47.in,LFU ARC ARC LIRS,4,12 12 12 12,48,10000,7480,2520,0.748,9730,270,0.973,2250
configs/exp4/lfu_arc_arc_lru.cfg,experiments/data/phases24_c48_seed47.in,LFU ARC ARC LRU,4,12 12 12 12,48,10000,7074,2926,0.7074,9730,270,0.973,2656
configs/exp4/lfu_arc_lfu.cfg,experiments/data/phases24_c48_seed47.in,LFU ARC LFU,3,16 16 16,48,10000,7582,2418,0.7582,9730,270,0.973,2148
configs/exp4/lfu_arc_lfu_2q.cfg,experiments/data/phases24_c48_seed47.in,LFU ARC LFU 2Q,4,12 12 12 12,48,10000,6957,3043,0.6957,9730,270,0.973,2773
configs/exp4/lfu_arc_lfu_arc.cfg,experiments/data/phases24_c48_seed47.in,LFU ARC LFU ARC,4,12 12 12 12,48,10000,6756,3244,0.6756,9730,270,0.973,2974
configs/exp4/lfu_arc_lfu_lfu.cfg,experiments/data/phases24_c48_seed47.in,LFU ARC LFU LFU,4,12 12 12 12,48,10000,6186,3814,0.6186,9730,270,0.973,3544
configs/exp4/lfu_arc_lfu_lirs.cfg,experiments/data/phases24_c48_seed47.in,LFU ARC LFU LIRS,4,12 12 12 12,48,10000,7042,2958,0.7042,9730,270,0.973,2688
configs/exp4/lfu_arc_lfu_lru.cfg,experiments/data/phases24_c48_seed47.in,LFU ARC LFU LRU,4,12 12 12 12,48,10000,6682,3318,0.6682,9730,270,0.973,3048
configs/exp4/lfu_arc_lirs.cfg,experiments/data/phases24_c48_seed47.in,LFU ARC LIRS,3,16 16 16,48,10000,8310,1690,0.831,9730,270,0.973,1420
configs/exp4/lfu_arc_lirs_2q.cfg,experiments/data/phases24_c48_seed47.in,LFU ARC LIRS 2Q,4,12 12 12 12,48,10000,7573,2427,0.7573,9730,270,0.973,2157
configs/exp4/lfu_arc_lirs_arc.cfg,experiments/data/phases24_c48_seed47.in,LFU ARC LIRS ARC,4,12 12 12 12,48,10000,7674,2326,0.7674,9730,270,0.973,2056
configs/exp4/lfu_arc_lirs_lfu.cfg,experiments/data/phases24_c48_seed47.in,LFU ARC LIRS LFU,4,12 12 12 12,48,10000,7082,2918,0.7082,9730,270,0.973,2648
configs/exp4/lfu_arc_lirs_lirs.cfg,experiments/data/phases24_c48_seed47.in,LFU ARC LIRS LIRS,4,12 12 12 12,48,10000,7512,2488,0.7512,9730,270,0.973,2218
configs/exp4/lfu_arc_lirs_lru.cfg,experiments/data/phases24_c48_seed47.in,LFU ARC LIRS LRU,4,12 12 12 12,48,10000,7708,2292,0.7708,9730,270,0.973,2022
configs/exp4/lfu_arc_lru.cfg,experiments/data/phases24_c48_seed47.in,LFU ARC LRU,3,16 16 16,48,10000,8062,1938,0.8062,9730,270,0.973,1668
configs/exp4/lfu_arc_lru_2q.cfg,experiments/data/phases24_c48_seed47.in,LFU ARC LRU 2Q,4,12 12 12 12,48,10000,6960,3040,0.696,9730,270,0.973,2770
configs/exp4/lfu_arc_lru_arc.cfg,experiments/data/phases24_c48_seed47.in,LFU ARC LRU ARC,4,12 12 12 12,48,10000,7088,2912,0.7088,9730,270,0.973,2642
configs/exp4/lfu_arc_lru_lfu.cfg,experiments/data/phases24_c48_seed47.in,LFU ARC LRU LFU,4,12 12 12 12,48,10000,6579,3421,0.6579,9730,270,0.973,3151
configs/exp4/lfu_arc_lru_lirs.cfg,experiments/data/phases24_c48_seed47.in,LFU ARC LRU LIRS,4,12 12 12 12,48,10000,7576,2424,0.7576,9730,270,0.973,2154
configs/exp4/lfu_arc_lru_lru.cfg,experiments/data/phases24_c48_seed47.in,LFU ARC LRU LRU,4,12 12 12 12,48,10000,6732,3268,0.6732,9730,270,0.973,2998
configs/exp4/lfu_lfu_2q.cfg,experiments/data/phases24_c48_seed47.in,LFU LFU 2Q,3,16 16 16,48,10000,7486,2514,0.7486,9730,270,0.973,2244
configs/exp4/lfu_lfu_2q_2q.cfg,experiments/data/phases24_c48_seed47.in,LFU LFU 2Q 2Q,4,12 12 12 12,48,10000,6919,3081,0.6919,9730,270,0.973,2811
configs/exp4/lfu_lfu_2q_arc.cfg,experiments/data/phases24_c48_seed47.in,LFU LFU 2Q ARC,4,12 12 12 12,48,10000,7008,2992,0.7008,9730,270,0.973,2722
configs/exp4/lfu_lfu_2q_lfu.cfg,experiments/data/phases24_c48_seed47.in,LFU LFU 2Q LFU,4,12 12 12 12,48,10000,6447,3553,0.6447,9730,270,0.973,3283
configs/exp4/lfu_lfu_2q_lirs.cfg,experiments/data/phases24_c48_seed47.in,LFU LFU 2Q LIRS,4,12 12 12 12,48,10000,7028,2972,0.7028,9730,270,0.973,2702
configs/exp4/lfu_lfu_2q_lru.cfg,experiments/data/phases24_c48_seed47.in,LFU LFU 2Q LRU,4,12 12 12 12,48,10000,7001,2999,0.7001,9730,270,0.973,2729
configs/exp4/lfu_lfu_arc.cfg,experiments/data/phases24_c48_seed47.in,LFU LFU ARC,3,16 16 16,48,10000,7589,2411,0.7589,9730,270,0.973,2141
configs/exp4/lfu_lfu_arc_2q.cfg,experiments/data/phases24_c48_seed47.in,LFU LFU ARC 2Q,4,12 12 12 12,48,10000,6982,3018,0.6982,9730,270,0.973,2748
configs/exp4/lfu_lfu_arc_arc.cfg,experiments/data/phases24_c48_seed47.in,LFU LFU ARC ARC,4,12 12 12 12,48,10000,6778,3222,0.6778,9730,270,0.973,2952
configs/exp4/lfu_lfu_arc_lfu.cfg,experiments/data/phases24_c48_seed47.in,LFU LFU ARC LFU,4,12 12 12 12,48,10000,6477,3523,0.6477,9730,270,0.973,3253
configs/exp4/lfu_lfu_arc_lirs.cfg,experiments/data/phases24_c48_seed47.in,LFU LFU ARC LIRS,4,12 12 12 12,48,10000,7083,2917,0.7083,9730,270,0.973,2647
configs/exp4/lfu_lfu_arc_lru.cfg,experiments/data/phases24_c48_seed47.in,LFU LFU ARC LRU,4,12 12 12 12,48,10000,6724,3276,0.6724,9730,270,0.973,3006
configs/exp4/lfu_lfu_lfu_2q.cfg,experiments/data/phases24_c48_seed47.in,LFU LFU LFU 2Q,4,12 12 12 12,48,10000,6610,3390,0.661,9730,270,0.973,3120
configs/exp4/lfu_lfu_lfu_arc.cfg,experiments/data/phases24_c48_seed47.in,LFU LFU LFU ARC,4,12 12 12 12,48,10000,6623,3377,0.6623,9730,270,0.973,3107
configs/exp4/lfu_lfu_lfu_lirs.cfg,experiments/data/phases24_c48_seed47.in,LFU LFU LFU LIRS,4,12 12 12 12,48,10000,6669,3331,0.6669,9730,270,0.973,3061
configs/exp4/lfu_lfu_lfu_lru.cfg,experiments/data/phases24_c48_seed47.in,LFU LFU LFU LRU,4,12 12 12 12,48,10000,6530,3470,0.653,9730,270,0.973,3200
configs/exp4/lfu_lfu_lirs.cfg,experiments/data/phases24_c48_seed47.in,LFU LFU LIRS,3,16 16 16,48,10000,7622,2378,0.7622,9730,270,0.973,2108
configs/exp4/lfu_lfu_lirs_2q.cfg,experiments/data/phases24_c48_seed47.in,LFU LFU LIRS 2Q,4,12 12 12 12,48,10000,7107,2893,0.7107,9730,270,0.973,2623
configs/exp4/lfu_lfu_lirs_arc.cfg,experiments/data/phases24_c48_seed47.in,LFU LFU LIRS ARC,4,12 12 12 12,48,10000,7256,2744,0.7256,9730,270,0.973,2474
configs/exp4/lfu_lfu_lirs_lfu.cfg,experiments/data/phases24_c48_seed47.in,LFU LFU LIRS LFU,4,12 12 12 12,48,10000,6408,3592,0.6408,9730,270,0.973,3322
configs/exp4/lfu_lfu_lirs_lirs.cfg,experiments/data/phases24_c48_seed47.in,LFU LFU LIRS LIRS,4,12 12 12 12,48,10000,7014,2986,0.7014,9730,270,0.973,2716
configs/exp4/lfu_lfu_lirs_lru.cfg,experiments/data/phases24_c48_seed47.in,LFU LFU LIRS LRU,4,12 12 12 12,48,10000,7328,2672,0.7328,9730,270,0.973,2402
configs/exp4/lfu_lfu_lru.cfg,experiments/data/phases24_c48_seed47.in,LFU LFU LRU,3,16 16 16,48,10000,7410,2590,0.741,9730,270,0.973,2320
configs/exp4/lfu_lfu_lru_2q.cfg,experiments/data/phases24_c48_seed47.in,LFU LFU LRU 2Q,4,12 12 12 12,48,10000,7010,2990,0.701,9730,270,0.973,2720
configs/exp4/lfu_lfu_lru_arc.cfg,experiments/data/phases24_c48_seed47.in,LFU LFU LRU ARC,4,12 12 12 12,48,10000,6668,3332,0.6668,9730,270,0.973,3062
configs/exp4/lfu_lfu_lru_lfu.cfg,experiments/data/phases24_c48_seed47.in,LFU LFU LRU LFU,4,12 12 12 12,48,10000,6237,3763,0.6237,9730,270,0.973,3493
configs/exp4/lfu_lfu_lru_lirs.cfg,experiments/data/phases24_c48_seed47.in,LFU LFU LRU LIRS,4,12 12 12 12,48,10000,7211,2789,0.7211,9730,270,0.973,2519
configs/exp4/lfu_lfu_lru_lru.cfg,experiments/data/phases24_c48_seed47.in,LFU LFU LRU LRU,4,12 12 12 12,48,10000,6343,3657,0.6343,9730,270,0.973,3387
configs/exp4/lfu_lirs.cfg,experiments/data/phases24_c48_seed47.in,LFU LIRS,2,24 24,48,10000,9245,755,0.9245,9730,270,0.973,485
configs/exp4/lfu_lirs_2q.cfg,experiments/data/phases24_c48_seed47.in,LFU LIRS 2Q,3,16 16 16,48,10000,8407,1593,0.8407,9730,270,0.973,1323
configs/exp4/lfu_lirs_2q_2q.cfg,experiments/data/phases24_c48_seed47.in,LFU LIRS 2Q 2Q,4,12 12 12 12,48,10000,7537,2463,0.7537,9730,270,0.973,2193
configs/exp4/lfu_lirs_2q_arc.cfg,experiments/data/phases24_c48_seed47.in,LFU LIRS 2Q ARC,4,12 12 12 12,48,10000,7674,2326,0.7674,9730,270,0.973,2056
configs/exp4/lfu_lirs_2q_lfu.cfg,experiments/data/phases24_c48_seed47.in,LFU LIRS 2Q LFU,4,12 12 12 12,48,10000,7088,2912,0.7088,9730,270,0.973,2642
configs/exp4/lfu_lirs_2q_lirs.cfg,experiments/data/phases24_c48_seed47.in,LFU LIRS 2Q LIRS,4,12 12 12 12,48,10000,7626,2374,0.7626,9730,270,0.973,2104
configs/exp4/lfu_lirs_2q_lru.cfg,experiments/data/phases24_c48_seed47.in,LFU LIRS 2Q LRU,4,12 12 12 12,48,10000,7738,2262,0.7738,9730,270,0.973,1992
configs/exp4/lfu_lirs_arc.cfg,experiments/data/phases24_c48_seed47.in,LFU LIRS ARC,3,16 16 16,48,10000,8406,1594,0.8406,9730,270,0.973,1324
configs/exp4/lfu_lirs_arc_2q.cfg,experiments/data/phases24_c48_seed47.in,LFU LIRS ARC 2Q,4,12 12 12 12,48,10000,7805,2195,0.7805,9730,270,0.973,1925
configs/exp4/lfu_lirs_arc_arc.cfg,experiments/data/phases24_c48_seed47.in,LFU LIRS ARC ARC,4,12 12 12 12,48,10000,7611,2389,0.7611,9730,270,0.973,2119
configs/exp4/lfu_lirs_arc_lfu.cfg,experiments/data/phases24_c48_seed47.in,LFU LIRS ARC LFU,4,12 12 12 12,48,10000,7302,2698,0.7302,9730,270,0.973,2428
configs/exp4/lfu_lirs_arc_lirs.cfg,experiments/data/phases24_c48_seed47.in,LFU LIRS ARC LIRS,4,12 12 12 12,48,10000,7800,2200,0.78,9730,270,0.973,1930
configs/exp4/lfu_lirs_arc_lru.cfg,experiments/data/phases24_c48_seed47.in,LFU LIRS ARC LRU,4,12 12 12 12,48,10000,7570,2430,0.757,9730,270,0.973,2160
configs/exp4/lfu_lirs_lfu.cfg,experiments/data/phases24_c48_seed47.in,LFU LIRS LFU,3,16 16 16,48,10000,7548,2452,0.7548,9730,270,0.973,2182
configs/exp4/lfu_lirs_lfu_2q.cfg,experiments/data/phases24_c48_seed47.in,LFU LIRS LFU 2Q,4,12 12 12 12,48,10000,7070,2930,0.707,9730,270,0.973,2660
configs/exp4/lfu_lirs_lfu_arc.cfg,experiments/data/phases24_c48_seed47.in,LFU LIRS LFU ARC,4,12 12 12 12,48,10000,7237,2763,0.7237,9730,270,0.973,2493
configs/exp4/lfu_lirs_lfu_lfu.cfg,experiments/data/phases24_c48_seed47.in,LFU LIRS LFU LFU,4,12 12 12 12,48,10000,6272,3728,0.6272,9730,270,0.973,3458
configs/exp4/lfu_lirs_lfu_lirs.cfg,experiments/data/phases24_c48_seed47.in,LFU LIRS LFU LIRS,4,12 12 12 12,48,10000,6996,3004,0.6996,9730,270,0.973,2734
configs/exp4/lfu_lirs_lfu_lru.cfg,experiments/data/phases24_c48_seed47.in,LFU LIRS LFU LRU,4,12 12 12 12,48,10000,7295,2705,0.7295,9730,270,0.973,2435
configs/exp4/lfu_lirs_lirs.cfg,experiments/data/phases24_c48_seed47.in,LFU LIRS LIRS,3,16 16 16,48,10000,8332,1668,0.8332,9730,270,0.973,1398
configs/exp4/lfu_lirs_lirs_2q.cfg,experiments/data/phases24_c48_seed47.in,LFU LIRS LIRS 2Q,4,12 12 12 12,48,10000,7519,2481,0.7519,9730,270,0.973,2211
configs/exp4/lfu_lirs_lirs_arc.cfg,experiments/data/phases24_c48_seed47.in,LFU LIRS LIRS ARC,4,12 12 12 12,48,10000,7770,2230,0.777,9730,270,0.973,1960
configs/exp4/lfu_lirs_lirs_lfu.cfg,experiments/data/phases24_c48_seed47.in,LFU LIRS LIRS LFU,4,12 12 12 12,48,10000,7046,2954,0.7046,9730,270,0.973,2684
configs/exp4/lfu_lirs_lirs_lirs.cfg,experiments/data/phases24_c48_seed47.in,LFU LIRS LIRS LIRS,4,12 12 12 12,48,10000,7390,2610,0.739,9730,270,0.973,2340
configs/exp4/lfu_lirs_lirs_lru.cfg,experiments/data/phases24_c48_seed47.in,LFU LIRS LIRS LRU,4,12 12 12 12,48,10000,7878,2122,0.7878,9730,270,0.973,1852
configs/exp4/lfu_lirs_lru.cfg,experiments/data/phases24_c48_seed47.in,LFU LIRS LRU,3,16 16 16,48,10000,8425,1575,0.8425,9730,270,0.973,1305
configs/exp4/lfu_lirs_lru_2q.cfg,experiments/data/phases24_c48_seed47.in,LFU LIRS LRU 2Q,4,12 12 12 12,48,10000,7753,2247,0.7753,9730,270,0.973,1977
configs/exp4/lfu_lirs_lru_arc.cfg,experiments/data/phases24_c48_seed47.in,LFU LIRS LRU ARC,4,12 12 12 12,48,10000,7609,2391,0.7609,9730,270,0.973,2121
configs/exp4/lfu_lirs_lru_lfu.cfg,experiments/data/phases24_c48_seed47.in,LFU LIRS LRU LFU,4,12 12 12 12,48,10000,7281,2719,0.7281,9730,270,0.973,2449
configs/exp4/lfu_lirs_lru_lirs.cfg,experiments/data/phases24_c48_seed47.in,LFU LIRS LRU LIRS,4,12 12 12 12,48,10000,7928,2072,0.7928,9730,270,0.973,1802
configs/exp4/lfu_lirs_lru_lru.cfg,experiments/data/phases24_c48_seed47.in,LFU LIRS LRU LRU,4,12 12 12 12,48,10000,7387,2613,0.7387,9730,270,0.973,2343
configs/exp4/lfu_lru.cfg,experiments/data/phases24_c48_seed47.in,LFU LRU,2,24 24,48,10000,8981,1019,0.8981,9730,270,0.973,749
configs/exp4/lfu_lru_2q.cfg,experiments/data/phases24_c48_seed47.in,LFU LRU 2Q,3,16 16 16,48,10000,7910,2090,0.791,9730,270,0.973,1820
configs/exp4/lfu_lru_2q_2q.cfg,experiments/data/phases24_c48_seed47.in,LFU LRU 2Q 2Q,4,12 12 12 12,48,10000,7564,2436,0.7564,9730,270,0.973,2166
configs/exp4/lfu_lru_2q_arc.cfg,experiments/data/phases24_c48_seed47.in,LFU LRU 2Q ARC,4,12 12 12 12,48,10000,7719,2281,0.7719,9730,270,0.973,2011
configs/exp4/lfu_lru_2q_lfu.cfg,experiments/data/phases24_c48_seed47.in,LFU LRU 2Q LFU,4,12 12 12 12,48,10000,6919,3081,0.6919,9730,270,0.973,2811
configs/exp4/lfu_lru_2q_lirs.cfg,experiments/data/phases24_c48_seed47.in,LFU LRU 2Q LIRS,4,12 12 12 12,48,10000,7834,2166,0.7834,9730,270,0.973,1896
configs/exp4/lfu_lru_2q_lru.cfg,experiments/data/phases24_c48_seed47.in,LFU LRU 2Q LRU,4,12 12 12 12,48,10000,7619,2381,0.7619,9730,270,0.973,2111
configs/exp4/lfu_lru_arc.cfg,experiments/data/phases24_c48_seed47.in,LFU LRU ARC,3,16 16 16,48,10000,7991,2009,0.7991,9730,270,0.973,1739
configs/exp4/lfu_lru_arc_2q.cfg,experiments/data/phases24_c48_seed47.in,LFU LRU ARC 2Q,4,12 12 12 12,48,10000,7345,2655,0.7345,9730,270,0.973,2385
configs/exp4/lfu_lru_arc_arc.cfg,experiments/data/phases24_c48_seed47.in,LFU LRU ARC ARC,4,12 12 12 12,48,10000,6997,3003,0.6997,9730,270,0.973,2733
configs/exp4/lfu_lru_arc_lfu.cfg,experiments/data/phases24_c48_seed47.in,LFU LRU ARC LFU,4,12 12 12 12,48,10000,6594,3406,0.6594,9730,270,0.973,3136
configs/exp4/lfu_lru_arc_lirs.cfg,experiments/data/phases24_c48_seed47.in,LFU LRU ARC LIRS,4,12 12 12 12,48,10000,7391,2609,0.7391,9730,270,0.973,2339
configs/exp4/lfu_lru_arc_lru.cfg,experiments/data/phases24_c48_seed47.in,LFU LRU ARC LRU,4,12 12 12 12,48,10000,6880,3120,0.688,9730,270,0.973,2850
configs/exp4/lfu_lru_lfu.cfg,experiments/data/phases24_c48_seed47.in,LFU LRU LFU,3,16 16 16,48,10000,7186,2814,0.7186,9730,270,0.973,2544
configs/exp4/lfu_lru_lfu_2q.cfg,experiments/data/phases24_c48_seed47.in,LFU LRU LFU 2Q,4,12 12 12 12,48,10000,6991,3009,0.6991,9730,270,0.973,2739
configs/exp4/lfu_lru_lfu_arc.cfg,experiments/data/phases24_c48_seed47.in,LFU LRU LFU ARC,4,12 12 12 12,48,10000,6668,3332,0.6668,9730,270,0.973,3062
configs/exp4/lfu_lru_lfu_lfu.cfg,experiments/data/phases24_c48_seed47.in,LFU LRU LFU LFU,4,12 12 12 12,48,10000,5967,4033,0.5967,9730,270,0.973,3763
configs/exp4/lfu_lru_lfu_lirs.cfg,experiments/data/phases24_c48_seed47.in,LFU LRU LFU LIRS,4,12 12 12 12,48,10000,7193,2807,0.7193,9730,270,0.973,2537
configs/exp4/lfu_lru_lfu_lru.cfg,experiments/data/phases24_c48_seed47.in,LFU LRU LFU LRU,4,12 12 12 12,48,10000,6313,3687,0.6313,9730,270,0.973,3417
configs/exp4/lfu_lru_lirs.cfg,experiments/data/phases24_c48_seed47.in,LFU LRU LIRS,3,16 16 16,48,10000,8258,1742,0.8258,9730,270,0.973,1472
configs/exp4/lfu_lru_lirs_2q.cfg,experiments/data/phases24_c48_seed47.in,LFU LRU LIRS 2Q,4,12 12 12 12,48,10000,7641,2359,0.7641,9730,270,0.973,2089
configs/exp4/lfu_lru_lirs_arc.cfg,experiments/data/phases24_c48_seed47.in,LFU LRU LIRS ARC,4,12 12 12 12,48,10000,7745,2255,0.7745,9730,270,0.973,1985
configs/exp4/lfu_lru_lirs_lfu.cfg,experiments/data/phases24_c48_seed47.in,LFU LRU LIRS LFU,4,12 12 12 12,48,10000,7143,2857,0.7143,9730,270,0.973,2587
configs/exp4/lfu_lru_lirs_lirs.cfg,experiments/data/phases24_c48_seed47.in,LFU LRU LIRS LIRS,4,12 12 12 12,48,10000,7712,2288,0.7712,9730,270,0.973,2018
configs/exp4/lfu_lru_lirs_lru.cfg,experiments/data/phases24_c48_seed47.in,LFU LRU LIRS LRU,4,12 12 12 12,48,10000,7741,2259,0.7741,9730,270,0.973,1989
configs/exp4/lfu_lru_lru.cfg,experiments/data/phases24_c48_seed47.in,LFU LRU LRU,3,16 16 16,48,10000,7663,2337,0.7663,9730,270,0.973,2067
configs/exp4/lfu_lru_lru_2q.cfg,experiments/data/phases24_c48_seed47.in,LFU LRU LRU 2Q,4,12 12 12 12,48,10000,6378,3622,0.6378,9730,270,0.973,3352
configs/exp4/lfu_lru_lru_arc.cfg,experiments/data/phases24_c48_seed47.in,LFU LRU LRU ARC,4,12 12 12 12,48,10000,6736,3264,0.6736,9730,270,0.973,2994
configs/exp4/lfu_lru_lru_lfu.cfg,experiments/data/phases24_c48_seed47.in,LFU LRU LRU LFU,4,12 12 12 12,48,10000,6185,3815,0.6185,9730,270,0.973,3545
configs/exp4/lfu_lru_lru_lirs.cfg,experiments/data/phases24_c48_seed47.in,LFU LRU LRU LIRS,4,12 12 12 12,48,10000,7290,2710,0.729,9730,270,0.973,2440
configs/exp4/lfu_lru_lru_lru.cfg,experiments/data/phases24_c48_seed47.in,LFU LRU LRU LRU,4,12 12 12 12,48,10000,6287,3713,0.6287,9730,270,0.973,3443
configs/exp4/lirs_2q.cfg,experiments/data/phases24_c48_seed47.in,LIRS 2Q,2,24 24,48,10000,9328,672,0.9328,9730,270,0.973,402
configs/exp4/lirs_2q_2q.cfg,experiments/data/phases24_c48_seed47.in,LIRS 2Q 2Q,3,16 16 16,48,10000,8527,1473,0.8527,9730,270,0.973,1203
configs/exp4/lirs_2q_2q_2q.cfg,experiments/data/phases24_c48_seed47.in,LIRS 2Q 2Q 2Q,4,12 12 12 12,48,10000,7382,2618,0.7382,9730,270,0.973,2348
configs/exp4/lirs_2q_2q_arc.cfg,experiments/data/phases24_c48_seed47.in,LIRS 2Q 2Q ARC,4,12 12 12 12,48,10000,7670,2330,0.767,9730,270,0.973,2060
configs/exp4/lirs_2q_2q_lfu.cfg,experiments/data/phases24_c48_seed47.in,LIRS 2Q 2Q LFU,4,12 12 12 12,48,10000,7248,2752,0.7248,9730,270,0.973,2482
configs/exp4/lirs_2q_2q_lirs.cfg,experiments/data/phases24_c48_seed47.in,LIRS 2Q 2Q LIRS,4,12 12 12 12,48,10000,7534,2466,0.7534,9730,270,0.973,2196
configs/exp4/lirs_2q_2q_lru.cfg,experiments/data/phases24_c48_seed47.in,LIRS 2Q 2Q LRU,4,12 12 12 12,48,10000,7756,2244,0.7756,9730,270,0.973,1974
configs/exp4/lirs_2q_arc.cfg,experiments/data/phases24_c48_seed47.in,LIRS 2Q ARC,3,16 16 16,48,10000,8539,1461,0.8539,9730,270,0.973,1191
configs/exp4/lirs_2q_arc_2q.cfg,experiments/data/phases24_c48_seed47.in,LIRS 2Q ARC 2Q,4,12 12 12 12,48,10000,7771,2229,0.7771,9730,270,0.973,1959
configs/exp4/lirs_2q_arc_arc.cfg,experiments/data/phases24_c48_seed47.in,LIRS 2Q ARC ARC,4,12 12 12 12,48,10000,7539,2461,0.7539,9730,270,0.973,2191
configs/exp4/lirs_2q_arc_lfu.cfg,experiments/data/phases24_c48_seed47.in,LIRS 2Q ARC LFU,4,12 12 12 12,48,10000,7371,2629,0.7371,9730,270,0.973,2359
configs/exp4/lirs_2q_arc_lirs.cfg,experiments/data/phases24_c48_seed47.in,LIRS 2Q ARC LIRS,4,12 12 12 12,48,10000,7777,2223,0.7777,9730,270,0.973,1953
configs/exp4/lirs_2q_arc_lru.cfg,experiments/data/phases24_c48_seed47.in,LIRS 2Q ARC LRU,4,12 12 12 12,48,10000,7465,2535,0.7465,9730,270,0.973,2265
configs/exp4/lirs_2q_lfu.cfg,experiments/data/phases24_c48_seed47.in,LIRS 2Q LFU,3,16 16 16,48,10000,8168,1832,0.8168,9730,270,0.973,1562
configs/exp4/lirs_2q_lfu_2q.cfg,experiments/data/phases24_c48_seed47.in,LIRS 2Q LFU 2Q,4,12 12 12 12,48,10000,7437,2563,0.7437,9730,270,0.973,2293
configs/exp4/lirs_2q_lfu_arc.cfg,experiments/data/phases24_c48_seed47.in,LIRS 2Q LFU ARC,4,12 12 12 12,48,10000,7602,2398,0.7602,9730,270,0.973,2128
configs/exp4/lirs_2q_lfu_lfu.cfg,experiments/data/phases24_c48_seed47.in,LIRS 2Q LFU LFU,4,12 12 12 12,48,10000,6939,3061,0.6939,9730,270,0.973,2791
configs/exp4/lirs_2q_lfu_lirs.cfg,experiments/data/phases24_c48_seed47.in,LIRS 2Q LFU LIRS,4,12 12 12 12,48,10000,7567,2433,0.7567,9730,270,0.973,2163
configs/exp4/lirs_2q_lfu_lru.cfg,experiments/data/phases24_c48_seed47.in,LIRS 2Q LFU LRU,4,12 12 12 12,48,10000,7593,2407,0.7593,9730,270,0.973,2137
configs/exp4/lirs_2q_lirs.cfg,experiments/data/phases24_c48_seed47.in,LIRS 2Q LIRS,3,16 16 16,48,10000,8645,1355,0.8645,9730,270,0.973,1085
configs/exp4/lirs_2q_lirs_2q.cfg,experiments/data/phases24_c48_seed47.in,LIRS 2Q LIRS 2Q,4,12 12 12 12,48,10000,7557,2443,0.7557,9730,270,0.973,2173
configs/exp4/lirs_2q_lirs_arc.cfg,experiments/data/phases24_c48_seed47.in,LIRS 2Q LIRS ARC,4,12 12 12 12,48,10000,7753,2247,0.7753,9730,270,0.973,1977
configs/exp4/lirs_2q_lirs_lfu.cfg,experiments/data/phases24_c48_seed47.in,LIRS 2Q LIRS LFU,4,12 12 12 12,48,10000,7382,2618,0.7382,9730,270,0.973,2348
configs/exp4/lirs_2q_lirs_lirs.cfg,experiments/data/phases24_c48_seed47.in,LIRS 2Q LIRS LIRS,4,12 12 12 12,48,10000,7501,2499,0.7501,9730,270,0.973,2229
configs/exp4/lirs_2q_lirs_lru.cfg,experiments/data/phases24_c48_seed47.in,LIRS 2Q LIRS LRU,4,12 12 12 12,48,10000,7841,2159,0.7841,9730,270,0.973,1889
configs/exp4/lirs_2q_lru.cfg,experiments/data/phases24_c48_seed47.in,LIRS 2Q LRU,3,16 16 16,48,10000,8436,1564,0.8436,9730,270,0.973,1294
configs/exp4/lirs_2q_lru_2q.cfg,experiments/data/phases24_c48_seed47.in,LIRS 2Q LRU 2Q,4,12 12 12 12,48,10000,7576,2424,0.7576,9730,270,0.973,2154
configs/exp4/lirs_2q_lru_arc.cfg,experiments/data/phases24_c48_seed47.in,LIRS 2Q LRU ARC,4,12 12 12 12,48,10000,7572,2428,0.7572,9730,270,0.973,2158
configs/exp4/lirs_2q_lru_lfu.cfg,experiments/data/phases24_c48_seed47.in,LIRS 2Q LRU LFU,4,12 12 12 12,48,10000,7287,2713,0.7287,9730,270,0.973,2443
configs/exp4/lirs_2q_lru_lirs.cfg,experiments/data/phases24_c48_seed47.in,LIRS 2Q LRU LIRS,4,12 12 12 12,48,10000,7898,2102,0.7898,9730,270,0.973,1832
configs/exp4/lirs_2q_lru_lru.cfg,experiments/data/phases24_c48_seed47.in,LIRS 2Q LRU LRU,4,12 12 12 12,48,10000,7317,2683,0.7317,9730,270,0.973,2413
configs/exp4/lirs_arc.cfg,experiments/data/phases24_c48_seed47.in,LIRS ARC,2,24 24,48,10000,9325,675,0.9325,9730,270,0.973,405
configs/exp4/lirs_arc_2q.cfg,experiments/data/phases24_c48_seed47.in,LIRS ARC 2Q,3,16 16 16,48,10000,8542,1458,0.8542,9730,270,0.973,1188
configs/exp4/lirs_arc_2q_2q.cfg,experiments/data/phases24_c48_seed47.in,LIRS ARC 2Q 2Q,4,12 12 12 12,48,10000,7779,2221,0.7779,9730,270,0.973,1951
configs/exp4/lirs_arc_2q_arc.cfg,experiments/data/phases24_c48_seed47.in,LIRS ARC 2Q ARC,4,12 12 12 12,48,10000,7847,2153,0.7847,9730,270,0.973,1883
configs/exp4/lirs_arc_2q_lfu.cfg,experiments/data/phases24_c48_seed47.in,LIRS ARC 2Q LFU,4,12 12 12 12,48,10000,7508,2492,0.7508,9730,270,0.973,2222
configs/exp4/lirs_arc_2q_lirs.cfg,experiments/data/phases24_c48_seed47.in,LIRS ARC 2Q LIRS,4,12 12 12 12,48,10000,7981,2019,0.7981,9730,270,0.973,1749
configs/exp4/lirs_arc_2q_lru.cfg,experiments/data/phases24_c48_seed47.in,LIRS ARC 2Q LRU,4,12 12 12 12,48,10000,7843,2157,0.7843,9730,270,0.973,1887
configs/exp4/lirs_arc_arc.cfg,experiments/data/phases24_c48_seed47.in,LIRS ARC ARC,3,16 16 16,48,10000,8498,1502,0.8498,9730,270,0.973,1232
configs/exp4/lirs_arc_arc_2q.cfg,experiments/data/phases24_c48_seed47.in,LIRS ARC ARC 2Q,4,12 12 12 12,48,10000,7686,2314,0.7686,9730,270,0.973,2044
configs/exp4/lirs_arc_arc_arc.cfg,experiments/data/phases24_c48_seed47.in,LIRS ARC ARC ARC,4,12 12 12 12,48,10000,7310,2690,0.731,9730,270,0.973,2420
configs/exp4/lirs_arc_arc_lfu.cfg,experiments/data/phases24_c48_seed47.in,LIRS ARC ARC LFU,4,12 12 12 12,48,10000,7235,2765,0.7235,9730,270,0.973,2495
configs/exp4/lirs_arc_arc_lirs.cfg,experiments/data/phases24_c48_seed47.in,LIRS ARC ARC LIRS,4,12 12 12 12,48,10000,7641,2359,0.7641,9730,270,0.973,2089
configs/exp4/lirs_arc_arc_lru.cfg,experiments/data/phases24_c48_seed47.in,LIRS ARC ARC LRU,4,12 12 12 12,48,10000,7255,2745,0.7255,9730,270,0.973,2475
configs/exp4/lirs_arc_lfu.cfg,experiments/data/phases24_c48_seed47.in,LIRS ARC LFU,3,16 16 16,48,10000,8194,1806,0.8194,9730,270,0.973,1536
configs/exp4/lirs_arc_lfu_2q.cfg,experiments/data/phases24_c48_seed47.in,LIRS ARC LFU 2Q,4,12 12 12 12,48,10000,7626,2374,0.7626,9730,270,0.973,2104
configs/exp4/lirs_arc_lfu_arc.cfg,experiments/data/phases24_c48_seed47.in,LIRS ARC LFU ARC,4,12 12 12 12,48,10000,7419,2581,0.7419,9730,270,0.973,2311
configs/exp4/lirs_arc_lfu_lfu.cfg,experiments/data/phases24_c48_seed47.in,LIRS ARC LFU LFU,4,12 12 12 12,48,10000,7074,2926,0.7074,9730,270,0.973,2656
configs/exp4/lirs_arc_lfu_lirs.cfg,experiments/data/phases24_c48_seed47.in,LIRS ARC LFU LIRS,4,12 12 12 12,48,10000,7667,2333,0.7667,9730,270,0.973,2063
configs/exp4/lirs_arc_lfu_lru.cfg,experiments/data/phases24_c48_seed47.in,LIRS ARC LFU LRU,4,12 12 12 12,48,10000,7297,2703,0.7297,9730,270,0.973,2433
configs/exp4/lirs_arc_lirs.cfg,experiments/data/phases24_c48_seed47.in,LIRS ARC LIRS,3,16 16 16,48,10000,8590,1410,0.859,9730,270,0.973,1140
configs/exp4/lirs_arc_lirs_2q.cfg,experiments/data/phases24_c48_seed47.in,LIRS ARC LIRS 2Q,4,12 12 12 12,48,10000,7743,2257,0.7743,9730,270,0.973,1987
configs/exp4/lirs_arc_lirs_arc.cfg,experiments/data/phases24_c48_seed47.in,LIRS ARC LIRS ARC,4,12 12 12 12,48,10000,7770,2230,0.777,9730,270,0.973,1960
configs/exp4/lirs_arc_lirs_lfu.cfg,experiments/data/phases24_c48_seed47.in,LIRS ARC LIRS LFU,4,12 12 12 12,48,10000,7531,2469,0.7531,9730,270,0.973,2199
configs/exp4/lirs_arc_lirs_lirs.cfg,experiments/data/phases24_c48_seed47.in,LIRS ARC LIRS LIRS,4,12 12 12 12,48,10000,7726,2274,0.7726,9730,270,0.973,2004
configs/exp4/lirs_arc_lirs_lru.cfg,experiments/data/phases24_c48_seed47.in,LIRS ARC LIRS LRU,4,12 12 12 12,48,10000,7800,2200,0.78,9730,270,0.973,1930
configs/exp4/lirs_arc_lru.cfg,experiments/data/phases24_c48_seed47.in,LIRS ARC LRU,3,16 16 16,48,10000,8435,1565,0.8435,9730,270,0.973,1295
configs/exp4/lirs_arc_lru_2q.cfg,experiments/data/phases24_c48_seed47.in,LIRS ARC LRU 2Q,4,12 12 12 12,48,10000,7142,2858,0.7142,9730,270,0.973,2588
configs/exp4/lirs_arc_lru_arc.cfg,experiments/data/phases24_c48_seed47.in,LIRS ARC LRU ARC,4,12 12 12 12,48,10000,7317,2683,0.7317,9730,270,0.973,2413
configs/exp4/lirs_arc_lru_lfu.cfg,experiments/data/phases24_c48_seed47.in,LIRS ARC LRU LFU,4,12 12 12 12,48,10000,7036,2964,0.7036,9730,270,0.973,2694
configs/exp4/lirs_arc_lru_lirs.cfg,experiments/data/phases24_c48_seed47.in,LIRS ARC LRU LIRS,4,12 12 12 12,48,10000,7705,2295,0.7705,9730,270,0.973,2025
configs/exp4/lirs_arc_lru_lru.cfg,experiments/data/phases24_c48_seed47.in,LIRS ARC LRU LRU,4,12 12 12 12,48,10000,6992,3008,0.6992,9730,270,0.973,2738
configs/exp4/lirs_lfu.cfg,experiments/data/phases24_c48_seed47.in,LIRS LFU,2,24 24,48,10000,9160,840,0.916,9730,270,0.973,570
configs/exp4/lirs_lfu_2q.cfg,experiments/data/phases24_c48_seed47.in,LIRS LFU 2Q,3,16 16 16,48,10000,8353,1647,0.8353,9730,270,0.973,1377
configs/exp4/lirs_lfu_2q_2q.cfg,experiments/data/phases24_c48_seed47.in,LIRS LFU 2Q 2Q,4,12 12 12 12,48,10000,7524,2476,0.7524,9730,270,0.973,2206
configs/exp4/lirs_lfu_2q_arc.cfg,experiments/data/phases24_c48_seed47.in,LIRS LFU 2Q ARC,4,12 12 12 12,48,10000,7644,2356,0.7644,9730,270,0.973,2086
configs/exp4/lirs_lfu_2q_lfu.cfg,experiments/data/phases24_c48_seed47.in,LIRS LFU 2Q LFU,4,12 12 12 12,48,10000,7018,2982,0.7018,9730,270,0.973,2712
configs/exp4/lirs_lfu_2q_lirs.cfg,experiments/data/phases24_c48_seed47.in,LIRS LFU 2Q LIRS,4,12 12 12 12,48,10000,7620,2380,0.762,9730,270,0.973,2110
configs/exp4/lirs_lfu_2q_lru.cfg,experiments/data/phases24_c48_seed47.in,LIRS LFU 2Q LRU,4,12 12 12 12,48,10000,7673,2327,0.7673,9730,270,0.973,2057
configs/exp4/lirs_lfu_arc.cfg,experiments/data/phases24_c48_seed47.in,LIRS LFU ARC,3,16 16 16,48,10000,8363,1637,0.8363,9730,270,0.973,1367
configs/exp4/lirs_lfu_arc_2q.cfg,experiments/data/phases24_c48_seed47.in,LIRS LFU ARC 2Q,4,12 12 12 12,48,10000,7794,2206,0.7794,9730,270,0.973,1936
configs/exp4/lirs_lfu_arc_arc.cfg,experiments/data/phases24_c48_seed47.in,LIRS LFU ARC ARC,4,12 12 12 12,48,10000,7569,2431,0.7569,9730,270,0.973,2161
configs/exp4/lirs_lfu_arc_lfu.cfg,experiments/data/phases24_c48_seed47.in,LIRS LFU ARC LFU,4,12 12 12 12,48,10000,7168,2832,0.7168,9730,270,0.973,2562
configs/exp4/lirs_lfu_arc_lirs.cfg,experiments/data/phases24_c48_seed47.in,LIRS LFU ARC LIRS,4,12 12 12 12,48,10000,7785,2215,0.7785,9730,270,0.973,1945
configs/exp4/lirs_lfu_arc_lru.cfg,experiments/data/phases24_c48_seed47.in,LIRS LFU ARC LRU,4,12 12 12 12,48,10000,7505,2495,0.7505,9730,270,0.973,2225
configs/exp4/lirs_lfu_lfu.cfg,experiments/data/phases24_c48_seed47.in,LIRS LFU LFU,3,16 16 16,48,10000,7281,2719,0.7281,9730,270,0.973,2449
configs/exp4/lirs_lfu_lfu_2q.cfg,experiments/data/phases24_c48_seed47.in,LIRS LFU LFU 2Q,4,12 12 12 12,48,10000,7069,2931,0.7069,9730,270,0.973,2661
configs/exp4/lirs_lfu_lfu_arc.cfg,experiments/data/phases24_c48_seed47.in,LIRS LFU LFU ARC,4,12 12 12 12,48,10000,7211,2789,0.7211,9730,270,0.973,2519
configs/exp4/lirs_lfu_lfu_lfu.cfg,experiments/data/phases24_c48_seed47.in,LIRS LFU LFU LFU,4,12 12 12 12,48,10000,6085,3915,0.6085,9730,270,0.973,3645
configs/exp4/lirs_lfu_lfu_lirs.cfg,experiments/data/phases24_c48_seed47.in,LIRS LFU LFU LIRS,4,12 12 12 12,48,10000,7014,2986,0.7014,9730,270,0.973,2716
configs/exp4/lirs_lfu_lfu_lru.cfg,experiments/data/phases24_c48_seed47.in,LIRS LFU LFU LRU,4,12 12 12 12,48,10000,7253,2747,0.7253,9730,270,0.973,2477
configs/exp4/lirs_lfu_lirs.cfg,experiments/data/phases24_c48_seed47.in,LIRS LFU LIRS,3,16 16 16,48,10000,8318,1682,0.8318,9730,270,0.973,1412
configs/exp4/lirs_lfu_lirs_2q.cfg,experiments/data/phases24_c48_seed47.in,LIRS LFU LIRS 2Q,4,12 12 12 12,48,10000,7552,2448,0.7552,9730,270,0.973,2178
configs/exp4/lirs_lfu_lirs_arc.cfg,experiments/data/phases24_c48_seed47.in,LIRS LFU LIRS ARC,4,12 12 12 12,48,10000,7778,2222,0.7778,9730,270,0.973,1952
configs/exp4/lirs_lfu_lirs_lfu.cfg,experiments/data/phases24_c48_seed47.in,LIRS LFU LIRS LFU,4,12 12 12 12,48,10000,6957,3043,0.6957,9730,270,0.973,2773
configs/exp4/lirs_lfu_lirs_lirs.cfg,experiments/data/phases24_c48_seed47.in,LIRS LFU LIRS LIRS,4,12 12 12 12,48,10000,7442,2558,0.7442,9730,270,0.973,2288
configs/exp4/lirs_lfu_lirs_lru.cfg,experiments/data/phases24_c48_seed47.in,LIRS LFU LIRS LRU,4,12 12 12 12,48,10000,7840,2160,0.784,9730,270,0.973,1890
configs/exp4/lirs_lfu_lru.cfg,experiments/data/phases24_c48_seed47.in,LIRS LFU LRU,3,16 16 16,48,10000,8331,1669,0.8331,9730,270,0.973,1399
configs/exp4/lirs_lfu_lru_2q.cfg,experiments/data/phases24_c48_seed47.in,LIRS LFU LRU 2Q,4,12 12 12 12,48,10000,7686,2314,0.7686,9730,270,0.973,2044
configs/exp4/lirs_lfu_lru_arc.cfg,experiments/data/phases24_c48_seed47.in,LIRS LFU LRU ARC,4,12 12 12 12,48,10000,7506,2494,0.7506,9730,270,0.973,2224
configs/exp4/lirs_lfu_lru_lfu.cfg,experiments/data/phases24_c48_seed47.in,LIRS LFU LRU LFU,4,12 12 12 12,48,10000,7147,2853,0.7147,9730,270,0.973,2583
configs/exp4/lirs_lfu_lru_lirs.cfg,experiments/data/phases24_c48_seed47.in,LIRS LFU LRU LIRS,4,12 12 12 12,48,10000,7867,2133,0.7867,9730,270,0.973,1863
configs/exp4/lirs_lfu_lru_lru.cfg,experiments/data/phases24_c48_seed47.in,LIRS LFU LRU LRU,4,12 12 12 12,48,10000,7256,2744,0.7256,9730,270,0.973,2474
configs/exp4/lirs_lirs_2q.cfg,experiments/data/phases24_c48_seed47.in,LIRS LIRS 2Q,3,16 16 16,48,10000,8570,1430,0.857,9730,270,0.973,1160
configs/exp4/lirs_lirs_2q_2q.cfg,experiments/data/phases24_c48_seed47.in,LIRS LIRS 2Q 2Q,4,12 12 12 12,48,10000,7442,2558,0.7442,9730,270,0.973,2288
configs/exp4/lirs_lirs_2q_arc.cfg,experiments/data/phases24_c48_seed47.in,LIRS LIRS 2Q ARC,4,12 12 12 12,48,10000,7621,2379,0.7621,9730,270,0.973,2109
configs/exp4/lirs_lirs_2q_lfu.cfg,experiments/data/phases24_c48_seed47.in,LIRS LIRS 2Q LFU,4,12 12 12 12,48,10000,7246,2754,0.7246,9730,270,0.973,2484
configs/exp4/lirs_lirs_2q_lirs.cfg,experiments/data/phases24_c48_seed47.in,LIRS LIRS 2Q LIRS,4,12 12 12 12,48,10000,7498,2502,0.7498,9730,270,0.973,2232
configs/exp4/lirs_lirs_2q_lru.cfg,experiments/data/phases24_c48_seed47.in,LIRS LIRS 2Q LRU,4,12 12 12 12,48,10000,7698,2302,0.7698,9730,270,0.973,2032
configs/exp4/lirs_lirs_arc.cfg,experiments/data/phases24_c48_seed47.in,LIRS LIRS ARC,3,16 16 16,48,10000,8611,1389,0.8611,9730,270,0.973,1119
configs/exp4/lirs_lirs_arc_2q.cfg,experiments/data/phases24_c48_seed47.in,LIRS LIRS ARC 2Q,4,12 12 12 12,48,10000,7851,2149,0.7851,9730,270,0.973,1879
configs/exp4/lirs_lirs_arc_arc.cfg,experiments/data/phases24_c48_seed47.in,LIRS LIRS ARC ARC,4,12 12 12 12,48,10000,7609,2391,0.7609,9730,270,0.973,2121
configs/exp4/lirs_lirs_arc_lfu.cfg,experiments/data/phases24_c48_seed47.in,LIRS LIRS ARC LFU,4,12 12 12 12,48,10000,7487,2513,0.7487,9730,270,0.973,2243
configs/exp4/lirs_lirs_arc_lirs.cfg,experiments/data/phases24_c48_seed47.in,LIRS LIRS ARC LIRS,4,12 12 12 12,48,10000,7862,2138,0.7862,9730,270,0.973,1868
configs/exp4/lirs_lirs_arc_lru.cfg,experiments/data/phases24_c48_seed47.in,LIRS LIRS ARC LRU,4,12 12 12 12,48,10000,7532,2468,0.7532,9730,270,0.973,2198
configs/exp4/lirs_lirs_lfu.cfg,experiments/data/phases24_c48_seed47.in,LIRS LIRS LFU,3,16 16 16,48,10000,8183,1817,0.8183,9730,270,0.973,1547
configs/exp4/lirs_lirs_lfu_2q.cfg,experiments/data/phases24_c48_seed47.in,LIRS LIRS LFU 2Q,4,12 12 12 12,48,10000,7439,2561,0.7439,9730,270,0.973,2291
configs/exp4/lirs_lirs_lfu_arc.cfg,experiments/data/phases24_c48_seed47.in,LIRS LIRS LFU ARC,4,12 12 12 12,48,10000,7684,2316,0.7684,9730,270,0.973,2046
configs/exp4/lirs_lirs_lfu_lfu.cfg,experiments/data/phases24_c48_seed47.in,LIRS LIRS LFU LFU,4,12 12 12 12,48,10000,6873,3127,0.6873,9730,270,0.973,2857
configs/exp4/lirs_lirs_lfu_lirs.cfg,experiments/data/phases24_c48_seed47.in,LIRS LIRS LFU LIRS,4,12 12 12 12,48,10000,7368,2632,0.7368,9730,270,0.973,2362
configs/exp4/lirs_lirs_lfu_lru.cfg,experiments/data/phases24_c48_seed47.in,LIRS LIRS LFU LRU,4,12 12 12 12,48,10000,7716,2284,0.7716,9730,270,0.973,2014
configs/exp4/lirs_lirs_lirs_2q.cfg,experiments/data/phases24_c48_seed47.in,LIRS LIRS LIRS 2Q,4,12 12 12 12,48,10000,7366,2634,0.7366,9730,270,0.973,2364
configs/exp4/lirs_lirs_lirs_arc.cfg,experiments/data/phases24_c48_seed47.in,LIRS LIRS LIRS ARC,4,12 12 12 12,48,10000,7627,2373,0.7627,9730,270,0.973,2103
configs/exp4/lirs_lirs_lirs_lfu.cfg,experiments/data/phases24_c48_seed47.in,LIRS LIRS LIRS LFU,4,12 12 12 12,48,10000,7102,2898,0.7102,9730,270,0.973,2628
configs/exp4/lirs_lirs_lirs_lru.cfg,experiments/data/phases24_c48_seed47.in,LIRS LIRS LIRS LRU,4,12 12 12 12,48,10000,7734,2266,0.7734,9730,270,0.973,1996
configs/exp4/lirs_lirs_lru.cfg,experiments/data/phases24_c48_seed47.in,LIRS LIRS LRU,3,16 16 16,48,10000,8621,1379,0.8621,9730,270,0.973,1109
configs/exp4/lirs_lirs_lru_2q.cfg,experiments/data/phases24_c48_seed47.in,LIRS LIRS LRU 2Q,4,12 12 12 12,48,10000,7764,2236,0.7764,9730,270,0.973,1966
configs/exp4/lirs_lirs_lru_arc.cfg,experiments/data/phases24_c48_seed47.in,LIRS LIRS LRU ARC,4,12 12 12 12,48,10000,7743,2257,0.7743,9730,270,0.973,1987
configs/exp4/lirs_lirs_lru_lfu.cfg,experiments/data/phases24_c48_seed47.in,LIRS LIRS LRU LFU,4,12 12 12 12,48,10000,7462,2538,0.7462,9730,270,0.973,2268
configs/exp4/lirs_lirs_lru_lirs.cfg,experiments/data/phases24_c48_seed47.in,LIRS LIRS LRU LIRS,4,12 12 12 12,48,10000,8034,1966,0.8034,9730,270,0.973,1696
configs/exp4/lirs_lirs_lru_lru.cfg,experiments/data/phases24_c48_seed47.in,LIRS LIRS LRU LRU,4,12 12 12 12,48,10000,7462,2538,0.7462,9730,270,0.973,2268
configs/exp4/lirs_lru.cfg,experiments/data/phases24_c48_seed47.in,LIRS LRU,2,24 24,48,10000,9303,697,0.9303,9730,270,0.973,427
configs/exp4/lirs_lru_2q.cfg,experiments/data/phases24_c48_seed47.in,LIRS LRU 2Q,3,16 16 16,48,10000,8469,1531,0.8469,9730,270,0.973,1261
configs/exp4/lirs_lru_2q_2q.cfg,experiments/data/phases24_c48_seed47.in,LIRS LRU 2Q 2Q,4,12 12 12 12,48,10000,7665,2335,0.7665,9730,270,0.973,2065
configs/exp4/lirs_lru_2q_arc.cfg,experiments/data/phases24_c48_seed47.in,LIRS LRU 2Q ARC,4,12 12 12 12,48,10000,7861,2139,0.7861,9730,270,0.973,1869
configs/exp4/lirs_lru_2q_lfu.cfg,experiments/data/phases24_c48_seed47.in,LIRS LRU 2Q LFU,4,12 12 12 12,48,10000,7402,2598,0.7402,9730,270,0.973,2328
configs/exp4/lirs_lru_2q_lirs.cfg,experiments/data/phases24_c48_seed47.in,LIRS LRU 2Q LIRS,4,12 12 12 12,48,10000,8098,1902,0.8098,9730,270,0.973,1632
configs/exp4/lirs_lru_2q_lru.cfg,experiments/data/phases24_c48_seed47.in,LIRS LRU 2Q LRU,4,12 12 12 12,48,10000,7669,2331,0.7669,9730,270,0.973,2061
configs/exp4/lirs_lru_arc.cfg,experiments/data/phases24_c48_seed47.in,LIRS LRU ARC,3,16 16 16,48,10000,8431,1569,0.8431,9730,270,0.973,1299
configs/exp4/lirs_lru_arc_2q.cfg,experiments/data/phases24_c48_seed47.in,LIRS LRU ARC 2Q,4,12 12 12 12,48,10000,7603,2397,0.7603,9730,270,0.973,2127
configs/exp4/lirs_lru_arc_arc.cfg,experiments/data/phases24_c48_seed47.in,LIRS LRU ARC ARC,4,12 12 12 12,48,10000,7290,2710,0.729,9730,270,0.973,2440
configs/exp4/lirs_lru_arc_lfu.cfg,experiments/data/phases24_c48_seed47.in,LIRS LRU ARC LFU,4,12 12 12 12,48,10000,7165,2835,0.7165,9730,270,0.973,2565
configs/exp4/lirs_lru_arc_lirs.cfg,experiments/data/phases24_c48_seed47.in,LIRS LRU ARC LIRS,4,12 12 12 12,48,10000,7679,2321,0.7679,9730,270,0.973,2051
configs/exp4/lirs_lru_arc_lru.cfg,experiments/data/phases24_c48_seed47.in,LIRS LRU ARC LRU,4,12 12 12 12,48,10000,7188,2812,0.7188,9730,270,0.973,2542
configs/exp4/lirs_lru_lfu.cfg,experiments/data/phases24_c48_seed47.in,LIRS LRU LFU,3,16 16 16,48,10000,8085,1915,0.8085,9730,270,0.973,1645
configs/exp4/lirs_lru_lfu_2q.cfg,experiments/data/phases24_c48_seed47.in,LIRS LRU LFU 2Q,4,12 12 12 12,48,10000,7479,2521,0.7479,9730,270,0.973,2251
configs/exp4/lirs_lru_lfu_arc.cfg,experiments/data/phases24_c48_seed47.in,LIRS LRU LFU ARC,4,12 12 12 12,48,10000,7256,2744,0.7256,9730,270,0.973,2474
configs/exp4/lirs_lru_lfu_lfu.cfg,experiments/data/phases24_c48_seed47.in,LIRS LRU LFU LFU,4,12 12 12 12,48,10000,6803,3197,0.6803,9730,270,0.973,2927
configs/exp4/lirs_lru_lfu_lirs.cfg,experiments/data/phases24_c48_seed47.in,LIRS LRU LFU LIRS,4,12 12 12 12,48,10000,7659,2341,0.7659,9730,270,0.973,2071
configs/exp4/lirs_lru_lfu_lru.cfg,experiments/data/phases24_c48_seed47.in,LIRS LRU LFU LRU,4,12 12 12 12,48,10000,6973,3027,0.6973,9730,270,0.973,2757
configs/exp4/lirs_lru_lirs.cfg,experiments/data/phases24_c48_seed47.in,LIRS LRU LIRS,3,16 16 16,48,10000,8670,1330,0.867,9730,270,0.973,1060
configs/exp4/lirs_lru_lirs_2q.cfg,experiments/data/phases24_c48_seed47.in,LIRS LRU LIRS 2Q,4,12 12 12 12,48,10000,7881,2119,0.7881,9730,270,0.973,1849
configs/exp4/lirs_lru_lirs_arc.cfg,experiments/data/phases24_c48_seed47.in,LIRS LRU LIRS ARC,4,12 12 12 12,48,10000,7830,2170,0.783,9730,270,0.973,1900
configs/exp4/lirs_lru_lirs_lfu.cfg,experiments/data/phases24_c48_seed47.in,LIRS LRU LIRS LFU,4,12 12 12 12,48,10000,7614,2386,0.7614,9730,270,0.973,2116
configs/exp4/lirs_lru_lirs_lirs.cfg,experiments/data/phases24_c48_seed47.in,LIRS LRU LIRS LIRS,4,12 12 12 12,48,10000,7885,2115,0.7885,9730,270,0.973,1845
configs/exp4/lirs_lru_lirs_lru.cfg,experiments/data/phases24_c48_seed47.in,LIRS LRU LIRS LRU,4,12 12 12 12,48,10000,7794,2206,0.7794,9730,270,0.973,1936
configs/exp4/lirs_lru_lru.cfg,experiments/data/phases24_c48_seed47.in,LIRS LRU LRU,3,16 16 16,48,10000,8167,1833,0.8167,9730,270,0.973,1563
configs/exp4/lirs_lru_lru_2q.cfg,experiments/data/phases24_c48_seed47.in,LIRS LRU LRU 2Q,4,12 12 12 12,48,10000,6923,3077,0.6923,9730,270,0.973,2807
configs/exp4/lirs_lru_lru_arc.cfg,experiments/data/phases24_c48_seed47.in,LIRS LRU LRU ARC,4,12 12 12 12,48,10000,7133,2867,0.7133,9730,270,0.973,2597
configs/exp4/lirs_lru_lru_lfu.cfg,experiments/data/phases24_c48_seed47.in,LIRS LRU LRU LFU,4,12 12 12 12,48,10000,6736,3264,0.6736,9730,270,0.973,2994
configs/exp4/lirs_lru_lru_lirs.cfg,experiments/data/phases24_c48_seed47.in,LIRS LRU LRU LIRS,4,12 12 12 12,48,10000,7564,2436,0.7564,9730,270,0.973,2166
configs/exp4/lirs_lru_lru_lru.cfg,experiments/data/phases24_c48_seed47.in,LIRS LRU LRU LRU,4,12 12 12 12,48,10000,6737,3263,0.6737,9730,270,0.973,2993
configs/exp4/lru_2q.cfg,experiments/data/phases24_c48_seed47.in,LRU 2Q,2,24 24,48,10000,9129,871,0.9129,9730,270,0.973,601
configs/exp4/lru_2q_2q.cfg,experiments/data/phases24_c48_seed47.in,LRU 2Q 2Q,3,16 16 16,48,10000,8079,1921,0.8079,9730,270,0.973,1651
configs/exp4/lru_2q_2q_2q.cfg,experiments/data/phases24_c48_seed47.in,LRU 2Q 2Q 2Q,4,12 12 12 12,48,10000,7532,2468,0.7532,9730,270,0.973,2198
configs/exp4/lru_2q_2q_arc.cfg,experiments/data/phases24_c48_seed47.in,LRU 2Q 2Q ARC,4,12 12 12 12,48,10000,7869,2131,0.7869,9730,270,0.973,1861
configs/exp4/lru_2q_2q_lfu.cfg,experiments/data/phases24_c48_seed47.in,LRU 2Q 2Q LFU,4,12 12 12 12,48,10000,7325,2675,0.7325,9730,270,0.973,2405
configs/exp4/lru_2q_2q_lirs.cfg,experiments/data/phases24_c48_seed47.in,LRU 2Q 2Q LIRS,4,12 12 12 12,48,10000,7810,2190,0.781,9730,270,0.973,1920
configs/exp4/lru_2q_2q_lru.cfg,experiments/data/phases24_c48_seed47.in,LRU 2Q 2Q LRU,4,12 12 12 12,48,10000,7929,2071,0.7929,9730,270,0.973,1801
configs/exp4/lru_2q_arc.cfg,experiments/data/phases24_c48_seed47.in,LRU 2Q ARC,3,16 16 16,48,10000,8262,1738,0.8262,9730,270,0.973,1468
configs/exp4/lru_2q_arc_2q.cfg,experiments/data/phases24_c48_seed47.in,LRU 2Q ARC 2Q,4,12 12 12 12,48,10000,7824,2176,0.7824,9730,270,0.973,1906
configs/exp4/lru_2q_arc_arc.cfg,experiments/data/phases24_c48_seed47.in,LRU 2Q ARC ARC,4,12 12 12 12,48,10000,7752,2248,0.7752,9730,270,0.973,1978
configs/exp4/lru_2q_arc_lfu.cfg,experiments/data/phases24_c48_seed47.in,LRU 2Q ARC LFU,4,12 12 12 12,48,10000,7493,2507,0.7493,9730,270,0.973,2237
configs/exp4/lru_2q_arc_lirs.cfg,experiments/data/phases24_c48_seed47.in,LRU 2Q ARC LIRS,4,12 12 12 12,48,10000,7949,2051,0.7949,9730,270,0.973,1781
configs/exp4/lru_2q_arc_lru.cfg,experiments/data/phases24_c48_seed47.in,LRU 2Q ARC LRU,4,12 12 12 12,48,10000,7775,2225,0.7775,9730,270,0.973,1955
configs/exp4/lru_2q_lfu.cfg,experiments/data/phases24_c48_seed47.in,LRU 2Q LFU,3,16 16 16,48,10000,7641,2359,0.7641,9730,270,0.973,2089
configs/exp4/lru_2q_lfu_2q.cfg,experiments/data/phases24_c48_seed47.in,LRU 2Q LFU 2Q,4,12 12 12 12,48,10000,7522,2478,0.7522,9730,270,0.973,2208
configs/exp4/lru_2q_lfu_arc.cfg,experiments/data/phases24_c48_seed47.in,LRU 2Q LFU ARC,4,12 12 12 12,48,10000,7715,2285,0.7715,9730,270,0.973,2015
configs/exp4/lru_2q_lfu_lfu.cfg,experiments/data/phases24_c48_seed47.in,LRU 2Q LFU LFU,4,12 12 12 12,48,10000,6803,3197,0.6803,9730,270,0.973,2927
configs/exp4/lru_2q_lfu_lirs.cfg,experiments/data/phases24_c48_seed47.in,LRU 2Q LFU LIRS,4,12 12 12 12,48,10000,7806,2194,0.7806,9730,270,0.973,1924
configs/exp4/lru_2q_lfu_lru.cfg,experiments/data/phases24_c48_seed47.in,LRU 2Q LFU LRU,4,12 12 12 12,48,10000,7541,2459,0.7541,9730,270,0.973,2189
configs/exp4/lru_2q_lirs.cfg,experiments/data/phases24_c48_seed47.in,LRU 2Q LIRS,3,16 16 16,48,10000,8308,1692,0.8308,9730,270,0.973,1422
configs/exp4/lru_2q_lirs_2q.cfg,experiments/data/phases24_c48_seed47.in,LRU 2Q LIRS 2Q,4,12 12 12 12,48,10000,7845,2155,0.7845,9730,270,0.973,1885
configs/exp4/lru_2q_lirs_arc.cfg,experiments/data/phases24_c48_seed47.in,LRU 2Q LIRS ARC,4,12 12 12 12,48,10000,8092,1908,0.8092,9730,270,0.973,1638
configs/exp4/lru_2q_lirs_lfu.cfg,experiments/data/phases24_c48_seed47.in,LRU 2Q LIRS LFU,4,12 12 12 12,48,10000,7639,2361,0.7639,9730,270,0.973,2091
configs/exp4/lru_2q_lirs_lirs.cfg,experiments/data/phases24_c48_seed47.in,LRU 2Q LIRS LIRS,4,12 12 12 12,48,10000,7894,2106,0.7894,9730,270,0.973,1836
configs/exp4/lru_2q_lirs_lru.cfg,experiments/data/phases24_c48_seed47.in,LRU 2Q LIRS LRU,4,12 12 12 12,48,10000,8164,1836,0.8164,9730,270,0.973,1566
configs/exp4/lru_2q_lru.cfg,experiments/data/phases24_c48_seed47.in,LRU 2Q LRU,3,16 16 16,48,10000,8165,1835,0.8165,9730,270,0.973,1565
configs/exp4/lru_2q_lru_2q.cfg,experiments/data/phases24_c48_seed47.in,LRU 2Q LRU 2Q,4,12 12 12 12,48,10000,7743,2257,0.7743,9730,270,0.973,1987
configs/exp4/lru_2q_lru_arc.cfg,experiments/data/phases24_c48_seed47.in,LRU 2Q LRU ARC,4,12 12 12 12,48,10000,7807,2193,0.7807,9730,270,0.973,1923
configs/exp4/lru_2q_lru_lfu.cfg,experiments/data/phases24_c48_seed47.in,LRU 2Q LRU LFU,4,12 12 12 12,48,10000,7251,2749,0.7251,9730,270,0.973,2479
configs/exp4/lru_2q_lru_lirs.cfg,experiments/data/phases24_c48_seed47.in,LRU 2Q LRU LIRS,4,12 12 12 12,48,10000,8071,1929,0.8071,9730,270,0.973,1659
configs/exp4/lru_2q_lru_lru.cfg,experiments/data/phases24_c48_seed47.in,LRU 2Q LRU LRU,4,12 12 12 12,48,10000,7458,2542,0.7458,9730,270,0.973,2272
configs/exp4/lru_arc.cfg,experiments/data/phases24_c48_seed47.in,LRU ARC,2,24 24,48,10000,9162,838,0.9162,9730,270,0.973,568
configs/exp4/lru_arc_2q.cfg,experiments/data/phases24_c48_seed47.in,LRU ARC 2Q,3,16 16 16,48,10000,8080,1920,0.808,9730,270,0.973,1650
configs/exp4/lru_arc_2q_2q.cfg,experiments/data/phases24_c48_seed47.in,LRU ARC 2Q 2Q,4,12 12 12 12,48,10000,7322,2678,0.7322,9730,270,0.973,2408
configs/exp4/lru_arc_2q_arc.cfg,experiments/data/phases24_c48_seed47.in,LRU ARC 2Q ARC,4,12 12 12 12,48,10000,7513,2487,0.7513,9730,270,0.973,2217
configs/exp4/lru_arc_2q_lfu.cfg,experiments/data/phases24_c48_seed47.in,LRU ARC 2Q LFU,4,12 12 12 12,48,10000,6984,3016,0.6984,9730,270,0.973,2746
configs/exp4/lru_arc_2q_lirs.cfg,experiments/data/phases24_c48_seed47.in,LRU ARC 2Q LIRS,4,12 12 12 12,48,10000,7629,2371,0.7629,9730,270,0.973,2101
configs/exp4/lru_arc_2q_lru.cfg,experiments/data/phases24_c48_seed47.in,LRU ARC 2Q LRU,4,12 12 12 12,48,10000,7418,2582,0.7418,9730,270,0.973,2312
configs/exp4/lru_arc_arc.cfg,experiments/data/phases24_c48_seed47.in,LRU ARC ARC,3,16 16 16,48,10000,8075,1925,0.8075,9730,270,0.973,1655
configs/exp4/lru_arc_arc_2q.cfg,experiments/data/phases24_c48_seed47.in,LRU ARC ARC 2Q,4,12 12 12 12,48,10000,7113,2887,0.7113,9730,270,0.973,2617
configs/exp4/lru_arc_arc_arc.cfg,experiments/data/phases24_c48_seed47.in,LRU ARC ARC ARC,4,12 12 12 12,48,10000,6675,3325,0.6675,9730,270,0.973,3055
configs/exp4/lru_arc_arc_lfu.cfg,experiments/data/phases24_c48_seed47.in,LRU ARC ARC LFU,4,12 12 12 12,48,10000,6587,3413,0.6587,9730,270,0.973,3143
configs/exp4/lru_arc_arc_lirs.cfg,experiments/data/phases24_c48_seed47.in,LRU ARC ARC LIRS,4,12 12 12 12,48,10000,7157,2843,0.7157,9730,270,0.973,2573
configs/exp4/lru_arc_arc_lru.cfg,experiments/data/phases24_c48_seed47.in,LRU ARC ARC LRU,4,12 12 12 12,48,10000,6636,3364,0.6636,9730,270,0.973,3094
configs/exp4/lru_arc_lfu.cfg,experiments/data/phases24_c48_seed47.in,LRU ARC LFU,3,16 16 16,48,10000,7640,2360,0.764,9730,270,0.973,2090
configs/exp4/lru_arc_lfu_2q.cfg,experiments/data/phases24_c48_seed47.in,LRU ARC LFU 2Q,4,12 12 12 12,48,10000,7033,2967,0.7033,9730,270,0.973,2697
configs/exp4/lru_arc_lfu_arc.cfg,experiments/data/phases24_c48_seed47.in,LRU ARC LFU ARC,4,12 12 12 12,48,10000,6750,3250,0.675,9730,270,0.973,2980
configs/exp4/lru_arc_lfu_lfu.cfg,experiments/data/phases24_c48_seed47.in,LRU ARC LFU LFU,4,12 12 12 12,48,10000,6373,3627,0.6373,9730,270,0.973,3357
configs/exp4/lru_arc_lfu_lirs.cfg,experiments/data/phases24_c48_seed47.in,LRU ARC LFU LIRS,4,12 12 12 12,48,10000,7165,2835,0.7165,9730,270,0.973,2565
configs/exp4/lru_arc_lfu_lru.cfg,experiments/data/phases24_c48_seed47.in,LRU ARC LFU LRU,4,12 12 12 12,48,10000,6544,3456,0.6544,9730,270,0.973,3186
configs/exp4/lru_arc_lirs.cfg,experiments/data/phases24_c48_seed47.in,LRU ARC LIRS,3,16 16 16,48,10000,8321,1679,0.8321,9730,270,0.973,1409
configs/exp4/lru_arc_lirs_2q.cfg,experiments/data/phases24_c48_seed47.in,LRU ARC LIRS 2Q,4,12 12 12 12,48,10000,7370,2630,0.737,9730,270,0.973,2360
configs/exp4/lru_arc_lirs_arc.cfg,experiments/data/phases24_c48_seed47.in,LRU ARC LIRS ARC,4,12 12 12 12,48,10000,7415,2585,0.7415,9730,270,0.973,2315
configs/exp4/lru_arc_lirs_lfu.cfg,experiments/data/phases24_c48_seed47.in,LRU ARC LIRS LFU,4,12 12 12 12,48,10000,7081,2919,0.7081,9730,270,0.973,2649
configs/exp4/lru_arc_lirs_lirs.cfg,experiments/data/phases24_c48_seed47.in,LRU ARC LIRS LIRS,4,12 12 12 12,48,10000,7374,2626,0.7374,9730,270,0.973,2356
configs/exp4/lru_arc_lirs_lru.cfg,experiments/data/phases24_c48_seed47.in,LRU ARC LIRS LRU,4,12 12 12 12,48,10000,7429,2571,0.7429,9730,270,0.973,2301
configs/exp4/lru_arc_lru.cfg,experiments/data/phases24_c48_seed47.in,LRU ARC LRU,3,16 16 16,48,10000,7899,2101,0.7899,9730,270,0.973,1831
configs/exp4/lru_arc_lru_2q.cfg,experiments/data/phases24_c48_seed47.in,LRU ARC LRU 2Q,4,12 12 12 12,48,10000,6507,3493,0.6507,9730,270,0.973,3223
configs/exp4/lru_arc_lru_arc.cfg,experiments/data/phases24_c48_seed47.in,LRU ARC LRU ARC,4,12 12 12 12,48,10000,6642,3358,0.6642,9730,270,0.973,3088
configs/exp4/lru_arc_lru_lfu.cfg,experiments/data/phases24_c48_seed47.in,LRU ARC LRU LFU,4,12 12 12 12,48,10000,6286,3714,0.6286,9730,270,0.973,3444
configs/exp4/lru_arc_lru_lirs.cfg,experiments/data/phases24_c48_seed47.in,LRU ARC LRU LIRS,4,12 12 12 12,48,10000,7178,2822,0.7178,9730,270,0.973,2552
configs/exp4/lru_arc_lru_lru.cfg,experiments/data/phases24_c48_seed47.in,LRU ARC LRU LRU,4,12 12 12 12,48,10000,6256,3744,0.6256,9730,270,0.973,3474
configs/exp4/lru_lfu.cfg,experiments/data/phases24_c48_seed47.in,LRU LFU,2,24 24,48,10000,8774,1226,0.8774,9730,270,0.973,956
configs/exp4/lru_lfu_2q.cfg,experiments/data/phases24_c48_seed47.in,LRU LFU 2Q,3,16 16 16,48,10000,7853,2147,0.7853,9730,270,0.973,1877
configs/exp4/lru_lfu_2q_2q.cfg,experiments/data/phases24_c48_seed47.in,LRU LFU 2Q 2Q,4,12 12 12 12,48,10000,7431,2569,0.7431,9730,270,0.973,2299
configs/exp4/lru_lfu_2q_arc.cfg,experiments/data/phases24_c48_seed47.in,LRU LFU 2Q ARC,4,12 12 12 12,48,10000,7649,2351,0.7649,9730,270,0.973,2081
configs/exp4/lru_lfu_2q_lfu.cfg,experiments/data/phases24_c48_seed47.in,LRU LFU 2Q LFU,4,12 12 12 12,48,10000,6771,3229,0.6771,9730,270,0.973,2959
configs/exp4/lru_lfu_2q_lirs.cfg,experiments/data/phases24_c48_seed47.in,LRU LFU 2Q LIRS,4,12 12 12 12,48,10000,7733,2267,0.7733,9730,270,0.973,1997
configs/exp4/lru_lfu_2q_lru.cfg,experiments/data/phases24_c48_seed47.in,LRU LFU 2Q LRU,4,12 12 12 12,48,10000,7468,2532,0.7468,9730,270,0.973,2262
configs/exp4/lru_lfu_arc.cfg,experiments/data/phases24_c48_seed47.in,LRU LFU ARC,3,16 16 16,48,10000,7912,2088,0.7912,9730,270,0.973,1818
configs/exp4/lru_lfu_arc_2q.cfg,experiments/data/phases24_c48_seed47.in,LRU LFU ARC 2Q,4,12 12 12 12,48,10000,7176,2824,0.7176,9730,270,0.973,2554
configs/exp4/lru_lfu_arc_arc.cfg,experiments/data/phases24_c48_seed47.in,LRU LFU ARC ARC,4,12 12 12 12,48,10000,6835,3165,0.6835,9730,270,0.973,2895
configs/exp4/lru_lfu_arc_lfu.cfg,experiments/data/phases24_c48_seed47.in,LRU LFU ARC LFU,4,12 12 12 12,48,10000,6451,3549,0.6451,9730,270,0.973,3279
configs/exp4/lru_lfu_arc_lirs.cfg,experiments/data/phases24_c48_seed47.in,LRU LFU ARC LIRS,4,12 12 12 12,48,10000,7259,2741,0.7259,9730,270,0.973,2471
configs/exp4/lru_lfu_arc_lru.cfg,experiments/data/phases24_c48_seed47.in,LRU LFU ARC LRU,4,12 12 12 12,48,10000,6692,3308,0.6692,9730,270,0.973,3038
configs/exp4/lru_lfu_lfu.cfg,experiments/data/phases24_c48_seed47.in,LRU LFU LFU,3,16 16 16,48,10000,6887,3113,0.6887,9730,270,0.973,2843
configs/exp4/lru_lfu_lfu_2q.cfg,experiments/data/phases24_c48_seed47.in,LRU LFU LFU 2Q,4,12 12 12 12,48,10000,6947,3053,0.6947,9730,270,0.973,2783
configs/exp4/lru_lfu_lfu_arc.cfg,experiments/data/phases24_c48_seed47.in,LRU LFU LFU ARC,4,12 12 12 12,48,10000,6602,3398,0.6602,9730,270,0.973,3128
configs/exp4/lru_lfu_lfu_lfu.cfg,experiments/data/phases24_c48_seed47.in,LRU LFU LFU LFU,4,12 12 12 12,48,10000,5774,4226,0.5774,9730,270,0.973,3956
configs/exp4/lru_lfu_lfu_lirs.cfg,experiments/data/phases24_c48_seed47.in,LRU LFU LFU LIRS,4,12 12 12 12,48,10000,7157,2843,0.7157,9730,270,0.973,2573
configs/exp4/lru_lfu_lfu_lru.cfg,experiments/data/phases24_c48_seed47.in,LRU LFU LFU LRU,4,12 12 12 12,48,10000,6234,3766,0.6234,9730,270,0.973,3496
configs/exp4/lru_lfu_lirs.cfg,experiments/data/phases24_c48_seed47.in,LRU LFU LIRS,3,16 16 16,48,10000,8207,1793,0.8207,9730,270,0.973,1523
configs/exp4/lru_lfu_lirs_2q.cfg,experiments/data/phases24_c48_seed47.in,LRU LFU LIRS 2Q,4,12 12 12 12,48,10000,7500,2500,0.75,9730,270,0.973,2230
configs/exp4/lru_lfu_lirs_arc.cfg,experiments/data/phases24_c48_seed47.in,LRU LFU LIRS ARC,4,12 12 12 12,48,10000,7626,2374,0.7626,9730,270,0.973,2104
configs/exp4/lru_lfu_lirs_lfu.cfg,experiments/data/phases24_c48_seed47.in,LRU LFU LIRS LFU,4,12 12 12 12,48,10000,7003,2997,0.7003,9730,270,0.973,2727
configs/exp4/lru_lfu_lirs_lirs.cfg,experiments/data/phases24_c48_seed47.in,LRU LFU LIRS LIRS,4,12 12 12 12,48,10000,7591,2409,0.7591,9730,270,0.973,2139
configs/exp4/lru_lfu_lirs_lru.cfg,experiments/data/phases24_c48_seed47.in,LRU LFU LIRS LRU,4,12 12 12 12,48,10000,7610,2390,0.761,9730,270,0.973,2120
configs/exp4/lru_lfu_lru.cfg,experiments/data/phases24_c48_seed47.in,LRU LFU LRU,3,16 16 16,48,10000,7546,2454,0.7546,9730,270,0.973,2184
configs/exp4/lru_lfu_lru_2q.cfg,experiments/data/phases24_c48_seed47.in,LRU LFU LRU 2Q,4,12 12 12 12,48,10000,6192,3808,0.6192,9730,270,0.973,3538
configs/exp4/lru_lfu_lru_arc.cfg,experiments/data/phases24_c48_seed47.in,LRU LFU LRU ARC,4,12 12 12 12,48,10000,6548,3452,0.6548,9730,270,0.973,3182
configs/exp4/lru_lfu_lru_lfu.cfg,experiments/data/phases24_c48_seed47.in,LRU LFU LRU LFU,4,12 12 12 12,48,10000,5914,4086,0.5914,9730,270,0.973,3816
configs/exp4/lru_lfu_lru_lirs.cfg,experiments/data/phases24_c48_seed47.in,LRU LFU LRU LIRS,4,12 12 12 12,48,10000,7123,2877,0.7123,9730,270,0.973,2607
configs/exp4/lru_lfu_lru_lru.cfg,experiments/data/phases24_c48_seed47.in,LRU LFU LRU LRU,4,12 12 12 12,48,10000,6007,3993,0.6007,9730,270,0.973,3723
configs/exp4/lru_lirs.cfg,experiments/data/phases24_c48_seed47.in,LRU LIRS,2,24 24,48,10000,9227,773,0.9227,9730,270,0.973,503
configs/exp4/lru_lirs_2q.cfg,experiments/data/phases24_c48_seed47.in,LRU LIRS 2Q,3,16 16 16,48,10000,8490,1510,0.849,9730,270,0.973,1240
configs/exp4/lru_lirs_2q_2q.cfg,experiments/data/phases24_c48_seed47.in,LRU LIRS 2Q 2Q,4,12 12 12 12,48,10000,7506,2494,0.7506,9730,270,0.973,2224
configs/exp4/lru_lirs_2q_arc.cfg,experiments/data/phases24_c48_seed47.in,LRU LIRS 2Q ARC,4,12 12 12 12,48,10000,7810,2190,0.781,9730,270,0.973,1920
configs/exp4/lru_lirs_2q_lfu.cfg,experiments/data/phases24_c48_seed47.in,LRU LIRS 2Q LFU,4,12 12 12 12,48,10000,7310,2690,0.731,9730,270,0.973,2420
configs/exp4/lru_lirs_2q_lirs.cfg,experiments/data/phases24_c48_seed47.in,LRU LIRS 2Q LIRS,4,12 12 12 12,48,10000,7686,2314,0.7686,9730,270,0.973,2044
configs/exp4/lru_lirs_2q_lru.cfg,experiments/data/phases24_c48_seed47.in,LRU LIRS 2Q LRU,4,12 12 12 12,48,10000,7869,2131,0.7869,9730,270,0.973,1861
configs/exp4/lru_lirs_arc.cfg,experiments/data/phases24_c48_seed47.in,LRU LIRS ARC,3,16 16 16,48,10000,8588,1412,0.8588,9730,270,0.973,1142
configs/exp4/lru_lirs_arc_2q.cfg,experiments/data/phases24_c48_seed47.in,LRU LIRS ARC 2Q,4,12 12 12 12,48,10000,7743,2257,0.7743,9730,270,0.973,1987
configs/exp4/lru_lirs_arc_arc.cfg,experiments/data/phases24_c48_seed47.in,LRU LIRS ARC ARC,4,12 12 12 12,48,10000,7554,2446,0.7554,9730,270,0.973,2176
configs/exp4/lru_lirs_arc_lfu.cfg,experiments/data/phases24_c48_seed47.in,LRU LIRS ARC LFU,4,12 12 12 12,48,10000,7398,2602,0.7398,9730,270,0.973,2332
configs/exp4/lru_lirs_arc_lirs.cfg,experiments/data/phases24_c48_seed47.in,LRU LIRS ARC LIRS,4,12 12 12 12,48,10000,7785,2215,0.7785,9730,270,0.973,1945
configs/exp4/lru_lirs_arc_lru.cfg,experiments/data/phases24_c48_seed47.in,LRU LIRS ARC LRU,4,12 12 12 12,48,10000,7594,2406,0.7594,9730,270,0.973,2136
configs/exp4/lru_lirs_lfu.cfg,experiments/data/phases24_c48_seed47.in,LRU LIRS LFU,3,16 16 16,48,10000,8043,1957,0.8043,9730,270,0.973,1687
configs/exp4/lru_lirs_lfu_2q.cfg,experiments/data/phases24_c48_seed47.in,LRU LIRS LFU 2Q,4,12 12 12 12,48,10000,7510,2490,0.751,9730,270,0.973,2220
configs/exp4/lru_lirs_lfu_arc.cfg,experiments/data/phases24_c48_seed47.in,LRU LIRS LFU ARC,4,12 12 12 12,48,10000,7664,2336,0.7664,9730,270,0.973,2066
configs/exp4/lru_lirs_lfu_lfu.cfg,experiments/data/phases24_c48_seed47.in,LRU LIRS LFU LFU,4,12 12 12 12,48,10000,6984,3016,0.6984,9730,270,0.973,2746
configs/exp4/lru_lirs_lfu_lirs.cfg,experiments/data/phases24_c48_seed47.in,LRU LIRS LFU LIRS,4,12 12 12 12,48,10000,7633,2367,0.7633,9730,270,0.973,2097
configs/exp4/lru_lirs_lfu_lru.cfg,experiments/data/phases24_c48_seed47.in,LRU LIRS LFU LRU,4,12 12 12 12,48,10000,7611,2389,0.7611,9730,270,0.973,2119
configs/exp4/lru_lirs_lirs.cfg,experiments/data/phases24_c48_seed47.in,LRU LIRS LIRS,3,16 16 16,48,10000,8550,1450,0.855,9730,270,0.973,1180
configs/exp4/lru_lirs_lirs_2q.cfg,experiments/data/phases24_c48_seed47.in,LRU LIRS LIRS 2Q,4,12 12 12 12,48,10000,7617,2383,0.7617,9730,270,0.973,2113
configs/exp4/lru_lirs_lirs_arc.cfg,experiments/data/phases24_c48_seed47.in,LRU LIRS LIRS ARC,4,12 12 12 12,48,10000,7859,2141,0.7859,9730,270,0.973,1871
configs/exp4/lru_lirs_lirs_lfu.cfg,experiments/data/phases24_c48_seed47.in,LRU LIRS LIRS LFU,4,12 12 12 12,48,10000,7432,2568,0.7432,9730,270,0.973,2298
configs/exp4/lru_lirs_lirs_lirs.cfg,experiments/data/phases24_c48_seed47.in,LRU LIRS LIRS LIRS,4,12 12 12 12,48,10000,7565,2435,0.7565,9730,270,0.973,2165
configs/exp4/lru_lirs_lirs_lru.cfg,experiments/data/phases24_c48_seed47.in,LRU LIRS LIRS LRU,4,12 12 12 12,48,10000,7921,2079,0.7921,9730,270,0.973,1809
configs/exp4/lru_lirs_lru.cfg,experiments/data/phases24_c48_seed47.in,LRU LIRS LRU,3,16 16 16,48,10000,8571,1429,0.8571,9730,270,0.973,1159
configs/exp4/lru_lirs_lru_2q.cfg,experiments/data/phases24_c48_seed47.in,LRU LIRS LRU 2Q,4,12 12 12 12,48,10000,7660,2340,0.766,9730,270,0.973,2070
configs/exp4/lru_lirs_lru_arc.cfg,experiments/data/phases24_c48_seed47.in,LRU LIRS LRU ARC,4,12 12 12 12,48,10000,7718,2282,0.7718,9730,270,0.973,2012
configs/exp4/lru_lirs_lru_lfu.cfg,experiments/data/phases24_c48_seed47.in,LRU LIRS LRU LFU,4,12 12 12 12,48,10000,7355,2645,0.7355,9730,270,0.973,2375
configs/exp4/lru_lirs_lru_lirs.cfg,experiments/data/phases24_c48_seed47.in,LRU LIRS LRU LIRS,4,12 12 12 12,48,10000,7963,2037,0.7963,9730,270,0.973,1767
configs/exp4/lru_lirs_lru_lru.cfg,experiments/data/phases24_c48_seed47.in,LRU LIRS LRU LRU,4,12 12 12 12,48,10000,7433,2567,0.7433,9730,270,0.973,2297
configs/exp4/lru_lru_2q.cfg,experiments/data/phases24_c48_seed47.in,LRU LRU 2Q,3,16 16 16,48,10000,7709,2291,0.7709,9730,270,0.973,2021
configs/exp4/lru_lru_2q_2q.cfg,experiments/data/phases24_c48_seed47.in,LRU LRU 2Q 2Q,4,12 12 12 12,48,10000,5845,4155,0.5845,9730,270,0.973,3885
configs/exp4/lru_lru_2q_arc.cfg,experiments/data/phases24_c48_seed47.in,LRU LRU 2Q ARC,4,12 12 12 12,48,10000,6463,3537,0.6463,9730,270,0.973,3267
configs/exp4/lru_lru_2q_lfu.cfg,experiments/data/phases24_c48_seed47.in,LRU LRU 2Q LFU,4,12 12 12 12,48,10000,5817,4183,0.5817,9730,270,0.973,3913
configs/exp4/lru_lru_2q_lirs.cfg,experiments/data/phases24_c48_seed47.in,LRU LRU 2Q LIRS,4,12 12 12 12,48,10000,7013,2987,0.7013,9730,270,0.973,2717
configs/exp4/lru_lru_2q_lru.cfg,experiments/data/phases24_c48_seed47.in,LRU LRU 2Q LRU,4,12 12 12 12,48,10000,5989,4011,0.5989,9730,270,0.973,3741
configs/exp4/lru_lru_arc.cfg,experiments/data/phases24_c48_seed47.in,LRU LRU ARC,3,16 16 16,48,10000,7808,2192,0.7808,9730,270,0.973,1922
configs/exp4/lru_lru_arc_2q.cfg,experiments/data/phases24_c48_seed47.in,LRU LRU ARC 2Q,4,12 12 12 12,48,10000,6874,3126,0.6874,9730,270,0.973,2856
configs/exp4/lru_lru_arc_arc.cfg,experiments/data/phases24_c48_seed47.in,LRU LRU ARC ARC,4,12 12 12 12,48,10000,6387,3613,0.6387,9730,270,0.973,3343
configs/exp4/lru_lru_arc_lfu.cfg,experiments/data/phases24_c48_seed47.in,LRU LRU ARC LFU,4,12 12 12 12,48,10000,6182,3818,0.6182,9730,270,0.973,3548
configs/exp4/lru_lru_arc_lirs.cfg,experiments/data/phases24_c48_seed47.in,LRU LRU ARC LIRS,4,12 12 12 12,48,10000,6971,3029,0.6971,9730,270,0.973,2759
configs/exp4/lru_lru_arc_lru.cfg,experiments/data/phases24_c48_seed47.in,LRU LRU ARC LRU,4,12 12 12 12,48,10000,6261,3739,0.6261,9730,270,0.973,3469
configs/exp4/lru_lru_lfu.cfg,experiments/data/phases24_c48_seed47.in,LRU LRU LFU,3,16 16 16,48,10000,7136,2864,0.7136,9730,270,0.973,2594
configs/exp4/lru_lru_lfu_2q.cfg,experiments/data/phases24_c48_seed47.in,LRU LRU LFU 2Q,4,12 12 12 12,48,10000,5778,4222,0.5778,9730,270,0.973,3952
configs/exp4/lru_lru_lfu_arc.cfg,experiments/data/phases24_c48_seed47.in,LRU LRU LFU ARC,4,12 12 12 12,48,10000,6267,3733,0.6267,9730,270,0.973,3463
configs/exp4/lru_lru_lfu_lfu.cfg,experiments/data/phases24_c48_seed47.in,LRU LRU LFU LFU,4,12 12 12 12,48,10000,5665,4335,0.5665,9730,270,0.973,4065
configs/exp4/lru_lru_lfu_lirs.cfg,experiments/data/phases24_c48_seed47.in,LRU LRU LFU LIRS,4,12 12 12 12,48,10000,6885,3115,0.6885,9730,270,0.973,2845
configs/exp4/lru_lru_lfu_lru.cfg,experiments/data/phases24_c48_seed47.in,LRU LRU LFU LRU,4,12 12 12 12,48,10000,5683,4317,0.5683,9730,270,0.973,4047
configs/exp4/lru_lru_lirs.cfg,experiments/data/phases24_c48_seed47.in,LRU LRU LIRS,3,16 16 16,48,10000,8170,1830,0.817,9730,270,0.973,1560
configs/exp4/lru_lru_lirs_2q.cfg,experiments/data/phases24_c48_seed47.in,LRU LRU LIRS 2Q,4,12 12 12 12,48,10000,7306,2694,0.7306,9730,270,0.973,2424
configs/exp4/lru_lru_lirs_arc.cfg,experiments/data/phases24_c48_seed47.in,LRU LRU LIRS ARC,4,12 12 12 12,48,10000,7325,2675,0.7325,9730,270,0.973,2405
configs/exp4/lru_lru_lirs_lfu.cfg,experiments/data/phases24_c48_seed47.in,LRU LRU LIRS LFU,4,12 12 12 12,48,10000,6931,3069,0.6931,9730,270,0.973,2799
configs/exp4/lru_lru_lirs_lirs.cfg,experiments/data/phases24_c48_seed47.in,LRU LRU LIRS LIRS,4,12 12 12 12,48,10000,7378,2622,0.7378,9730,270,0.973,2352
configs/exp4/lru_lru_lirs_lru.cfg,experiments/data/phases24_c48_seed47.in,LRU LRU LIRS LRU,4,12 12 12 12,48,10000,7259,2741,0.7259,9730,270,0.973,2471
configs/exp4/lru_lru_lru_2q.cfg,experiments/data/phases24_c48_seed47.in,LRU LRU LRU 2Q,4,12 12 12 12,48,10000,5732,4268,0.5732,9730,270,0.973,3998
configs/exp4/lru_lru_lru_arc.cfg,experiments/data/phases24_c48_seed47.in,LRU LRU LRU ARC,4,12 12 12 12,48,10000,6056,3944,0.6056,9730,270,0.973,3674
configs/exp4/lru_lru_lru_lfu.cfg,experiments/data/phases24_c48_seed47.in,LRU LRU LRU LFU,4,12 12 12 12,48,10000,5547,4453,0.5547,9730,270,0.973,4183
configs/exp4/lru_lru_lru_lirs.cfg,experiments/data/phases24_c48_seed47.in,LRU LRU LRU LIRS,4,12 12 12 12,48,10000,6747,3253,0.6747,9730,270,0.973,2983
configs/exp4/2q_2q_2q_arc.cfg,experiments/data/phases24_c96_seed47.in,2Q 2Q 2Q ARC,4,24 24 24 24,96,10000,9430,570,0.943,9860,140,0.986,430
configs/exp4/2q_2q_2q_lfu.cfg,experiments/data/phases24_c96_seed47.in,2Q 2Q 2Q LFU,4,24 24 24 24,96,10000,9380,620,0.938,9860,140,0.986,480
configs/exp4/2q_2q_2q_lirs.cfg,experiments/data/phases24_c96_seed47.in,2Q 2Q 2Q LIRS,4,24 24 24 24,96,10000,9367,633,0.9367,9860,140,0.986,493
configs/exp4/2q_2q_2q_lru.cfg,experiments/data/phases24_c96_seed47.in,2Q 2Q 2Q LRU,4,24 24 24 24,96,10000,9437,563,0.9437,9860,140,0.986,423
configs/exp4/2q_2q_arc.cfg,experiments/data/phases24_c96_seed47.in,2Q 2Q ARC,3,32 32 32,96,10000,9587,413,0.9587,9860,140,0.986,273
configs/exp4/2q_2q_arc_2q.cfg,experiments/data/phases24_c96_seed47.in,2Q 2Q ARC 2Q,4,24 24 24 24,96,10000,9410,590,0.941,9860,140,0.986,450
configs/exp4/2q_2q_arc_arc.cfg,experiments/data/phases24_c96_seed47.in,2Q 2Q ARC ARC,4,24 24 24 24,96,10000,9380,620,0.938,9860,140,0.986,480
configs/exp4/2q_2q_arc_lfu.cfg,experiments/data/phases24_c96_seed47.in,2Q 2Q ARC LFU,4,24 24 24 24,96,10000,9380,620,0.938,9860,140,0.986,480
configs/exp4/2q_2q_arc_lirs.cfg,experiments/data/phases24_c96_seed47.in,2Q 2Q ARC LIRS,4,24 24 24 24,96,10000,9435,565,0.9435,9860,140,0.986,425
configs/exp4/2q_2q_arc_lru.cfg,experiments/data/phases24_c96_seed47.in,2Q 2Q ARC LRU,4,24 24 24 24,96,10000,9380,620,0.938,9860,140,0.986,480
configs/exp4/2q_2q_lfu.cfg,experiments/data/phases24_c96_seed47.in,2Q 2Q LFU,3,32 32 32,96,10000,9561,439,0.9561,9860,140,0.986,299
configs/exp4/2q_2q_lfu_2q.cfg,experiments/data/phases24_c96_seed47.in,2Q 2Q LFU 2Q,4,24 24 24 24,96,10000,9408,592,0.9408,9860,140,0.986,452
configs/exp4/2q_2q_lfu_arc.cfg,experiments/data/phases24_c96_seed47.in,2Q 2Q LFU ARC,4,24 24 24 24,96,10000,9422,578,0.9422,9860,140,0.986,438
configs/exp4/2q_2q_lfu_lfu.cfg,experiments/data/phases24_c96_seed47.in,2Q 2Q LFU LFU,4,24 24 24 24,96,10000,9358,642,0.9358,9860,140,0.986,502
configs/exp4/2q_2q_lfu_lirs.cfg,experiments/data/phases24_c96_seed47.in,2Q 2Q LFU LIRS,4,24 24 24 24,96,10000,9433,567,0.9433,9860,140,0.986,427
configs/exp4/2q_2q_lfu_lru.cfg,experiments/data/phases24_c96_seed47.in,2Q 2Q LFU LRU,4,24 24 24 24,96,10000,9438,562,0.9438,9860,140,0.986,422
configs/exp4/2q_2q_lirs.cfg,experiments/data/phases24_c96_seed47.in,2Q 2Q LIRS,3,32 32 32,96,10000,9565,435,0.9565,9860,140,0.986,295
configs/exp4/2q_2q_lirs_2q.cfg,experiments/data/phases24_c96_seed47.in,2Q 2Q LIRS 2Q,4,24 24 24 24,96,10000,9373,627,0.9373,9860,140,0.986,487
configs/exp4/2q_2q_lirs_arc.cfg,experiments/data/phases24_c96_seed47.in,2Q 2Q LIRS ARC,4,24 24 24 24,96,10000,9475,525,0.9475,9860,140,0.986,385
configs/exp4/2q_2q_lirs_lfu.cfg,experiments/data/phases24_c96_seed47.in,2Q 2Q LIRS LFU,4,24 24 24 24,96,10000,9420,580,0.942,9860,140,0.986,440
configs/exp4/2q_2q_lirs_lirs.cfg,experiments/data/phases24_c96_seed47.in,2Q 2Q LIRS LIRS,4,24 24 24 24,96,10000,9358,642,0.9358,9860,140,0.986,502
configs/exp4/2q_2q_lirs_lru.cfg,experiments/data/phases24_c96_seed47.in,2Q 2Q LIRS LRU,4,24 24 24 24,96,10000,9473,527,0.9473,9860,140,0.986,387
configs/exp4/2q_2q_lru.cfg,experiments/data/phases24_c96_seed47.in,2Q 2Q LRU,3,32 32 32,96,10000,9581,419,0.9581,9860,140,0.986,279
configs/exp4/2q_2q_lru_2q.cfg,experiments/data/phases24_c96_seed47.in,2Q 2Q LRU 2Q,4,24 24 24 24,96,10000,9401,599,0.9401,9860,140,0.986,459
configs/exp4/2q_2q_lru_arc.cfg,experiments/data/phases24_c96_seed47.in,2Q 2Q LRU ARC,4,24 24 24 24,96,10000,9376,624,0.9376,9860,140,0.986,484
configs/exp4/2q_2q_lru_lfu.cfg,experiments/data/phases24_c96_seed47.in,2Q 2Q LRU LFU,4,24 24 24 24,96,10000,9358,642,0.9358,9860,140,0.986,502
configs/exp4/2q_2q_lru_lirs.cfg,experiments/data/phases24_c96_seed47.in,2Q 2Q LRU LIRS,4,24 24 24 24,96,10000,9450,550,0.945,9860,140,0.986,410
configs/exp4/2q_2q_lru_lru.cfg,experiments/data/phases24_c96_seed47.in,2Q 2Q LRU LRU,4,24 24 24 24,96,10000,9361,639,0.9361,9860,140,0.986,499
configs/exp4/2q_arc.cfg,experiments/data/phases24_c96_seed47.in,2Q ARC,2,48 48,96,10000,9662,338,0.9662,9860,140,0.986,198
configs/exp4/2q_arc_2q.cfg,experiments/data/phases24_c96_seed47.in,2Q ARC 2Q,3,32 32 32,96,10000,9565,435,0.9565,9860,140,0.986,295
configs/exp4/2q_arc_2q_2q.cfg,experiments/data/phases24_c96_seed47.in,2Q ARC 2Q 2Q,4,24 24 24 24,96,10000,9365,635,0.9365,9860,140,0.986,495
configs/exp4/2q_arc_2q_arc.cfg,experiments/data/phases24_c96_seed47.in,2Q ARC 2Q ARC,4,24 24 24 24,96,10000,9426,574,0.9426,9860,140,0.986,434
configs/exp4/2q_arc_2q_lfu.cfg,experiments/data/phases24_c96_seed47.in,2Q ARC 2Q LFU,4,24 24 24 24,96,10000,9388,612,0.9388,9860,140,0.986,472
configs/exp4/2q_arc_2q_lirs.cfg,experiments/data/phases24_c96_seed47.in,2Q ARC 2Q LIRS,4,24 24 24 24,96,10000,9402,598,0.9402,9860,140,0.986,458
configs/exp4/2q_arc_2q_lru.cfg,experiments/data/phases24_c96_seed47.in,2Q ARC 2Q LRU,4,24 24 24 24,96,10000,9429,571,0.9429,9860,140,0.986,431
configs/exp4/2q_arc_arc.cfg,experiments/data/phases24_c96_seed47.in,2Q ARC ARC,3,32 32 32,96,10000,9537,463,0.9537,9860,140,0.986,323
configs/exp4/2q_arc_arc_2q.cfg,experiments/data/phases24_c96_seed47.in,2Q ARC ARC 2Q,4,24 24 24 24,96,10000,9371,629,0.9371,9860,140,0.986,489
configs/exp4/2q_arc_arc_arc.cfg,experiments/data/phases24_c96_seed47.in,2Q ARC ARC ARC,4,24 24 24 24,96,10000,9354,646,0.9354,9860,140,0.986,506
configs/exp4/2q_arc_arc_lfu.cfg,experiments/data/phases24_c96_seed47.in,2Q ARC ARC LFU,4,24 24 24 24,96,10000,9339,661,0.9339,9860,140,0.986,521
configs/exp4/2q_arc_arc_lirs.cfg,experiments/data/phases24_c96_seed47.in,2Q ARC ARC LIRS,4,24 24 24 24,96,10000,9399,601,0.9399,9860,140,0.986,461
configs/exp4/2q_arc_arc_lru.cfg,experiments/data/phases24_c96_seed47.in,2Q ARC ARC LRU,4,24 24 24 24,96,10000,9340,660,0.934,9860,140,0.986,520
configs/exp4/2q_arc_lfu.cfg,experiments/data/phases24_c96_seed47.in,2Q ARC LFU,3,32 32 32,96,10000,9539,461,0.9539,9860,140,0.986,321
configs/exp4/2q_arc_lfu_2q.cfg,experiments/data/phases24_c96_seed47.in,2Q ARC LFU 2Q,4,24 24 24 24,96,10000,9429,571,0.9429,9860,140,0.986,431
configs/exp4/2q_arc_lfu_arc.cfg,experiments/data/phases24_c96_seed47.in,2Q ARC LFU ARC,4,24 24 24 24,96,10000,9406,594,0.9406,9860,140,0.986,454
configs/exp4/2q_arc_lfu_lfu.cfg,experiments/data/phases24_c96_seed47.in,2Q ARC LFU LFU,4,24 24 24 24,96,10000,9375,625,0.9375,9860,140,0.986,485
configs/exp4/2q_arc_lfu_lirs.cfg,experiments/data/phases24_c96_seed47.in,2Q ARC LFU LIRS,4,24 24 24 24,96,10000,9462,538,0.9462,9860,140,0.986,398
configs/exp4/2q_arc_lfu_lru.cfg,experiments/data/phases24_c96_seed47.in,2Q ARC LFU LRU,4,24 24 24 24,96,10000,9405,595,0.9405,9860,140,0.986,455
configs/exp4/2q_arc_lirs.cfg,experiments/data/phases24_c96_seed47.in,2Q ARC LIRS,3,32 32 32,96,10000,9576,424,0.9576,9860,140,0.986,284
configs/exp4/2q_arc_lirs_2q.cfg,experiments/data/phases24_c96_seed47.in,2Q ARC LIRS 2Q,4,24 24 24 24,96,10000,9385,615,0.9385,9860,140,0.986,475
configs/exp4/2q_arc_lirs_arc.cfg,experiments/data/phases24_c96_seed47.in,2Q ARC LIRS ARC,4,24 24 24 24,96,10000,9471,529,0.9471,9860,140,0.986,389
configs/exp4/2q_arc_lirs_lfu.cfg,experiments/data/phases24_c96_seed47.in,2Q ARC LIRS LFU,4,24 24 24 24,96,10000,9412,588,0.9412,9860,140,0.986,448
configs/exp4/2q_arc_lirs_lirs.cfg,experiments/data/phases24_c96_seed47.in,2Q ARC LIRS LIRS,4,24 24 24 24,96,10000,9370,630,0.937,9860,140,0.986,490
configs/exp4/2q_arc_lirs_lru.cfg,experiments/data/phases24_c96_seed47.in,2Q ARC LIRS LRU,4,24 24 24 24,96,10000,9454,546,0.9454,9860,140,0.986,406
configs/exp4/2q_arc_lru.cfg,experiments/data/phases24_c96_seed47.in,2Q ARC LRU,3,32 32 32,96,10000,9532,468,0.9532,9860,140,0.986,328
configs/exp4/2q_arc_lru_2q.cfg,experiments/data/phases24_c96_seed47.in,2Q ARC LRU 2Q,4,24 24 24 24,96,10000,9361,639,0.9361,9860,140,0.986,499
configs/exp4/2q_arc_lru_arc.cfg,experiments/data/phases24_c96_seed47.in,2Q ARC LRU ARC,4,24 24 24 24,96,10000,9336,664,0.9336,9860,140,0.986,524
configs/exp4/2q_arc_lru_lfu.cfg,experiments/data/phases24_c96_seed47.in,2Q ARC LRU LFU,4,24 24 24 24,96,10000,9301,699,0.9301,9860,140,0.986,559
configs/exp4/2q_arc_lru_lirs.cfg,experiments/data/phases24_c96_seed47.in,2Q ARC LRU LIRS,4,24 24 24 24,96,10000,9432,568,0.9432,9860,140,0.986,428
configs/exp4/2q_arc_lru_lru.cfg,experiments/data/phases24_c96_seed47.in,2Q ARC LRU LRU,4,24 24 24 24,96,10000,9302,698,0.9302,9860,140,0.986,558
configs/exp4/2q_lfu.cfg,experiments/data/phases24_c96_seed47.in,2Q LFU,2,48 48,96,10000,9665,335,0.9665,9860,140,0.986,195
configs/exp4/2q_lfu_2q.cfg,experiments/data/phases24_c96_seed47.in,2Q LFU 2Q,3,32 32 32,96,10000,9572,428,0.9572,9860,140,0.986,288
configs/exp4/2q_lfu_2q_2q.cfg,experiments/data/phases24_c96_seed47.in,2Q LFU 2Q 2Q,4,24 24 24 24,96,10000,9432,568,0.9432,9860,140,0.986,428
configs/exp4/2q_lfu_2q_arc.cfg,experiments/data/phases24_c96_seed47.in,2Q LFU 2Q ARC,4,24 24 24 24,96,10000,9464,536,0.9464,9860,140,0.986,396
configs/exp4/2q_lfu_2q_lfu.cfg,experiments/data/phases24_c96_seed47.in,2Q LFU 2Q LFU,4,24 24 24 24,96,10000,9411,589,0.9411,9860,140,0.986,449
configs/exp4/2q_lfu_2q_lirs.cfg,experiments/data/phases24_c96_seed47.in,2Q LFU 2Q LIRS,4,24 24 24 24,96,10000,9476,524,0.9476,9860,140,0.986,384
configs/exp4/2q_lfu_2q_lru.cfg,experiments/data/phases24_c96_seed47.in,2Q LFU 2Q LRU,4,24 24 24 24,96,10000,9482,518,0.9482,9860,140,0.986,378
configs/exp4/2q_lfu_arc.cfg,experiments/data/phases24_c96_seed47.in,2Q LFU ARC,3,32 32 32,96,10000,9590,410,0.959,9860,140,0.986,270
configs/exp4/2q_lfu_arc_2q.cfg,experiments/data/phases24_c96_seed47.in,2Q LFU ARC 2Q,4,24 24 24 24,96,10000,9465,535,0.9465,9860,140,0.986,395
configs/exp4/2q_lfu_arc_arc.cfg,experiments/data/phases24_c96_seed47.in,2Q LFU ARC ARC,4,24 24 24 24,96,10000,9449,551,0.9449,9860,140,0.986,411
configs/exp4/2q_lfu_arc_lfu.cfg,experiments/data/phases24_c96_seed47.in,2Q LFU ARC LFU,4,24 24 24 24,96,10000,9437,563,0.9437,9860,140,0.986,423
configs/exp4/2q_lfu_arc_lirs.cfg,experiments/data/phases24_c96_seed47.in,2Q LFU ARC LIRS,4,24 24 24 24,96,10000,9504,496,0.9504,9860,140,0.986,356
configs/exp4/2q_lfu_arc_lru.cfg,experiments/data/phases24_c96_seed47.in,2Q LFU ARC LRU,4,24 24 24 24,96,10000,9461,539,0.9461,9860,140,0.986,399
configs/exp4/2q_lfu_lfu.cfg,experiments/data/phases24_c96_seed47.in,2Q LFU LFU,3,32 32 32,96,10000,9570,430,0.957,9860,140,0.986,290
configs/exp4/2q_lfu_lfu_2q.cfg,experiments/data/phases24_c96_seed47.in,2Q LFU LFU 2Q,4,24 24 24 24,96,10000,9473,527,0.9473,9860,140,0.986,387
configs/exp4/2q_lfu_lfu_arc.cfg,experiments/data/phases24_c96_seed47.in,2Q LFU LFU ARC,4,24 24 24 24,96,10000,9486,514,0.9486,9860,140,0.986,374
configs/exp4/2q_lfu_lfu_lfu.cfg,experiments/data/phases24_c96_seed47.in,2Q LFU LFU LFU,4,24 24 24 24,96,10000,9131,869,0.9131,9860,140,0.986,729
configs/exp4/2q_lfu_lfu_lirs.cfg,experiments/data/phases24_c96_seed47.in,2Q LFU LFU LIRS,4,24 24 24 24,96,10000,9533,467,0.9533,9860,140,0.986,327
configs/exp4/2q_lfu_lfu_lru.cfg,experiments/data/phases24_c96_seed47.in,2Q LFU LFU LRU,4,24 24 24 24,96,10000,9451,549,0.9451,9860,140,0.986,409
configs/exp4/2q_lfu_lirs.cfg,experiments/data/phases24_c96_seed47.in,2Q LFU LIRS,3,32 32 32,96,10000,9595,405,0.9595,9860,140,0.986,265
configs/exp4/2q_lfu_lirs_2q.cfg,experiments/data/phases24_c96_seed47.in,2Q LFU LIRS 2Q,4,24 24 24 24,96,10000,9507,493,0.9507,9860,140,0.986,353
configs/exp4/2q_lfu_lirs_arc.cfg,experiments/data/phases24_c96_seed47.in,2Q LFU LIRS ARC,4,24 24 24 24,96,10000,9558,442,0.9558,9860,140,0.986,302
configs/exp4/2q_lfu_lirs_lfu.cfg,experiments/data/phases24_c96_seed47.in,2Q LFU LIRS LFU,4,24 24 24 24,96,10000,9501,499,0.9501,9860,140,0.986,359
configs/exp4/2q_lfu_lirs_lirs.cfg,experiments/data/phases24_c96_seed47.in,2Q LFU LIRS LIRS,4,24 24 24 24,96,10000,9483,517,0.9483,9860,140,0.986,377
configs/exp4/2q_lfu_lirs_lru.cfg,experiments/data/phases24_c96_seed47.in,2Q LFU LIRS LRU,4,24 24 24 24,96,10000,9560,440,0.956,9860,140,0.986,300
configs/exp4/2q_lfu_lru.cfg,experiments/data/phases24_c96_seed47.in,2Q LFU LRU,3,32 32 32,96,10000,9594,406,0.9594,9860,140,0.986,266
configs/exp4/2q_lfu_lru_2q.cfg,experiments/data/phases24_c96_seed47.in,2Q LFU LRU 2Q,4,24 24 24 24,96,10000,9397,603,0.9397,9860,140,0.986,463
configs/exp4/2q_lfu_lru_arc.cfg,experiments/data/phases24_c96_seed47.in,2Q LFU LRU ARC,4,24 24 24 24,96,10000,9408,592,0.9408,9860,140,0.986,452
configs/exp4/2q_lfu_lru_lfu.cfg,experiments/data/phases24_c96_seed47.in,2Q LFU LRU LFU,4,24 24 24 24,96,10000,9341,659,0.9341,9860,140,0.986,519
configs/exp4/2q_lfu_lru_lirs.cfg,experiments/data/phases24_c96_seed47.in,2Q LFU LRU LIRS,4,24 24 24 24,96,10000,9495,505,0.9495,9860,140,0.986,365
configs/exp4/2q_lfu_lru_lru.cfg,experiments/data/phases24_c96_seed47.in,2Q LFU LRU LRU,4,24 24 24 24,96,10000,9350,650,0.935,9860,140,0.986,510
configs/exp4/2q_lirs.cfg,experiments/data/phases24_c96_seed47.in,2Q LIRS,2,48 48,96,10000,9678,322,0.9678,9860,140,0.986,182
configs/exp4/2q_lirs_2q.cfg,experiments/data/phases24_c96_seed47.in,2Q LIRS 2Q,3,32 32 32,96,10000,9562,438,0.9562,9860,140,0.986,298
configs/exp4/2q_lirs_2q_2q.cfg,experiments/data/phases24_c96_seed47.in,2Q LIRS 2Q 2Q,4,24 24 24 24,96,10000,9407,593,0.9407,9860,140,0.986,453
configs/exp4/2q_lirs_2q_arc.cfg,experiments/data/phases24_c96_seed47.in,2Q LIRS 2Q ARC,4,24 24 24 24,96,10000,9478,522,0.9478,9860,140,0.986,382
configs/exp4/2q_lirs_2q_lfu.cfg,experiments/data/phases24_c96_seed47.in,2Q LIRS 2Q LFU,4,24 24 24 24,96,10000,9440,560,0.944,9860,140,0.986,420
configs/exp4/2q_lirs_2q_lirs.cfg,experiments/data/phases24_c96_seed47.in,2Q LIRS 2Q LIRS,4,24 24 24 24,96,10000,9417,583,0.9417,9860,140,0.986,443
configs/exp4/2q_lirs_2q_lru.cfg,experiments/data/phases24_c96_seed47.in,2Q LIRS 2Q LRU,4,24 24 24 24,96,10000,9479,521,0.9479,9860,140,0.986,381
configs/exp4/2q_lirs_arc.cfg,experiments/data/phases24_c96_seed47.in,2Q LIRS ARC,3,32 32 32,96,10000,9615,385,0.9615,9860,140,0.986,245
configs/exp4/2q_lirs_arc_2q.cfg,experiments/data/phases24_c96_seed47.in,2Q LIRS ARC 2Q,4,24 24 24 24,96,10000,9471,529,0.9471,9860,140,0.986,389
configs/exp4/2q_lirs_arc_arc.cfg,experiments/data/phases24_c96_seed47.in,2Q LIRS ARC ARC,4,24 24 24 24,96,10000,9452,548,0.9452,9860,140,0.986,408
configs/exp4/2q_lirs_arc_lfu.cfg,experiments/data/phases24_c96_seed47.in,2Q LIRS ARC LFU,4,24 24 24 24,96,10000,9451,549,0.9451,9860,140,0.986,409
configs/exp4/2q_lirs_arc_lirs.cfg,experiments/data/phases24_c96_seed47.in,2Q LIRS ARC LIRS,4,24 24 24 24,96,10000,9481,519,0.9481,9860,140,0.986,379
configs/exp4/2q_lirs_arc_lru.cfg,experiments/data/phases24_c96_seed47.in,2Q LIRS ARC LRU,4,24 24 24 24,96,10000,9438,562,0.9438,9860,140,0.986,422
configs/exp4/2q_lirs_lfu.cfg,experiments/data/phases24_c96_seed47.in,2Q LIRS LFU,3,32 32 32,96,10000,9581,419,0.9581,9860,140,0.986,279
configs/exp4/2q_lirs_lfu_2q.cfg,experiments/data/phases24_c96_seed47.in,2Q LIRS LFU 2Q,4,24 24 24 24,96,10000,9472,528,0.9472,9860,140,0.986,388
configs/exp4/2q_lirs_lfu_arc.cfg,experiments/data/phases24_c96_seed47.in,2Q LIRS LFU ARC,4,24 24 24 24,96,10000,9513,487,0.9513,9860,140,0.986,347
configs/exp4/2q_lirs_lfu_lfu.cfg,experiments/data/phases24_c96_seed47.in,2Q LIRS LFU LFU,4,24 24 24 24,96,10000,9439,561,0.9439,9860,140,0.986,421
configs/exp4/2q_lirs_lfu_lirs.cfg,experiments/data/phases24_c96_seed47.in,2Q LIRS LFU LIRS,4,24 24 24 24,96,10000,9469,531,0.9469,9860,140,0.986,391
configs/exp4/2q_lirs_lfu_lru.cfg,experiments/data/phases24_c96_seed47.in,2Q LIRS LFU LRU,4,24 24 24 24,96,10000,9512,488,0.9512,9860,140,0.986,348
configs/exp4/2q_lirs_lirs.cfg,experiments/data/phases24_c96_seed47.in,2Q LIRS LIRS,3,32 32 32,96,10000,9534,466,0.9534,9860,140,0.986,326
configs/exp4/2q_lirs_lirs_2q.cfg,experiments/data/phases24_c96_seed47.in,2Q LIRS LIRS 2Q,4,24 24 24 24,96,10000,9400,600,0.94,9860,140,0.986,460
configs/exp4/2q_lirs_lirs_arc.cfg,experiments/data/phases24_c96_seed47.in,2Q LIRS LIRS ARC,4,24 24 24 24,96,10000,9500,500,0.95,9860,140,0.986,360
configs/exp4/2q_lirs_lirs_lfu.cfg,experiments/data/phases24_c96_seed47.in,2Q LIRS LIRS LFU,4,24 24 24 24,96,10000,9446,554,0.9446,9860,140,0.986,414
configs/exp4/2q_lirs_lirs_lirs.cfg,experiments/data/phases24_c96_seed47.in,2Q LIRS LIRS LIRS,4,24 24 24 24,96,10000,9370,630,0.937,9860,140,0.986,490
configs/exp4/2q_lirs_lirs_lru.cfg,experiments/data/phases24_c96_seed47.in,2Q LIRS LIRS LRU,4,24 24 24 24,96,10000,9489,511,0.9489,9860,140,0.986,371
configs/exp4/2q_lirs_lru.cfg,experiments/data/phases24_c96_seed47.in,2Q LIRS LRU,3,32 32 32,96,10000,9596,404,0.9596,9860,140,0.986,264
configs/exp4/2q_lirs_lru_2q.cfg,experiments/data/phases24_c96_seed47.in,2Q LIRS LRU 2Q,4,24 24 24 24,96,10000,9472,528,0.9472,9860,140,0.986,388
configs/exp4/2q_lirs_lru_arc.cfg,experiments/data/phases24_c96_seed47.in,2Q LIRS LRU ARC,4,24 24 24 24,96,10000,9450,550,0.945,9860,140,0.986,410
configs/exp4/2q_lirs_lru_lfu.cfg,experiments/data/phases24_c96_seed47.in,2Q LIRS LRU LFU,4,24 24 24 24,96,10000,9431,569,0.9431,9860,140,0.986,429
configs/exp4/2q_lirs_lru_lirs.cfg,experiments/data/phases24_c96_seed47.in,2Q LIRS LRU LIRS,4,24 24 24 24,96,10000,9491,509,0.9491,9860,140,0.986,369
configs/exp4/2q_lirs_lru_lru.cfg,experiments/data/phases24_c96_seed47.in,2Q LIRS LRU LRU,4,24 24 24 24,96,10000,9428,572,0.9428,9860,140,0.986,432
configs/exp4/2q_lru.cfg,experiments/data/phases24_c96_seed47.in,2Q LRU,2,48 48,96,10000,9667,333,0.9667,9860,140,0.986,193
configs/exp4/2q_lru_2q.cfg,experiments/data/phases24_c96_seed47.in,2Q LRU 2Q,3,32 32 32,96,10000,9562,438,0.9562,9860,140,0.986,298
configs/exp4/2q_lru_2q_2q.cfg,experiments/data/phases24_c96_seed47.in,2Q LRU 2Q 2Q,4,24 24 24 24,96,10000,9262,738,0.9262,9860,140,0.986,598
configs/exp4/2q_lru_2q_arc.cfg,experiments/data/phases24_c96_seed47.in,2Q LRU 2Q ARC,4,24 24 24 24,96,10000,9344,656,0.9344,9860,140,0.986,516
configs/exp4/2q_lru_2q_lfu.cfg,experiments/data/phases24_c96_seed47.in,2Q LRU 2Q LFU,4,24 24 24 24,96,10000,9267,733,0.9267,9860,140,0.986,593
configs/exp4/2q_lru_2q_lirs.cfg,experiments/data/phases24_c96_seed47.in,2Q LRU 2Q LIRS,4,24 24 24 24,96,10000,9415,585,0.9415,9860,140,0.986,445
configs/exp4/2q_lru_2q_lru.cfg,experiments/data/phases24_c96_seed47.in,2Q LRU 2Q LRU,4,24 24 24 24,96,10000,9339,661,0.9339,9860,140,0.986,521
configs/exp4/2q_lru_arc.cfg,experiments/data/phases24_c96_seed47.in,2Q LRU ARC,3,32 32 32,96,10000,9533,467,0.9533,9860,140,0.986,327
configs/exp4/2q_lru_arc_2q.cfg,experiments/data/phases24_c96_seed47.in,2Q LRU ARC 2Q,4,24 24 24 24,96,10000,9320,680,0.932,9860,140,0.986,540
configs/exp4/2q_lru_arc_arc.cfg,experiments/data/phases24_c96_seed47.in,2Q LRU ARC ARC,4,24 24 24 24,96,10000,9271,729,0.9271,9860,140,0.986,589
configs/exp4/2q_lru_arc_lfu.cfg,experiments/data/phases24_c96_seed47.in,2Q LRU ARC LFU,4,24 24 24 24,96,10000,9277,723,0.9277,9860,140,0.986,583
configs/exp4/2q_lru_arc_lirs.cfg,experiments/data/phases24_c96_seed47.in,2Q LRU ARC LIRS,4,24 24 24 24,96,10000,9376,624,0.9376,9860,140,0.986,484
configs/exp4/2q_lru_arc_lru.cfg,experiments/data/phases24_c96_seed47.in,2Q LRU ARC LRU,4,24 24 24 24,96,10000,9288,712,0.9288,9860,140,0.986,572
configs/exp4/2q_lru_lfu.cfg,experiments/data/phases24_c96_seed47.in,2Q LRU LFU,3,32 32 32,96,10000,9526,474,0.9526,9860,140,0.986,334
configs/exp4/2q_lru_lfu_2q.cfg,experiments/data/phases24_c96_seed47.in,2Q LRU LFU 2Q,4,24 24 24 24,96,10000,9298,702,0.9298,9860,140,0.986,562
configs/exp4/2q_lru_lfu_arc.cfg,experiments/data/phases24_c96_seed47.in,2Q LRU LFU ARC,4,24 24 24 24,96,10000,9310,690,0.931,9860,140,0.986,550
configs/exp4/2q_lru_lfu_lfu.cfg,experiments/data/phases24_c96_seed47.in,2Q LRU LFU LFU,4,24 24 24 24,96,10000,9176,824,0.9176,9860,140,0.986,684
configs/exp4/2q_lru_lfu_lirs.cfg,experiments/data/phases24_c96_seed47.in,2Q LRU LFU LIRS,4,24 24 24 24,96,10000,9404,596,0.9404,9860,140,0.986,456
configs/exp4/2q_lru_lfu_lru.cfg,experiments/data/phases24_c96_seed47.in,2Q LRU LFU LRU,4,24 24 24 24,96,10000,9236,764,0.9236,9860,140,0.986,624
configs/exp4/2q_lru_lirs.cfg,experiments/data/phases24_c96_seed47.in,2Q LRU LIRS,3,32 32 32,96,10000,9579,421,0.9579,9860,140,0.986,281
configs/exp4/2q_lru_lirs_2q.cfg,experiments/data/phases24_c96_seed47.in,2Q LRU LIRS 2Q,4,24 24 24 24,96,10000,9371,629,0.9371,9860,140,0.986,489
configs/exp4/2q_lru_lirs_arc.cfg,experiments/data/phases24_c96_seed47.in,2Q LRU LIRS ARC,4,24 24 24 24,96,10000,9432,568,0.9432,9860,140,0.986,428
configs/exp4/2q_lru_lirs_lfu.cfg,experiments/data/phases24_c96_seed47.in,2Q LRU LIRS LFU,4,24 24 24 24,96,10000,9380,620,0.938,9860,140,0.986,480
configs/exp4/2q_lru_lirs_lirs.cfg,experiments/data/phases24_c96_seed47.in,2Q LRU LIRS LIRS,4,24 24 24 24,96,10000,9373,627,0.9373,9860,140,0.986,487
configs/exp4/2q_lru_lirs_lru.cfg,experiments/data/phases24_c96_seed47.in,2Q LRU LIRS LRU,4,24 24 24 24,96,10000,9399,601,0.9399,9860,140,0.986,461
configs/exp4/2q_lru_lru.cfg,experiments/data/phases24_c96_seed47.in,2Q LRU LRU,3,32 32 32,96,10000,9522,478,0.9522,9860,140,0.986,338
configs/exp4/2q_lru_lru_2q.cfg,experiments/data/phases24_c96_seed47.in,2Q LRU LRU 2Q,4,24 24 24 24,96,10000,9225,775,0.9225,9860,140,0.986,635
configs/exp4/2q_lru_lru_arc.cfg,experiments/data/phases24_c96_seed47.in,2Q LRU LRU ARC,4,24 24 24 24,96,10000,9228,772,0.9228,9860,140,0.986,632
configs/exp4/2q_lru_lru_lfu.cfg,experiments/data/phases24_c96_seed47.in,2Q LRU LRU LFU,4,24 24 24 24,96,10000,9156,844,0.9156,9860,140,0.986,704
configs/exp4/2q_lru_lru_lirs.cfg,experiments/data/phases24_c96_seed47.in,2Q LRU LRU LIRS,4,24 24 24 24,96,10000,9364,636,0.9364,9860,140,0.986,496
configs/exp4/2q_lru_lru_lru.cfg,experiments/data/phases24_c96_seed47.in,2Q LRU LRU LRU,4,24 24 24 24,96,10000,9160,840,0.916,9860,140,0.986,700
configs/exp4/arc_2q.cfg,experiments/data/phases24_c96_seed47.in,ARC 2Q,2,48 48,96,10000,9670,330,0.967,9860,140,0.986,190
configs/exp4/arc_2q_2q.cfg,experiments/data/phases24_c96_seed47.in,ARC 2Q 2Q,3,32 32 32,96,10000,9587,413,0.9587,9860,140,0.986,273
configs/exp4/arc_2q_2q_2q.cfg,experiments/data/phases24_c96_seed47.in,ARC 2Q 2Q 2Q,4,24 24 24 24,96,10000,9390,610,0.939,9860,140,0.986,470
configs/exp4/arc_2q_2q_arc.cfg,experiments/data/phases24_c96_seed47.in,ARC 2Q 2Q ARC,4,24 24 24 24,96,10000,9482,518,0.9482,9860,140,0.986,378
configs/exp4/arc_2q_2q_lfu.cfg,experiments/data/phases24_c96_seed47.in,ARC 2Q 2Q LFU,4,24 24 24 24,96,10000,9445,555,0.9445,9860,140,0.986,415
configs/exp4/arc_2q_2q_lirs.cfg,experiments/data/phases24_c96_seed47.in,ARC 2Q 2Q LIRS,4,24 24 24 24,96,10000,9443,557,0.9443,9860,140,0.986,417
configs/exp4/arc_2q_2q_lru.cfg,experiments/data/phases24_c96_seed47.in,ARC 2Q 2Q LRU,4,24 24 24 24,96,10000,9480,520,0.948,9860,140,0.986,380
configs/exp4/arc_2q_arc.cfg,experiments/data/phases24_c96_seed47.in,ARC 2Q ARC,3,32 32 32,96,10000,9618,382,0.9618,9860,140,0.986,242
configs/exp4/arc_2q_arc_2q.cfg,experiments/data/phases24_c96_seed47.in,ARC 2Q ARC 2Q,4,24 24 24 24,96,10000,9478,522,0.9478,9860,140,0.986,382
configs/exp4/arc_2q_arc_arc.cfg,experiments/data/phases24_c96_seed47.in,ARC 2Q ARC ARC,4,24 24 24 24,96,10000,9480,520,0.948,9860,140,0.986,380
configs/exp4/arc_2q_arc_lfu.cfg,experiments/data/phases24_c96_seed47.in,ARC 2Q ARC LFU,4,24 24 24 24,96,10000,9468,532,0.9468,9860,140,0.986,392
configs/exp4/arc_2q_arc_lirs.cfg,experiments/data/phases24_c96_seed47.in,ARC 2Q ARC LIRS,4,24 24 24 24,96,10000,9504,496,0.9504,9860,140,0.986,356
configs/exp4/arc_2q_arc_lru.cfg,experiments/data/phases24_c96_seed47.in,ARC 2Q ARC LRU,4,24 24 24 24,96,10000,9451,549,0.9451,9860,140,0.986,409
configs/exp4/arc_2q_lfu.cfg,experiments/data/phases24_c96_seed47.in,ARC 2Q LFU,3,32 32 32,96,10000,9606,394,0.9606,9860,140,0.986,254
configs/exp4/arc_2q_lfu_2q.cfg,experiments/data/phases24_c96_seed47.in,ARC 2Q LFU 2Q,4,24 24 24 24,96,10000,9462,538,0.9462,9860,140,0.986,398
configs/exp4/arc_2q_lfu_arc.cfg,experiments/data/phases24_c96_seed47.in,ARC 2Q LFU ARC,4,24 24 24 24,96,10000,9490,510,0.949,9860,140,0.986,370
configs/exp4/arc_2q_lfu_lfu.cfg,experiments/data/phases24_c96_seed47.in,ARC 2Q LFU LFU,4,24 24 24 24,96,10000,9448,552,0.9448,9860,140,0.986,412
configs/exp4/arc_2q_lfu_lirs.cfg,experiments/data/phases24_c96_seed47.in,ARC 2Q LFU LIRS,4,24 24 24 24,96,10000,9491,509,0.9491,9860,140,0.986,369
configs/exp4/arc_2q_lfu_lru.cfg,experiments/data/phases24_c96_seed47.in,ARC 2Q LFU LRU,4,24 24 24 24,96,10000,9502,498,0.9502,9860,140,0.986,358
configs/exp4/arc_2q_lirs.cfg,experiments/data/phases24_c96_seed47.in,ARC 2Q LIRS,3,32 32 32,96,10000,9601,399,0.9601,9860,140,0.986,259
configs/exp4/arc_2q_lirs_2q.cfg,experiments/data/phases24_c96_seed47.in,ARC 2Q LIRS 2Q,4,24 24 24 24,96,10000,9457,543,0.9457,9860,140,0.986,403
configs/exp4/arc_2q_lirs_arc.cfg,experiments/data/phases24_c96_seed47.in,ARC 2Q LIRS ARC,4,24 24 24 24,96,10000,9509,491,0.9509,9860,140,0.986,351
configs/exp4/arc_2q_lirs_lfu.cfg,experiments/data/phases24_c96_seed47.in,ARC 2Q LIRS LFU,4,24 24 24 24,96,10000,9477,523,0.9477,9860,140,0.986,383
configs/exp4/arc_2q_lirs_lirs.cfg,experiments/data/phases24_c96_seed47.in,ARC 2Q LIRS LIRS,4,24 24 24 24,96,10000,9424,576,0.9424,9860,140,0.986,436
configs/exp4/arc_2q_lirs_lru.cfg,experiments/data/phases24_c96_seed47.in,ARC 2Q LIRS LRU,4,24 24 24 24,96,10000,9505,495,0.9505,9860,140,0.986,355
configs/exp4/arc_2q_lru.cfg,experiments/data/phases24_c96_seed47.in,ARC 2Q LRU,3,32 32 32,96,10000,9625,375,0.9625,9860,140,0.986,235
configs/exp4/arc_2q_lru_2q.cfg,experiments/data/phases24_c96_seed47.in,ARC 2Q LRU 2Q,4,24 24 24 24,96,10000,9489,511,0.9489,9860,140,0.986,371
configs/exp4/arc_2q_lru_arc.cfg,experiments/data/phases24_c96_seed47.in,ARC 2Q LRU ARC,4,24 24 24 24,96,10000,9460,540,0.946,9860,140,0.986,400
configs/exp4/arc_2q_lru_lfu.cfg,experiments/data/phases24_c96_seed47.in,ARC 2Q LRU LFU,4,24 24 24 24,96,10000,9439,561,0.9439,9860,140,0.986,421
configs/exp4/arc_2q_lru_lirs.cfg,experiments/data/phases24_c96_seed47.in,ARC 2Q LRU LIRS,4,24 24 24 24,96,10000,9508,492,0.9508,9860,140,0.986,352
configs/exp4/arc_2q_lru_lru.cfg,experiments/data/phases24_c96_seed47.in,ARC 2Q LRU LRU,4,24 24 24 24,96,10000,9446,554,0.9446,9860,140,0.986,414
configs/exp4/arc_arc_2q.cfg,experiments/data/phases24_c96_seed47.in,ARC ARC 2Q,3,32 32 32,96,10000,9614,386,0.9614,9860,140,0.986,246
configs/exp4/arc_arc_2q_2q.cfg,experiments/data/phases24_c96_seed47.in,ARC ARC 2Q 2Q,4,24 24 24 24,96,10000,9402,598,0.9402,9860,140,0.986,458
configs/exp4/arc_arc_2q_arc.cfg,experiments/data/phases24_c96_seed47.in,ARC ARC 2Q ARC,4,24 24 24 24,96,10000,9480,520,0.948,9860,140,0.986,380
configs/exp4/arc_arc_2q_lfu.cfg,experiments/data/phases24_c96_seed47.in,ARC ARC 2Q LFU,4,24 24 24 24,96,10000,9434,566,0.9434,9860,140,0.986,426
configs/exp4/arc_arc_2q_lirs.cfg,experiments/data/phases24_c96_seed47.in,ARC ARC 2Q LIRS,4,24 24 24 24,96,10000,9463,537,0.9463,9860,140,0.986,397
configs/exp4/arc_arc_2q_lru.cfg,experiments/data/phases24_c96_seed47.in,ARC ARC 2Q LRU,4,24 24 24 24,96,10000,9470,530,0.947,9860,140,0.986,390
configs/exp4/arc_arc_arc_2q.cfg,experiments/data/phases24_c96_seed47.in,ARC ARC ARC 2Q,4,24 24 24 24,96,10000,9434,566,0.9434,9860,140,0.986,426
configs/exp4/arc_arc_arc_lfu.cfg,experiments/data/phases24_c96_seed47.in,ARC ARC ARC LFU,4,24 24 24 24,96,10000,9411,589,0.9411,9860,140,0.986,449
configs/exp4/arc_arc_arc_lirs.cfg,experiments/data/phases24_c96_seed47.in,ARC ARC ARC LIRS,4,24 24 24 24,96,10000,9460,540,0.946,9860,140,0.986,400
configs/exp4/arc_arc_arc_lru.cfg,experiments/data/phases24_c96_seed47.in,ARC ARC ARC LRU,4,24 24 24 24,96,10000,9418,582,0.9418,9860,140,0.986,442
configs/exp4/arc_arc_lfu.cfg,experiments/data/phases24_c96_seed47.in,ARC ARC LFU,3,32 32 32,96,10000,9597,403,0.9597,9860,140,0.986,263
configs/exp4/arc_arc_lfu_2q.cfg,experiments/data/phases24_c96_seed47.in,ARC ARC LFU 2Q,4,24 24 24 24,96,10000,9452,548,0.9452,9860,140,0.986,408
configs/exp4/arc_arc_lfu_arc.cfg,experiments/data/phases24_c96_seed47.in,ARC ARC LFU ARC,4,24 24 24 24,96,10000,9432,568,0.9432,9860,140,0.986,428
configs/exp4/arc_arc_lfu_lfu.cfg,experiments/data/phases24_c96_seed47.in,ARC ARC LFU LFU,4,24 24 24 24,96,10000,9420,580,0.942,9860,140,0.986,440
configs/exp4/arc_arc_lfu_lirs.cfg,experiments/data/phases24_c96_seed47.in,ARC ARC LFU LIRS,4,24 24 24 24,96,10000,9477,523,0.9477,9860,140,0.986,383
configs/exp4/arc_arc_lfu_lru.cfg,experiments/data/phases24_c96_seed47.in,ARC ARC LFU LRU,4,24 24 24 24,96,10000,9438,562,0.9438,9860,140,0.986,422
configs/exp4/arc_arc_lirs.cfg,experiments/data/phases24_c96_seed47.in,ARC ARC LIRS,3,32 32 32,96,10000,9620,380,0.962,9860,140,0.986,240
configs/exp4/arc_arc_lirs_2q.cfg,experiments/data/phases24_c96_seed47.in,ARC ARC LIRS 2Q,4,24 24 24 24,96,10000,9448,552,0.9448,9860,140,0.986,412
configs/exp4/arc_arc_lirs_arc.cfg,experiments/data/phases24_c96_seed47.in,ARC ARC LIRS ARC,4,24 24 24 24,96,10000,9485,515,0.9485,9860,140,0.986,375
configs/exp4/arc_arc_lirs_lfu.cfg,experiments/data/phases24_c96_seed47.in,ARC ARC LIRS LFU,4,24 24 24 24,96,10000,9460,540,0.946,9860,140,0.986,400
configs/exp4/arc_arc_lirs_lirs.cfg,experiments/data/phases24_c96_seed47.in,ARC ARC LIRS LIRS,4,24 24 24 24,96,10000,9423,577,0.9423,9860,140,0.986,437
configs/exp4/arc_arc_lirs_lru.cfg,experiments/data/phases24_c96_seed47.in,ARC ARC LIRS LRU,4,24 24 24 24,96,10000,9484,516,0.9484,9860,140,0.986,376
configs/exp4/arc_arc_lru.cfg,experiments/data/phases24_c96_seed47.in,ARC ARC LRU,3,32 32 32,96,10000,9591,409,0.9591,9860,140,0.986,269
configs/exp4/arc_arc_lru_2q.cfg,experiments/data/phases24_c96_seed47.in,ARC ARC LRU 2Q,4,24 24 24 24,96,10000,9438,562,0.9438,9860,140,0.986,422
configs/exp4/arc_arc_lru_arc.cfg,experiments/data/phases24_c96_seed47.in,ARC ARC LRU ARC,4,24 24 24 24,96,10000,9408,592,0.9408,9860,140,0.986,452
configs/exp4/arc_arc_lru_lfu.cfg,experiments/data/phases24_c96_seed47.in,ARC ARC LRU LFU,4,24 24 24 24,96,10000,9393,607,0.9393,9860,140,0.986,467
configs/exp4/arc_arc_lru_lirs.cfg,experiments/data/phases24_c96_seed47.in,ARC ARC LRU LIRS,4,24 24 24 24,96,10000,9484,516,0.9484,9860,140,0.986,376
configs/exp4/arc_arc_lru_lru.cfg,experiments/data/phases24_c96_seed47.in,ARC ARC LRU LRU,4,24 24 24 24,96,10000,9388,612,0.9388,9860,140,0.986,472
configs/exp4/arc_lfu.cfg,experiments/data/phases24_c96_seed47.in,ARC LFU,2,48 48,96,10000,9669,331,0.9669,9860,140,0.986,191
configs/exp4/arc_lfu_2q.cfg,experiments/data/phases24_c96_seed47.in,ARC LFU 2Q,3,32 32 32,96,10000,9652,348,0.9652,9860,140,0.986,208
configs/exp4/arc_lfu_2q_2q.cfg,experiments/data/phases24_c96_seed47.in,ARC LFU 2Q 2Q,4,24 24 24 24,96,10000,9496,504,0.9496,9860,140,0.986,364
configs/exp4/arc_lfu_2q_arc.cfg,experiments/data/phases24_c96_seed47.in,ARC LFU 2Q ARC,4,24 24 24 24,96,10000,9528,472,0.9528,9860,140,0.986,332
configs/exp4/arc_lfu_2q_lfu.cfg,experiments/data/phases24_c96_seed47.in,ARC LFU 2Q LFU,4,24 24 24 24,96,10000,9494,506,0.9494,9860,140,0.986,366
configs/exp4/arc_lfu_2q_lirs.cfg,experiments/data/phases24_c96_seed47.in,ARC LFU 2Q LIRS,4,24 24 24 24,96,10000,9515,485,0.9515,9860,140,0.986,345
configs/exp4/arc_lfu_2q_lru.cfg,experiments/data/phases24_c96_seed47.in,ARC LFU 2Q LRU,4,24 24 24 24,96,10000,9540,460,0.954,9860,140,0.986,320
configs/exp4/arc_lfu_arc.cfg,experiments/data/phases24_c96_seed47.in,ARC LFU ARC,3,32 32 32,96,10000,9651,349,0.9651,9860,140,0.986,209
configs/exp4/arc_lfu_arc_2q.cfg,experiments/data/phases24_c96_seed47.in,ARC LFU ARC 2Q,4,24 24 24 24,96,10000,9490,510,0.949,9860,140,0.986,370
configs/exp4/arc_lfu_arc_arc.cfg,experiments/data/phases24_c96_seed47.in,ARC LFU ARC ARC,4,24 24 24 24,96,10000,9490,510,0.949,9860,140,0.986,370
configs/exp4/arc_lfu_arc_lfu.cfg,experiments/data/phases24_c96_seed47.in,ARC LFU ARC LFU,4,24 24 24 24,96,10000,9479,521,0.9479,9860,140,0.986,381
configs/exp4/arc_lfu_arc_lirs.cfg,experiments/data/phases24_c96_seed47.in,ARC LFU ARC LIRS,4,24 24 24 24,96,10000,9513,487,0.9513,9860,140,0.986,347
configs/exp4/arc_lfu_arc_lru.cfg,experiments/data/phases24_c96_seed47.in,ARC LFU ARC LRU,4,24 24 24 24,96,10000,9481,519,0.9481,9860,140,0.986,379
configs/exp4/arc_lfu_lfu.cfg,experiments/data/phases24_c96_seed47.in,ARC LFU LFU,3,32 32 32,96,10000,9652,348,0.9652,9860,140,0.986,208
configs/exp4/arc_lfu_lfu_2q.cfg,experiments/data/phases24_c96_seed47.in,ARC LFU LFU 2Q,4,24 24 24 24,96,10000,9550,450,0.955,9860,140,0.986,310
configs/exp4/arc_lfu_lfu_arc.cfg,experiments/data/phases24_c96_seed47.in,ARC LFU LFU ARC,4,24 24 24 24,96,10000,9532,468,0.9532,9860,140,0.986,328
configs/exp4/arc_lfu_lfu_lfu.cfg,experiments/data/phases24_c96_seed47.in,ARC LFU LFU LFU,4,24 24 24 24,96,10000,9436,564,0.9436,9860,140,0.986,424
configs/exp4/arc_lfu_lfu_lirs.cfg,experiments/data/phases24_c96_seed47.in,ARC LFU LFU LIRS,4,24 24 24 24,96,10000,9582,418,0.9582,9860,140,0.986,278
configs/exp4/arc_lfu_lfu_lru.cfg,experiments/data/phases24_c96_seed47.in,ARC LFU LFU LRU,4,24 24 24 24,96,10000,9538,462,0.9538,9860,140,0.986,322
configs/exp4/arc_lfu_lirs.cfg,experiments/data/phases24_c96_seed47.in,ARC LFU LIRS,3,32 32 32,96,10000,9656,344,0.9656,9860,140,0.986,204
configs/exp4/arc_lfu_lirs_2q.cfg,experiments/data/phases24_c96_seed47.in,ARC LFU LIRS 2Q,4,24 24 24 24,96,10000,9528,472,0.9528,9860,140,0.986,332
configs/exp4/arc_lfu_lirs_arc.cfg,experiments/data/phases24_c96_seed47.in,ARC LFU LIRS ARC,4,24 24 24 24,96,10000,9583,417,0.9583,9860,140,0.986,277
configs/exp4/arc_lfu_lirs_lfu.cfg,experiments/data/phases24_c96_seed47.in,ARC LFU LIRS LFU,4,24 24 24 24,96,10000,9547,453,0.9547,9860,140,0.986,313
configs/exp4/arc_lfu_lirs_lirs.cfg,experiments/data/phases24_c96_seed47.in,ARC LFU LIRS LIRS,4,24 24 24 24,96,10000,9510,490,0.951,9860,140,0.986,350
configs/exp4/arc_lfu_lirs_lru.cfg,experiments/data/phases24_c96_seed47.in,ARC LFU LIRS LRU,4,24 24 24 24,96,10000,9581,419,0.9581,9860,140,0.986,279
configs/exp4/arc_lfu_lru.cfg,experiments/data/phases24_c96_seed47.in,ARC LFU LRU,3,32 32 32,96,10000,9655,345,0.9655,9860,140,0.986,205
configs/exp4/arc_lfu_lru_2q.cfg,experiments/data/phases24_c96_seed47.in,ARC LFU LRU 2Q,4,24 24 24 24,96,10000,9493,507,0.9493,9860,140,0.986,367
configs/exp4/arc_lfu_lru_arc.cfg,experiments/data/phases24_c96_seed47.in,ARC LFU LRU ARC,4,24 24 24 24,96,10000,9457,543,0.9457,9860,140,0.986,403
configs/exp4/arc_lfu_lru_lfu.cfg,experiments/data/phases24_c96_seed47.in,ARC LFU LRU LFU,4,24 24 24 24,96,10000,9453,547,0.9453,9860,140,0.986,407
configs/exp4/arc_lfu_lru_lirs.cfg,experiments/data/phases24_c96_seed47.in,ARC LFU LRU LIRS,4,24 24 24 24,96,10000,9527,473,0.9527,9860,140,0.986,333
configs/exp4/arc_lfu_lru_lru.cfg,experiments/data/phases24_c96_seed47.in,ARC LFU LRU LRU,4,24 24 24 24,96,10000,9456,544,0.9456,9860,140,0.986,404
configs/exp4/arc_lirs.cfg,experiments/data/phases24_c96_seed47.in,ARC LIRS,2,48 48,96,10000,9676,324,0.9676,9860,140,0.986,184
configs/exp4/arc_lirs_2q.cfg,experiments/data/phases24_c96_seed47.in,ARC LIRS 2Q,3,32 32 32,96,10000,9593,407,0.9593,9860,140,0.986,267
configs/exp4/arc_lirs_2q_2q.cfg,experiments/data/phases24_c96_seed47.in,ARC LIRS 2Q 2Q,4,24 24 24 24,96,10000,9425,575,0.9425,9860,140,0.986,435
configs/exp4/arc_lirs_2q_arc.cfg,experiments/data/phases24_c96_seed47.in,ARC LIRS 2Q ARC,4,24 24 24 24,96,10000,9508,492,0.9508,9860,140,0.986,352
configs/exp4/arc_lirs_2q_lfu.cfg,experiments/data/phases24_c96_seed47.in,ARC LIRS 2Q LFU,4,24 24 24 24,96,10000,9466,534,0.9466,9860,140,0.986,394
configs/exp4/arc_lirs_2q_lirs.cfg,experiments/data/phases24_c96_seed47.in,ARC LIRS 2Q LIRS,4,24 24 24 24,96,10000,9451,549,0.9451,9860,140,0.986,409
configs/exp4/arc_lirs_2q_lru.cfg,experiments/data/phases24_c96_seed47.in,ARC LIRS 2Q LRU,4,24 24 24 24,96,10000,9498,502,0.9498,9860,140,0.986,362
configs/exp4/arc_lirs_arc.cfg,experiments/data/phases24_c96_seed47.in,ARC LIRS ARC,3,32 32 32,96,10000,9635,365,0.9635,9860,140,0.986,225
configs/exp4/arc_lirs_arc_2q.cfg,experiments/data/phases24_c96_seed47.in,ARC LIRS ARC 2Q,4,24 24 24 24,96,10000,9519,481,0.9519,9860,140,0.986,341
configs/exp4/arc_lirs_arc_arc.cfg,experiments/data/phases24_c96_seed47.in,ARC LIRS ARC ARC,4,24 24 24 24,96,10000,9510,490,0.951,9860,140,0.986,350
configs/exp4/arc_lirs_arc_lfu.cfg,experiments/data/phases24_c96_seed47.in,ARC LIRS ARC LFU,4,24 24 24 24,96,10000,9499,501,0.9499,9860,140,0.986,361
configs/exp4/arc_lirs_arc_lirs.cfg,experiments/data/phases24_c96_seed47.in,ARC LIRS ARC LIRS,4,24 24 24 24,96,10000,9526,474,0.9526,9860,140,0.986,334
configs/exp4/arc_lirs_arc_lru.cfg,experiments/data/phases24_c96_seed47.in,ARC LIRS ARC LRU,4,24 24 24 24,96,10000,9482,518,0.9482,9860,140,0.986,378
configs/exp4/arc_lirs_lfu.cfg,experiments/data/phases24_c96_seed47.in,ARC LIRS LFU,3,32 32 32,96,10000,9629,371,0.9629,9860,140,0.986,231
configs/exp4/arc_lirs_lfu_2q.cfg,experiments/data/phases24_c96_seed47.in,ARC LIRS LFU 2Q,4,24 24 24 24,96,10000,9507,493,0.9507,9860,140,0.986,353
configs/exp4/arc_lirs_lfu_arc.cfg,experiments/data/phases24_c96_seed47.in,ARC LIRS LFU ARC,4,24 24 24 24,96,10000,9547,453,0.9547,9860,140,0.986,313
configs/exp4/arc_lirs_lfu_lfu.cfg,experiments/data/phases24_c96_seed47.in,ARC LIRS LFU LFU,4,24 24 24 24,96,10000,9527,473,0.9527,9860,140,0.986,333
configs/exp4/arc_lirs_lfu_lirs.cfg,experiments/data/phases24_c96_seed47.in,ARC LIRS LFU LIRS,4,24 24 24 24,96,10000,9509,491,0.9509,9860,140,0.986,351
configs/exp4/arc_lirs_lfu_lru.cfg,experiments/data/phases24_c96_seed47.in,ARC LIRS LFU LRU,4,24 24 24 24,96,10000,9546,454,0.9546,9860,140,0.986,314
configs/exp4/arc_lirs_lirs.cfg,experiments/data/phases24_c96_seed47.in,ARC LIRS LIRS,3,32 32 32,96,10000,9558,442,0.9558,9860,140,0.986,302
configs/exp4/arc_lirs_lirs_2q.cfg,experiments/data/phases24_c96_seed47.in,ARC LIRS LIRS 2Q,4,24 24 24 24,96,10000,9440,560,0.944,9860,140,0.986,420
configs/exp4/arc_lirs_lirs_arc.cfg,experiments/data/phases24_c96_seed47.in,ARC LIRS LIRS ARC,4,24 24 24 24,96,10000,9515,485,0.9515,9860,140,0.986,345
configs/exp4/arc_lirs_lirs_lfu.cfg,experiments/data/phases24_c96_seed47.in,ARC LIRS LIRS LFU,4,24 24 24 24,96,10000,9487,513,0.9487,9860,140,0.986,373
configs/exp4/arc_lirs_lirs_lirs.cfg,experiments/data/phases24_c96_seed47.in,ARC LIRS LIRS LIRS,4,24 24 24 24,96,10000,9392,608,0.9392,9860,140,0.986,468
configs/exp4/arc_lirs_lirs_lru.cfg,experiments/data/phases24_c96_seed47.in,ARC LIRS LIRS LRU,4,24 24 24 24,96,10000,9506,494,0.9506,9860,140,0.986,354
configs/exp4/arc_lirs_lru.cfg,experiments/data/phases24_c96_seed47.in,ARC LIRS LRU,3,32 32 32,96,10000,9640,360,0.964,9860,140,0.986,220
configs/exp4/arc_lirs_lru_2q.cfg,experiments/data/phases24_c96_seed47.in,ARC LIRS LRU 2Q,4,24 24 24 24,96,10000,9510,490,0.951,9860,140,0.986,350
configs/exp4/arc_lirs_lru_arc.cfg,experiments/data/phases24_c96_seed47.in,ARC LIRS LRU ARC,4,24 24 24 24,96,10000,9487,513,0.9487,9860,140,0.986,373
configs/exp4/arc_lirs_lru_lfu.cfg,experiments/data/phases24_c96_seed47.in,ARC LIRS LRU LFU,4,24 24 24 24,96,10000,9471,529,0.9471,9860,140,0.986,389
configs/exp4/arc_lirs_lru_lirs.cfg,experiments/data/phases24_c96_seed47.in,ARC LIRS LRU LIRS,4,24 24 24 24,96,10000,9523,477,0.9523,9860,140,0.986,337
configs/exp4/arc_lirs_lru_lru.cfg,experiments/data/phases24_c96_seed47.in,ARC LIRS LRU LRU,4,24 24 24 24,96,10000,9471,529,0.9471,9860,140,0.986,389
configs/exp4/arc_lru.cfg,experiments/data/phases24_c96_seed47.in,ARC LRU,2,48 48,96,10000,9665,335,0.9665,9860,140,0.986,195
configs/exp4/arc_lru_2q.cfg,experiments/data/phases24_c96_seed47.in,ARC LRU 2Q,3,32 32 32,96,10000,9610,390,0.961,9860,140,0.986,250
configs/exp4/arc_lru_2q_2q.cfg,experiments/data/phases24_c96_seed47.in,ARC LRU 2Q 2Q,4,24 24 24 24,96,10000,9363,637,0.9363,9860,140,0.986,497
configs/exp4/arc_lru_2q_arc.cfg,experiments/data/phases24_c96_seed47.in,ARC LRU 2Q ARC,4,24 24 24 24,96,10000,9396,604,0.9396,9860,140,0.986,464
configs/exp4/arc_lru_2q_lfu.cfg,experiments/data/phases24_c96_seed47.in,ARC LRU 2Q LFU,4,24 24 24 24,96,10000,9342,658,0.9342,9860,140,0.986,518
configs/exp4/arc_lru_2q_lirs.cfg,experiments/data/phases24_c96_seed47.in,ARC LRU 2Q LIRS,4,24 24 24 24,96,10000,9472,528,0.9472,9860,140,0.986,388
configs/exp4/arc_lru_2q_lru.cfg,experiments/data/phases24_c96_seed47.in,ARC LRU 2Q LRU,4,24 24 24 24,96,10000,9382,618,0.9382,9860,140,0.986,478
configs/exp4/arc_lru_arc.cfg,experiments/data/phases24_c96_seed47.in,ARC LRU ARC,3,32 32 32,96,10000,9584,416,0.9584,9860,140,0.986,276
configs/exp4/arc_lru_arc_2q.cfg,experiments/data/phases24_c96_seed47.in,ARC LRU ARC 2Q,4,24 24 24 24,96,10000,9393,607,0.9393,9860,140,0.986,467
configs/exp4/arc_lru_arc_arc.cfg,experiments/data/phases24_c96_seed47.in,ARC LRU ARC ARC,4,24 24 24 24,96,10000,9368,632,0.9368,9860,140,0.986,492
configs/exp4/arc_lru_arc_lfu.cfg,experiments/data/phases24_c96_seed47.in,ARC LRU ARC LFU,4,24 24 24 24,96,10000,9365,635,0.9365,9860,140,0.986,495
configs/exp4/arc_lru_arc_lirs.cfg,experiments/data/phases24_c96_seed47.in,ARC LRU ARC LIRS,4,24 24 24 24,96,10000,9452,548,0.9452,9860,140,0.986,408
configs/exp4/arc_lru_arc_lru.cfg,experiments/data/phases24_c96_seed47.in,ARC LRU ARC LRU,4,24 24 24 24,96,10000,9365,635,0.9365,9860,140,0.986,495
configs/exp4/arc_lru_lfu.cfg,experiments/data/phases24_c96_seed47.in,ARC LRU LFU,3,32 32 32,96,10000,9578,422,0.9578,9860,140,0.986,282
configs/exp4/arc_lru_lfu_2q.cfg,experiments/data/phases24_c96_seed47.in,ARC LRU LFU 2Q,4,24 24 24 24,96,10000,9363,637,0.9363,9860,140,0.986,497
configs/exp4/arc_lru_lfu_arc.cfg,experiments/data/phases24_c96_seed47.in,ARC LRU LFU ARC,4,24 24 24 24,96,10000,9363,637,0.9363,9860,140,0.986,497
configs/exp4/arc_lru_lfu_lfu.cfg,experiments/data/phases24_c96_seed47.in,ARC LRU LFU LFU,4,24 24 24 24,96,10000,9327,673,0.9327,9860,140,0.986,533
configs/exp4/arc_lru_lfu_lirs.cfg,experiments/data/phases24_c96_seed47.in,ARC LRU LFU LIRS,4,24 24 24 24,96,10000,9450,550,0.945,9860,140,0.986,410
configs/exp4/arc_lru_lfu_lru.cfg,experiments/data/phases24_c96_seed47.in,ARC LRU LFU LRU,4,24 24 24 24,96,10000,9338,662,0.9338,9860,140,0.986,522
configs/exp4/arc_lru_lirs.cfg,experiments/data/phases24_c96_seed47.in,ARC LRU LIRS,3,32 32 32,96,10000,9631,369,0.9631,9860,140,0.986,229
configs/exp4/arc_lru_lirs_2q.cfg,experiments/data/phases24_c96_seed47.in,ARC LRU LIRS 2Q,4,24 24 24 24,96,10000,9476,524,0.9476,9860,140,0.986,384
configs/exp4/arc_lru_lirs_arc.cfg,experiments/data/phases24_c96_seed47.in,ARC LRU LIRS ARC,4,24 24 24 24,96,10000,9463,537,0.9463,9860,140,0.986,397
configs/exp4/arc_lru_lirs_lfu.cfg,experiments/data/phases24_c96_seed47.in,ARC LRU LIRS LFU,4,24 24 24 24,96,10000,9454,546,0.9454,9860,140,0.986,406
configs/exp4/arc_lru_lirs_lirs.cfg,experiments/data/phases24_c96_seed47.in,ARC LRU LIRS LIRS,4,24 24 24 24,96,10000,9457,543,0.9457,9860,140,0.986,403
configs/exp4/arc_lru_lirs_lru.cfg,experiments/data/phases24_c96_seed47.in,ARC LRU LIRS LRU,4,24 24 24 24,96,10000,9469,531,0.9469,9860,140,0.986,391
configs/exp4/arc_lru_lru.cfg,experiments/data/phases24_c96_seed47.in,ARC LRU LRU,3,32 32 32,96,10000,9581,419,0.9581,9860,140,0.986,279
configs/exp4/arc_lru_lru_2q.cfg,experiments/data/phases24_c96_seed47.in,ARC LRU LRU 2Q,4,24 24 24 24,96,10000,9374,626,0.9374,9860,140,0.986,486
configs/exp4/arc_lru_lru_arc.cfg,experiments/data/phases24_c96_seed47.in,ARC LRU LRU ARC,4,24 24 24 24,96,10000,9343,657,0.9343,9860,140,0.986,517
configs/exp4/arc_lru_lru_lfu.cfg,experiments/data/phases24_c96_seed47.in,ARC LRU LRU LFU,4,24 24 24 24,96,10000,9329,671,0.9329,9860,140,0.986,531
configs/exp4/arc_lru_lru_lirs.cfg,experiments/data/phases24_c96_seed47.in,ARC LRU LRU LIRS,4,24 24 24 24,96,10000,9448,552,0.9448,9860,140,0.986,412
configs/exp4/arc_lru_lru_lru.cfg,experiments/data/phases24_c96_seed47.in,ARC LRU LRU LRU,4,24 24 24 24,96,10000,9317,683,0.9317,9860,140,0.986,543
configs/exp4/lfu_2q.cfg,experiments/data/phases24_c96_seed47.in,LFU 2Q,2,48 48,96,10000,9748,252,0.9748,9860,140,0.986,112
configs/exp4/lfu_2q_2q.cfg,experiments/data/phases24_c96_seed47.in,LFU 2Q 2Q,3,32 32 32,96,10000,9659,341,0.9659,9860,140,0.986,201
configs/exp4/lfu_2q_2q_2q.cfg,experiments/data/phases24_c96_seed47.in,LFU 2Q 2Q 2Q,4,24 24 24 24,96,10000,9452,548,0.9452,9860,140,0.986,408
configs/exp4/lfu_2q_2q_arc.cfg,experiments/data/phases24_c96_seed47.in,LFU 2Q 2Q ARC,4,24 24 24 24,96,10000,9471,529,0.9471,9860,140,0.986,389
configs/exp4/lfu_2q_2q_lfu.cfg,experiments/data/phases24_c96_seed47.in,LFU 2Q 2Q LFU,4,24 24 24 24,96,10000,9427,573,0.9427,9860,140,0.986,433
configs/exp4/lfu_2q_2q_lirs.cfg,experiments/data/phases24_c96_seed47.in,LFU 2Q 2Q LIRS,4,24 24 24 24,96,10000,9476,524,0.9476,9860,140,0.986,384
configs/exp4/lfu_2q_2q_lru.cfg,experiments/data/phases24_c96_seed47.in,LFU 2Q 2Q LRU,4,24 24 24 24,96,10000,9486,514,0.9486,9860,140,0.986,374
configs/exp4/lfu_2q_arc.cfg,experiments/data/phases24_c96_seed47.in,LFU 2Q ARC,3,32 32 32,96,10000,9658,342,0.9658,9860,140,0.986,202
configs/exp4/lfu_2q_arc_2q.cfg,experiments/data/phases24_c96_seed47.in,LFU 2Q ARC 2Q,4,24 24 24 24,96,10000,9484,516,0.9484,9860,140,0.986,376
configs/exp4/lfu_2q_arc_arc.cfg,experiments/data/phases24_c96_seed47.in,LFU 2Q ARC ARC,4,24 24 24 24,96,10000,9453,547,0.9453,9860,140,0.986,407
configs/exp4/lfu_2q_arc_lfu.cfg,experiments/data/phases24_c96_seed47.in,LFU 2Q ARC LFU,4,24 24 24 24,96,10000,9446,554,0.9446,9860,140,0.986,414
configs/exp4/lfu_2q_arc_lirs.cfg,experiments/data/phases24_c96_seed47.in,LFU 2Q ARC LIRS,4,24 24 24 24,96,10000,9491,509,0.9491,9860,140,0.986,369
configs/exp4/lfu_2q_arc_lru.cfg,experiments/data/phases24_c96_seed47.in,LFU 2Q ARC LRU,4,24 24 24 24,96,10000,9458,542,0.9458,9860,140,0.986,402
configs/exp4/lfu_2q_lfu.cfg,experiments/data/phases24_c96_seed47.in,LFU 2Q LFU,3,32 32 32,96,10000,9666,334,0.9666,9860,140,0.986,194
configs/exp4/lfu_2q_lfu_2q.cfg,experiments/data/phases24_c96_seed47.in,LFU 2Q LFU 2Q,4,24 24 24 24,96,10000,9524,476,0.9524,9860,140,0.986,336
configs/exp4/lfu_2q_lfu_arc.cfg,experiments/data/phases24_c96_seed47.in,LFU 2Q LFU ARC,4,24 24 24 24,96,10000,9540,460,0.954,9860,140,0.986,320
configs/exp4/lfu_2q_lfu_lfu.cfg,experiments/data/phases24_c96_seed47.in,LFU 2Q LFU LFU,4,24 24 24 24,96,10000,9240,760,0.924,9860,140,0.986,620
configs/exp4/lfu_2q_lfu_lirs.cfg,experiments/data/phases24_c96_seed47.in,LFU 2Q LFU LIRS,4,24 24 24 24,96,10000,9563,437,0.9563,9860,140,0.986,297
configs/exp4/lfu_2q_lfu_lru.cfg,experiments/data/phases24_c96_seed47.in,LFU 2Q LFU LRU,4,24 24 24 24,96,10000,9512,488,0.9512,9860,140,0.986,348
configs/exp4/lfu_2q_lirs.cfg,experiments/data/phases24_c96_seed47.in,LFU 2Q LIRS,3,32 32 32,96,10000,9660,340,0.966,9860,140,0.986,200
configs/exp4/lfu_2q_lirs_2q.cfg,experiments/data/phases24_c96_seed47.in,LFU 2Q LIRS 2Q,4,24 24 24 24,96,10000,9512,488,0.9512,9860,140,0.986,348
configs/exp4/lfu_2q_lirs_arc.cfg,experiments/data/phases24_c96_seed47.in,LFU 2Q LIRS ARC,4,24 24 24 24,96,10000,9550,450,0.955,9860,140,0.986,310
configs/exp4/lfu_2q_lirs_lfu.cfg,experiments/data/phases24_c96_seed47.in,LFU 2Q LIRS LFU,4,24 24 24 24,96,10000,9502,498,0.9502,9860,140,0.986,358
configs/exp4/lfu_2q_lirs_lirs.cfg,experiments/data/phases24_c96_seed47.in,LFU 2Q LIRS LIRS,4,24 24 24 24,96,10000,9489,511,0.9489,9860,140,0.986,371
configs/exp4/lfu_2q_lirs_lru.cfg,experiments/data/phases24_c96_seed47.in,LFU 2Q LIRS LRU,4,24 24 24 24,96,10000,9556,444,0.9556,9860,140,0.986,304
configs/exp4/lfu_2q_lru.cfg,experiments/data/phases24_c96_seed47.in,LFU 2Q LRU,3,32 32 32,96,10000,9656,344,0.9656,9860,140,0.986,204
configs/exp4/lfu_2q_lru_2q.cfg,experiments/data/phases24_c96_seed47.in,LFU 2Q LRU 2Q,4,24 24 24 24,96,10000,9409,591,0.9409,9860,140,0.986,451
configs/exp4/lfu_2q_lru_arc.cfg,experiments/data/phases24_c96_seed47.in,LFU 2Q LRU ARC,4,24 24 24 24,96,10000,9415,585,0.9415,9860,140,0.986,445
configs/exp4/lfu_2q_lru_lfu.cfg,experiments/data/phases24_c96_seed47.in,LFU 2Q LRU LFU,4,24 24 24 24,96,10000,9338,662,0.9338,9860,140,0.986,522
configs/exp4/lfu_2q_lru_lirs.cfg,experiments/data/phases24_c96_seed47.in,LFU 2Q LRU LIRS,4,24 24 24 24,96,10000,9489,511,0.9489,9860,140,0.986,371
configs/exp4/lfu_2q_lru_lru.cfg,experiments/data/phases24_c96_seed47.in,LFU 2Q LRU LRU,4,24 24 24 24,96,10000,9365,635,0.9365,9860,140,0.986,495
configs/exp4/lfu_arc.cfg,experiments/data/phases24_c96_seed47.in,LFU ARC,2,48 48,96,10000,9750,250,0.975,9860,140,0.986,110
configs/exp4/lfu_arc_2q.cfg,experiments/data/phases24_c96_seed47.in,LFU ARC 2Q,3,32 32 32,96,10000,9666,334,0.9666,9860,140,0.986,194
configs/exp4/lfu_arc_2q_2q.cfg,experiments/data/phases24_c96_seed47.in,LFU ARC 2Q 2Q,4,24 24 24 24,96,10000,9531,469,0.9531,9860,140,0.986,329
configs/exp4/lfu_arc_2q_arc.cfg,experiments/data/phases24_c96_seed47.in,LFU ARC 2Q ARC,4,24 24 24 24,96,10000,9560,440,0.956,9860,140,0.986,300
configs/exp4/lfu_arc_2q_lfu.cfg,experiments/data/phases24_c96_seed47.in,LFU ARC 2Q LFU,4,24 24 24 24,96,10000,9535,465,0.9535,9860,140,0.986,325
configs/exp4/lfu_arc_2q_lirs.cfg,experiments/data/phases24_c96_seed47.in,LFU ARC 2Q LIRS,4,24 24 24 24,96,10000,9543,457,0.9543,9860,140,0.986,317
configs/exp4/lfu_arc_2q_lru.cfg,experiments/data/phases24_c96_seed47.in,LFU ARC 2Q LRU,4,24 24 24 24,96,10000,9558,442,0.9558,9860,140,0.986,302
configs/exp4/lfu_arc_arc.cfg,experiments/data/phases24_c96_seed47.in,LFU ARC ARC,3,32 32 32,96,10000,9673,327,0.9673,9860,140,0.986,187
configs/exp4/lfu_arc_arc_2q.cfg,experiments/data/phases24_c96_seed47.in,LFU ARC ARC 2Q,4,24 24 24 24,96,10000,9536,464,0.9536,9860,140,0.986,324
configs/exp4/lfu_arc_arc_arc.cfg,experiments/data/phases24_c96_seed47.in,LFU ARC ARC ARC,4,24 24 24 24,96,10000,9521,479,0.9521,9860,140,0.986,339
configs/exp4/lfu_arc_arc_lfu.cfg,experiments/data/phases24_c96_seed47.in,LFU ARC ARC LFU,4,24 24 24 24,96,10000,9513,487,0.9513,9860,140,0.986,347
configs/exp4/lfu_arc_arc_lirs.cfg,experiments/data/phases24_c96_seed47.in,LFU ARC ARC LIRS,4,24 24 24 24,96,10000,9531,469,0.9531,9860,140,0.986,329
configs/exp4/lfu_arc_arc_lru.cfg,experiments/data/phases24_c96_seed47.in,LFU ARC ARC LRU,4,24 24 24 24,96,10000,9516,484,0.9516,9860,140,0.986,344
configs/exp4/lfu_arc_lfu.cfg,experiments/data/phases24_c96_seed47.in,LFU ARC LFU,3,32 32 32,96,10000,9679,321,0.9679,9860,140,0.986,181
configs/exp4/lfu_arc_lfu_2q.cfg,experiments/data/phases24_c96_seed47.in,LFU ARC LFU 2Q,4,24 24 24 24,96,10000,9587,413,0.9587,9860,140,0.986,273
configs/exp4/lfu_arc_lfu_arc.cfg,experiments/data/phases24_c96_seed47.in,LFU ARC LFU ARC,4,24 24 24 24,96,10000,9587,413,0.9587,9860,140,0.986,273
configs/exp4/lfu_arc_lfu_lfu.cfg,experiments/data/phases24_c96_seed47.in,LFU ARC LFU LFU,4,24 24 24 24,96,10000,9494,506,0.9494,9860,140,0.986,366
configs/exp4/lfu_arc_lfu_lirs.cfg,experiments/data/phases24_c96_seed47.in,LFU ARC LFU LIRS,4,24 24 24 24,96,10000,9592,408,0.9592,9860,140,0.986,268
configs/exp4/lfu_arc_lfu_lru.cfg,experiments/data/phases24_c96_seed47.in,LFU ARC LFU LRU,4,24 24 24 24,96,10000,9583,417,0.9583,9860,140,0.986,277
configs/exp4/lfu_arc_lirs.cfg,experiments/data/phases24_c96_seed47.in,LFU ARC LIRS,3,32 32 32,96,10000,9660,340,0.966,9860,140,0.986,200
configs/exp4/lfu_arc_lirs_2q.cfg,experiments/data/phases24_c96_seed47.in,LFU ARC LIRS 2Q,4,24 24 24 24,96,10000,9558,442,0.9558,9860,140,0.986,302
configs/exp4/lfu_arc_lirs_arc.cfg,experiments/data/phases24_c96_seed47.in,LFU ARC LIRS ARC,4,24 24 24 24,96,10000,9597,403,0.9597,9860,140,0.986,263
configs/exp4/lfu_arc_lirs_lfu.cfg,experiments/data/phases24_c96_seed47.in,LFU ARC LIRS LFU,4,24 24 24 24,96,10000,9568,432,0.9568,9860,140,0.986,292
configs/exp4/lfu_arc_lirs_lirs.cfg,experiments/data/phases24_c96_seed47.in,LFU ARC LIRS LIRS,4,24 24 24 24,96,10000,9527,473,0.9527,9860,140,0.986,333
configs/exp4/lfu_arc_lirs_lru.cfg,experiments/data/phases24_c96_seed47.in,LFU ARC LIRS LRU,4,24 24 24 24,96,10000,9580,420,0.958,9860,140,0.986,280
configs/exp4/lfu_arc_lru.cfg,experiments/data/phases24_c96_seed47.in,LFU ARC LRU,3,32 32 32,96,10000,9684,316,0.9684,9860,140,0.986,176
configs/exp4/lfu_arc_lru_2q.cfg,experiments/data/phases24_c96_seed47.in,LFU ARC LRU 2Q,4,24 24 24 24,96,10000,9527,473,0.9527,9860,140,0.986,333
configs/exp4/lfu_arc_lru_arc.cfg,experiments/data/phases24_c96_seed47.in,LFU ARC LRU ARC,4,24 24 24 24,96,10000,9503,497,0.9503,9860,140,0.986,357
configs/exp4/lfu_arc_lru_lfu.cfg,experiments/data/phases24_c96_seed47.in,LFU ARC LRU LFU,4,24 24 24 24,96,10000,9480,520,0.948,9860,140,0.986,380
configs/exp4/lfu_arc_lru_lirs.cfg,experiments/data/phases24_c96_seed47.in,LFU ARC LRU LIRS,4,24 24 24 24,96,10000,9538,462,0.9538,9860,140,0.986,322
configs/exp4/lfu_arc_lru_lru.cfg,experiments/data/phases24_c96_seed47.in,LFU ARC LRU LRU,4,24 24 24 24,96,10000,9485,515,0.9485,9860,140,0.986,375
configs/exp4/lfu_lfu_2q.cfg,experiments/data/phases24_c96_seed47.in,LFU LFU 2Q,3,32 32 32,96,10000,9732,268,0.9732,9860,140,0.986,128
configs/exp4/lfu_lfu_2q_2q.cfg,experiments/data/phases24_c96_seed47.in,LFU LFU 2Q 2Q,4,24 24 24 24,96,10000,9564,436,0.9564,9860,140,0.986,296
configs/exp4/lfu_lfu_2q_arc.cfg,experiments/data/phases24_c96_seed47.in,LFU LFU 2Q ARC,4,24 24 24 24,96,10000,9575,425,0.9575,9860,140,0.986,285
configs/exp4/lfu_lfu_2q_lfu.cfg,experiments/data/phases24_c96_seed47.in,LFU LFU 2Q LFU,4,24 24 24 24,96,10000,9453,547,0.9453,9860,140,0.986,407
configs/exp4/lfu_lfu_2q_lirs.cfg,experiments/data/phases24_c96_seed47.in,LFU LFU 2Q LIRS,4,24 24 24 24,96,10000,9591,409,0.9591,9860,140,0.986,269
configs/exp4/lfu_lfu_2q_lru.cfg,experiments/data/phases24_c96_seed47.in,LFU LFU 2Q LRU,4,24 24 24 24,96,10000,9561,439,0.9561,9860,140,0.986,299
configs/exp4/lfu_lfu_arc.cfg,experiments/data/phases24_c96_seed47.in,LFU LFU ARC,3,32 32 32,96,10000,9726,274,0.9726,9860,140,0.986,134
configs/exp4/lfu_lfu_arc_2q.cfg,experiments/data/phases24_c96_seed47.in,LFU LFU ARC 2Q,4,24 24 24 24,96,10000,9641,359,0.9641,9860,140,0.986,219
configs/exp4/lfu_lfu_arc_arc.cfg,experiments/data/phases24_c96_seed47.in,LFU LFU ARC ARC,4,24 24 24 24,96,10000,9636,364,0.9636,9860,140,0.986,224
configs/exp4/lfu_lfu_arc_lfu.cfg,experiments/data/phases24_c96_seed47.in,LFU LFU ARC LFU,4,24 24 24 24,96,10000,9628,372,0.9628,9860,140,0.986,232
configs/exp4/lfu_lfu_arc_lirs.cfg,experiments/data/phases24_c96_seed47.in,LFU LFU ARC LIRS,4,24 24 24 24,96,10000,9638,362,0.9638,9860,140,0.986,222
configs/exp4/lfu_lfu_arc_lru.cfg,experiments/data/phases24_c96_seed47.in,LFU LFU ARC LRU,4,24 24 24 24,96,10000,9636,364,0.9636,9860,140,0.986,224
configs/exp4/lfu_lfu_lfu_2q.cfg,experiments/data/phases24_c96_seed47.in,LFU LFU LFU 2Q,4,24 24 24 24,96,10000,9583,417,0.9583,9860,140,0.986,277
configs/exp4/lfu_lfu_lfu_arc.cfg,experiments/data/phases24_c96_seed47.in,LFU LFU LFU ARC,4,24 24 24 24,96,10000,9660,340,0.966,9860,140,0.986,200
configs/exp4/lfu_lfu_lfu_lirs.cfg,experiments/data/phases24_c96_seed47.in,LFU LFU LFU LIRS,4,24 24 24 24,96,10000,9653,347,0.9653,9860,140,0.986,207
configs/exp4/lfu_lfu_lfu_lru.cfg,experiments/data/phases24_c96_seed47.in,LFU LFU LFU LRU,4,24 24 24 24,96,10000,9672,328,0.9672,9860,140,0.986,188
configs/exp4/lfu_lfu_lirs.cfg,experiments/data/phases24_c96_seed47.in,LFU LFU LIRS,3,32 32 32,96,10000,9689,311,0.9689,9860,140,0.986,171
configs/exp4/lfu_lfu_lirs_2q.cfg,experiments/data/phases24_c96_seed47.in,LFU LFU LIRS 2Q,4,24 24 24 24,96,10000,9661,339,0.9661,9860,140,0.986,199
configs/exp4/lfu_lfu_lirs_arc.cfg,experiments/data/phases24_c96_seed47.in,LFU LFU LIRS ARC,4,24 24 24 24,96,10000,9679,321,0.9679,9860,140,0.986,181
configs/exp4/lfu_lfu_lirs_lfu.cfg,experiments/data/phases24_c96_seed47.in,LFU LFU LIRS LFU,4,24 24 24 24,96,10000,9624,376,0.9624,9860,140,0.986,236
configs/exp4/lfu_lfu_lirs_lirs.cfg,experiments/data/phases24_c96_seed47.in,LFU LFU LIRS LIRS,4,24 24 24 24,96,10000,9621,379,0.9621,9860,140,0.986,239
configs/exp4/lfu_lfu_lirs_lru.cfg,experiments/data/phases24_c96_seed47.in,LFU LFU LIRS LRU,4,24 24 24 24,96,10000,9687,313,0.9687,9860,140,0.986,173
configs/exp4/lfu_lfu_lru.cfg,experiments/data/phases24_c96_seed47.in,LFU LFU LRU,3,32 32 32,96,10000,9732,268,0.9732,9860,140,0.986,128
configs/exp4/lfu_lfu_lru_2q.cfg,experiments/data/phases24_c96_seed47.in,LFU LFU LRU 2Q,4,24 24 24 24,96,10000,9625,375,0.9625,9860,140,0.986,235
configs/exp4/lfu_lfu_lru_arc.cfg,experiments/data/phases24_c96_seed47.in,LFU LFU LRU ARC,4,24 24 24 24,96,10000,9599,401,0.9599,9860,140,0.986,261
configs/exp4/lfu_lfu_lru_lfu.cfg,experiments/data/phases24_c96_seed47.in,LFU LFU LRU LFU,4,24 24 24 24,96,10000,9603,397,0.9603,9860,140,0.986,257
configs/exp4/lfu_lfu_lru_lirs.cfg,experiments/data/phases24_c96_seed47.in,LFU LFU LRU LIRS,4,24 24 24 24,96,10000,9633,367,0.9633,9860,140,0.986,227
configs/exp4/lfu_lfu_lru_lru.cfg,experiments/data/phases24_c96_seed47.in,LFU LFU LRU LRU,4,24 24 24 24,96,10000,9615,385,0.9615,9860,140,0.986,245
configs/exp4/lfu_lirs.cfg,experiments/data/phases24_c96_seed47.in,LFU LIRS,2,48 48,96,10000,9705,295,0.9705,9860,140,0.986,155
configs/exp4/lfu_lirs_2q.cfg,experiments/data/phases24_c96_seed47.in,LFU LIRS 2Q,3,32 32 32,96,10000,9683,317,0.9683,9860,140,0.986,177
configs/exp4/lfu_lirs_2q_2q.cfg,experiments/data/phases24_c96_seed47.in,LFU LIRS 2Q 2Q,4,24 24 24 24,96,10000,9542,458,0.9542,9860,140,0.986,318
configs/exp4/lfu_lirs_2q_arc.cfg,experiments/data/phases24_c96_seed47.in,LFU LIRS 2Q ARC,4,24 24 24 24,96,10000,9560,440,0.956,9860,140,0.986,300
configs/exp4/lfu_lirs_2q_lfu.cfg,experiments/data/phases24_c96_seed47.in,LFU LIRS 2Q LFU,4,24 24 24 24,96,10000,9560,440,0.956,9860,140,0.986,300
configs/exp4/lfu_lirs_2q_lirs.cfg,experiments/data/phases24_c96_seed47.in,LFU LIRS 2Q LIRS,4,24 24 24 24,96,10000,9554,446,0.9554,9860,140,0.986,306
configs/exp4/lfu_lirs_2q_lru.cfg,experiments/data/phases24_c96_seed47.in,LFU LIRS 2Q LRU,4,24 24 24 24,96,10000,9575,425,0.9575,9860,140,0.986,285
configs/exp4/lfu_lirs_arc.cfg,experiments/data/phases24_c96_seed47.in,LFU LIRS ARC,3,32 32 32,96,10000,9700,300,0.97,9860,140,0.986,160
configs/exp4/lfu_lirs_arc_2q.cfg,experiments/data/phases24_c96_seed47.in,LFU LIRS ARC 2Q,4,24 24 24 24,96,10000,9557,443,0.9557,9860,140,0.986,303
configs/exp4/lfu_lirs_arc_arc.cfg,experiments/data/phases24_c96_seed47.in,LFU LIRS ARC ARC,4,24 24 24 24,96,10000,9528,472,0.9528,9860,140,0.986,332
configs/exp4/lfu_lirs_arc_lfu.cfg,experiments/data/phases24_c96_seed47.in,LFU LIRS ARC LFU,4,24 24 24 24,96,10000,9542,458,0.9542,9860,140,0.986,318
configs/exp4/lfu_lirs_arc_lirs.cfg,experiments/data/phases24_c96_seed47.in,LFU LIRS ARC LIRS,4,24 24 24 24,96,10000,9541,459,0.9541,9860,140,0.986,319
configs/exp4/lfu_lirs_arc_lru.cfg,experiments/data/phases24_c96_seed47.in,LFU LIRS ARC LRU,4,24 24 24 24,96,10000,9535,465,0.9535,9860,140,0.986,325
configs/exp4/lfu_lirs_lfu.cfg,experiments/data/phases24_c96_seed47.in,LFU LIRS LFU,3,32 32 32,96,10000,9670,330,0.967,9860,140,0.986,190
configs/exp4/lfu_lirs_lfu_2q.cfg,experiments/data/phases24_c96_seed47.in,LFU LIRS LFU 2Q,4,24 24 24 24,96,10000,9618,382,0.9618,9860,140,0.986,242
configs/exp4/lfu_lirs_lfu_arc.cfg,experiments/data/phases24_c96_seed47.in,LFU LIRS LFU ARC,4,24 24 24 24,96,10000,9619,381,0.9619,9860,140,0.986,241
configs/exp4/lfu_lirs_lfu_lfu.cfg,experiments/data/phases24_c96_seed47.in,LFU LIRS LFU LFU,4,24 24 24 24,96,10000,9540,460,0.954,9860,140,0.986,320
configs/exp4/lfu_lirs_lfu_lirs.cfg,experiments/data/phases24_c96_seed47.in,LFU LIRS LFU LIRS,4,24 24 24 24,96,10000,9608,392,0.9608,9860,140,0.986,252
configs/exp4/lfu_lirs_lfu_lru.cfg,experiments/data/phases24_c96_seed47.in,LFU LIRS LFU LRU,4,24 24 24 24,96,10000,9618,382,0.9618,9860,140,0.986,242
configs/exp4/lfu_lirs_lirs.cfg,experiments/data/phases24_c96_seed47.in,LFU LIRS LIRS,3,32 32 32,96,10000,9621,379,0.9621,9860,140,0.986,239
configs/exp4/lfu_lirs_lirs_2q.cfg,experiments/data/phases24_c96_seed47.in,LFU LIRS LIRS 2Q,4,24 24 24 24,96,10000,9545,455,0.9545,9860,140,0.986,315
configs/exp4/lfu_lirs_lirs_arc.cfg,experiments/data/phases24_c96_seed47.in,LFU LIRS LIRS ARC,4,24 24 24 24,96,10000,9597,403,0.9597,9860,140,0.986,263
configs/exp4/lfu_lirs_lirs_lfu.cfg,experiments/data/phases24_c96_seed47.in,LFU LIRS LIRS LFU,4,24 24 24 24,96,10000,9567,433,0.9567,9860,140,0.986,293
configs/exp4/lfu_lirs_lirs_lirs.cfg,experiments/data/phases24_c96_seed47.in,LFU LIRS LIRS LIRS,4,24 24 24 24,96,10000,9508,492,0.9508,9860,140,0.986,352
configs/exp4/lfu_lirs_lirs_lru.cfg,experiments/data/phases24_c96_seed47.in,LFU LIRS LIRS LRU,4,24 24 24 24,96,10000,9591,409,0.9591,9860,140,0.986,269
configs/exp4/lfu_lirs_lru.cfg,experiments/data/phases24_c96_seed47.in,LFU LIRS LRU,3,32 32 32,96,10000,9703,297,0.9703,9860,140,0.986,157
configs/exp4/lfu_lirs_lru_2q.cfg,experiments/data/phases24_c96_seed47.in,LFU LIRS LRU 2Q,4,24 24 24 24,96,10000,9549,451,0.9549,9860,140,0.986,311
configs/exp4/lfu_lirs_lru_arc.cfg,experiments/data/phases24_c96_seed47.in,LFU LIRS LRU ARC,4,24 24 24 24,96,10000,9532,468,0.9532,9860,140,0.986,328
configs/exp4/lfu_lirs_lru_lfu.cfg,experiments/data/phases24_c96_seed47.in,LFU LIRS LRU LFU,4,24 24 24 24,96,10000,9508,492,0.9508,9860,140,0.986,352
configs/exp4/lfu_lirs_lru_lirs.cfg,experiments/data/phases24_c96_seed47.in,LFU LIRS LRU LIRS,4,24 24 24 24,96,10000,9565,435,0.9565,9860,140,0.986,295
configs/exp4/lfu_lirs_lru_lru.cfg,experiments/data/phases24_c96_seed47.in,LFU LIRS LRU LRU,4,24 24 24 24,96,10000,9512,488,0.9512,9860,140,0.986,348
configs/exp4/lfu_lru.cfg,experiments/data/phases24_c96_seed47.in,LFU LRU,2,48 48,96,10000,9746,254,0.9746,9860,140,0.986,114
configs/exp4/lfu_lru_2q.cfg,experiments/data/phases24_c96_seed47.in,LFU LRU 2Q,3,32 32 32,96,10000,9682,318,0.9682,9860,140,0.986,178
configs/exp4/lfu_lru_2q_2q.cfg,experiments/data/phases24_c96_seed47.in,LFU LRU 2Q 2Q,4,24 24 24 24,96,10000,9454,546,0.9454,9860,140,0.986,406
configs/exp4/lfu_lru_2q_arc.cfg,experiments/data/phases24_c96_seed47.in,LFU LRU 2Q ARC,4,24 24 24 24,96,10000,9468,532,0.9468,9860,140,0.986,392
configs/exp4/lfu_lru_2q_lfu.cfg,experiments/data/phases24_c96_seed47.in,LFU LRU 2Q LFU,4,24 24 24 24,96,10000,9441,559,0.9441,9860,140,0.986,419
configs/exp4/lfu_lru_2q_lirs.cfg,experiments/data/phases24_c96_seed47.in,LFU LRU 2Q LIRS,4,24 24 24 24,96,10000,9486,514,0.9486,9860,140,0.986,374
configs/exp4/lfu_lru_2q_lru.cfg,experiments/data/phases24_c96_seed47.in,LFU LRU 2Q LRU,4,24 24 24 24,96,10000,9493,507,0.9493,9860,140,0.986,367
configs/exp4/lfu_lru_arc.cfg,experiments/data/phases24_c96_seed47.in,LFU LRU ARC,3,32 32 32,96,10000,9682,318,0.9682,9860,140,0.986,178
configs/exp4/lfu_lru_arc_2q.cfg,experiments/data/phases24_c96_seed47.in,LFU LRU ARC 2Q,4,24 24 24 24,96,10000,9470,530,0.947,9860,140,0.986,390
configs/exp4/lfu_lru_arc_arc.cfg,experiments/data/phases24_c96_seed47.in,LFU LRU ARC ARC,4,24 24 24 24,96,10000,9445,555,0.9445,9860,140,0.986,415
configs/exp4/lfu_lru_arc_lfu.cfg,experiments/data/phases24_c96_seed47.in,LFU LRU ARC LFU,4,24 24 24 24,96,10000,9439,561,0.9439,9860,140,0.986,421
configs/exp4/lfu_lru_arc_lirs.cfg,experiments/data/phases24_c96_seed47.in,LFU LRU ARC LIRS,4,24 24 24 24,96,10000,9493,507,0.9493,9860,140,0.986,367
configs/exp4/lfu_lru_arc_lru.cfg,experiments/data/phases24_c96_seed47.in,LFU LRU ARC LRU,4,24 24 24 24,96,10000,9452,548,0.9452,9860,140,0.986,408
configs/exp4/lfu_lru_lfu.cfg,experiments/data/phases24_c96_seed47.in,LFU LRU LFU,3,32 32 32,96,10000,9687,313,0.9687,9860,140,0.986,173
configs/exp4/lfu_lru_lfu_2q.cfg,experiments/data/phases24_c96_seed47.in,LFU LRU LFU 2Q,4,24 24 24 24,96,10000,9484,516,0.9484,9860,140,0.986,376
configs/exp4/lfu_lru_lfu_arc.cfg,experiments/data/phases24_c96_seed47.in,LFU LRU LFU ARC,4,24 24 24 24,96,10000,9482,518,0.9482,9860,140,0.986,378
configs/exp4/lfu_lru_lfu_lfu.cfg,experiments/data/phases24_c96_seed47.in,LFU LRU LFU LFU,4,24 24 24 24,96,10000,9266,734,0.9266,9860,140,0.986,594
configs/exp4/lfu_lru_lfu_lirs.cfg,experiments/data/phases24_c96_seed47.in,LFU LRU LFU LIRS,4,24 24 24 24,96,10000,9520,480,0.952,9860,140,0.986,340
configs/exp4/lfu_lru_lfu_lru.cfg,experiments/data/phases24_c96_seed47.in,LFU LRU LFU LRU,4,24 24 24 24,96,10000,9460,540,0.946,9860,140,0.986,400
configs/exp4/lfu_lru_lirs.cfg,experiments/data/phases24_c96_seed47.in,LFU LRU LIRS,3,32 32 32,96,10000,9682,318,0.9682,9860,140,0.986,178
configs/exp4/lfu_lru_lirs_2q.cfg,experiments/data/phases24_c96_seed47.in,LFU LRU LIRS 2Q,4,24 24 24 24,96,10000,9509,491,0.9509,9860,140,0.986,351
configs/exp4/lfu_lru_lirs_arc.cfg,experiments/data/phases24_c96_seed47.in,LFU LRU LIRS ARC,4,24 24 24 24,96,10000,9532,468,0.9532,9860,140,0.986,328
configs/exp4/lfu_lru_lirs_lfu.cfg,experiments/data/phases24_c96_seed47.in,LFU LRU LIRS LFU,4,24 24 24 24,96,10000,9485,515,0.9485,9860,140,0.986,375
configs/exp4/lfu_lru_lirs_lirs.cfg,experiments/data/phases24_c96_seed47.in,LFU LRU LIRS LIRS,4,24 24 24 24,96,10000,9500,500,0.95,9860,140,0.986,360
configs/exp4/lfu_lru_lirs_lru.cfg,experiments/data/phases24_c96_seed47.in,LFU LRU LIRS LRU,4,24 24 24 24,96,10000,9536,464,0.9536,9860,140,0.986,324
configs/exp4/lfu_lru_lru.cfg,experiments/data/phases24_c96_seed47.in,LFU LRU LRU,3,32 32 32,96,10000,9690,310,0.969,9860,140,0.986,170
configs/exp4/lfu_lru_lru_2q.cfg,experiments/data/phases24_c96_seed47.in,LFU LRU LRU 2Q,4,24 24 24 24,96,10000,9445,555,0.9445,9860,140,0.986,415
configs/exp4/lfu_lru_lru_arc.cfg,experiments/data/phases24_c96_seed47.in,LFU LRU LRU ARC,4,24 24 24 24,96,10000,9433,567,0.9433,9860,140,0.986,427
configs/exp4/lfu_lru_lru_lfu.cfg,experiments/data/phases24_c96_seed47.in,LFU LRU LRU LFU,4,24 24 24 24,96,10000,9381,619,0.9381,9860,140,0.986,479
configs/exp4/lfu_lru_lru_lirs.cfg,experiments/data/phases24_c96_seed47.in,LFU LRU LRU LIRS,4,24 24 24 24,96,10000,9496,504,0.9496,9860,140,0.986,364
configs/exp4/lfu_lru_lru_lru.cfg,experiments/data/phases24_c96_seed47.in,LFU LRU LRU LRU,4,24 24 24 24,96,10000,9386,614,0.9386,9860,140,0.986,474
configs/exp4/lirs_2q.cfg,experiments/data/phases24_c96_seed47.in,LIRS 2Q,2,48 48,96,10000,9688,312,0.9688,9860,140,0.986,172
configs/exp4/lirs_2q_2q.cfg,experiments/data/phases24_c96_seed47.in,LIRS 2Q 2Q,3,32 32 32,96,10000,9607,393,0.9607,9860,140,0.986,253
configs/exp4/lirs_2q_2q_2q.cfg,experiments/data/phases24_c96_seed47.in,LIRS 2Q 2Q 2Q,4,24 24 24 24,96,10000,9417,583,0.9417,9860,140,0.986,443
configs/exp4/lirs_2q_2q_arc.cfg,experiments/data/phases24_c96_seed47.in,LIRS 2Q 2Q ARC,4,24 24 24 24,96,10000,9491,509,0.9491,9860,140,0.986,369
configs/exp4/lirs_2q_2q_lfu.cfg,experiments/data/phases24_c96_seed47.in,LIRS 2Q 2Q LFU,4,24 24 24 24,96,10000,9468,532,0.9468,9860,140,0.986,392
configs/exp4/lirs_2q_2q_lirs.cfg,experiments/data/phases24_c96_seed47.in,LIRS 2Q 2Q LIRS,4,24 24 24 24,96,10000,9452,548,0.9452,9860,140,0.986,408
configs/exp4/lirs_2q_2q_lru.cfg,experiments/data/phases24_c96_seed47.in,LIRS 2Q 2Q LRU,4,24 24 24 24,96,10000,9497,503,0.9497,9860,140,0.986,363
configs/exp4/lirs_2q_arc.cfg,experiments/data/phases24_c96_seed47.in,LIRS 2Q ARC,3,32 32 32,96,10000,9628,372,0.9628,9860,140,0.986,232
configs/exp4/lirs_2q_arc_2q.cfg,experiments/data/phases24_c96_seed47.in,LIRS 2Q ARC 2Q,4,24 24 24 24,96,10000,9485,515,0.9485,9860,140,0.986,375
configs/exp4/lirs_2q_arc_arc.cfg,experiments/data/phases24_c96_seed47.in,LIRS 2Q ARC ARC,4,24 24 24 24,96,10000,9478,522,0.9478,9860,140,0.986,382
configs/exp4/lirs_2q_arc_lfu.cfg,experiments/data/phases24_c96_seed47.in,LIRS 2Q ARC LFU,4,24 24 24 24,96,10000,9468,532,0.9468,9860,140,0.986,392
configs/exp4/lirs_2q_arc_lirs.cfg,experiments/data/phases24_c96_seed47.in,LIRS 2Q ARC LIRS,4,24 24 24 24,96,10000,9508,492,0.9508,9860,140,0.986,352
configs/exp4/lirs_2q_arc_lru.cfg,experiments/data/phases24_c96_seed47.in,LIRS 2Q ARC LRU,4,24 24 24 24,96,10000,9466,534,0.9466,9860,140,0.986,394
configs/exp4/lirs_2q_lfu.cfg,experiments/data/phases24_c96_seed47.in,LIRS 2Q LFU,3,32 32 32,96,10000,9625,375,0.9625,9860,140,0.986,235
configs/exp4/lirs_2q_lfu_2q.cfg,experiments/data/phases24_c96_seed47.in,LIRS 2Q LFU 2Q,4,24 24 24 24,96,10000,9494,506,0.9494,9860,140,0.986,366
configs/exp4/lirs_2q_lfu_arc.cfg,experiments/data/phases24_c96_seed47.in,LIRS 2Q LFU ARC,4,24 24 24 24,96,10000,9528,472,0.9528,9860,140,0.986,332
configs/exp4/lirs_2q_lfu_lfu.cfg,experiments/data/phases24_c96_seed47.in,LIRS 2Q LFU LFU,4,24 24 24 24,96,10000,9507,493,0.9507,9860,140,0.986,353
configs/exp4/lirs_2q_lfu_lirs.cfg,experiments/data/phases24_c96_seed47.in,LIRS 2Q LFU LIRS,4,24 24 24 24,96,10000,9526,474,0.9526,9860,140,0.986,334
configs/exp4/lirs_2q_lfu_lru.cfg,experiments/data/phases24_c96_seed47.in,LIRS 2Q LFU LRU,4,24 24 24 24,96,10000,9535,465,0.9535,9860,140,0.986,325
configs/exp4/lirs_2q_lirs.cfg,experiments/data/phases24_c96_seed47.in,LIRS 2Q LIRS,3,32 32 32,96,10000,9611,389,0.9611,9860,140,0.986,249
configs/exp4/lirs_2q_lirs_2q.cfg,experiments/data/phases24_c96_seed47.in,LIRS 2Q LIRS 2Q,4,24 24 24 24,96,10000,9460,540,0.946,9860,140,0.986,400
configs/exp4/lirs_2q_lirs_arc.cfg,experiments/data/phases24_c96_seed47.in,LIRS 2Q LIRS ARC,4,24 24 24 24,96,10000,9509,491,0.9509,9860,140,0.986,351
configs/exp4/lirs_2q_lirs_lfu.cfg,experiments/data/phases24_c96_seed47.in,LIRS 2Q LIRS LFU,4,24 24 24 24,96,10000,9504,496,0.9504,9860,140,0.986,356
configs/exp4/lirs_2q_lirs_lirs.cfg,experiments/data/phases24_c96_seed47.in,LIRS 2Q LIRS LIRS,4,24 24 24 24,96,10000,9438,562,0.9438,9860,140,0.986,422
configs/exp4/lirs_2q_lirs_lru.cfg,experiments/data/phases24_c96_seed47.in,LIRS 2Q LIRS LRU,4,24 24 24 24,96,10000,9514,486,0.9514,9860,140,0.986,346
configs/exp4/lirs_2q_lru.cfg,experiments/data/phases24_c96_seed47.in,LIRS 2Q LRU,3,32 32 32,96,10000,9637,363,0.9637,9860,140,0.986,223
configs/exp4/lirs_2q_lru_2q.cfg,experiments/data/phases24_c96_seed47.in,LIRS 2Q LRU 2Q,4,24 24 24 24,96,10000,9490,510,0.949,9860,140,0.986,370
configs/exp4/lirs_2q_lru_arc.cfg,experiments/data/phases24_c96_seed47.in,LIRS 2Q LRU ARC,4,24 24 24 24,96,10000,9487,513,0.9487,9860,140,0.986,373
configs/exp4/lirs_2q_lru_lfu.cfg,experiments/data/phases24_c96_seed47.in,LIRS 2Q LRU LFU,4,24 24 24 24,96,10000,9457,543,0.9457,9860,140,0.986,403
configs/exp4/lirs_2q_lru_lirs.cfg,experiments/data/phases24_c96_seed47.in,LIRS 2Q LRU LIRS,4,24 24 24 24,96,10000,9517,483,0.9517,9860,140,0.986,343
configs/exp4/lirs_2q_lru_lru.cfg,experiments/data/phases24_c96_seed47.in,LIRS 2Q LRU LRU,4,24 24 24 24,96,10000,9457,543,0.9457,9860,140,0.986,403
configs/exp4/lirs_arc.cfg,experiments/data/phases24_c96_seed47.in,LIRS ARC,2,48 48,96,10000,9697,303,0.9697,9860,140,0.986,163
configs/exp4/lirs_arc_2q.cfg,experiments/data/phases24_c96_seed47.in,LIRS ARC 2Q,3,32 32 32,96,10000,9644,356,0.9644,9860,140,0.986,216
configs/exp4/lirs_arc_2q_2q.cfg,experiments/data/phases24_c96_seed47.in,LIRS ARC 2Q 2Q,4,24 24 24 24,96,10000,9432,568,0.9432,9860,140,0.986,428
configs/exp4/lirs_arc_2q_arc.cfg,experiments/data/phases24_c96_seed47.in,LIRS ARC 2Q ARC,4,24 24 24 24,96,10000,9466,534,0.9466,9860,140,0.986,394
configs/exp4/lirs_arc_2q_lfu.cfg,experiments/data/phases24_c96_seed47.in,LIRS ARC 2Q LFU,4,24 24 24 24,96,10000,9445,555,0.9445,9860,140,0.986,415
configs/exp4/lirs_arc_2q_lirs.cfg,experiments/data/phases24_c96_seed47.in,LIRS ARC 2Q LIRS,4,24 24 24 24,96,10000,9479,521,0.9479,9860,140,0.986,381
configs/exp4/lirs_arc_2q_lru.cfg,experiments/data/phases24_c96_seed47.in,LIRS ARC 2Q LRU,4,24 24 24 24,96,10000,9473,527,0.9473,9860,140,0.986,387
configs/exp4/lirs_arc_arc.cfg,experiments/data/phases24_c96_seed47.in,LIRS ARC ARC,3,32 32 32,96,10000,9628,372,0.9628,9860,140,0.986,232
configs/exp4/lirs_arc_arc_2q.cfg,experiments/data/phases24_c96_seed47.in,LIRS ARC ARC 2Q,4,24 24 24 24,96,10000,9458,542,0.9458,9860,140,0.986,402
configs/exp4/lirs_arc_arc_arc.cfg,experiments/data/phases24_c96_seed47.in,LIRS ARC ARC ARC,4,24 24 24 24,96,10000,9444,556,0.9444,9860,140,0.986,416
configs/exp4/lirs_arc_arc_lfu.cfg,experiments/data/phases24_c96_seed47.in,LIRS ARC ARC LFU,4,24 24 24 24,96,10000,9434,566,0.9434,9860,140,0.986,426
configs/exp4/lirs_arc_arc_lirs.cfg,experiments/data/phases24_c96_seed47.in,LIRS ARC ARC LIRS,4,24 24 24 24,96,10000,9475,525,0.9475,9860,140,0.986,385
configs/exp4/lirs_arc_arc_lru.cfg,experiments/data/phases24_c96_seed47.in,LIRS ARC ARC LRU,4,24 24 24 24,96,10000,9427,573,0.9427,9860,140,0.986,433
configs/exp4/lirs_arc_lfu.cfg,experiments/data/phases24_c96_seed47.in,LIRS ARC LFU,3,32 32 32,96,10000,9632,368,0.9632,9860,140,0.986,228
configs/exp4/lirs_arc_lfu_2q.cfg,experiments/data/phases24_c96_seed47.in,LIRS ARC LFU 2Q,4,24 24 24 24,96,10000,9471,529,0.9471,9860,140,0.986,389
configs/exp4/lirs_arc_lfu_arc.cfg,experiments/data/phases24_c96_seed47.in,LIRS ARC LFU ARC,4,24 24 24 24,96,10000,9464,536,0.9464,9860,140,0.986,396
configs/exp4/lirs_arc_lfu_lfu.cfg,experiments/data/phases24_c96_seed47.in,LIRS ARC LFU LFU,4,24 24 24 24,96,10000,9457,543,0.9457,9860,140,0.986,403
configs/exp4/lirs_arc_lfu_lirs.cfg,experiments/data/phases24_c96_seed47.in,LIRS ARC LFU LIRS,4,24 24 24 24,96,10000,9503,497,0.9503,9860,140,0.986,357
configs/exp4/lirs_arc_lfu_lru.cfg,experiments/data/phases24_c96_seed47.in,LIRS ARC LFU LRU,4,24 24 24 24,96,10000,9469,531,0.9469,9860,140,0.986,391
configs/exp4/lirs_arc_lirs.cfg,experiments/data/phases24_c96_seed47.in,LIRS ARC LIRS,3,32 32 32,96,10000,9641,359,0.9641,9860,140,0.986,219
configs/exp4/lirs_arc_lirs_2q.cfg,experiments/data/phases24_c96_seed47.in,LIRS ARC LIRS 2Q,4,24 24 24 24,96,10000,9467,533,0.9467,9860,140,0.986,393
configs/exp4/lirs_arc_lirs_arc.cfg,experiments/data/phases24_c96_seed47.in,LIRS ARC LIRS ARC,4,24 24 24 24,96,10000,9466,534,0.9466,9860,140,0.986,394
configs/exp4/lirs_arc_lirs_lfu.cfg,experiments/data/phases24_c96_seed47.in,LIRS ARC LIRS LFU,4,24 24 24 24,96,10000,9488,512,0.9488,9860,140,0.986,372
configs/exp4/lirs_arc_lirs_lirs.cfg,experiments/data/phases24_c96_seed47.in,LIRS ARC LIRS LIRS,4,24 24 24 24,96,10000,9444,556,0.9444,9860,140,0.986,416
configs/exp4/lirs_arc_lirs_lru.cfg,experiments/data/phases24_c96_seed47.in,LIRS ARC LIRS LRU,4,24 24 24 24,96,10000,9489,511,0.9489,9860,140,0.986,371
configs/exp4/lirs_arc_lru.cfg,experiments/data/phases24_c96_seed47.in,LIRS ARC LRU,3,32 32 32,96,10000,9622,378,0.9622,9860,140,0.986,238
configs/exp4/lirs_arc_lru_2q.cfg,experiments/data/phases24_c96_seed47.in,LIRS ARC LRU 2Q,4,24 24 24 24,96,10000,9452,548,0.9452,9860,140,0.986,408
configs/exp4/lirs_arc_lru_arc.cfg,experiments/data/phases24_c96_seed47.in,LIRS ARC LRU ARC,4,24 24 24 24,96,10000,9410,590,0.941,9860,140,0.986,450
configs/exp4/lirs_arc_lru_lfu.cfg,experiments/data/phases24_c96_seed47.in,LIRS ARC LRU LFU,4,24 24 24 24,96,10000,9399,601,0.9399,9860,140,0.986,461
configs/exp4/lirs_arc_lru_lirs.cfg,experiments/data/phases24_c96_seed47.in,LIRS ARC LRU LIRS,4,24 24 24 24,96,10000,9482,518,0.9482,9860,140,0.986,378
configs/exp4/lirs_arc_lru_lru.cfg,experiments/data/phases24_c96_seed47.in,LIRS ARC LRU LRU,4,24 24 24 24,96,10000,9402,598,0.9402,9860,140,0.986,458
configs/exp4/lirs_lfu.cfg,experiments/data/phases24_c96_seed47.in,LIRS LFU,2,48 48,96,10000,9676,324,0.9676,9860,140,0.986,184
configs/exp4/lirs_lfu_2q.cfg,experiments/data/phases24_c96_seed47.in,LIRS LFU 2Q,3,32 32 32,96,10000,9666,334,0.9666,9860,140,0.986,194
configs/exp4/lirs_lfu_2q_2q.cfg,experiments/data/phases24_c96_seed47.in,LIRS LFU 2Q 2Q,4,24 24 24 24,96,10000,9511,489,0.9511,9860,140,0.986,349
configs/exp4/lirs_lfu_2q_arc.cfg,experiments/data/phases24_c96_seed47.in,LIRS LFU 2Q ARC,4,24 24 24 24,96,10000,9537,463,0.9537,9860,140,0.986,323
configs/exp4/lirs_lfu_2q_lfu.cfg,experiments/data/phases24_c96_seed47.in,LIRS LFU 2Q LFU,4,24 24 24 24,96,10000,9529,471,0.9529,9860,140,0.986,331
configs/exp4/lirs_lfu_2q_lirs.cfg,experiments/data/phases24_c96_seed47.in,LIRS LFU 2Q LIRS,4,24 24 24 24,96,10000,9543,457,0.9543,9860,140,0.986,317
configs/exp4/lirs_lfu_2q_lru.cfg,experiments/data/phases24_c96_seed47.in,LIRS LFU 2Q LRU,4,24 24 24 24,96,10000,9551,449,0.9551,9860,140,0.986,309
configs/exp4/lirs_lfu_arc.cfg,experiments/data/phases24_c96_seed47.in,LIRS LFU ARC,3,32 32 32,96,10000,9675,325,0.9675,9860,140,0.986,185
configs/exp4/lirs_lfu_arc_2q.cfg,experiments/data/phases24_c96_seed47.in,LIRS LFU ARC 2Q,4,24 24 24 24,96,10000,9515,485,0.9515,9860,140,0.986,345
configs/exp4/lirs_lfu_arc_arc.cfg,experiments/data/phases24_c96_seed47.in,LIRS LFU ARC ARC,4,24 24 24 24,96,10000,9510,490,0.951,9860,140,0.986,350
configs/exp4/lirs_lfu_arc_lfu.cfg,experiments/data/phases24_c96_seed47.in,LIRS LFU ARC LFU,4,24 24 24 24,96,10000,9514,486,0.9514,9860,140,0.986,346
configs/exp4/lirs_lfu_arc_lirs.cfg,experiments/data/phases24_c96_seed47.in,LIRS LFU ARC LIRS,4,24 24 24 24,96,10000,9531,469,0.9531,9860,140,0.986,329
configs/exp4/lirs_lfu_arc_lru.cfg,experiments/data/phases24_c96_seed47.in,LIRS LFU ARC LRU,4,24 24 24 24,96,10000,9508,492,0.9508,9860,140,0.986,352
configs/exp4/lirs_lfu_lfu.cfg,experiments/data/phases24_c96_seed47.in,LIRS LFU LFU,3,32 32 32,96,10000,9666,334,0.9666,9860,140,0.986,194
configs/exp4/lirs_lfu_lfu_2q.cfg,experiments/data/phases24_c96_seed47.in,LIRS LFU LFU 2Q,4,24 24 24 24,96,10000,9582,418,0.9582,9860,140,0.986,278
configs/exp4/lirs_lfu_lfu_arc.cfg,experiments/data/phases24_c96_seed47.in,LIRS LFU LFU ARC,4,24 24 24 24,96,10000,9583,417,0.9583,9860,140,0.986,277
configs/exp4/lirs_lfu_lfu_lfu.cfg,experiments/data/phases24_c96_seed47.in,LIRS LFU LFU LFU,4,24 24 24 24,96,10000,9482,518,0.9482,9860,140,0.986,378
configs/exp4/lirs_lfu_lfu_lirs.cfg,experiments/data/phases24_c96_seed47.in,LIRS LFU LFU LIRS,4,24 24 24 24,96,10000,9588,412,0.9588,9860,140,0.986,272
configs/exp4/lirs_lfu_lfu_lru.cfg,experiments/data/phases24_c96_seed47.in,LIRS LFU LFU LRU,4,24 24 24 24,96,10000,9582,418,0.9582,9860,140,0.986,278
configs/exp4/lirs_lfu_lirs.cfg,experiments/data/phases24_c96_seed47.in,LIRS LFU LIRS,3,32 32 32,96,10000,9639,361,0.9639,9860,140,0.986,221
configs/exp4/lirs_lfu_lirs_2q.cfg,experiments/data/phases24_c96_seed47.in,LIRS LFU LIRS 2Q,4,24 24 24 24,96,10000,9532,468,0.9532,9860,140,0.986,328
configs/exp4/lirs_lfu_lirs_arc.cfg,experiments/data/phases24_c96_seed47.in,LIRS LFU LIRS ARC,4,24 24 24 24,96,10000,9580,420,0.958,9860,140,0.986,280
configs/exp4/lirs_lfu_lirs_lfu.cfg,experiments/data/phases24_c96_seed47.in,LIRS LFU LIRS LFU,4,24 24 24 24,96,10000,9546,454,0.9546,9860,140,0.986,314
configs/exp4/lirs_lfu_lirs_lirs.cfg,experiments/data/phases24_c96_seed47.in,LIRS LFU LIRS LIRS,4,24 24 24 24,96,10000,9513,487,0.9513,9860,140,0.986,347
configs/exp4/lirs_lfu_lirs_lru.cfg,experiments/data/phases24_c96_seed47.in,LIRS LFU LIRS LRU,4,24 24 24 24,96,10000,9581,419,0.9581,9860,140,0.986,279
configs/exp4/lirs_lfu_lru.cfg,experiments/data/phases24_c96_seed47.in,LIRS LFU LRU,3,32 32 32,96,10000,9690,310,0.969,9860,140,0.986,170
configs/exp4/lirs_lfu_lru_2q.cfg,experiments/data/phases24_c96_seed47.in,LIRS LFU LRU 2Q,4,24 24 24 24,96,10000,9491,509,0.9491,9860,140,0.986,369
configs/exp4/lirs_lfu_lru_arc.cfg,experiments/data/phases24_c96_seed47.in,LIRS LFU LRU ARC,4,24 24 24 24,96,10000,9472,528,0.9472,9860,140,0.986,388
configs/exp4/lirs_lfu_lru_lfu.cfg,experiments/data/phases24_c96_seed47.in,LIRS LFU LRU LFU,4,24 24 24 24,96,10000,9458,542,0.9458,9860,140,0.986,402
configs/exp4/lirs_lfu_lru_lirs.cfg,experiments/data/phases24_c96_seed47.in,LIRS LFU LRU LIRS,4,24 24 24 24,96,10000,9548,452,0.9548,9860,140,0.986,312
configs/exp4/lirs_lfu_lru_lru.cfg,experiments/data/phases24_c96_seed47.in,LIRS LFU LRU LRU,4,24 24 24 24,96,10000,9472,528,0.9472,9860,140,0.986,388
configs/exp4/lirs_lirs_2q.cfg,experiments/data/phases24_c96_seed47.in,LIRS LIRS 2Q,3,32 32 32,96,10000,9600,400,0.96,9860,140,0.986,260
configs/exp4/lirs_lirs_2q_2q.cfg,experiments/data/phases24_c96_seed47.in,LIRS LIRS 2Q 2Q,4,24 24 24 24,96,10000,9455,545,0.9455,9860,140,0.986,405
configs/exp4/lirs_lirs_2q_arc.cfg,experiments/data/phases24_c96_seed47.in,LIRS LIRS 2Q ARC,4,24 24 24 24,96,10000,9508,492,0.9508,9860,140,0.986,352
configs/exp4/lirs_lirs_2q_lfu.cfg,experiments/data/phases24_c96_seed47.in,LIRS LIRS 2Q LFU,4,24 24 24 24,96,10000,9492,508,0.9492,9860,140,0.986,368
configs/exp4/lirs_lirs_2q_lirs.cfg,experiments/data/phases24_c96_seed47.in,LIRS LIRS 2Q LIRS,4,24 24 24 24,96,10000,9469,531,0.9469,9860,140,0.986,391
configs/exp4/lirs_lirs_2q_lru.cfg,experiments/data/phases24_c96_seed47.in,LIRS LIRS 2Q LRU,4,24 24 24 24,96,10000,9508,492,0.9508,9860,140,0.986,352
configs/exp4/lirs_lirs_arc.cfg,experiments/data/phases24_c96_seed47.in,LIRS LIRS ARC,3,32 32 32,96,10000,9665,335,0.9665,9860,140,0.986,195
configs/exp4/lirs_lirs_arc_2q.cfg,experiments/data/phases24_c96_seed47.in,LIRS LIRS ARC 2Q,4,24 24 24 24,96,10000,9524,476,0.9524,9860,140,0.986,336
configs/exp4/lirs_lirs_arc_arc.cfg,experiments/data/phases24_c96_seed47.in,LIRS LIRS ARC ARC,4,24 24 24 24,96,10000,9523,477,0.9523,9860,140,0.986,337
configs/exp4/lirs_lirs_arc_lfu.cfg,experiments/data/phases24_c96_seed47.in,LIRS LIRS ARC LFU,4,24 24 24 24,96,10000,9514,486,0.9514,9860,140,0.986,346
configs/exp4/lirs_lirs_arc_lirs.cfg,experiments/data/phases24_c96_seed47.in,LIRS LIRS ARC LIRS,4,24 24 24 24,96,10000,9522,478,0.9522,9860,140,0.986,338
configs/exp4/lirs_lirs_arc_lru.cfg,experiments/data/phases24_c96_seed47.in,LIRS LIRS ARC LRU,4,24 24 24 24,96,10000,9494,506,0.9494,9860,140,0.986,366
configs/exp4/lirs_lirs_lfu.cfg,experiments/data/phases24_c96_seed47.in,LIRS LIRS LFU,3,32 32 32,96,10000,9621,379,0.9621,9860,140,0.986,239
configs/exp4/lirs_lirs_lfu_2q.cfg,experiments/data/phases24_c96_seed47.in,LIRS LIRS LFU 2Q,4,24 24 24 24,96,10000,9511,489,0.9511,9860,140,0.986,349
configs/exp4/lirs_lirs_lfu_arc.cfg,experiments/data/phases24_c96_seed47.in,LIRS LIRS LFU ARC,4,24 24 24 24,96,10000,9553,447,0.9553,9860,140,0.986,307
configs/exp4/lirs_lirs_lfu_lfu.cfg,experiments/data/phases24_c96_seed47.in,LIRS LIRS LFU LFU,4,24 24 24 24,96,10000,9525,475,0.9525,9860,140,0.986,335
configs/exp4/lirs_lirs_lfu_lirs.cfg,experiments/data/phases24_c96_seed47.in,LIRS LIRS LFU LIRS,4,24 24 24 24,96,10000,9502,498,0.9502,9860,140,0.986,358
configs/exp4/lirs_lirs_lfu_lru.cfg,experiments/data/phases24_c96_seed47.in,LIRS LIRS LFU LRU,4,24 24 24 24,96,10000,9555,445,0.9555,9860,140,0.986,305
configs/exp4/lirs_lirs_lirs_2q.cfg,experiments/data/phases24_c96_seed47.in,LIRS LIRS LIRS 2Q,4,24 24 24 24,96,10000,9442,558,0.9442,9860,140,0.986,418
configs/exp4/lirs_lirs_lirs_arc.cfg,experiments/data/phases24_c96_seed47.in,LIRS LIRS LIRS ARC,4,24 24 24 24,96,10000,9515,485,0.9515,9860,140,0.986,345
configs/exp4/lirs_lirs_lirs_lfu.cfg,experiments/data/phases24_c96_seed47.in,LIRS LIRS LIRS LFU,4,24 24 24 24,96,10000,9479,521,0.9479,9860,140,0.986,381
configs/exp4/lirs_lirs_lirs_lru.cfg,experiments/data/phases24_c96_seed47.in,LIRS LIRS LIRS LRU,4,24 24 24 24,96,10000,9505,495,0.9505,9860,140,0.986,355
configs/exp4/lirs_lirs_lru.cfg,experiments/data/phases24_c96_seed47.in,LIRS LIRS LRU,3,32 32 32,96,10000,9650,350,0.965,9860,140,0.986,210
configs/exp4/lirs_lirs_lru_2q.cfg,experiments/data/phases24_c96_seed47.in,LIRS LIRS LRU 2Q,4,24 24 24 24,96,10000,9517,483,0.9517,9860,140,0.986,343
configs/exp4/lirs_lirs_lru_arc.cfg,experiments/data/phases24_c96_seed47.in,LIRS LIRS LRU ARC,4,24 24 24 24,96,10000,9506,494,0.9506,9860,140,0.986,354
configs/exp4/lirs_lirs_lru_lfu.cfg,experiments/data/phases24_c96_seed47.in,LIRS LIRS LRU LFU,4,24 24 24 24,96,10000,9480,520,0.948,9860,140,0.986,380
configs/exp4/lirs_lirs_lru_lirs.cfg,experiments/data/phases24_c96_seed47.in,LIRS LIRS LRU LIRS,4,24 24 24 24,96,10000,9525,475,0.9525,9860,140,0.986,335
configs/exp4/lirs_lirs_lru_lru.cfg,experiments/data/phases24_c96_seed47.in,LIRS LIRS LRU LRU,4,24 24 24 24,96,10000,9483,517,0.9483,9860,140,0.986,377
configs/exp4/lirs_lru.cfg,experiments/data/phases24_c96_seed47.in,LIRS LRU,2,48 48,96,10000,9696,304,0.9696,9860,140,0.986,164
configs/exp4/lirs_lru_2q.cfg,experiments/data/phases24_c96_seed47.in,LIRS LRU 2Q,3,32 32 32,96,10000,9643,357,0.9643,9860,140,0.986,217
configs/exp4/lirs_lru_2q_2q.cfg,experiments/data/phases24_c96_seed47.in,LIRS LRU 2Q 2Q,4,24 24 24 24,96,10000,9390,610,0.939,9860,140,0.986,470
configs/exp4/lirs_lru_2q_arc.cfg,experiments/data/phases24_c96_seed47.in,LIRS LRU 2Q ARC,4,24 24 24 24,96,10000,9408,592,0.9408,9860,140,0.986,452
configs/exp4/lirs_lru_2q_lfu.cfg,experiments/data/phases24_c96_seed47.in,LIRS LRU 2Q LFU,4,24 24 24 24,96,10000,9378,622,0.9378,9860,140,0.986,482
configs/exp4/lirs_lru_2q_lirs.cfg,experiments/data/phases24_c96_seed47.in,LIRS LRU 2Q LIRS,4,24 24 24 24,96,10000,9490,510,0.949,9860,140,0.986,370
configs/exp4/lirs_lru_2q_lru.cfg,experiments/data/phases24_c96_seed47.in,LIRS LRU 2Q LRU,4,24 24 24 24,96,10000,9410,590,0.941,9860,140,0.986,450
configs/exp4/lirs_lru_arc.cfg,experiments/data/phases24_c96_seed47.in,LIRS LRU ARC,3,32 32 32,96,10000,9626,374,0.9626,9860,140,0.986,234
configs/exp4/lirs_lru_arc_2q.cfg,experiments/data/phases24_c96_seed47.in,LIRS LRU ARC 2Q,4,24 24 24 24,96,10000,9409,591,0.9409,9860,140,0.986,451
configs/exp4/lirs_lru_arc_arc.cfg,experiments/data/phases24_c96_seed47.in,LIRS LRU ARC ARC,4,24 24 24 24,96,10000,9387,613,0.9387,9860,140,0.986,473
configs/exp4/lirs_lru_arc_lfu.cfg,experiments/data/phases24_c96_seed47.in,LIRS LRU ARC LFU,4,24 24 24 24,96,10000,9373,627,0.9373,9860,140,0.986,487
configs/exp4/lirs_lru_arc_lirs.cfg,experiments/data/phases24_c96_seed47.in,LIRS LRU ARC LIRS,4,24 24 24 24,96,10000,9462,538,0.9462,9860,140,0.986,398
configs/exp4/lirs_lru_arc_lru.cfg,experiments/data/phases24_c96_seed47.in,LIRS LRU ARC LRU,4,24 24 24 24,96,10000,9381,619,0.9381,9860,140,0.986,479
configs/exp4/lirs_lru_lfu.cfg,experiments/data/phases24_c96_seed47.in,LIRS LRU LFU,3,32 32 32,96,10000,9618,382,0.9618,9860,140,0.986,242
configs/exp4/lirs_lru_lfu_2q.cfg,experiments/data/phases24_c96_seed47.in,LIRS LRU LFU 2Q,4,24 24 24 24,96,10000,9393,607,0.9393,9860,140,0.986,467
configs/exp4/lirs_lru_lfu_arc.cfg,experiments/data/phases24_c96_seed47.in,LIRS LRU LFU ARC,4,24 24 24 24,96,10000,9381,619,0.9381,9860,140,0.986,479
configs/exp4/lirs_lru_lfu_lfu.cfg,experiments/data/phases24_c96_seed47.in,LIRS LRU LFU LFU,4,24 24 24 24,96,10000,9361,639,0.9361,9860,140,0.986,499
configs/exp4/lirs_lru_lfu_lirs.cfg,experiments/data/phases24_c96_seed47.in,LIRS LRU LFU LIRS,4,24 24 24 24,96,10000,9462,538,0.9462,9860,140,0.986,398
configs/exp4/lirs_lru_lfu_lru.cfg,experiments/data/phases24_c96_seed47.in,LIRS LRU LFU LRU,4,24 24 24 24,96,10000,9370,630,0.937,9860,140,0.986,490
configs/exp4/lirs_lru_lirs.cfg,experiments/data/phases24_c96_seed47.in,LIRS LRU LIRS,3,32 32 32,96,10000,9656,344,0.9656,9860,140,0.986,204
configs/exp4/lirs_lru_lirs_2q.cfg,experiments/data/phases24_c96_seed47.in,LIRS LRU LIRS 2Q,4,24 24 24 24,96,10000,9480,520,0.948,9860,140,0.986,380
configs/exp4/lirs_lru_lirs_arc.cfg,experiments/data/phases24_c96_seed47.in,LIRS LRU LIRS ARC,4,24 24 24 24,96,10000,9465,535,0.9465,9860,140,0.986,395
configs/exp4/lirs_lru_lirs_lfu.cfg,experiments/data/phases24_c96_seed47.in,LIRS LRU LIRS LFU,4,24 24 24 24,96,10000,9466,534,0.9466,9860,140,0.986,394
configs/exp4/lirs_lru_lirs_lirs.cfg,experiments/data/phases24_c96_seed47.in,LIRS LRU LIRS LIRS,4,24 24 24 24,96,10000,9471,529,0.9471,9860,140,0.986,389
configs/exp4/lirs_lru_lirs_lru.cfg,experiments/data/phases24_c96_seed47.in,LIRS LRU LIRS LRU,4,24 24 24 24,96,10000,9472,528,0.9472,9860,140,0.986,388
configs/exp4/lirs_lru_lru.cfg,experiments/data/phases24_c96_seed47.in,LIRS LRU LRU,3,32 32 32,96,10000,9620,380,0.962,9860,140,0.986,240
configs/exp4/lirs_lru_lru_2q.cfg,experiments/data/phases24_c96_seed47.in,LIRS LRU LRU 2Q,4,24 24 24 24,96,10000,9381,619,0.9381,9860,140,0.986,479
configs/exp4/lirs_lru_lru_arc.cfg,experiments/data/phases24_c96_seed47.in,LIRS LRU LRU ARC,4,24 24 24 24,96,10000,9358,642,0.9358,9860,140,0.986,502
configs/exp4/lirs_lru_lru_lfu.cfg,experiments/data/phases24_c96_seed47.in,LIRS LRU LRU LFU,4,24 24 24 24,96,10000,9339,661,0.9339,9860,140,0.986,521
configs/exp4/lirs_lru_lru_lirs.cfg,experiments/data/phases24_c96_seed47.in,LIRS LRU LRU LIRS,4,24 24 24 24,96,10000,9446,554,0.9446,9860,140,0.986,414
configs/exp4/lirs_lru_lru_lru.cfg,experiments/data/phases24_c96_seed47.in,LIRS LRU LRU LRU,4,24 24 24 24,96,10000,9341,659,0.9341,9860,140,0.986,519
configs/exp4/lru_2q.cfg,experiments/data/phases24_c96_seed47.in,LRU 2Q,2,48 48,96,10000,9661,339,0.9661,9860,140,0.986,199
configs/exp4/lru_2q_2q.cfg,experiments/data/phases24_c96_seed47.in,LRU 2Q 2Q,3,32 32 32,96,10000,9591,409,0.9591,9860,140,0.986,269
configs/exp4/lru_2q_2q_2q.cfg,experiments/data/phases24_c96_seed47.in,LRU 2Q 2Q 2Q,4,24 24 24 24,96,10000,9349,651,0.9349,9860,140,0.986,511
configs/exp4/lru_2q_2q_arc.cfg,experiments/data/phases24_c96_seed47.in,LRU 2Q 2Q ARC,4,24 24 24 24,96,10000,9423,577,0.9423,9860,140,0.986,437
configs/exp4/lru_2q_2q_lfu.cfg,experiments/data/phases24_c96_seed47.in,LRU 2Q 2Q LFU,4,24 24 24 24,96,10000,9365,635,0.9365,9860,140,0.986,495
configs/exp4/lru_2q_2q_lirs.cfg,experiments/data/phases24_c96_seed47.in,LRU 2Q 2Q LIRS,4,24 24 24 24,96,10000,9405,595,0.9405,9860,140,0.986,455
configs/exp4/lru_2q_2q_lru.cfg,experiments/data/phases24_c96_seed47.in,LRU 2Q 2Q LRU,4,24 24 24 24,96,10000,9437,563,0.9437,9860,140,0.986,423
configs/exp4/lru_2q_arc.cfg,experiments/data/phases24_c96_seed47.in,LRU 2Q ARC,3,32 32 32,96,10000,9625,375,0.9625,9860,140,0.986,235
configs/exp4/lru_2q_arc_2q.cfg,experiments/data/phases24_c96_seed47.in,LRU 2Q ARC 2Q,4,24 24 24 24,96,10000,9396,604,0.9396,9860,140,0.986,464
configs/exp4/lru_2q_arc_arc.cfg,experiments/data/phases24_c96_seed47.in,LRU 2Q ARC ARC,4,24 24 24 24,96,10000,9378,622,0.9378,9860,140,0.986,482
configs/exp4/lru_2q_arc_lfu.cfg,experiments/data/phases24_c96_seed47.in,LRU 2Q ARC LFU,4,24 24 24 24,96,10000,9379,621,0.9379,9860,140,0.986,481
configs/exp4/lru_2q_arc_lirs.cfg,experiments/data/phases24_c96_seed47.in,LRU 2Q ARC LIRS,4,24 24 24 24,96,10000,9441,559,0.9441,9860,140,0.986,419
configs/exp4/lru_2q_arc_lru.cfg,experiments/data/phases24_c96_seed47.in,LRU 2Q ARC LRU,4,24 24 24 24,96,10000,9391,609,0.9391,9860,140,0.986,469
configs/exp4/lru_2q_lfu.cfg,experiments/data/phases24_c96_seed47.in,LRU 2Q LFU,3,32 32 32,96,10000,9619,381,0.9619,9860,140,0.986,241
configs/exp4/lru_2q_lfu_2q.cfg,experiments/data/phases24_c96_seed47.in,LRU 2Q LFU 2Q,4,24 24 24 24,96,10000,9430,570,0.943,9860,140,0.986,430
configs/exp4/lru_2q_lfu_arc.cfg,experiments/data/phases24_c96_seed47.in,LRU 2Q LFU ARC,4,24 24 24 24,96,10000,9442,558,0.9442,9860,140,0.986,418
configs/exp4/lru_2q_lfu_lfu.cfg,experiments/data/phases24_c96_seed47.in,LRU 2Q LFU LFU,4,24 24 24 24,96,10000,9365,635,0.9365,9860,140,0.986,495
configs/exp4/lru_2q_lfu_lirs.cfg,experiments/data/phases24_c96_seed47.in,LRU 2Q LFU LIRS,4,24 24 24 24,96,10000,9461,539,0.9461,9860,140,0.986,399
configs/exp4/lru_2q_lfu_lru.cfg,experiments/data/phases24_c96_seed47.in,LRU 2Q LFU LRU,4,24 24 24 24,96,10000,9454,546,0.9454,9860,140,0.986,406
configs/exp4/lru_2q_lirs.cfg,experiments/data/phases24_c96_seed47.in,LRU 2Q LIRS,3,32 32 32,96,10000,9595,405,0.9595,9860,140,0.986,265
configs/exp4/lru_2q_lirs_2q.cfg,experiments/data/phases24_c96_seed47.in,LRU 2Q LIRS 2Q,4,24 24 24 24,96,10000,9416,584,0.9416,9860,140,0.986,444
configs/exp4/lru_2q_lirs_arc.cfg,experiments/data/phases24_c96_seed47.in,LRU 2Q LIRS ARC,4,24 24 24 24,96,10000,9483,517,0.9483,9860,140,0.986,377
configs/exp4/lru_2q_lirs_lfu.cfg,experiments/data/phases24_c96_seed47.in,LRU 2Q LIRS LFU,4,24 24 24 24,96,10000,9432,568,0.9432,9860,140,0.986,428
configs/exp4/lru_2q_lirs_lirs.cfg,experiments/data/phases24_c96_seed47.in,LRU 2Q LIRS LIRS,4,24 24 24 24,96,10000,9390,610,0.939,9860,140,0.986,470
configs/exp4/lru_2q_lirs_lru.cfg,experiments/data/phases24_c96_seed47.in,LRU 2Q LIRS LRU,4,24 24 24 24,96,10000,9479,521,0.9479,9860,140,0.986,381
configs/exp4/lru_2q_lru.cfg,experiments/data/phases24_c96_seed47.in,LRU 2Q LRU,3,32 32 32,96,10000,9631,369,0.9631,9860,140,0.986,229
configs/exp4/lru_2q_lru_2q.cfg,experiments/data/phases24_c96_seed47.in,LRU 2Q LRU 2Q,4,24 24 24 24,96,10000,9412,588,0.9412,9860,140,0.986,448
configs/exp4/lru_2q_lru_arc.cfg,experiments/data/phases24_c96_seed47.in,LRU 2Q LRU ARC,4,24 24 24 24,96,10000,9370,630,0.937,9860,140,0.986,490
configs/exp4/lru_2q_lru_lfu.cfg,experiments/data/phases24_c96_seed47.in,LRU 2Q LRU LFU,4,24 24 24 24,96,10000,9354,646,0.9354,9860,140,0.986,506
configs/exp4/lru_2q_lru_lirs.cfg,experiments/data/phases24_c96_seed47.in,LRU 2Q LRU LIRS,4,24 24 24 24,96,10000,9464,536,0.9464,9860,140,0.986,396
configs/exp4/lru_2q_lru_lru.cfg,experiments/data/phases24_c96_seed47.in,LRU 2Q LRU LRU,4,24 24 24 24,96,10000,9368,632,0.9368,9860,140,0.986,492
configs/exp4/lru_arc.cfg,experiments/data/phases24_c96_seed47.in,LRU ARC,2,48 48,96,10000,9656,344,0.9656,9860,140,0.986,204
configs/exp4/lru_arc_2q.cfg,experiments/data/phases24_c96_seed47.in,LRU ARC 2Q,3,32 32 32,96,10000,9632,368,0.9632,9860,140,0.986,228
configs/exp4/lru_arc_2q_2q.cfg,experiments/data/phases24_c96_seed47.in,LRU ARC 2Q 2Q,4,24 24 24 24,96,10000,9371,629,0.9371,9860,140,0.986,489
configs/exp4/lru_arc_2q_arc.cfg,experiments/data/phases24_c96_seed47.in,LRU ARC 2Q ARC,4,24 24 24 24,96,10000,9413,587,0.9413,9860,140,0.986,447
configs/exp4/lru_arc_2q_lfu.cfg,experiments/data/phases24_c96_seed47.in,LRU ARC 2Q LFU,4,24 24 24 24,96,10000,9391,609,0.9391,9860,140,0.986,469
configs/exp4/lru_arc_2q_lirs.cfg,experiments/data/phases24_c96_seed47.in,LRU ARC 2Q LIRS,4,24 24 24 24,96,10000,9434,566,0.9434,9860,140,0.986,426
configs/exp4/lru_arc_2q_lru.cfg,experiments/data/phases24_c96_seed47.in,LRU ARC 2Q LRU,4,24 24 24 24,96,10000,9434,566,0.9434,9860,140,0.986,426
configs/exp4/lru_arc_arc.cfg,experiments/data/phases24_c96_seed47.in,LRU ARC ARC,3,32 32 32,96,10000,9616,384,0.9616,9860,140,0.986,244
configs/exp4/lru_arc_arc_2q.cfg,experiments/data/phases24_c96_seed47.in,LRU ARC ARC 2Q,4,24 24 24 24,96,10000,9367,633,0.9367,9860,140,0.986,493
configs/exp4/lru_arc_arc_arc.cfg,experiments/data/phases24_c96_seed47.in,LRU ARC ARC ARC,4,24 24 24 24,96,10000,9331,669,0.9331,9860,140,0.986,529
configs/exp4/lru_arc_arc_lfu.cfg,experiments/data/phases24_c96_seed47.in,LRU ARC ARC LFU,4,24 24 24 24,96,10000,9343,657,0.9343,9860,140,0.986,517
configs/exp4/lru_arc_arc_lirs.cfg,experiments/data/phases24_c96_seed47.in,LRU ARC ARC LIRS,4,24 24 24 24,96,10000,9416,584,0.9416,9860,140,0.986,444
configs/exp4/lru_arc_arc_lru.cfg,experiments/data/phases24_c96_seed47.in,LRU ARC ARC LRU,4,24 24 24 24,96,10000,9352,648,0.9352,9860,140,0.986,508
configs/exp4/lru_arc_lfu.cfg,experiments/data/phases24_c96_seed47.in,LRU ARC LFU,3,32 32 32,96,10000,9609,391,0.9609,9860,140,0.986,251
configs/exp4/lru_arc_lfu_2q.cfg,experiments/data/phases24_c96_seed47.in,LRU ARC LFU 2Q,4,24 24 24 24,96,10000,9423,577,0.9423,9860,140,0.986,437
configs/exp4/lru_arc_lfu_arc.cfg,experiments/data/phases24_c96_seed47.in,LRU ARC LFU ARC,4,24 24 24 24,96,10000,9402,598,0.9402,9860,140,0.986,458
configs/exp4/lru_arc_lfu_lfu.cfg,experiments/data/phases24_c96_seed47.in,LRU ARC LFU LFU,4,24 24 24 24,96,10000,9373,627,0.9373,9860,140,0.986,487
configs/exp4/lru_arc_lfu_lirs.cfg,experiments/data/phases24_c96_seed47.in,LRU ARC LFU LIRS,4,24 24 24 24,96,10000,9454,546,0.9454,9860,140,0.986,406
configs/exp4/lru_arc_lfu_lru.cfg,experiments/data/phases24_c96_seed47.in,LRU ARC LFU LRU,4,24 24 24 24,96,10000,9420,580,0.942,9860,140,0.986,440
configs/exp4/lru_arc_lirs.cfg,experiments/data/phases24_c96_seed47.in,LRU ARC LIRS,3,32 32 32,96,10000,9632,368,0.9632,9860,140,0.986,228
configs/exp4/lru_arc_lirs_2q.cfg,experiments/data/phases24_c96_seed47.in,LRU ARC LIRS 2Q,4,24 24 24 24,96,10000,9415,585,0.9415,9860,140,0.986,445
configs/exp4/lru_arc_lirs_arc.cfg,experiments/data/phases24_c96_seed47.in,LRU ARC LIRS ARC,4,24 24 24 24,96,10000,9463,537,0.9463,9860,140,0.986,397
configs/exp4/lru_arc_lirs_lfu.cfg,experiments/data/phases24_c96_seed47.in,LRU ARC LIRS LFU,4,24 24 24 24,96,10000,9428,572,0.9428,9860,140,0.986,432
configs/exp4/lru_arc_lirs_lirs.cfg,experiments/data/phases24_c96_seed47.in,LRU ARC LIRS LIRS,4,24 24 24 24,96,10000,9381,619,0.9381,9860,140,0.986,479
configs/exp4/lru_arc_lirs_lru.cfg,experiments/data/phases24_c96_seed47.in,LRU ARC LIRS LRU,4,24 24 24 24,96,10000,9456,544,0.9456,9860,140,0.986,404
configs/exp4/lru_arc_lru.cfg,experiments/data/phases24_c96_seed47.in,LRU ARC LRU,3,32 32 32,96,10000,9598,402,0.9598,9860,140,0.986,262
configs/exp4/lru_arc_lru_2q.cfg,experiments/data/phases24_c96_seed47.in,LRU ARC LRU 2Q,4,24 24 24 24,96,10000,9381,619,0.9381,9860,140,0.986,479
configs/exp4/lru_arc_lru_arc.cfg,experiments/data/phases24_c96_seed47.in,LRU ARC LRU ARC,4,24 24 24 24,96,10000,9350,650,0.935,9860,140,0.986,510
configs/exp4/lru_arc_lru_lfu.cfg,experiments/data/phases24_c96_seed47.in,LRU ARC LRU LFU,4,24 24 24 24,96,10000,9327,673,0.9327,9860,140,0.986,533
configs/exp4/lru_arc_lru_lirs.cfg,experiments/data/phases24_c96_seed47.in,LRU ARC LRU LIRS,4,24 24 24 24,96,10000,9441,559,0.9441,9860,140,0.986,419
configs/exp4/lru_arc_lru_lru.cfg,experiments/data/phases24_c96_seed47.in,LRU ARC LRU LRU,4,24 24 24 24,96,10000,9317,683,0.9317,9860,140,0.986,543
configs/exp4/lru_lfu.cfg,experiments/data/phases24_c96_seed47.in,LRU LFU,2,48 48,96,10000,9657,343,0.9657,9860,140,0.986,203
configs/exp4/lru_lfu_2q.cfg,experiments/data/phases24_c96_seed47.in,LRU LFU 2Q,3,32 32 32,96,10000,9642,358,0.9642,9860,140,0.986,218
configs/exp4/lru_lfu_2q_2q.cfg,experiments/data/phases24_c96_seed47.in,LRU LFU 2Q 2Q,4,24 24 24 24,96,10000,9418,582,0.9418,9860,140,0.986,442
configs/exp4/lru_lfu_2q_arc.cfg,experiments/data/phases24_c96_seed47.in,LRU LFU 2Q ARC,4,24 24 24 24,96,10000,9439,561,0.9439,9860,140,0.986,421
configs/exp4/lru_lfu_2q_lfu.cfg,experiments/data/phases24_c96_seed47.in,LRU LFU 2Q LFU,4,24 24 24 24,96,10000,9398,602,0.9398,9860,140,0.986,462
configs/exp4/lru_lfu_2q_lirs.cfg,experiments/data/phases24_c96_seed47.in,LRU LFU 2Q LIRS,4,24 24 24 24,96,10000,9463,537,0.9463,9860,140,0.986,397
configs/exp4/lru_lfu_2q_lru.cfg,experiments/data/phases24_c96_seed47.in,LRU LFU 2Q LRU,4,24 24 24 24,96,10000,9460,540,0.946,9860,140,0.986,400
configs/exp4/lru_lfu_arc.cfg,experiments/data/phases24_c96_seed47.in,LRU LFU ARC,3,32 32 32,96,10000,9661,339,0.9661,9860,140,0.986,199
configs/exp4/lru_lfu_arc_2q.cfg,experiments/data/phases24_c96_seed47.in,LRU LFU ARC 2Q,4,24 24 24 24,96,10000,9449,551,0.9449,9860,140,0.986,411
configs/exp4/lru_lfu_arc_arc.cfg,experiments/data/phases24_c96_seed47.in,LRU LFU ARC ARC,4,24 24 24 24,96,10000,9437,563,0.9437,9860,140,0.986,423
configs/exp4/lru_lfu_arc_lfu.cfg,experiments/data/phases24_c96_seed47.in,LRU LFU ARC LFU,4,24 24 24 24,96,10000,9417,583,0.9417,9860,140,0.986,443
configs/exp4/lru_lfu_arc_lirs.cfg,experiments/data/phases24_c96_seed47.in,LRU LFU ARC LIRS,4,24 24 24 24,96,10000,9488,512,0.9488,9860,140,0.986,372
configs/exp4/lru_lfu_arc_lru.cfg,experiments/data/phases24_c96_seed47.in,LRU LFU ARC LRU,4,24 24 24 24,96,10000,9438,562,0.9438,9860,140,0.986,422
configs/exp4/lru_lfu_lfu.cfg,experiments/data/phases24_c96_seed47.in,LRU LFU LFU,3,32 32 32,96,10000,9656,344,0.9656,9860,140,0.986,204
configs/exp4/lru_lfu_lfu_2q.cfg,experiments/data/phases24_c96_seed47.in,LRU LFU LFU 2Q,4,24 24 24 24,96,10000,9450,550,0.945,9860,140,0.986,410
configs/exp4/lru_lfu_lfu_arc.cfg,experiments/data/phases24_c96_seed47.in,LRU LFU LFU ARC,4,24 24 24 24,96,10000,9455,545,0.9455,9860,140,0.986,405
configs/exp4/lru_lfu_lfu_lfu.cfg,experiments/data/phases24_c96_seed47.in,LRU LFU LFU LFU,4,24 24 24 24,96,10000,9161,839,0.9161,9860,140,0.986,699
configs/exp4/lru_lfu_lfu_lirs.cfg,experiments/data/phases24_c96_seed47.in,LRU LFU LFU LIRS,4,24 24 24 24,96,10000,9518,482,0.9518,9860,140,0.986,342
configs/exp4/lru_lfu_lfu_lru.cfg,experiments/data/phases24_c96_seed47.in,LRU LFU LFU LRU,4,24 24 24 24,96,10000,9426,574,0.9426,9860,140,0.986,434
configs/exp4/lru_lfu_lirs.cfg,experiments/data/phases24_c96_seed47.in,LRU LFU LIRS,3,32 32 32,96,10000,9634,366,0.9634,9860,140,0.986,226
configs/exp4/lru_lfu_lirs_2q.cfg,experiments/data/phases24_c96_seed47.in,LRU LFU LIRS 2Q,4,24 24 24 24,96,10000,9489,511,0.9489,9860,140,0.986,371
configs/exp4/lru_lfu_lirs_arc.cfg,experiments/data/phases24_c96_seed47.in,LRU LFU LIRS ARC,4,24 24 24 24,96,10000,9522,478,0.9522,9860,140,0.986,338
configs/exp4/lru_lfu_lirs_lfu.cfg,experiments/data/phases24_c96_seed47.in,LRU LFU LIRS LFU,4,24 24 24 24,96,10000,9474,526,0.9474,9860,140,0.986,386
configs/exp4/lru_lfu_lirs_lirs.cfg,experiments/data/phases24_c96_seed47.in,LRU LFU LIRS LIRS,4,24 24 24 24,96,10000,9464,536,0.9464,9860,140,0.986,396
configs/exp4/lru_lfu_lirs_lru.cfg,experiments/data/phases24_c96_seed47.in,LRU LFU LIRS LRU,4,24 24 24 24,96,10000,9527,473,0.9527,9860,140,0.986,333
configs/exp4/lru_lfu_lru.cfg,experiments/data/phases24_c96_seed47.in,LRU LFU LRU,3,32 32 32,96,10000,9658,342,0.9658,9860,140,0.986,202
configs/exp4/lru_lfu_lru_2q.cfg,experiments/data/phases24_c96_seed47.in,LRU LFU LRU 2Q,4,24 24 24 24,96,10000,9394,606,0.9394,9860,140,0.986,466
configs/exp4/lru_lfu_lru_arc.cfg,experiments/data/phases24_c96_seed47.in,LRU LFU LRU ARC,4,24 24 24 24,96,10000,9404,596,0.9404,9860,140,0.986,456
configs/exp4/lru_lfu_lru_lfu.cfg,experiments/data/phases24_c96_seed47.in,LRU LFU LRU LFU,4,24 24 24 24,96,10000,9327,673,0.9327,9860,140,0.986,533
configs/exp4/lru_lfu_lru_lirs.cfg,experiments/data/phases24_c96_seed47.in,LRU LFU LRU LIRS,4,24 24 24 24,96,10000,9474,526,0.9474,9860,140,0.986,386
configs/exp4/lru_lfu_lru_lru.cfg,experiments/data/phases24_c96_seed47.in,LRU LFU LRU LRU,4,24 24 24 24,96,10000,9341,659,0.9341,9860,140,0.986,519
configs/exp4/lru_lirs.cfg,experiments/data/phases24_c96_seed47.in,LRU LIRS,2,48 48,96,10000,9679,321,0.9679,9860,140,0.986,181
configs/exp4/lru_lirs_2q.cfg,experiments/data/phases24_c96_seed47.in,LRU LIRS 2Q,3,32 32 32,96,10000,9594,406,0.9594,9860,140,0.986,266
configs/exp4/lru_lirs_2q_2q.cfg,experiments/data/phases24_c96_seed47.in,LRU LIRS 2Q 2Q,4,24 24 24 24,96,10000,9407,593,0.9407,9860,140,0.986,453
configs/exp4/lru_lirs_2q_arc.cfg,experiments/data/phases24_c96_seed47.in,LRU LIRS 2Q ARC,4,24 24 24 24,96,10000,9473,527,0.9473,9860,140,0.986,387
configs/exp4/lru_lirs_2q_lfu.cfg,experiments/data/phases24_c96_seed47.in,LRU LIRS 2Q LFU,4,24 24 24 24,96,10000,9439,561,0.9439,9860,140,0.986,421
configs/exp4/lru_lirs_2q_lirs.cfg,experiments/data/phases24_c96_seed47.in,LRU LIRS 2Q LIRS,4,24 24 24 24,96,10000,9440,560,0.944,9860,140,0.986,420
configs/exp4/lru_lirs_2q_lru.cfg,experiments/data/phases24_c96_seed47.in,LRU LIRS 2Q LRU,4,24 24 24 24,96,10000,9483,517,0.9483,9860,140,0.986,377
configs/exp4/lru_lirs_arc.cfg,experiments/data/phases24_c96_seed47.in,LRU LIRS ARC,3,32 32 32,96,10000,9650,350,0.965,9860,140,0.986,210
configs/exp4/lru_lirs_arc_2q.cfg,experiments/data/phases24_c96_seed47.in,LRU LIRS ARC 2Q,4,24 24 24 24,96,10000,9468,532,0.9468,9860,140,0.986,392
configs/exp4/lru_lirs_arc_arc.cfg,experiments/data/phases24_c96_seed47.in,LRU LIRS ARC ARC,4,24 24 24 24,96,10000,9443,557,0.9443,9860,140,0.986,417
configs/exp4/lru_lirs_arc_lfu.cfg,experiments/data/phases24_c96_seed47.in,LRU LIRS ARC LFU,4,24 24 24 24,96,10000,9446,554,0.9446,9860,140,0.986,414
configs/exp4/lru_lirs_arc_lirs.cfg,experiments/data/phases24_c96_seed47.in,LRU LIRS ARC LIRS,4,24 24 24 24,96,10000,9491,509,0.9491,9860,140,0.986,369
configs/exp4/lru_lirs_arc_lru.cfg,experiments/data/phases24_c96_seed47.in,LRU LIRS ARC LRU,4,24 24 24 24,96,10000,9435,565,0.9435,9860,140,0.986,425
configs/exp4/lru_lirs_lfu.cfg,experiments/data/phases24_c96_seed47.in,LRU LIRS LFU,3,32 32 32,96,10000,9620,380,0.962,9860,140,0.986,240
configs/exp4/lru_lirs_lfu_2q.cfg,experiments/data/phases24_c96_seed47.in,LRU LIRS LFU 2Q,4,24 24 24 24,96,10000,9460,540,0.946,9860,140,0.986,400
configs/exp4/lru_lirs_lfu_arc.cfg,experiments/data/phases24_c96_seed47.in,LRU LIRS LFU ARC,4,24 24 24 24,96,10000,9503,497,0.9503,9860,140,0.986,357
configs/exp4/lru_lirs_lfu_lfu.cfg,experiments/data/phases24_c96_seed47.in,LRU LIRS LFU LFU,4,24 24 24 24,96,10000,9456,544,0.9456,9860,140,0.986,404
configs/exp4/lru_lirs_lfu_lirs.cfg,experiments/data/phases24_c96_seed47.in,LRU LIRS LFU LIRS,4,24 24 24 24,96,10000,9467,533,0.9467,9860,140,0.986,393
configs/exp4/lru_lirs_lfu_lru.cfg,experiments/data/phases24_c96_seed47.in,LRU LIRS LFU LRU,4,24 24 24 24,96,10000,9512,488,0.9512,9860,140,0.986,348
configs/exp4/lru_lirs_lirs.cfg,experiments/data/phases24_c96_seed47.in,LRU LIRS LIRS,3,32 32 32,96,10000,9561,439,0.9561,9860,140,0.986,299
configs/exp4/lru_lirs_lirs_2q.cfg,experiments/data/phases24_c96_seed47.in,LRU LIRS LIRS 2Q,4,24 24 24 24,96,10000,9422,578,0.9422,9860,140,0.986,438
configs/exp4/lru_lirs_lirs_arc.cfg,experiments/data/phases24_c96_seed47.in,LRU LIRS LIRS ARC,4,24 24 24 24,96,10000,9494,506,0.9494,9860,140,0.986,366
configs/exp4/lru_lirs_lirs_lfu.cfg,experiments/data/phases24_c96_seed47.in,LRU LIRS LIRS LFU,4,24 24 24 24,96,10000,9447,553,0.9447,9860,140,0.986,413
configs/exp4/lru_lirs_lirs_lirs.cfg,experiments/data/phases24_c96_seed47.in,LRU LIRS LIRS LIRS,4,24 24 24 24,96,10000,9382,618,0.9382,9860,140,0.986,478
configs/exp4/lru_lirs_lirs_lru.cfg,experiments/data/phases24_c96_seed47.in,LRU LIRS LIRS LRU,4,24 24 24 24,96,10000,9495,505,0.9495,9860,140,0.986,365
configs/exp4/lru_lirs_lru.cfg,experiments/data/phases24_c96_seed47.in,LRU LIRS LRU,3,32 32 32,96,10000,9635,365,0.9635,9860,140,0.986,225
configs/exp4/lru_lirs_lru_2q.cfg,experiments/data/phases24_c96_seed47.in,LRU LIRS LRU 2Q,4,24 24 24 24,96,10000,9476,524,0.9476,9860,140,0.986,384
configs/exp4/lru_lirs_lru_arc.cfg,experiments/data/phases24_c96_seed47.in,LRU LIRS LRU ARC,4,24 24 24 24,96,10000,9435,565,0.9435,9860,140,0.986,425
configs/exp4/lru_lirs_lru_lfu.cfg,experiments/data/phases24_c96_seed47.in,LRU LIRS LRU LFU,4,24 24 24 24,96,10000,9437,563,0.9437,9860,140,0.986,423
configs/exp4/lru_lirs_lru_lirs.cfg,experiments/data/phases24_c96_seed47.in,LRU LIRS LRU LIRS,4,24 24 24 24,96,10000,9495,505,0.9495,9860,140,0.986,365
configs/exp4/lru_lirs_lru_lru.cfg,experiments/data/phases24_c96_seed47.in,LRU LIRS LRU LRU,4,24 24 24 24,96,10000,9427,573,0.9427,9860,140,0.986,433
configs/exp4/lru_lru_2q.cfg,experiments/data/phases24_c96_seed47.in,LRU LRU 2Q,3,32 32 32,96,10000,9623,377,0.9623,9860,140,0.986,237
configs/exp4/lru_lru_2q_2q.cfg,experiments/data/phases24_c96_seed47.in,LRU LRU 2Q 2Q,4,24 24 24 24,96,10000,9271,729,0.9271,9860,140,0.986,589
configs/exp4/lru_lru_2q_arc.cfg,experiments/data/phases24_c96_seed47.in,LRU LRU 2Q ARC,4,24 24 24 24,96,10000,9346,654,0.9346,9860,140,0.986,514
configs/exp4/lru_lru_2q_lfu.cfg,experiments/data/phases24_c96_seed47.in,LRU LRU 2Q LFU,4,24 24 24 24,96,10000,9248,752,0.9248,9860,140,0.986,612
configs/exp4/lru_lru_2q_lirs.cfg,experiments/data/phases24_c96_seed47.in,LRU LRU 2Q LIRS,4,24 24 24 24,96,10000,9431,569,0.9431,9860,140,0.986,429
configs/exp4/lru_lru_2q_lru.cfg,experiments/data/phases24_c96_seed47.in,LRU LRU 2Q LRU,4,24 24 24 24,96,10000,9305,695,0.9305,9860,140,0.986,555
configs/exp4/lru_lru_arc.cfg,experiments/data/phases24_c96_seed47.in,LRU LRU ARC,3,32 32 32,96,10000,9593,407,0.9593,9860,140,0.986,267
configs/exp4/lru_lru_arc_2q.cfg,experiments/data/phases24_c96_seed47.in,LRU LRU ARC 2Q,4,24 24 24 24,96,10000,9351,649,0.9351,9860,140,0.986,509
configs/exp4/lru_lru_arc_arc.cfg,experiments/data/phases24_c96_seed47.in,LRU LRU ARC ARC,4,24 24 24 24,96,10000,9302,698,0.9302,9860,140,0.986,558
configs/exp4/lru_lru_arc_lfu.cfg,experiments/data/phases24_c96_seed47.in,LRU LRU ARC LFU,4,24 24 24 24,96,10000,9311,689,0.9311,9860,140,0.986,549
configs/exp4/lru_lru_arc_lirs.cfg,experiments/data/phases24_c96_seed47.in,LRU LRU ARC LIRS,4,24 24 24 24,96,10000,9411,589,0.9411,9860,140,0.986,449
configs/exp4/lru_lru_arc_lru.cfg,experiments/data/phases24_c96_seed47.in,LRU LRU ARC LRU,4,24 24 24 24,96,10000,9307,693,0.9307,9860,140,0.986,553
configs/exp4/lru_lru_lfu.cfg,experiments/data/phases24_c96_seed47.in,LRU LRU LFU,3,32 32 32,96,10000,9585,415,0.9585,9860,140,0.986,275
configs/exp4/lru_lru_lfu_2q.cfg,experiments/data/phases24_c96_seed47.in,LRU LRU LFU 2Q,4,24 24 24 24,96,10000,9284,716,0.9284,9860,140,0.986,576
configs/exp4/lru_lru_lfu_arc.cfg,experiments/data/phases24_c96_seed47.in,LRU LRU LFU ARC,4,24 24 24 24,96,10000,9311,689,0.9311,9860,140,0.986,549
configs/exp4/lru_lru_lfu_lfu.cfg,experiments/data/phases24_c96_seed47.in,LRU LRU LFU LFU,4,24 24 24 24,96,10000,9168,832,0.9168,9860,140,0.986,692
configs/exp4/lru_lru_lfu_lirs.cfg,experiments/data/phases24_c96_seed47.in,LRU LRU LFU LIRS,4,24 24 24 24,96,10000,9414,586,0.9414,9860,140,0.986,446
configs/exp4/lru_lru_lfu_lru.cfg,experiments/data/phases24_c96_seed47.in,LRU LRU LFU LRU,4,24 24 24 24,96,10000,9204,796,0.9204,9860,140,0.986,656
configs/exp4/lru_lru_lirs.cfg,experiments/data/phases24_c96_seed47.in,LRU LRU LIRS,3,32 32 32,96,10000,9628,372,0.9628,9860,140,0.986,232
configs/exp4/lru_lru_lirs_2q.cfg,experiments/data/phases24_c96_seed47.in,LRU LRU LIRS 2Q,4,24 24 24 24,96,10000,9401,599,0.9401,9860,140,0.986,459
configs/exp4/lru_lru_lirs_arc.cfg,experiments/data/phases24_c96_seed47.in,LRU LRU LIRS ARC,4,24 24 24 24,96,10000,9439,561,0.9439,9860,140,0.986,421
configs/exp4/lru_lru_lirs_lfu.cfg,experiments/data/phases24_c96_seed47.in,LRU LRU LIRS LFU,4,24 24 24 24,96,10000,9413,587,0.9413,9860,140,0.986,447
configs/exp4/lru_lru_lirs_lirs.cfg,experiments/data/phases24_c96_seed47.in,LRU LRU LIRS LIRS,4,24 24 24 24,96,10000,9425,575,0.9425,9860,140,0.986,435
configs/exp4/lru_lru_lirs_lru.cfg,experiments/data/phases24_c96_seed47.in,LRU LRU LIRS LRU,4,24 24 24 24,96,10000,9425,575,0.9425,9860,140,0.986,435
configs/exp4/lru_lru_lru_2q.cfg,experiments/data/phases24_c96_seed47.in,LRU LRU LRU 2Q,4,24 24 24 24,96,10000,9235,765,0.9235,9860,140,0.986,625
configs/exp4/lru_lru_lru_arc.cfg,experiments/data/phases24_c96_seed47.in,LRU LRU LRU ARC,4,24 24 24 24,96,10000,9267,733,0.9267,9860,140,0.986,593
configs/exp4/lru_lru_lru_lfu.cfg,experiments/data/phases24_c96_seed47.in,LRU LRU LRU LFU,4,24 24 24 24,96,10000,9164,836,0.9164,9860,140,0.986,696
configs/exp4/lru_lru_lru_lirs.cfg,experiments/data/phases24_c96_seed47.in,LRU LRU LRU LIRS,4,24 24 24 24,96,10000,9383,617,0.9383,9860,140,0.986,477
