config,input,policies,levels,capacities,total_capacity,requests,system_hits,source_loads,hit_rate,ideal_hits,ideal_source_loads,ideal_hit_rate,excess_source_loads
configs/exp4/2q_2q_2q_arc.cfg,experiments/data/hot8_scan_c12_seed45.in,2Q 2Q 2Q ARC,4,3 3 3 3,12,10000,5077,4923,0.5077,7992,2008,0.7992,2915
configs/exp4/2q_2q_2q_lfu.cfg,experiments/data/hot8_scan_c12_seed45.in,2Q 2Q 2Q LFU,4,3 3 3 3,12,10000,5106,4894,0.5106,7992,2008,0.7992,2886
configs/exp4/2q_2q_2q_lirs.cfg,experiments/data/hot8_scan_c12_seed45.in,2Q 2Q 2Q LIRS,4,3 3 3 3,12,10000,5178,4822,0.5178,7992,2008,0.7992,2814
configs/exp4/2q_2q_2q_lru.cfg,experiments/data/hot8_scan_c12_seed45.in,2Q 2Q 2Q LRU,4,3 3 3 3,12,10000,5066,4934,0.5066,7992,2008,0.7992,2926
configs/exp4/2q_2q_arc.cfg,experiments/data/hot8_scan_c12_seed45.in,2Q 2Q ARC,3,4 4 4,12,10000,5827,4173,0.5827,7992,2008,0.7992,2165
configs/exp4/2q_2q_arc_2q.cfg,experiments/data/hot8_scan_c12_seed45.in,2Q 2Q ARC 2Q,4,3 3 3 3,12,10000,5362,4638,0.5362,7992,2008,0.7992,2630
configs/exp4/2q_2q_arc_arc.cfg,experiments/data/hot8_scan_c12_seed45.in,2Q 2Q ARC ARC,4,3 3 3 3,12,10000,5079,4921,0.5079,7992,2008,0.7992,2913
configs/exp4/2q_2q_arc_lfu.cfg,experiments/data/hot8_scan_c12_seed45.in,2Q 2Q ARC LFU,4,3 3 3 3,12,10000,5490,4510,0.549,7992,2008,0.7992,2502
configs/exp4/2q_2q_arc_lirs.cfg,experiments/data/hot8_scan_c12_seed45.in,2Q 2Q ARC LIRS,4,3 3 3 3,12,10000,5428,4572,0.5428,7992,2008,0.7992,2564
configs/exp4/2q_2q_arc_lru.cfg,experiments/data/hot8_scan_c12_seed45.in,2Q 2Q ARC LRU,4,3 3 3 3,12,10000,5078,4922,0.5078,7992,2008,0.7992,2914
configs/exp4/2q_2q_lfu.cfg,experiments/data/hot8_scan_c12_seed45.in,2Q 2Q LFU,3,4 4 4,12,10000,5965,4035,0.5965,7992,2008,0.7992,2027
configs/exp4/2q_2q_lfu_2q.cfg,experiments/data/hot8_scan_c12_seed45.in,2Q 2Q LFU 2Q,4,3 3 3 3,12,10000,5654,4346,0.5654,7992,2008,0.7992,2338
configs/exp4/2q_2q_lfu_arc.cfg,experiments/data/hot8_scan_c12_seed45.in,2Q 2Q LFU ARC,4,3 3 3 3,12,10000,5803,4197,0.5803,7992,2008,0.7992,2189
configs/exp4/2q_2q_lfu_lfu.cfg,experiments/data/hot8_scan_c12_seed45.in,2Q 2Q LFU LFU,4,3 3 3 3,12,10000,5866,4134,0.5866,7992,2008,0.7992,2126
configs/exp4/2q_2q_lfu_lirs.cfg,experiments/data/hot8_scan_c12_seed45.in,2Q 2Q LFU LIRS,4,3 3 3 3,12,10000,5902,4098,0.5902,7992,2008,0.7992,2090
configs/exp4/2q_2q_lfu_lru.cfg,experiments/data/hot8_scan_c12_seed45.in,2Q 2Q LFU LRU,4,3 3 3 3,12,10000,5659,4341,0.5659,7992,2008,0.7992,2333
configs/exp4/2q_2q_lirs.cfg,experiments/data/hot8_scan_c12_seed45.in,2Q 2Q LIRS,3,4 4 4,12,10000,5837,4163,0.5837,7992,2008,0.7992,2155
configs/exp4/2q_2q_lirs_2q.cfg,experiments/data/hot8_scan_c12_seed45.in,2Q 2Q LIRS 2Q,4,3 3 3 3,12,10000,5354,4646,0.5354,7992,2008,0.7992,2638
configs/exp4/2q_2q_lirs_arc.cfg,experiments/data/hot8_scan_c12_seed45.in,2Q 2Q LIRS ARC,4,3 3 3 3,12,10000,5371,4629,0.5371,7992,2008,0.7992,2621
configs/exp4/2q_2q_lirs_lfu.cfg,experiments/data/hot8_scan_c12_seed45.in,2Q 2Q LIRS LFU,4,3 3 3 3,12,10000,5601,4399,0.5601,7992,2008,0.7992,2391
configs/exp4/2q_2q_lirs_lirs.cfg,experiments/data/hot8_scan_c12_seed45.in,2Q 2Q LIRS LIRS,4,3 3 3 3,12,10000,5169,4831,0.5169,7992,2008,0.7992,2823
configs/exp4/2q_2q_lirs_lru.cfg,experiments/data/hot8_scan_c12_seed45.in,2Q 2Q LIRS LRU,4,3 3 3 3,12,10000,5441,4559,0.5441,7992,2008,0.7992,2551
configs/exp4/2q_2q_lru.cfg,experiments/data/hot8_scan_c12_seed45.in,2Q 2Q LRU,3,4 4 4,12,10000,5821,4179,0.5821,7992,2008,0.7992,2171
configs/exp4/2q_2q_lru_2q.cfg,experiments/data/hot8_scan_c12_seed45.in,2Q 2Q LRU 2Q,4,3 3 3 3,12,10000,5461,4539,0.5461,7992,2008,0.7992,2531
configs/exp4/2q_2q_lru_arc.cfg,experiments/data/hot8_scan_c12_seed45.in,2Q 2Q LRU ARC,4,3 3 3 3,12,10000,5310,4690,0.531,7992,2008,0.7992,2682
configs/exp4/2q_2q_lru_lfu.cfg,experiments/data/hot8_scan_c12_seed45.in,2Q 2Q LRU LFU,4,3 3 3 3,12,10000,5511,4489,0.5511,7992,2008,0.7992,2481
configs/exp4/2q_2q_lru_lirs.cfg,experiments/data/hot8_scan_c12_seed45.in,2Q 2Q LRU LIRS,4,3 3 3 3,12,10000,5527,4473,0.5527,7992,2008,0.7992,2465
configs/exp4/2q_2q_lru_lru.cfg,experiments/data/hot8_scan_c12_seed45.in,2Q 2Q LRU LRU,4,3 3 3 3,12,10000,4752,5248,0.4752,7992,2008,0.7992,3240
configs/exp4/2q_arc.cfg,experiments/data/hot8_scan_c12_seed45.in,2Q ARC,2,6 6,12,10000,6901,3099,0.6901,7992,2008,0.7992,1091
configs/exp4/2q_arc_2q.cfg,experiments/data/hot8_scan_c12_seed45.in,2Q ARC 2Q,3,4 4 4,12,10000,5873,4127,0.5873,7992,2008,0.7992,2119
configs/exp4/2q_arc_2q_2q.cfg,experiments/data/hot8_scan_c12_seed45.in,2Q ARC 2Q 2Q,4,3 3 3 3,12,10000,5296,4704,0.5296,7992,2008,0.7992,2696
configs/exp4/2q_arc_2q_arc.cfg,experiments/data/hot8_scan_c12_seed45.in,2Q ARC 2Q ARC,4,3 3 3 3,12,10000,5294,4706,0.5294,7992,2008,0.7992,2698
configs/exp4/2q_arc_2q_lfu.cfg,experiments/data/hot8_scan_c12_seed45.in,2Q ARC 2Q LFU,4,3 3 3 3,12,10000,5547,4453,0.5547,7992,2008,0.7992,2445
configs/exp4/2q_arc_2q_lirs.cfg,experiments/data/hot8_scan_c12_seed45.in,2Q ARC 2Q LIRS,4,3 3 3 3,12,10000,5551,4449,0.5551,7992,2008,0.7992,2441
configs/exp4/2q_arc_2q_lru.cfg,experiments/data/hot8_scan_c12_seed45.in,2Q ARC 2Q LRU,4,3 3 3 3,12,10000,5199,4801,0.5199,7992,2008,0.7992,2793
configs/exp4/2q_arc_arc.cfg,experiments/data/hot8_scan_c12_seed45.in,2Q ARC ARC,3,4 4 4,12,10000,5489,4511,0.5489,7992,2008,0.7992,2503
configs/exp4/2q_arc_arc_2q.cfg,experiments/data/hot8_scan_c12_seed45.in,2Q ARC ARC 2Q,4,3 3 3 3,12,10000,5047,4953,0.5047,7992,2008,0.7992,2945
configs/exp4/2q_arc_arc_arc.cfg,experiments/data/hot8_scan_c12_seed45.in,2Q ARC ARC ARC,4,3 3 3 3,12,10000,4566,5434,0.4566,7992,2008,0.7992,3426
configs/exp4/2q_arc_arc_lfu.cfg,experiments/data/hot8_scan_c12_seed45.in,2Q ARC ARC LFU,4,3 3 3 3,12,10000,5196,4804,0.5196,7992,2008,0.7992,2796
configs/exp4/2q_arc_arc_lirs.cfg,experiments/data/hot8_scan_c12_seed45.in,2Q ARC ARC LIRS,4,3 3 3 3,12,10000,5040,4960,0.504,7992,2008,0.7992,2952
configs/exp4/2q_arc_arc_lru.cfg,experiments/data/hot8_scan_c12_seed45.in,2Q ARC ARC LRU,4,3 3 3 3,12,10000,4617,5383,0.4617,7992,2008,0.7992,3375
configs/exp4/2q_arc_lfu.cfg,experiments/data/hot8_scan_c12_seed45.in,2Q ARC LFU,3,4 4 4,12,10000,6105,3895,0.6105,7992,2008,0.7992,1887
configs/exp4/2q_arc_lfu_2q.cfg,experiments/data/hot8_scan_c12_seed45.in,2Q ARC LFU 2Q,4,3 3 3 3,12,10000,5742,4258,0.5742,7992,2008,0.7992,2250
configs/exp4/2q_arc_lfu_arc.cfg,experiments/data/hot8_scan_c12_seed45.in,2Q ARC LFU ARC,4,3 3 3 3,12,10000,5509,4491,0.5509,7992,2008,0.7992,2483
configs/exp4/2q_arc_lfu_lfu.cfg,experiments/data/hot8_scan_c12_seed45.in,2Q ARC LFU LFU,4,3 3 3 3,12,10000,5863,4137,0.5863,7992,2008,0.7992,2129
configs/exp4/2q_arc_lfu_lirs.cfg,experiments/data/hot8_scan_c12_seed45.in,2Q ARC LFU LIRS,4,3 3 3 3,12,10000,5785,4215,0.5785,7992,2008,0.7992,2207
configs/exp4/2q_arc_lfu_lru.cfg,experiments/data/hot8_scan_c12_seed45.in,2Q ARC LFU LRU,4,3 3 3 3,12,10000,5341,4659,0.5341,7992,2008,0.7992,2651
configs/exp4/2q_arc_lirs.cfg,experiments/data/hot8_scan_c12_seed45.in,2Q ARC LIRS,3,4 4 4,12,10000,5764,4236,0.5764,7992,2008,0.7992,2228
configs/exp4/2q_arc_lirs_2q.cfg,experiments/data/hot8_scan_c12_seed45.in,2Q ARC LIRS 2Q,4,3 3 3 3,12,10000,5396,4604,0.5396,7992,2008,0.7992,2596
configs/exp4/2q_arc_lirs_arc.cfg,experiments/data/hot8_scan_c12_seed45.in,2Q ARC LIRS ARC,4,3 3 3 3,12,10000,5134,4866,0.5134,7992,2008,0.7992,2858
configs/exp4/2q_arc_lirs_lfu.cfg,experiments/data/hot8_scan_c12_seed45.in,2Q ARC LIRS LFU,4,3 3 3 3,12,10000,5545,4455,0.5545,7992,2008,0.7992,2447
configs/exp4/2q_arc_lirs_lirs.cfg,experiments/data/hot8_scan_c12_seed45.in,2Q ARC LIRS LIRS,4,3 3 3 3,12,10000,5040,4960,0.504,7992,2008,0.7992,2952
configs/exp4/2q_arc_lirs_lru.cfg,experiments/data/hot8_scan_c12_seed45.in,2Q ARC LIRS LRU,4,3 3 3 3,12,10000,5100,4900,0.51,7992,2008,0.7992,2892
configs/exp4/2q_arc_lru.cfg,experiments/data/hot8_scan_c12_seed45.in,2Q ARC LRU,3,4 4 4,12,10000,5417,4583,0.5417,7992,2008,0.7992,2575
configs/exp4/2q_arc_lru_2q.cfg,experiments/data/hot8_scan_c12_seed45.in,2Q ARC LRU 2Q,4,3 3 3 3,12,10000,5184,4816,0.5184,7992,2008,0.7992,2808
configs/exp4/2q_arc_lru_arc.cfg,experiments/data/hot8_scan_c12_seed45.in,2Q ARC LRU ARC,4,3 3 3 3,12,10000,4886,5114,0.4886,7992,2008,0.7992,3106
configs/exp4/2q_arc_lru_lfu.cfg,experiments/data/hot8_scan_c12_seed45.in,2Q ARC LRU LFU,4,3 3 3 3,12,10000,5072,4928,0.5072,7992,2008,0.7992,2920
configs/exp4/2q_arc_lru_lirs.cfg,experiments/data/hot8_scan_c12_seed45.in,2Q ARC LRU LIRS,4,3 3 3 3,12,10000,5067,4933,0.5067,7992,2008,0.7992,2925
configs/exp4/2q_arc_lru_lru.cfg,experiments/data/hot8_scan_c12_seed45.in,2Q ARC LRU LRU,4,3 3 3 3,12,10000,4304,5696,0.4304,7992,2008,0.7992,3688
configs/exp4/2q_lfu.cfg,experiments/data/hot8_scan_c12_seed45.in,2Q LFU,2,6 6,12,10000,7009,2991,0.7009,7992,2008,0.7992,983
configs/exp4/2q_lfu_2q.cfg,experiments/data/hot8_scan_c12_seed45.in,2Q LFU 2Q,3,4 4 4,12,10000,6764,3236,0.6764,7992,2008,0.7992,1228
configs/exp4/2q_lfu_2q_2q.cfg,experiments/data/hot8_scan_c12_seed45.in,2Q LFU 2Q 2Q,4,3 3 3 3,12,10000,5715,4285,0.5715,7992,2008,0.7992,2277
configs/exp4/2q_lfu_2q_arc.cfg,experiments/data/hot8_scan_c12_seed45.in,2Q LFU 2Q ARC,4,3 3 3 3,12,10000,6063,3937,0.6063,7992,2008,0.7992,1929
configs/exp4/2q_lfu_2q_lfu.cfg,experiments/data/hot8_scan_c12_seed45.in,2Q LFU 2Q LFU,4,3 3 3 3,12,10000,6186,3814,0.6186,7992,2008,0.7992,1806
configs/exp4/2q_lfu_2q_lirs.cfg,experiments/data/hot8_scan_c12_seed45.in,2Q LFU 2Q LIRS,4,3 3 3 3,12,10000,6183,3817,0.6183,7992,2008,0.7992,1809
configs/exp4/2q_lfu_2q_lru.cfg,experiments/data/hot8_scan_c12_seed45.in,2Q LFU 2Q LRU,4,3 3 3 3,12,10000,5984,4016,0.5984,7992,2008,0.7992,2008
configs/exp4/2q_lfu_arc.cfg,experiments/data/hot8_scan_c12_seed45.in,2Q LFU ARC,3,4 4 4,12,10000,6770,3230,0.677,7992,2008,0.7992,1222
configs/exp4/2q_lfu_arc_2q.cfg,experiments/data/hot8_scan_c12_seed45.in,2Q LFU ARC 2Q,4,3 3 3 3,12,10000,5961,4039,0.5961,7992,2008,0.7992,2031
configs/exp4/2q_lfu_arc_arc.cfg,experiments/data/hot8_scan_c12_seed45.in,2Q LFU ARC ARC,4,3 3 3 3,12,10000,5589,4411,0.5589,7992,2008,0.7992,2403
configs/exp4/2q_lfu_arc_lfu.cfg,experiments/data/hot8_scan_c12_seed45.in,2Q LFU ARC LFU,4,3 3 3 3,12,10000,6111,3889,0.6111,7992,2008,0.7992,1881
configs/exp4/2q_lfu_arc_lirs.cfg,experiments/data/hot8_scan_c12_seed45.in,2Q LFU ARC LIRS,4,3 3 3 3,12,10000,5891,4109,0.5891,7992,2008,0.7992,2101
configs/exp4/2q_lfu_arc_lru.cfg,experiments/data/hot8_scan_c12_seed45.in,2Q LFU ARC LRU,4,3 3 3 3,12,10000,5593,4407,0.5593,7992,2008,0.7992,2399
configs/exp4/2q_lfu_lfu.cfg,experiments/data/hot8_scan_c12_seed45.in,2Q LFU LFU,3,4 4 4,12,10000,6944,3056,0.6944,7992,2008,0.7992,1048
configs/exp4/2q_lfu_lfu_2q.cfg,experiments/data/hot8_scan_c12_seed45.in,2Q LFU LFU 2Q,4,3 3 3 3,12,10000,6675,3325,0.6675,7992,2008,0.7992,1317
configs/exp4/2q_lfu_lfu_arc.cfg,experiments/data/hot8_scan_c12_seed45.in,2Q LFU LFU ARC,4,3 3 3 3,12,10000,6608,3392,0.6608,7992,2008,0.7992,1384
configs/exp4/2q_lfu_lfu_lfu.cfg,experiments/data/hot8_scan_c12_seed45.in,2Q LFU LFU LFU,4,3 3 3 3,12,10000,6716,3284,0.6716,7992,2008,0.7992,1276
configs/exp4/2q_lfu_lfu_lirs.cfg,experiments/data/hot8_scan_c12_seed45.in,2Q LFU LFU LIRS,4,3 3 3 3,12,10000,6697,3303,0.6697,7992,2008,0.7992,1295
configs/exp4/2q_lfu_lfu_lru.cfg,experiments/data/hot8_scan_c12_seed45.in,2Q LFU LFU LRU,4,3 3 3 3,12,10000,6268,3732,0.6268,7992,2008,0.7992,1724
configs/exp4/2q_lfu_lirs.cfg,experiments/data/hot8_scan_c12_seed45.in,2Q LFU LIRS,3,4 4 4,12,10000,6796,3204,0.6796,7992,2008,0.7992,1196
configs/exp4/2q_lfu_lirs_2q.cfg,experiments/data/hot8_scan_c12_seed45.in,2Q LFU LIRS 2Q,4,3 3 3 3,12,10000,6005,3995,0.6005,7992,2008,0.7992,1987
configs/exp4/2q_lfu_lirs_arc.cfg,experiments/data/hot8_scan_c12_seed45.in,2Q LFU LIRS ARC,4,3 3 3 3,12,10000,5940,4060,0.594,7992,2008,0.7992,2052
configs/exp4/2q_lfu_lirs_lfu.cfg,experiments/data/hot8_scan_c12_seed45.in,2Q LFU LIRS LFU,4,3 3 3 3,12,10000,6211,3789,0.6211,7992,2008,0.7992,1781
configs/exp4/2q_lfu_lirs_lirs.cfg,experiments/data/hot8_scan_c12_seed45.in,2Q LFU LIRS LIRS,4,3 3 3 3,12,10000,5799,4201,0.5799,7992,2008,0.7992,2193
configs/exp4/2q_lfu_lirs_lru.cfg,experiments/data/hot8_scan_c12_seed45.in,2Q LFU LIRS LRU,4,3 3 3 3,12,10000,5931,4069,0.5931,7992,2008,0.7992,2061
configs/exp4/2q_lfu_lru.cfg,experiments/data/hot8_scan_c12_seed45.in,2Q LFU LRU,3,4 4 4,12,10000,6325,3675,0.6325,7992,2008,0.7992,1667
configs/exp4/2q_lfu_lru_2q.cfg,experiments/data/hot8_scan_c12_seed45.in,2Q LFU LRU 2Q,4,3 3 3 3,12,10000,5989,4011,0.5989,7992,2008,0.7992,2003
configs/exp4/2q_lfu_lru_arc.cfg,experiments/data/hot8_scan_c12_seed45.in,2Q LFU LRU ARC,4,3 3 3 3,12,10000,5692,4308,0.5692,7992,2008,0.7992,2300
configs/exp4/2q_lfu_lru_lfu.cfg,experiments/data/hot8_scan_c12_seed45.in,2Q LFU LRU LFU,4,3 3 3 3,12,10000,5942,4058,0.5942,7992,2008,0.7992,2050
configs/exp4/2q_lfu_lru_lirs.cfg,experiments/data/hot8_scan_c12_seed45.in,2Q LFU LRU LIRS,4,3 3 3 3,12,10000,5920,4080,0.592,7992,2008,0.7992,2072
configs/exp4/2q_lfu_lru_lru.cfg,experiments/data/hot8_scan_c12_seed45.in,2Q LFU LRU LRU,4,3 3 3 3,12,10000,5093,4907,0.5093,7992,2008,0.7992,2899
configs/exp4/2q_lirs.cfg,experiments/data/hot8_scan_c12_seed45.in,2Q LIRS,2,6 6,12,10000,6921,3079,0.6921,7992,2008,0.7992,1071
configs/exp4/2q_lirs_2q.cfg,experiments/data/hot8_scan_c12_seed45.in,2Q LIRS 2Q,3,4 4 4,12,10000,5696,4304,0.5696,7992,2008,0.7992,2296
configs/exp4/2q_lirs_2q_2q.cfg,experiments/data/hot8_scan_c12_seed45.in,2Q LIRS 2Q 2Q,4,3 3 3 3,12,10000,5059,4941,0.5059,7992,2008,0.7992,2933
configs/exp4/2q_lirs_2q_arc.cfg,experiments/data/hot8_scan_c12_seed45.in,2Q LIRS 2Q ARC,4,3 3 3 3,12,10000,5305,4695,0.5305,7992,2008,0.7992,2687
configs/exp4/2q_lirs_2q_lfu.cfg,experiments/data/hot8_scan_c12_seed45.in,2Q LIRS 2Q LFU,4,3 3 3 3,12,10000,5528,4472,0.5528,7992,2008,0.7992,2464
configs/exp4/2q_lirs_2q_lirs.cfg,experiments/data/hot8_scan_c12_seed45.in,2Q LIRS 2Q LIRS,4,3 3 3 3,12,10000,5184,4816,0.5184,7992,2008,0.7992,2808
configs/exp4/2q_lirs_2q_lru.cfg,experiments/data/hot8_scan_c12_seed45.in,2Q LIRS 2Q LRU,4,3 3 3 3,12,10000,5364,4636,0.5364,7992,2008,0.7992,2628
configs/exp4/2q_lirs_arc.cfg,experiments/data/hot8_scan_c12_seed45.in,2Q LIRS ARC,3,4 4 4,12,10000,5687,4313,0.5687,7992,2008,0.7992,2305
configs/exp4/2q_lirs_arc_2q.cfg,experiments/data/hot8_scan_c12_seed45.in,2Q LIRS ARC 2Q,4,3 3 3 3,12,10000,5313,4687,0.5313,7992,2008,0.7992,2679
configs/exp4/2q_lirs_arc_arc.cfg,experiments/data/hot8_scan_c12_seed45.in,2Q LIRS ARC ARC,4,3 3 3 3,12,10000,4956,5044,0.4956,7992,2008,0.7992,3036
configs/exp4/2q_lirs_arc_lfu.cfg,experiments/data/hot8_scan_c12_seed45.in,2Q LIRS ARC LFU,4,3 3 3 3,12,10000,5451,4549,0.5451,7992,2008,0.7992,2541
configs/exp4/2q_lirs_arc_lirs.cfg,experiments/data/hot8_scan_c12_seed45.in,2Q LIRS ARC LIRS,4,3 3 3 3,12,10000,5128,4872,0.5128,7992,2008,0.7992,2864
configs/exp4/2q_lirs_arc_lru.cfg,experiments/data/hot8_scan_c12_seed45.in,2Q LIRS ARC LRU,4,3 3 3 3,12,10000,4933,5067,0.4933,7992,2008,0.7992,3059
configs/exp4/2q_lirs_lfu.cfg,experiments/data/hot8_scan_c12_seed45.in,2Q LIRS LFU,3,4 4 4,12,10000,6118,3882,0.6118,7992,2008,0.7992,1874
configs/exp4/2q_lirs_lfu_2q.cfg,experiments/data/hot8_scan_c12_seed45.in,2Q LIRS LFU 2Q,4,3 3 3 3,12,10000,5760,4240,0.576,7992,2008,0.7992,2232
configs/exp4/2q_lirs_lfu_arc.cfg,experiments/data/hot8_scan_c12_seed45.in,2Q LIRS LFU ARC,4,3 3 3 3,12,10000,5659,4341,0.5659,7992,2008,0.7992,2333
configs/exp4/2q_lirs_lfu_lfu.cfg,experiments/data/hot8_scan_c12_seed45.in,2Q LIRS LFU LFU,4,3 3 3 3,12,10000,5969,4031,0.5969,7992,2008,0.7992,2023
configs/exp4/2q_lirs_lfu_lirs.cfg,experiments/data/hot8_scan_c12_seed45.in,2Q LIRS LFU LIRS,4,3 3 3 3,12,10000,5596,4404,0.5596,7992,2008,0.7992,2396
configs/exp4/2q_lirs_lfu_lru.cfg,experiments/data/hot8_scan_c12_seed45.in,2Q LIRS LFU LRU,4,3 3 3 3,12,10000,5648,4352,0.5648,7992,2008,0.7992,2344
configs/exp4/2q_lirs_lirs.cfg,experiments/data/hot8_scan_c12_seed45.in,2Q LIRS LIRS,3,4 4 4,12,10000,5501,4499,0.5501,7992,2008,0.7992,2491
configs/exp4/2q_lirs_lirs_2q.cfg,experiments/data/hot8_scan_c12_seed45.in,2Q LIRS LIRS 2Q,4,3 3 3 3,12,10000,5058,4942,0.5058,7992,2008,0.7992,2934
configs/exp4/2q_lirs_lirs_arc.cfg,experiments/data/hot8_scan_c12_seed45.in,2Q LIRS LIRS ARC,4,3 3 3 3,12,10000,4904,5096,0.4904,7992,2008,0.7992,3088
configs/exp4/2q_lirs_lirs_lfu.cfg,experiments/data/hot8_scan_c12_seed45.in,2Q LIRS LIRS LFU,4,3 3 3 3,12,10000,5314,4686,0.5314,7992,2008,0.7992,2678
configs/exp4/2q_lirs_lirs_lirs.cfg,experiments/data/hot8_scan_c12_seed45.in,2Q LIRS LIRS LIRS,4,3 3 3 3,12,10000,4560,5440,0.456,7992,2008,0.7992,3432
configs/exp4/2q_lirs_lirs_lru.cfg,experiments/data/hot8_scan_c12_seed45.in,2Q LIRS LIRS LRU,4,3 3 3 3,12,10000,4998,5002,0.4998,7992,2008,0.7992,2994
configs/exp4/2q_lirs_lru.cfg,experiments/data/hot8_scan_c12_seed45.in,2Q LIRS LRU,3,4 4 4,12,10000,5783,4217,0.5783,7992,2008,0.7992,2209
configs/exp4/2q_lirs_lru_2q.cfg,experiments/data/hot8_scan_c12_seed45.in,2Q LIRS LRU 2Q,4,3 3 3 3,12,10000,5463,4537,0.5463,7992,2008,0.7992,2529
configs/exp4/2q_lirs_lru_arc.cfg,experiments/data/hot8_scan_c12_seed45.in,2Q LIRS LRU ARC,4,3 3 3 3,12,10000,5204,4796,0.5204,7992,2008,0.7992,2788
configs/exp4/2q_lirs_lru_lfu.cfg,experiments/data/hot8_scan_c12_seed45.in,2Q LIRS LRU LFU,4,3 3 3 3,12,10000,5427,4573,0.5427,7992,2008,0.7992,2565
configs/exp4/2q_lirs_lru_lirs.cfg,experiments/data/hot8_scan_c12_seed45.in,2Q LIRS LRU LIRS,4,3 3 3 3,12,10000,5216,4784,0.5216,7992,2008,0.7992,2776
configs/exp4/2q_lirs_lru_lru.cfg,experiments/data/hot8_scan_c12_seed45.in,2Q LIRS LRU LRU,4,3 3 3 3,12,10000,4697,5303,0.4697,7992,2008,0.7992,3295
configs/exp4/2q_lru.cfg,experiments/data/hot8_scan_c12_seed45.in,2Q LRU,2,6 6,12,10000,6563,3437,0.6563,7992,2008,0.7992,1429
configs/exp4/2q_lru_2q.cfg,experiments/data/hot8_scan_c12_seed45.in,2Q LRU 2Q,3,4 4 4,12,10000,6050,3950,0.605,7992,2008,0.7992,1942
configs/exp4/2q_lru_2q_2q.cfg,experiments/data/hot8_scan_c12_seed45.in,2Q LRU 2Q 2Q,4,3 3 3 3,12,10000,5461,4539,0.5461,7992,2008,0.7992,2531
configs/exp4/2q_lru_2q_arc.cfg,experiments/data/hot8_scan_c12_seed45.in,2Q LRU 2Q ARC,4,3 3 3 3,12,10000,5552,4448,0.5552,7992,2008,0.7992,2440
configs/exp4/2q_lru_2q_lfu.cfg,experiments/data/hot8_scan_c12_seed45.in,2Q LRU 2Q LFU,4,3 3 3 3,12,10000,5649,4351,0.5649,7992,2008,0.7992,2343
configs/exp4/2q_lru_2q_lirs.cfg,experiments/data/hot8_scan_c12_seed45.in,2Q LRU 2Q LIRS,4,3 3 3 3,12,10000,5778,4222,0.5778,7992,2008,0.7992,2214
configs/exp4/2q_lru_2q_lru.cfg,experiments/data/hot8_scan_c12_seed45.in,2Q LRU 2Q LRU,4,3 3 3 3,12,10000,5068,4932,0.5068,7992,2008,0.7992,2924
configs/exp4/2q_lru_arc.cfg,experiments/data/hot8_scan_c12_seed45.in,2Q LRU ARC,3,4 4 4,12,10000,5740,4260,0.574,7992,2008,0.7992,2252
configs/exp4/2q_lru_arc_2q.cfg,experiments/data/hot8_scan_c12_seed45.in,2Q LRU ARC 2Q,4,3 3 3 3,12,10000,5313,4687,0.5313,7992,2008,0.7992,2679
configs/exp4/2q_lru_arc_arc.cfg,experiments/data/hot8_scan_c12_seed45.in,2Q LRU ARC ARC,4,3 3 3 3,12,10000,4902,5098,0.4902,7992,2008,0.7992,3090
configs/exp4/2q_lru_arc_lfu.cfg,experiments/data/hot8_scan_c12_seed45.in,2Q LRU ARC LFU,4,3 3 3 3,12,10000,5390,4610,0.539,7992,2008,0.7992,2602
configs/exp4/2q_lru_arc_lirs.cfg,experiments/data/hot8_scan_c12_seed45.in,2Q LRU ARC LIRS,4,3 3 3 3,12,10000,5293,4707,0.5293,7992,2008,0.7992,2699
configs/exp4/2q_lru_arc_lru.cfg,experiments/data/hot8_scan_c12_seed45.in,2Q LRU ARC LRU,4,3 3 3 3,12,10000,4696,5304,0.4696,7992,2008,0.7992,3296
configs/exp4/2q_lru_lfu.cfg,experiments/data/hot8_scan_c12_seed45.in,2Q LRU LFU,3,4 4 4,12,10000,5951,4049,0.5951,7992,2008,0.7992,2041
configs/exp4/2q_lru_lfu_2q.cfg,experiments/data/hot8_scan_c12_seed45.in,2Q LRU LFU 2Q,4,3 3 3 3,12,10000,5832,4168,0.5832,7992,2008,0.7992,2160
configs/exp4/2q_lru_lfu_arc.cfg,experiments/data/hot8_scan_c12_seed45.in,2Q LRU LFU ARC,4,3 3 3 3,12,10000,5572,4428,0.5572,7992,2008,0.7992,2420
configs/exp4/2q_lru_lfu_lfu.cfg,experiments/data/hot8_scan_c12_seed45.in,2Q LRU LFU LFU,4,3 3 3 3,12,10000,5304,4696,0.5304,7992,2008,0.7992,2688
configs/exp4/2q_lru_lfu_lirs.cfg,experiments/data/hot8_scan_c12_seed45.in,2Q LRU LFU LIRS,4,3 3 3 3,12,10000,5835,4165,0.5835,7992,2008,0.7992,2157
configs/exp4/2q_lru_lfu_lru.cfg,experiments/data/hot8_scan_c12_seed45.in,2Q LRU LFU LRU,4,3 3 3 3,12,10000,5080,4920,0.508,7992,2008,0.7992,2912
configs/exp4/2q_lru_lirs.cfg,experiments/data/hot8_scan_c12_seed45.in,2Q LRU LIRS,3,4 4 4,12,10000,5920,4080,0.592,7992,2008,0.7992,2072
configs/exp4/2q_lru_lirs_2q.cfg,experiments/data/hot8_scan_c12_seed45.in,2Q LRU LIRS 2Q,4,3 3 3 3,12,10000,5476,4524,0.5476,7992,2008,0.7992,2516
configs/exp4/2q_lru_lirs_arc.cfg,experiments/data/hot8_scan_c12_seed45.in,2Q LRU LIRS ARC,4,3 3 3 3,12,10000,5211,4789,0.5211,7992,2008,0.7992,2781
configs/exp4/2q_lru_lirs_lfu.cfg,experiments/data/hot8_scan_c12_seed45.in,2Q LRU LIRS LFU,4,3 3 3 3,12,10000,5502,4498,0.5502,7992,2008,0.7992,2490
configs/exp4/2q_lru_lirs_lirs.cfg,experiments/data/hot8_scan_c12_seed45.in,2Q LRU LIRS LIRS,4,3 3 3 3,12,10000,5144,4856,0.5144,7992,2008,0.7992,2848
configs/exp4/2q_lru_lirs_lru.cfg,experiments/data/hot8_scan_c12_seed45.in,2Q LRU LIRS LRU,4,3 3 3 3,12,10000,4937,5063,0.4937,7992,2008,0.7992,3055
configs/exp4/2q_lru_lru.cfg,experiments/data/hot8_scan_c12_seed45.in,2Q LRU LRU,3,4 4 4,12,10000,5023,4977,0.5023,7992,2008,0.7992,2969
configs/exp4/2q_lru_lru_2q.cfg,experiments/data/hot8_scan_c12_seed45.in,2Q LRU LRU 2Q,4,3 3 3 3,12,10000,4842,5158,0.4842,7992,2008,0.7992,3150
configs/exp4/2q_lru_lru_arc.cfg,experiments/data/hot8_scan_c12_seed45.in,2Q LRU LRU ARC,4,3 3 3 3,12,10000,4596,5404,0.4596,7992,2008,0.7992,3396
configs/exp4/2q_lru_lru_lfu.cfg,experiments/data/hot8_scan_c12_seed45.in,2Q LRU LRU LFU,4,3 3 3 3,12,10000,4535,5465,0.4535,7992,2008,0.7992,3457
configs/exp4/2q_lru_lru_lirs.cfg,experiments/data/hot8_scan_c12_seed45.in,2Q LRU LRU LIRS,4,3 3 3 3,12,10000,4779,5221,0.4779,7992,2008,0.7992,3213
configs/exp4/2q_lru_lru_lru.cfg,experiments/data/hot8_scan_c12_seed45.in,2Q LRU LRU LRU,4,3 3 3 3,12,10000,3837,6163,0.3837,7992,2008,0.7992,4155
configs/exp4/arc_2q.cfg,experiments/data/hot8_scan_c12_seed45.in,ARC 2Q,2,6 6,12,10000,6772,3228,0.6772,7992,2008,0.7992,1220
configs/exp4/arc_2q_2q.cfg,experiments/data/hot8_scan_c12_seed45.in,ARC 2Q 2Q,3,4 4 4,12,10000,5646,4354,0.5646,7992,2008,0.7992,2346
configs/exp4/arc_2q_2q_2q.cfg,experiments/data/hot8_scan_c12_seed45.in,ARC 2Q 2Q 2Q,4,3 3 3 3,12,10000,4840,5160,0.484,7992,2008,0.7992,3152
configs/exp4/arc_2q_2q_arc.cfg,experiments/data/hot8_scan_c12_seed45.in,ARC 2Q 2Q ARC,4,3 3 3 3,12,10000,5144,4856,0.5144,7992,2008,0.7992,2848
configs/exp4/arc_2q_2q_lfu.cfg,experiments/data/hot8_scan_c12_seed45.in,ARC 2Q 2Q LFU,4,3 3 3 3,12,10000,5261,4739,0.5261,7992,2008,0.7992,2731
configs/exp4/arc_2q_2q_lirs.cfg,experiments/data/hot8_scan_c12_seed45.in,ARC 2Q 2Q LIRS,4,3 3 3 3,12,10000,5321,4679,0.5321,7992,2008,0.7992,2671
configs/exp4/arc_2q_2q_lru.cfg,experiments/data/hot8_scan_c12_seed45.in,ARC 2Q 2Q LRU,4,3 3 3 3,12,10000,4937,5063,0.4937,7992,2008,0.7992,3055
configs/exp4/arc_2q_arc.cfg,experiments/data/hot8_scan_c12_seed45.in,ARC 2Q ARC,3,4 4 4,12,10000,5741,4259,0.5741,7992,2008,0.7992,2251
configs/exp4/arc_2q_arc_2q.cfg,experiments/data/hot8_scan_c12_seed45.in,ARC 2Q ARC 2Q,4,3 3 3 3,12,10000,5235,4765,0.5235,7992,2008,0.7992,2757
configs/exp4/arc_2q_arc_arc.cfg,experiments/data/hot8_scan_c12_seed45.in,ARC 2Q ARC ARC,4,3 3 3 3,12,10000,4876,5124,0.4876,7992,2008,0.7992,3116
configs/exp4/arc_2q_arc_lfu.cfg,experiments/data/hot8_scan_c12_seed45.in,ARC 2Q ARC LFU,4,3 3 3 3,12,10000,5316,4684,0.5316,7992,2008,0.7992,2676
configs/exp4/arc_2q_arc_lirs.cfg,experiments/data/hot8_scan_c12_seed45.in,ARC 2Q ARC LIRS,4,3 3 3 3,12,10000,5305,4695,0.5305,7992,2008,0.7992,2687
configs/exp4/arc_2q_arc_lru.cfg,experiments/data/hot8_scan_c12_seed45.in,ARC 2Q ARC LRU,4,3 3 3 3,12,10000,4865,5135,0.4865,7992,2008,0.7992,3127
configs/exp4/arc_2q_lfu.cfg,experiments/data/hot8_scan_c12_seed45.in,ARC 2Q LFU,3,4 4 4,12,10000,6024,3976,0.6024,7992,2008,0.7992,1968
configs/exp4/arc_2q_lfu_2q.cfg,experiments/data/hot8_scan_c12_seed45.in,ARC 2Q LFU 2Q,4,3 3 3 3,12,10000,5766,4234,0.5766,7992,2008,0.7992,2226
configs/exp4/arc_2q_lfu_arc.cfg,experiments/data/hot8_scan_c12_seed45.in,ARC 2Q LFU ARC,4,3 3 3 3,12,10000,5766,4234,0.5766,7992,2008,0.7992,2226
configs/exp4/arc_2q_lfu_lfu.cfg,experiments/data/hot8_scan_c12_seed45.in,ARC 2Q LFU LFU,4,3 3 3 3,12,10000,5942,4058,0.5942,7992,2008,0.7992,2050
configs/exp4/arc_2q_lfu_lirs.cfg,experiments/data/hot8_scan_c12_seed45.in,ARC 2Q LFU LIRS,4,3 3 3 3,12,10000,5923,4077,0.5923,7992,2008,0.7992,2069
configs/exp4/arc_2q_lfu_lru.cfg,experiments/data/hot8_scan_c12_seed45.in,ARC 2Q LFU LRU,4,3 3 3 3,12,10000,5462,4538,0.5462,7992,2008,0.7992,2530
configs/exp4/arc_2q_lirs.cfg,experiments/data/hot8_scan_c12_seed45.in,ARC 2Q LIRS,3,4 4 4,12,10000,5929,4071,0.5929,7992,2008,0.7992,2063
configs/exp4/arc_2q_lirs_2q.cfg,experiments/data/hot8_scan_c12_seed45.in,ARC 2Q LIRS 2Q,4,3 3 3 3,12,10000,5353,4647,0.5353,7992,2008,0.7992,2639
configs/exp4/arc_2q_lirs_arc.cfg,experiments/data/hot8_scan_c12_seed45.in,ARC 2Q LIRS ARC,4,3 3 3 3,12,10000,5315,4685,0.5315,7992,2008,0.7992,2677
configs/exp4/arc_2q_lirs_lfu.cfg,experiments/data/hot8_scan_c12_seed45.in,ARC 2Q LIRS LFU,4,3 3 3 3,12,10000,5598,4402,0.5598,7992,2008,0.7992,2394
configs/exp4/arc_2q_lirs_lirs.cfg,experiments/data/hot8_scan_c12_seed45.in,ARC 2Q LIRS LIRS,4,3 3 3 3,12,10000,5176,4824,0.5176,7992,2008,0.7992,2816
configs/exp4/arc_2q_lirs_lru.cfg,experiments/data/hot8_scan_c12_seed45.in,ARC 2Q LIRS LRU,4,3 3 3 3,12,10000,5280,4720,0.528,7992,2008,0.7992,2712
configs/exp4/arc_2q_lru.cfg,experiments/data/hot8_scan_c12_seed45.in,ARC 2Q LRU,3,4 4 4,12,10000,5552,4448,0.5552,7992,2008,0.7992,2440
configs/exp4/arc_2q_lru_2q.cfg,experiments/data/hot8_scan_c12_seed45.in,ARC 2Q LRU 2Q,4,3 3 3 3,12,10000,5280,4720,0.528,7992,2008,0.7992,2712
configs/exp4/arc_2q_lru_arc.cfg,experiments/data/hot8_scan_c12_seed45.in,ARC 2Q LRU ARC,4,3 3 3 3,12,10000,5067,4933,0.5067,7992,2008,0.7992,2925
configs/exp4/arc_2q_lru_lfu.cfg,experiments/data/hot8_scan_c12_seed45.in,ARC 2Q LRU LFU,4,3 3 3 3,12,10000,5230,4770,0.523,7992,2008,0.7992,2762
configs/exp4/arc_2q_lru_lirs.cfg,experiments/data/hot8_scan_c12_seed45.in,ARC 2Q LRU LIRS,4,3 3 3 3,12,10000,5282,4718,0.5282,7992,2008,0.7992,2710
configs/exp4/arc_2q_lru_lru.cfg,experiments/data/hot8_scan_c12_seed45.in,ARC 2Q LRU LRU,4,3 3 3 3,12,10000,4381,5619,0.4381,7992,2008,0.7992,3611
configs/exp4/arc_arc_2q.cfg,experiments/data/hot8_scan_c12_seed45.in,ARC ARC 2Q,3,4 4 4,12,10000,5375,4625,0.5375,7992,2008,0.7992,2617
configs/exp4/arc_arc_2q_2q.cfg,experiments/data/hot8_scan_c12_seed45.in,ARC ARC 2Q 2Q,4,3 3 3 3,12,10000,4890,5110,0.489,7992,2008,0.7992,3102
configs/exp4/arc_arc_2q_arc.cfg,experiments/data/hot8_scan_c12_seed45.in,ARC ARC 2Q ARC,4,3 3 3 3,12,10000,4958,5042,0.4958,7992,2008,0.7992,3034
configs/exp4/arc_arc_2q_lfu.cfg,experiments/data/hot8_scan_c12_seed45.in,ARC ARC 2Q LFU,4,3 3 3 3,12,10000,5248,4752,0.5248,7992,2008,0.7992,2744
configs/exp4/arc_arc_2q_lirs.cfg,experiments/data/hot8_scan_c12_seed45.in,ARC ARC 2Q LIRS,4,3 3 3 3,12,10000,5195,4805,0.5195,7992,2008,0.7992,2797
configs/exp4/arc_arc_2q_lru.cfg,experiments/data/hot8_scan_c12_seed45.in,ARC ARC 2Q LRU,4,3 3 3 3,12,10000,4750,5250,0.475,7992,2008,0.7992,3242
configs/exp4/arc_arc_arc_2q.cfg,experiments/data/hot8_scan_c12_seed45.in,ARC ARC ARC 2Q,4,3 3 3 3,12,10000,4589,5411,0.4589,7992,2008,0.7992,3403
configs/exp4/arc_arc_arc_lfu.cfg,experiments/data/hot8_scan_c12_seed45.in,ARC ARC ARC LFU,4,3 3 3 3,12,10000,4715,5285,0.4715,7992,2008,0.7992,3277
configs/exp4/arc_arc_arc_lirs.cfg,experiments/data/hot8_scan_c12_seed45.in,ARC ARC ARC LIRS,4,3 3 3 3,12,10000,4505,5495,0.4505,7992,2008,0.7992,3487
configs/exp4/arc_arc_arc_lru.cfg,experiments/data/hot8_scan_c12_seed45.in,ARC ARC ARC LRU,4,3 3 3 3,12,10000,3995,6005,0.3995,7992,2008,0.7992,3997
configs/exp4/arc_arc_lfu.cfg,experiments/data/hot8_scan_c12_seed45.in,ARC ARC LFU,3,4 4 4,12,10000,5610,4390,0.561,7992,2008,0.7992,2382
configs/exp4/arc_arc_lfu_2q.cfg,experiments/data/hot8_scan_c12_seed45.in,ARC ARC LFU 2Q,4,3 3 3 3,12,10000,5456,4544,0.5456,7992,2008,0.7992,2536
configs/exp4/arc_arc_lfu_arc.cfg,experiments/data/hot8_scan_c12_seed45.in,ARC ARC LFU ARC,4,3 3 3 3,12,10000,5123,4877,0.5123,7992,2008,0.7992,2869
configs/exp4/arc_arc_lfu_lfu.cfg,experiments/data/hot8_scan_c12_seed45.in,ARC ARC LFU LFU,4,3 3 3 3,12,10000,5605,4395,0.5605,7992,2008,0.7992,2387
configs/exp4/arc_arc_lfu_lirs.cfg,experiments/data/hot8_scan_c12_seed45.in,ARC ARC LFU LIRS,4,3 3 3 3,12,10000,5447,4553,0.5447,7992,2008,0.7992,2545
configs/exp4/arc_arc_lfu_lru.cfg,experiments/data/hot8_scan_c12_seed45.in,ARC ARC LFU LRU,4,3 3 3 3,12,10000,4880,5120,0.488,7992,2008,0.7992,3112
configs/exp4/arc_arc_lirs.cfg,experiments/data/hot8_scan_c12_seed45.in,ARC ARC LIRS,3,4 4 4,12,10000,5255,4745,0.5255,7992,2008,0.7992,2737
configs/exp4/arc_arc_lirs_2q.cfg,experiments/data/hot8_scan_c12_seed45.in,ARC ARC LIRS 2Q,4,3 3 3 3,12,10000,4996,5004,0.4996,7992,2008,0.7992,2996
configs/exp4/arc_arc_lirs_arc.cfg,experiments/data/hot8_scan_c12_seed45.in,ARC ARC LIRS ARC,4,3 3 3 3,12,10000,4612,5388,0.4612,7992,2008,0.7992,3380
configs/exp4/arc_arc_lirs_lfu.cfg,experiments/data/hot8_scan_c12_seed45.in,ARC ARC LIRS LFU,4,3 3 3 3,12,10000,5092,4908,0.5092,7992,2008,0.7992,2900
configs/exp4/arc_arc_lirs_lirs.cfg,experiments/data/hot8_scan_c12_seed45.in,ARC ARC LIRS LIRS,4,3 3 3 3,12,10000,4528,5472,0.4528,7992,2008,0.7992,3464
configs/exp4/arc_arc_lirs_lru.cfg,experiments/data/hot8_scan_c12_seed45.in,ARC ARC LIRS LRU,4,3 3 3 3,12,10000,4533,5467,0.4533,7992,2008,0.7992,3459
configs/exp4/arc_arc_lru.cfg,experiments/data/hot8_scan_c12_seed45.in,ARC ARC LRU,3,4 4 4,12,10000,4667,5333,0.4667,7992,2008,0.7992,3325
configs/exp4/arc_arc_lru_2q.cfg,experiments/data/hot8_scan_c12_seed45.in,ARC ARC LRU 2Q,4,3 3 3 3,12,10000,4650,5350,0.465,7992,2008,0.7992,3342
configs/exp4/arc_arc_lru_arc.cfg,experiments/data/hot8_scan_c12_seed45.in,ARC ARC LRU ARC,4,3 3 3 3,12,10000,4287,5713,0.4287,7992,2008,0.7992,3705
configs/exp4/arc_arc_lru_lfu.cfg,experiments/data/hot8_scan_c12_seed45.in,ARC ARC LRU LFU,4,3 3 3 3,12,10000,4441,5559,0.4441,7992,2008,0.7992,3551
configs/exp4/arc_arc_lru_lirs.cfg,experiments/data/hot8_scan_c12_seed45.in,ARC ARC LRU LIRS,4,3 3 3 3,12,10000,4520,5480,0.452,7992,2008,0.7992,3472
configs/exp4/arc_arc_lru_lru.cfg,experiments/data/hot8_scan_c12_seed45.in,ARC ARC LRU LRU,4,3 3 3 3,12,10000,3639,6361,0.3639,7992,2008,0.7992,4353
configs/exp4/arc_lfu.cfg,experiments/data/hot8_scan_c12_seed45.in,ARC LFU,2,6 6,12,10000,6919,3081,0.6919,7992,2008,0.7992,1073
configs/exp4/arc_lfu_2q.cfg,experiments/data/hot8_scan_c12_seed45.in,ARC LFU 2Q,3,4 4 4,12,10000,6644,3356,0.6644,7992,2008,0.7992,1348
configs/exp4/arc_lfu_2q_2q.cfg,experiments/data/hot8_scan_c12_seed45.in,ARC LFU 2Q 2Q,4,3 3 3 3,12,10000,5775,4225,0.5775,7992,2008,0.7992,2217
configs/exp4/arc_lfu_2q_arc.cfg,experiments/data/hot8_scan_c12_seed45.in,ARC LFU 2Q ARC,4,3 3 3 3,12,10000,6000,4000,0.6,7992,2008,0.7992,1992
configs/exp4/arc_lfu_2q_lfu.cfg,experiments/data/hot8_scan_c12_seed45.in,ARC LFU 2Q LFU,4,3 3 3 3,12,10000,6063,3937,0.6063,7992,2008,0.7992,1929
configs/exp4/arc_lfu_2q_lirs.cfg,experiments/data/hot8_scan_c12_seed45.in,ARC LFU 2Q LIRS,4,3 3 3 3,12,10000,6177,3823,0.6177,7992,2008,0.7992,1815
configs/exp4/arc_lfu_2q_lru.cfg,experiments/data/hot8_scan_c12_seed45.in,ARC LFU 2Q LRU,4,3 3 3 3,12,10000,5729,4271,0.5729,7992,2008,0.7992,2263
configs/exp4/arc_lfu_arc.cfg,experiments/data/hot8_scan_c12_seed45.in,ARC LFU ARC,3,4 4 4,12,10000,6411,3589,0.6411,7992,2008,0.7992,1581
configs/exp4/arc_lfu_arc_2q.cfg,experiments/data/hot8_scan_c12_seed45.in,ARC LFU ARC 2Q,4,3 3 3 3,12,10000,5712,4288,0.5712,7992,2008,0.7992,2280
configs/exp4/arc_lfu_arc_arc.cfg,experiments/data/hot8_scan_c12_seed45.in,ARC LFU ARC ARC,4,3 3 3 3,12,10000,5188,4812,0.5188,7992,2008,0.7992,2804
configs/exp4/arc_lfu_arc_lfu.cfg,experiments/data/hot8_scan_c12_seed45.in,ARC LFU ARC LFU,4,3 3 3 3,12,10000,5793,4207,0.5793,7992,2008,0.7992,2199
configs/exp4/arc_lfu_arc_lirs.cfg,experiments/data/hot8_scan_c12_seed45.in,ARC LFU ARC LIRS,4,3 3 3 3,12,10000,5599,4401,0.5599,7992,2008,0.7992,2393
configs/exp4/arc_lfu_arc_lru.cfg,experiments/data/hot8_scan_c12_seed45.in,ARC LFU ARC LRU,4,3 3 3 3,12,10000,5086,4914,0.5086,7992,2008,0.7992,2906
configs/exp4/arc_lfu_lfu.cfg,experiments/data/hot8_scan_c12_seed45.in,ARC LFU LFU,3,4 4 4,12,10000,6819,3181,0.6819,7992,2008,0.7992,1173
configs/exp4/arc_lfu_lfu_2q.cfg,experiments/data/hot8_scan_c12_seed45.in,ARC LFU LFU 2Q,4,3 3 3 3,12,10000,6543,3457,0.6543,7992,2008,0.7992,1449
configs/exp4/arc_lfu_lfu_arc.cfg,experiments/data/hot8_scan_c12_seed45.in,ARC LFU LFU ARC,4,3 3 3 3,12,10000,6285,3715,0.6285,7992,2008,0.7992,1707
configs/exp4/arc_lfu_lfu_lfu.cfg,experiments/data/hot8_scan_c12_seed45.in,ARC LFU LFU LFU,4,3 3 3 3,12,10000,6573,3427,0.6573,7992,2008,0.7992,1419
configs/exp4/arc_lfu_lfu_lirs.cfg,experiments/data/hot8_scan_c12_seed45.in,ARC LFU LFU LIRS,4,3 3 3 3,12,10000,6519,3481,0.6519,7992,2008,0.7992,1473
configs/exp4/arc_lfu_lfu_lru.cfg,experiments/data/hot8_scan_c12_seed45.in,ARC LFU LFU LRU,4,3 3 3 3,12,10000,5876,4124,0.5876,7992,2008,0.7992,2116
configs/exp4/arc_lfu_lirs.cfg,experiments/data/hot8_scan_c12_seed45.in,ARC LFU LIRS,3,4 4 4,12,10000,6633,3367,0.6633,7992,2008,0.7992,1359
configs/exp4/arc_lfu_lirs_2q.cfg,experiments/data/hot8_scan_c12_seed45.in,ARC LFU LIRS 2Q,4,3 3 3 3,12,10000,5848,4152,0.5848,7992,2008,0.7992,2144
configs/exp4/arc_lfu_lirs_arc.cfg,experiments/data/hot8_scan_c12_seed45.in,ARC LFU LIRS ARC,4,3 3 3 3,12,10000,5637,4363,0.5637,7992,2008,0.7992,2355
configs/exp4/arc_lfu_lirs_lfu.cfg,experiments/data/hot8_scan_c12_seed45.in,ARC LFU LIRS LFU,4,3 3 3 3,12,10000,5995,4005,0.5995,7992,2008,0.7992,1997
configs/exp4/arc_lfu_lirs_lirs.cfg,experiments/data/hot8_scan_c12_seed45.in,ARC LFU LIRS LIRS,4,3 3 3 3,12,10000,5549,4451,0.5549,7992,2008,0.7992,2443
configs/exp4/arc_lfu_lirs_lru.cfg,experiments/data/hot8_scan_c12_seed45.in,ARC LFU LIRS LRU,4,3 3 3 3,12,10000,5538,4462,0.5538,7992,2008,0.7992,2454
configs/exp4/arc_lfu_lru.cfg,experiments/data/hot8_scan_c12_seed45.in,ARC LFU LRU,3,4 4 4,12,10000,5777,4223,0.5777,7992,2008,0.7992,2215
configs/exp4/arc_lfu_lru_2q.cfg,experiments/data/hot8_scan_c12_seed45.in,ARC LFU LRU 2Q,4,3 3 3 3,12,10000,5606,4394,0.5606,7992,2008,0.7992,2386
configs/exp4/arc_lfu_lru_arc.cfg,experiments/data/hot8_scan_c12_seed45.in,ARC LFU LRU ARC,4,3 3 3 3,12,10000,5210,4790,0.521,7992,2008,0.7992,2782
configs/exp4/arc_lfu_lru_lfu.cfg,experiments/data/hot8_scan_c12_seed45.in,ARC LFU LRU LFU,4,3 3 3 3,12,10000,5510,4490,0.551,7992,2008,0.7992,2482
configs/exp4/arc_lfu_lru_lirs.cfg,experiments/data/hot8_scan_c12_seed45.in,ARC LFU LRU LIRS,4,3 3 3 3,12,10000,5505,4495,0.5505,7992,2008,0.7992,2487
configs/exp4/arc_lfu_lru_lru.cfg,experiments/data/hot8_scan_c12_seed45.in,ARC LFU LRU LRU,4,3 3 3 3,12,10000,4523,5477,0.4523,7992,2008,0.7992,3469
configs/exp4/arc_lirs.cfg,experiments/data/hot8_scan_c12_seed45.in,ARC LIRS,2,6 6,12,10000,6618,3382,0.6618,7992,2008,0.7992,1374
configs/exp4/arc_lirs_2q.cfg,experiments/data/hot8_scan_c12_seed45.in,ARC LIRS 2Q,3,4 4 4,12,10000,5567,4433,0.5567,7992,2008,0.7992,2425
configs/exp4/arc_lirs_2q_2q.cfg,experiments/data/hot8_scan_c12_seed45.in,ARC LIRS 2Q 2Q,4,3 3 3 3,12,10000,5048,4952,0.5048,7992,2008,0.7992,2944
configs/exp4/arc_lirs_2q_arc.cfg,experiments/data/hot8_scan_c12_seed45.in,ARC LIRS 2Q ARC,4,3 3 3 3,12,10000,5155,4845,0.5155,7992,2008,0.7992,2837
configs/exp4/arc_lirs_2q_lfu.cfg,experiments/data/hot8_scan_c12_seed45.in,ARC LIRS 2Q LFU,4,3 3 3 3,12,10000,5399,4601,0.5399,7992,2008,0.7992,2593
configs/exp4/arc_lirs_2q_lirs.cfg,experiments/data/hot8_scan_c12_seed45.in,ARC LIRS 2Q LIRS,4,3 3 3 3,12,10000,5124,4876,0.5124,7992,2008,0.7992,2868
configs/exp4/arc_lirs_2q_lru.cfg,experiments/data/hot8_scan_c12_seed45.in,ARC LIRS 2Q LRU,4,3 3 3 3,12,10000,5060,4940,0.506,7992,2008,0.7992,2932
configs/exp4/arc_lirs_arc.cfg,experiments/data/hot8_scan_c12_seed45.in,ARC LIRS ARC,3,4 4 4,12,10000,5294,4706,0.5294,7992,2008,0.7992,2698
configs/exp4/arc_lirs_arc_2q.cfg,experiments/data/hot8_scan_c12_seed45.in,ARC LIRS ARC 2Q,4,3 3 3 3,12,10000,5002,4998,0.5002,7992,2008,0.7992,2990
configs/exp4/arc_lirs_arc_arc.cfg,experiments/data/hot8_scan_c12_seed45.in,ARC LIRS ARC ARC,4,3 3 3 3,12,10000,4598,5402,0.4598,7992,2008,0.7992,3394
configs/exp4/arc_lirs_arc_lfu.cfg,experiments/data/hot8_scan_c12_seed45.in,ARC LIRS ARC LFU,4,3 3 3 3,12,10000,5120,4880,0.512,7992,2008,0.7992,2872
configs/exp4/arc_lirs_arc_lirs.cfg,experiments/data/hot8_scan_c12_seed45.in,ARC LIRS ARC LIRS,4,3 3 3 3,12,10000,4784,5216,0.4784,7992,2008,0.7992,3208
configs/exp4/arc_lirs_arc_lru.cfg,experiments/data/hot8_scan_c12_seed45.in,ARC LIRS ARC LRU,4,3 3 3 3,12,10000,4511,5489,0.4511,7992,2008,0.7992,3481
configs/exp4/arc_lirs_lfu.cfg,experiments/data/hot8_scan_c12_seed45.in,ARC LIRS LFU,3,4 4 4,12,10000,5870,4130,0.587,7992,2008,0.7992,2122
configs/exp4/arc_lirs_lfu_2q.cfg,experiments/data/hot8_scan_c12_seed45.in,ARC LIRS LFU 2Q,4,3 3 3 3,12,10000,5608,4392,0.5608,7992,2008,0.7992,2384
configs/exp4/arc_lirs_lfu_arc.cfg,experiments/data/hot8_scan_c12_seed45.in,ARC LIRS LFU ARC,4,3 3 3 3,12,10000,5333,4667,0.5333,7992,2008,0.7992,2659
configs/exp4/arc_lirs_lfu_lfu.cfg,experiments/data/hot8_scan_c12_seed45.in,ARC LIRS LFU LFU,4,3 3 3 3,12,10000,5779,4221,0.5779,7992,2008,0.7992,2213
configs/exp4/arc_lirs_lfu_lirs.cfg,experiments/data/hot8_scan_c12_seed45.in,ARC LIRS LFU LIRS,4,3 3 3 3,12,10000,5375,4625,0.5375,7992,2008,0.7992,2617
configs/exp4/arc_lirs_lfu_lru.cfg,experiments/data/hot8_scan_c12_seed45.in,ARC LIRS LFU LRU,4,3 3 3 3,12,10000,5215,4785,0.5215,7992,2008,0.7992,2777
configs/exp4/arc_lirs_lirs.cfg,experiments/data/hot8_scan_c12_seed45.in,ARC LIRS LIRS,3,4 4 4,12,10000,5232,4768,0.5232,7992,2008,0.7992,2760
configs/exp4/arc_lirs_lirs_2q.cfg,experiments/data/hot8_scan_c12_seed45.in,ARC LIRS LIRS 2Q,4,3 3 3 3,12,10000,4859,5141,0.4859,7992,2008,0.7992,3133
configs/exp4/arc_lirs_lirs_arc.cfg,experiments/data/hot8_scan_c12_seed45.in,ARC LIRS LIRS ARC,4,3 3 3 3,12,10000,4571,5429,0.4571,7992,2008,0.7992,3421
configs/exp4/arc_lirs_lirs_lfu.cfg,experiments/data/hot8_scan_c12_seed45.in,ARC LIRS LIRS LFU,4,3 3 3 3,12,10000,5061,4939,0.5061,7992,2008,0.7992,2931
configs/exp4/arc_lirs_lirs_lirs.cfg,experiments/data/hot8_scan_c12_seed45.in,ARC LIRS LIRS LIRS,4,3 3 3 3,12,10000,4245,5755,0.4245,7992,2008,0.7992,3747
configs/exp4/arc_lirs_lirs_lru.cfg,experiments/data/hot8_scan_c12_seed45.in,ARC LIRS LIRS LRU,4,3 3 3 3,12,10000,4528,5472,0.4528,7992,2008,0.7992,3464
configs/exp4/arc_lirs_lru.cfg,experiments/data/hot8_scan_c12_seed45.in,ARC LIRS LRU,3,4 4 4,12,10000,5244,4756,0.5244,7992,2008,0.7992,2748
configs/exp4/arc_lirs_lru_2q.cfg,experiments/data/hot8_scan_c12_seed45.in,ARC LIRS LRU 2Q,4,3 3 3 3,12,10000,5016,4984,0.5016,7992,2008,0.7992,2976
configs/exp4/arc_lirs_lru_arc.cfg,experiments/data/hot8_scan_c12_seed45.in,ARC LIRS LRU ARC,4,3 3 3 3,12,10000,4710,5290,0.471,7992,2008,0.7992,3282
configs/exp4/arc_lirs_lru_lfu.cfg,experiments/data/hot8_scan_c12_seed45.in,ARC LIRS LRU LFU,4,3 3 3 3,12,10000,4799,5201,0.4799,7992,2008,0.7992,3193
configs/exp4/arc_lirs_lru_lirs.cfg,experiments/data/hot8_scan_c12_seed45.in,ARC LIRS LRU LIRS,4,3 3 3 3,12,10000,4697,5303,0.4697,7992,2008,0.7992,3295
configs/exp4/arc_lirs_lru_lru.cfg,experiments/data/hot8_scan_c12_seed45.in,ARC LIRS LRU LRU,4,3 3 3 3,12,10000,4111,5889,0.4111,7992,2008,0.7992,3881
configs/exp4/arc_lru.cfg,experiments/data/hot8_scan_c12_seed45.in,ARC LRU,2,6 6,12,10000,5802,4198,0.5802,7992,2008,0.7992,2190
configs/exp4/arc_lru_2q.cfg,experiments/data/hot8_scan_c12_seed45.in,ARC LRU 2Q,3,4 4 4,12,10000,5460,4540,0.546,7992,2008,0.7992,2532
configs/exp4/arc_lru_2q_2q.cfg,experiments/data/hot8_scan_c12_seed45.in,ARC LRU 2Q 2Q,4,3 3 3 3,12,10000,5160,4840,0.516,7992,2008,0.7992,2832
configs/exp4/arc_lru_2q_arc.cfg,experiments/data/hot8_scan_c12_seed45.in,ARC LRU 2Q ARC,4,3 3 3 3,12,10000,5065,4935,0.5065,7992,2008,0.7992,2927
configs/exp4/arc_lru_2q_lfu.cfg,experiments/data/hot8_scan_c12_seed45.in,ARC LRU 2Q LFU,4,3 3 3 3,12,10000,5230,4770,0.523,7992,2008,0.7992,2762
configs/exp4/arc_lru_2q_lirs.cfg,experiments/data/hot8_scan_c12_seed45.in,ARC LRU 2Q LIRS,4,3 3 3 3,12,10000,5341,4659,0.5341,7992,2008,0.7992,2651
configs/exp4/arc_lru_2q_lru.cfg,experiments/data/hot8_scan_c12_seed45.in,ARC LRU 2Q LRU,4,3 3 3 3,12,10000,4541,5459,0.4541,7992,2008,0.7992,3451
configs/exp4/arc_lru_arc.cfg,experiments/data/hot8_scan_c12_seed45.in,ARC LRU ARC,3,4 4 4,12,10000,4867,5133,0.4867,7992,2008,0.7992,3125
configs/exp4/arc_lru_arc_2q.cfg,experiments/data/hot8_scan_c12_seed45.in,ARC LRU ARC 2Q,4,3 3 3 3,12,10000,4731,5269,0.4731,7992,2008,0.7992,3261
configs/exp4/arc_lru_arc_arc.cfg,experiments/data/hot8_scan_c12_seed45.in,ARC LRU ARC ARC,4,3 3 3 3,12,10000,4232,5768,0.4232,7992,2008,0.7992,3760
configs/exp4/arc_lru_arc_lfu.cfg,experiments/data/hot8_scan_c12_seed45.in,ARC LRU ARC LFU,4,3 3 3 3,12,10000,4807,5193,0.4807,7992,2008,0.7992,3185
configs/exp4/arc_lru_arc_lirs.cfg,experiments/data/hot8_scan_c12_seed45.in,ARC LRU ARC LIRS,4,3 3 3 3,12,10000,4683,5317,0.4683,7992,2008,0.7992,3309
configs/exp4/arc_lru_arc_lru.cfg,experiments/data/hot8_scan_c12_seed45.in,ARC LRU ARC LRU,4,3 3 3 3,12,10000,3918,6082,0.3918,7992,2008,0.7992,4074
configs/exp4/arc_lru_lfu.cfg,experiments/data/hot8_scan_c12_seed45.in,ARC LRU LFU,3,4 4 4,12,10000,5263,4737,0.5263,7992,2008,0.7992,2729
configs/exp4/arc_lru_lfu_2q.cfg,experiments/data/hot8_scan_c12_seed45.in,ARC LRU LFU 2Q,4,3 3 3 3,12,10000,5328,4672,0.5328,7992,2008,0.7992,2664
configs/exp4/arc_lru_lfu_arc.cfg,experiments/data/hot8_scan_c12_seed45.in,ARC LRU LFU ARC,4,3 3 3 3,12,10000,4903,5097,0.4903,7992,2008,0.7992,3089
configs/exp4/arc_lru_lfu_lfu.cfg,experiments/data/hot8_scan_c12_seed45.in,ARC LRU LFU LFU,4,3 3 3 3,12,10000,5301,4699,0.5301,7992,2008,0.7992,2691
configs/exp4/arc_lru_lfu_lirs.cfg,experiments/data/hot8_scan_c12_seed45.in,ARC LRU LFU LIRS,4,3 3 3 3,12,10000,5220,4780,0.522,7992,2008,0.7992,2772
configs/exp4/arc_lru_lfu_lru.cfg,experiments/data/hot8_scan_c12_seed45.in,ARC LRU LFU LRU,4,3 3 3 3,12,10000,4343,5657,0.4343,7992,2008,0.7992,3649
configs/exp4/arc_lru_lirs.cfg,experiments/data/hot8_scan_c12_seed45.in,ARC LRU LIRS,3,4 4 4,12,10000,5192,4808,0.5192,7992,2008,0.7992,2800
configs/exp4/arc_lru_lirs_2q.cfg,experiments/data/hot8_scan_c12_seed45.in,ARC LRU LIRS 2Q,4,3 3 3 3,12,10000,4969,5031,0.4969,7992,2008,0.7992,3023
configs/exp4/arc_lru_lirs_arc.cfg,experiments/data/hot8_scan_c12_seed45.in,ARC LRU LIRS ARC,4,3 3 3 3,12,10000,4637,5363,0.4637,7992,2008,0.7992,3355
configs/exp4/arc_lru_lirs_lfu.cfg,experiments/data/hot8_scan_c12_seed45.in,ARC LRU LIRS LFU,4,3 3 3 3,12,10000,4996,5004,0.4996,7992,2008,0.7992,2996
configs/exp4/arc_lru_lirs_lirs.cfg,experiments/data/hot8_scan_c12_seed45.in,ARC LRU LIRS LIRS,4,3 3 3 3,12,10000,4536,5464,0.4536,7992,2008,0.7992,3456
configs/exp4/arc_lru_lirs_lru.cfg,experiments/data/hot8_scan_c12_seed45.in,ARC LRU LIRS LRU,4,3 3 3 3,12,10000,4222,5778,0.4222,7992,2008,0.7992,3770
configs/exp4/arc_lru_lru.cfg,experiments/data/hot8_scan_c12_seed45.in,ARC LRU LRU,3,4 4 4,12,10000,4050,5950,0.405,7992,2008,0.7992,3942
configs/exp4/arc_lru_lru_2q.cfg,experiments/data/hot8_scan_c12_seed45.in,ARC LRU LRU 2Q,4,3 3 3 3,12,10000,4283,5717,0.4283,7992,2008,0.7992,3709
configs/exp4/arc_lru_lru_arc.cfg,experiments/data/hot8_scan_c12_seed45.in,ARC LRU LRU ARC,4,3 3 3 3,12,10000,3811,6189,0.3811,7992,2008,0.7992,4181
configs/exp4/arc_lru_lru_lfu.cfg,experiments/data/hot8_scan_c12_seed45.in,ARC LRU LRU LFU,4,3 3 3 3,12,10000,3975,6025,0.3975,7992,2008,0.7992,4017
configs/exp4/arc_lru_lru_lirs.cfg,experiments/data/hot8_scan_c12_seed45.in,ARC LRU LRU LIRS,4,3 3 3 3,12,10000,4068,5932,0.4068,7992,2008,0.7992,3924
configs/exp4/arc_lru_lru_lru.cfg,experiments/data/hot8_scan_c12_seed45.in,ARC LRU LRU LRU,4,3 3 3 3,12,10000,3056,6944,0.3056,7992,2008,0.7992,4936
configs/exp4/lfu_2q.cfg,experiments/data/hot8_scan_c12_seed45.in,LFU 2Q,2,6 6,12,10000,7988,2012,0.7988,7992,2008,0.7992,4
configs/exp4/lfu_2q_2q.cfg,experiments/data/hot8_scan_c12_seed45.in,LFU 2Q 2Q,3,4 4 4,12,10000,7124,2876,0.7124,7992,2008,0.7992,868
configs/exp4/lfu_2q_2q_2q.cfg,experiments/data/hot8_scan_c12_seed45.in,LFU 2Q 2Q 2Q,4,3 3 3 3,12,10000,5727,4273,0.5727,7992,2008,0.7992,2265
configs/exp4/lfu_2q_2q_arc.cfg,experiments/data/hot8_scan_c12_seed45.in,LFU 2Q 2Q ARC,4,3 3 3 3,12,10000,6196,3804,0.6196,7992,2008,0.7992,1796
configs/exp4/lfu_2q_2q_lfu.cfg,experiments/data/hot8_scan_c12_seed45.in,LFU 2Q 2Q LFU,4,3 3 3 3,12,10000,6087,3913,0.6087,7992,2008,0.7992,1905
configs/exp4/lfu_2q_2q_lirs.cfg,experiments/data/hot8_scan_c12_seed45.in,LFU 2Q 2Q LIRS,4,3 3 3 3,12,10000,6283,3717,0.6283,7992,2008,0.7992,1709
configs/exp4/lfu_2q_2q_lru.cfg,experiments/data/hot8_scan_c12_seed45.in,LFU 2Q 2Q LRU,4,3 3 3 3,12,10000,6148,3852,0.6148,7992,2008,0.7992,1844
configs/exp4/lfu_2q_arc.cfg,experiments/data/hot8_scan_c12_seed45.in,LFU 2Q ARC,3,4 4 4,12,10000,7325,2675,0.7325,7992,2008,0.7992,667
configs/exp4/lfu_2q_arc_2q.cfg,experiments/data/hot8_scan_c12_seed45.in,LFU 2Q ARC 2Q,4,3 3 3 3,12,10000,6261,3739,0.6261,7992,2008,0.7992,1731
configs/exp4/lfu_2q_arc_arc.cfg,experiments/data/hot8_scan_c12_seed45.in,LFU 2Q ARC ARC,4,3 3 3 3,12,10000,5996,4004,0.5996,7992,2008,0.7992,1996
configs/exp4/lfu_2q_arc_lfu.cfg,experiments/data/hot8_scan_c12_seed45.in,LFU 2Q ARC LFU,4,3 3 3 3,12,10000,6360,3640,0.636,7992,2008,0.7992,1632
configs/exp4/lfu_2q_arc_lirs.cfg,experiments/data/hot8_scan_c12_seed45.in,LFU 2Q ARC LIRS,4,3 3 3 3,12,10000,6234,3766,0.6234,7992,2008,0.7992,1758
configs/exp4/lfu_2q_arc_lru.cfg,experiments/data/hot8_scan_c12_seed45.in,LFU 2Q ARC LRU,4,3 3 3 3,12,10000,5981,4019,0.5981,7992,2008,0.7992,2011
configs/exp4/lfu_2q_lfu.cfg,experiments/data/hot8_scan_c12_seed45.in,LFU 2Q LFU,3,4 4 4,12,10000,7318,2682,0.7318,7992,2008,0.7992,674
configs/exp4/lfu_2q_lfu_2q.cfg,experiments/data/hot8_scan_c12_seed45.in,LFU 2Q LFU 2Q,4,3 3 3 3,12,10000,6574,3426,0.6574,7992,2008,0.7992,1418
configs/exp4/lfu_2q_lfu_arc.cfg,experiments/data/hot8_scan_c12_seed45.in,LFU 2Q LFU ARC,4,3 3 3 3,12,10000,6775,3225,0.6775,7992,2008,0.7992,1217
configs/exp4/lfu_2q_lfu_lfu.cfg,experiments/data/hot8_scan_c12_seed45.in,LFU 2Q LFU LFU,4,3 3 3 3,12,10000,6229,3771,0.6229,7992,2008,0.7992,1763
configs/exp4/lfu_2q_lfu_lirs.cfg,experiments/data/hot8_scan_c12_seed45.in,LFU 2Q LFU LIRS,4,3 3 3 3,12,10000,6771,3229,0.6771,7992,2008,0.7992,1221
configs/exp4/lfu_2q_lfu_lru.cfg,experiments/data/hot8_scan_c12_seed45.in,LFU 2Q LFU LRU,4,3 3 3 3,12,10000,6447,3553,0.6447,7992,2008,0.7992,1545
configs/exp4/lfu_2q_lirs.cfg,experiments/data/hot8_scan_c12_seed45.in,LFU 2Q LIRS,3,4 4 4,12,10000,7282,2718,0.7282,7992,2008,0.7992,710
configs/exp4/lfu_2q_lirs_2q.cfg,experiments/data/hot8_scan_c12_seed45.in,LFU 2Q LIRS 2Q,4,3 3 3 3,12,10000,6234,3766,0.6234,7992,2008,0.7992,1758
configs/exp4/lfu_2q_lirs_arc.cfg,experiments/data/hot8_scan_c12_seed45.in,LFU 2Q LIRS ARC,4,3 3 3 3,12,10000,6228,3772,0.6228,7992,2008,0.7992,1764
configs/exp4/lfu_2q_lirs_lfu.cfg,experiments/data/hot8_scan_c12_seed45.in,LFU 2Q LIRS LFU,4,3 3 3 3,12,10000,6426,3574,0.6426,7992,2008,0.7992,1566
configs/exp4/lfu_2q_lirs_lirs.cfg,experiments/data/hot8_scan_c12_seed45.in,LFU 2Q LIRS LIRS,4,3 3 3 3,12,10000,6137,3863,0.6137,7992,2008,0.7992,1855
configs/exp4/lfu_2q_lirs_lru.cfg,experiments/data/hot8_scan_c12_seed45.in,LFU 2Q LIRS LRU,4,3 3 3 3,12,10000,6311,3689,0.6311,7992,2008,0.7992,1681
configs/exp4/lfu_2q_lru.cfg,experiments/data/hot8_scan_c12_seed45.in,LFU 2Q LRU,3,4 4 4,12,10000,7039,2961,0.7039,7992,2008,0.7992,953
configs/exp4/lfu_2q_lru_2q.cfg,experiments/data/hot8_scan_c12_seed45.in,LFU 2Q LRU 2Q,4,3 3 3 3,12,10000,6314,3686,0.6314,7992,2008,0.7992,1678
configs/exp4/lfu_2q_lru_arc.cfg,experiments/data/hot8_scan_c12_seed45.in,LFU 2Q LRU ARC,4,3 3 3 3,12,10000,6160,3840,0.616,7992,2008,0.7992,1832
configs/exp4/lfu_2q_lru_lfu.cfg,experiments/data/hot8_scan_c12_seed45.in,LFU 2Q LRU LFU,4,3 3 3 3,12,10000,6320,3680,0.632,7992,2008,0.7992,1672
configs/exp4/lfu_2q_lru_lirs.cfg,experiments/data/hot8_scan_c12_seed45.in,LFU 2Q LRU LIRS,4,3 3 3 3,12,10000,6365,3635,0.6365,7992,2008,0.7992,1627
configs/exp4/lfu_2q_lru_lru.cfg,experiments/data/hot8_scan_c12_seed45.in,LFU 2Q LRU LRU,4,3 3 3 3,12,10000,5587,4413,0.5587,7992,2008,0.7992,2405
configs/exp4/lfu_arc.cfg,experiments/data/hot8_scan_c12_seed45.in,LFU ARC,2,6 6,12,10000,7988,2012,0.7988,7992,2008,0.7992,4
configs/exp4/lfu_arc_2q.cfg,experiments/data/hot8_scan_c12_seed45.in,LFU ARC 2Q,3,4 4 4,12,10000,7138,2862,0.7138,7992,2008,0.7992,854
configs/exp4/lfu_arc_2q_2q.cfg,experiments/data/hot8_scan_c12_seed45.in,LFU ARC 2Q 2Q,4,3 3 3 3,12,10000,5979,4021,0.5979,7992,2008,0.7992,2013
configs/exp4/lfu_arc_2q_arc.cfg,experiments/data/hot8_scan_c12_seed45.in,LFU ARC 2Q ARC,4,3 3 3 3,12,10000,6100,3900,0.61,7992,2008,0.7992,1892
configs/exp4/lfu_arc_2q_lfu.cfg,experiments/data/hot8_scan_c12_seed45.in,LFU ARC 2Q LFU,4,3 3 3 3,12,10000,6159,3841,0.6159,7992,2008,0.7992,1833
configs/exp4/lfu_arc_2q_lirs.cfg,experiments/data/hot8_scan_c12_seed45.in,LFU ARC 2Q LIRS,4,3 3 3 3,12,10000,6258,3742,0.6258,7992,2008,0.7992,1734
configs/exp4/lfu_arc_2q_lru.cfg,experiments/data/hot8_scan_c12_seed45.in,LFU ARC 2Q LRU,4,3 3 3 3,12,10000,5867,4133,0.5867,7992,2008,0.7992,2125
configs/exp4/lfu_arc_arc.cfg,experiments/data/hot8_scan_c12_seed45.in,LFU ARC ARC,3,4 4 4,12,10000,6925,3075,0.6925,7992,2008,0.7992,1067
configs/exp4/lfu_arc_arc_2q.cfg,experiments/data/hot8_scan_c12_seed45.in,LFU ARC ARC 2Q,4,3 3 3 3,12,10000,5736,4264,0.5736,7992,2008,0.7992,2256
configs/exp4/lfu_arc_arc_arc.cfg,experiments/data/hot8_scan_c12_seed45.in,LFU ARC ARC ARC,4,3 3 3 3,12,10000,5141,4859,0.5141,7992,2008,0.7992,2851
configs/exp4/lfu_arc_arc_lfu.cfg,experiments/data/hot8_scan_c12_seed45.in,LFU ARC ARC LFU,4,3 3 3 3,12,10000,5863,4137,0.5863,7992,2008,0.7992,2129
configs/exp4/lfu_arc_arc_lirs.cfg,experiments/data/hot8_scan_c12_seed45.in,LFU ARC ARC LIRS,4,3 3 3 3,12,10000,5585,4415,0.5585,7992,2008,0.7992,2407
configs/exp4/lfu_arc_arc_lru.cfg,experiments/data/hot8_scan_c12_seed45.in,LFU ARC ARC LRU,4,3 3 3 3,12,10000,5173,4827,0.5173,7992,2008,0.7992,2819
configs/exp4/lfu_arc_lfu.cfg,experiments/data/hot8_scan_c12_seed45.in,LFU ARC LFU,3,4 4 4,12,10000,7238,2762,0.7238,7992,2008,0.7992,754
configs/exp4/lfu_arc_lfu_2q.cfg,experiments/data/hot8_scan_c12_seed45.in,LFU ARC LFU 2Q,4,3 3 3 3,12,10000,6622,3378,0.6622,7992,2008,0.7992,1370
configs/exp4/lfu_arc_lfu_arc.cfg,experiments/data/hot8_scan_c12_seed45.in,LFU ARC LFU ARC,4,3 3 3 3,12,10000,6421,3579,0.6421,7992,2008,0.7992,1571
configs/exp4/lfu_arc_lfu_lfu.cfg,experiments/data/hot8_scan_c12_seed45.in,LFU ARC LFU LFU,4,3 3 3 3,12,10000,6733,3267,0.6733,7992,2008,0.7992,1259
configs/exp4/lfu_arc_lfu_lirs.cfg,experiments/data/hot8_scan_c12_seed45.in,LFU ARC LFU LIRS,4,3 3 3 3,12,10000,6596,3404,0.6596,7992,2008,0.7992,1396
configs/exp4/lfu_arc_lfu_lru.cfg,experiments/data/hot8_scan_c12_seed45.in,LFU ARC LFU LRU,4,3 3 3 3,12,10000,6036,3964,0.6036,7992,2008,0.7992,1956
configs/exp4/lfu_arc_lirs.cfg,experiments/data/hot8_scan_c12_seed45.in,LFU ARC LIRS,3,4 4 4,12,10000,7062,2938,0.7062,7992,2008,0.7992,930
configs/exp4/lfu_arc_lirs_2q.cfg,experiments/data/hot8_scan_c12_seed45.in,LFU ARC LIRS 2Q,4,3 3 3 3,12,10000,5960,4040,0.596,7992,2008,0.7992,2032
configs/exp4/lfu_arc_lirs_arc.cfg,experiments/data/hot8_scan_c12_seed45.in,LFU ARC LIRS ARC,4,3 3 3 3,12,10000,5750,4250,0.575,7992,2008,0.7992,2242
configs/exp4/lfu_arc_lirs_lfu.cfg,experiments/data/hot8_scan_c12_seed45.in,LFU ARC LIRS LFU,4,3 3 3 3,12,10000,6122,3878,0.6122,7992,2008,0.7992,1870
configs/exp4/lfu_arc_lirs_lirs.cfg,experiments/data/hot8_scan_c12_seed45.in,LFU ARC LIRS LIRS,4,3 3 3 3,12,10000,5669,4331,0.5669,7992,2008,0.7992,2323
configs/exp4/lfu_arc_lirs_lru.cfg,experiments/data/hot8_scan_c12_seed45.in,LFU ARC LIRS LRU,4,3 3 3 3,12,10000,5669,4331,0.5669,7992,2008,0.7992,2323
configs/exp4/lfu_arc_lru.cfg,experiments/data/hot8_scan_c12_seed45.in,LFU ARC LRU,3,4 4 4,12,10000,6490,3510,0.649,7992,2008,0.7992,1502
configs/exp4/lfu_arc_lru_2q.cfg,experiments/data/hot8_scan_c12_seed45.in,LFU ARC LRU 2Q,4,3 3 3 3,12,10000,5681,4319,0.5681,7992,2008,0.7992,2311
configs/exp4/lfu_arc_lru_arc.cfg,experiments/data/hot8_scan_c12_seed45.in,LFU ARC LRU ARC,4,3 3 3 3,12,10000,5310,4690,0.531,7992,2008,0.7992,2682
configs/exp4/lfu_arc_lru_lfu.cfg,experiments/data/hot8_scan_c12_seed45.in,LFU ARC LRU LFU,4,3 3 3 3,12,10000,5655,4345,0.5655,7992,2008,0.7992,2337
configs/exp4/lfu_arc_lru_lirs.cfg,experiments/data/hot8_scan_c12_seed45.in,LFU ARC LRU LIRS,4,3 3 3 3,12,10000,5674,4326,0.5674,7992,2008,0.7992,2318
configs/exp4/lfu_arc_lru_lru.cfg,experiments/data/hot8_scan_c12_seed45.in,LFU ARC LRU LRU,4,3 3 3 3,12,10000,4789,5211,0.4789,7992,2008,0.7992,3203
configs/exp4/lfu_lfu_2q.cfg,experiments/data/hot8_scan_c12_seed45.in,LFU LFU 2Q,3,4 4 4,12,10000,7984,2016,0.7984,7992,2008,0.7992,8
configs/exp4/lfu_lfu_2q_2q.cfg,experiments/data/hot8_scan_c12_seed45.in,LFU LFU 2Q 2Q,4,3 3 3 3,12,10000,6885,3115,0.6885,7992,2008,0.7992,1107
configs/exp4/lfu_lfu_2q_arc.cfg,experiments/data/hot8_scan_c12_seed45.in,LFU LFU 2Q ARC,4,3 3 3 3,12,10000,7208,2792,0.7208,7992,2008,0.7992,784
configs/exp4/lfu_lfu_2q_lfu.cfg,experiments/data/hot8_scan_c12_seed45.in,LFU LFU 2Q LFU,4,3 3 3 3,12,10000,7110,2890,0.711,7992,2008,0.7992,882
configs/exp4/lfu_lfu_2q_lirs.cfg,experiments/data/hot8_scan_c12_seed45.in,LFU LFU 2Q LIRS,4,3 3 3 3,12,10000,7225,2775,0.7225,7992,2008,0.7992,767
configs/exp4/lfu_lfu_2q_lru.cfg,experiments/data/hot8_scan_c12_seed45.in,LFU LFU 2Q LRU,4,3 3 3 3,12,10000,6923,3077,0.6923,7992,2008,0.7992,1069
configs/exp4/lfu_lfu_arc.cfg,experiments/data/hot8_scan_c12_seed45.in,LFU LFU ARC,3,4 4 4,12,10000,7983,2017,0.7983,7992,2008,0.7992,9
configs/exp4/lfu_lfu_arc_2q.cfg,experiments/data/hot8_scan_c12_seed45.in,LFU LFU ARC 2Q,4,3 3 3 3,12,10000,6933,3067,0.6933,7992,2008,0.7992,1059
configs/exp4/lfu_lfu_arc_arc.cfg,experiments/data/hot8_scan_c12_seed45.in,LFU LFU ARC ARC,4,3 3 3 3,12,10000,6595,3405,0.6595,7992,2008,0.7992,1397
configs/exp4/lfu_lfu_arc_lfu.cfg,experiments/data/hot8_scan_c12_seed45.in,LFU LFU ARC LFU,4,3 3 3 3,12,10000,7018,2982,0.7018,7992,2008,0.7992,974
configs/exp4/lfu_lfu_arc_lirs.cfg,experiments/data/hot8_scan_c12_seed45.in,LFU LFU ARC LIRS,4,3 3 3 3,12,10000,6831,3169,0.6831,7992,2008,0.7992,1161
configs/exp4/lfu_lfu_arc_lru.cfg,experiments/data/hot8_scan_c12_seed45.in,LFU LFU ARC LRU,4,3 3 3 3,12,10000,6379,3621,0.6379,7992,2008,0.7992,1613
configs/exp4/lfu_lfu_lfu_2q.cfg,experiments/data/hot8_scan_c12_seed45.in,LFU LFU LFU 2Q,4,3 3 3 3,12,10000,7934,2066,0.7934,7992,2008,0.7992,58
configs/exp4/lfu_lfu_lfu_arc.cfg,experiments/data/hot8_scan_c12_seed45.in,LFU LFU LFU ARC,4,3 3 3 3,12,10000,7940,2060,0.794,7992,2008,0.7992,52
configs/exp4/lfu_lfu_lfu_lirs.cfg,experiments/data/hot8_scan_c12_seed45.in,LFU LFU LFU LIRS,4,3 3 3 3,12,10000,7946,2054,0.7946,7992,2008,0.7992,46
configs/exp4/lfu_lfu_lfu_lru.cfg,experiments/data/hot8_scan_c12_seed45.in,LFU LFU LFU LRU,4,3 3 3 3,12,10000,7154,2846,0.7154,7992,2008,0.7992,838
configs/exp4/lfu_lfu_lirs.cfg,experiments/data/hot8_scan_c12_seed45.in,LFU LFU LIRS,3,4 4 4,12,10000,7989,2011,0.7989,7992,2008,0.7992,3
configs/exp4/lfu_lfu_lirs_2q.cfg,experiments/data/hot8_scan_c12_seed45.in,LFU LFU LIRS 2Q,4,3 3 3 3,12,10000,6985,3015,0.6985,7992,2008,0.7992,1007
configs/exp4/lfu_lfu_lirs_arc.cfg,experiments/data/hot8_scan_c12_seed45.in,LFU LFU LIRS ARC,4,3 3 3 3,12,10000,7013,2987,0.7013,7992,2008,0.7992,979
configs/exp4/lfu_lfu_lirs_lfu.cfg,experiments/data/hot8_scan_c12_seed45.in,LFU LFU LIRS LFU,4,3 3 3 3,12,10000,7104,2896,0.7104,7992,2008,0.7992,888
configs/exp4/lfu_lfu_lirs_lirs.cfg,experiments/data/hot8_scan_c12_seed45.in,LFU LFU LIRS LIRS,4,3 3 3 3,12,10000,6961,3039,0.6961,7992,2008,0.7992,1031
configs/exp4/lfu_lfu_lirs_lru.cfg,experiments/data/hot8_scan_c12_seed45.in,LFU LFU LIRS LRU,4,3 3 3 3,12,10000,6835,3165,0.6835,7992,2008,0.7992,1157
configs/exp4/lfu_lfu_lru.cfg,experiments/data/hot8_scan_c12_seed45.in,LFU LFU LRU,3,4 4 4,12,10000,7462,2538,0.7462,7992,2008,0.7992,530
configs/exp4/lfu_lfu_lru_2q.cfg,experiments/data/hot8_scan_c12_seed45.in,LFU LFU LRU 2Q,4,3 3 3 3,12,10000,6760,3240,0.676,7992,2008,0.7992,1232
configs/exp4/lfu_lfu_lru_arc.cfg,experiments/data/hot8_scan_c12_seed45.in,LFU LFU LRU ARC,4,3 3 3 3,12,10000,6410,3590,0.641,7992,2008,0.7992,1582
configs/exp4/lfu_lfu_lru_lfu.cfg,experiments/data/hot8_scan_c12_seed45.in,LFU LFU LRU LFU,4,3 3 3 3,12,10000,6728,3272,0.6728,7992,2008,0.7992,1264
configs/exp4/lfu_lfu_lru_lirs.cfg,experiments/data/hot8_scan_c12_seed45.in,LFU LFU LRU LIRS,4,3 3 3 3,12,10000,6756,3244,0.6756,7992,2008,0.7992,1236
configs/exp4/lfu_lfu_lru_lru.cfg,experiments/data/hot8_scan_c12_seed45.in,LFU LFU LRU LRU,4,3 3 3 3,12,10000,5777,4223,0.5777,7992,2008,0.7992,2215
configs/exp4/lfu_lirs.cfg,experiments/data/hot8_scan_c12_seed45.in,LFU LIRS,2,6 6,12,10000,7991,2009,0.7991,7992,2008,0.7992,1
configs/exp4/lfu_lirs_2q.cfg,experiments/data/hot8_scan_c12_seed45.in,LFU LIRS 2Q,3,4 4 4,12,10000,7123,2877,0.7123,7992,2008,0.7992,869
configs/exp4/lfu_lirs_2q_2q.cfg,experiments/data/hot8_scan_c12_seed45.in,LFU LIRS 2Q 2Q,4,3 3 3 3,12,10000,5859,4141,0.5859,7992,2008,0.7992,2133
configs/exp4/lfu_lirs_2q_arc.cfg,experiments/data/hot8_scan_c12_seed45.in,LFU LIRS 2Q ARC,4,3 3 3 3,12,10000,6105,3895,0.6105,7992,2008,0.7992,1887
configs/exp4/lfu_lirs_2q_lfu.cfg,experiments/data/hot8_scan_c12_seed45.in,LFU LIRS 2Q LFU,4,3 3 3 3,12,10000,6269,3731,0.6269,7992,2008,0.7992,1723
configs/exp4/lfu_lirs_2q_lirs.cfg,experiments/data/hot8_scan_c12_seed45.in,LFU LIRS 2Q LIRS,4,3 3 3 3,12,10000,6101,3899,0.6101,7992,2008,0.7992,1891
configs/exp4/lfu_lirs_2q_lru.cfg,experiments/data/hot8_scan_c12_seed45.in,LFU LIRS 2Q LRU,4,3 3 3 3,12,10000,6117,3883,0.6117,7992,2008,0.7992,1875
configs/exp4/lfu_lirs_arc.cfg,experiments/data/hot8_scan_c12_seed45.in,LFU LIRS ARC,3,4 4 4,12,10000,7210,2790,0.721,7992,2008,0.7992,782
configs/exp4/lfu_lirs_arc_2q.cfg,experiments/data/hot8_scan_c12_seed45.in,LFU LIRS ARC 2Q,4,3 3 3 3,12,10000,6036,3964,0.6036,7992,2008,0.7992,1956
configs/exp4/lfu_lirs_arc_arc.cfg,experiments/data/hot8_scan_c12_seed45.in,LFU LIRS ARC ARC,4,3 3 3 3,12,10000,5703,4297,0.5703,7992,2008,0.7992,2289
configs/exp4/lfu_lirs_arc_lfu.cfg,experiments/data/hot8_scan_c12_seed45.in,LFU LIRS ARC LFU,4,3 3 3 3,12,10000,6175,3825,0.6175,7992,2008,0.7992,1817
configs/exp4/lfu_lirs_arc_lirs.cfg,experiments/data/hot8_scan_c12_seed45.in,LFU LIRS ARC LIRS,4,3 3 3 3,12,10000,5874,4126,0.5874,7992,2008,0.7992,2118
configs/exp4/lfu_lirs_arc_lru.cfg,experiments/data/hot8_scan_c12_seed45.in,LFU LIRS ARC LRU,4,3 3 3 3,12,10000,5666,4334,0.5666,7992,2008,0.7992,2326
configs/exp4/lfu_lirs_lfu.cfg,experiments/data/hot8_scan_c12_seed45.in,LFU LIRS LFU,3,4 4 4,12,10000,7307,2693,0.7307,7992,2008,0.7992,685
configs/exp4/lfu_lirs_lfu_2q.cfg,experiments/data/hot8_scan_c12_seed45.in,LFU LIRS LFU 2Q,4,3 3 3 3,12,10000,6644,3356,0.6644,7992,2008,0.7992,1348
configs/exp4/lfu_lirs_lfu_arc.cfg,experiments/data/hot8_scan_c12_seed45.in,LFU LIRS LFU ARC,4,3 3 3 3,12,10000,6627,3373,0.6627,7992,2008,0.7992,1365
configs/exp4/lfu_lirs_lfu_lfu.cfg,experiments/data/hot8_scan_c12_seed45.in,LFU LIRS LFU LFU,4,3 3 3 3,12,10000,6852,3148,0.6852,7992,2008,0.7992,1140
configs/exp4/lfu_lirs_lfu_lirs.cfg,experiments/data/hot8_scan_c12_seed45.in,LFU LIRS LFU LIRS,4,3 3 3 3,12,10000,6602,3398,0.6602,7992,2008,0.7992,1390
configs/exp4/lfu_lirs_lfu_lru.cfg,experiments/data/hot8_scan_c12_seed45.in,LFU LIRS LFU LRU,4,3 3 3 3,12,10000,6412,3588,0.6412,7992,2008,0.7992,1580
configs/exp4/lfu_lirs_lirs.cfg,experiments/data/hot8_scan_c12_seed45.in,LFU LIRS LIRS,3,4 4 4,12,10000,7179,2821,0.7179,7992,2008,0.7992,813
configs/exp4/lfu_lirs_lirs_2q.cfg,experiments/data/hot8_scan_c12_seed45.in,LFU LIRS LIRS 2Q,4,3 3 3 3,12,10000,5901,4099,0.5901,7992,2008,0.7992,2091
configs/exp4/lfu_lirs_lirs_arc.cfg,experiments/data/hot8_scan_c12_seed45.in,LFU LIRS LIRS ARC,4,3 3 3 3,12,10000,5781,4219,0.5781,7992,2008,0.7992,2211
configs/exp4/lfu_lirs_lirs_lfu.cfg,experiments/data/hot8_scan_c12_seed45.in,LFU LIRS LIRS LFU,4,3 3 3 3,12,10000,6124,3876,0.6124,7992,2008,0.7992,1868
configs/exp4/lfu_lirs_lirs_lirs.cfg,experiments/data/hot8_scan_c12_seed45.in,LFU LIRS LIRS LIRS,4,3 3 3 3,12,10000,5486,4514,0.5486,7992,2008,0.7992,2506
configs/exp4/lfu_lirs_lirs_lru.cfg,experiments/data/hot8_scan_c12_seed45.in,LFU LIRS LIRS LRU,4,3 3 3 3,12,10000,5811,4189,0.5811,7992,2008,0.7992,2181
configs/exp4/lfu_lirs_lru.cfg,experiments/data/hot8_scan_c12_seed45.in,LFU LIRS LRU,3,4 4 4,12,10000,6954,3046,0.6954,7992,2008,0.7992,1038
configs/exp4/lfu_lirs_lru_2q.cfg,experiments/data/hot8_scan_c12_seed45.in,LFU LIRS LRU 2Q,4,3 3 3 3,12,10000,6196,3804,0.6196,7992,2008,0.7992,1796
configs/exp4/lfu_lirs_lru_arc.cfg,experiments/data/hot8_scan_c12_seed45.in,LFU LIRS LRU ARC,4,3 3 3 3,12,10000,5909,4091,0.5909,7992,2008,0.7992,2083
configs/exp4/lfu_lirs_lru_lfu.cfg,experiments/data/hot8_scan_c12_seed45.in,LFU LIRS LRU LFU,4,3 3 3 3,12,10000,6190,3810,0.619,7992,2008,0.7992,1802
configs/exp4/lfu_lirs_lru_lirs.cfg,experiments/data/hot8_scan_c12_seed45.in,LFU LIRS LRU LIRS,4,3 3 3 3,12,10000,6031,3969,0.6031,7992,2008,0.7992,1961
configs/exp4/lfu_lirs_lru_lru.cfg,experiments/data/hot8_scan_c12_seed45.in,LFU LIRS LRU LRU,4,3 3 3 3,12,10000,5390,4610,0.539,7992,2008,0.7992,2602
configs/exp4/lfu_lru.cfg,experiments/data/hot8_scan_c12_seed45.in,LFU LRU,2,6 6,12,10000,7527,2473,0.7527,7992,2008,0.7992,465
configs/exp4/lfu_lru_2q.cfg,experiments/data/hot8_scan_c12_seed45.in,LFU LRU 2Q,3,4 4 4,12,10000,6933,3067,0.6933,7992,2008,0.7992,1059
configs/exp4/lfu_lru_2q_2q.cfg,experiments/data/hot8_scan_c12_seed45.in,LFU LRU 2Q 2Q,4,3 3 3 3,12,10000,6086,3914,0.6086,7992,2008,0.7992,1906
configs/exp4/lfu_lru_2q_arc.cfg,experiments/data/hot8_scan_c12_seed45.in,LFU LRU 2Q ARC,4,3 3 3 3,12,10000,6193,3807,0.6193,7992,2008,0.7992,1799
configs/exp4/lfu_lru_2q_lfu.cfg,experiments/data/hot8_scan_c12_seed45.in,LFU LRU 2Q LFU,4,3 3 3 3,12,10000,6036,3964,0.6036,7992,2008,0.7992,1956
configs/exp4/lfu_lru_2q_lirs.cfg,experiments/data/hot8_scan_c12_seed45.in,LFU LRU 2Q LIRS,4,3 3 3 3,12,10000,6436,3564,0.6436,7992,2008,0.7992,1556
configs/exp4/lfu_lru_2q_lru.cfg,experiments/data/hot8_scan_c12_seed45.in,LFU LRU 2Q LRU,4,3 3 3 3,12,10000,5640,4360,0.564,7992,2008,0.7992,2352
configs/exp4/lfu_lru_arc.cfg,experiments/data/hot8_scan_c12_seed45.in,LFU LRU ARC,3,4 4 4,12,10000,6560,3440,0.656,7992,2008,0.7992,1432
configs/exp4/lfu_lru_arc_2q.cfg,experiments/data/hot8_scan_c12_seed45.in,LFU LRU ARC 2Q,4,3 3 3 3,12,10000,5735,4265,0.5735,7992,2008,0.7992,2257
configs/exp4/lfu_lru_arc_arc.cfg,experiments/data/hot8_scan_c12_seed45.in,LFU LRU ARC ARC,4,3 3 3 3,12,10000,5191,4809,0.5191,7992,2008,0.7992,2801
configs/exp4/lfu_lru_arc_lfu.cfg,experiments/data/hot8_scan_c12_seed45.in,LFU LRU ARC LFU,4,3 3 3 3,12,10000,5830,4170,0.583,7992,2008,0.7992,2162
configs/exp4/lfu_lru_arc_lirs.cfg,experiments/data/hot8_scan_c12_seed45.in,LFU LRU ARC LIRS,4,3 3 3 3,12,10000,5673,4327,0.5673,7992,2008,0.7992,2319
configs/exp4/lfu_lru_arc_lru.cfg,experiments/data/hot8_scan_c12_seed45.in,LFU LRU ARC LRU,4,3 3 3 3,12,10000,4992,5008,0.4992,7992,2008,0.7992,3000
configs/exp4/lfu_lru_lfu.cfg,experiments/data/hot8_scan_c12_seed45.in,LFU LRU LFU,3,4 4 4,12,10000,6820,3180,0.682,7992,2008,0.7992,1172
configs/exp4/lfu_lru_lfu_2q.cfg,experiments/data/hot8_scan_c12_seed45.in,LFU LRU LFU 2Q,4,3 3 3 3,12,10000,6526,3474,0.6526,7992,2008,0.7992,1466
configs/exp4/lfu_lru_lfu_arc.cfg,experiments/data/hot8_scan_c12_seed45.in,LFU LRU LFU ARC,4,3 3 3 3,12,10000,6268,3732,0.6268,7992,2008,0.7992,1724
configs/exp4/lfu_lru_lfu_lfu.cfg,experiments/data/hot8_scan_c12_seed45.in,LFU LRU LFU LFU,4,3 3 3 3,12,10000,6581,3419,0.6581,7992,2008,0.7992,1411
configs/exp4/lfu_lru_lfu_lirs.cfg,experiments/data/hot8_scan_c12_seed45.in,LFU LRU LFU LIRS,4,3 3 3 3,12,10000,6534,3466,0.6534,7992,2008,0.7992,1458
configs/exp4/lfu_lru_lfu_lru.cfg,experiments/data/hot8_scan_c12_seed45.in,LFU LRU LFU LRU,4,3 3 3 3,12,10000,5672,4328,0.5672,7992,2008,0.7992,2320
configs/exp4/lfu_lru_lirs.cfg,experiments/data/hot8_scan_c12_seed45.in,LFU LRU LIRS,3,4 4 4,12,10000,6860,3140,0.686,7992,2008,0.7992,1132
configs/exp4/lfu_lru_lirs_2q.cfg,experiments/data/hot8_scan_c12_seed45.in,LFU LRU LIRS 2Q,4,3 3 3 3,12,10000,6035,3965,0.6035,7992,2008,0.7992,1957
configs/exp4/lfu_lru_lirs_arc.cfg,experiments/data/hot8_scan_c12_seed45.in,LFU LRU LIRS ARC,4,3 3 3 3,12,10000,5797,4203,0.5797,7992,2008,0.7992,2195
configs/exp4/lfu_lru_lirs_lfu.cfg,experiments/data/hot8_scan_c12_seed45.in,LFU LRU LIRS LFU,4,3 3 3 3,12,10000,6079,3921,0.6079,7992,2008,0.7992,1913
configs/exp4/lfu_lru_lirs_lirs.cfg,experiments/data/hot8_scan_c12_seed45.in,LFU LRU LIRS LIRS,4,3 3 3 3,12,10000,5853,4147,0.5853,7992,2008,0.7992,2139
configs/exp4/lfu_lru_lirs_lru.cfg,experiments/data/hot8_scan_c12_seed45.in,LFU LRU LIRS LRU,4,3 3 3 3,12,10000,5490,4510,0.549,7992,2008,0.7992,2502
configs/exp4/lfu_lru_lru.cfg,experiments/data/hot8_scan_c12_seed45.in,LFU LRU LRU,3,4 4 4,12,10000,5706,4294,0.5706,7992,2008,0.7992,2286
configs/exp4/lfu_lru_lru_2q.cfg,experiments/data/hot8_scan_c12_seed45.in,LFU LRU LRU 2Q,4,3 3 3 3,12,10000,5327,4673,0.5327,7992,2008,0.7992,2665
configs/exp4/lfu_lru_lru_arc.cfg,experiments/data/hot8_scan_c12_seed45.in,LFU LRU LRU ARC,4,3 3 3 3,12,10000,4892,5108,0.4892,7992,2008,0.7992,3100
configs/exp4/lfu_lru_lru_lfu.cfg,experiments/data/hot8_scan_c12_seed45.in,LFU LRU LRU LFU,4,3 3 3 3,12,10000,5333,4667,0.5333,7992,2008,0.7992,2659
configs/exp4/lfu_lru_lru_lirs.cfg,experiments/data/hot8_scan_c12_seed45.in,LFU LRU LRU LIRS,4,3 3 3 3,12,10000,5263,4737,0.5263,7992,2008,0.7992,2729
configs/exp4/lfu_lru_lru_lru.cfg,experiments/data/hot8_scan_c12_seed45.in,LFU LRU LRU LRU,4,3 3 3 3,12,10000,4092,5908,0.4092,7992,2008,0.7992,3900
configs/exp4/lirs_2q.cfg,experiments/data/hot8_scan_c12_seed45.in,LIRS 2Q,2,6 6,12,10000,6781,3219,0.6781,7992,2008,0.7992,1211
configs/exp4/lirs_2q_2q.cfg,experiments/data/hot8_scan_c12_seed45.in,LIRS 2Q 2Q,3,4 4 4,12,10000,5479,4521,0.5479,7992,2008,0.7992,2513
configs/exp4/lirs_2q_2q_2q.cfg,experiments/data/hot8_scan_c12_seed45.in,LIRS 2Q 2Q 2Q,4,3 3 3 3,12,10000,4694,5306,0.4694,7992,2008,0.7992,3298
configs/exp4/lirs_2q_2q_arc.cfg,experiments/data/hot8_scan_c12_seed45.in,LIRS 2Q 2Q ARC,4,3 3 3 3,12,10000,5159,4841,0.5159,7992,2008,0.7992,2833
configs/exp4/lirs_2q_2q_lfu.cfg,experiments/data/hot8_scan_c12_seed45.in,LIRS 2Q 2Q LFU,4,3 3 3 3,12,10000,5281,4719,0.5281,7992,2008,0.7992,2711
configs/exp4/lirs_2q_2q_lirs.cfg,experiments/data/hot8_scan_c12_seed45.in,LIRS 2Q 2Q LIRS,4,3 3 3 3,12,10000,5183,4817,0.5183,7992,2008,0.7992,2809
configs/exp4/lirs_2q_2q_lru.cfg,experiments/data/hot8_scan_c12_seed45.in,LIRS 2Q 2Q LRU,4,3 3 3 3,12,10000,5141,4859,0.5141,7992,2008,0.7992,2851
configs/exp4/lirs_2q_arc.cfg,experiments/data/hot8_scan_c12_seed45.in,LIRS 2Q ARC,3,4 4 4,12,10000,5785,4215,0.5785,7992,2008,0.7992,2207
configs/exp4/lirs_2q_arc_2q.cfg,experiments/data/hot8_scan_c12_seed45.in,LIRS 2Q ARC 2Q,4,3 3 3 3,12,10000,5345,4655,0.5345,7992,2008,0.7992,2647
configs/exp4/lirs_2q_arc_arc.cfg,experiments/data/hot8_scan_c12_seed45.in,LIRS 2Q ARC ARC,4,3 3 3 3,12,10000,5117,4883,0.5117,7992,2008,0.7992,2875
configs/exp4/lirs_2q_arc_lfu.cfg,experiments/data/hot8_scan_c12_seed45.in,LIRS 2Q ARC LFU,4,3 3 3 3,12,10000,5444,4556,0.5444,7992,2008,0.7992,2548
configs/exp4/lirs_2q_arc_lirs.cfg,experiments/data/hot8_scan_c12_seed45.in,LIRS 2Q ARC LIRS,4,3 3 3 3,12,10000,5401,4599,0.5401,7992,2008,0.7992,2591
configs/exp4/lirs_2q_arc_lru.cfg,experiments/data/hot8_scan_c12_seed45.in,LIRS 2Q ARC LRU,4,3 3 3 3,12,10000,5007,4993,0.5007,7992,2008,0.7992,2985
configs/exp4/lirs_2q_lfu.cfg,experiments/data/hot8_scan_c12_seed45.in,LIRS 2Q LFU,3,4 4 4,12,10000,6030,3970,0.603,7992,2008,0.7992,1962
configs/exp4/lirs_2q_lfu_2q.cfg,experiments/data/hot8_scan_c12_seed45.in,LIRS 2Q LFU 2Q,4,3 3 3 3,12,10000,5727,4273,0.5727,7992,2008,0.7992,2265
configs/exp4/lirs_2q_lfu_arc.cfg,experiments/data/hot8_scan_c12_seed45.in,LIRS 2Q LFU ARC,4,3 3 3 3,12,10000,5769,4231,0.5769,7992,2008,0.7992,2223
configs/exp4/lirs_2q_lfu_lfu.cfg,experiments/data/hot8_scan_c12_seed45.in,LIRS 2Q LFU LFU,4,3 3 3 3,12,10000,5907,4093,0.5907,7992,2008,0.7992,2085
configs/exp4/lirs_2q_lfu_lirs.cfg,experiments/data/hot8_scan_c12_seed45.in,LIRS 2Q LFU LIRS,4,3 3 3 3,12,10000,5810,4190,0.581,7992,2008,0.7992,2182
configs/exp4/lirs_2q_lfu_lru.cfg,experiments/data/hot8_scan_c12_seed45.in,LIRS 2Q LFU LRU,4,3 3 3 3,12,10000,5613,4387,0.5613,7992,2008,0.7992,2379
configs/exp4/lirs_2q_lirs.cfg,experiments/data/hot8_scan_c12_seed45.in,LIRS 2Q LIRS,3,4 4 4,12,10000,5793,4207,0.5793,7992,2008,0.7992,2199
configs/exp4/lirs_2q_lirs_2q.cfg,experiments/data/hot8_scan_c12_seed45.in,LIRS 2Q LIRS 2Q,4,3 3 3 3,12,10000,5215,4785,0.5215,7992,2008,0.7992,2777
configs/exp4/lirs_2q_lirs_arc.cfg,experiments/data/hot8_scan_c12_seed45.in,LIRS 2Q LIRS ARC,4,3 3 3 3,12,10000,5244,4756,0.5244,7992,2008,0.7992,2748
configs/exp4/lirs_2q_lirs_lfu.cfg,experiments/data/hot8_scan_c12_seed45.in,LIRS 2Q LIRS LFU,4,3 3 3 3,12,10000,5499,4501,0.5499,7992,2008,0.7992,2493
configs/exp4/lirs_2q_lirs_lirs.cfg,experiments/data/hot8_scan_c12_seed45.in,LIRS 2Q LIRS LIRS,4,3 3 3 3,12,10000,4976,5024,0.4976,7992,2008,0.7992,3016
configs/exp4/lirs_2q_lirs_lru.cfg,experiments/data/hot8_scan_c12_seed45.in,LIRS 2Q LIRS LRU,4,3 3 3 3,12,10000,5272,4728,0.5272,7992,2008,0.7992,2720
configs/exp4/lirs_2q_lru.cfg,experiments/data/hot8_scan_c12_seed45.in,LIRS 2Q LRU,3,4 4 4,12,10000,5793,4207,0.5793,7992,2008,0.7992,2199
configs/exp4/lirs_2q_lru_2q.cfg,experiments/data/hot8_scan_c12_seed45.in,LIRS 2Q LRU 2Q,4,3 3 3 3,12,10000,5417,4583,0.5417,7992,2008,0.7992,2575
configs/exp4/lirs_2q_lru_arc.cfg,experiments/data/hot8_scan_c12_seed45.in,LIRS 2Q LRU ARC,4,3 3 3 3,12,10000,5269,4731,0.5269,7992,2008,0.7992,2723
configs/exp4/lirs_2q_lru_lfu.cfg,experiments/data/hot8_scan_c12_seed45.in,LIRS 2Q LRU LFU,4,3 3 3 3,12,10000,5397,4603,0.5397,7992,2008,0.7992,2595
configs/exp4/lirs_2q_lru_lirs.cfg,experiments/data/hot8_scan_c12_seed45.in,LIRS 2Q LRU LIRS,4,3 3 3 3,12,10000,5456,4544,0.5456,7992,2008,0.7992,2536
configs/exp4/lirs_2q_lru_lru.cfg,experiments/data/hot8_scan_c12_seed45.in,LIRS 2Q LRU LRU,4,3 3 3 3,12,10000,4682,5318,0.4682,7992,2008,0.7992,3310
configs/exp4/lirs_arc.cfg,experiments/data/hot8_scan_c12_seed45.in,LIRS ARC,2,6 6,12,10000,6817,3183,0.6817,7992,2008,0.7992,1175
configs/exp4/lirs_arc_2q.cfg,experiments/data/hot8_scan_c12_seed45.in,LIRS ARC 2Q,3,4 4 4,12,10000,5760,4240,0.576,7992,2008,0.7992,2232
configs/exp4/lirs_arc_2q_2q.cfg,experiments/data/hot8_scan_c12_seed45.in,LIRS ARC 2Q 2Q,4,3 3 3 3,12,10000,5136,4864,0.5136,7992,2008,0.7992,2856
configs/exp4/lirs_arc_2q_arc.cfg,experiments/data/hot8_scan_c12_seed45.in,LIRS ARC 2Q ARC,4,3 3 3 3,12,10000,5179,4821,0.5179,7992,2008,0.7992,2813
configs/exp4/lirs_arc_2q_lfu.cfg,experiments/data/hot8_scan_c12_seed45.in,LIRS ARC 2Q LFU,4,3 3 3 3,12,10000,5387,4613,0.5387,7992,2008,0.7992,2605
configs/exp4/lirs_arc_2q_lirs.cfg,experiments/data/hot8_scan_c12_seed45.in,LIRS ARC 2Q LIRS,4,3 3 3 3,12,10000,5350,4650,0.535,7992,2008,0.7992,2642
configs/exp4/lirs_arc_2q_lru.cfg,experiments/data/hot8_scan_c12_seed45.in,LIRS ARC 2Q LRU,4,3 3 3 3,12,10000,5049,4951,0.5049,7992,2008,0.7992,2943
configs/exp4/lirs_arc_arc.cfg,experiments/data/hot8_scan_c12_seed45.in,LIRS ARC ARC,3,4 4 4,12,10000,5354,4646,0.5354,7992,2008,0.7992,2638
configs/exp4/lirs_arc_arc_2q.cfg,experiments/data/hot8_scan_c12_seed45.in,LIRS ARC ARC 2Q,4,3 3 3 3,12,10000,4944,5056,0.4944,7992,2008,0.7992,3048
configs/exp4/lirs_arc_arc_arc.cfg,experiments/data/hot8_scan_c12_seed45.in,LIRS ARC ARC ARC,4,3 3 3 3,12,10000,4352,5648,0.4352,7992,2008,0.7992,3640
configs/exp4/lirs_arc_arc_lfu.cfg,experiments/data/hot8_scan_c12_seed45.in,LIRS ARC ARC LFU,4,3 3 3 3,12,10000,5020,4980,0.502,7992,2008,0.7992,2972
configs/exp4/lirs_arc_arc_lirs.cfg,experiments/data/hot8_scan_c12_seed45.in,LIRS ARC ARC LIRS,4,3 3 3 3,12,10000,4729,5271,0.4729,7992,2008,0.7992,3263
configs/exp4/lirs_arc_arc_lru.cfg,experiments/data/hot8_scan_c12_seed45.in,LIRS ARC ARC LRU,4,3 3 3 3,12,10000,4397,5603,0.4397,7992,2008,0.7992,3595
configs/exp4/lirs_arc_lfu.cfg,experiments/data/hot8_scan_c12_seed45.in,LIRS ARC LFU,3,4 4 4,12,10000,5958,4042,0.5958,7992,2008,0.7992,2034
configs/exp4/lirs_arc_lfu_2q.cfg,experiments/data/hot8_scan_c12_seed45.in,LIRS ARC LFU 2Q,4,3 3 3 3,12,10000,5671,4329,0.5671,7992,2008,0.7992,2321
configs/exp4/lirs_arc_lfu_arc.cfg,experiments/data/hot8_scan_c12_seed45.in,LIRS ARC LFU ARC,4,3 3 3 3,12,10000,5355,4645,0.5355,7992,2008,0.7992,2637
configs/exp4/lirs_arc_lfu_lfu.cfg,experiments/data/hot8_scan_c12_seed45.in,LIRS ARC LFU LFU,4,3 3 3 3,12,10000,5754,4246,0.5754,7992,2008,0.7992,2238
configs/exp4/lirs_arc_lfu_lirs.cfg,experiments/data/hot8_scan_c12_seed45.in,LIRS ARC LFU LIRS,4,3 3 3 3,12,10000,5577,4423,0.5577,7992,2008,0.7992,2415
configs/exp4/lirs_arc_lfu_lru.cfg,experiments/data/hot8_scan_c12_seed45.in,LIRS ARC LFU LRU,4,3 3 3 3,12,10000,5175,4825,0.5175,7992,2008,0.7992,2817
configs/exp4/lirs_arc_lirs.cfg,experiments/data/hot8_scan_c12_seed45.in,LIRS ARC LIRS,3,4 4 4,12,10000,5642,4358,0.5642,7992,2008,0.7992,2350
configs/exp4/lirs_arc_lirs_2q.cfg,experiments/data/hot8_scan_c12_seed45.in,LIRS ARC LIRS 2Q,4,3 3 3 3,12,10000,5118,4882,0.5118,7992,2008,0.7992,2874
configs/exp4/lirs_arc_lirs_arc.cfg,experiments/data/hot8_scan_c12_seed45.in,LIRS ARC LIRS ARC,4,3 3 3 3,12,10000,4804,5196,0.4804,7992,2008,0.7992,3188
configs/exp4/lirs_arc_lirs_lfu.cfg,experiments/data/hot8_scan_c12_seed45.in,LIRS ARC LIRS LFU,4,3 3 3 3,12,10000,5235,4765,0.5235,7992,2008,0.7992,2757
configs/exp4/lirs_arc_lirs_lirs.cfg,experiments/data/hot8_scan_c12_seed45.in,LIRS ARC LIRS LIRS,4,3 3 3 3,12,10000,4660,5340,0.466,7992,2008,0.7992,3332
configs/exp4/lirs_arc_lirs_lru.cfg,experiments/data/hot8_scan_c12_seed45.in,LIRS ARC LIRS LRU,4,3 3 3 3,12,10000,4737,5263,0.4737,7992,2008,0.7992,3255
configs/exp4/lirs_arc_lru.cfg,experiments/data/hot8_scan_c12_seed45.in,LIRS ARC LRU,3,4 4 4,12,10000,5247,4753,0.5247,7992,2008,0.7992,2745
configs/exp4/lirs_arc_lru_2q.cfg,experiments/data/hot8_scan_c12_seed45.in,LIRS ARC LRU 2Q,4,3 3 3 3,12,10000,5023,4977,0.5023,7992,2008,0.7992,2969
configs/exp4/lirs_arc_lru_arc.cfg,experiments/data/hot8_scan_c12_seed45.in,LIRS ARC LRU ARC,4,3 3 3 3,12,10000,4675,5325,0.4675,7992,2008,0.7992,3317
configs/exp4/lirs_arc_lru_lfu.cfg,experiments/data/hot8_scan_c12_seed45.in,LIRS ARC LRU LFU,4,3 3 3 3,12,10000,4810,5190,0.481,7992,2008,0.7992,3182
configs/exp4/lirs_arc_lru_lirs.cfg,experiments/data/hot8_scan_c12_seed45.in,LIRS ARC LRU LIRS,4,3 3 3 3,12,10000,4809,5191,0.4809,7992,2008,0.7992,3183
configs/exp4/lirs_arc_lru_lru.cfg,experiments/data/hot8_scan_c12_seed45.in,LIRS ARC LRU LRU,4,3 3 3 3,12,10000,4068,5932,0.4068,7992,2008,0.7992,3924
configs/exp4/lirs_lfu.cfg,experiments/data/hot8_scan_c12_seed45.in,LIRS LFU,2,6 6,12,10000,7048,2952,0.7048,7992,2008,0.7992,944
configs/exp4/lirs_lfu_2q.cfg,experiments/data/hot8_scan_c12_seed45.in,LIRS LFU 2Q,3,4 4 4,12,10000,6679,3321,0.6679,7992,2008,0.7992,1313
configs/exp4/lirs_lfu_2q_2q.cfg,experiments/data/hot8_scan_c12_seed45.in,LIRS LFU 2Q 2Q,4,3 3 3 3,12,10000,5785,4215,0.5785,7992,2008,0.7992,2207
configs/exp4/lirs_lfu_2q_arc.cfg,experiments/data/hot8_scan_c12_seed45.in,LIRS LFU 2Q ARC,4,3 3 3 3,12,10000,5997,4003,0.5997,7992,2008,0.7992,1995
configs/exp4/lirs_lfu_2q_lfu.cfg,experiments/data/hot8_scan_c12_seed45.in,LIRS LFU 2Q LFU,4,3 3 3 3,12,10000,6020,3980,0.602,7992,2008,0.7992,1972
configs/exp4/lirs_lfu_2q_lirs.cfg,experiments/data/hot8_scan_c12_seed45.in,LIRS LFU 2Q LIRS,4,3 3 3 3,12,10000,6063,3937,0.6063,7992,2008,0.7992,1929
configs/exp4/lirs_lfu_2q_lru.cfg,experiments/data/hot8_scan_c12_seed45.in,LIRS LFU 2Q LRU,4,3 3 3 3,12,10000,5854,4146,0.5854,7992,2008,0.7992,2138
configs/exp4/lirs_lfu_arc.cfg,experiments/data/hot8_scan_c12_seed45.in,LIRS LFU ARC,3,4 4 4,12,10000,6654,3346,0.6654,7992,2008,0.7992,1338
configs/exp4/lirs_lfu_arc_2q.cfg,experiments/data/hot8_scan_c12_seed45.in,LIRS LFU ARC 2Q,4,3 3 3 3,12,10000,5854,4146,0.5854,7992,2008,0.7992,2138
configs/exp4/lirs_lfu_arc_arc.cfg,experiments/data/hot8_scan_c12_seed45.in,LIRS LFU ARC ARC,4,3 3 3 3,12,10000,5403,4597,0.5403,7992,2008,0.7992,2589
configs/exp4/lirs_lfu_arc_lfu.cfg,experiments/data/hot8_scan_c12_seed45.in,LIRS LFU ARC LFU,4,3 3 3 3,12,10000,5955,4045,0.5955,7992,2008,0.7992,2037
configs/exp4/lirs_lfu_arc_lirs.cfg,experiments/data/hot8_scan_c12_seed45.in,LIRS LFU ARC LIRS,4,3 3 3 3,12,10000,5711,4289,0.5711,7992,2008,0.7992,2281
configs/exp4/lirs_lfu_arc_lru.cfg,experiments/data/hot8_scan_c12_seed45.in,LIRS LFU ARC LRU,4,3 3 3 3,12,10000,5349,4651,0.5349,7992,2008,0.7992,2643
configs/exp4/lirs_lfu_lfu.cfg,experiments/data/hot8_scan_c12_seed45.in,LIRS LFU LFU,3,4 4 4,12,10000,6944,3056,0.6944,7992,2008,0.7992,1048
configs/exp4/lirs_lfu_lfu_2q.cfg,experiments/data/hot8_scan_c12_seed45.in,LIRS LFU LFU 2Q,4,3 3 3 3,12,10000,6561,3439,0.6561,7992,2008,0.7992,1431
configs/exp4/lirs_lfu_lfu_arc.cfg,experiments/data/hot8_scan_c12_seed45.in,LIRS LFU LFU ARC,4,3 3 3 3,12,10000,6459,3541,0.6459,7992,2008,0.7992,1533
configs/exp4/lirs_lfu_lfu_lfu.cfg,experiments/data/hot8_scan_c12_seed45.in,LIRS LFU LFU LFU,4,3 3 3 3,12,10000,6719,3281,0.6719,7992,2008,0.7992,1273
configs/exp4/lirs_lfu_lfu_lirs.cfg,experiments/data/hot8_scan_c12_seed45.in,LIRS LFU LFU LIRS,4,3 3 3 3,12,10000,6523,3477,0.6523,7992,2008,0.7992,1469
configs/exp4/lirs_lfu_lfu_lru.cfg,experiments/data/hot8_scan_c12_seed45.in,LIRS LFU LFU LRU,4,3 3 3 3,12,10000,6132,3868,0.6132,7992,2008,0.7992,1860
configs/exp4/lirs_lfu_lirs.cfg,experiments/data/hot8_scan_c12_seed45.in,LIRS LFU LIRS,3,4 4 4,12,10000,6683,3317,0.6683,7992,2008,0.7992,1309
configs/exp4/lirs_lfu_lirs_2q.cfg,experiments/data/hot8_scan_c12_seed45.in,LIRS LFU LIRS 2Q,4,3 3 3 3,12,10000,5792,4208,0.5792,7992,2008,0.7992,2200
configs/exp4/lirs_lfu_lirs_arc.cfg,experiments/data/hot8_scan_c12_seed45.in,LIRS LFU LIRS ARC,4,3 3 3 3,12,10000,5644,4356,0.5644,7992,2008,0.7992,2348
configs/exp4/lirs_lfu_lirs_lfu.cfg,experiments/data/hot8_scan_c12_seed45.in,LIRS LFU LIRS LFU,4,3 3 3 3,12,10000,6038,3962,0.6038,7992,2008,0.7992,1954
configs/exp4/lirs_lfu_lirs_lirs.cfg,experiments/data/hot8_scan_c12_seed45.in,LIRS LFU LIRS LIRS,4,3 3 3 3,12,10000,5437,4563,0.5437,7992,2008,0.7992,2555
configs/exp4/lirs_lfu_lirs_lru.cfg,experiments/data/hot8_scan_c12_seed45.in,LIRS LFU LIRS LRU,4,3 3 3 3,12,10000,5625,4375,0.5625,7992,2008,0.7992,2367
configs/exp4/lirs_lfu_lru.cfg,experiments/data/hot8_scan_c12_seed45.in,LIRS LFU LRU,3,4 4 4,12,10000,6210,3790,0.621,7992,2008,0.7992,1782
configs/exp4/lirs_lfu_lru_2q.cfg,experiments/data/hot8_scan_c12_seed45.in,LIRS LFU LRU 2Q,4,3 3 3 3,12,10000,5914,4086,0.5914,7992,2008,0.7992,2078
configs/exp4/lirs_lfu_lru_arc.cfg,experiments/data/hot8_scan_c12_seed45.in,LIRS LFU LRU ARC,4,3 3 3 3,12,10000,5533,4467,0.5533,7992,2008,0.7992,2459
configs/exp4/lirs_lfu_lru_lfu.cfg,experiments/data/hot8_scan_c12_seed45.in,LIRS LFU LRU LFU,4,3 3 3 3,12,10000,5680,4320,0.568,7992,2008,0.7992,2312
configs/exp4/lirs_lfu_lru_lirs.cfg,experiments/data/hot8_scan_c12_seed45.in,LIRS LFU LRU LIRS,4,3 3 3 3,12,10000,5720,4280,0.572,7992,2008,0.7992,2272
configs/exp4/lirs_lfu_lru_lru.cfg,experiments/data/hot8_scan_c12_seed45.in,LIRS LFU LRU LRU,4,3 3 3 3,12,10000,4926,5074,0.4926,7992,2008,0.7992,3066
configs/exp4/lirs_lirs_2q.cfg,experiments/data/hot8_scan_c12_seed45.in,LIRS LIRS 2Q,3,4 4 4,12,10000,5526,4474,0.5526,7992,2008,0.7992,2466
configs/exp4/lirs_lirs_2q_2q.cfg,experiments/data/hot8_scan_c12_seed45.in,LIRS LIRS 2Q 2Q,4,3 3 3 3,12,10000,4821,5179,0.4821,7992,2008,0.7992,3171
configs/exp4/lirs_lirs_2q_arc.cfg,experiments/data/hot8_scan_c12_seed45.in,LIRS LIRS 2Q ARC,4,3 3 3 3,12,10000,5032,4968,0.5032,7992,2008,0.7992,2960
configs/exp4/lirs_lirs_2q_lfu.cfg,experiments/data/hot8_scan_c12_seed45.in,LIRS LIRS 2Q LFU,4,3 3 3 3,12,10000,5307,4693,0.5307,7992,2008,0.7992,2685
configs/exp4/lirs_lirs_2q_lirs.cfg,experiments/data/hot8_scan_c12_seed45.in,LIRS LIRS 2Q LIRS,4,3 3 3 3,12,10000,4866,5134,0.4866,7992,2008,0.7992,3126
configs/exp4/lirs_lirs_2q_lru.cfg,experiments/data/hot8_scan_c12_seed45.in,LIRS LIRS 2Q LRU,4,3 3 3 3,12,10000,5068,4932,0.5068,7992,2008,0.7992,2924
configs/exp4/lirs_lirs_arc.cfg,experiments/data/hot8_scan_c12_seed45.in,LIRS LIRS ARC,3,4 4 4,12,10000,5475,4525,0.5475,7992,2008,0.7992,2517
configs/exp4/lirs_lirs_arc_2q.cfg,experiments/data/hot8_scan_c12_seed45.in,LIRS LIRS ARC 2Q,4,3 3 3 3,12,10000,4984,5016,0.4984,7992,2008,0.7992,3008
configs/exp4/lirs_lirs_arc_arc.cfg,experiments/data/hot8_scan_c12_seed45.in,LIRS LIRS ARC ARC,4,3 3 3 3,12,10000,4618,5382,0.4618,7992,2008,0.7992,3374
configs/exp4/lirs_lirs_arc_lfu.cfg,experiments/data/hot8_scan_c12_seed45.in,LIRS LIRS ARC LFU,4,3 3 3 3,12,10000,5115,4885,0.5115,7992,2008,0.7992,2877
configs/exp4/lirs_lirs_arc_lirs.cfg,experiments/data/hot8_scan_c12_seed45.in,LIRS LIRS ARC LIRS,4,3 3 3 3,12,10000,4714,5286,0.4714,7992,2008,0.7992,3278
configs/exp4/lirs_lirs_arc_lru.cfg,experiments/data/hot8_scan_c12_seed45.in,LIRS LIRS ARC LRU,4,3 3 3 3,12,10000,4525,5475,0.4525,7992,2008,0.7992,3467
configs/exp4/lirs_lirs_lfu.cfg,experiments/data/hot8_scan_c12_seed45.in,LIRS LIRS LFU,3,4 4 4,12,10000,5984,4016,0.5984,7992,2008,0.7992,2008
configs/exp4/lirs_lirs_lfu_2q.cfg,experiments/data/hot8_scan_c12_seed45.in,LIRS LIRS LFU 2Q,4,3 3 3 3,12,10000,5570,4430,0.557,7992,2008,0.7992,2422
configs/exp4/lirs_lirs_lfu_arc.cfg,experiments/data/hot8_scan_c12_seed45.in,LIRS LIRS LFU ARC,4,3 3 3 3,12,10000,5361,4639,0.5361,7992,2008,0.7992,2631
configs/exp4/lirs_lirs_lfu_lfu.cfg,experiments/data/hot8_scan_c12_seed45.in,LIRS LIRS LFU LFU,4,3 3 3 3,12,10000,5799,4201,0.5799,7992,2008,0.7992,2193
configs/exp4/lirs_lirs_lfu_lirs.cfg,experiments/data/hot8_scan_c12_seed45.in,LIRS LIRS LFU LIRS,4,3 3 3 3,12,10000,5257,4743,0.5257,7992,2008,0.7992,2735
configs/exp4/lirs_lirs_lfu_lru.cfg,experiments/data/hot8_scan_c12_seed45.in,LIRS LIRS LFU LRU,4,3 3 3 3,12,10000,5328,4672,0.5328,7992,2008,0.7992,2664
configs/exp4/lirs_lirs_lirs_2q.cfg,experiments/data/hot8_scan_c12_seed45.in,LIRS LIRS LIRS 2Q,4,3 3 3 3,12,10000,4615,5385,0.4615,7992,2008,0.7992,3377
configs/exp4/lirs_lirs_lirs_arc.cfg,experiments/data/hot8_scan_c12_seed45.in,LIRS LIRS LIRS ARC,4,3 3 3 3,12,10000,4395,5605,0.4395,7992,2008,0.7992,3597
configs/exp4/lirs_lirs_lirs_lfu.cfg,experiments/data/hot8_scan_c12_seed45.in,LIRS LIRS LIRS LFU,4,3 3 3 3,12,10000,4867,5133,0.4867,7992,2008,0.7992,3125
configs/exp4/lirs_lirs_lirs_lru.cfg,experiments/data/hot8_scan_c12_seed45.in,LIRS LIRS LIRS LRU,4,3 3 3 3,12,10000,4481,5519,0.4481,7992,2008,0.7992,3511
configs/exp4/lirs_lirs_lru.cfg,experiments/data/hot8_scan_c12_seed45.in,LIRS LIRS LRU,3,4 4 4,12,10000,5567,4433,0.5567,7992,2008,0.7992,2425
configs/exp4/lirs_lirs_lru_2q.cfg,experiments/data/hot8_scan_c12_seed45.in,LIRS LIRS LRU 2Q,4,3 3 3 3,12,10000,5149,4851,0.5149,7992,2008,0.7992,2843
configs/exp4/lirs_lirs_lru_arc.cfg,experiments/data/hot8_scan_c12_seed45.in,LIRS LIRS LRU ARC,4,3 3 3 3,12,10000,4800,5200,0.48,7992,2008,0.7992,3192
configs/exp4/lirs_lirs_lru_lfu.cfg,experiments/data/hot8_scan_c12_seed45.in,LIRS LIRS LRU LFU,4,3 3 3 3,12,10000,5038,4962,0.5038,7992,2008,0.7992,2954
configs/exp4/lirs_lirs_lru_lirs.cfg,experiments/data/hot8_scan_c12_seed45.in,LIRS LIRS LRU LIRS,4,3 3 3 3,12,10000,4840,5160,0.484,7992,2008,0.7992,3152
configs/exp4/lirs_lirs_lru_lru.cfg,experiments/data/hot8_scan_c12_seed45.in,LIRS LIRS LRU LRU,4,3 3 3 3,12,10000,4255,5745,0.4255,7992,2008,0.7992,3737
configs/exp4/lirs_lru.cfg,experiments/data/hot8_scan_c12_seed45.in,LIRS LRU,2,6 6,12,10000,6468,3532,0.6468,7992,2008,0.7992,1524
configs/exp4/lirs_lru_2q.cfg,experiments/data/hot8_scan_c12_seed45.in,LIRS LRU 2Q,3,4 4 4,12,10000,5924,4076,0.5924,7992,2008,0.7992,2068
configs/exp4/lirs_lru_2q_2q.cfg,experiments/data/hot8_scan_c12_seed45.in,LIRS LRU 2Q 2Q,4,3 3 3 3,12,10000,5393,4607,0.5393,7992,2008,0.7992,2599
configs/exp4/lirs_lru_2q_arc.cfg,experiments/data/hot8_scan_c12_seed45.in,LIRS LRU 2Q ARC,4,3 3 3 3,12,10000,5412,4588,0.5412,7992,2008,0.7992,2580
configs/exp4/lirs_lru_2q_lfu.cfg,experiments/data/hot8_scan_c12_seed45.in,LIRS LRU 2Q LFU,4,3 3 3 3,12,10000,5617,4383,0.5617,7992,2008,0.7992,2375
configs/exp4/lirs_lru_2q_lirs.cfg,experiments/data/hot8_scan_c12_seed45.in,LIRS LRU 2Q LIRS,4,3 3 3 3,12,10000,5559,4441,0.5559,7992,2008,0.7992,2433
configs/exp4/lirs_lru_2q_lru.cfg,experiments/data/hot8_scan_c12_seed45.in,LIRS LRU 2Q LRU,4,3 3 3 3,12,10000,4936,5064,0.4936,7992,2008,0.7992,3056
configs/exp4/lirs_lru_arc.cfg,experiments/data/hot8_scan_c12_seed45.in,LIRS LRU ARC,3,4 4 4,12,10000,5586,4414,0.5586,7992,2008,0.7992,2406
configs/exp4/lirs_lru_arc_2q.cfg,experiments/data/hot8_scan_c12_seed45.in,LIRS LRU ARC 2Q,4,3 3 3 3,12,10000,5145,4855,0.5145,7992,2008,0.7992,2847
configs/exp4/lirs_lru_arc_arc.cfg,experiments/data/hot8_scan_c12_seed45.in,LIRS LRU ARC ARC,4,3 3 3 3,12,10000,4620,5380,0.462,7992,2008,0.7992,3372
configs/exp4/lirs_lru_arc_lfu.cfg,experiments/data/hot8_scan_c12_seed45.in,LIRS LRU ARC LFU,4,3 3 3 3,12,10000,5215,4785,0.5215,7992,2008,0.7992,2777
configs/exp4/lirs_lru_arc_lirs.cfg,experiments/data/hot8_scan_c12_seed45.in,LIRS LRU ARC LIRS,4,3 3 3 3,12,10000,5041,4959,0.5041,7992,2008,0.7992,2951
configs/exp4/lirs_lru_arc_lru.cfg,experiments/data/hot8_scan_c12_seed45.in,LIRS LRU ARC LRU,4,3 3 3 3,12,10000,4424,5576,0.4424,7992,2008,0.7992,3568
configs/exp4/lirs_lru_lfu.cfg,experiments/data/hot8_scan_c12_seed45.in,LIRS LRU LFU,3,4 4 4,12,10000,5552,4448,0.5552,7992,2008,0.7992,2440
configs/exp4/lirs_lru_lfu_2q.cfg,experiments/data/hot8_scan_c12_seed45.in,LIRS LRU LFU 2Q,4,3 3 3 3,12,10000,5640,4360,0.564,7992,2008,0.7992,2352
configs/exp4/lirs_lru_lfu_arc.cfg,experiments/data/hot8_scan_c12_seed45.in,LIRS LRU LFU ARC,4,3 3 3 3,12,10000,5254,4746,0.5254,7992,2008,0.7992,2738
configs/exp4/lirs_lru_lfu_lfu.cfg,experiments/data/hot8_scan_c12_seed45.in,LIRS LRU LFU LFU,4,3 3 3 3,12,10000,5606,4394,0.5606,7992,2008,0.7992,2386
configs/exp4/lirs_lru_lfu_lirs.cfg,experiments/data/hot8_scan_c12_seed45.in,LIRS LRU LFU LIRS,4,3 3 3 3,12,10000,5478,4522,0.5478,7992,2008,0.7992,2514
configs/exp4/lirs_lru_lfu_lru.cfg,experiments/data/hot8_scan_c12_seed45.in,LIRS LRU LFU LRU,4,3 3 3 3,12,10000,4780,5220,0.478,7992,2008,0.7992,3212
configs/exp4/lirs_lru_lirs.cfg,experiments/data/hot8_scan_c12_seed45.in,LIRS LRU LIRS,3,4 4 4,12,10000,5770,4230,0.577,7992,2008,0.7992,2222
configs/exp4/lirs_lru_lirs_2q.cfg,experiments/data/hot8_scan_c12_seed45.in,LIRS LRU LIRS 2Q,4,3 3 3 3,12,10000,5279,4721,0.5279,7992,2008,0.7992,2713
configs/exp4/lirs_lru_lirs_arc.cfg,experiments/data/hot8_scan_c12_seed45.in,LIRS LRU LIRS ARC,4,3 3 3 3,12,10000,4964,5036,0.4964,7992,2008,0.7992,3028
configs/exp4/lirs_lru_lirs_lfu.cfg,experiments/data/hot8_scan_c12_seed45.in,LIRS LRU LIRS LFU,4,3 3 3 3,12,10000,5300,4700,0.53,7992,2008,0.7992,2692
configs/exp4/lirs_lru_lirs_lirs.cfg,experiments/data/hot8_scan_c12_seed45.in,LIRS LRU LIRS LIRS,4,3 3 3 3,12,10000,4841,5159,0.4841,7992,2008,0.7992,3151
configs/exp4/lirs_lru_lirs_lru.cfg,experiments/data/hot8_scan_c12_seed45.in,LIRS LRU LIRS LRU,4,3 3 3 3,12,10000,4614,5386,0.4614,7992,2008,0.7992,3378
configs/exp4/lirs_lru_lru.cfg,experiments/data/hot8_scan_c12_seed45.in,LIRS LRU LRU,3,4 4 4,12,10000,4841,5159,0.4841,7992,2008,0.7992,3151
configs/exp4/lirs_lru_lru_2q.cfg,experiments/data/hot8_scan_c12_seed45.in,LIRS LRU LRU 2Q,4,3 3 3 3,12,10000,4755,5245,0.4755,7992,2008,0.7992,3237
configs/exp4/lirs_lru_lru_arc.cfg,experiments/data/hot8_scan_c12_seed45.in,LIRS LRU LRU ARC,4,3 3 3 3,12,10000,4345,5655,0.4345,7992,2008,0.7992,3647
configs/exp4/lirs_lru_lru_lfu.cfg,experiments/data/hot8_scan_c12_seed45.in,LIRS LRU LRU LFU,4,3 3 3 3,12,10000,4476,5524,0.4476,7992,2008,0.7992,3516
configs/exp4/lirs_lru_lru_lirs.cfg,experiments/data/hot8_scan_c12_seed45.in,LIRS LRU LRU LIRS,4,3 3 3 3,12,10000,4494,5506,0.4494,7992,2008,0.7992,3498
configs/exp4/lirs_lru_lru_lru.cfg,experiments/data/hot8_scan_c12_seed45.in,LIRS LRU LRU LRU,4,3 3 3 3,12,10000,3673,6327,0.3673,7992,2008,0.7992,4319
configs/exp4/lru_2q.cfg,experiments/data/hot8_scan_c12_seed45.in,LRU 2Q,2,6 6,12,10000,6528,3472,0.6528,7992,2008,0.7992,1464
configs/exp4/lru_2q_2q.cfg,experiments/data/hot8_scan_c12_seed45.in,LRU 2Q 2Q,3,4 4 4,12,10000,5947,4053,0.5947,7992,2008,0.7992,2045
configs/exp4/lru_2q_2q_2q.cfg,experiments/data/hot8_scan_c12_seed45.in,LRU 2Q 2Q 2Q,4,3 3 3 3,12,10000,5177,4823,0.5177,7992,2008,0.7992,2815
configs/exp4/lru_2q_2q_arc.cfg,experiments/data/hot8_scan_c12_seed45.in,LRU 2Q 2Q ARC,4,3 3 3 3,12,10000,5473,4527,0.5473,7992,2008,0.7992,2519
configs/exp4/lru_2q_2q_lfu.cfg,experiments/data/hot8_scan_c12_seed45.in,LRU 2Q 2Q LFU,4,3 3 3 3,12,10000,5238,4762,0.5238,7992,2008,0.7992,2754
configs/exp4/lru_2q_2q_lirs.cfg,experiments/data/hot8_scan_c12_seed45.in,LRU 2Q 2Q LIRS,4,3 3 3 3,12,10000,5758,4242,0.5758,7992,2008,0.7992,2234
configs/exp4/lru_2q_2q_lru.cfg,experiments/data/hot8_scan_c12_seed45.in,LRU 2Q 2Q LRU,4,3 3 3 3,12,10000,5026,4974,0.5026,7992,2008,0.7992,2966
configs/exp4/lru_2q_arc.cfg,experiments/data/hot8_scan_c12_seed45.in,LRU 2Q ARC,3,4 4 4,12,10000,6001,3999,0.6001,7992,2008,0.7992,1991
configs/exp4/lru_2q_arc_2q.cfg,experiments/data/hot8_scan_c12_seed45.in,LRU 2Q ARC 2Q,4,3 3 3 3,12,10000,5440,4560,0.544,7992,2008,0.7992,2552
configs/exp4/lru_2q_arc_arc.cfg,experiments/data/hot8_scan_c12_seed45.in,LRU 2Q ARC ARC,4,3 3 3 3,12,10000,5040,4960,0.504,7992,2008,0.7992,2952
configs/exp4/lru_2q_arc_lfu.cfg,experiments/data/hot8_scan_c12_seed45.in,LRU 2Q ARC LFU,4,3 3 3 3,12,10000,5350,4650,0.535,7992,2008,0.7992,2642
configs/exp4/lru_2q_arc_lirs.cfg,experiments/data/hot8_scan_c12_seed45.in,LRU 2Q ARC LIRS,4,3 3 3 3,12,10000,5507,4493,0.5507,7992,2008,0.7992,2485
configs/exp4/lru_2q_arc_lru.cfg,experiments/data/hot8_scan_c12_seed45.in,LRU 2Q ARC LRU,4,3 3 3 3,12,10000,4858,5142,0.4858,7992,2008,0.7992,3134
configs/exp4/lru_2q_lfu.cfg,experiments/data/hot8_scan_c12_seed45.in,LRU 2Q LFU,3,4 4 4,12,10000,6062,3938,0.6062,7992,2008,0.7992,1930
configs/exp4/lru_2q_lfu_2q.cfg,experiments/data/hot8_scan_c12_seed45.in,LRU 2Q LFU 2Q,4,3 3 3 3,12,10000,5948,4052,0.5948,7992,2008,0.7992,2044
configs/exp4/lru_2q_lfu_arc.cfg,experiments/data/hot8_scan_c12_seed45.in,LRU 2Q LFU ARC,4,3 3 3 3,12,10000,5778,4222,0.5778,7992,2008,0.7992,2214
configs/exp4/lru_2q_lfu_lfu.cfg,experiments/data/hot8_scan_c12_seed45.in,LRU 2Q LFU LFU,4,3 3 3 3,12,10000,5792,4208,0.5792,7992,2008,0.7992,2200
configs/exp4/lru_2q_lfu_lirs.cfg,experiments/data/hot8_scan_c12_seed45.in,LRU 2Q LFU LIRS,4,3 3 3 3,12,10000,6061,3939,0.6061,7992,2008,0.7992,1931
configs/exp4/lru_2q_lfu_lru.cfg,experiments/data/hot8_scan_c12_seed45.in,LRU 2Q LFU LRU,4,3 3 3 3,12,10000,5277,4723,0.5277,7992,2008,0.7992,2715
configs/exp4/lru_2q_lirs.cfg,experiments/data/hot8_scan_c12_seed45.in,LRU 2Q LIRS,3,4 4 4,12,10000,6308,3692,0.6308,7992,2008,0.7992,1684
configs/exp4/lru_2q_lirs_2q.cfg,experiments/data/hot8_scan_c12_seed45.in,LRU 2Q LIRS 2Q,4,3 3 3 3,12,10000,5721,4279,0.5721,7992,2008,0.7992,2271
configs/exp4/lru_2q_lirs_arc.cfg,experiments/data/hot8_scan_c12_seed45.in,LRU 2Q LIRS ARC,4,3 3 3 3,12,10000,5536,4464,0.5536,7992,2008,0.7992,2456
configs/exp4/lru_2q_lirs_lfu.cfg,experiments/data/hot8_scan_c12_seed45.in,LRU 2Q LIRS LFU,4,3 3 3 3,12,10000,5580,4420,0.558,7992,2008,0.7992,2412
configs/exp4/lru_2q_lirs_lirs.cfg,experiments/data/hot8_scan_c12_seed45.in,LRU 2Q LIRS LIRS,4,3 3 3 3,12,10000,5545,4455,0.5545,7992,2008,0.7992,2447
configs/exp4/lru_2q_lirs_lru.cfg,experiments/data/hot8_scan_c12_seed45.in,LRU 2Q LIRS LRU,4,3 3 3 3,12,10000,5367,4633,0.5367,7992,2008,0.7992,2625
configs/exp4/lru_2q_lru.cfg,experiments/data/hot8_scan_c12_seed45.in,LRU 2Q LRU,3,4 4 4,12,10000,5398,4602,0.5398,7992,2008,0.7992,2594
configs/exp4/lru_2q_lru_2q.cfg,experiments/data/hot8_scan_c12_seed45.in,LRU 2Q LRU 2Q,4,3 3 3 3,12,10000,5084,4916,0.5084,7992,2008,0.7992,2908
configs/exp4/lru_2q_lru_arc.cfg,experiments/data/hot8_scan_c12_seed45.in,LRU 2Q LRU ARC,4,3 3 3 3,12,10000,4850,5150,0.485,7992,2008,0.7992,3142
configs/exp4/lru_2q_lru_lfu.cfg,experiments/data/hot8_scan_c12_seed45.in,LRU 2Q LRU LFU,4,3 3 3 3,12,10000,4903,5097,0.4903,7992,2008,0.7992,3089
configs/exp4/lru_2q_lru_lirs.cfg,experiments/data/hot8_scan_c12_seed45.in,LRU 2Q LRU LIRS,4,3 3 3 3,12,10000,5224,4776,0.5224,7992,2008,0.7992,2768
configs/exp4/lru_2q_lru_lru.cfg,experiments/data/hot8_scan_c12_seed45.in,LRU 2Q LRU LRU,4,3 3 3 3,12,10000,4086,5914,0.4086,7992,2008,0.7992,3906
configs/exp4/lru_arc.cfg,experiments/data/hot8_scan_c12_seed45.in,LRU ARC,2,6 6,12,10000,5937,4063,0.5937,7992,2008,0.7992,2055
configs/exp4/lru_arc_2q.cfg,experiments/data/hot8_scan_c12_seed45.in,LRU ARC 2Q,3,4 4 4,12,10000,5457,4543,0.5457,7992,2008,0.7992,2535
configs/exp4/lru_arc_2q_2q.cfg,experiments/data/hot8_scan_c12_seed45.in,LRU ARC 2Q 2Q,4,3 3 3 3,12,10000,4939,5061,0.4939,7992,2008,0.7992,3053
configs/exp4/lru_arc_2q_arc.cfg,experiments/data/hot8_scan_c12_seed45.in,LRU ARC 2Q ARC,4,3 3 3 3,12,10000,4972,5028,0.4972,7992,2008,0.7992,3020
configs/exp4/lru_arc_2q_lfu.cfg,experiments/data/hot8_scan_c12_seed45.in,LRU ARC 2Q LFU,4,3 3 3 3,12,10000,5202,4798,0.5202,7992,2008,0.7992,2790
configs/exp4/lru_arc_2q_lirs.cfg,experiments/data/hot8_scan_c12_seed45.in,LRU ARC 2Q LIRS,4,3 3 3 3,12,10000,5324,4676,0.5324,7992,2008,0.7992,2668
configs/exp4/lru_arc_2q_lru.cfg,experiments/data/hot8_scan_c12_seed45.in,LRU ARC 2Q LRU,4,3 3 3 3,12,10000,4658,5342,0.4658,7992,2008,0.7992,3334
configs/exp4/lru_arc_arc.cfg,experiments/data/hot8_scan_c12_seed45.in,LRU ARC ARC,3,4 4 4,12,10000,4877,5123,0.4877,7992,2008,0.7992,3115
configs/exp4/lru_arc_arc_2q.cfg,experiments/data/hot8_scan_c12_seed45.in,LRU ARC ARC 2Q,4,3 3 3 3,12,10000,4664,5336,0.4664,7992,2008,0.7992,3328
configs/exp4/lru_arc_arc_arc.cfg,experiments/data/hot8_scan_c12_seed45.in,LRU ARC ARC ARC,4,3 3 3 3,12,10000,4089,5911,0.4089,7992,2008,0.7992,3903
configs/exp4/lru_arc_arc_lfu.cfg,experiments/data/hot8_scan_c12_seed45.in,LRU ARC ARC LFU,4,3 3 3 3,12,10000,4767,5233,0.4767,7992,2008,0.7992,3225
configs/exp4/lru_arc_arc_lirs.cfg,experiments/data/hot8_scan_c12_seed45.in,LRU ARC ARC LIRS,4,3 3 3 3,12,10000,4595,5405,0.4595,7992,2008,0.7992,3397
configs/exp4/lru_arc_arc_lru.cfg,experiments/data/hot8_scan_c12_seed45.in,LRU ARC ARC LRU,4,3 3 3 3,12,10000,3963,6037,0.3963,7992,2008,0.7992,4029
configs/exp4/lru_arc_lfu.cfg,experiments/data/hot8_scan_c12_seed45.in,LRU ARC LFU,3,4 4 4,12,10000,5593,4407,0.5593,7992,2008,0.7992,2399
configs/exp4/lru_arc_lfu_2q.cfg,experiments/data/hot8_scan_c12_seed45.in,LRU ARC LFU 2Q,4,3 3 3 3,12,10000,5380,4620,0.538,7992,2008,0.7992,2612
configs/exp4/lru_arc_lfu_arc.cfg,experiments/data/hot8_scan_c12_seed45.in,LRU ARC LFU ARC,4,3 3 3 3,12,10000,5059,4941,0.5059,7992,2008,0.7992,2933
configs/exp4/lru_arc_lfu_lfu.cfg,experiments/data/hot8_scan_c12_seed45.in,LRU ARC LFU LFU,4,3 3 3 3,12,10000,4917,5083,0.4917,7992,2008,0.7992,3075
configs/exp4/lru_arc_lfu_lirs.cfg,experiments/data/hot8_scan_c12_seed45.in,LRU ARC LFU LIRS,4,3 3 3 3,12,10000,5403,4597,0.5403,7992,2008,0.7992,2589
configs/exp4/lru_arc_lfu_lru.cfg,experiments/data/hot8_scan_c12_seed45.in,LRU ARC LFU LRU,4,3 3 3 3,12,10000,4671,5329,0.4671,7992,2008,0.7992,3321
configs/exp4/lru_arc_lirs.cfg,experiments/data/hot8_scan_c12_seed45.in,LRU ARC LIRS,3,4 4 4,12,10000,5339,4661,0.5339,7992,2008,0.7992,2653
configs/exp4/lru_arc_lirs_2q.cfg,experiments/data/hot8_scan_c12_seed45.in,LRU ARC LIRS 2Q,4,3 3 3 3,12,10000,5043,4957,0.5043,7992,2008,0.7992,2949
configs/exp4/lru_arc_lirs_arc.cfg,experiments/data/hot8_scan_c12_seed45.in,LRU ARC LIRS ARC,4,3 3 3 3,12,10000,4734,5266,0.4734,7992,2008,0.7992,3258
configs/exp4/lru_arc_lirs_lfu.cfg,experiments/data/hot8_scan_c12_seed45.in,LRU ARC LIRS LFU,4,3 3 3 3,12,10000,5111,4889,0.5111,7992,2008,0.7992,2881
configs/exp4/lru_arc_lirs_lirs.cfg,experiments/data/hot8_scan_c12_seed45.in,LRU ARC LIRS LIRS,4,3 3 3 3,12,10000,4662,5338,0.4662,7992,2008,0.7992,3330
configs/exp4/lru_arc_lirs_lru.cfg,experiments/data/hot8_scan_c12_seed45.in,LRU ARC LIRS LRU,4,3 3 3 3,12,10000,4463,5537,0.4463,7992,2008,0.7992,3529
configs/exp4/lru_arc_lru.cfg,experiments/data/hot8_scan_c12_seed45.in,LRU ARC LRU,3,4 4 4,12,10000,4451,5549,0.4451,7992,2008,0.7992,3541
configs/exp4/lru_arc_lru_2q.cfg,experiments/data/hot8_scan_c12_seed45.in,LRU ARC LRU 2Q,4,3 3 3 3,12,10000,4476,5524,0.4476,7992,2008,0.7992,3516
configs/exp4/lru_arc_lru_arc.cfg,experiments/data/hot8_scan_c12_seed45.in,LRU ARC LRU ARC,4,3 3 3 3,12,10000,4085,5915,0.4085,7992,2008,0.7992,3907
configs/exp4/lru_arc_lru_lfu.cfg,experiments/data/hot8_scan_c12_seed45.in,LRU ARC LRU LFU,4,3 3 3 3,12,10000,4331,5669,0.4331,7992,2008,0.7992,3661
configs/exp4/lru_arc_lru_lirs.cfg,experiments/data/hot8_scan_c12_seed45.in,LRU ARC LRU LIRS,4,3 3 3 3,12,10000,4400,5600,0.44,7992,2008,0.7992,3592
configs/exp4/lru_arc_lru_lru.cfg,experiments/data/hot8_scan_c12_seed45.in,LRU ARC LRU LRU,4,3 3 3 3,12,10000,3393,6607,0.3393,7992,2008,0.7992,4599
configs/exp4/lru_lfu.cfg,experiments/data/hot8_scan_c12_seed45.in,LRU LFU,2,6 6,12,10000,6497,3503,0.6497,7992,2008,0.7992,1495
configs/exp4/lru_lfu_2q.cfg,experiments/data/hot8_scan_c12_seed45.in,LRU LFU 2Q,3,4 4 4,12,10000,6468,3532,0.6468,7992,2008,0.7992,1524
configs/exp4/lru_lfu_2q_2q.cfg,experiments/data/hot8_scan_c12_seed45.in,LRU LFU 2Q 2Q,4,3 3 3 3,12,10000,5748,4252,0.5748,7992,2008,0.7992,2244
configs/exp4/lru_lfu_2q_arc.cfg,experiments/data/hot8_scan_c12_seed45.in,LRU LFU 2Q ARC,4,3 3 3 3,12,10000,6024,3976,0.6024,7992,2008,0.7992,1968
configs/exp4/lru_lfu_2q_lfu.cfg,experiments/data/hot8_scan_c12_seed45.in,LRU LFU 2Q LFU,4,3 3 3 3,12,10000,5955,4045,0.5955,7992,2008,0.7992,2037
configs/exp4/lru_lfu_2q_lirs.cfg,experiments/data/hot8_scan_c12_seed45.in,LRU LFU 2Q LIRS,4,3 3 3 3,12,10000,6244,3756,0.6244,7992,2008,0.7992,1748
configs/exp4/lru_lfu_2q_lru.cfg,experiments/data/hot8_scan_c12_seed45.in,LRU LFU 2Q LRU,4,3 3 3 3,12,10000,5623,4377,0.5623,7992,2008,0.7992,2369
configs/exp4/lru_lfu_arc.cfg,experiments/data/hot8_scan_c12_seed45.in,LRU LFU ARC,3,4 4 4,12,10000,6057,3943,0.6057,7992,2008,0.7992,1935
configs/exp4/lru_lfu_arc_2q.cfg,experiments/data/hot8_scan_c12_seed45.in,LRU LFU ARC 2Q,4,3 3 3 3,12,10000,5640,4360,0.564,7992,2008,0.7992,2352
configs/exp4/lru_lfu_arc_arc.cfg,experiments/data/hot8_scan_c12_seed45.in,LRU LFU ARC ARC,4,3 3 3 3,12,10000,5046,4954,0.5046,7992,2008,0.7992,2946
configs/exp4/lru_lfu_arc_lfu.cfg,experiments/data/hot8_scan_c12_seed45.in,LRU LFU ARC LFU,4,3 3 3 3,12,10000,5694,4306,0.5694,7992,2008,0.7992,2298
configs/exp4/lru_lfu_arc_lirs.cfg,experiments/data/hot8_scan_c12_seed45.in,LRU LFU ARC LIRS,4,3 3 3 3,12,10000,5540,4460,0.554,7992,2008,0.7992,2452
configs/exp4/lru_lfu_arc_lru.cfg,experiments/data/hot8_scan_c12_seed45.in,LRU LFU ARC LRU,4,3 3 3 3,12,10000,4901,5099,0.4901,7992,2008,0.7992,3091
configs/exp4/lru_lfu_lfu.cfg,experiments/data/hot8_scan_c12_seed45.in,LRU LFU LFU,3,4 4 4,12,10000,6053,3947,0.6053,7992,2008,0.7992,1939
configs/exp4/lru_lfu_lfu_2q.cfg,experiments/data/hot8_scan_c12_seed45.in,LRU LFU LFU 2Q,4,3 3 3 3,12,10000,6459,3541,0.6459,7992,2008,0.7992,1533
configs/exp4/lru_lfu_lfu_arc.cfg,experiments/data/hot8_scan_c12_seed45.in,LRU LFU LFU ARC,4,3 3 3 3,12,10000,6200,3800,0.62,7992,2008,0.7992,1792
configs/exp4/lru_lfu_lfu_lfu.cfg,experiments/data/hot8_scan_c12_seed45.in,LRU LFU LFU LFU,4,3 3 3 3,12,10000,5780,4220,0.578,7992,2008,0.7992,2212
configs/exp4/lru_lfu_lfu_lirs.cfg,experiments/data/hot8_scan_c12_seed45.in,LRU LFU LFU LIRS,4,3 3 3 3,12,10000,6470,3530,0.647,7992,2008,0.7992,1522
configs/exp4/lru_lfu_lfu_lru.cfg,experiments/data/hot8_scan_c12_seed45.in,LRU LFU LFU LRU,4,3 3 3 3,12,10000,5662,4338,0.5662,7992,2008,0.7992,2330
configs/exp4/lru_lfu_lirs.cfg,experiments/data/hot8_scan_c12_seed45.in,LRU LFU LIRS,3,4 4 4,12,10000,6413,3587,0.6413,7992,2008,0.7992,1579
configs/exp4/lru_lfu_lirs_2q.cfg,experiments/data/hot8_scan_c12_seed45.in,LRU LFU LIRS 2Q,4,3 3 3 3,12,10000,5836,4164,0.5836,7992,2008,0.7992,2156
configs/exp4/lru_lfu_lirs_arc.cfg,experiments/data/hot8_scan_c12_seed45.in,LRU LFU LIRS ARC,4,3 3 3 3,12,10000,5552,4448,0.5552,7992,2008,0.7992,2440
configs/exp4/lru_lfu_lirs_lfu.cfg,experiments/data/hot8_scan_c12_seed45.in,LRU LFU LIRS LFU,4,3 3 3 3,12,10000,5951,4049,0.5951,7992,2008,0.7992,2041
configs/exp4/lru_lfu_lirs_lirs.cfg,experiments/data/hot8_scan_c12_seed45.in,LRU LFU LIRS LIRS,4,3 3 3 3,12,10000,5615,4385,0.5615,7992,2008,0.7992,2377
configs/exp4/lru_lfu_lirs_lru.cfg,experiments/data/hot8_scan_c12_seed45.in,LRU LFU LIRS LRU,4,3 3 3 3,12,10000,5397,4603,0.5397,7992,2008,0.7992,2595
configs/exp4/lru_lfu_lru.cfg,experiments/data/hot8_scan_c12_seed45.in,LRU LFU LRU,3,4 4 4,12,10000,5226,4774,0.5226,7992,2008,0.7992,2766
configs/exp4/lru_lfu_lru_2q.cfg,experiments/data/hot8_scan_c12_seed45.in,LRU LFU LRU 2Q,4,3 3 3 3,12,10000,5104,4896,0.5104,7992,2008,0.7992,2888
configs/exp4/lru_lfu_lru_arc.cfg,experiments/data/hot8_scan_c12_seed45.in,LRU LFU LRU ARC,4,3 3 3 3,12,10000,4842,5158,0.4842,7992,2008,0.7992,3150
configs/exp4/lru_lfu_lru_lfu.cfg,experiments/data/hot8_scan_c12_seed45.in,LRU LFU LRU LFU,4,3 3 3 3,12,10000,5052,4948,0.5052,7992,2008,0.7992,2940
configs/exp4/lru_lfu_lru_lirs.cfg,experiments/data/hot8_scan_c12_seed45.in,LRU LFU LRU LIRS,4,3 3 3 3,12,10000,5262,4738,0.5262,7992,2008,0.7992,2730
configs/exp4/lru_lfu_lru_lru.cfg,experiments/data/hot8_scan_c12_seed45.in,LRU LFU LRU LRU,4,3 3 3 3,12,10000,4108,5892,0.4108,7992,2008,0.7992,3884
configs/exp4/lru_lirs.cfg,experiments/data/hot8_scan_c12_seed45.in,LRU LIRS,2,6 6,12,10000,6431,3569,0.6431,7992,2008,0.7992,1561
configs/exp4/lru_lirs_2q.cfg,experiments/data/hot8_scan_c12_seed45.in,LRU LIRS 2Q,3,4 4 4,12,10000,5683,4317,0.5683,7992,2008,0.7992,2309
configs/exp4/lru_lirs_2q_2q.cfg,experiments/data/hot8_scan_c12_seed45.in,LRU LIRS 2Q 2Q,4,3 3 3 3,12,10000,5131,4869,0.5131,7992,2008,0.7992,2861
configs/exp4/lru_lirs_2q_arc.cfg,experiments/data/hot8_scan_c12_seed45.in,LRU LIRS 2Q ARC,4,3 3 3 3,12,10000,5202,4798,0.5202,7992,2008,0.7992,2790
configs/exp4/lru_lirs_2q_lfu.cfg,experiments/data/hot8_scan_c12_seed45.in,LRU LIRS 2Q LFU,4,3 3 3 3,12,10000,5472,4528,0.5472,7992,2008,0.7992,2520
configs/exp4/lru_lirs_2q_lirs.cfg,experiments/data/hot8_scan_c12_seed45.in,LRU LIRS 2Q LIRS,4,3 3 3 3,12,10000,5281,4719,0.5281,7992,2008,0.7992,2711
configs/exp4/lru_lirs_2q_lru.cfg,experiments/data/hot8_scan_c12_seed45.in,LRU LIRS 2Q LRU,4,3 3 3 3,12,10000,4954,5046,0.4954,7992,2008,0.7992,3038
configs/exp4/lru_lirs_arc.cfg,experiments/data/hot8_scan_c12_seed45.in,LRU LIRS ARC,3,4 4 4,12,10000,5411,4589,0.5411,7992,2008,0.7992,2581
configs/exp4/lru_lirs_arc_2q.cfg,experiments/data/hot8_scan_c12_seed45.in,LRU LIRS ARC 2Q,4,3 3 3 3,12,10000,5014,4986,0.5014,7992,2008,0.7992,2978
configs/exp4/lru_lirs_arc_arc.cfg,experiments/data/hot8_scan_c12_seed45.in,LRU LIRS ARC ARC,4,3 3 3 3,12,10000,4511,5489,0.4511,7992,2008,0.7992,3481
configs/exp4/lru_lirs_arc_lfu.cfg,experiments/data/hot8_scan_c12_seed45.in,LRU LIRS ARC LFU,4,3 3 3 3,12,10000,5050,4950,0.505,7992,2008,0.7992,2942
configs/exp4/lru_lirs_arc_lirs.cfg,experiments/data/hot8_scan_c12_seed45.in,LRU LIRS ARC LIRS,4,3 3 3 3,12,10000,4778,5222,0.4778,7992,2008,0.7992,3214
configs/exp4/lru_lirs_arc_lru.cfg,experiments/data/hot8_scan_c12_seed45.in,LRU LIRS ARC LRU,4,3 3 3 3,12,10000,4396,5604,0.4396,7992,2008,0.7992,3596
configs/exp4/lru_lirs_lfu.cfg,experiments/data/hot8_scan_c12_seed45.in,LRU LIRS LFU,3,4 4 4,12,10000,5883,4117,0.5883,7992,2008,0.7992,2109
configs/exp4/lru_lirs_lfu_2q.cfg,experiments/data/hot8_scan_c12_seed45.in,LRU LIRS LFU 2Q,4,3 3 3 3,12,10000,5598,4402,0.5598,7992,2008,0.7992,2394
configs/exp4/lru_lirs_lfu_arc.cfg,experiments/data/hot8_scan_c12_seed45.in,LRU LIRS LFU ARC,4,3 3 3 3,12,10000,5280,4720,0.528,7992,2008,0.7992,2712
configs/exp4/lru_lirs_lfu_lfu.cfg,experiments/data/hot8_scan_c12_seed45.in,LRU LIRS LFU LFU,4,3 3 3 3,12,10000,5682,4318,0.5682,7992,2008,0.7992,2310
configs/exp4/lru_lirs_lfu_lirs.cfg,experiments/data/hot8_scan_c12_seed45.in,LRU LIRS LFU LIRS,4,3 3 3 3,12,10000,5334,4666,0.5334,7992,2008,0.7992,2658
configs/exp4/lru_lirs_lfu_lru.cfg,experiments/data/hot8_scan_c12_seed45.in,LRU LIRS LFU LRU,4,3 3 3 3,12,10000,4989,5011,0.4989,7992,2008,0.7992,3003
configs/exp4/lru_lirs_lirs.cfg,experiments/data/hot8_scan_c12_seed45.in,LRU LIRS LIRS,3,4 4 4,12,10000,5488,4512,0.5488,7992,2008,0.7992,2504
configs/exp4/lru_lirs_lirs_2q.cfg,experiments/data/hot8_scan_c12_seed45.in,LRU LIRS LIRS 2Q,4,3 3 3 3,12,10000,4993,5007,0.4993,7992,2008,0.7992,2999
configs/exp4/lru_lirs_lirs_arc.cfg,experiments/data/hot8_scan_c12_seed45.in,LRU LIRS LIRS ARC,4,3 3 3 3,12,10000,4632,5368,0.4632,7992,2008,0.7992,3360
configs/exp4/lru_lirs_lirs_lfu.cfg,experiments/data/hot8_scan_c12_seed45.in,LRU LIRS LIRS LFU,4,3 3 3 3,12,10000,5082,4918,0.5082,7992,2008,0.7992,2910
configs/exp4/lru_lirs_lirs_lirs.cfg,experiments/data/hot8_scan_c12_seed45.in,LRU LIRS LIRS LIRS,4,3 3 3 3,12,10000,4410,5590,0.441,7992,2008,0.7992,3582
configs/exp4/lru_lirs_lirs_lru.cfg,experiments/data/hot8_scan_c12_seed45.in,LRU LIRS LIRS LRU,4,3 3 3 3,12,10000,4439,5561,0.4439,7992,2008,0.7992,3553
configs/exp4/lru_lirs_lru.cfg,experiments/data/hot8_scan_c12_seed45.in,LRU LIRS LRU,3,4 4 4,12,10000,5085,4915,0.5085,7992,2008,0.7992,2907
configs/exp4/lru_lirs_lru_2q.cfg,experiments/data/hot8_scan_c12_seed45.in,LRU LIRS LRU 2Q,4,3 3 3 3,12,10000,4816,5184,0.4816,7992,2008,0.7992,3176
configs/exp4/lru_lirs_lru_arc.cfg,experiments/data/hot8_scan_c12_seed45.in,LRU LIRS LRU ARC,4,3 3 3 3,12,10000,4455,5545,0.4455,7992,2008,0.7992,3537
configs/exp4/lru_lirs_lru_lfu.cfg,experiments/data/hot8_scan_c12_seed45.in,LRU LIRS LRU LFU,4,3 3 3 3,12,10000,4700,5300,0.47,7992,2008,0.7992,3292
configs/exp4/lru_lirs_lru_lirs.cfg,experiments/data/hot8_scan_c12_seed45.in,LRU LIRS LRU LIRS,4,3 3 3 3,12,10000,4459,5541,0.4459,7992,2008,0.7992,3533
configs/exp4/lru_lirs_lru_lru.cfg,experiments/data/hot8_scan_c12_seed45.in,LRU LIRS LRU LRU,4,3 3 3 3,12,10000,3821,6179,0.3821,7992,2008,0.7992,4171
configs/exp4/lru_lru_2q.cfg,experiments/data/hot8_scan_c12_seed45.in,LRU LRU 2Q,3,4 4 4,12,10000,4986,5014,0.4986,7992,2008,0.7992,3006
configs/exp4/lru_lru_2q_2q.cfg,experiments/data/hot8_scan_c12_seed45.in,LRU LRU 2Q 2Q,4,3 3 3 3,12,10000,4792,5208,0.4792,7992,2008,0.7992,3200
configs/exp4/lru_lru_2q_arc.cfg,experiments/data/hot8_scan_c12_seed45.in,LRU LRU 2Q ARC,4,3 3 3 3,12,10000,4676,5324,0.4676,7992,2008,0.7992,3316
configs/exp4/lru_lru_2q_lfu.cfg,experiments/data/hot8_scan_c12_seed45.in,LRU LRU 2Q LFU,4,3 3 3 3,12,10000,4815,5185,0.4815,7992,2008,0.7992,3177
configs/exp4/lru_lru_2q_lirs.cfg,experiments/data/hot8_scan_c12_seed45.in,LRU LRU 2Q LIRS,4,3 3 3 3,12,10000,5052,4948,0.5052,7992,2008,0.7992,2940
configs/exp4/lru_lru_2q_lru.cfg,experiments/data/hot8_scan_c12_seed45.in,LRU LRU 2Q LRU,4,3 3 3 3,12,10000,4072,5928,0.4072,7992,2008,0.7992,3920
configs/exp4/lru_lru_arc.cfg,experiments/data/hot8_scan_c12_seed45.in,LRU LRU ARC,3,4 4 4,12,10000,4313,5687,0.4313,7992,2008,0.7992,3679
configs/exp4/lru_lru_arc_2q.cfg,experiments/data/hot8_scan_c12_seed45.in,LRU LRU ARC 2Q,4,3 3 3 3,12,10000,4386,5614,0.4386,7992,2008,0.7992,3606
configs/exp4/lru_lru_arc_arc.cfg,experiments/data/hot8_scan_c12_seed45.in,LRU LRU ARC ARC,4,3 3 3 3,12,10000,3856,6144,0.3856,7992,2008,0.7992,4136
configs/exp4/lru_lru_arc_lfu.cfg,experiments/data/hot8_scan_c12_seed45.in,LRU LRU ARC LFU,4,3 3 3 3,12,10000,4382,5618,0.4382,7992,2008,0.7992,3610
configs/exp4/lru_lru_arc_lirs.cfg,experiments/data/hot8_scan_c12_seed45.in,LRU LRU ARC LIRS,4,3 3 3 3,12,10000,4326,5674,0.4326,7992,2008,0.7992,3666
configs/exp4/lru_lru_arc_lru.cfg,experiments/data/hot8_scan_c12_seed45.in,LRU LRU ARC LRU,4,3 3 3 3,12,10000,3472,6528,0.3472,7992,2008,0.7992,4520
configs/exp4/lru_lru_lfu.cfg,experiments/data/hot8_scan_c12_seed45.in,LRU LRU LFU,3,4 4 4,12,10000,4393,5607,0.4393,7992,2008,0.7992,3599
configs/exp4/lru_lru_lfu_2q.cfg,experiments/data/hot8_scan_c12_seed45.in,LRU LRU LFU 2Q,4,3 3 3 3,12,10000,4842,5158,0.4842,7992,2008,0.7992,3150
configs/exp4/lru_lru_lfu_arc.cfg,experiments/data/hot8_scan_c12_seed45.in,LRU LRU LFU ARC,4,3 3 3 3,12,10000,4326,5674,0.4326,7992,2008,0.7992,3666
configs/exp4/lru_lru_lfu_lfu.cfg,experiments/data/hot8_scan_c12_seed45.in,LRU LRU LFU LFU,4,3 3 3 3,12,10000,4772,5228,0.4772,7992,2008,0.7992,3220
configs/exp4/lru_lru_lfu_lirs.cfg,experiments/data/hot8_scan_c12_seed45.in,LRU LRU LFU LIRS,4,3 3 3 3,12,10000,4718,5282,0.4718,7992,2008,0.7992,3274
configs/exp4/lru_lru_lfu_lru.cfg,experiments/data/hot8_scan_c12_seed45.in,LRU LRU LFU LRU,4,3 3 3 3,12,10000,3668,6332,0.3668,7992,2008,0.7992,4324
configs/exp4/lru_lru_lirs.cfg,experiments/data/hot8_scan_c12_seed45.in,LRU LRU LIRS,3,4 4 4,12,10000,4795,5205,0.4795,7992,2008,0.7992,3197
configs/exp4/lru_lru_lirs_2q.cfg,experiments/data/hot8_scan_c12_seed45.in,LRU LRU LIRS 2Q,4,3 3 3 3,12,10000,4622,5378,0.4622,7992,2008,0.7992,3370
configs/exp4/lru_lru_lirs_arc.cfg,experiments/data/hot8_scan_c12_seed45.in,LRU LRU LIRS ARC,4,3 3 3 3,12,10000,4192,5808,0.4192,7992,2008,0.7992,3800
configs/exp4/lru_lru_lirs_lfu.cfg,experiments/data/hot8_scan_c12_seed45.in,LRU LRU LIRS LFU,4,3 3 3 3,12,10000,4628,5372,0.4628,7992,2008,0.7992,3364
configs/exp4/lru_lru_lirs_lirs.cfg,experiments/data/hot8_scan_c12_seed45.in,LRU LRU LIRS LIRS,4,3 3 3 3,12,10000,4194,5806,0.4194,7992,2008,0.7992,3798
configs/exp4/lru_lru_lirs_lru.cfg,experiments/data/hot8_scan_c12_seed45.in,LRU LRU LIRS LRU,4,3 3 3 3,12,10000,3832,6168,0.3832,7992,2008,0.7992,4160
configs/exp4/lru_lru_lru_2q.cfg,experiments/data/hot8_scan_c12_seed45.in,LRU LRU LRU 2Q,4,3 3 3 3,12,10000,3749,6251,0.3749,7992,2008,0.7992,4243
configs/exp4/lru_lru_lru_arc.cfg,experiments/data/hot8_scan_c12_seed45.in,LRU LRU LRU ARC,4,3 3 3 3,12,10000,2903,7097,0.2903,7992,2008,0.7992,5089
configs/exp4/lru_lru_lru_lfu.cfg,experiments/data/hot8_scan_c12_seed45.in,LRU LRU LRU LFU,4,3 3 3 3,12,10000,2721,7279,0.2721,7992,2008,0.7992,5271
configs/exp4/lru_lru_lru_lirs.cfg,experiments/data/hot8_scan_c12_seed45.in,LRU LRU LRU LIRS,4,3 3 3 3,12,10000,3591,6409,0.3591,7992,2008,0.7992,4401
configs/exp4/2q_2q_2q_arc.cfg,experiments/data/hot8_scan_c24_seed45.in,2Q 2Q 2Q ARC,4,6 6 6 6,24,10000,7698,2302,0.7698,7992,2008,0.7992,294
configs/exp4/2q_2q_2q_lfu.cfg,experiments/data/hot8_scan_c24_seed45.in,2Q 2Q 2Q LFU,4,6 6 6 6,24,10000,7772,2228,0.7772,7992,2008,0.7992,220
configs/exp4/2q_2q_2q_lirs.cfg,experiments/data/hot8_scan_c24_seed45.in,2Q 2Q 2Q LIRS,4,6 6 6 6,24,10000,7679,2321,0.7679,7992,2008,0.7992,313
configs/exp4/2q_2q_2q_lru.cfg,experiments/data/hot8_scan_c24_seed45.in,2Q 2Q 2Q LRU,4,6 6 6 6,24,10000,7667,2333,0.7667,7992,2008,0.7992,325
configs/exp4/2q_2q_arc.cfg,experiments/data/hot8_scan_c24_seed45.in,2Q 2Q ARC,3,8 8 8,24,10000,7942,2058,0.7942,7992,2008,0.7992,50
configs/exp4/2q_2q_arc_2q.cfg,experiments/data/hot8_scan_c24_seed45.in,2Q 2Q ARC 2Q,4,6 6 6 6,24,10000,7748,2252,0.7748,7992,2008,0.7992,244
configs/exp4/2q_2q_arc_arc.cfg,experiments/data/hot8_scan_c24_seed45.in,2Q 2Q ARC ARC,4,6 6 6 6,24,10000,7732,2268,0.7732,7992,2008,0.7992,260
configs/exp4/2q_2q_arc_lfu.cfg,experiments/data/hot8_scan_c24_seed45.in,2Q 2Q ARC LFU,4,6 6 6 6,24,10000,7793,2207,0.7793,7992,2008,0.7992,199
configs/exp4/2q_2q_arc_lirs.cfg,experiments/data/hot8_scan_c24_seed45.in,2Q 2Q ARC LIRS,4,6 6 6 6,24,10000,7752,2248,0.7752,7992,2008,0.7992,240
configs/exp4/2q_2q_arc_lru.cfg,experiments/data/hot8_scan_c24_seed45.in,2Q 2Q ARC LRU,4,6 6 6 6,24,10000,7625,2375,0.7625,7992,2008,0.7992,367
configs/exp4/2q_2q_lfu.cfg,experiments/data/hot8_scan_c24_seed45.in,2Q 2Q LFU,3,8 8 8,24,10000,7863,2137,0.7863,7992,2008,0.7992,129
configs/exp4/2q_2q_lfu_2q.cfg,experiments/data/hot8_scan_c24_seed45.in,2Q 2Q LFU 2Q,4,6 6 6 6,24,10000,7979,2021,0.7979,7992,2008,0.7992,13
configs/exp4/2q_2q_lfu_arc.cfg,experiments/data/hot8_scan_c24_seed45.in,2Q 2Q LFU ARC,4,6 6 6 6,24,10000,7977,2023,0.7977,7992,2008,0.7992,15
configs/exp4/2q_2q_lfu_lfu.cfg,experiments/data/hot8_scan_c24_seed45.in,2Q 2Q LFU LFU,4,6 6 6 6,24,10000,7977,2023,0.7977,7992,2008,0.7992,15
configs/exp4/2q_2q_lfu_lirs.cfg,experiments/data/hot8_scan_c24_seed45.in,2Q 2Q LFU LIRS,4,6 6 6 6,24,10000,7979,2021,0.7979,7992,2008,0.7992,13
configs/exp4/2q_2q_lfu_lru.cfg,experiments/data/hot8_scan_c24_seed45.in,2Q 2Q LFU LRU,4,6 6 6 6,24,10000,7754,2246,0.7754,7992,2008,0.7992,238
configs/exp4/2q_2q_lirs.cfg,experiments/data/hot8_scan_c24_seed45.in,2Q 2Q LIRS,3,8 8 8,24,10000,7951,2049,0.7951,7992,2008,0.7992,41
configs/exp4/2q_2q_lirs_2q.cfg,experiments/data/hot8_scan_c24_seed45.in,2Q 2Q LIRS 2Q,4,6 6 6 6,24,10000,7720,2280,0.772,7992,2008,0.7992,272
configs/exp4/2q_2q_lirs_arc.cfg,experiments/data/hot8_scan_c24_seed45.in,2Q 2Q LIRS ARC,4,6 6 6 6,24,10000,7731,2269,0.7731,7992,2008,0.7992,261
configs/exp4/2q_2q_lirs_lfu.cfg,experiments/data/hot8_scan_c24_seed45.in,2Q 2Q LIRS LFU,4,6 6 6 6,24,10000,7803,2197,0.7803,7992,2008,0.7992,189
configs/exp4/2q_2q_lirs_lirs.cfg,experiments/data/hot8_scan_c24_seed45.in,2Q 2Q LIRS LIRS,4,6 6 6 6,24,10000,7662,2338,0.7662,7992,2008,0.7992,330
configs/exp4/2q_2q_lirs_lru.cfg,experiments/data/hot8_scan_c24_seed45.in,2Q 2Q LIRS LRU,4,6 6 6 6,24,10000,7682,2318,0.7682,7992,2008,0.7992,310
configs/exp4/2q_2q_lru.cfg,experiments/data/hot8_scan_c24_seed45.in,2Q 2Q LRU,3,8 8 8,24,10000,7724,2276,0.7724,7992,2008,0.7992,268
configs/exp4/2q_2q_lru_2q.cfg,experiments/data/hot8_scan_c24_seed45.in,2Q 2Q LRU 2Q,4,6 6 6 6,24,10000,7697,2303,0.7697,7992,2008,0.7992,295
configs/exp4/2q_2q_lru_arc.cfg,experiments/data/hot8_scan_c24_seed45.in,2Q 2Q LRU ARC,4,6 6 6 6,24,10000,7642,2358,0.7642,7992,2008,0.7992,350
configs/exp4/2q_2q_lru_lfu.cfg,experiments/data/hot8_scan_c24_seed45.in,2Q 2Q LRU LFU,4,6 6 6 6,24,10000,7488,2512,0.7488,7992,2008,0.7992,504
configs/exp4/2q_2q_lru_lirs.cfg,experiments/data/hot8_scan_c24_seed45.in,2Q 2Q LRU LIRS,4,6 6 6 6,24,10000,7747,2253,0.7747,7992,2008,0.7992,245
configs/exp4/2q_2q_lru_lru.cfg,experiments/data/hot8_scan_c24_seed45.in,2Q 2Q LRU LRU,4,6 6 6 6,24,10000,7392,2608,0.7392,7992,2008,0.7992,600
configs/exp4/2q_arc.cfg,experiments/data/hot8_scan_c24_seed45.in,2Q ARC,2,12 12,24,10000,7992,2008,0.7992,7992,2008,0.7992,0
configs/exp4/2q_arc_2q.cfg,experiments/data/hot8_scan_c24_seed45.in,2Q ARC 2Q,3,8 8 8,24,10000,7873,2127,0.7873,7992,2008,0.7992,119
configs/exp4/2q_arc_2q_2q.cfg,experiments/data/hot8_scan_c24_seed45.in,2Q ARC 2Q 2Q,4,6 6 6 6,24,10000,7767,2233,0.7767,7992,2008,0.7992,225
configs/exp4/2q_arc_2q_arc.cfg,experiments/data/hot8_scan_c24_seed45.in,2Q ARC 2Q ARC,4,6 6 6 6,24,10000,7821,2179,0.7821,7992,2008,0.7992,171
configs/exp4/2q_arc_2q_lfu.cfg,experiments/data/hot8_scan_c24_seed45.in,2Q ARC 2Q LFU,4,6 6 6 6,24,10000,7823,2177,0.7823,7992,2008,0.7992,169
configs/exp4/2q_arc_2q_lirs.cfg,experiments/data/hot8_scan_c24_seed45.in,2Q ARC 2Q LIRS,4,6 6 6 6,24,10000,7851,2149,0.7851,7992,2008,0.7992,141
configs/exp4/2q_arc_2q_lru.cfg,experiments/data/hot8_scan_c24_seed45.in,2Q ARC 2Q LRU,4,6 6 6 6,24,10000,7613,2387,0.7613,7992,2008,0.7992,379
configs/exp4/2q_arc_arc.cfg,experiments/data/hot8_scan_c24_seed45.in,2Q ARC ARC,3,8 8 8,24,10000,7825,2175,0.7825,7992,2008,0.7992,167
configs/exp4/2q_arc_arc_2q.cfg,experiments/data/hot8_scan_c24_seed45.in,2Q ARC ARC 2Q,4,6 6 6 6,24,10000,7722,2278,0.7722,7992,2008,0.7992,270
configs/exp4/2q_arc_arc_arc.cfg,experiments/data/hot8_scan_c24_seed45.in,2Q ARC ARC ARC,4,6 6 6 6,24,10000,7659,2341,0.7659,7992,2008,0.7992,333
configs/exp4/2q_arc_arc_lfu.cfg,experiments/data/hot8_scan_c24_seed45.in,2Q ARC ARC LFU,4,6 6 6 6,24,10000,7751,2249,0.7751,7992,2008,0.7992,241
configs/exp4/2q_arc_arc_lirs.cfg,experiments/data/hot8_scan_c24_seed45.in,2Q ARC ARC LIRS,4,6 6 6 6,24,10000,7708,2292,0.7708,7992,2008,0.7992,284
configs/exp4/2q_arc_arc_lru.cfg,experiments/data/hot8_scan_c24_seed45.in,2Q ARC ARC LRU,4,6 6 6 6,24,10000,7474,2526,0.7474,7992,2008,0.7992,518
configs/exp4/2q_arc_lfu.cfg,experiments/data/hot8_scan_c24_seed45.in,2Q ARC LFU,3,8 8 8,24,10000,7825,2175,0.7825,7992,2008,0.7992,167
configs/exp4/2q_arc_lfu_2q.cfg,experiments/data/hot8_scan_c24_seed45.in,2Q ARC LFU 2Q,4,6 6 6 6,24,10000,7975,2025,0.7975,7992,2008,0.7992,17
configs/exp4/2q_arc_lfu_arc.cfg,experiments/data/hot8_scan_c24_seed45.in,2Q ARC LFU ARC,4,6 6 6 6,24,10000,7973,2027,0.7973,7992,2008,0.7992,19
configs/exp4/2q_arc_lfu_lfu.cfg,experiments/data/hot8_scan_c24_seed45.in,2Q ARC LFU LFU,4,6 6 6 6,24,10000,7973,2027,0.7973,7992,2008,0.7992,19
configs/exp4/2q_arc_lfu_lirs.cfg,experiments/data/hot8_scan_c24_seed45.in,2Q ARC LFU LIRS,4,6 6 6 6,24,10000,7981,2019,0.7981,7992,2008,0.7992,11
configs/exp4/2q_arc_lfu_lru.cfg,experiments/data/hot8_scan_c24_seed45.in,2Q ARC LFU LRU,4,6 6 6 6,24,10000,7684,2316,0.7684,7992,2008,0.7992,308
configs/exp4/2q_arc_lirs.cfg,experiments/data/hot8_scan_c24_seed45.in,2Q ARC LIRS,3,8 8 8,24,10000,7966,2034,0.7966,7992,2008,0.7992,26
configs/exp4/2q_arc_lirs_2q.cfg,experiments/data/hot8_scan_c24_seed45.in,2Q ARC LIRS 2Q,4,6 6 6 6,24,10000,7711,2289,0.7711,7992,2008,0.7992,281
configs/exp4/2q_arc_lirs_arc.cfg,experiments/data/hot8_scan_c24_seed45.in,2Q ARC LIRS ARC,4,6 6 6 6,24,10000,7714,2286,0.7714,7992,2008,0.7992,278
configs/exp4/2q_arc_lirs_lfu.cfg,experiments/data/hot8_scan_c24_seed45.in,2Q ARC LIRS LFU,4,6 6 6 6,24,10000,7753,2247,0.7753,7992,2008,0.7992,239
configs/exp4/2q_arc_lirs_lirs.cfg,experiments/data/hot8_scan_c24_seed45.in,2Q ARC LIRS LIRS,4,6 6 6 6,24,10000,7661,2339,0.7661,7992,2008,0.7992,331
configs/exp4/2q_arc_lirs_lru.cfg,experiments/data/hot8_scan_c24_seed45.in,2Q ARC LIRS LRU,4,6 6 6 6,24,10000,7546,2454,0.7546,7992,2008,0.7992,446
configs/exp4/2q_arc_lru.cfg,experiments/data/hot8_scan_c24_seed45.in,2Q ARC LRU,3,8 8 8,24,10000,7781,2219,0.7781,7992,2008,0.7992,211
configs/exp4/2q_arc_lru_2q.cfg,experiments/data/hot8_scan_c24_seed45.in,2Q ARC LRU 2Q,4,6 6 6 6,24,10000,7621,2379,0.7621,7992,2008,0.7992,371
configs/exp4/2q_arc_lru_arc.cfg,experiments/data/hot8_scan_c24_seed45.in,2Q ARC LRU ARC,4,6 6 6 6,24,10000,7433,2567,0.7433,7992,2008,0.7992,559
configs/exp4/2q_arc_lru_lfu.cfg,experiments/data/hot8_scan_c24_seed45.in,2Q ARC LRU LFU,4,6 6 6 6,24,10000,7316,2684,0.7316,7992,2008,0.7992,676
configs/exp4/2q_arc_lru_lirs.cfg,experiments/data/hot8_scan_c24_seed45.in,2Q ARC LRU LIRS,4,6 6 6 6,24,10000,7582,2418,0.7582,7992,2008,0.7992,410
configs/exp4/2q_arc_lru_lru.cfg,experiments/data/hot8_scan_c24_seed45.in,2Q ARC LRU LRU,4,6 6 6 6,24,10000,7151,2849,0.7151,7992,2008,0.7992,841
configs/exp4/2q_lfu.cfg,experiments/data/hot8_scan_c24_seed45.in,2Q LFU,2,12 12,24,10000,7992,2008,0.7992,7992,2008,0.7992,0
configs/exp4/2q_lfu_2q.cfg,experiments/data/hot8_scan_c24_seed45.in,2Q LFU 2Q,3,8 8 8,24,10000,7976,2024,0.7976,7992,2008,0.7992,16
configs/exp4/2q_lfu_2q_2q.cfg,experiments/data/hot8_scan_c24_seed45.in,2Q LFU 2Q 2Q,4,6 6 6 6,24,10000,7980,2020,0.798,7992,2008,0.7992,12
configs/exp4/2q_lfu_2q_arc.cfg,experiments/data/hot8_scan_c24_seed45.in,2Q LFU 2Q ARC,4,6 6 6 6,24,10000,7981,2019,0.7981,7992,2008,0.7992,11
configs/exp4/2q_lfu_2q_lfu.cfg,experiments/data/hot8_scan_c24_seed45.in,2Q LFU 2Q LFU,4,6 6 6 6,24,10000,7981,2019,0.7981,7992,2008,0.7992,11
configs/exp4/2q_lfu_2q_lirs.cfg,experiments/data/hot8_scan_c24_seed45.in,2Q LFU 2Q LIRS,4,6 6 6 6,24,10000,7985,2015,0.7985,7992,2008,0.7992,7
configs/exp4/2q_lfu_2q_lru.cfg,experiments/data/hot8_scan_c24_seed45.in,2Q LFU 2Q LRU,4,6 6 6 6,24,10000,7981,2019,0.7981,7992,2008,0.7992,11
configs/exp4/2q_lfu_arc.cfg,experiments/data/hot8_scan_c24_seed45.in,2Q LFU ARC,3,8 8 8,24,10000,7972,2028,0.7972,7992,2008,0.7992,20
configs/exp4/2q_lfu_arc_2q.cfg,experiments/data/hot8_scan_c24_seed45.in,2Q LFU ARC 2Q,4,6 6 6 6,24,10000,7981,2019,0.7981,7992,2008,0.7992,11
configs/exp4/2q_lfu_arc_arc.cfg,experiments/data/hot8_scan_c24_seed45.in,2Q LFU ARC ARC,4,6 6 6 6,24,10000,7981,2019,0.7981,7992,2008,0.7992,11
configs/exp4/2q_lfu_arc_lfu.cfg,experiments/data/hot8_scan_c24_seed45.in,2Q LFU ARC LFU,4,6 6 6 6,24,10000,7981,2019,0.7981,7992,2008,0.7992,11
configs/exp4/2q_lfu_arc_lirs.cfg,experiments/data/hot8_scan_c24_seed45.in,2Q LFU ARC LIRS,4,6 6 6 6,24,10000,7985,2015,0.7985,7992,2008,0.7992,7
configs/exp4/2q_lfu_arc_lru.cfg,experiments/data/hot8_scan_c24_seed45.in,2Q LFU ARC LRU,4,6 6 6 6,24,10000,7981,2019,0.7981,7992,2008,0.7992,11
configs/exp4/2q_lfu_lfu.cfg,experiments/data/hot8_scan_c24_seed45.in,2Q LFU LFU,3,8 8 8,24,10000,7972,2028,0.7972,7992,2008,0.7992,20
configs/exp4/2q_lfu_lfu_2q.cfg,experiments/data/hot8_scan_c24_seed45.in,2Q LFU LFU 2Q,4,6 6 6 6,24,10000,7981,2019,0.7981,7992,2008,0.7992,11
configs/exp4/2q_lfu_lfu_arc.cfg,experiments/data/hot8_scan_c24_seed45.in,2Q LFU LFU ARC,4,6 6 6 6,24,10000,7981,2019,0.7981,7992,2008,0.7992,11
configs/exp4/2q_lfu_lfu_lfu.cfg,experiments/data/hot8_scan_c24_seed45.in,2Q LFU LFU LFU,4,6 6 6 6,24,10000,7981,2019,0.7981,7992,2008,0.7992,11
configs/exp4/2q_lfu_lfu_lirs.cfg,experiments/data/hot8_scan_c24_seed45.in,2Q LFU LFU LIRS,4,6 6 6 6,24,10000,7985,2015,0.7985,7992,2008,0.7992,7
configs/exp4/2q_lfu_lfu_lru.cfg,experiments/data/hot8_scan_c24_seed45.in,2Q LFU LFU LRU,4,6 6 6 6,24,10000,7981,2019,0.7981,7992,2008,0.7992,11
configs/exp4/2q_lfu_lirs.cfg,experiments/data/hot8_scan_c24_seed45.in,2Q LFU LIRS,3,8 8 8,24,10000,7990,2010,0.799,7992,2008,0.7992,2
configs/exp4/2q_lfu_lirs_2q.cfg,experiments/data/hot8_scan_c24_seed45.in,2Q LFU LIRS 2Q,4,6 6 6 6,24,10000,7986,2014,0.7986,7992,2008,0.7992,6
configs/exp4/2q_lfu_lirs_arc.cfg,experiments/data/hot8_scan_c24_seed45.in,2Q LFU LIRS ARC,4,6 6 6 6,24,10000,7986,2014,0.7986,7992,2008,0.7992,6
configs/exp4/2q_lfu_lirs_lfu.cfg,experiments/data/hot8_scan_c24_seed45.in,2Q LFU LIRS LFU,4,6 6 6 6,24,10000,7986,2014,0.7986,7992,2008,0.7992,6
configs/exp4/2q_lfu_lirs_lirs.cfg,experiments/data/hot8_scan_c24_seed45.in,2Q LFU LIRS LIRS,4,6 6 6 6,24,10000,7987,2013,0.7987,7992,2008,0.7992,5
configs/exp4/2q_lfu_lirs_lru.cfg,experiments/data/hot8_scan_c24_seed45.in,2Q LFU LIRS LRU,4,6 6 6 6,24,10000,7986,2014,0.7986,7992,2008,0.7992,6
configs/exp4/2q_lfu_lru.cfg,experiments/data/hot8_scan_c24_seed45.in,2Q LFU LRU,3,8 8 8,24,10000,7891,2109,0.7891,7992,2008,0.7992,101
configs/exp4/2q_lfu_lru_2q.cfg,experiments/data/hot8_scan_c24_seed45.in,2Q LFU LRU 2Q,4,6 6 6 6,24,10000,7834,2166,0.7834,7992,2008,0.7992,158
configs/exp4/2q_lfu_lru_arc.cfg,experiments/data/hot8_scan_c24_seed45.in,2Q LFU LRU ARC,4,6 6 6 6,24,10000,7868,2132,0.7868,7992,2008,0.7992,124
configs/exp4/2q_lfu_lru_lfu.cfg,experiments/data/hot8_scan_c24_seed45.in,2Q LFU LRU LFU,4,6 6 6 6,24,10000,7680,2320,0.768,7992,2008,0.7992,312
configs/exp4/2q_lfu_lru_lirs.cfg,experiments/data/hot8_scan_c24_seed45.in,2Q LFU LRU LIRS,4,6 6 6 6,24,10000,7985,2015,0.7985,7992,2008,0.7992,7
configs/exp4/2q_lfu_lru_lru.cfg,experiments/data/hot8_scan_c24_seed45.in,2Q LFU LRU LRU,4,6 6 6 6,24,10000,7558,2442,0.7558,7992,2008,0.7992,434
configs/exp4/2q_lirs.cfg,experiments/data/hot8_scan_c24_seed45.in,2Q LIRS,2,12 12,24,10000,7992,2008,0.7992,7992,2008,0.7992,0
configs/exp4/2q_lirs_2q.cfg,experiments/data/hot8_scan_c24_seed45.in,2Q LIRS 2Q,3,8 8 8,24,10000,7917,2083,0.7917,7992,2008,0.7992,75
configs/exp4/2q_lirs_2q_2q.cfg,experiments/data/hot8_scan_c24_seed45.in,2Q LIRS 2Q 2Q,4,6 6 6 6,24,10000,7692,2308,0.7692,7992,2008,0.7992,300
configs/exp4/2q_lirs_2q_arc.cfg,experiments/data/hot8_scan_c24_seed45.in,2Q LIRS 2Q ARC,4,6 6 6 6,24,10000,7739,2261,0.7739,7992,2008,0.7992,253
configs/exp4/2q_lirs_2q_lfu.cfg,experiments/data/hot8_scan_c24_seed45.in,2Q LIRS 2Q LFU,4,6 6 6 6,24,10000,7780,2220,0.778,7992,2008,0.7992,212
configs/exp4/2q_lirs_2q_lirs.cfg,experiments/data/hot8_scan_c24_seed45.in,2Q LIRS 2Q LIRS,4,6 6 6 6,24,10000,7743,2257,0.7743,7992,2008,0.7992,249
configs/exp4/2q_lirs_2q_lru.cfg,experiments/data/hot8_scan_c24_seed45.in,2Q LIRS 2Q LRU,4,6 6 6 6,24,10000,7669,2331,0.7669,7992,2008,0.7992,323
configs/exp4/2q_lirs_arc.cfg,experiments/data/hot8_scan_c24_seed45.in,2Q LIRS ARC,3,8 8 8,24,10000,7958,2042,0.7958,7992,2008,0.7992,34
configs/exp4/2q_lirs_arc_2q.cfg,experiments/data/hot8_scan_c24_seed45.in,2Q LIRS ARC 2Q,4,6 6 6 6,24,10000,7736,2264,0.7736,7992,2008,0.7992,256
configs/exp4/2q_lirs_arc_arc.cfg,experiments/data/hot8_scan_c24_seed45.in,2Q LIRS ARC ARC,4,6 6 6 6,24,10000,7677,2323,0.7677,7992,2008,0.7992,315
configs/exp4/2q_lirs_arc_lfu.cfg,experiments/data/hot8_scan_c24_seed45.in,2Q LIRS ARC LFU,4,6 6 6 6,24,10000,7757,2243,0.7757,7992,2008,0.7992,235
configs/exp4/2q_lirs_arc_lirs.cfg,experiments/data/hot8_scan_c24_seed45.in,2Q LIRS ARC LIRS,4,6 6 6 6,24,10000,7721,2279,0.7721,7992,2008,0.7992,271
configs/exp4/2q_lirs_arc_lru.cfg,experiments/data/hot8_scan_c24_seed45.in,2Q LIRS ARC LRU,4,6 6 6 6,24,10000,7570,2430,0.757,7992,2008,0.7992,422
configs/exp4/2q_lirs_lfu.cfg,experiments/data/hot8_scan_c24_seed45.in,2Q LIRS LFU,3,8 8 8,24,10000,7931,2069,0.7931,7992,2008,0.7992,61
configs/exp4/2q_lirs_lfu_2q.cfg,experiments/data/hot8_scan_c24_seed45.in,2Q LIRS LFU 2Q,4,6 6 6 6,24,10000,7979,2021,0.7979,7992,2008,0.7992,13
configs/exp4/2q_lirs_lfu_arc.cfg,experiments/data/hot8_scan_c24_seed45.in,2Q LIRS LFU ARC,4,6 6 6 6,24,10000,7976,2024,0.7976,7992,2008,0.7992,16
configs/exp4/2q_lirs_lfu_lfu.cfg,experiments/data/hot8_scan_c24_seed45.in,2Q LIRS LFU LFU,4,6 6 6 6,24,10000,7976,2024,0.7976,7992,2008,0.7992,16
configs/exp4/2q_lirs_lfu_lirs.cfg,experiments/data/hot8_scan_c24_seed45.in,2Q LIRS LFU LIRS,4,6 6 6 6,24,10000,7986,2014,0.7986,7992,2008,0.7992,6
configs/exp4/2q_lirs_lfu_lru.cfg,experiments/data/hot8_scan_c24_seed45.in,2Q LIRS LFU LRU,4,6 6 6 6,24,10000,7760,2240,0.776,7992,2008,0.7992,232
configs/exp4/2q_lirs_lirs.cfg,experiments/data/hot8_scan_c24_seed45.in,2Q LIRS LIRS,3,8 8 8,24,10000,7947,2053,0.7947,7992,2008,0.7992,45
configs/exp4/2q_lirs_lirs_2q.cfg,experiments/data/hot8_scan_c24_seed45.in,2Q LIRS LIRS 2Q,4,6 6 6 6,24,10000,7653,2347,0.7653,7992,2008,0.7992,339
configs/exp4/2q_lirs_lirs_arc.cfg,experiments/data/hot8_scan_c24_seed45.in,2Q LIRS LIRS ARC,4,6 6 6 6,24,10000,7652,2348,0.7652,7992,2008,0.7992,340
configs/exp4/2q_lirs_lirs_lfu.cfg,experiments/data/hot8_scan_c24_seed45.in,2Q LIRS LIRS LFU,4,6 6 6 6,24,10000,7744,2256,0.7744,7992,2008,0.7992,248
configs/exp4/2q_lirs_lirs_lirs.cfg,experiments/data/hot8_scan_c24_seed45.in,2Q LIRS LIRS LIRS,4,6 6 6 6,24,10000,7563,2437,0.7563,7992,2008,0.7992,429
configs/exp4/2q_lirs_lirs_lru.cfg,experiments/data/hot8_scan_c24_seed45.in,2Q LIRS LIRS LRU,4,6 6 6 6,24,10000,7605,2395,0.7605,7992,2008,0.7992,387
configs/exp4/2q_lirs_lru.cfg,experiments/data/hot8_scan_c24_seed45.in,2Q LIRS LRU,3,8 8 8,24,10000,7844,2156,0.7844,7992,2008,0.7992,148
configs/exp4/2q_lirs_lru_2q.cfg,experiments/data/hot8_scan_c24_seed45.in,2Q LIRS LRU 2Q,4,6 6 6 6,24,10000,7644,2356,0.7644,7992,2008,0.7992,348
configs/exp4/2q_lirs_lru_arc.cfg,experiments/data/hot8_scan_c24_seed45.in,2Q LIRS LRU ARC,4,6 6 6 6,24,10000,7588,2412,0.7588,7992,2008,0.7992,404
configs/exp4/2q_lirs_lru_lfu.cfg,experiments/data/hot8_scan_c24_seed45.in,2Q LIRS LRU LFU,4,6 6 6 6,24,10000,7453,2547,0.7453,7992,2008,0.7992,539
configs/exp4/2q_lirs_lru_lirs.cfg,experiments/data/hot8_scan_c24_seed45.in,2Q LIRS LRU LIRS,4,6 6 6 6,24,10000,7713,2287,0.7713,7992,2008,0.7992,279
configs/exp4/2q_lirs_lru_lru.cfg,experiments/data/hot8_scan_c24_seed45.in,2Q LIRS LRU LRU,4,6 6 6 6,24,10000,7342,2658,0.7342,7992,2008,0.7992,650
configs/exp4/2q_lru.cfg,experiments/data/hot8_scan_c24_seed45.in,2Q LRU,2,12 12,24,10000,7992,2008,0.7992,7992,2008,0.7992,0
configs/exp4/2q_lru_2q.cfg,experiments/data/hot8_scan_c24_seed45.in,2Q LRU 2Q,3,8 8 8,24,10000,7744,2256,0.7744,7992,2008,0.7992,248
configs/exp4/2q_lru_2q_2q.cfg,experiments/data/hot8_scan_c24_seed45.in,2Q LRU 2Q 2Q,4,6 6 6 6,24,10000,7675,2325,0.7675,7992,2008,0.7992,317
configs/exp4/2q_lru_2q_arc.cfg,experiments/data/hot8_scan_c24_seed45.in,2Q LRU 2Q ARC,4,6 6 6 6,24,10000,7875,2125,0.7875,7992,2008,0.7992,117
configs/exp4/2q_lru_2q_lfu.cfg,experiments/data/hot8_scan_c24_seed45.in,2Q LRU 2Q LFU,4,6 6 6 6,24,10000,7604,2396,0.7604,7992,2008,0.7992,388
configs/exp4/2q_lru_2q_lirs.cfg,experiments/data/hot8_scan_c24_seed45.in,2Q LRU 2Q LIRS,4,6 6 6 6,24,10000,7967,2033,0.7967,7992,2008,0.7992,25
configs/exp4/2q_lru_2q_lru.cfg,experiments/data/hot8_scan_c24_seed45.in,2Q LRU 2Q LRU,4,6 6 6 6,24,10000,7496,2504,0.7496,7992,2008,0.7992,496
configs/exp4/2q_lru_arc.cfg,experiments/data/hot8_scan_c24_seed45.in,2Q LRU ARC,3,8 8 8,24,10000,7690,2310,0.769,7992,2008,0.7992,302
configs/exp4/2q_lru_arc_2q.cfg,experiments/data/hot8_scan_c24_seed45.in,2Q LRU ARC 2Q,4,6 6 6 6,24,10000,7618,2382,0.7618,7992,2008,0.7992,374
configs/exp4/2q_lru_arc_arc.cfg,experiments/data/hot8_scan_c24_seed45.in,2Q LRU ARC ARC,4,6 6 6 6,24,10000,7608,2392,0.7608,7992,2008,0.7992,384
configs/exp4/2q_lru_arc_lfu.cfg,experiments/data/hot8_scan_c24_seed45.in,2Q LRU ARC LFU,4,6 6 6 6,24,10000,7459,2541,0.7459,7992,2008,0.7992,533
configs/exp4/2q_lru_arc_lirs.cfg,experiments/data/hot8_scan_c24_seed45.in,2Q LRU ARC LIRS,4,6 6 6 6,24,10000,7753,2247,0.7753,7992,2008,0.7992,239
configs/exp4/2q_lru_arc_lru.cfg,experiments/data/hot8_scan_c24_seed45.in,2Q LRU ARC LRU,4,6 6 6 6,24,10000,7335,2665,0.7335,7992,2008,0.7992,657
configs/exp4/2q_lru_lfu.cfg,experiments/data/hot8_scan_c24_seed45.in,2Q LRU LFU,3,8 8 8,24,10000,7267,2733,0.7267,7992,2008,0.7992,725
configs/exp4/2q_lru_lfu_2q.cfg,experiments/data/hot8_scan_c24_seed45.in,2Q LRU LFU 2Q,4,6 6 6 6,24,10000,7822,2178,0.7822,7992,2008,0.7992,170
configs/exp4/2q_lru_lfu_arc.cfg,experiments/data/hot8_scan_c24_seed45.in,2Q LRU LFU ARC,4,6 6 6 6,24,10000,7772,2228,0.7772,7992,2008,0.7992,220
configs/exp4/2q_lru_lfu_lfu.cfg,experiments/data/hot8_scan_c24_seed45.in,2Q LRU LFU LFU,4,6 6 6 6,24,10000,7444,2556,0.7444,7992,2008,0.7992,548
configs/exp4/2q_lru_lfu_lirs.cfg,experiments/data/hot8_scan_c24_seed45.in,2Q LRU LFU LIRS,4,6 6 6 6,24,10000,7870,2130,0.787,7992,2008,0.7992,122
configs/exp4/2q_lru_lfu_lru.cfg,experiments/data/hot8_scan_c24_seed45.in,2Q LRU LFU LRU,4,6 6 6 6,24,10000,7067,2933,0.7067,7992,2008,0.7992,925
configs/exp4/2q_lru_lirs.cfg,experiments/data/hot8_scan_c24_seed45.in,2Q LRU LIRS,3,8 8 8,24,10000,7852,2148,0.7852,7992,2008,0.7992,140
configs/exp4/2q_lru_lirs_2q.cfg,experiments/data/hot8_scan_c24_seed45.in,2Q LRU LIRS 2Q,4,6 6 6 6,24,10000,7732,2268,0.7732,7992,2008,0.7992,260
configs/exp4/2q_lru_lirs_arc.cfg,experiments/data/hot8_scan_c24_seed45.in,2Q LRU LIRS ARC,4,6 6 6 6,24,10000,7729,2271,0.7729,7992,2008,0.7992,263
configs/exp4/2q_lru_lirs_lfu.cfg,experiments/data/hot8_scan_c24_seed45.in,2Q LRU LIRS LFU,4,6 6 6 6,24,10000,7574,2426,0.7574,7992,2008,0.7992,418
configs/exp4/2q_lru_lirs_lirs.cfg,experiments/data/hot8_scan_c24_seed45.in,2Q LRU LIRS LIRS,4,6 6 6 6,24,10000,7715,2285,0.7715,7992,2008,0.7992,277
configs/exp4/2q_lru_lirs_lru.cfg,experiments/data/hot8_scan_c24_seed45.in,2Q LRU LIRS LRU,4,6 6 6 6,24,10000,7413,2587,0.7413,7992,2008,0.7992,579
configs/exp4/2q_lru_lru.cfg,experiments/data/hot8_scan_c24_seed45.in,2Q LRU LRU,3,8 8 8,24,10000,7121,2879,0.7121,7992,2008,0.7992,871
configs/exp4/2q_lru_lru_2q.cfg,experiments/data/hot8_scan_c24_seed45.in,2Q LRU LRU 2Q,4,6 6 6 6,24,10000,7435,2565,0.7435,7992,2008,0.7992,557
configs/exp4/2q_lru_lru_arc.cfg,experiments/data/hot8_scan_c24_seed45.in,2Q LRU LRU ARC,4,6 6 6 6,24,10000,7215,2785,0.7215,7992,2008,0.7992,777
configs/exp4/2q_lru_lru_lfu.cfg,experiments/data/hot8_scan_c24_seed45.in,2Q LRU LRU LFU,4,6 6 6 6,24,10000,6862,3138,0.6862,7992,2008,0.7992,1130
configs/exp4/2q_lru_lru_lirs.cfg,experiments/data/hot8_scan_c24_seed45.in,2Q LRU LRU LIRS,4,6 6 6 6,24,10000,7377,2623,0.7377,7992,2008,0.7992,615
configs/exp4/2q_lru_lru_lru.cfg,experiments/data/hot8_scan_c24_seed45.in,2Q LRU LRU LRU,4,6 6 6 6,24,10000,6624,3376,0.6624,7992,2008,0.7992,1368
configs/exp4/arc_2q.cfg,experiments/data/hot8_scan_c24_seed45.in,ARC 2Q,2,12 12,24,10000,7992,2008,0.7992,7992,2008,0.7992,0
configs/exp4/arc_2q_2q.cfg,experiments/data/hot8_scan_c24_seed45.in,ARC 2Q 2Q,3,8 8 8,24,10000,7893,2107,0.7893,7992,2008,0.7992,99
configs/exp4/arc_2q_2q_2q.cfg,experiments/data/hot8_scan_c24_seed45.in,ARC 2Q 2Q 2Q,4,6 6 6 6,24,10000,7700,2300,0.77,7992,2008,0.7992,292
configs/exp4/arc_2q_2q_arc.cfg,experiments/data/hot8_scan_c24_seed45.in,ARC 2Q 2Q ARC,4,6 6 6 6,24,10000,7799,2201,0.7799,7992,2008,0.7992,193
configs/exp4/arc_2q_2q_lfu.cfg,experiments/data/hot8_scan_c24_seed45.in,ARC 2Q 2Q LFU,4,6 6 6 6,24,10000,7790,2210,0.779,7992,2008,0.7992,202
configs/exp4/arc_2q_2q_lirs.cfg,experiments/data/hot8_scan_c24_seed45.in,ARC 2Q 2Q LIRS,4,6 6 6 6,24,10000,7816,2184,0.7816,7992,2008,0.7992,176
configs/exp4/arc_2q_2q_lru.cfg,experiments/data/hot8_scan_c24_seed45.in,ARC 2Q 2Q LRU,4,6 6 6 6,24,10000,7709,2291,0.7709,7992,2008,0.7992,283
configs/exp4/arc_2q_arc.cfg,experiments/data/hot8_scan_c24_seed45.in,ARC 2Q ARC,3,8 8 8,24,10000,7939,2061,0.7939,7992,2008,0.7992,53
configs/exp4/arc_2q_arc_2q.cfg,experiments/data/hot8_scan_c24_seed45.in,ARC 2Q ARC 2Q,4,6 6 6 6,24,10000,7823,2177,0.7823,7992,2008,0.7992,169
configs/exp4/arc_2q_arc_arc.cfg,experiments/data/hot8_scan_c24_seed45.in,ARC 2Q ARC ARC,4,6 6 6 6,24,10000,7778,2222,0.7778,7992,2008,0.7992,214
configs/exp4/arc_2q_arc_lfu.cfg,experiments/data/hot8_scan_c24_seed45.in,ARC 2Q ARC LFU,4,6 6 6 6,24,10000,7847,2153,0.7847,7992,2008,0.7992,145
configs/exp4/arc_2q_arc_lirs.cfg,experiments/data/hot8_scan_c24_seed45.in,ARC 2Q ARC LIRS,4,6 6 6 6,24,10000,7814,2186,0.7814,7992,2008,0.7992,178
configs/exp4/arc_2q_arc_lru.cfg,experiments/data/hot8_scan_c24_seed45.in,ARC 2Q ARC LRU,4,6 6 6 6,24,10000,7715,2285,0.7715,7992,2008,0.7992,277
configs/exp4/arc_2q_lfu.cfg,experiments/data/hot8_scan_c24_seed45.in,ARC 2Q LFU,3,8 8 8,24,10000,7872,2128,0.7872,7992,2008,0.7992,120
configs/exp4/arc_2q_lfu_2q.cfg,experiments/data/hot8_scan_c24_seed45.in,ARC 2Q LFU 2Q,4,6 6 6 6,24,10000,7975,2025,0.7975,7992,2008,0.7992,17
configs/exp4/arc_2q_lfu_arc.cfg,experiments/data/hot8_scan_c24_seed45.in,ARC 2Q LFU ARC,4,6 6 6 6,24,10000,7970,2030,0.797,7992,2008,0.7992,22
configs/exp4/arc_2q_lfu_lfu.cfg,experiments/data/hot8_scan_c24_seed45.in,ARC 2Q LFU LFU,4,6 6 6 6,24,10000,7954,2046,0.7954,7992,2008,0.7992,38
configs/exp4/arc_2q_lfu_lirs.cfg,experiments/data/hot8_scan_c24_seed45.in,ARC 2Q LFU LIRS,4,6 6 6 6,24,10000,7978,2022,0.7978,7992,2008,0.7992,14
configs/exp4/arc_2q_lfu_lru.cfg,experiments/data/hot8_scan_c24_seed45.in,ARC 2Q LFU LRU,4,6 6 6 6,24,10000,7743,2257,0.7743,7992,2008,0.7992,249
configs/exp4/arc_2q_lirs.cfg,experiments/data/hot8_scan_c24_seed45.in,ARC 2Q LIRS,3,8 8 8,24,10000,7986,2014,0.7986,7992,2008,0.7992,6
configs/exp4/arc_2q_lirs_2q.cfg,experiments/data/hot8_scan_c24_seed45.in,ARC 2Q LIRS 2Q,4,6 6 6 6,24,10000,7853,2147,0.7853,7992,2008,0.7992,139
configs/exp4/arc_2q_lirs_arc.cfg,experiments/data/hot8_scan_c24_seed45.in,ARC 2Q LIRS ARC,4,6 6 6 6,24,10000,7851,2149,0.7851,7992,2008,0.7992,141
configs/exp4/arc_2q_lirs_lfu.cfg,experiments/data/hot8_scan_c24_seed45.in,ARC 2Q LIRS LFU,4,6 6 6 6,24,10000,7881,2119,0.7881,7992,2008,0.7992,111
configs/exp4/arc_2q_lirs_lirs.cfg,experiments/data/hot8_scan_c24_seed45.in,ARC 2Q LIRS LIRS,4,6 6 6 6,24,10000,7798,2202,0.7798,7992,2008,0.7992,194
configs/exp4/arc_2q_lirs_lru.cfg,experiments/data/hot8_scan_c24_seed45.in,ARC 2Q LIRS LRU,4,6 6 6 6,24,10000,7776,2224,0.7776,7992,2008,0.7992,216
configs/exp4/arc_2q_lru.cfg,experiments/data/hot8_scan_c24_seed45.in,ARC 2Q LRU,3,8 8 8,24,10000,7812,2188,0.7812,7992,2008,0.7992,180
configs/exp4/arc_2q_lru_2q.cfg,experiments/data/hot8_scan_c24_seed45.in,ARC 2Q LRU 2Q,4,6 6 6 6,24,10000,7698,2302,0.7698,7992,2008,0.7992,294
configs/exp4/arc_2q_lru_arc.cfg,experiments/data/hot8_scan_c24_seed45.in,ARC 2Q LRU ARC,4,6 6 6 6,24,10000,7670,2330,0.767,7992,2008,0.7992,322
configs/exp4/arc_2q_lru_lfu.cfg,experiments/data/hot8_scan_c24_seed45.in,ARC 2Q LRU LFU,4,6 6 6 6,24,10000,7351,2649,0.7351,7992,2008,0.7992,641
configs/exp4/arc_2q_lru_lirs.cfg,experiments/data/hot8_scan_c24_seed45.in,ARC 2Q LRU LIRS,4,6 6 6 6,24,10000,7777,2223,0.7777,7992,2008,0.7992,215
configs/exp4/arc_2q_lru_lru.cfg,experiments/data/hot8_scan_c24_seed45.in,ARC 2Q LRU LRU,4,6 6 6 6,24,10000,7207,2793,0.7207,7992,2008,0.7992,785
configs/exp4/arc_arc_2q.cfg,experiments/data/hot8_scan_c24_seed45.in,ARC ARC 2Q,3,8 8 8,24,10000,7926,2074,0.7926,7992,2008,0.7992,66
configs/exp4/arc_arc_2q_2q.cfg,experiments/data/hot8_scan_c24_seed45.in,ARC ARC 2Q 2Q,4,6 6 6 6,24,10000,7692,2308,0.7692,7992,2008,0.7992,300
configs/exp4/arc_arc_2q_arc.cfg,experiments/data/hot8_scan_c24_seed45.in,ARC ARC 2Q ARC,4,6 6 6 6,24,10000,7795,2205,0.7795,7992,2008,0.7992,197
configs/exp4/arc_arc_2q_lfu.cfg,experiments/data/hot8_scan_c24_seed45.in,ARC ARC 2Q LFU,4,6 6 6 6,24,10000,7689,2311,0.7689,7992,2008,0.7992,303
configs/exp4/arc_arc_2q_lirs.cfg,experiments/data/hot8_scan_c24_seed45.in,ARC ARC 2Q LIRS,4,6 6 6 6,24,10000,7872,2128,0.7872,7992,2008,0.7992,120
configs/exp4/arc_arc_2q_lru.cfg,experiments/data/hot8_scan_c24_seed45.in,ARC ARC 2Q LRU,4,6 6 6 6,24,10000,7482,2518,0.7482,7992,2008,0.7992,510
configs/exp4/arc_arc_arc_2q.cfg,experiments/data/hot8_scan_c24_seed45.in,ARC ARC ARC 2Q,4,6 6 6 6,24,10000,7613,2387,0.7613,7992,2008,0.7992,379
configs/exp4/arc_arc_arc_lfu.cfg,experiments/data/hot8_scan_c24_seed45.in,ARC ARC ARC LFU,4,6 6 6 6,24,10000,7640,2360,0.764,7992,2008,0.7992,352
configs/exp4/arc_arc_arc_lirs.cfg,experiments/data/hot8_scan_c24_seed45.in,ARC ARC ARC LIRS,4,6 6 6 6,24,10000,7645,2355,0.7645,7992,2008,0.7992,347
configs/exp4/arc_arc_arc_lru.cfg,experiments/data/hot8_scan_c24_seed45.in,ARC ARC ARC LRU,4,6 6 6 6,24,10000,7245,2755,0.7245,7992,2008,0.7992,747
configs/exp4/arc_arc_lfu.cfg,experiments/data/hot8_scan_c24_seed45.in,ARC ARC LFU,3,8 8 8,24,10000,7869,2131,0.7869,7992,2008,0.7992,123
configs/exp4/arc_arc_lfu_2q.cfg,experiments/data/hot8_scan_c24_seed45.in,ARC ARC LFU 2Q,4,6 6 6 6,24,10000,7964,2036,0.7964,7992,2008,0.7992,28
configs/exp4/arc_arc_lfu_arc.cfg,experiments/data/hot8_scan_c24_seed45.in,ARC ARC LFU ARC,4,6 6 6 6,24,10000,7955,2045,0.7955,7992,2008,0.7992,37
configs/exp4/arc_arc_lfu_lfu.cfg,experiments/data/hot8_scan_c24_seed45.in,ARC ARC LFU LFU,4,6 6 6 6,24,10000,7955,2045,0.7955,7992,2008,0.7992,37
configs/exp4/arc_arc_lfu_lirs.cfg,experiments/data/hot8_scan_c24_seed45.in,ARC ARC LFU LIRS,4,6 6 6 6,24,10000,7979,2021,0.7979,7992,2008,0.7992,13
configs/exp4/arc_arc_lfu_lru.cfg,experiments/data/hot8_scan_c24_seed45.in,ARC ARC LFU LRU,4,6 6 6 6,24,10000,7514,2486,0.7514,7992,2008,0.7992,478
configs/exp4/arc_arc_lirs.cfg,experiments/data/hot8_scan_c24_seed45.in,ARC ARC LIRS,3,8 8 8,24,10000,7968,2032,0.7968,7992,2008,0.7992,24
configs/exp4/arc_arc_lirs_2q.cfg,experiments/data/hot8_scan_c24_seed45.in,ARC ARC LIRS 2Q,4,6 6 6 6,24,10000,7714,2286,0.7714,7992,2008,0.7992,278
configs/exp4/arc_arc_lirs_arc.cfg,experiments/data/hot8_scan_c24_seed45.in,ARC ARC LIRS ARC,4,6 6 6 6,24,10000,7688,2312,0.7688,7992,2008,0.7992,304
configs/exp4/arc_arc_lirs_lfu.cfg,experiments/data/hot8_scan_c24_seed45.in,ARC ARC LIRS LFU,4,6 6 6 6,24,10000,7688,2312,0.7688,7992,2008,0.7992,304
configs/exp4/arc_arc_lirs_lirs.cfg,experiments/data/hot8_scan_c24_seed45.in,ARC ARC LIRS LIRS,4,6 6 6 6,24,10000,7647,2353,0.7647,7992,2008,0.7992,345
configs/exp4/arc_arc_lirs_lru.cfg,experiments/data/hot8_scan_c24_seed45.in,ARC ARC LIRS LRU,4,6 6 6 6,24,10000,7387,2613,0.7387,7992,2008,0.7992,605
configs/exp4/arc_arc_lru.cfg,experiments/data/hot8_scan_c24_seed45.in,ARC ARC LRU,3,8 8 8,24,10000,7812,2188,0.7812,7992,2008,0.7992,180
configs/exp4/arc_arc_lru_2q.cfg,experiments/data/hot8_scan_c24_seed45.in,ARC ARC LRU 2Q,4,6 6 6 6,24,10000,7464,2536,0.7464,7992,2008,0.7992,528
configs/exp4/arc_arc_lru_arc.cfg,experiments/data/hot8_scan_c24_seed45.in,ARC ARC LRU ARC,4,6 6 6 6,24,10000,7024,2976,0.7024,7992,2008,0.7992,968
configs/exp4/arc_arc_lru_lfu.cfg,experiments/data/hot8_scan_c24_seed45.in,ARC ARC LRU LFU,4,6 6 6 6,24,10000,6780,3220,0.678,7992,2008,0.7992,1212
configs/exp4/arc_arc_lru_lirs.cfg,experiments/data/hot8_scan_c24_seed45.in,ARC ARC LRU LIRS,4,6 6 6 6,24,10000,7410,2590,0.741,7992,2008,0.7992,582
configs/exp4/arc_arc_lru_lru.cfg,experiments/data/hot8_scan_c24_seed45.in,ARC ARC LRU LRU,4,6 6 6 6,24,10000,6702,3298,0.6702,7992,2008,0.7992,1290
configs/exp4/arc_lfu.cfg,experiments/data/hot8_scan_c24_seed45.in,ARC LFU,2,12 12,24,10000,7992,2008,0.7992,7992,2008,0.7992,0
configs/exp4/arc_lfu_2q.cfg,experiments/data/hot8_scan_c24_seed45.in,ARC LFU 2Q,3,8 8 8,24,10000,7966,2034,0.7966,7992,2008,0.7992,26
configs/exp4/arc_lfu_2q_2q.cfg,experiments/data/hot8_scan_c24_seed45.in,ARC LFU 2Q 2Q,4,6 6 6 6,24,10000,7976,2024,0.7976,7992,2008,0.7992,16
configs/exp4/arc_lfu_2q_arc.cfg,experiments/data/hot8_scan_c24_seed45.in,ARC LFU 2Q ARC,4,6 6 6 6,24,10000,7977,2023,0.7977,7992,2008,0.7992,15
configs/exp4/arc_lfu_2q_lfu.cfg,experiments/data/hot8_scan_c24_seed45.in,ARC LFU 2Q LFU,4,6 6 6 6,24,10000,7977,2023,0.7977,7992,2008,0.7992,15
configs/exp4/arc_lfu_2q_lirs.cfg,experiments/data/hot8_scan_c24_seed45.in,ARC LFU 2Q LIRS,4,6 6 6 6,24,10000,7985,2015,0.7985,7992,2008,0.7992,7
configs/exp4/arc_lfu_2q_lru.cfg,experiments/data/hot8_scan_c24_seed45.in,ARC LFU 2Q LRU,4,6 6 6 6,24,10000,7977,2023,0.7977,7992,2008,0.7992,15
configs/exp4/arc_lfu_arc.cfg,experiments/data/hot8_scan_c24_seed45.in,ARC LFU ARC,3,8 8 8,24,10000,7936,2064,0.7936,7992,2008,0.7992,56
configs/exp4/arc_lfu_arc_2q.cfg,experiments/data/hot8_scan_c24_seed45.in,ARC LFU ARC 2Q,4,6 6 6 6,24,10000,7977,2023,0.7977,7992,2008,0.7992,15
configs/exp4/arc_lfu_arc_arc.cfg,experiments/data/hot8_scan_c24_seed45.in,ARC LFU ARC ARC,4,6 6 6 6,24,10000,7973,2027,0.7973,7992,2008,0.7992,19
configs/exp4/arc_lfu_arc_lfu.cfg,experiments/data/hot8_scan_c24_seed45.in,ARC LFU ARC LFU,4,6 6 6 6,24,10000,7973,2027,0.7973,7992,2008,0.7992,19
configs/exp4/arc_lfu_arc_lirs.cfg,experiments/data/hot8_scan_c24_seed45.in,ARC LFU ARC LIRS,4,6 6 6 6,24,10000,7985,2015,0.7985,7992,2008,0.7992,7
configs/exp4/arc_lfu_arc_lru.cfg,experiments/data/hot8_scan_c24_seed45.in,ARC LFU ARC LRU,4,6 6 6 6,24,10000,7973,2027,0.7973,7992,2008,0.7992,19
configs/exp4/arc_lfu_lfu.cfg,experiments/data/hot8_scan_c24_seed45.in,ARC LFU LFU,3,8 8 8,24,10000,7938,2062,0.7938,7992,2008,0.7992,54
configs/exp4/arc_lfu_lfu_2q.cfg,experiments/data/hot8_scan_c24_seed45.in,ARC LFU LFU 2Q,4,6 6 6 6,24,10000,7977,2023,0.7977,7992,2008,0.7992,15
configs/exp4/arc_lfu_lfu_arc.cfg,experiments/data/hot8_scan_c24_seed45.in,ARC LFU LFU ARC,4,6 6 6 6,24,10000,7973,2027,0.7973,7992,2008,0.7992,19
configs/exp4/arc_lfu_lfu_lfu.cfg,experiments/data/hot8_scan_c24_seed45.in,ARC LFU LFU LFU,4,6 6 6 6,24,10000,7973,2027,0.7973,7992,2008,0.7992,19
configs/exp4/arc_lfu_lfu_lirs.cfg,experiments/data/hot8_scan_c24_seed45.in,ARC LFU LFU LIRS,4,6 6 6 6,24,10000,7985,2015,0.7985,7992,2008,0.7992,7
configs/exp4/arc_lfu_lfu_lru.cfg,experiments/data/hot8_scan_c24_seed45.in,ARC LFU LFU LRU,4,6 6 6 6,24,10000,7973,2027,0.7973,7992,2008,0.7992,19
configs/exp4/arc_lfu_lirs.cfg,experiments/data/hot8_scan_c24_seed45.in,ARC LFU LIRS,3,8 8 8,24,10000,7990,2010,0.799,7992,2008,0.7992,2
configs/exp4/arc_lfu_lirs_2q.cfg,experiments/data/hot8_scan_c24_seed45.in,ARC LFU LIRS 2Q,4,6 6 6 6,24,10000,7985,2015,0.7985,7992,2008,0.7992,7
configs/exp4/arc_lfu_lirs_arc.cfg,experiments/data/hot8_scan_c24_seed45.in,ARC LFU LIRS ARC,4,6 6 6 6,24,10000,7985,2015,0.7985,7992,2008,0.7992,7
configs/exp4/arc_lfu_lirs_lfu.cfg,experiments/data/hot8_scan_c24_seed45.in,ARC LFU LIRS LFU,4,6 6 6 6,24,10000,7985,2015,0.7985,7992,2008,0.7992,7
configs/exp4/arc_lfu_lirs_lirs.cfg,experiments/data/hot8_scan_c24_seed45.in,ARC LFU LIRS LIRS,4,6 6 6 6,24,10000,7985,2015,0.7985,7992,2008,0.7992,7
configs/exp4/arc_lfu_lirs_lru.cfg,experiments/data/hot8_scan_c24_seed45.in,ARC LFU LIRS LRU,4,6 6 6 6,24,10000,7985,2015,0.7985,7992,2008,0.7992,7
configs/exp4/arc_lfu_lru.cfg,experiments/data/hot8_scan_c24_seed45.in,ARC LFU LRU,3,8 8 8,24,10000,7612,2388,0.7612,7992,2008,0.7992,380
configs/exp4/arc_lfu_lru_2q.cfg,experiments/data/hot8_scan_c24_seed45.in,ARC LFU LRU 2Q,4,6 6 6 6,24,10000,7760,2240,0.776,7992,2008,0.7992,232
configs/exp4/arc_lfu_lru_arc.cfg,experiments/data/hot8_scan_c24_seed45.in,ARC LFU LRU ARC,4,6 6 6 6,24,10000,7922,2078,0.7922,7992,2008,0.7992,70
configs/exp4/arc_lfu_lru_lfu.cfg,experiments/data/hot8_scan_c24_seed45.in,ARC LFU LRU LFU,4,6 6 6 6,24,10000,7743,2257,0.7743,7992,2008,0.7992,249
configs/exp4/arc_lfu_lru_lirs.cfg,experiments/data/hot8_scan_c24_seed45.in,ARC LFU LRU LIRS,4,6 6 6 6,24,10000,7985,2015,0.7985,7992,2008,0.7992,7
configs/exp4/arc_lfu_lru_lru.cfg,experiments/data/hot8_scan_c24_seed45.in,ARC LFU LRU LRU,4,6 6 6 6,24,10000,7376,2624,0.7376,7992,2008,0.7992,616
configs/exp4/arc_lirs.cfg,experiments/data/hot8_scan_c24_seed45.in,ARC LIRS,2,12 12,24,10000,7992,2008,0.7992,7992,2008,0.7992,0
configs/exp4/arc_lirs_2q.cfg,experiments/data/hot8_scan_c24_seed45.in,ARC LIRS 2Q,3,8 8 8,24,10000,7933,2067,0.7933,7992,2008,0.7992,59
configs/exp4/arc_lirs_2q_2q.cfg,experiments/data/hot8_scan_c24_seed45.in,ARC LIRS 2Q 2Q,4,6 6 6 6,24,10000,7730,2270,0.773,7992,2008,0.7992,262
configs/exp4/arc_lirs_2q_arc.cfg,experiments/data/hot8_scan_c24_seed45.in,ARC LIRS 2Q ARC,4,6 6 6 6,24,10000,7792,2208,0.7792,7992,2008,0.7992,200
configs/exp4/arc_lirs_2q_lfu.cfg,experiments/data/hot8_scan_c24_seed45.in,ARC LIRS 2Q LFU,4,6 6 6 6,24,10000,7765,2235,0.7765,7992,2008,0.7992,227
configs/exp4/arc_lirs_2q_lirs.cfg,experiments/data/hot8_scan_c24_seed45.in,ARC LIRS 2Q LIRS,4,6 6 6 6,24,10000,7806,2194,0.7806,7992,2008,0.7992,186
configs/exp4/arc_lirs_2q_lru.cfg,experiments/data/hot8_scan_c24_seed45.in,ARC LIRS 2Q LRU,4,6 6 6 6,24,10000,7599,2401,0.7599,7992,2008,0.7992,393
configs/exp4/arc_lirs_arc.cfg,experiments/data/hot8_scan_c24_seed45.in,ARC LIRS ARC,3,8 8 8,24,10000,7916,2084,0.7916,7992,2008,0.7992,76
configs/exp4/arc_lirs_arc_2q.cfg,experiments/data/hot8_scan_c24_seed45.in,ARC LIRS ARC 2Q,4,6 6 6 6,24,10000,7702,2298,0.7702,7992,2008,0.7992,290
configs/exp4/arc_lirs_arc_arc.cfg,experiments/data/hot8_scan_c24_seed45.in,ARC LIRS ARC ARC,4,6 6 6 6,24,10000,7627,2373,0.7627,7992,2008,0.7992,365
configs/exp4/arc_lirs_arc_lfu.cfg,experiments/data/hot8_scan_c24_seed45.in,ARC LIRS ARC LFU,4,6 6 6 6,24,10000,7737,2263,0.7737,7992,2008,0.7992,255
configs/exp4/arc_lirs_arc_lirs.cfg,experiments/data/hot8_scan_c24_seed45.in,ARC LIRS ARC LIRS,4,6 6 6 6,24,10000,7676,2324,0.7676,7992,2008,0.7992,316
configs/exp4/arc_lirs_arc_lru.cfg,experiments/data/hot8_scan_c24_seed45.in,ARC LIRS ARC LRU,4,6 6 6 6,24,10000,7475,2525,0.7475,7992,2008,0.7992,517
configs/exp4/arc_lirs_lfu.cfg,experiments/data/hot8_scan_c24_seed45.in,ARC LIRS LFU,3,8 8 8,24,10000,7909,2091,0.7909,7992,2008,0.7992,83
configs/exp4/arc_lirs_lfu_2q.cfg,experiments/data/hot8_scan_c24_seed45.in,ARC LIRS LFU 2Q,4,6 6 6 6,24,10000,7980,2020,0.798,7992,2008,0.7992,12
configs/exp4/arc_lirs_lfu_arc.cfg,experiments/data/hot8_scan_c24_seed45.in,ARC LIRS LFU ARC,4,6 6 6 6,24,10000,7978,2022,0.7978,7992,2008,0.7992,14
configs/exp4/arc_lirs_lfu_lfu.cfg,experiments/data/hot8_scan_c24_seed45.in,ARC LIRS LFU LFU,4,6 6 6 6,24,10000,7977,2023,0.7977,7992,2008,0.7992,15
configs/exp4/arc_lirs_lfu_lirs.cfg,experiments/data/hot8_scan_c24_seed45.in,ARC LIRS LFU LIRS,4,6 6 6 6,24,10000,7982,2018,0.7982,7992,2008,0.7992,10
configs/exp4/arc_lirs_lfu_lru.cfg,experiments/data/hot8_scan_c24_seed45.in,ARC LIRS LFU LRU,4,6 6 6 6,24,10000,7649,2351,0.7649,7992,2008,0.7992,343
configs/exp4/arc_lirs_lirs.cfg,experiments/data/hot8_scan_c24_seed45.in,ARC LIRS LIRS,3,8 8 8,24,10000,7965,2035,0.7965,7992,2008,0.7992,27
configs/exp4/arc_lirs_lirs_2q.cfg,experiments/data/hot8_scan_c24_seed45.in,ARC LIRS LIRS 2Q,4,6 6 6 6,24,10000,7679,2321,0.7679,7992,2008,0.7992,313
configs/exp4/arc_lirs_lirs_arc.cfg,experiments/data/hot8_scan_c24_seed45.in,ARC LIRS LIRS ARC,4,6 6 6 6,24,10000,7645,2355,0.7645,7992,2008,0.7992,347
configs/exp4/arc_lirs_lirs_lfu.cfg,experiments/data/hot8_scan_c24_seed45.in,ARC LIRS LIRS LFU,4,6 6 6 6,24,10000,7730,2270,0.773,7992,2008,0.7992,262
configs/exp4/arc_lirs_lirs_lirs.cfg,experiments/data/hot8_scan_c24_seed45.in,ARC LIRS LIRS LIRS,4,6 6 6 6,24,10000,7573,2427,0.7573,7992,2008,0.7992,419
configs/exp4/arc_lirs_lirs_lru.cfg,experiments/data/hot8_scan_c24_seed45.in,ARC LIRS LIRS LRU,4,6 6 6 6,24,10000,7510,2490,0.751,7992,2008,0.7992,482
configs/exp4/arc_lirs_lru.cfg,experiments/data/hot8_scan_c24_seed45.in,ARC LIRS LRU,3,8 8 8,24,10000,7882,2118,0.7882,7992,2008,0.7992,110
configs/exp4/arc_lirs_lru_2q.cfg,experiments/data/hot8_scan_c24_seed45.in,ARC LIRS LRU 2Q,4,6 6 6 6,24,10000,7604,2396,0.7604,7992,2008,0.7992,388
configs/exp4/arc_lirs_lru_arc.cfg,experiments/data/hot8_scan_c24_seed45.in,ARC LIRS LRU ARC,4,6 6 6 6,24,10000,7468,2532,0.7468,7992,2008,0.7992,524
configs/exp4/arc_lirs_lru_lfu.cfg,experiments/data/hot8_scan_c24_seed45.in,ARC LIRS LRU LFU,4,6 6 6 6,24,10000,7116,2884,0.7116,7992,2008,0.7992,876
configs/exp4/arc_lirs_lru_lirs.cfg,experiments/data/hot8_scan_c24_seed45.in,ARC LIRS LRU LIRS,4,6 6 6 6,24,10000,7579,2421,0.7579,7992,2008,0.7992,413
configs/exp4/arc_lirs_lru_lru.cfg,experiments/data/hot8_scan_c24_seed45.in,ARC LIRS LRU LRU,4,6 6 6 6,24,10000,7023,2977,0.7023,7992,2008,0.7992,969
configs/exp4/arc_lru.cfg,experiments/data/hot8_scan_c24_seed45.in,ARC LRU,2,12 12,24,10000,7992,2008,0.7992,7992,2008,0.7992,0
configs/exp4/arc_lru_2q.cfg,experiments/data/hot8_scan_c24_seed45.in,ARC LRU 2Q,3,8 8 8,24,10000,7764,2236,0.7764,7992,2008,0.7992,228
configs/exp4/arc_lru_2q_2q.cfg,experiments/data/hot8_scan_c24_seed45.in,ARC LRU 2Q 2Q,4,6 6 6 6,24,10000,7885,2115,0.7885,7992,2008,0.7992,107
configs/exp4/arc_lru_2q_arc.cfg,experiments/data/hot8_scan_c24_seed45.in,ARC LRU 2Q ARC,4,6 6 6 6,24,10000,7939,2061,0.7939,7992,2008,0.7992,53
configs/exp4/arc_lru_2q_lfu.cfg,experiments/data/hot8_scan_c24_seed45.in,ARC LRU 2Q LFU,4,6 6 6 6,24,10000,7506,2494,0.7506,7992,2008,0.7992,486
configs/exp4/arc_lru_2q_lirs.cfg,experiments/data/hot8_scan_c24_seed45.in,ARC LRU 2Q LIRS,4,6 6 6 6,24,10000,7965,2035,0.7965,7992,2008,0.7992,27
configs/exp4/arc_lru_2q_lru.cfg,experiments/data/hot8_scan_c24_seed45.in,ARC LRU 2Q LRU,4,6 6 6 6,24,10000,7329,2671,0.7329,7992,2008,0.7992,663
configs/exp4/arc_lru_arc.cfg,experiments/data/hot8_scan_c24_seed45.in,ARC LRU ARC,3,8 8 8,24,10000,7516,2484,0.7516,7992,2008,0.7992,476
configs/exp4/arc_lru_arc_2q.cfg,experiments/data/hot8_scan_c24_seed45.in,ARC LRU ARC 2Q,4,6 6 6 6,24,10000,7531,2469,0.7531,7992,2008,0.7992,461
configs/exp4/arc_lru_arc_arc.cfg,experiments/data/hot8_scan_c24_seed45.in,ARC LRU ARC ARC,4,6 6 6 6,24,10000,7401,2599,0.7401,7992,2008,0.7992,591
configs/exp4/arc_lru_arc_lfu.cfg,experiments/data/hot8_scan_c24_seed45.in,ARC LRU ARC LFU,4,6 6 6 6,24,10000,7293,2707,0.7293,7992,2008,0.7992,699
configs/exp4/arc_lru_arc_lirs.cfg,experiments/data/hot8_scan_c24_seed45.in,ARC LRU ARC LIRS,4,6 6 6 6,24,10000,7531,2469,0.7531,7992,2008,0.7992,461
configs/exp4/arc_lru_arc_lru.cfg,experiments/data/hot8_scan_c24_seed45.in,ARC LRU ARC LRU,4,6 6 6 6,24,10000,6886,3114,0.6886,7992,2008,0.7992,1106
configs/exp4/arc_lru_lfu.cfg,experiments/data/hot8_scan_c24_seed45.in,ARC LRU LFU,3,8 8 8,24,10000,7286,2714,0.7286,7992,2008,0.7992,706
configs/exp4/arc_lru_lfu_2q.cfg,experiments/data/hot8_scan_c24_seed45.in,ARC LRU LFU 2Q,4,6 6 6 6,24,10000,7896,2104,0.7896,7992,2008,0.7992,96
configs/exp4/arc_lru_lfu_arc.cfg,experiments/data/hot8_scan_c24_seed45.in,ARC LRU LFU ARC,4,6 6 6 6,24,10000,7802,2198,0.7802,7992,2008,0.7992,190
configs/exp4/arc_lru_lfu_lfu.cfg,experiments/data/hot8_scan_c24_seed45.in,ARC LRU LFU LFU,4,6 6 6 6,24,10000,7256,2744,0.7256,7992,2008,0.7992,736
configs/exp4/arc_lru_lfu_lirs.cfg,experiments/data/hot8_scan_c24_seed45.in,ARC LRU LFU LIRS,4,6 6 6 6,24,10000,7892,2108,0.7892,7992,2008,0.7992,100
configs/exp4/arc_lru_lfu_lru.cfg,experiments/data/hot8_scan_c24_seed45.in,ARC LRU LFU LRU,4,6 6 6 6,24,10000,6794,3206,0.6794,7992,2008,0.7992,1198
configs/exp4/arc_lru_lirs.cfg,experiments/data/hot8_scan_c24_seed45.in,ARC LRU LIRS,3,8 8 8,24,10000,7877,2123,0.7877,7992,2008,0.7992,115
configs/exp4/arc_lru_lirs_2q.cfg,experiments/data/hot8_scan_c24_seed45.in,ARC LRU LIRS 2Q,4,6 6 6 6,24,10000,7607,2393,0.7607,7992,2008,0.7992,385
configs/exp4/arc_lru_lirs_arc.cfg,experiments/data/hot8_scan_c24_seed45.in,ARC LRU LIRS ARC,4,6 6 6 6,24,10000,7584,2416,0.7584,7992,2008,0.7992,408
configs/exp4/arc_lru_lirs_lfu.cfg,experiments/data/hot8_scan_c24_seed45.in,ARC LRU LIRS LFU,4,6 6 6 6,24,10000,7450,2550,0.745,7992,2008,0.7992,542
configs/exp4/arc_lru_lirs_lirs.cfg,experiments/data/hot8_scan_c24_seed45.in,ARC LRU LIRS LIRS,4,6 6 6 6,24,10000,7620,2380,0.762,7992,2008,0.7992,372
configs/exp4/arc_lru_lirs_lru.cfg,experiments/data/hot8_scan_c24_seed45.in,ARC LRU LIRS LRU,4,6 6 6 6,24,10000,7136,2864,0.7136,7992,2008,0.7992,856
configs/exp4/arc_lru_lru.cfg,experiments/data/hot8_scan_c24_seed45.in,ARC LRU LRU,3,8 8 8,24,10000,7219,2781,0.7219,7992,2008,0.7992,773
configs/exp4/arc_lru_lru_2q.cfg,experiments/data/hot8_scan_c24_seed45.in,ARC LRU LRU 2Q,4,6 6 6 6,24,10000,7183,2817,0.7183,7992,2008,0.7992,809
configs/exp4/arc_lru_lru_arc.cfg,experiments/data/hot8_scan_c24_seed45.in,ARC LRU LRU ARC,4,6 6 6 6,24,10000,6514,3486,0.6514,7992,2008,0.7992,1478
configs/exp4/arc_lru_lru_lfu.cfg,experiments/data/hot8_scan_c24_seed45.in,ARC LRU LRU LFU,4,6 6 6 6,24,10000,6195,3805,0.6195,7992,2008,0.7992,1797
configs/exp4/arc_lru_lru_lirs.cfg,experiments/data/hot8_scan_c24_seed45.in,ARC LRU LRU LIRS,4,6 6 6 6,24,10000,7029,2971,0.7029,7992,2008,0.7992,963
configs/exp4/arc_lru_lru_lru.cfg,experiments/data/hot8_scan_c24_seed45.in,ARC LRU LRU LRU,4,6 6 6 6,24,10000,5856,4144,0.5856,7992,2008,0.7992,2136
configs/exp4/lfu_2q.cfg,experiments/data/hot8_scan_c24_seed45.in,LFU 2Q,2,12 12,24,10000,7992,2008,0.7992,7992,2008,0.7992,0
configs/exp4/lfu_2q_2q.cfg,experiments/data/hot8_scan_c24_seed45.in,LFU 2Q 2Q,3,8 8 8,24,10000,7990,2010,0.799,7992,2008,0.7992,2
configs/exp4/lfu_2q_2q_2q.cfg,experiments/data/hot8_scan_c24_seed45.in,LFU 2Q 2Q 2Q,4,6 6 6 6,24,10000,7988,2012,0.7988,7992,2008,0.7992,4
configs/exp4/lfu_2q_2q_arc.cfg,experiments/data/hot8_scan_c24_seed45.in,LFU 2Q 2Q ARC,4,6 6 6 6,24,10000,7989,2011,0.7989,7992,2008,0.7992,3
configs/exp4/lfu_2q_2q_lfu.cfg,experiments/data/hot8_scan_c24_seed45.in,LFU 2Q 2Q LFU,4,6 6 6 6,24,10000,7989,2011,0.7989,7992,2008,0.7992,3
configs/exp4/lfu_2q_2q_lirs.cfg,experiments/data/hot8_scan_c24_seed45.in,LFU 2Q 2Q LIRS,4,6 6 6 6,24,10000,7991,2009,0.7991,7992,2008,0.7992,1
configs/exp4/lfu_2q_2q_lru.cfg,experiments/data/hot8_scan_c24_seed45.in,LFU 2Q 2Q LRU,4,6 6 6 6,24,10000,7989,2011,0.7989,7992,2008,0.7992,3
configs/exp4/lfu_2q_arc.cfg,experiments/data/hot8_scan_c24_seed45.in,LFU 2Q ARC,3,8 8 8,24,10000,7990,2010,0.799,7992,2008,0.7992,2
configs/exp4/lfu_2q_arc_2q.cfg,experiments/data/hot8_scan_c24_seed45.in,LFU 2Q ARC 2Q,4,6 6 6 6,24,10000,7989,2011,0.7989,7992,2008,0.7992,3
configs/exp4/lfu_2q_arc_arc.cfg,experiments/data/hot8_scan_c24_seed45.in,LFU 2Q ARC ARC,4,6 6 6 6,24,10000,7989,2011,0.7989,7992,2008,0.7992,3
configs/exp4/lfu_2q_arc_lfu.cfg,experiments/data/hot8_scan_c24_seed45.in,LFU 2Q ARC LFU,4,6 6 6 6,24,10000,7989,2011,0.7989,7992,2008,0.7992,3
configs/exp4/lfu_2q_arc_lirs.cfg,experiments/data/hot8_scan_c24_seed45.in,LFU 2Q ARC LIRS,4,6 6 6 6,24,10000,7991,2009,0.7991,7992,2008,0.7992,1
configs/exp4/lfu_2q_arc_lru.cfg,experiments/data/hot8_scan_c24_seed45.in,LFU 2Q ARC LRU,4,6 6 6 6,24,10000,7989,2011,0.7989,7992,2008,0.7992,3
configs/exp4/lfu_2q_lfu.cfg,experiments/data/hot8_scan_c24_seed45.in,LFU 2Q LFU,3,8 8 8,24,10000,7990,2010,0.799,7992,2008,0.7992,2
configs/exp4/lfu_2q_lfu_2q.cfg,experiments/data/hot8_scan_c24_seed45.in,LFU 2Q LFU 2Q,4,6 6 6 6,24,10000,7989,2011,0.7989,7992,2008,0.7992,3
configs/exp4/lfu_2q_lfu_arc.cfg,experiments/data/hot8_scan_c24_seed45.in,LFU 2Q LFU ARC,4,6 6 6 6,24,10000,7989,2011,0.7989,7992,2008,0.7992,3
configs/exp4/lfu_2q_lfu_lfu.cfg,experiments/data/hot8_scan_c24_seed45.in,LFU 2Q LFU LFU,4,6 6 6 6,24,10000,7989,2011,0.7989,7992,2008,0.7992,3
configs/exp4/lfu_2q_lfu_lirs.cfg,experiments/data/hot8_scan_c24_seed45.in,LFU 2Q LFU LIRS,4,6 6 6 6,24,10000,7991,2009,0.7991,7992,2008,0.7992,1
configs/exp4/lfu_2q_lfu_lru.cfg,experiments/data/hot8_scan_c24_seed45.in,LFU 2Q LFU LRU,4,6 6 6 6,24,10000,7989,2011,0.7989,7992,2008,0.7992,3
configs/exp4/lfu_2q_lirs.cfg,experiments/data/hot8_scan_c24_seed45.in,LFU 2Q LIRS,3,8 8 8,24,10000,7992,2008,0.7992,7992,2008,0.7992,0
configs/exp4/lfu_2q_lirs_2q.cfg,experiments/data/hot8_scan_c24_seed45.in,LFU 2Q LIRS 2Q,4,6 6 6 6,24,10000,7992,2008,0.7992,7992,2008,0.7992,0
configs/exp4/lfu_2q_lirs_arc.cfg,experiments/data/hot8_scan_c24_seed45.in,LFU 2Q LIRS ARC,4,6 6 6 6,24,10000,7992,2008,0.7992,7992,2008,0.7992,0
configs/exp4/lfu_2q_lirs_lfu.cfg,experiments/data/hot8_scan_c24_seed45.in,LFU 2Q LIRS LFU,4,6 6 6 6,24,10000,7992,2008,0.7992,7992,2008,0.7992,0
configs/exp4/lfu_2q_lirs_lirs.cfg,experiments/data/hot8_scan_c24_seed45.in,LFU 2Q LIRS LIRS,4,6 6 6 6,24,10000,7991,2009,0.7991,7992,2008,0.7992,1
configs/exp4/lfu_2q_lirs_lru.cfg,experiments/data/hot8_scan_c24_seed45.in,LFU 2Q LIRS LRU,4,6 6 6 6,24,10000,7992,2008,0.7992,7992,2008,0.7992,0
configs/exp4/lfu_2q_lru.cfg,experiments/data/hot8_scan_c24_seed45.in,LFU 2Q LRU,3,8 8 8,24,10000,7990,2010,0.799,7992,2008,0.7992,2
configs/exp4/lfu_2q_lru_2q.cfg,experiments/data/hot8_scan_c24_seed45.in,LFU 2Q LRU 2Q,4,6 6 6 6,24,10000,7989,2011,0.7989,7992,2008,0.7992,3
configs/exp4/lfu_2q_lru_arc.cfg,experiments/data/hot8_scan_c24_seed45.in,LFU 2Q LRU ARC,4,6 6 6 6,24,10000,7989,2011,0.7989,7992,2008,0.7992,3
configs/exp4/lfu_2q_lru_lfu.cfg,experiments/data/hot8_scan_c24_seed45.in,LFU 2Q LRU LFU,4,6 6 6 6,24,10000,7989,2011,0.7989,7992,2008,0.7992,3
configs/exp4/lfu_2q_lru_lirs.cfg,experiments/data/hot8_scan_c24_seed45.in,LFU 2Q LRU LIRS,4,6 6 6 6,24,10000,7991,2009,0.7991,7992,2008,0.7992,1
configs/exp4/lfu_2q_lru_lru.cfg,experiments/data/hot8_scan_c24_seed45.in,LFU 2Q LRU LRU,4,6 6 6 6,24,10000,7989,2011,0.7989,7992,2008,0.7992,3
configs/exp4/lfu_arc.cfg,experiments/data/hot8_scan_c24_seed45.in,LFU ARC,2,12 12,24,10000,7992,2008,0.7992,7992,2008,0.7992,0
configs/exp4/lfu_arc_2q.cfg,experiments/data/hot8_scan_c24_seed45.in,LFU ARC 2Q,3,8 8 8,24,10000,7990,2010,0.799,7992,2008,0.7992,2
configs/exp4/lfu_arc_2q_2q.cfg,experiments/data/hot8_scan_c24_seed45.in,LFU ARC 2Q 2Q,4,6 6 6 6,24,10000,7988,2012,0.7988,7992,2008,0.7992,4
configs/exp4/lfu_arc_2q_arc.cfg,experiments/data/hot8_scan_c24_seed45.in,LFU ARC 2Q ARC,4,6 6 6 6,24,10000,7989,2011,0.7989,7992,2008,0.7992,3
configs/exp4/lfu_arc_2q_lfu.cfg,experiments/data/hot8_scan_c24_seed45.in,LFU ARC 2Q LFU,4,6 6 6 6,24,10000,7989,2011,0.7989,7992,2008,0.7992,3
configs/exp4/lfu_arc_2q_lirs.cfg,experiments/data/hot8_scan_c24_seed45.in,LFU ARC 2Q LIRS,4,6 6 6 6,24,10000,7991,2009,0.7991,7992,2008,0.7992,1
configs/exp4/lfu_arc_2q_lru.cfg,experiments/data/hot8_scan_c24_seed45.in,LFU ARC 2Q LRU,4,6 6 6 6,24,10000,7989,2011,0.7989,7992,2008,0.7992,3
configs/exp4/lfu_arc_arc.cfg,experiments/data/hot8_scan_c24_seed45.in,LFU ARC ARC,3,8 8 8,24,10000,7990,2010,0.799,7992,2008,0.7992,2
configs/exp4/lfu_arc_arc_2q.cfg,experiments/data/hot8_scan_c24_seed45.in,LFU ARC ARC 2Q,4,6 6 6 6,24,10000,7989,2011,0.7989,7992,2008,0.7992,3
configs/exp4/lfu_arc_arc_arc.cfg,experiments/data/hot8_scan_c24_seed45.in,LFU ARC ARC ARC,4,6 6 6 6,24,10000,7989,2011,0.7989,7992,2008,0.7992,3
configs/exp4/lfu_arc_arc_lfu.cfg,experiments/data/hot8_scan_c24_seed45.in,LFU ARC ARC LFU,4,6 6 6 6,24,10000,7989,2011,0.7989,7992,2008,0.7992,3
configs/exp4/lfu_arc_arc_lirs.cfg,experiments/data/hot8_scan_c24_seed45.in,LFU ARC ARC LIRS,4,6 6 6 6,24,10000,7991,2009,0.7991,7992,2008,0.7992,1
configs/exp4/lfu_arc_arc_lru.cfg,experiments/data/hot8_scan_c24_seed45.in,LFU ARC ARC LRU,4,6 6 6 6,24,10000,7989,2011,0.7989,7992,2008,0.7992,3
configs/exp4/lfu_arc_lfu.cfg,experiments/data/hot8_scan_c24_seed45.in,LFU ARC LFU,3,8 8 8,24,10000,7990,2010,0.799,7992,2008,0.7992,2
configs/exp4/lfu_arc_lfu_2q.cfg,experiments/data/hot8_scan_c24_seed45.in,LFU ARC LFU 2Q,4,6 6 6 6,24,10000,7989,2011,0.7989,7992,2008,0.7992,3
configs/exp4/lfu_arc_lfu_arc.cfg,experiments/data/hot8_scan_c24_seed45.in,LFU ARC LFU ARC,4,6 6 6 6,24,10000,7989,2011,0.7989,7992,2008,0.7992,3
configs/exp4/lfu_arc_lfu_lfu.cfg,experiments/data/hot8_scan_c24_seed45.in,LFU ARC LFU LFU,4,6 6 6 6,24,10000,7989,2011,0.7989,7992,2008,0.7992,3
configs/exp4/lfu_arc_lfu_lirs.cfg,experiments/data/hot8_scan_c24_seed45.in,LFU ARC LFU LIRS,4,6 6 6 6,24,10000,7991,2009,0.7991,7992,2008,0.7992,1
configs/exp4/lfu_arc_lfu_lru.cfg,experiments/data/hot8_scan_c24_seed45.in,LFU ARC LFU LRU,4,6 6 6 6,24,10000,7989,2011,0.7989,7992,2008,0.7992,3
configs/exp4/lfu_arc_lirs.cfg,experiments/data/hot8_scan_c24_seed45.in,LFU ARC LIRS,3,8 8 8,24,10000,7992,2008,0.7992,7992,2008,0.7992,0
configs/exp4/lfu_arc_lirs_2q.cfg,experiments/data/hot8_scan_c24_seed45.in,LFU ARC LIRS 2Q,4,6 6 6 6,24,10000,7992,2008,0.7992,7992,2008,0.7992,0
configs/exp4/lfu_arc_lirs_arc.cfg,experiments/data/hot8_scan_c24_seed45.in,LFU ARC LIRS ARC,4,6 6 6 6,24,10000,7992,2008,0.7992,7992,2008,0.7992,0
configs/exp4/lfu_arc_lirs_lfu.cfg,experiments/data/hot8_scan_c24_seed45.in,LFU ARC LIRS LFU,4,6 6 6 6,24,10000,7992,2008,0.7992,7992,2008,0.7992,0
configs/exp4/lfu_arc_lirs_lirs.cfg,experiments/data/hot8_scan_c24_seed45.in,LFU ARC LIRS LIRS,4,6 6 6 6,24,10000,7991,2009,0.7991,7992,2008,0.7992,1
configs/exp4/lfu_arc_lirs_lru.cfg,experiments/data/hot8_scan_c24_seed45.in,LFU ARC LIRS LRU,4,6 6 6 6,24,10000,7992,2008,0.7992,7992,2008,0.7992,0
configs/exp4/lfu_arc_lru.cfg,experiments/data/hot8_scan_c24_seed45.in,LFU ARC LRU,3,8 8 8,24,10000,7990,2010,0.799,7992,2008,0.7992,2
configs/exp4/lfu_arc_lru_2q.cfg,experiments/data/hot8_scan_c24_seed45.in,LFU ARC LRU 2Q,4,6 6 6 6,24,10000,7989,2011,0.7989,7992,2008,0.7992,3
configs/exp4/lfu_arc_lru_arc.cfg,experiments/data/hot8_scan_c24_seed45.in,LFU ARC LRU ARC,4,6 6 6 6,24,10000,7989,2011,0.7989,7992,2008,0.7992,3
configs/exp4/lfu_arc_lru_lfu.cfg,experiments/data/hot8_scan_c24_seed45.in,LFU ARC LRU LFU,4,6 6 6 6,24,10000,7989,2011,0.7989,7992,2008,0.7992,3
configs/exp4/lfu_arc_lru_lirs.cfg,experiments/data/hot8_scan_c24_seed45.in,LFU ARC LRU LIRS,4,6 6 6 6,24,10000,7991,2009,0.7991,7992,2008,0.7992,1
configs/exp4/lfu_arc_lru_lru.cfg,experiments/data/hot8_scan_c24_seed45.in,LFU ARC LRU LRU,4,6 6 6 6,24,10000,7989,2011,0.7989,7992,2008,0.7992,3
configs/exp4/lfu_lfu_2q.cfg,experiments/data/hot8_scan_c24_seed45.in,LFU LFU 2Q,3,8 8 8,24,10000,7990,2010,0.799,7992,2008,0.7992,2
configs/exp4/lfu_lfu_2q_2q.cfg,experiments/data/hot8_scan_c24_seed45.in,LFU LFU 2Q 2Q,4,6 6 6 6,24,10000,7988,2012,0.7988,7992,2008,0.7992,4
configs/exp4/lfu_lfu_2q_arc.cfg,experiments/data/hot8_scan_c24_seed45.in,LFU LFU 2Q ARC,4,6 6 6 6,24,10000,7989,2011,0.7989,7992,2008,0.7992,3
configs/exp4/lfu_lfu_2q_lfu.cfg,experiments/data/hot8_scan_c24_seed45.in,LFU LFU 2Q LFU,4,6 6 6 6,24,10000,7989,2011,0.7989,7992,2008,0.7992,3
configs/exp4/lfu_lfu_2q_lirs.cfg,experiments/data/hot8_scan_c24_seed45.in,LFU LFU 2Q LIRS,4,6 6 6 6,24,10000,7991,2009,0.7991,7992,2008,0.7992,1
configs/exp4/lfu_lfu_2q_lru.cfg,experiments/data/hot8_scan_c24_seed45.in,LFU LFU 2Q LRU,4,6 6 6 6,24,10000,7989,2011,0.7989,7992,2008,0.7992,3
configs/exp4/lfu_lfu_arc.cfg,experiments/data/hot8_scan_c24_seed45.in,LFU LFU ARC,3,8 8 8,24,10000,7990,2010,0.799,7992,2008,0.7992,2
configs/exp4/lfu_lfu_arc_2q.cfg,experiments/data/hot8_scan_c24_seed45.in,LFU LFU ARC 2Q,4,6 6 6 6,24,10000,7989,2011,0.7989,7992,2008,0.7992,3
configs/exp4/lfu_lfu_arc_arc.cfg,experiments/data/hot8_scan_c24_seed45.in,LFU LFU ARC ARC,4,6 6 6 6,24,10000,7989,2011,0.7989,7992,2008,0.7992,3
configs/exp4/lfu_lfu_arc_lfu.cfg,experiments/data/hot8_scan_c24_seed45.in,LFU LFU ARC LFU,4,6 6 6 6,24,10000,7989,2011,0.7989,7992,2008,0.7992,3
configs/exp4/lfu_lfu_arc_lirs.cfg,experiments/data/hot8_scan_c24_seed45.in,LFU LFU ARC LIRS,4,6 6 6 6,24,10000,7991,2009,0.7991,7992,2008,0.7992,1
configs/exp4/lfu_lfu_arc_lru.cfg,experiments/data/hot8_scan_c24_seed45.in,LFU LFU ARC LRU,4,6 6 6 6,24,10000,7989,2011,0.7989,7992,2008,0.7992,3
configs/exp4/lfu_lfu_lfu_2q.cfg,experiments/data/hot8_scan_c24_seed45.in,LFU LFU LFU 2Q,4,6 6 6 6,24,10000,7989,2011,0.7989,7992,2008,0.7992,3
configs/exp4/lfu_lfu_lfu_arc.cfg,experiments/data/hot8_scan_c24_seed45.in,LFU LFU LFU ARC,4,6 6 6 6,24,10000,7989,2011,0.7989,7992,2008,0.7992,3
configs/exp4/lfu_lfu_lfu_lirs.cfg,experiments/data/hot8_scan_c24_seed45.in,LFU LFU LFU LIRS,4,6 6 6 6,24,10000,7991,2009,0.7991,7992,2008,0.7992,1
configs/exp4/lfu_lfu_lfu_lru.cfg,experiments/data/hot8_scan_c24_seed45.in,LFU LFU LFU LRU,4,6 6 6 6,24,10000,7989,2011,0.7989,7992,2008,0.7992,3
configs/exp4/lfu_lfu_lirs.cfg,experiments/data/hot8_scan_c24_seed45.in,LFU LFU LIRS,3,8 8 8,24,10000,7992,2008,0.7992,7992,2008,0.7992,0
configs/exp4/lfu_lfu_lirs_2q.cfg,experiments/data/hot8_scan_c24_seed45.in,LFU LFU LIRS 2Q,4,6 6 6 6,24,10000,7992,2008,0.7992,7992,2008,0.7992,0
configs/exp4/lfu_lfu_lirs_arc.cfg,experiments/data/hot8_scan_c24_seed45.in,LFU LFU LIRS ARC,4,6 6 6 6,24,10000,7992,2008,0.7992,7992,2008,0.7992,0
configs/exp4/lfu_lfu_lirs_lfu.cfg,experiments/data/hot8_scan_c24_seed45.in,LFU LFU LIRS LFU,4,6 6 6 6,24,10000,7992,2008,0.7992,7992,2008,0.7992,0
configs/exp4/lfu_lfu_lirs_lirs.cfg,experiments/data/hot8_scan_c24_seed45.in,LFU LFU LIRS LIRS,4,6 6 6 6,24,10000,7991,2009,0.7991,7992,2008,0.7992,1
configs/exp4/lfu_lfu_lirs_lru.cfg,experiments/data/hot8_scan_c24_seed45.in,LFU LFU LIRS LRU,4,6 6 6 6,24,10000,7992,2008,0.7992,7992,2008,0.7992,0
configs/exp4/lfu_lfu_lru.cfg,experiments/data/hot8_scan_c24_seed45.in,LFU LFU LRU,3,8 8 8,24,10000,7990,2010,0.799,7992,2008,0.7992,2
configs/exp4/lfu_lfu_lru_2q.cfg,experiments/data/hot8_scan_c24_seed45.in,LFU LFU LRU 2Q,4,6 6 6 6,24,10000,7989,2011,0.7989,7992,2008,0.7992,3
configs/exp4/lfu_lfu_lru_arc.cfg,experiments/data/hot8_scan_c24_seed45.in,LFU LFU LRU ARC,4,6 6 6 6,24,10000,7989,2011,0.7989,7992,2008,0.7992,3
configs/exp4/lfu_lfu_lru_lfu.cfg,experiments/data/hot8_scan_c24_seed45.in,LFU LFU LRU LFU,4,6 6 6 6,24,10000,7989,2011,0.7989,7992,2008,0.7992,3
configs/exp4/lfu_lfu_lru_lirs.cfg,experiments/data/hot8_scan_c24_seed45.in,LFU LFU LRU LIRS,4,6 6 6 6,24,10000,7991,2009,0.7991,7992,2008,0.7992,1
configs/exp4/lfu_lfu_lru_lru.cfg,experiments/data/hot8_scan_c24_seed45.in,LFU LFU LRU LRU,4,6 6 6 6,24,10000,7989,2011,0.7989,7992,2008,0.7992,3
configs/exp4/lfu_lirs.cfg,experiments/data/hot8_scan_c24_seed45.in,LFU LIRS,2,12 12,24,10000,7992,2008,0.7992,7992,2008,0.7992,0
configs/exp4/lfu_lirs_2q.cfg,experiments/data/hot8_scan_c24_seed45.in,LFU LIRS 2Q,3,8 8 8,24,10000,7992,2008,0.7992,7992,2008,0.7992,0
configs/exp4/lfu_lirs_2q_2q.cfg,experiments/data/hot8_scan_c24_seed45.in,LFU LIRS 2Q 2Q,4,6 6 6 6,24,10000,7992,2008,0.7992,7992,2008,0.7992,0
configs/exp4/lfu_lirs_2q_arc.cfg,experiments/data/hot8_scan_c24_seed45.in,LFU LIRS 2Q ARC,4,6 6 6 6,24,10000,7992,2008,0.7992,7992,2008,0.7992,0
configs/exp4/lfu_lirs_2q_lfu.cfg,experiments/data/hot8_scan_c24_seed45.in,LFU LIRS 2Q LFU,4,6 6 6 6,24,10000,7992,2008,0.7992,7992,2008,0.7992,0
configs/exp4/lfu_lirs_2q_lirs.cfg,experiments/data/hot8_scan_c24_seed45.in,LFU LIRS 2Q LIRS,4,6 6 6 6,24,10000,7992,2008,0.7992,7992,2008,0.7992,0
configs/exp4/lfu_lirs_2q_lru.cfg,experiments/data/hot8_scan_c24_seed45.in,LFU LIRS 2Q LRU,4,6 6 6 6,24,10000,7992,2008,0.7992,7992,2008,0.7992,0
configs/exp4/lfu_lirs_arc.cfg,experiments/data/hot8_scan_c24_seed45.in,LFU LIRS ARC,3,8 8 8,24,10000,7992,2008,0.7992,7992,2008,0.7992,0
configs/exp4/lfu_lirs_arc_2q.cfg,experiments/data/hot8_scan_c24_seed45.in,LFU LIRS ARC 2Q,4,6 6 6 6,24,10000,7992,2008,0.7992,7992,2008,0.7992,0
configs/exp4/lfu_lirs_arc_arc.cfg,experiments/data/hot8_scan_c24_seed45.in,LFU LIRS ARC ARC,4,6 6 6 6,24,10000,7992,2008,0.7992,7992,2008,0.7992,0
configs/exp4/lfu_lirs_arc_lfu.cfg,experiments/data/hot8_scan_c24_seed45.in,LFU LIRS ARC LFU,4,6 6 6 6,24,10000,7992,2008,0.7992,7992,2008,0.7992,0
configs/exp4/lfu_lirs_arc_lirs.cfg,experiments/data/hot8_scan_c24_seed45.in,LFU LIRS ARC LIRS,4,6 6 6 6,24,10000,7992,2008,0.7992,7992,2008,0.7992,0
configs/exp4/lfu_lirs_arc_lru.cfg,experiments/data/hot8_scan_c24_seed45.in,LFU LIRS ARC LRU,4,6 6 6 6,24,10000,7992,2008,0.7992,7992,2008,0.7992,0
configs/exp4/lfu_lirs_lfu.cfg,experiments/data/hot8_scan_c24_seed45.in,LFU LIRS LFU,3,8 8 8,24,10000,7992,2008,0.7992,7992,2008,0.7992,0
configs/exp4/lfu_lirs_lfu_2q.cfg,experiments/data/hot8_scan_c24_seed45.in,LFU LIRS LFU 2Q,4,6 6 6 6,24,10000,7992,2008,0.7992,7992,2008,0.7992,0
configs/exp4/lfu_lirs_lfu_arc.cfg,experiments/data/hot8_scan_c24_seed45.in,LFU LIRS LFU ARC,4,6 6 6 6,24,10000,7992,2008,0.7992,7992,2008,0.7992,0
configs/exp4/lfu_lirs_lfu_lfu.cfg,experiments/data/hot8_scan_c24_seed45.in,LFU LIRS LFU LFU,4,6 6 6 6,24,10000,7992,2008,0.7992,7992,2008,0.7992,0
configs/exp4/lfu_lirs_lfu_lirs.cfg,experiments/data/hot8_scan_c24_seed45.in,LFU LIRS LFU LIRS,4,6 6 6 6,24,10000,7992,2008,0.7992,7992,2008,0.7992,0
configs/exp4/lfu_lirs_lfu_lru.cfg,experiments/data/hot8_scan_c24_seed45.in,LFU LIRS LFU LRU,4,6 6 6 6,24,10000,7992,2008,0.7992,7992,2008,0.7992,0
configs/exp4/lfu_lirs_lirs.cfg,experiments/data/hot8_scan_c24_seed45.in,LFU LIRS LIRS,3,8 8 8,24,10000,7991,2009,0.7991,7992,2008,0.7992,1
configs/exp4/lfu_lirs_lirs_2q.cfg,experiments/data/hot8_scan_c24_seed45.in,LFU LIRS LIRS 2Q,4,6 6 6 6,24,10000,7992,2008,0.7992,7992,2008,0.7992,0
configs/exp4/lfu_lirs_lirs_arc.cfg,experiments/data/hot8_scan_c24_seed45.in,LFU LIRS LIRS ARC,4,6 6 6 6,24,10000,7992,2008,0.7992,7992,2008,0.7992,0
configs/exp4/lfu_lirs_lirs_lfu.cfg,experiments/data/hot8_scan_c24_seed45.in,LFU LIRS LIRS LFU,4,6 6 6 6,24,10000,7992,2008,0.7992,7992,2008,0.7992,0
configs/exp4/lfu_lirs_lirs_lirs.cfg,experiments/data/hot8_scan_c24_seed45.in,LFU LIRS LIRS LIRS,4,6 6 6 6,24,10000,7991,2009,0.7991,7992,2008,0.7992,1
configs/exp4/lfu_lirs_lirs_lru.cfg,experiments/data/hot8_scan_c24_seed45.in,LFU LIRS LIRS LRU,4,6 6 6 6,24,10000,7992,2008,0.7992,7992,2008,0.7992,0
configs/exp4/lfu_lirs_lru.cfg,experiments/data/hot8_scan_c24_seed45.in,LFU LIRS LRU,3,8 8 8,24,10000,7992,2008,0.7992,7992,2008,0.7992,0
configs/exp4/lfu_lirs_lru_2q.cfg,experiments/data/hot8_scan_c24_seed45.in,LFU LIRS LRU 2Q,4,6 6 6 6,24,10000,7992,2008,0.7992,7992,2008,0.7992,0
configs/exp4/lfu_lirs_lru_arc.cfg,experiments/data/hot8_scan_c24_seed45.in,LFU LIRS LRU ARC,4,6 6 6 6,24,10000,7992,2008,0.7992,7992,2008,0.7992,0
configs/exp4/lfu_lirs_lru_lfu.cfg,experiments/data/hot8_scan_c24_seed45.in,LFU LIRS LRU LFU,4,6 6 6 6,24,10000,7992,2008,0.7992,7992,2008,0.7992,0
configs/exp4/lfu_lirs_lru_lirs.cfg,experiments/data/hot8_scan_c24_seed45.in,LFU LIRS LRU LIRS,4,6 6 6 6,24,10000,7992,2008,0.7992,7992,2008,0.7992,0
configs/exp4/lfu_lirs_lru_lru.cfg,experiments/data/hot8_scan_c24_seed45.in,LFU LIRS LRU LRU,4,6 6 6 6,24,10000,7992,2008,0.7992,7992,2008,0.7992,0
configs/exp4/lfu_lru.cfg,experiments/data/hot8_scan_c24_seed45.in,LFU LRU,2,12 12,24,10000,7992,2008,0.7992,7992,2008,0.7992,0
configs/exp4/lfu_lru_2q.cfg,experiments/data/hot8_scan_c24_seed45.in,LFU LRU 2Q,3,8 8 8,24,10000,7962,2038,0.7962,7992,2008,0.7992,30
configs/exp4/lfu_lru_2q_2q.cfg,experiments/data/hot8_scan_c24_seed45.in,LFU LRU 2Q 2Q,4,6 6 6 6,24,10000,7988,2012,0.7988,7992,2008,0.7992,4
configs/exp4/lfu_lru_2q_arc.cfg,experiments/data/hot8_scan_c24_seed45.in,LFU LRU 2Q ARC,4,6 6 6 6,24,10000,7989,2011,0.7989,7992,2008,0.7992,3
configs/exp4/lfu_lru_2q_lfu.cfg,experiments/data/hot8_scan_c24_seed45.in,LFU LRU 2Q LFU,4,6 6 6 6,24,10000,7989,2011,0.7989,7992,2008,0.7992,3
configs/exp4/lfu_lru_2q_lirs.cfg,experiments/data/hot8_scan_c24_seed45.in,LFU LRU 2Q LIRS,4,6 6 6 6,24,10000,7991,2009,0.7991,7992,2008,0.7992,1
configs/exp4/lfu_lru_2q_lru.cfg,experiments/data/hot8_scan_c24_seed45.in,LFU LRU 2Q LRU,4,6 6 6 6,24,10000,7989,2011,0.7989,7992,2008,0.7992,3
configs/exp4/lfu_lru_arc.cfg,experiments/data/hot8_scan_c24_seed45.in,LFU LRU ARC,3,8 8 8,24,10000,7962,2038,0.7962,7992,2008,0.7992,30
configs/exp4/lfu_lru_arc_2q.cfg,experiments/data/hot8_scan_c24_seed45.in,LFU LRU ARC 2Q,4,6 6 6 6,24,10000,7989,2011,0.7989,7992,2008,0.7992,3
configs/exp4/lfu_lru_arc_arc.cfg,experiments/data/hot8_scan_c24_seed45.in,LFU LRU ARC ARC,4,6 6 6 6,24,10000,7966,2034,0.7966,7992,2008,0.7992,26
configs/exp4/lfu_lru_arc_lfu.cfg,experiments/data/hot8_scan_c24_seed45.in,LFU LRU ARC LFU,4,6 6 6 6,24,10000,7966,2034,0.7966,7992,2008,0.7992,26
configs/exp4/lfu_lru_arc_lirs.cfg,experiments/data/hot8_scan_c24_seed45.in,LFU LRU ARC LIRS,4,6 6 6 6,24,10000,7991,2009,0.7991,7992,2008,0.7992,1
configs/exp4/lfu_lru_arc_lru.cfg,experiments/data/hot8_scan_c24_seed45.in,LFU LRU ARC LRU,4,6 6 6 6,24,10000,7966,2034,0.7966,7992,2008,0.7992,26
configs/exp4/lfu_lru_lfu.cfg,experiments/data/hot8_scan_c24_seed45.in,LFU LRU LFU,3,8 8 8,24,10000,7962,2038,0.7962,7992,2008,0.7992,30
configs/exp4/lfu_lru_lfu_2q.cfg,experiments/data/hot8_scan_c24_seed45.in,LFU LRU LFU 2Q,4,6 6 6 6,24,10000,7989,2011,0.7989,7992,2008,0.7992,3
configs/exp4/lfu_lru_lfu_arc.cfg,experiments/data/hot8_scan_c24_seed45.in,LFU LRU LFU ARC,4,6 6 6 6,24,10000,7966,2034,0.7966,7992,2008,0.7992,26
configs/exp4/lfu_lru_lfu_lfu.cfg,experiments/data/hot8_scan_c24_seed45.in,LFU LRU LFU LFU,4,6 6 6 6,24,10000,7966,2034,0.7966,7992,2008,0.7992,26
configs/exp4/lfu_lru_lfu_lirs.cfg,experiments/data/hot8_scan_c24_seed45.in,LFU LRU LFU LIRS,4,6 6 6 6,24,10000,7991,2009,0.7991,7992,2008,0.7992,1
configs/exp4/lfu_lru_lfu_lru.cfg,experiments/data/hot8_scan_c24_seed45.in,LFU LRU LFU LRU,4,6 6 6 6,24,10000,7833,2167,0.7833,7992,2008,0.7992,159
configs/exp4/lfu_lru_lirs.cfg,experiments/data/hot8_scan_c24_seed45.in,LFU LRU LIRS,3,8 8 8,24,10000,7991,2009,0.7991,7992,2008,0.7992,1
configs/exp4/lfu_lru_lirs_2q.cfg,experiments/data/hot8_scan_c24_seed45.in,LFU LRU LIRS 2Q,4,6 6 6 6,24,10000,7992,2008,0.7992,7992,2008,0.7992,0
configs/exp4/lfu_lru_lirs_arc.cfg,experiments/data/hot8_scan_c24_seed45.in,LFU LRU LIRS ARC,4,6 6 6 6,24,10000,7992,2008,0.7992,7992,2008,0.7992,0
configs/exp4/lfu_lru_lirs_lfu.cfg,experiments/data/hot8_scan_c24_seed45.in,LFU LRU LIRS LFU,4,6 6 6 6,24,10000,7992,2008,0.7992,7992,2008,0.7992,0
configs/exp4/lfu_lru_lirs_lirs.cfg,experiments/data/hot8_scan_c24_seed45.in,LFU LRU LIRS LIRS,4,6 6 6 6,24,10000,7991,2009,0.7991,7992,2008,0.7992,1
configs/exp4/lfu_lru_lirs_lru.cfg,experiments/data/hot8_scan_c24_seed45.in,LFU LRU LIRS LRU,4,6 6 6 6,24,10000,7992,2008,0.7992,7992,2008,0.7992,0
configs/exp4/lfu_lru_lru.cfg,experiments/data/hot8_scan_c24_seed45.in,LFU LRU LRU,3,8 8 8,24,10000,7962,2038,0.7962,7992,2008,0.7992,30
configs/exp4/lfu_lru_lru_2q.cfg,experiments/data/hot8_scan_c24_seed45.in,LFU LRU LRU 2Q,4,6 6 6 6,24,10000,7986,2014,0.7986,7992,2008,0.7992,6
configs/exp4/lfu_lru_lru_arc.cfg,experiments/data/hot8_scan_c24_seed45.in,LFU LRU LRU ARC,4,6 6 6 6,24,10000,7696,2304,0.7696,7992,2008,0.7992,296
configs/exp4/lfu_lru_lru_lfu.cfg,experiments/data/hot8_scan_c24_seed45.in,LFU LRU LRU LFU,4,6 6 6 6,24,10000,7628,2372,0.7628,7992,2008,0.7992,364
configs/exp4/lfu_lru_lru_lirs.cfg,experiments/data/hot8_scan_c24_seed45.in,LFU LRU LRU LIRS,4,6 6 6 6,24,10000,7991,2009,0.7991,7992,2008,0.7992,1
configs/exp4/lfu_lru_lru_lru.cfg,experiments/data/hot8_scan_c24_seed45.in,LFU LRU LRU LRU,4,6 6 6 6,24,10000,7568,2432,0.7568,7992,2008,0.7992,424
configs/exp4/lirs_2q.cfg,experiments/data/hot8_scan_c24_seed45.in,LIRS 2Q,2,12 12,24,10000,7992,2008,0.7992,7992,2008,0.7992,0
configs/exp4/lirs_2q_2q.cfg,experiments/data/hot8_scan_c24_seed45.in,LIRS 2Q 2Q,3,8 8 8,24,10000,7937,2063,0.7937,7992,2008,0.7992,55
configs/exp4/lirs_2q_2q_2q.cfg,experiments/data/hot8_scan_c24_seed45.in,LIRS 2Q 2Q 2Q,4,6 6 6 6,24,10000,7627,2373,0.7627,7992,2008,0.7992,365
configs/exp4/lirs_2q_2q_arc.cfg,experiments/data/hot8_scan_c24_seed45.in,LIRS 2Q 2Q ARC,4,6 6 6 6,24,10000,7704,2296,0.7704,7992,2008,0.7992,288
configs/exp4/lirs_2q_2q_lfu.cfg,experiments/data/hot8_scan_c24_seed45.in,LIRS 2Q 2Q LFU,4,6 6 6 6,24,10000,7740,2260,0.774,7992,2008,0.7992,252
configs/exp4/lirs_2q_2q_lirs.cfg,experiments/data/hot8_scan_c24_seed45.in,LIRS 2Q 2Q LIRS,4,6 6 6 6,24,10000,7706,2294,0.7706,7992,2008,0.7992,286
configs/exp4/lirs_2q_2q_lru.cfg,experiments/data/hot8_scan_c24_seed45.in,LIRS 2Q 2Q LRU,4,6 6 6 6,24,10000,7628,2372,0.7628,7992,2008,0.7992,364
configs/exp4/lirs_2q_arc.cfg,experiments/data/hot8_scan_c24_seed45.in,LIRS 2Q ARC,3,8 8 8,24,10000,7953,2047,0.7953,7992,2008,0.7992,39
configs/exp4/lirs_2q_arc_2q.cfg,experiments/data/hot8_scan_c24_seed45.in,LIRS 2Q ARC 2Q,4,6 6 6 6,24,10000,7726,2274,0.7726,7992,2008,0.7992,266
configs/exp4/lirs_2q_arc_arc.cfg,experiments/data/hot8_scan_c24_seed45.in,LIRS 2Q ARC ARC,4,6 6 6 6,24,10000,7687,2313,0.7687,7992,2008,0.7992,305
configs/exp4/lirs_2q_arc_lfu.cfg,experiments/data/hot8_scan_c24_seed45.in,LIRS 2Q ARC LFU,4,6 6 6 6,24,10000,7782,2218,0.7782,7992,2008,0.7992,210
configs/exp4/lirs_2q_arc_lirs.cfg,experiments/data/hot8_scan_c24_seed45.in,LIRS 2Q ARC LIRS,4,6 6 6 6,24,10000,7730,2270,0.773,7992,2008,0.7992,262
configs/exp4/lirs_2q_arc_lru.cfg,experiments/data/hot8_scan_c24_seed45.in,LIRS 2Q ARC LRU,4,6 6 6 6,24,10000,7580,2420,0.758,7992,2008,0.7992,412
configs/exp4/lirs_2q_lfu.cfg,experiments/data/hot8_scan_c24_seed45.in,LIRS 2Q LFU,3,8 8 8,24,10000,7933,2067,0.7933,7992,2008,0.7992,59
configs/exp4/lirs_2q_lfu_2q.cfg,experiments/data/hot8_scan_c24_seed45.in,LIRS 2Q LFU 2Q,4,6 6 6 6,24,10000,7980,2020,0.798,7992,2008,0.7992,12
configs/exp4/lirs_2q_lfu_arc.cfg,experiments/data/hot8_scan_c24_seed45.in,LIRS 2Q LFU ARC,4,6 6 6 6,24,10000,7978,2022,0.7978,7992,2008,0.7992,14
configs/exp4/lirs_2q_lfu_lfu.cfg,experiments/data/hot8_scan_c24_seed45.in,LIRS 2Q LFU LFU,4,6 6 6 6,24,10000,7978,2022,0.7978,7992,2008,0.7992,14
configs/exp4/lirs_2q_lfu_lirs.cfg,experiments/data/hot8_scan_c24_seed45.in,LIRS 2Q LFU LIRS,4,6 6 6 6,24,10000,7983,2017,0.7983,7992,2008,0.7992,9
configs/exp4/lirs_2q_lfu_lru.cfg,experiments/data/hot8_scan_c24_seed45.in,LIRS 2Q LFU LRU,4,6 6 6 6,24,10000,7765,2235,0.7765,7992,2008,0.7992,227
configs/exp4/lirs_2q_lirs.cfg,experiments/data/hot8_scan_c24_seed45.in,LIRS 2Q LIRS,3,8 8 8,24,10000,7978,2022,0.7978,7992,2008,0.7992,14
configs/exp4/lirs_2q_lirs_2q.cfg,experiments/data/hot8_scan_c24_seed45.in,LIRS 2Q LIRS 2Q,4,6 6 6 6,24,10000,7728,2272,0.7728,7992,2008,0.7992,264
configs/exp4/lirs_2q_lirs_arc.cfg,experiments/data/hot8_scan_c24_seed45.in,LIRS 2Q LIRS ARC,4,6 6 6 6,24,10000,7725,2275,0.7725,7992,2008,0.7992,267
configs/exp4/lirs_2q_lirs_lfu.cfg,experiments/data/hot8_scan_c24_seed45.in,LIRS 2Q LIRS LFU,4,6 6 6 6,24,10000,7789,2211,0.7789,7992,2008,0.7992,203
configs/exp4/lirs_2q_lirs_lirs.cfg,experiments/data/hot8_scan_c24_seed45.in,LIRS 2Q LIRS LIRS,4,6 6 6 6,24,10000,7661,2339,0.7661,7992,2008,0.7992,331
configs/exp4/lirs_2q_lirs_lru.cfg,experiments/data/hot8_scan_c24_seed45.in,LIRS 2Q LIRS LRU,4,6 6 6 6,24,10000,7645,2355,0.7645,7992,2008,0.7992,347
configs/exp4/lirs_2q_lru.cfg,experiments/data/hot8_scan_c24_seed45.in,LIRS 2Q LRU,3,8 8 8,24,10000,7863,2137,0.7863,7992,2008,0.7992,129
configs/exp4/lirs_2q_lru_2q.cfg,experiments/data/hot8_scan_c24_seed45.in,LIRS 2Q LRU 2Q,4,6 6 6 6,24,10000,7687,2313,0.7687,7992,2008,0.7992,305
configs/exp4/lirs_2q_lru_arc.cfg,experiments/data/hot8_scan_c24_seed45.in,LIRS 2Q LRU ARC,4,6 6 6 6,24,10000,7475,2525,0.7475,7992,2008,0.7992,517
configs/exp4/lirs_2q_lru_lfu.cfg,experiments/data/hot8_scan_c24_seed45.in,LIRS 2Q LRU LFU,4,6 6 6 6,24,10000,7379,2621,0.7379,7992,2008,0.7992,613
configs/exp4/lirs_2q_lru_lirs.cfg,experiments/data/hot8_scan_c24_seed45.in,LIRS 2Q LRU LIRS,4,6 6 6 6,24,10000,7723,2277,0.7723,7992,2008,0.7992,269
configs/exp4/lirs_2q_lru_lru.cfg,experiments/data/hot8_scan_c24_seed45.in,LIRS 2Q LRU LRU,4,6 6 6 6,24,10000,7320,2680,0.732,7992,2008,0.7992,672
configs/exp4/lirs_arc.cfg,experiments/data/hot8_scan_c24_seed45.in,LIRS ARC,2,12 12,24,10000,7992,2008,0.7992,7992,2008,0.7992,0
configs/exp4/lirs_arc_2q.cfg,experiments/data/hot8_scan_c24_seed45.in,LIRS ARC 2Q,3,8 8 8,24,10000,7936,2064,0.7936,7992,2008,0.7992,56
configs/exp4/lirs_arc_2q_2q.cfg,experiments/data/hot8_scan_c24_seed45.in,LIRS ARC 2Q 2Q,4,6 6 6 6,24,10000,7719,2281,0.7719,7992,2008,0.7992,273
configs/exp4/lirs_arc_2q_arc.cfg,experiments/data/hot8_scan_c24_seed45.in,LIRS ARC 2Q ARC,4,6 6 6 6,24,10000,7774,2226,0.7774,7992,2008,0.7992,218
configs/exp4/lirs_arc_2q_lfu.cfg,experiments/data/hot8_scan_c24_seed45.in,LIRS ARC 2Q LFU,4,6 6 6 6,24,10000,7785,2215,0.7785,7992,2008,0.7992,207
configs/exp4/lirs_arc_2q_lirs.cfg,experiments/data/hot8_scan_c24_seed45.in,LIRS ARC 2Q LIRS,4,6 6 6 6,24,10000,7828,2172,0.7828,7992,2008,0.7992,164
configs/exp4/lirs_arc_2q_lru.cfg,experiments/data/hot8_scan_c24_seed45.in,LIRS ARC 2Q LRU,4,6 6 6 6,24,10000,7595,2405,0.7595,7992,2008,0.7992,397
configs/exp4/lirs_arc_arc.cfg,experiments/data/hot8_scan_c24_seed45.in,LIRS ARC ARC,3,8 8 8,24,10000,7925,2075,0.7925,7992,2008,0.7992,67
configs/exp4/lirs_arc_arc_2q.cfg,experiments/data/hot8_scan_c24_seed45.in,LIRS ARC ARC 2Q,4,6 6 6 6,24,10000,7681,2319,0.7681,7992,2008,0.7992,311
configs/exp4/lirs_arc_arc_arc.cfg,experiments/data/hot8_scan_c24_seed45.in,LIRS ARC ARC ARC,4,6 6 6 6,24,10000,7615,2385,0.7615,7992,2008,0.7992,377
configs/exp4/lirs_arc_arc_lfu.cfg,experiments/data/hot8_scan_c24_seed45.in,LIRS ARC ARC LFU,4,6 6 6 6,24,10000,7712,2288,0.7712,7992,2008,0.7992,280
configs/exp4/lirs_arc_arc_lirs.cfg,experiments/data/hot8_scan_c24_seed45.in,LIRS ARC ARC LIRS,4,6 6 6 6,24,10000,7677,2323,0.7677,7992,2008,0.7992,315
configs/exp4/lirs_arc_arc_lru.cfg,experiments/data/hot8_scan_c24_seed45.in,LIRS ARC ARC LRU,4,6 6 6 6,24,10000,7431,2569,0.7431,7992,2008,0.7992,561
configs/exp4/lirs_arc_lfu.cfg,experiments/data/hot8_scan_c24_seed45.in,LIRS ARC LFU,3,8 8 8,24,10000,7925,2075,0.7925,7992,2008,0.7992,67
configs/exp4/lirs_arc_lfu_2q.cfg,experiments/data/hot8_scan_c24_seed45.in,LIRS ARC LFU 2Q,4,6 6 6 6,24,10000,7965,2035,0.7965,7992,2008,0.7992,27
configs/exp4/lirs_arc_lfu_arc.cfg,experiments/data/hot8_scan_c24_seed45.in,LIRS ARC LFU ARC,4,6 6 6 6,24,10000,7954,2046,0.7954,7992,2008,0.7992,38
configs/exp4/lirs_arc_lfu_lfu.cfg,experiments/data/hot8_scan_c24_seed45.in,LIRS ARC LFU LFU,4,6 6 6 6,24,10000,7949,2051,0.7949,7992,2008,0.7992,43
configs/exp4/lirs_arc_lfu_lirs.cfg,experiments/data/hot8_scan_c24_seed45.in,LIRS ARC LFU LIRS,4,6 6 6 6,24,10000,7979,2021,0.7979,7992,2008,0.7992,13
configs/exp4/lirs_arc_lfu_lru.cfg,experiments/data/hot8_scan_c24_seed45.in,LIRS ARC LFU LRU,4,6 6 6 6,24,10000,7648,2352,0.7648,7992,2008,0.7992,344
configs/exp4/lirs_arc_lirs.cfg,experiments/data/hot8_scan_c24_seed45.in,LIRS ARC LIRS,3,8 8 8,24,10000,7981,2019,0.7981,7992,2008,0.7992,11
configs/exp4/lirs_arc_lirs_2q.cfg,experiments/data/hot8_scan_c24_seed45.in,LIRS ARC LIRS 2Q,4,6 6 6 6,24,10000,7730,2270,0.773,7992,2008,0.7992,262
configs/exp4/lirs_arc_lirs_arc.cfg,experiments/data/hot8_scan_c24_seed45.in,LIRS ARC LIRS ARC,4,6 6 6 6,24,10000,7705,2295,0.7705,7992,2008,0.7992,287
configs/exp4/lirs_arc_lirs_lfu.cfg,experiments/data/hot8_scan_c24_seed45.in,LIRS ARC LIRS LFU,4,6 6 6 6,24,10000,7738,2262,0.7738,7992,2008,0.7992,254
configs/exp4/lirs_arc_lirs_lirs.cfg,experiments/data/hot8_scan_c24_seed45.in,LIRS ARC LIRS LIRS,4,6 6 6 6,24,10000,7665,2335,0.7665,7992,2008,0.7992,327
configs/exp4/lirs_arc_lirs_lru.cfg,experiments/data/hot8_scan_c24_seed45.in,LIRS ARC LIRS LRU,4,6 6 6 6,24,10000,7534,2466,0.7534,7992,2008,0.7992,458
configs/exp4/lirs_arc_lru.cfg,experiments/data/hot8_scan_c24_seed45.in,LIRS ARC LRU,3,8 8 8,24,10000,7914,2086,0.7914,7992,2008,0.7992,78
configs/exp4/lirs_arc_lru_2q.cfg,experiments/data/hot8_scan_c24_seed45.in,LIRS ARC LRU 2Q,4,6 6 6 6,24,10000,7607,2393,0.7607,7992,2008,0.7992,385
configs/exp4/lirs_arc_lru_arc.cfg,experiments/data/hot8_scan_c24_seed45.in,LIRS ARC LRU ARC,4,6 6 6 6,24,10000,7397,2603,0.7397,7992,2008,0.7992,595
configs/exp4/lirs_arc_lru_lfu.cfg,experiments/data/hot8_scan_c24_seed45.in,LIRS ARC LRU LFU,4,6 6 6 6,24,10000,7179,2821,0.7179,7992,2008,0.7992,813
configs/exp4/lirs_arc_lru_lirs.cfg,experiments/data/hot8_scan_c24_seed45.in,LIRS ARC LRU LIRS,4,6 6 6 6,24,10000,7579,2421,0.7579,7992,2008,0.7992,413
configs/exp4/lirs_arc_lru_lru.cfg,experiments/data/hot8_scan_c24_seed45.in,LIRS ARC LRU LRU,4,6 6 6 6,24,10000,7079,2921,0.7079,7992,2008,0.7992,913
configs/exp4/lirs_lfu.cfg,experiments/data/hot8_scan_c24_seed45.in,LIRS LFU,2,12 12,24,10000,7992,2008,0.7992,7992,2008,0.7992,0
configs/exp4/lirs_lfu_2q.cfg,experiments/data/hot8_scan_c24_seed45.in,LIRS LFU 2Q,3,8 8 8,24,10000,7985,2015,0.7985,7992,2008,0.7992,7
configs/exp4/lirs_lfu_2q_2q.cfg,experiments/data/hot8_scan_c24_seed45.in,LIRS LFU 2Q 2Q,4,6 6 6 6,24,10000,7984,2016,0.7984,7992,2008,0.7992,8
configs/exp4/lirs_lfu_2q_arc.cfg,experiments/data/hot8_scan_c24_seed45.in,LIRS LFU 2Q ARC,4,6 6 6 6,24,10000,7985,2015,0.7985,7992,2008,0.7992,7
configs/exp4/lirs_lfu_2q_lfu.cfg,experiments/data/hot8_scan_c24_seed45.in,LIRS LFU 2Q LFU,4,6 6 6 6,24,10000,7985,2015,0.7985,7992,2008,0.7992,7
configs/exp4/lirs_lfu_2q_lirs.cfg,experiments/data/hot8_scan_c24_seed45.in,LIRS LFU 2Q LIRS,4,6 6 6 6,24,10000,7988,2012,0.7988,7992,2008,0.7992,4
configs/exp4/lirs_lfu_2q_lru.cfg,experiments/data/hot8_scan_c24_seed45.in,LIRS LFU 2Q LRU,4,6 6 6 6,24,10000,7985,2015,0.7985,7992,2008,0.7992,7
configs/exp4/lirs_lfu_arc.cfg,experiments/data/hot8_scan_c24_seed45.in,LIRS LFU ARC,3,8 8 8,24,10000,7985,2015,0.7985,7992,2008,0.7992,7
configs/exp4/lirs_lfu_arc_2q.cfg,experiments/data/hot8_scan_c24_seed45.in,LIRS LFU ARC 2Q,4,6 6 6 6,24,10000,7984,2016,0.7984,7992,2008,0.7992,8
configs/exp4/lirs_lfu_arc_arc.cfg,experiments/data/hot8_scan_c24_seed45.in,LIRS LFU ARC ARC,4,6 6 6 6,24,10000,7985,2015,0.7985,7992,2008,0.7992,7
configs/exp4/lirs_lfu_arc_lfu.cfg,experiments/data/hot8_scan_c24_seed45.in,LIRS LFU ARC LFU,4,6 6 6 6,24,10000,7985,2015,0.7985,7992,2008,0.7992,7
configs/exp4/lirs_lfu_arc_lirs.cfg,experiments/data/hot8_scan_c24_seed45.in,LIRS LFU ARC LIRS,4,6 6 6 6,24,10000,7988,2012,0.7988,7992,2008,0.7992,4
configs/exp4/lirs_lfu_arc_lru.cfg,experiments/data/hot8_scan_c24_seed45.in,LIRS LFU ARC LRU,4,6 6 6 6,24,10000,7985,2015,0.7985,7992,2008,0.7992,7
configs/exp4/lirs_lfu_lfu.cfg,experiments/data/hot8_scan_c24_seed45.in,LIRS LFU LFU,3,8 8 8,24,10000,7985,2015,0.7985,7992,2008,0.7992,7
configs/exp4/lirs_lfu_lfu_2q.cfg,experiments/data/hot8_scan_c24_seed45.in,LIRS LFU LFU 2Q,4,6 6 6 6,24,10000,7984,2016,0.7984,7992,2008,0.7992,8
configs/exp4/lirs_lfu_lfu_arc.cfg,experiments/data/hot8_scan_c24_seed45.in,LIRS LFU LFU ARC,4,6 6 6 6,24,10000,7985,2015,0.7985,7992,2008,0.7992,7
configs/exp4/lirs_lfu_lfu_lfu.cfg,experiments/data/hot8_scan_c24_seed45.in,LIRS LFU LFU LFU,4,6 6 6 6,24,10000,7985,2015,0.7985,7992,2008,0.7992,7
configs/exp4/lirs_lfu_lfu_lirs.cfg,experiments/data/hot8_scan_c24_seed45.in,LIRS LFU LFU LIRS,4,6 6 6 6,24,10000,7988,2012,0.7988,7992,2008,0.7992,4
configs/exp4/lirs_lfu_lfu_lru.cfg,experiments/data/hot8_scan_c24_seed45.in,LIRS LFU LFU LRU,4,6 6 6 6,24,10000,7984,2016,0.7984,7992,2008,0.7992,8
configs/exp4/lirs_lfu_lirs.cfg,experiments/data/hot8_scan_c24_seed45.in,LIRS LFU LIRS,3,8 8 8,24,10000,7989,2011,0.7989,7992,2008,0.7992,3
configs/exp4/lirs_lfu_lirs_2q.cfg,experiments/data/hot8_scan_c24_seed45.in,LIRS LFU LIRS 2Q,4,6 6 6 6,24,10000,7989,2011,0.7989,7992,2008,0.7992,3
configs/exp4/lirs_lfu_lirs_arc.cfg,experiments/data/hot8_scan_c24_seed45.in,LIRS LFU LIRS ARC,4,6 6 6 6,24,10000,7989,2011,0.7989,7992,2008,0.7992,3
configs/exp4/lirs_lfu_lirs_lfu.cfg,experiments/data/hot8_scan_c24_seed45.in,LIRS LFU LIRS LFU,4,6 6 6 6,24,10000,7989,2011,0.7989,7992,2008,0.7992,3
configs/exp4/lirs_lfu_lirs_lirs.cfg,experiments/data/hot8_scan_c24_seed45.in,LIRS LFU LIRS LIRS,4,6 6 6 6,24,10000,7988,2012,0.7988,7992,2008,0.7992,4
configs/exp4/lirs_lfu_lirs_lru.cfg,experiments/data/hot8_scan_c24_seed45.in,LIRS LFU LIRS LRU,4,6 6 6 6,24,10000,7989,2011,0.7989,7992,2008,0.7992,3
configs/exp4/lirs_lfu_lru.cfg,experiments/data/hot8_scan_c24_seed45.in,LIRS LFU LRU,3,8 8 8,24,10000,7924,2076,0.7924,7992,2008,0.7992,68
configs/exp4/lirs_lfu_lru_2q.cfg,experiments/data/hot8_scan_c24_seed45.in,LIRS LFU LRU 2Q,4,6 6 6 6,24,10000,7956,2044,0.7956,7992,2008,0.7992,36
configs/exp4/lirs_lfu_lru_arc.cfg,experiments/data/hot8_scan_c24_seed45.in,LIRS LFU LRU ARC,4,6 6 6 6,24,10000,7846,2154,0.7846,7992,2008,0.7992,146
configs/exp4/lirs_lfu_lru_lfu.cfg,experiments/data/hot8_scan_c24_seed45.in,LIRS LFU LRU LFU,4,6 6 6 6,24,10000,7659,2341,0.7659,7992,2008,0.7992,333
configs/exp4/lirs_lfu_lru_lirs.cfg,experiments/data/hot8_scan_c24_seed45.in,LIRS LFU LRU LIRS,4,6 6 6 6,24,10000,7988,2012,0.7988,7992,2008,0.7992,4
configs/exp4/lirs_lfu_lru_lru.cfg,experiments/data/hot8_scan_c24_seed45.in,LIRS LFU LRU LRU,4,6 6 6 6,24,10000,7532,2468,0.7532,7992,2008,0.7992,460
configs/exp4/lirs_lirs_2q.cfg,experiments/data/hot8_scan_c24_seed45.in,LIRS LIRS 2Q,3,8 8 8,24,10000,7968,2032,0.7968,7992,2008,0.7992,24
configs/exp4/lirs_lirs_2q_2q.cfg,experiments/data/hot8_scan_c24_seed45.in,LIRS LIRS 2Q 2Q,4,6 6 6 6,24,10000,7693,2307,0.7693,7992,2008,0.7992,299
configs/exp4/lirs_lirs_2q_arc.cfg,experiments/data/hot8_scan_c24_seed45.in,LIRS LIRS 2Q ARC,4,6 6 6 6,24,10000,7756,2244,0.7756,7992,2008,0.7992,236
configs/exp4/lirs_lirs_2q_lfu.cfg,experiments/data/hot8_scan_c24_seed45.in,LIRS LIRS 2Q LFU,4,6 6 6 6,24,10000,7770,2230,0.777,7992,2008,0.7992,222
configs/exp4/lirs_lirs_2q_lirs.cfg,experiments/data/hot8_scan_c24_seed45.in,LIRS LIRS 2Q LIRS,4,6 6 6 6,24,10000,7758,2242,0.7758,7992,2008,0.7992,234
configs/exp4/lirs_lirs_2q_lru.cfg,experiments/data/hot8_scan_c24_seed45.in,LIRS LIRS 2Q LRU,4,6 6 6 6,24,10000,7653,2347,0.7653,7992,2008,0.7992,339
configs/exp4/lirs_lirs_arc.cfg,experiments/data/hot8_scan_c24_seed45.in,LIRS LIRS ARC,3,8 8 8,24,10000,7974,2026,0.7974,7992,2008,0.7992,18
configs/exp4/lirs_lirs_arc_2q.cfg,experiments/data/hot8_scan_c24_seed45.in,LIRS LIRS ARC 2Q,4,6 6 6 6,24,10000,7696,2304,0.7696,7992,2008,0.7992,296
configs/exp4/lirs_lirs_arc_arc.cfg,experiments/data/hot8_scan_c24_seed45.in,LIRS LIRS ARC ARC,4,6 6 6 6,24,10000,7636,2364,0.7636,7992,2008,0.7992,356
configs/exp4/lirs_lirs_arc_lfu.cfg,experiments/data/hot8_scan_c24_seed45.in,LIRS LIRS ARC LFU,4,6 6 6 6,24,10000,7763,2237,0.7763,7992,2008,0.7992,229
configs/exp4/lirs_lirs_arc_lirs.cfg,experiments/data/hot8_scan_c24_seed45.in,LIRS LIRS ARC LIRS,4,6 6 6 6,24,10000,7674,2326,0.7674,7992,2008,0.7992,318
configs/exp4/lirs_lirs_arc_lru.cfg,experiments/data/hot8_scan_c24_seed45.in,LIRS LIRS ARC LRU,4,6 6 6 6,24,10000,7527,2473,0.7527,7992,2008,0.7992,465
configs/exp4/lirs_lirs_lfu.cfg,experiments/data/hot8_scan_c24_seed45.in,LIRS LIRS LFU,3,8 8 8,24,10000,7972,2028,0.7972,7992,2008,0.7992,20
configs/exp4/lirs_lirs_lfu_2q.cfg,experiments/data/hot8_scan_c24_seed45.in,LIRS LIRS LFU 2Q,4,6 6 6 6,24,10000,7984,2016,0.7984,7992,2008,0.7992,8
configs/exp4/lirs_lirs_lfu_arc.cfg,experiments/data/hot8_scan_c24_seed45.in,LIRS LIRS LFU ARC,4,6 6 6 6,24,10000,7983,2017,0.7983,7992,2008,0.7992,9
configs/exp4/lirs_lirs_lfu_lfu.cfg,experiments/data/hot8_scan_c24_seed45.in,LIRS LIRS LFU LFU,4,6 6 6 6,24,10000,7983,2017,0.7983,7992,2008,0.7992,9
configs/exp4/lirs_lirs_lfu_lirs.cfg,experiments/data/hot8_scan_c24_seed45.in,LIRS LIRS LFU LIRS,4,6 6 6 6,24,10000,7986,2014,0.7986,7992,2008,0.7992,6
configs/exp4/lirs_lirs_lfu_lru.cfg,experiments/data/hot8_scan_c24_seed45.in,LIRS LIRS LFU LRU,4,6 6 6 6,24,10000,7718,2282,0.7718,7992,2008,0.7992,274
configs/exp4/lirs_lirs_lirs_2q.cfg,experiments/data/hot8_scan_c24_seed45.in,LIRS LIRS LIRS 2Q,4,6 6 6 6,24,10000,7644,2356,0.7644,7992,2008,0.7992,348
configs/exp4/lirs_lirs_lirs_arc.cfg,experiments/data/hot8_scan_c24_seed45.in,LIRS LIRS LIRS ARC,4,6 6 6 6,24,10000,7639,2361,0.7639,7992,2008,0.7992,353
configs/exp4/lirs_lirs_lirs_lfu.cfg,experiments/data/hot8_scan_c24_seed45.in,LIRS LIRS LIRS LFU,4,6 6 6 6,24,10000,7732,2268,0.7732,7992,2008,0.7992,260
configs/exp4/lirs_lirs_lirs_lru.cfg,experiments/data/hot8_scan_c24_seed45.in,LIRS LIRS LIRS LRU,4,6 6 6 6,24,10000,7574,2426,0.7574,7992,2008,0.7992,418
configs/exp4/lirs_lirs_lru.cfg,experiments/data/hot8_scan_c24_seed45.in,LIRS LIRS LRU,3,8 8 8,24,10000,7918,2082,0.7918,7992,2008,0.7992,74
configs/exp4/lirs_lirs_lru_2q.cfg,experiments/data/hot8_scan_c24_seed45.in,LIRS LIRS LRU 2Q,4,6 6 6 6,24,10000,7640,2360,0.764,7992,2008,0.7992,352
configs/exp4/lirs_lirs_lru_arc.cfg,experiments/data/hot8_scan_c24_seed45.in,LIRS LIRS LRU ARC,4,6 6 6 6,24,10000,7578,2422,0.7578,7992,2008,0.7992,414
configs/exp4/lirs_lirs_lru_lfu.cfg,experiments/data/hot8_scan_c24_seed45.in,LIRS LIRS LRU LFU,4,6 6 6 6,24,10000,7355,2645,0.7355,7992,2008,0.7992,637
configs/exp4/lirs_lirs_lru_lirs.cfg,experiments/data/hot8_scan_c24_seed45.in,LIRS LIRS LRU LIRS,4,6 6 6 6,24,10000,7682,2318,0.7682,7992,2008,0.7992,310
configs/exp4/lirs_lirs_lru_lru.cfg,experiments/data/hot8_scan_c24_seed45.in,LIRS LIRS LRU LRU,4,6 6 6 6,24,10000,7257,2743,0.7257,7992,2008,0.7992,735
configs/exp4/lirs_lru.cfg,experiments/data/hot8_scan_c24_seed45.in,LIRS LRU,2,12 12,24,10000,7992,2008,0.7992,7992,2008,0.7992,0
configs/exp4/lirs_lru_2q.cfg,experiments/data/hot8_scan_c24_seed45.in,LIRS LRU 2Q,3,8 8 8,24,10000,7815,2185,0.7815,7992,2008,0.7992,177
configs/exp4/lirs_lru_2q_2q.cfg,experiments/data/hot8_scan_c24_seed45.in,LIRS LRU 2Q 2Q,4,6 6 6 6,24,10000,7706,2294,0.7706,7992,2008,0.7992,286
configs/exp4/lirs_lru_2q_arc.cfg,experiments/data/hot8_scan_c24_seed45.in,LIRS LRU 2Q ARC,4,6 6 6 6,24,10000,7875,2125,0.7875,7992,2008,0.7992,117
configs/exp4/lirs_lru_2q_lfu.cfg,experiments/data/hot8_scan_c24_seed45.in,LIRS LRU 2Q LFU,4,6 6 6 6,24,10000,7611,2389,0.7611,7992,2008,0.7992,381
configs/exp4/lirs_lru_2q_lirs.cfg,experiments/data/hot8_scan_c24_seed45.in,LIRS LRU 2Q LIRS,4,6 6 6 6,24,10000,7967,2033,0.7967,7992,2008,0.7992,25
configs/exp4/lirs_lru_2q_lru.cfg,experiments/data/hot8_scan_c24_seed45.in,LIRS LRU 2Q LRU,4,6 6 6 6,24,10000,7455,2545,0.7455,7992,2008,0.7992,537
configs/exp4/lirs_lru_arc.cfg,experiments/data/hot8_scan_c24_seed45.in,LIRS LRU ARC,3,8 8 8,24,10000,7702,2298,0.7702,7992,2008,0.7992,290
configs/exp4/lirs_lru_arc_2q.cfg,experiments/data/hot8_scan_c24_seed45.in,LIRS LRU ARC 2Q,4,6 6 6 6,24,10000,7574,2426,0.7574,7992,2008,0.7992,418
configs/exp4/lirs_lru_arc_arc.cfg,experiments/data/hot8_scan_c24_seed45.in,LIRS LRU ARC ARC,4,6 6 6 6,24,10000,7533,2467,0.7533,7992,2008,0.7992,459
configs/exp4/lirs_lru_arc_lfu.cfg,experiments/data/hot8_scan_c24_seed45.in,LIRS LRU ARC LFU,4,6 6 6 6,24,10000,7423,2577,0.7423,7992,2008,0.7992,569
configs/exp4/lirs_lru_arc_lirs.cfg,experiments/data/hot8_scan_c24_seed45.in,LIRS LRU ARC LIRS,4,6 6 6 6,24,10000,7697,2303,0.7697,7992,2008,0.7992,295
configs/exp4/lirs_lru_arc_lru.cfg,experiments/data/hot8_scan_c24_seed45.in,LIRS LRU ARC LRU,4,6 6 6 6,24,10000,7238,2762,0.7238,7992,2008,0.7992,754
configs/exp4/lirs_lru_lfu.cfg,experiments/data/hot8_scan_c24_seed45.in,LIRS LRU LFU,3,8 8 8,24,10000,7601,2399,0.7601,7992,2008,0.7992,391
configs/exp4/lirs_lru_lfu_2q.cfg,experiments/data/hot8_scan_c24_seed45.in,LIRS LRU LFU 2Q,4,6 6 6 6,24,10000,7756,2244,0.7756,7992,2008,0.7992,236
configs/exp4/lirs_lru_lfu_arc.cfg,experiments/data/hot8_scan_c24_seed45.in,LIRS LRU LFU ARC,4,6 6 6 6,24,10000,7751,2249,0.7751,7992,2008,0.7992,241
configs/exp4/lirs_lru_lfu_lfu.cfg,experiments/data/hot8_scan_c24_seed45.in,LIRS LRU LFU LFU,4,6 6 6 6,24,10000,7352,2648,0.7352,7992,2008,0.7992,640
configs/exp4/lirs_lru_lfu_lirs.cfg,experiments/data/hot8_scan_c24_seed45.in,LIRS LRU LFU LIRS,4,6 6 6 6,24,10000,7831,2169,0.7831,7992,2008,0.7992,161
configs/exp4/lirs_lru_lfu_lru.cfg,experiments/data/hot8_scan_c24_seed45.in,LIRS LRU LFU LRU,4,6 6 6 6,24,10000,6997,3003,0.6997,7992,2008,0.7992,995
configs/exp4/lirs_lru_lirs.cfg,experiments/data/hot8_scan_c24_seed45.in,LIRS LRU LIRS,3,8 8 8,24,10000,7917,2083,0.7917,7992,2008,0.7992,75
configs/exp4/lirs_lru_lirs_2q.cfg,experiments/data/hot8_scan_c24_seed45.in,LIRS LRU LIRS 2Q,4,6 6 6 6,24,10000,7704,2296,0.7704,7992,2008,0.7992,288
configs/exp4/lirs_lru_lirs_arc.cfg,experiments/data/hot8_scan_c24_seed45.in,LIRS LRU LIRS ARC,4,6 6 6 6,24,10000,7665,2335,0.7665,7992,2008,0.7992,327
configs/exp4/lirs_lru_lirs_lfu.cfg,experiments/data/hot8_scan_c24_seed45.in,LIRS LRU LIRS LFU,4,6 6 6 6,24,10000,7492,2508,0.7492,7992,2008,0.7992,500
configs/exp4/lirs_lru_lirs_lirs.cfg,experiments/data/hot8_scan_c24_seed45.in,LIRS LRU LIRS LIRS,4,6 6 6 6,24,10000,7660,2340,0.766,7992,2008,0.7992,332
configs/exp4/lirs_lru_lirs_lru.cfg,experiments/data/hot8_scan_c24_seed45.in,LIRS LRU LIRS LRU,4,6 6 6 6,24,10000,7344,2656,0.7344,7992,2008,0.7992,648
configs/exp4/lirs_lru_lru.cfg,experiments/data/hot8_scan_c24_seed45.in,LIRS LRU LRU,3,8 8 8,24,10000,7536,2464,0.7536,7992,2008,0.7992,456
configs/exp4/lirs_lru_lru_2q.cfg,experiments/data/hot8_scan_c24_seed45.in,LIRS LRU LRU 2Q,4,6 6 6 6,24,10000,7405,2595,0.7405,7992,2008,0.7992,587
configs/exp4/lirs_lru_lru_arc.cfg,experiments/data/hot8_scan_c24_seed45.in,LIRS LRU LRU ARC,4,6 6 6 6,24,10000,7057,2943,0.7057,7992,2008,0.7992,935
configs/exp4/lirs_lru_lru_lfu.cfg,experiments/data/hot8_scan_c24_seed45.in,LIRS LRU LRU LFU,4,6 6 6 6,24,10000,6717,3283,0.6717,7992,2008,0.7992,1275
configs/exp4/lirs_lru_lru_lirs.cfg,experiments/data/hot8_scan_c24_seed45.in,LIRS LRU LRU LIRS,4,6 6 6 6,24,10000,7305,2695,0.7305,7992,2008,0.7992,687
configs/exp4/lirs_lru_lru_lru.cfg,experiments/data/hot8_scan_c24_seed45.in,LIRS LRU LRU LRU,4,6 6 6 6,24,10000,6530,3470,0.653,7992,2008,0.7992,1462
configs/exp4/lru_2q.cfg,experiments/data/hot8_scan_c24_seed45.in,LRU 2Q,2,12 12,24,10000,7969,2031,0.7969,7992,2008,0.7992,23
configs/exp4/lru_2q_2q.cfg,experiments/data/hot8_scan_c24_seed45.in,LRU 2Q 2Q,3,8 8 8,24,10000,7809,2191,0.7809,7992,2008,0.7992,183
configs/exp4/lru_2q_2q_2q.cfg,experiments/data/hot8_scan_c24_seed45.in,LRU 2Q 2Q 2Q,4,6 6 6 6,24,10000,7732,2268,0.7732,7992,2008,0.7992,260
configs/exp4/lru_2q_2q_arc.cfg,experiments/data/hot8_scan_c24_seed45.in,LRU 2Q 2Q ARC,4,6 6 6 6,24,10000,7820,2180,0.782,7992,2008,0.7992,172
configs/exp4/lru_2q_2q_lfu.cfg,experiments/data/hot8_scan_c24_seed45.in,LRU 2Q 2Q LFU,4,6 6 6 6,24,10000,7770,2230,0.777,7992,2008,0.7992,222
configs/exp4/lru_2q_2q_lirs.cfg,experiments/data/hot8_scan_c24_seed45.in,LRU 2Q 2Q LIRS,4,6 6 6 6,24,10000,7830,2170,0.783,7992,2008,0.7992,162
configs/exp4/lru_2q_2q_lru.cfg,experiments/data/hot8_scan_c24_seed45.in,LRU 2Q 2Q LRU,4,6 6 6 6,24,10000,7706,2294,0.7706,7992,2008,0.7992,286
configs/exp4/lru_2q_arc.cfg,experiments/data/hot8_scan_c24_seed45.in,LRU 2Q ARC,3,8 8 8,24,10000,7938,2062,0.7938,7992,2008,0.7992,54
configs/exp4/lru_2q_arc_2q.cfg,experiments/data/hot8_scan_c24_seed45.in,LRU 2Q ARC 2Q,4,6 6 6 6,24,10000,7834,2166,0.7834,7992,2008,0.7992,158
configs/exp4/lru_2q_arc_arc.cfg,experiments/data/hot8_scan_c24_seed45.in,LRU 2Q ARC ARC,4,6 6 6 6,24,10000,7782,2218,0.7782,7992,2008,0.7992,210
configs/exp4/lru_2q_arc_lfu.cfg,experiments/data/hot8_scan_c24_seed45.in,LRU 2Q ARC LFU,4,6 6 6 6,24,10000,7812,2188,0.7812,7992,2008,0.7992,180
configs/exp4/lru_2q_arc_lirs.cfg,experiments/data/hot8_scan_c24_seed45.in,LRU 2Q ARC LIRS,4,6 6 6 6,24,10000,7807,2193,0.7807,7992,2008,0.7992,185
configs/exp4/lru_2q_arc_lru.cfg,experiments/data/hot8_scan_c24_seed45.in,LRU 2Q ARC LRU,4,6 6 6 6,24,10000,7731,2269,0.7731,7992,2008,0.7992,261
configs/exp4/lru_2q_lfu.cfg,experiments/data/hot8_scan_c24_seed45.in,LRU 2Q LFU,3,8 8 8,24,10000,7766,2234,0.7766,7992,2008,0.7992,226
configs/exp4/lru_2q_lfu_2q.cfg,experiments/data/hot8_scan_c24_seed45.in,LRU 2Q LFU 2Q,4,6 6 6 6,24,10000,7975,2025,0.7975,7992,2008,0.7992,17
configs/exp4/lru_2q_lfu_arc.cfg,experiments/data/hot8_scan_c24_seed45.in,LRU 2Q LFU ARC,4,6 6 6 6,24,10000,7972,2028,0.7972,7992,2008,0.7992,20
configs/exp4/lru_2q_lfu_lfu.cfg,experiments/data/hot8_scan_c24_seed45.in,LRU 2Q LFU LFU,4,6 6 6 6,24,10000,7890,2110,0.789,7992,2008,0.7992,102
configs/exp4/lru_2q_lfu_lirs.cfg,experiments/data/hot8_scan_c24_seed45.in,LRU 2Q LFU LIRS,4,6 6 6 6,24,10000,7984,2016,0.7984,7992,2008,0.7992,8
configs/exp4/lru_2q_lfu_lru.cfg,experiments/data/hot8_scan_c24_seed45.in,LRU 2Q LFU LRU,4,6 6 6 6,24,10000,7715,2285,0.7715,7992,2008,0.7992,277
configs/exp4/lru_2q_lirs.cfg,experiments/data/hot8_scan_c24_seed45.in,LRU 2Q LIRS,3,8 8 8,24,10000,7942,2058,0.7942,7992,2008,0.7992,50
configs/exp4/lru_2q_lirs_2q.cfg,experiments/data/hot8_scan_c24_seed45.in,LRU 2Q LIRS 2Q,4,6 6 6 6,24,10000,7858,2142,0.7858,7992,2008,0.7992,134
configs/exp4/lru_2q_lirs_arc.cfg,experiments/data/hot8_scan_c24_seed45.in,LRU 2Q LIRS ARC,4,6 6 6 6,24,10000,7839,2161,0.7839,7992,2008,0.7992,153
configs/exp4/lru_2q_lirs_lfu.cfg,experiments/data/hot8_scan_c24_seed45.in,LRU 2Q LIRS LFU,4,6 6 6 6,24,10000,7856,2144,0.7856,7992,2008,0.7992,136
configs/exp4/lru_2q_lirs_lirs.cfg,experiments/data/hot8_scan_c24_seed45.in,LRU 2Q LIRS LIRS,4,6 6 6 6,24,10000,7798,2202,0.7798,7992,2008,0.7992,194
configs/exp4/lru_2q_lirs_lru.cfg,experiments/data/hot8_scan_c24_seed45.in,LRU 2Q LIRS LRU,4,6 6 6 6,24,10000,7799,2201,0.7799,7992,2008,0.7992,193
configs/exp4/lru_2q_lru.cfg,experiments/data/hot8_scan_c24_seed45.in,LRU 2Q LRU,3,8 8 8,24,10000,7601,2399,0.7601,7992,2008,0.7992,391
configs/exp4/lru_2q_lru_2q.cfg,experiments/data/hot8_scan_c24_seed45.in,LRU 2Q LRU 2Q,4,6 6 6 6,24,10000,7660,2340,0.766,7992,2008,0.7992,332
configs/exp4/lru_2q_lru_arc.cfg,experiments/data/hot8_scan_c24_seed45.in,LRU 2Q LRU ARC,4,6 6 6 6,24,10000,7670,2330,0.767,7992,2008,0.7992,322
configs/exp4/lru_2q_lru_lfu.cfg,experiments/data/hot8_scan_c24_seed45.in,LRU 2Q LRU LFU,4,6 6 6 6,24,10000,7315,2685,0.7315,7992,2008,0.7992,677
configs/exp4/lru_2q_lru_lirs.cfg,experiments/data/hot8_scan_c24_seed45.in,LRU 2Q LRU LIRS,4,6 6 6 6,24,10000,7773,2227,0.7773,7992,2008,0.7992,219
configs/exp4/lru_2q_lru_lru.cfg,experiments/data/hot8_scan_c24_seed45.in,LRU 2Q LRU LRU,4,6 6 6 6,24,10000,7199,2801,0.7199,7992,2008,0.7992,793
configs/exp4/lru_arc.cfg,experiments/data/hot8_scan_c24_seed45.in,LRU ARC,2,12 12,24,10000,7968,2032,0.7968,7992,2008,0.7992,24
configs/exp4/lru_arc_2q.cfg,experiments/data/hot8_scan_c24_seed45.in,LRU ARC 2Q,3,8 8 8,24,10000,7781,2219,0.7781,7992,2008,0.7992,211
configs/exp4/lru_arc_2q_2q.cfg,experiments/data/hot8_scan_c24_seed45.in,LRU ARC 2Q 2Q,4,6 6 6 6,24,10000,7664,2336,0.7664,7992,2008,0.7992,328
configs/exp4/lru_arc_2q_arc.cfg,experiments/data/hot8_scan_c24_seed45.in,LRU ARC 2Q ARC,4,6 6 6 6,24,10000,7797,2203,0.7797,7992,2008,0.7992,195
configs/exp4/lru_arc_2q_lfu.cfg,experiments/data/hot8_scan_c24_seed45.in,LRU ARC 2Q LFU,4,6 6 6 6,24,10000,7574,2426,0.7574,7992,2008,0.7992,418
configs/exp4/lru_arc_2q_lirs.cfg,experiments/data/hot8_scan_c24_seed45.in,LRU ARC 2Q LIRS,4,6 6 6 6,24,10000,7852,2148,0.7852,7992,2008,0.7992,140
configs/exp4/lru_arc_2q_lru.cfg,experiments/data/hot8_scan_c24_seed45.in,LRU ARC 2Q LRU,4,6 6 6 6,24,10000,7371,2629,0.7371,7992,2008,0.7992,621
configs/exp4/lru_arc_arc.cfg,experiments/data/hot8_scan_c24_seed45.in,LRU ARC ARC,3,8 8 8,24,10000,7807,2193,0.7807,7992,2008,0.7992,185
configs/exp4/lru_arc_arc_2q.cfg,experiments/data/hot8_scan_c24_seed45.in,LRU ARC ARC 2Q,4,6 6 6 6,24,10000,7507,2493,0.7507,7992,2008,0.7992,485
configs/exp4/lru_arc_arc_arc.cfg,experiments/data/hot8_scan_c24_seed45.in,LRU ARC ARC ARC,4,6 6 6 6,24,10000,7402,2598,0.7402,7992,2008,0.7992,590
configs/exp4/lru_arc_arc_lfu.cfg,experiments/data/hot8_scan_c24_seed45.in,LRU ARC ARC LFU,4,6 6 6 6,24,10000,7395,2605,0.7395,7992,2008,0.7992,597
configs/exp4/lru_arc_arc_lirs.cfg,experiments/data/hot8_scan_c24_seed45.in,LRU ARC ARC LIRS,4,6 6 6 6,24,10000,7514,2486,0.7514,7992,2008,0.7992,478
configs/exp4/lru_arc_arc_lru.cfg,experiments/data/hot8_scan_c24_seed45.in,LRU ARC ARC LRU,4,6 6 6 6,24,10000,6992,3008,0.6992,7992,2008,0.7992,1000
configs/exp4/lru_arc_lfu.cfg,experiments/data/hot8_scan_c24_seed45.in,LRU ARC LFU,3,8 8 8,24,10000,7714,2286,0.7714,7992,2008,0.7992,278
configs/exp4/lru_arc_lfu_2q.cfg,experiments/data/hot8_scan_c24_seed45.in,LRU ARC LFU 2Q,4,6 6 6 6,24,10000,7975,2025,0.7975,7992,2008,0.7992,17
configs/exp4/lru_arc_lfu_arc.cfg,experiments/data/hot8_scan_c24_seed45.in,LRU ARC LFU ARC,4,6 6 6 6,24,10000,7970,2030,0.797,7992,2008,0.7992,22
configs/exp4/lru_arc_lfu_lfu.cfg,experiments/data/hot8_scan_c24_seed45.in,LRU ARC LFU LFU,4,6 6 6 6,24,10000,7715,2285,0.7715,7992,2008,0.7992,277
configs/exp4/lru_arc_lfu_lirs.cfg,experiments/data/hot8_scan_c24_seed45.in,LRU ARC LFU LIRS,4,6 6 6 6,24,10000,7983,2017,0.7983,7992,2008,0.7992,9
configs/exp4/lru_arc_lfu_lru.cfg,experiments/data/hot8_scan_c24_seed45.in,LRU ARC LFU LRU,4,6 6 6 6,24,10000,7180,2820,0.718,7992,2008,0.7992,812
configs/exp4/lru_arc_lirs.cfg,experiments/data/hot8_scan_c24_seed45.in,LRU ARC LIRS,3,8 8 8,24,10000,7920,2080,0.792,7992,2008,0.7992,72
configs/exp4/lru_arc_lirs_2q.cfg,experiments/data/hot8_scan_c24_seed45.in,LRU ARC LIRS 2Q,4,6 6 6 6,24,10000,7590,2410,0.759,7992,2008,0.7992,402
configs/exp4/lru_arc_lirs_arc.cfg,experiments/data/hot8_scan_c24_seed45.in,LRU ARC LIRS ARC,4,6 6 6 6,24,10000,7566,2434,0.7566,7992,2008,0.7992,426
configs/exp4/lru_arc_lirs_lfu.cfg,experiments/data/hot8_scan_c24_seed45.in,LRU ARC LIRS LFU,4,6 6 6 6,24,10000,7491,2509,0.7491,7992,2008,0.7992,501
configs/exp4/lru_arc_lirs_lirs.cfg,experiments/data/hot8_scan_c24_seed45.in,LRU ARC LIRS LIRS,4,6 6 6 6,24,10000,7555,2445,0.7555,7992,2008,0.7992,437
configs/exp4/lru_arc_lirs_lru.cfg,experiments/data/hot8_scan_c24_seed45.in,LRU ARC LIRS LRU,4,6 6 6 6,24,10000,7224,2776,0.7224,7992,2008,0.7992,768
configs/exp4/lru_arc_lru.cfg,experiments/data/hot8_scan_c24_seed45.in,LRU ARC LRU,3,8 8 8,24,10000,7464,2536,0.7464,7992,2008,0.7992,528
configs/exp4/lru_arc_lru_2q.cfg,experiments/data/hot8_scan_c24_seed45.in,LRU ARC LRU 2Q,4,6 6 6 6,24,10000,7278,2722,0.7278,7992,2008,0.7992,714
configs/exp4/lru_arc_lru_arc.cfg,experiments/data/hot8_scan_c24_seed45.in,LRU ARC LRU ARC,4,6 6 6 6,24,10000,7014,2986,0.7014,7992,2008,0.7992,978
configs/exp4/lru_arc_lru_lfu.cfg,experiments/data/hot8_scan_c24_seed45.in,LRU ARC LRU LFU,4,6 6 6 6,24,10000,6619,3381,0.6619,7992,2008,0.7992,1373
configs/exp4/lru_arc_lru_lirs.cfg,experiments/data/hot8_scan_c24_seed45.in,LRU ARC LRU LIRS,4,6 6 6 6,24,10000,7206,2794,0.7206,7992,2008,0.7992,786
configs/exp4/lru_arc_lru_lru.cfg,experiments/data/hot8_scan_c24_seed45.in,LRU ARC LRU LRU,4,6 6 6 6,24,10000,6201,3799,0.6201,7992,2008,0.7992,1791
configs/exp4/lru_lfu.cfg,experiments/data/hot8_scan_c24_seed45.in,LRU LFU,2,12 12,24,10000,7871,2129,0.7871,7992,2008,0.7992,121
configs/exp4/lru_lfu_2q.cfg,experiments/data/hot8_scan_c24_seed45.in,LRU LFU 2Q,3,8 8 8,24,10000,7980,2020,0.798,7992,2008,0.7992,12
configs/exp4/lru_lfu_2q_2q.cfg,experiments/data/hot8_scan_c24_seed45.in,LRU LFU 2Q 2Q,4,6 6 6 6,24,10000,7978,2022,0.7978,7992,2008,0.7992,14
configs/exp4/lru_lfu_2q_arc.cfg,experiments/data/hot8_scan_c24_seed45.in,LRU LFU 2Q ARC,4,6 6 6 6,24,10000,7978,2022,0.7978,7992,2008,0.7992,14
configs/exp4/lru_lfu_2q_lfu.cfg,experiments/data/hot8_scan_c24_seed45.in,LRU LFU 2Q LFU,4,6 6 6 6,24,10000,7978,2022,0.7978,7992,2008,0.7992,14
configs/exp4/lru_lfu_2q_lirs.cfg,experiments/data/hot8_scan_c24_seed45.in,LRU LFU 2Q LIRS,4,6 6 6 6,24,10000,7986,2014,0.7986,7992,2008,0.7992,6
configs/exp4/lru_lfu_2q_lru.cfg,experiments/data/hot8_scan_c24_seed45.in,LRU LFU 2Q LRU,4,6 6 6 6,24,10000,7978,2022,0.7978,7992,2008,0.7992,14
configs/exp4/lru_lfu_arc.cfg,experiments/data/hot8_scan_c24_seed45.in,LRU LFU ARC,3,8 8 8,24,10000,7977,2023,0.7977,7992,2008,0.7992,15
configs/exp4/lru_lfu_arc_2q.cfg,experiments/data/hot8_scan_c24_seed45.in,LRU LFU ARC 2Q,4,6 6 6 6,24,10000,7978,2022,0.7978,7992,2008,0.7992,14
configs/exp4/lru_lfu_arc_arc.cfg,experiments/data/hot8_scan_c24_seed45.in,LRU LFU ARC ARC,4,6 6 6 6,24,10000,7976,2024,0.7976,7992,2008,0.7992,16
configs/exp4/lru_lfu_arc_lfu.cfg,experiments/data/hot8_scan_c24_seed45.in,LRU LFU ARC LFU,4,6 6 6 6,24,10000,7976,2024,0.7976,7992,2008,0.7992,16
configs/exp4/lru_lfu_arc_lirs.cfg,experiments/data/hot8_scan_c24_seed45.in,LRU LFU ARC LIRS,4,6 6 6 6,24,10000,7986,2014,0.7986,7992,2008,0.7992,6
configs/exp4/lru_lfu_arc_lru.cfg,experiments/data/hot8_scan_c24_seed45.in,LRU LFU ARC LRU,4,6 6 6 6,24,10000,7976,2024,0.7976,7992,2008,0.7992,16
configs/exp4/lru_lfu_lfu.cfg,experiments/data/hot8_scan_c24_seed45.in,LRU LFU LFU,3,8 8 8,24,10000,7975,2025,0.7975,7992,2008,0.7992,17
configs/exp4/lru_lfu_lfu_2q.cfg,experiments/data/hot8_scan_c24_seed45.in,LRU LFU LFU 2Q,4,6 6 6 6,24,10000,7979,2021,0.7979,7992,2008,0.7992,13
configs/exp4/lru_lfu_lfu_arc.cfg,experiments/data/hot8_scan_c24_seed45.in,LRU LFU LFU ARC,4,6 6 6 6,24,10000,7977,2023,0.7977,7992,2008,0.7992,15
configs/exp4/lru_lfu_lfu_lfu.cfg,experiments/data/hot8_scan_c24_seed45.in,LRU LFU LFU LFU,4,6 6 6 6,24,10000,7977,2023,0.7977,7992,2008,0.7992,15
configs/exp4/lru_lfu_lfu_lirs.cfg,experiments/data/hot8_scan_c24_seed45.in,LRU LFU LFU LIRS,4,6 6 6 6,24,10000,7986,2014,0.7986,7992,2008,0.7992,6
configs/exp4/lru_lfu_lfu_lru.cfg,experiments/data/hot8_scan_c24_seed45.in,LRU LFU LFU LRU,4,6 6 6 6,24,10000,7961,2039,0.7961,7992,2008,0.7992,31
configs/exp4/lru_lfu_lirs.cfg,experiments/data/hot8_scan_c24_seed45.in,LRU LFU LIRS,3,8 8 8,24,10000,7990,2010,0.799,7992,2008,0.7992,2
configs/exp4/lru_lfu_lirs_2q.cfg,experiments/data/hot8_scan_c24_seed45.in,LRU LFU LIRS 2Q,4,6 6 6 6,24,10000,7985,2015,0.7985,7992,2008,0.7992,7
configs/exp4/lru_lfu_lirs_arc.cfg,experiments/data/hot8_scan_c24_seed45.in,LRU LFU LIRS ARC,4,6 6 6 6,24,10000,7985,2015,0.7985,7992,2008,0.7992,7
configs/exp4/lru_lfu_lirs_lfu.cfg,experiments/data/hot8_scan_c24_seed45.in,LRU LFU LIRS LFU,4,6 6 6 6,24,10000,7985,2015,0.7985,7992,2008,0.7992,7
configs/exp4/lru_lfu_lirs_lirs.cfg,experiments/data/hot8_scan_c24_seed45.in,LRU LFU LIRS LIRS,4,6 6 6 6,24,10000,7985,2015,0.7985,7992,2008,0.7992,7
configs/exp4/lru_lfu_lirs_lru.cfg,experiments/data/hot8_scan_c24_seed45.in,LRU LFU LIRS LRU,4,6 6 6 6,24,10000,7985,2015,0.7985,7992,2008,0.7992,7
configs/exp4/lru_lfu_lru.cfg,experiments/data/hot8_scan_c24_seed45.in,LRU LFU LRU,3,8 8 8,24,10000,7692,2308,0.7692,7992,2008,0.7992,300
configs/exp4/lru_lfu_lru_2q.cfg,experiments/data/hot8_scan_c24_seed45.in,LRU LFU LRU 2Q,4,6 6 6 6,24,10000,7951,2049,0.7951,7992,2008,0.7992,41
configs/exp4/lru_lfu_lru_arc.cfg,experiments/data/hot8_scan_c24_seed45.in,LRU LFU LRU ARC,4,6 6 6 6,24,10000,7961,2039,0.7961,7992,2008,0.7992,31
configs/exp4/lru_lfu_lru_lfu.cfg,experiments/data/hot8_scan_c24_seed45.in,LRU LFU LRU LFU,4,6 6 6 6,24,10000,7733,2267,0.7733,7992,2008,0.7992,259
configs/exp4/lru_lfu_lru_lirs.cfg,experiments/data/hot8_scan_c24_seed45.in,LRU LFU LRU LIRS,4,6 6 6 6,24,10000,7983,2017,0.7983,7992,2008,0.7992,9
configs/exp4/lru_lfu_lru_lru.cfg,experiments/data/hot8_scan_c24_seed45.in,LRU LFU LRU LRU,4,6 6 6 6,24,10000,7242,2758,0.7242,7992,2008,0.7992,750
configs/exp4/lru_lirs.cfg,experiments/data/hot8_scan_c24_seed45.in,LRU LIRS,2,12 12,24,10000,7987,2013,0.7987,7992,2008,0.7992,5
configs/exp4/lru_lirs_2q.cfg,experiments/data/hot8_scan_c24_seed45.in,LRU LIRS 2Q,3,8 8 8,24,10000,7904,2096,0.7904,7992,2008,0.7992,88
configs/exp4/lru_lirs_2q_2q.cfg,experiments/data/hot8_scan_c24_seed45.in,LRU LIRS 2Q 2Q,4,6 6 6 6,24,10000,7656,2344,0.7656,7992,2008,0.7992,336
configs/exp4/lru_lirs_2q_arc.cfg,experiments/data/hot8_scan_c24_seed45.in,LRU LIRS 2Q ARC,4,6 6 6 6,24,10000,7790,2210,0.779,7992,2008,0.7992,202
configs/exp4/lru_lirs_2q_lfu.cfg,experiments/data/hot8_scan_c24_seed45.in,LRU LIRS 2Q LFU,4,6 6 6 6,24,10000,7722,2278,0.7722,7992,2008,0.7992,270
configs/exp4/lru_lirs_2q_lirs.cfg,experiments/data/hot8_scan_c24_seed45.in,LRU LIRS 2Q LIRS,4,6 6 6 6,24,10000,7794,2206,0.7794,7992,2008,0.7992,198
configs/exp4/lru_lirs_2q_lru.cfg,experiments/data/hot8_scan_c24_seed45.in,LRU LIRS 2Q LRU,4,6 6 6 6,24,10000,7592,2408,0.7592,7992,2008,0.7992,400
configs/exp4/lru_lirs_arc.cfg,experiments/data/hot8_scan_c24_seed45.in,LRU LIRS ARC,3,8 8 8,24,10000,7952,2048,0.7952,7992,2008,0.7992,40
configs/exp4/lru_lirs_arc_2q.cfg,experiments/data/hot8_scan_c24_seed45.in,LRU LIRS ARC 2Q,4,6 6 6 6,24,10000,7687,2313,0.7687,7992,2008,0.7992,305
configs/exp4/lru_lirs_arc_arc.cfg,experiments/data/hot8_scan_c24_seed45.in,LRU LIRS ARC ARC,4,6 6 6 6,24,10000,7603,2397,0.7603,7992,2008,0.7992,389
configs/exp4/lru_lirs_arc_lfu.cfg,experiments/data/hot8_scan_c24_seed45.in,LRU LIRS ARC LFU,4,6 6 6 6,24,10000,7693,2307,0.7693,7992,2008,0.7992,299
configs/exp4/lru_lirs_arc_lirs.cfg,experiments/data/hot8_scan_c24_seed45.in,LRU LIRS ARC LIRS,4,6 6 6 6,24,10000,7655,2345,0.7655,7992,2008,0.7992,337
configs/exp4/lru_lirs_arc_lru.cfg,experiments/data/hot8_scan_c24_seed45.in,LRU LIRS ARC LRU,4,6 6 6 6,24,10000,7465,2535,0.7465,7992,2008,0.7992,527
configs/exp4/lru_lirs_lfu.cfg,experiments/data/hot8_scan_c24_seed45.in,LRU LIRS LFU,3,8 8 8,24,10000,7881,2119,0.7881,7992,2008,0.7992,111
configs/exp4/lru_lirs_lfu_2q.cfg,experiments/data/hot8_scan_c24_seed45.in,LRU LIRS LFU 2Q,4,6 6 6 6,24,10000,7981,2019,0.7981,7992,2008,0.7992,11
configs/exp4/lru_lirs_lfu_arc.cfg,experiments/data/hot8_scan_c24_seed45.in,LRU LIRS LFU ARC,4,6 6 6 6,24,10000,7974,2026,0.7974,7992,2008,0.7992,18
configs/exp4/lru_lirs_lfu_lfu.cfg,experiments/data/hot8_scan_c24_seed45.in,LRU LIRS LFU LFU,4,6 6 6 6,24,10000,7782,2218,0.7782,7992,2008,0.7992,210
configs/exp4/lru_lirs_lfu_lirs.cfg,experiments/data/hot8_scan_c24_seed45.in,LRU LIRS LFU LIRS,4,6 6 6 6,24,10000,7979,2021,0.7979,7992,2008,0.7992,13
configs/exp4/lru_lirs_lfu_lru.cfg,experiments/data/hot8_scan_c24_seed45.in,LRU LIRS LFU LRU,4,6 6 6 6,24,10000,7483,2517,0.7483,7992,2008,0.7992,509
configs/exp4/lru_lirs_lirs.cfg,experiments/data/hot8_scan_c24_seed45.in,LRU LIRS LIRS,3,8 8 8,24,10000,7954,2046,0.7954,7992,2008,0.7992,38
configs/exp4/lru_lirs_lirs_2q.cfg,experiments/data/hot8_scan_c24_seed45.in,LRU LIRS LIRS 2Q,4,6 6 6 6,24,10000,7709,2291,0.7709,7992,2008,0.7992,283
configs/exp4/lru_lirs_lirs_arc.cfg,experiments/data/hot8_scan_c24_seed45.in,LRU LIRS LIRS ARC,4,6 6 6 6,24,10000,7671,2329,0.7671,7992,2008,0.7992,321
configs/exp4/lru_lirs_lirs_lfu.cfg,experiments/data/hot8_scan_c24_seed45.in,LRU LIRS LIRS LFU,4,6 6 6 6,24,10000,7740,2260,0.774,7992,2008,0.7992,252
configs/exp4/lru_lirs_lirs_lirs.cfg,experiments/data/hot8_scan_c24_seed45.in,LRU LIRS LIRS LIRS,4,6 6 6 6,24,10000,7626,2374,0.7626,7992,2008,0.7992,366
configs/exp4/lru_lirs_lirs_lru.cfg,experiments/data/hot8_scan_c24_seed45.in,LRU LIRS LIRS LRU,4,6 6 6 6,24,10000,7562,2438,0.7562,7992,2008,0.7992,430
configs/exp4/lru_lirs_lru.cfg,experiments/data/hot8_scan_c24_seed45.in,LRU LIRS LRU,3,8 8 8,24,10000,7761,2239,0.7761,7992,2008,0.7992,231
configs/exp4/lru_lirs_lru_2q.cfg,experiments/data/hot8_scan_c24_seed45.in,LRU LIRS LRU 2Q,4,6 6 6 6,24,10000,7537,2463,0.7537,7992,2008,0.7992,455
configs/exp4/lru_lirs_lru_arc.cfg,experiments/data/hot8_scan_c24_seed45.in,LRU LIRS LRU ARC,4,6 6 6 6,24,10000,7495,2505,0.7495,7992,2008,0.7992,497
configs/exp4/lru_lirs_lru_lfu.cfg,experiments/data/hot8_scan_c24_seed45.in,LRU LIRS LRU LFU,4,6 6 6 6,24,10000,7092,2908,0.7092,7992,2008,0.7992,900
configs/exp4/lru_lirs_lru_lirs.cfg,experiments/data/hot8_scan_c24_seed45.in,LRU LIRS LRU LIRS,4,6 6 6 6,24,10000,7551,2449,0.7551,7992,2008,0.7992,441
configs/exp4/lru_lirs_lru_lru.cfg,experiments/data/hot8_scan_c24_seed45.in,LRU LIRS LRU LRU,4,6 6 6 6,24,10000,6907,3093,0.6907,7992,2008,0.7992,1085
configs/exp4/lru_lru_2q.cfg,experiments/data/hot8_scan_c24_seed45.in,LRU LRU 2Q,3,8 8 8,24,10000,7450,2550,0.745,7992,2008,0.7992,542
configs/exp4/lru_lru_2q_2q.cfg,experiments/data/hot8_scan_c24_seed45.in,LRU LRU 2Q 2Q,4,6 6 6 6,24,10000,7666,2334,0.7666,7992,2008,0.7992,326
configs/exp4/lru_lru_2q_arc.cfg,experiments/data/hot8_scan_c24_seed45.in,LRU LRU 2Q ARC,4,6 6 6 6,24,10000,7779,2221,0.7779,7992,2008,0.7992,213
configs/exp4/lru_lru_2q_lfu.cfg,experiments/data/hot8_scan_c24_seed45.in,LRU LRU 2Q LFU,4,6 6 6 6,24,10000,7360,2640,0.736,7992,2008,0.7992,632
configs/exp4/lru_lru_2q_lirs.cfg,experiments/data/hot8_scan_c24_seed45.in,LRU LRU 2Q LIRS,4,6 6 6 6,24,10000,7841,2159,0.7841,7992,2008,0.7992,151
configs/exp4/lru_lru_2q_lru.cfg,experiments/data/hot8_scan_c24_seed45.in,LRU LRU 2Q LRU,4,6 6 6 6,24,10000,7201,2799,0.7201,7992,2008,0.7992,791
configs/exp4/lru_lru_arc.cfg,experiments/data/hot8_scan_c24_seed45.in,LRU LRU ARC,3,8 8 8,24,10000,7466,2534,0.7466,7992,2008,0.7992,526
configs/exp4/lru_lru_arc_2q.cfg,experiments/data/hot8_scan_c24_seed45.in,LRU LRU ARC 2Q,4,6 6 6 6,24,10000,7252,2748,0.7252,7992,2008,0.7992,740
configs/exp4/lru_lru_arc_arc.cfg,experiments/data/hot8_scan_c24_seed45.in,LRU LRU ARC ARC,4,6 6 6 6,24,10000,7019,2981,0.7019,7992,2008,0.7992,973
configs/exp4/lru_lru_arc_lfu.cfg,experiments/data/hot8_scan_c24_seed45.in,LRU LRU ARC LFU,4,6 6 6 6,24,10000,7045,2955,0.7045,7992,2008,0.7992,947
configs/exp4/lru_lru_arc_lirs.cfg,experiments/data/hot8_scan_c24_seed45.in,LRU LRU ARC LIRS,4,6 6 6 6,24,10000,7169,2831,0.7169,7992,2008,0.7992,823
configs/exp4/lru_lru_arc_lru.cfg,experiments/data/hot8_scan_c24_seed45.in,LRU LRU ARC LRU,4,6 6 6 6,24,10000,6296,3704,0.6296,7992,2008,0.7992,1696
configs/exp4/lru_lru_lfu.cfg,experiments/data/hot8_scan_c24_seed45.in,LRU LRU LFU,3,8 8 8,24,10000,6960,3040,0.696,7992,2008,0.7992,1032
configs/exp4/lru_lru_lfu_2q.cfg,experiments/data/hot8_scan_c24_seed45.in,LRU LRU LFU 2Q,4,6 6 6 6,24,10000,7967,2033,0.7967,7992,2008,0.7992,25
configs/exp4/lru_lru_lfu_arc.cfg,experiments/data/hot8_scan_c24_seed45.in,LRU LRU LFU ARC,4,6 6 6 6,24,10000,7957,2043,0.7957,7992,2008,0.7992,35
configs/exp4/lru_lru_lfu_lfu.cfg,experiments/data/hot8_scan_c24_seed45.in,LRU LRU LFU LFU,4,6 6 6 6,24,10000,7819,2181,0.7819,7992,2008,0.7992,173
configs/exp4/lru_lru_lfu_lirs.cfg,experiments/data/hot8_scan_c24_seed45.in,LRU LRU LFU LIRS,4,6 6 6 6,24,10000,7972,2028,0.7972,7992,2008,0.7992,20
configs/exp4/lru_lru_lfu_lru.cfg,experiments/data/hot8_scan_c24_seed45.in,LRU LRU LFU LRU,4,6 6 6 6,24,10000,6682,3318,0.6682,7992,2008,0.7992,1310
configs/exp4/lru_lru_lirs.cfg,experiments/data/hot8_scan_c24_seed45.in,LRU LRU LIRS,3,8 8 8,24,10000,7690,2310,0.769,7992,2008,0.7992,302
configs/exp4/lru_lru_lirs_2q.cfg,experiments/data/hot8_scan_c24_seed45.in,LRU LRU LIRS 2Q,4,6 6 6 6,24,10000,7407,2593,0.7407,7992,2008,0.7992,585
configs/exp4/lru_lru_lirs_arc.cfg,experiments/data/hot8_scan_c24_seed45.in,LRU LRU LIRS ARC,4,6 6 6 6,24,10000,7402,2598,0.7402,7992,2008,0.7992,590
configs/exp4/lru_lru_lirs_lfu.cfg,experiments/data/hot8_scan_c24_seed45.in,LRU LRU LIRS LFU,4,6 6 6 6,24,10000,7404,2596,0.7404,7992,2008,0.7992,588
configs/exp4/lru_lru_lirs_lirs.cfg,experiments/data/hot8_scan_c24_seed45.in,LRU LRU LIRS LIRS,4,6 6 6 6,24,10000,7454,2546,0.7454,7992,2008,0.7992,538
configs/exp4/lru_lru_lirs_lru.cfg,experiments/data/hot8_scan_c24_seed45.in,LRU LRU LIRS LRU,4,6 6 6 6,24,10000,6897,3103,0.6897,7992,2008,0.7992,1095
configs/exp4/lru_lru_lru_2q.cfg,experiments/data/hot8_scan_c24_seed45.in,LRU LRU LRU 2Q,4,6 6 6 6,24,10000,6796,3204,0.6796,7992,2008,0.7992,1196
configs/exp4/lru_lru_lru_arc.cfg,experiments/data/hot8_scan_c24_seed45.in,LRU LRU LRU ARC,4,6 6 6 6,24,10000,6092,3908,0.6092,7992,2008,0.7992,1900
configs/exp4/lru_lru_lru_lfu.cfg,experiments/data/hot8_scan_c24_seed45.in,LRU LRU LRU LFU,4,6 6 6 6,24,10000,5788,4212,0.5788,7992,2008,0.7992,2204
configs/exp4/lru_lru_lru_lirs.cfg,experiments/data/hot8_scan_c24_seed45.in,LRU LRU LRU LIRS,4,6 6 6 6,24,10000,6627,3373,0.6627,7992,2008,0.7992,1365
configs/exp4/2q_2q_2q_arc.cfg,experiments/data/hot8_scan_c48_seed45.in,2Q 2Q 2Q ARC,4,12 12 12 12,48,10000,7992,2008,0.7992,7992,2008,0.7992,0
configs/exp4/2q_2q_2q_lfu.cfg,experiments/data/hot8_scan_c48_seed45.in,2Q 2Q 2Q LFU,4,12 12 12 12,48,10000,7992,2008,0.7992,7992,2008,0.7992,0
configs/exp4/2q_2q_2q_lirs.cfg,experiments/data/hot8_scan_c48_seed45.in,2Q 2Q 2Q LIRS,4,12 12 12 12,48,10000,7992,2008,0.7992,7992,2008,0.7992,0
configs/exp4/2q_2q_2q_lru.cfg,experiments/data/hot8_scan_c48_seed45.in,2Q 2Q 2Q LRU,4,12 12 12 12,48,10000,7992,2008,0.7992,7992,2008,0.7992,0
configs/exp4/2q_2q_arc.cfg,experiments/data/hot8_scan_c48_seed45.in,2Q 2Q ARC,3,16 16 16,48,10000,7992,2008,0.7992,7992,2008,0.7992,0
configs/exp4/2q_2q_arc_2q.cfg,experiments/data/hot8_scan_c48_seed45.in,2Q 2Q ARC 2Q,4,12 12 12 12,48,10000,7992,2008,0.7992,7992,2008,0.7992,0
configs/exp4/2q_2q_arc_arc.cfg,experiments/data/hot8_scan_c48_seed45.in,2Q 2Q ARC ARC,4,12 12 12 12,48,10000,7992,2008,0.7992,7992,2008,0.7992,0
configs/exp4/2q_2q_arc_lfu.cfg,experiments/data/hot8_scan_c48_seed45.in,2Q 2Q ARC LFU,4,12 12 12 12,48,10000,7992,2008,0.7992,7992,2008,0.7992,0
configs/exp4/2q_2q_arc_lirs.cfg,experiments/data/hot8_scan_c48_seed45.in,2Q 2Q ARC LIRS,4,12 12 12 12,48,10000,7992,2008,0.7992,7992,2008,0.7992,0
configs/exp4/2q_2q_arc_lru.cfg,experiments/data/hot8_scan_c48_seed45.in,2Q 2Q ARC LRU,4,12 12 12 12,48,10000,7992,2008,0.7992,7992,2008,0.7992,0
configs/exp4/2q_2q_lfu.cfg,experiments/data/hot8_scan_c48_seed45.in,2Q 2Q LFU,3,16 16 16,48,10000,7992,2008,0.7992,7992,2008,0.7992,0
configs/exp4/2q_2q_lfu_2q.cfg,experiments/data/hot8_scan_c48_seed45.in,2Q 2Q LFU 2Q,4,12 12 12 12,48,10000,7992,2008,0.7992,7992,2008,0.7992,0
configs/exp4/2q_2q_lfu_arc.cfg,experiments/data/hot8_scan_c48_seed45.in,2Q 2Q LFU ARC,4,12 12 12 12,48,10000,7992,2008,0.7992,7992,2008,0.7992,0
configs/exp4/2q_2q_lfu_lfu.cfg,experiments/data/hot8_scan_c48_seed45.in,2Q 2Q LFU LFU,4,12 12 12 12,48,10000,7992,2008,0.7992,7992,2008,0.7992,0
configs/exp4/2q_2q_lfu_lirs.cfg,experiments/data/hot8_scan_c48_seed45.in,2Q 2Q LFU LIRS,4,12 12 12 12,48,10000,7992,2008,0.7992,7992,2008,0.7992,0
configs/exp4/2q_2q_lfu_lru.cfg,experiments/data/hot8_scan_c48_seed45.in,2Q 2Q LFU LRU,4,12 12 12 12,48,10000,7992,2008,0.7992,7992,2008,0.7992,0
configs/exp4/2q_2q_lirs.cfg,experiments/data/hot8_scan_c48_seed45.in,2Q 2Q LIRS,3,16 16 16,48,10000,7992,2008,0.7992,7992,2008,0.7992,0
configs/exp4/2q_2q_lirs_2q.cfg,experiments/data/hot8_scan_c48_seed45.in,2Q 2Q LIRS 2Q,4,12 12 12 12,48,10000,7992,2008,0.7992,7992,2008,0.7992,0
configs/exp4/2q_2q_lirs_arc.cfg,experiments/data/hot8_scan_c48_seed45.in,2Q 2Q LIRS ARC,4,12 12 12 12,48,10000,7992,2008,0.7992,7992,2008,0.7992,0
configs/exp4/2q_2q_lirs_lfu.cfg,experiments/data/hot8_scan_c48_seed45.in,2Q 2Q LIRS LFU,4,12 12 12 12,48,10000,7992,2008,0.7992,7992,2008,0.7992,0
configs/exp4/2q_2q_lirs_lirs.cfg,experiments/data/hot8_scan_c48_seed45.in,2Q 2Q LIRS LIRS,4,12 12 12 12,48,10000,7992,2008,0.7992,7992,2008,0.7992,0
configs/exp4/2q_2q_lirs_lru.cfg,experiments/data/hot8_scan_c48_seed45.in,2Q 2Q LIRS LRU,4,12 12 12 12,48,10000,7992,2008,0.7992,7992,2008,0.7992,0
configs/exp4/2q_2q_lru.cfg,experiments/data/hot8_scan_c48_seed45.in,2Q 2Q LRU,3,16 16 16,48,10000,7992,2008,0.7992,7992,2008,0.7992,0
configs/exp4/2q_2q_lru_2q.cfg,experiments/data/hot8_scan_c48_seed45.in,2Q 2Q LRU 2Q,4,12 12 12 12,48,10000,7992,2008,0.7992,7992,2008,0.7992,0
configs/exp4/2q_2q_lru_arc.cfg,experiments/data/hot8_scan_c48_seed45.in,2Q 2Q LRU ARC,4,12 12 12 12,48,10000,7992,2008,0.7992,7992,2008,0.7992,0
configs/exp4/2q_2q_lru_lfu.cfg,experiments/data/hot8_scan_c48_seed45.in,2Q 2Q LRU LFU,4,12 12 12 12,48,10000,7992,2008,0.7992,7992,2008,0.7992,0
configs/exp4/2q_2q_lru_lirs.cfg,experiments/data/hot8_scan_c48_seed45.in,2Q 2Q LRU LIRS,4,12 12 12 12,48,10000,7992,2008,0.7992,7992,2008,0.7992,0
configs/exp4/2q_2q_lru_lru.cfg,experiments/data/hot8_scan_c48_seed45.in,2Q 2Q LRU LRU,4,12 12 12 12,48,10000,7992,2008,0.7992,7992,2008,0.7992,0
configs/exp4/2q_arc.cfg,experiments/data/hot8_scan_c48_seed45.in,2Q ARC,2,24 24,48,10000,7992,2008,0.7992,7992,2008,0.7992,0
configs/exp4/2q_arc_2q.cfg,experiments/data/hot8_scan_c48_seed45.in,2Q ARC 2Q,3,16 16 16,48,10000,7992,2008,0.7992,7992,2008,0.7992,0
configs/exp4/2q_arc_2q_2q.cfg,experiments/data/hot8_scan_c48_seed45.in,2Q ARC 2Q 2Q,4,12 12 12 12,48,10000,7992,2008,0.7992,7992,2008,0.7992,0
configs/exp4/2q_arc_2q_arc.cfg,experiments/data/hot8_scan_c48_seed45.in,2Q ARC 2Q ARC,4,12 12 12 12,48,10000,7992,2008,0.7992,7992,2008,0.7992,0
configs/exp4/2q_arc_2q_lfu.cfg,experiments/data/hot8_scan_c48_seed45.in,2Q ARC 2Q LFU,4,12 12 12 12,48,10000,7992,2008,0.7992,7992,2008,0.7992,0
configs/exp4/2q_arc_2q_lirs.cfg,experiments/data/hot8_scan_c48_seed45.in,2Q ARC 2Q LIRS,4,12 12 12 12,48,10000,7992,2008,0.7992,7992,2008,0.7992,0
configs/exp4/2q_arc_2q_lru.cfg,experiments/data/hot8_scan_c48_seed45.in,2Q ARC 2Q LRU,4,12 12 12 12,48,10000,7992,2008,0.7992,7992,2008,0.7992,0
configs/exp4/2q_arc_arc.cfg,experiments/data/hot8_scan_c48_seed45.in,2Q ARC ARC,3,16 16 16,48,10000,7992,2008,0.7992,7992,2008,0.7992,0
configs/exp4/2q_arc_arc_2q.cfg,experiments/data/hot8_scan_c48_seed45.in,2Q ARC ARC 2Q,4,12 12 12 12,48,10000,7992,2008,0.7992,7992,2008,0.7992,0
configs/exp4/2q_arc_arc_arc.cfg,experiments/data/hot8_scan_c48_seed45.in,2Q ARC ARC ARC,4,12 12 12 12,48,10000,7992,2008,0.7992,7992,2008,0.7992,0
configs/exp4/2q_arc_arc_lfu.cfg,experiments/data/hot8_scan_c48_seed45.in,2Q ARC ARC LFU,4,12 12 12 12,48,10000,7992,2008,0.7992,7992,2008,0.7992,0
configs/exp4/2q_arc_arc_lirs.cfg,experiments/data/hot8_scan_c48_seed45.in,2Q ARC ARC LIRS,4,12 12 12 12,48,10000,7992,2008,0.7992,7992,2008,0.7992,0
configs/exp4/2q_arc_arc_lru.cfg,experiments/data/hot8_scan_c48_seed45.in,2Q ARC ARC LRU,4,12 12 12 12,48,10000,7992,2008,0.7992,7992,2008,0.7992,0
configs/exp4/2q_arc_lfu.cfg,experiments/data/hot8_scan_c48_seed45.in,2Q ARC LFU,3,16 16 16,48,10000,7992,2008,0.7992,7992,2008,0.7992,0
configs/exp4/2q_arc_lfu_2q.cfg,experiments/data/hot8_scan_c48_seed45.in,2Q ARC LFU 2Q,4,12 12 12 12,48,10000,7992,2008,0.7992,7992,2008,0.7992,0
configs/exp4/2q_arc_lfu_arc.cfg,experiments/data/hot8_scan_c48_seed45.in,2Q ARC LFU ARC,4,12 12 12 12,48,10000,7992,2008,0.7992,7992,2008,0.7992,0
configs/exp4/2q_arc_lfu_lfu.cfg,experiments/data/hot8_scan_c48_seed45.in,2Q ARC LFU LFU,4,12 12 12 12,48,10000,7992,2008,0.7992,7992,2008,0.7992,0
configs/exp4/2q_arc_lfu_lirs.cfg,experiments/data/hot8_scan_c48_seed45.in,2Q ARC LFU LIRS,4,12 12 12 12,48,10000,7992,2008,0.7992,7992,2008,0.7992,0
configs/exp4/2q_arc_lfu_lru.cfg,experiments/data/hot8_scan_c48_seed45.in,2Q ARC LFU LRU,4,12 12 12 12,48,10000,7992,2008,0.7992,7992,2008,0.7992,0
configs/exp4/2q_arc_lirs.cfg,experiments/data/hot8_scan_c48_seed45.in,2Q ARC LIRS,3,16 16 16,48,10000,7992,2008,0.7992,7992,2008,0.7992,0
configs/exp4/2q_arc_lirs_2q.cfg,experiments/data/hot8_scan_c48_seed45.in,2Q ARC LIRS 2Q,4,12 12 12 12,48,10000,7992,2008,0.7992,7992,2008,0.7992,0
configs/exp4/2q_arc_lirs_arc.cfg,experiments/data/hot8_scan_c48_seed45.in,2Q ARC LIRS ARC,4,12 12 12 12,48,10000,7992,2008,0.7992,7992,2008,0.7992,0
configs/exp4/2q_arc_lirs_lfu.cfg,experiments/data/hot8_scan_c48_seed45.in,2Q ARC LIRS LFU,4,12 12 12 12,48,10000,7992,2008,0.7992,7992,2008,0.7992,0
configs/exp4/2q_arc_lirs_lirs.cfg,experiments/data/hot8_scan_c48_seed45.in,2Q ARC LIRS LIRS,4,12 12 12 12,48,10000,7992,2008,0.7992,7992,2008,0.7992,0
configs/exp4/2q_arc_lirs_lru.cfg,experiments/data/hot8_scan_c48_seed45.in,2Q ARC LIRS LRU,4,12 12 12 12,48,10000,7992,2008,0.7992,7992,2008,0.7992,0
configs/exp4/2q_arc_lru.cfg,experiments/data/hot8_scan_c48_seed45.in,2Q ARC LRU,3,16 16 16,48,10000,7992,2008,0.7992,7992,2008,0.7992,0
configs/exp4/2q_arc_lru_2q.cfg,experiments/data/hot8_scan_c48_seed45.in,2Q ARC LRU 2Q,4,12 12 12 12,48,10000,7992,2008,0.7992,7992,2008,0.7992,0
configs/exp4/2q_arc_lru_arc.cfg,experiments/data/hot8_scan_c48_seed45.in,2Q ARC LRU ARC,4,12 12 12 12,48,10000,7992,2008,0.7992,7992,2008,0.7992,0
configs/exp4/2q_arc_lru_lfu.cfg,experiments/data/hot8_scan_c48_seed45.in,2Q ARC LRU LFU,4,12 12 12 12,48,10000,7992,2008,0.7992,7992,2008,0.7992,0
configs/exp4/2q_arc_lru_lirs.cfg,experiments/data/hot8_scan_c48_seed45.in,2Q ARC LRU LIRS,4,12 12 12 12,48,10000,7992,2008,0.7992,7992,2008,0.7992,0
configs/exp4/2q_arc_lru_lru.cfg,experiments/data/hot8_scan_c48_seed45.in,2Q ARC LRU LRU,4,12 12 12 12,48,10000,7992,2008,0.7992,7992,2008,0.7992,0
configs/exp4/2q_lfu.cfg,experiments/data/hot8_scan_c48_seed45.in,2Q LFU,2,24 24,48,10000,7992,2008,0.7992,7992,2008,0.7992,0
configs/exp4/2q_lfu_2q.cfg,experiments/data/hot8_scan_c48_seed45.in,2Q LFU 2Q,3,16 16 16,48,10000,7992,2008,0.7992,7992,2008,0.7992,0
configs/exp4/2q_lfu_2q_2q.cfg,experiments/data/hot8_scan_c48_seed45.in,2Q LFU 2Q 2Q,4,12 12 12 12,48,10000,7992,2008,0.7992,7992,2008,0.7992,0
configs/exp4/2q_lfu_2q_arc.cfg,experiments/data/hot8_scan_c48_seed45.in,2Q LFU 2Q ARC,4,12 12 12 12,48,10000,7992,2008,0.7992,7992,2008,0.7992,0
configs/exp4/2q_lfu_2q_lfu.cfg,experiments/data/hot8_scan_c48_seed45.in,2Q LFU 2Q LFU,4,12 12 12 12,48,10000,7992,2008,0.7992,7992,2008,0.7992,0
configs/exp4/2q_lfu_2q_lirs.cfg,experiments/data/hot8_scan_c48_seed45.in,2Q LFU 2Q LIRS,4,12 12 12 12,48,10000,7992,2008,0.7992,7992,2008,0.7992,0
configs/exp4/2q_lfu_2q_lru.cfg,experiments/data/hot8_scan_c48_seed45.in,2Q LFU 2Q LRU,4,12 12 12 12,48,10000,7992,2008,0.7992,7992,2008,0.7992,0
configs/exp4/2q_lfu_arc.cfg,experiments/data/hot8_scan_c48_seed45.in,2Q LFU ARC,3,16 16 16,48,10000,7992,2008,0.7992,7992,2008,0.7992,0
configs/exp4/2q_lfu_arc_2q.cfg,experiments/data/hot8_scan_c48_seed45.in,2Q LFU ARC 2Q,4,12 12 12 12,48,10000,7992,2008,0.7992,7992,2008,0.7992,0
configs/exp4/2q_lfu_arc_arc.cfg,experiments/data/hot8_scan_c48_seed45.in,2Q LFU ARC ARC,4,12 12 12 12,48,10000,7992,2008,0.7992,7992,2008,0.7992,0
configs/exp4/2q_lfu_arc_lfu.cfg,experiments/data/hot8_scan_c48_seed45.in,2Q LFU ARC LFU,4,12 12 12 12,48,10000,7992,2008,0.7992,7992,2008,0.7992,0
configs/exp4/2q_lfu_arc_lirs.cfg,experiments/data/hot8_scan_c48_seed45.in,2Q LFU ARC LIRS,4,12 12 12 12,48,10000,7992,2008,0.7992,7992,2008,0.7992,0
configs/exp4/2q_lfu_arc_lru.cfg,experiments/data/hot8_scan_c48_seed45.in,2Q LFU ARC LRU,4,12 12 12 12,48,10000,7992,2008,0.7992,7992,2008,0.7992,0
configs/exp4/2q_lfu_lfu.cfg,experiments/data/hot8_scan_c48_seed45.in,2Q LFU LFU,3,16 16 16,48,10000,7992,2008,0.7992,7992,2008,0.7992,0
configs/exp4/2q_lfu_lfu_2q.cfg,experiments/data/hot8_scan_c48_seed45.in,2Q LFU LFU 2Q,4,12 12 12 12,48,10000,7992,2008,0.7992,7992,2008,0.7992,0
configs/exp4/2q_lfu_lfu_arc.cfg,experiments/data/hot8_scan_c48_seed45.in,2Q LFU LFU ARC,4,12 12 12 12,48,10000,7992,2008,0.7992,7992,2008,0.7992,0
configs/exp4/2q_lfu_lfu_lfu.cfg,experiments/data/hot8_scan_c48_seed45.in,2Q LFU LFU LFU,4,12 12 12 12,48,10000,7992,2008,0.7992,7992,2008,0.7992,0
configs/exp4/2q_lfu_lfu_lirs.cfg,experiments/data/hot8_scan_c48_seed45.in,2Q LFU LFU LIRS,4,12 12 12 12,48,10000,7992,2008,0.7992,7992,2008,0.7992,0
configs/exp4/2q_lfu_lfu_lru.cfg,experiments/data/hot8_scan_c48_seed45.in,2Q LFU LFU LRU,4,12 12 12 12,48,10000,7992,2008,0.7992,7992,2008,0.7992,0
configs/exp4/2q_lfu_lirs.cfg,experiments/data/hot8_scan_c48_seed45.in,2Q LFU LIRS,3,16 16 16,48,10000,7992,2008,0.7992,7992,2008,0.7992,0
configs/exp4/2q_lfu_lirs_2q.cfg,experiments/data/hot8_scan_c48_seed45.in,2Q LFU LIRS 2Q,4,12 12 12 12,48,10000,7992,2008,0.7992,7992,2008,0.7992,0
configs/exp4/2q_lfu_lirs_arc.cfg,experiments/data/hot8_scan_c48_seed45.in,2Q LFU LIRS ARC,4,12 12 12 12,48,10000,7992,2008,0.7992,7992,2008,0.7992,0
configs/exp4/2q_lfu_lirs_lfu.cfg,experiments/data/hot8_scan_c48_seed45.in,2Q LFU LIRS LFU,4,12 12 12 12,48,10000,7992,2008,0.7992,7992,2008,0.7992,0
configs/exp4/2q_lfu_lirs_lirs.cfg,experiments/data/hot8_scan_c48_seed45.in,2Q LFU LIRS LIRS,4,12 12 12 12,48,10000,7992,2008,0.7992,7992,2008,0.7992,0
configs/exp4/2q_lfu_lirs_lru.cfg,experiments/data/hot8_scan_c48_seed45.in,2Q LFU LIRS LRU,4,12 12 12 12,48,10000,7992,2008,0.7992,7992,2008,0.7992,0
configs/exp4/2q_lfu_lru.cfg,experiments/data/hot8_scan_c48_seed45.in,2Q LFU LRU,3,16 16 16,48,10000,7992,2008,0.7992,7992,2008,0.7992,0
configs/exp4/2q_lfu_lru_2q.cfg,experiments/data/hot8_scan_c48_seed45.in,2Q LFU LRU 2Q,4,12 12 12 12,48,10000,7992,2008,0.7992,7992,2008,0.7992,0
configs/exp4/2q_lfu_lru_arc.cfg,experiments/data/hot8_scan_c48_seed45.in,2Q LFU LRU ARC,4,12 12 12 12,48,10000,7992,2008,0.7992,7992,2008,0.7992,0
configs/exp4/2q_lfu_lru_lfu.cfg,experiments/data/hot8_scan_c48_seed45.in,2Q LFU LRU LFU,4,12 12 12 12,48,10000,7992,2008,0.7992,7992,2008,0.7992,0
configs/exp4/2q_lfu_lru_lirs.cfg,experiments/data/hot8_scan_c48_seed45.in,2Q LFU LRU LIRS,4,12 12 12 12,48,10000,7992,2008,0.7992,7992,2008,0.7992,0
configs/exp4/2q_lfu_lru_lru.cfg,experiments/data/hot8_scan_c48_seed45.in,2Q LFU LRU LRU,4,12 12 12 12,48,10000,7992,2008,0.7992,7992,2008,0.7992,0
configs/exp4/2q_lirs.cfg,experiments/data/hot8_scan_c48_seed45.in,2Q LIRS,2,24 24,48,10000,7992,2008,0.7992,7992,2008,0.7992,0
configs/exp4/2q_lirs_2q.cfg,experiments/data/hot8_scan_c48_seed45.in,2Q LIRS 2Q,3,16 16 16,48,10000,7992,2008,0.7992,7992,2008,0.7992,0
configs/exp4/2q_lirs_2q_2q.cfg,experiments/data/hot8_scan_c48_seed45.in,2Q LIRS 2Q 2Q,4,12 12 12 12,48,10000,7992,2008,0.7992,7992,2008,0.7992,0
configs/exp4/2q_lirs_2q_arc.cfg,experiments/data/hot8_scan_c48_seed45.in,2Q LIRS 2Q ARC,4,12 12 12 12,48,10000,7992,2008,0.7992,7992,2008,0.7992,0
configs/exp4/2q_lirs_2q_lfu.cfg,experiments/data/hot8_scan_c48_seed45.in,2Q LIRS 2Q LFU,4,12 12 12 12,48,10000,7992,2008,0.7992,7992,2008,0.7992,0
configs/exp4/2q_lirs_2q_lirs.cfg,experiments/data/hot8_scan_c48_seed45.in,2Q LIRS 2Q LIRS,4,12 12 12 12,48,10000,7992,2008,0.7992,7992,2008,0.7992,0
configs/exp4/2q_lirs_2q_lru.cfg,experiments/data/hot8_scan_c48_seed45.in,2Q LIRS 2Q LRU,4,12 12 12 12,48,10000,7992,2008,0.7992,7992,2008,0.7992,0
configs/exp4/2q_lirs_arc.cfg,experiments/data/hot8_scan_c48_seed45.in,2Q LIRS ARC,3,16 16 16,48,10000,7992,2008,0.7992,7992,2008,0.7992,0
configs/exp4/2q_lirs_arc_2q.cfg,experiments/data/hot8_scan_c48_seed45.in,2Q LIRS ARC 2Q,4,12 12 12 12,48,10000,7992,2008,0.7992,7992,2008,0.7992,0
configs/exp4/2q_lirs_arc_arc.cfg,experiments/data/hot8_scan_c48_seed45.in,2Q LIRS ARC ARC,4,12 12 12 12,48,10000,7992,2008,0.7992,7992,2008,0.7992,0
configs/exp4/2q_lirs_arc_lfu.cfg,experiments/data/hot8_scan_c48_seed45.in,2Q LIRS ARC LFU,4,12 12 12 12,48,10000,7992,2008,0.7992,7992,2008,0.7992,0
configs/exp4/2q_lirs_arc_lirs.cfg,experiments/data/hot8_scan_c48_seed45.in,2Q LIRS ARC LIRS,4,12 12 12 12,48,10000,7992,2008,0.7992,7992,2008,0.7992,0
configs/exp4/2q_lirs_arc_lru.cfg,experiments/data/hot8_scan_c48_seed45.in,2Q LIRS ARC LRU,4,12 12 12 12,48,10000,7992,2008,0.7992,7992,2008,0.7992,0
configs/exp4/2q_lirs_lfu.cfg,experiments/data/hot8_scan_c48_seed45.in,2Q LIRS LFU,3,16 16 16,48,10000,7992,2008,0.7992,7992,2008,0.7992,0
configs/exp4/2q_lirs_lfu_2q.cfg,experiments/data/hot8_scan_c48_seed45.in,2Q LIRS LFU 2Q,4,12 12 12 12,48,10000,7992,2008,0.7992,7992,2008,0.7992,0
configs/exp4/2q_lirs_lfu_arc.cfg,experiments/data/hot8_scan_c48_seed45.in,2Q LIRS LFU ARC,4,12 12 12 12,48,10000,7992,2008,0.7992,7992,2008,0.7992,0
configs/exp4/2q_lirs_lfu_lfu.cfg,experiments/data/hot8_scan_c48_seed45.in,2Q LIRS LFU LFU,4,12 12 12 12,48,10000,7992,2008,0.7992,7992,2008,0.7992,0
configs/exp4/2q_lirs_lfu_lirs.cfg,experiments/data/hot8_scan_c48_seed45.in,2Q LIRS LFU LIRS,4,12 12 12 12,48,10000,7992,2008,0.7992,7992,2008,0.7992,0
configs/exp4/2q_lirs_lfu_lru.cfg,experiments/data/hot8_scan_c48_seed45.in,2Q LIRS LFU LRU,4,12 12 12 12,48,10000,7992,2008,0.7992,7992,2008,0.7992,0
configs/exp4/2q_lirs_lirs.cfg,experiments/data/hot8_scan_c48_seed45.in,2Q LIRS LIRS,3,16 16 16,48,10000,7992,2008,0.7992,7992,2008,0.7992,0
configs/exp4/2q_lirs_lirs_2q.cfg,experiments/data/hot8_scan_c48_seed45.in,2Q LIRS LIRS 2Q,4,12 12 12 12,48,10000,7992,2008,0.7992,7992,2008,0.7992,0
configs/exp4/2q_lirs_lirs_arc.cfg,experiments/data/hot8_scan_c48_seed45.in,2Q LIRS LIRS ARC,4,12 12 12 12,48,10000,7992,2008,0.7992,7992,2008,0.7992,0
configs/exp4/2q_lirs_lirs_lfu.cfg,experiments/data/hot8_scan_c48_seed45.in,2Q LIRS LIRS LFU,4,12 12 12 12,48,10000,7992,2008,0.7992,7992,2008,0.7992,0
configs/exp4/2q_lirs_lirs_lirs.cfg,experiments/data/hot8_scan_c48_seed45.in,2Q LIRS LIRS LIRS,4,12 12 12 12,48,10000,7992,2008,0.7992,7992,2008,0.7992,0
configs/exp4/2q_lirs_lirs_lru.cfg,experiments/data/hot8_scan_c48_seed45.in,2Q LIRS LIRS LRU,4,12 12 12 12,48,10000,7992,2008,0.7992,7992,2008,0.7992,0
configs/exp4/2q_lirs_lru.cfg,experiments/data/hot8_scan_c48_seed45.in,2Q LIRS LRU,3,16 16 16,48,10000,7992,2008,0.7992,7992,2008,0.7992,0
configs/exp4/2q_lirs_lru_2q.cfg,experiments/data/hot8_scan_c48_seed45.in,2Q LIRS LRU 2Q,4,12 12 12 12,48,10000,7992,2008,0.7992,7992,2008,0.7992,0
configs/exp4/2q_lirs_lru_arc.cfg,experiments/data/hot8_scan_c48_seed45.in,2Q LIRS LRU ARC,4,12 12 12 12,48,10000,7992,2008,0.7992,7992,2008,0.7992,0
configs/exp4/2q_lirs_lru_lfu.cfg,experiments/data/hot8_scan_c48_seed45.in,2Q LIRS LRU LFU,4,12 12 12 12,48,10000,7992,2008,0.7992,7992,2008,0.7992,0
configs/exp4/2q_lirs_lru_lirs.cfg,experiments/data/hot8_scan_c48_seed45.in,2Q LIRS LRU LIRS,4,12 12 12 12,48,10000,7992,2008,0.7992,7992,2008,0.7992,0
configs/exp4/2q_lirs_lru_lru.cfg,experiments/data/hot8_scan_c48_seed45.in,2Q LIRS LRU LRU,4,12 12 12 12,48,10000,7992,2008,0.7992,7992,2008,0.7992,0
configs/exp4/2q_lru.cfg,experiments/data/hot8_scan_c48_seed45.in,2Q LRU,2,24 24,48,10000,7992,2008,0.7992,7992,2008,0.7992,0
configs/exp4/2q_lru_2q.cfg,experiments/data/hot8_scan_c48_seed45.in,2Q LRU 2Q,3,16 16 16,48,10000,7992,2008,0.7992,7992,2008,0.7992,0
configs/exp4/2q_lru_2q_2q.cfg,experiments/data/hot8_scan_c48_seed45.in,2Q LRU 2Q 2Q,4,12 12 12 12,48,10000,7992,2008,0.7992,7992,2008,0.7992,0
configs/exp4/2q_lru_2q_arc.cfg,experiments/data/hot8_scan_c48_seed45.in,2Q LRU 2Q ARC,4,12 12 12 12,48,10000,7992,2008,0.7992,7992,2008,0.7992,0
configs/exp4/2q_lru_2q_lfu.cfg,experiments/data/hot8_scan_c48_seed45.in,2Q LRU 2Q LFU,4,12 12 12 12,48,10000,7992,2008,0.7992,7992,2008,0.7992,0
configs/exp4/2q_lru_2q_lirs.cfg,experiments/data/hot8_scan_c48_seed45.in,2Q LRU 2Q LIRS,4,12 12 12 12,48,10000,7992,2008,0.7992,7992,2008,0.7992,0
configs/exp4/2q_lru_2q_lru.cfg,experiments/data/hot8_scan_c48_seed45.in,2Q LRU 2Q LRU,4,12 12 12 12,48,10000,7992,2008,0.7992,7992,2008,0.7992,0
configs/exp4/2q_lru_arc.cfg,experiments/data/hot8_scan_c48_seed45.in,2Q LRU ARC,3,16 16 16,48,10000,7992,2008,0.7992,7992,2008,0.7992,0
configs/exp4/2q_lru_arc_2q.cfg,experiments/data/hot8_scan_c48_seed45.in,2Q LRU ARC 2Q,4,12 12 12 12,48,10000,7992,2008,0.7992,7992,2008,0.7992,0
configs/exp4/2q_lru_arc_arc.cfg,experiments/data/hot8_scan_c48_seed45.in,2Q LRU ARC ARC,4,12 12 12 12,48,10000,7992,2008,0.7992,7992,2008,0.7992,0
configs/exp4/2q_lru_arc_lfu.cfg,experiments/data/hot8_scan_c48_seed45.in,2Q LRU ARC LFU,4,12 12 12 12,48,10000,7992,2008,0.7992,7992,2008,0.7992,0
configs/exp4/2q_lru_arc_lirs.cfg,experiments/data/hot8_scan_c48_seed45.in,2Q LRU ARC LIRS,4,12 12 12 12,48,10000,7992,2008,0.7992,7992,2008,0.7992,0
configs/exp4/2q_lru_arc_lru.cfg,experiments/data/hot8_scan_c48_seed45.in,2Q LRU ARC LRU,4,12 12 12 12,48,10000,7992,2008,0.7992,7992,2008,0.7992,0
configs/exp4/2q_lru_lfu.cfg,experiments/data/hot8_scan_c48_seed45.in,2Q LRU LFU,3,16 16 16,48,10000,7992,2008,0.7992,7992,2008,0.7992,0
configs/exp4/2q_lru_lfu_2q.cfg,experiments/data/hot8_scan_c48_seed45.in,2Q LRU LFU 2Q,4,12 12 12 12,48,10000,7992,2008,0.7992,7992,2008,0.7992,0
configs/exp4/2q_lru_lfu_arc.cfg,experiments/data/hot8_scan_c48_seed45.in,2Q LRU LFU ARC,4,12 12 12 12,48,10000,7992,2008,0.7992,7992,2008,0.7992,0
configs/exp4/2q_lru_lfu_lfu.cfg,experiments/data/hot8_scan_c48_seed45.in,2Q LRU LFU LFU,4,12 12 12 12,48,10000,7992,2008,0.7992,7992,2008,0.7992,0
configs/exp4/2q_lru_lfu_lirs.cfg,experiments/data/hot8_scan_c48_seed45.in,2Q LRU LFU LIRS,4,12 12 12 12,48,10000,7992,2008,0.7992,7992,2008,0.7992,0
configs/exp4/2q_lru_lfu_lru.cfg,experiments/data/hot8_scan_c48_seed45.in,2Q LRU LFU LRU,4,12 12 12 12,48,10000,7992,2008,0.7992,7992,2008,0.7992,0
configs/exp4/2q_lru_lirs.cfg,experiments/data/hot8_scan_c48_seed45.in,2Q LRU LIRS,3,16 16 16,48,10000,7992,2008,0.7992,7992,2008,0.7992,0
configs/exp4/2q_lru_lirs_2q.cfg,experiments/data/hot8_scan_c48_seed45.in,2Q LRU LIRS 2Q,4,12 12 12 12,48,10000,7992,2008,0.7992,7992,2008,0.7992,0
configs/exp4/2q_lru_lirs_arc.cfg,experiments/data/hot8_scan_c48_seed45.in,2Q LRU LIRS ARC,4,12 12 12 12,48,10000,7992,2008,0.7992,7992,2008,0.7992,0
configs/exp4/2q_lru_lirs_lfu.cfg,experiments/data/hot8_scan_c48_seed45.in,2Q LRU LIRS LFU,4,12 12 12 12,48,10000,7992,2008,0.7992,7992,2008,0.7992,0
configs/exp4/2q_lru_lirs_lirs.cfg,experiments/data/hot8_scan_c48_seed45.in,2Q LRU LIRS LIRS,4,12 12 12 12,48,10000,7992,2008,0.7992,7992,2008,0.7992,0
configs/exp4/2q_lru_lirs_lru.cfg,experiments/data/hot8_scan_c48_seed45.in,2Q LRU LIRS LRU,4,12 12 12 12,48,10000,7992,2008,0.7992,7992,2008,0.7992,0
configs/exp4/2q_lru_lru.cfg,experiments/data/hot8_scan_c48_seed45.in,2Q LRU LRU,3,16 16 16,48,10000,7992,2008,0.7992,7992,2008,0.7992,0
configs/exp4/2q_lru_lru_2q.cfg,experiments/data/hot8_scan_c48_seed45.in,2Q LRU LRU 2Q,4,12 12 12 12,48,10000,7992,2008,0.7992,7992,2008,0.7992,0
configs/exp4/2q_lru_lru_arc.cfg,experiments/data/hot8_scan_c48_seed45.in,2Q LRU LRU ARC,4,12 12 12 12,48,10000,7992,2008,0.7992,7992,2008,0.7992,0
configs/exp4/2q_lru_lru_lfu.cfg,experiments/data/hot8_scan_c48_seed45.in,2Q LRU LRU LFU,4,12 12 12 12,48,10000,7992,2008,0.7992,7992,2008,0.7992,0
configs/exp4/2q_lru_lru_lirs.cfg,experiments/data/hot8_scan_c48_seed45.in,2Q LRU LRU LIRS,4,12 12 12 12,48,10000,7992,2008,0.7992,7992,2008,0.7992,0
configs/exp4/2q_lru_lru_lru.cfg,experiments/data/hot8_scan_c48_seed45.in,2Q LRU LRU LRU,4,12 12 12 12,48,10000,7992,2008,0.7992,7992,2008,0.7992,0
configs/exp4/arc_2q.cfg,experiments/data/hot8_scan_c48_seed45.in,ARC 2Q,2,24 24,48,10000,7992,2008,0.7992,7992,2008,0.7992,0
configs/exp4/arc_2q_2q.cfg,experiments/data/hot8_scan_c48_seed45.in,ARC 2Q 2Q,3,16 16 16,48,10000,7992,2008,0.7992,7992,2008,0.7992,0
configs/exp4/arc_2q_2q_2q.cfg,experiments/data/hot8_scan_c48_seed45.in,ARC 2Q 2Q 2Q,4,12 12 12 12,48,10000,7992,2008,0.7992,7992,2008,0.7992,0
configs/exp4/arc_2q_2q_arc.cfg,experiments/data/hot8_scan_c48_seed45.in,ARC 2Q 2Q ARC,4,12 12 12 12,48,10000,7992,2008,0.7992,7992,2008,0.7992,0
configs/exp4/arc_2q_2q_lfu.cfg,experiments/data/hot8_scan_c48_seed45.in,ARC 2Q 2Q LFU,4,12 12 12 12,48,10000,7992,2008,0.7992,7992,2008,0.7992,0
configs/exp4/arc_2q_2q_lirs.cfg,experiments/data/hot8_scan_c48_seed45.in,ARC 2Q 2Q LIRS,4,12 12 12 12,48,10000,7992,2008,0.7992,7992,2008,0.7992,0
configs/exp4/arc_2q_2q_lru.cfg,experiments/data/hot8_scan_c48_seed45.in,ARC 2Q 2Q LRU,4,12 12 12 12,48,10000,7992,2008,0.7992,7992,2008,0.7992,0
configs/exp4/arc_2q_arc.cfg,experiments/data/hot8_scan_c48_seed45.in,ARC 2Q ARC,3,16 16 16,48,10000,7992,2008,0.7992,7992,2008,0.7992,0
configs/exp4/arc_2q_arc_2q.cfg,experiments/data/hot8_scan_c48_seed45.in,ARC 2Q ARC 2Q,4,12 12 12 12,48,10000,7992,2008,0.7992,7992,2008,0.7992,0
configs/exp4/arc_2q_arc_arc.cfg,experiments/data/hot8_scan_c48_seed45.in,ARC 2Q ARC ARC,4,12 12 12 12,48,10000,7992,2008,0.7992,7992,2008,0.7992,0
configs/exp4/arc_2q_arc_lfu.cfg,experiments/data/hot8_scan_c48_seed45.in,ARC 2Q ARC LFU,4,12 12 12 12,48,10000,7992,2008,0.7992,7992,2008,0.7992,0
configs/exp4/arc_2q_arc_lirs.cfg,experiments/data/hot8_scan_c48_seed45.in,ARC 2Q ARC LIRS,4,12 12 12 12,48,10000,7992,2008,0.7992,7992,2008,0.7992,0
configs/exp4/arc_2q_arc_lru.cfg,experiments/data/hot8_scan_c48_seed45.in,ARC 2Q ARC LRU,4,12 12 12 12,48,10000,7992,2008,0.7992,7992,2008,0.7992,0
configs/exp4/arc_2q_lfu.cfg,experiments/data/hot8_scan_c48_seed45.in,ARC 2Q LFU,3,16 16 16,48,10000,7992,2008,0.7992,7992,2008,0.7992,0
configs/exp4/arc_2q_lfu_2q.cfg,experiments/data/hot8_scan_c48_seed45.in,ARC 2Q LFU 2Q,4,12 12 12 12,48,10000,7992,2008,0.7992,7992,2008,0.7992,0
configs/exp4/arc_2q_lfu_arc.cfg,experiments/data/hot8_scan_c48_seed45.in,ARC 2Q LFU ARC,4,12 12 12 12,48,10000,7992,2008,0.7992,7992,2008,0.7992,0
configs/exp4/arc_2q_lfu_lfu.cfg,experiments/data/hot8_scan_c48_seed45.in,ARC 2Q LFU LFU,4,12 12 12 12,48,10000,7992,2008,0.7992,7992,2008,0.7992,0
configs/exp4/arc_2q_lfu_lirs.cfg,experiments/data/hot8_scan_c48_seed45.in,ARC 2Q LFU LIRS,4,12 12 12 12,48,10000,7992,2008,0.7992,7992,2008,0.7992,0
configs/exp4/arc_2q_lfu_lru.cfg,experiments/data/hot8_scan_c48_seed45.in,ARC 2Q LFU LRU,4,12 12 12 12,48,10000,7992,2008,0.7992,7992,2008,0.7992,0
configs/exp4/arc_2q_lirs.cfg,experiments/data/hot8_scan_c48_seed45.in,ARC 2Q LIRS,3,16 16 16,48,10000,7992,2008,0.7992,7992,2008,0.7992,0
configs/exp4/arc_2q_lirs_2q.cfg,experiments/data/hot8_scan_c48_seed45.in,ARC 2Q LIRS 2Q,4,12 12 12 12,48,10000,7992,2008,0.7992,7992,2008,0.7992,0
configs/exp4/arc_2q_lirs_arc.cfg,experiments/data/hot8_scan_c48_seed45.in,ARC 2Q LIRS ARC,4,12 12 12 12,48,10000,7992,2008,0.7992,7992,2008,0.7992,0
configs/exp4/arc_2q_lirs_lfu.cfg,experiments/data/hot8_scan_c48_seed45.in,ARC 2Q LIRS LFU,4,12 12 12 12,48,10000,7992,2008,0.7992,7992,2008,0.7992,0
configs/exp4/arc_2q_lirs_lirs.cfg,experiments/data/hot8_scan_c48_seed45.in,ARC 2Q LIRS LIRS,4,12 12 12 12,48,10000,7992,2008,0.7992,7992,2008,0.7992,0
configs/exp4/arc_2q_lirs_lru.cfg,experiments/data/hot8_scan_c48_seed45.in,ARC 2Q LIRS LRU,4,12 12 12 12,48,10000,7992,2008,0.7992,7992,2008,0.7992,0
configs/exp4/arc_2q_lru.cfg,experiments/data/hot8_scan_c48_seed45.in,ARC 2Q LRU,3,16 16 16,48,10000,7992,2008,0.7992,7992,2008,0.7992,0
configs/exp4/arc_2q_lru_2q.cfg,experiments/data/hot8_scan_c48_seed45.in,ARC 2Q LRU 2Q,4,12 12 12 12,48,10000,7992,2008,0.7992,7992,2008,0.7992,0
configs/exp4/arc_2q_lru_arc.cfg,experiments/data/hot8_scan_c48_seed45.in,ARC 2Q LRU ARC,4,12 12 12 12,48,10000,7992,2008,0.7992,7992,2008,0.7992,0
configs/exp4/arc_2q_lru_lfu.cfg,experiments/data/hot8_scan_c48_seed45.in,ARC 2Q LRU LFU,4,12 12 12 12,48,10000,7992,2008,0.7992,7992,2008,0.7992,0
configs/exp4/arc_2q_lru_lirs.cfg,experiments/data/hot8_scan_c48_seed45.in,ARC 2Q LRU LIRS,4,12 12 12 12,48,10000,7992,2008,0.7992,7992,2008,0.7992,0
configs/exp4/arc_2q_lru_lru.cfg,experiments/data/hot8_scan_c48_seed45.in,ARC 2Q LRU LRU,4,12 12 12 12,48,10000,7992,2008,0.7992,7992,2008,0.7992,0
configs/exp4/arc_arc_2q.cfg,experiments/data/hot8_scan_c48_seed45.in,ARC ARC 2Q,3,16 16 16,48,10000,7992,2008,0.7992,7992,2008,0.7992,0
configs/exp4/arc_arc_2q_2q.cfg,experiments/data/hot8_scan_c48_seed45.in,ARC ARC 2Q 2Q,4,12 12 12 12,48,10000,7992,2008,0.7992,7992,2008,0.7992,0
configs/exp4/arc_arc_2q_arc.cfg,experiments/data/hot8_scan_c48_seed45.in,ARC ARC 2Q ARC,4,12 12 12 12,48,10000,7992,2008,0.7992,7992,2008,0.7992,0
configs/exp4/arc_arc_2q_lfu.cfg,experiments/data/hot8_scan_c48_seed45.in,ARC ARC 2Q LFU,4,12 12 12 12,48,10000,7992,2008,0.7992,7992,2008,0.7992,0
configs/exp4/arc_arc_2q_lirs.cfg,experiments/data/hot8_scan_c48_seed45.in,ARC ARC 2Q LIRS,4,12 12 12 12,48,10000,7992,2008,0.7992,7992,2008,0.7992,0
configs/exp4/arc_arc_2q_lru.cfg,experiments/data/hot8_scan_c48_seed45.in,ARC ARC 2Q LRU,4,12 12 12 12,48,10000,7992,2008,0.7992,7992,2008,0.7992,0
configs/exp4/arc_arc_arc_2q.cfg,experiments/data/hot8_scan_c48_seed45.in,ARC ARC ARC 2Q,4,12 12 12 12,48,10000,7992,2008,0.7992,7992,2008,0.7992,0
configs/exp4/arc_arc_arc_lfu.cfg,experiments/data/hot8_scan_c48_seed45.in,ARC ARC ARC LFU,4,12 12 12 12,48,10000,7992,2008,0.7992,7992,2008,0.7992,0
configs/exp4/arc_arc_arc_lirs.cfg,experiments/data/hot8_scan_c48_seed45.in,ARC ARC ARC LIRS,4,12 12 12 12,48,10000,7992,2008,0.7992,7992,2008,0.7992,0
configs/exp4/arc_arc_arc_lru.cfg,experiments/data/hot8_scan_c48_seed45.in,ARC ARC ARC LRU,4,12 12 12 12,48,10000,7992,2008,0.7992,7992,2008,0.7992,0
configs/exp4/arc_arc_lfu.cfg,experiments/data/hot8_scan_c48_seed45.in,ARC ARC LFU,3,16 16 16,48,10000,7992,2008,0.7992,7992,2008,0.7992,0
configs/exp4/arc_arc_lfu_2q.cfg,experiments/data/hot8_scan_c48_seed45.in,ARC ARC LFU 2Q,4,12 12 12 12,48,10000,7992,2008,0.7992,7992,2008,0.7992,0
configs/exp4/arc_arc_lfu_arc.cfg,experiments/data/hot8_scan_c48_seed45.in,ARC ARC LFU ARC,4,12 12 12 12,48,10000,7992,2008,0.7992,7992,2008,0.7992,0
configs/exp4/arc_arc_lfu_lfu.cfg,experiments/data/hot8_scan_c48_seed45.in,ARC ARC LFU LFU,4,12 12 12 12,48,10000,7992,2008,0.7992,7992,2008,0.7992,0
configs/exp4/arc_arc_lfu_lirs.cfg,experiments/data/hot8_scan_c48_seed45.in,ARC ARC LFU LIRS,4,12 12 12 12,48,10000,7992,2008,0.7992,7992,2008,0.7992,0
configs/exp4/arc_arc_lfu_lru.cfg,experiments/data/hot8_scan_c48_seed45.in,ARC ARC LFU LRU,4,12 12 12 12,48,10000,7992,2008,0.7992,7992,2008,0.7992,0
configs/exp4/arc_arc_lirs.cfg,experiments/data/hot8_scan_c48_seed45.in,ARC ARC LIRS,3,16 16 16,48,10000,7992,2008,0.7992,7992,2008,0.7992,0
configs/exp4/arc_arc_lirs_2q.cfg,experiments/data/hot8_scan_c48_seed45.in,ARC ARC LIRS 2Q,4,12 12 12 12,48,10000,7992,2008,0.7992,7992,2008,0.7992,0
configs/exp4/arc_arc_lirs_arc.cfg,experiments/data/hot8_scan_c48_seed45.in,ARC ARC LIRS ARC,4,12 12 12 12,48,10000,7992,2008,0.7992,7992,2008,0.7992,0
configs/exp4/arc_arc_lirs_lfu.cfg,experiments/data/hot8_scan_c48_seed45.in,ARC ARC LIRS LFU,4,12 12 12 12,48,10000,7992,2008,0.7992,7992,2008,0.7992,0
configs/exp4/arc_arc_lirs_lirs.cfg,experiments/data/hot8_scan_c48_seed45.in,ARC ARC LIRS LIRS,4,12 12 12 12,48,10000,7992,2008,0.7992,7992,2008,0.7992,0
configs/exp4/arc_arc_lirs_lru.cfg,experiments/data/hot8_scan_c48_seed45.in,ARC ARC LIRS LRU,4,12 12 12 12,48,10000,7992,2008,0.7992,7992,2008,0.7992,0
configs/exp4/arc_arc_lru.cfg,experiments/data/hot8_scan_c48_seed45.in,ARC ARC LRU,3,16 16 16,48,10000,7992,2008,0.7992,7992,2008,0.7992,0
configs/exp4/arc_arc_lru_2q.cfg,experiments/data/hot8_scan_c48_seed45.in,ARC ARC LRU 2Q,4,12 12 12 12,48,10000,7992,2008,0.7992,7992,2008,0.7992,0
configs/exp4/arc_arc_lru_arc.cfg,experiments/data/hot8_scan_c48_seed45.in,ARC ARC LRU ARC,4,12 12 12 12,48,10000,7992,2008,0.7992,7992,2008,0.7992,0
configs/exp4/arc_arc_lru_lfu.cfg,experiments/data/hot8_scan_c48_seed45.in,ARC ARC LRU LFU,4,12 12 12 12,48,10000,7992,2008,0.7992,7992,2008,0.7992,0
configs/exp4/arc_arc_lru_lirs.cfg,experiments/data/hot8_scan_c48_seed45.in,ARC ARC LRU LIRS,4,12 12 12 12,48,10000,7992,2008,0.7992,7992,2008,0.7992,0
configs/exp4/arc_arc_lru_lru.cfg,experiments/data/hot8_scan_c48_seed45.in,ARC ARC LRU LRU,4,12 12 12 12,48,10000,7992,2008,0.7992,7992,2008,0.7992,0
configs/exp4/arc_lfu.cfg,experiments/data/hot8_scan_c48_seed45.in,ARC LFU,2,24 24,48,10000,7992,2008,0.7992,7992,2008,0.7992,0
configs/exp4/arc_lfu_2q.cfg,experiments/data/hot8_scan_c48_seed45.in,ARC LFU 2Q,3,16 16 16,48,10000,7992,2008,0.7992,7992,2008,0.7992,0
configs/exp4/arc_lfu_2q_2q.cfg,experiments/data/hot8_scan_c48_seed45.in,ARC LFU 2Q 2Q,4,12 12 12 12,48,10000,7992,2008,0.7992,7992,2008,0.7992,0
configs/exp4/arc_lfu_2q_arc.cfg,experiments/data/hot8_scan_c48_seed45.in,ARC LFU 2Q ARC,4,12 12 12 12,48,10000,7992,2008,0.7992,7992,2008,0.7992,0
configs/exp4/arc_lfu_2q_lfu.cfg,experiments/data/hot8_scan_c48_seed45.in,ARC LFU 2Q LFU,4,12 12 12 12,48,10000,7992,2008,0.7992,7992,2008,0.7992,0
configs/exp4/arc_lfu_2q_lirs.cfg,experiments/data/hot8_scan_c48_seed45.in,ARC LFU 2Q LIRS,4,12 12 12 12,48,10000,7992,2008,0.7992,7992,2008,0.7992,0
configs/exp4/arc_lfu_2q_lru.cfg,experiments/data/hot8_scan_c48_seed45.in,ARC LFU 2Q LRU,4,12 12 12 12,48,10000,7992,2008,0.7992,7992,2008,0.7992,0
configs/exp4/arc_lfu_arc.cfg,experiments/data/hot8_scan_c48_seed45.in,ARC LFU ARC,3,16 16 16,48,10000,7992,2008,0.7992,7992,2008,0.7992,0
configs/exp4/arc_lfu_arc_2q.cfg,experiments/data/hot8_scan_c48_seed45.in,ARC LFU ARC 2Q,4,12 12 12 12,48,10000,7992,2008,0.7992,7992,2008,0.7992,0
configs/exp4/arc_lfu_arc_arc.cfg,experiments/data/hot8_scan_c48_seed45.in,ARC LFU ARC ARC,4,12 12 12 12,48,10000,7992,2008,0.7992,7992,2008,0.7992,0
configs/exp4/arc_lfu_arc_lfu.cfg,experiments/data/hot8_scan_c48_seed45.in,ARC LFU ARC LFU,4,12 12 12 12,48,10000,7992,2008,0.7992,7992,2008,0.7992,0
configs/exp4/arc_lfu_arc_lirs.cfg,experiments/data/hot8_scan_c48_seed45.in,ARC LFU ARC LIRS,4,12 12 12 12,48,10000,7992,2008,0.7992,7992,2008,0.7992,0
configs/exp4/arc_lfu_arc_lru.cfg,experiments/data/hot8_scan_c48_seed45.in,ARC LFU ARC LRU,4,12 12 12 12,48,10000,7992,2008,0.7992,7992,2008,0.7992,0
configs/exp4/arc_lfu_lfu.cfg,experiments/data/hot8_scan_c48_seed45.in,ARC LFU LFU,3,16 16 16,48,10000,7992,2008,0.7992,7992,2008,0.7992,0
configs/exp4/arc_lfu_lfu_2q.cfg,experiments/data/hot8_scan_c48_seed45.in,ARC LFU LFU 2Q,4,12 12 12 12,48,10000,7992,2008,0.7992,7992,2008,0.7992,0
configs/exp4/arc_lfu_lfu_arc.cfg,experiments/data/hot8_scan_c48_seed45.in,ARC LFU LFU ARC,4,12 12 12 12,48,10000,7992,2008,0.7992,7992,2008,0.7992,0
configs/exp4/arc_lfu_lfu_lfu.cfg,experiments/data/hot8_scan_c48_seed45.in,ARC LFU LFU LFU,4,12 12 12 12,48,10000,7992,2008,0.7992,7992,2008,0.7992,0
configs/exp4/arc_lfu_lfu_lirs.cfg,experiments/data/hot8_scan_c48_seed45.in,ARC LFU LFU LIRS,4,12 12 12 12,48,10000,7992,2008,0.7992,7992,2008,0.7992,0
configs/exp4/arc_lfu_lfu_lru.cfg,experiments/data/hot8_scan_c48_seed45.in,ARC LFU LFU LRU,4,12 12 12 12,48,10000,7992,2008,0.7992,7992,2008,0.7992,0
configs/exp4/arc_lfu_lirs.cfg,experiments/data/hot8_scan_c48_seed45.in,ARC LFU LIRS,3,16 16 16,48,10000,7992,2008,0.7992,7992,2008,0.7992,0
configs/exp4/arc_lfu_lirs_2q.cfg,experiments/data/hot8_scan_c48_seed45.in,ARC LFU LIRS 2Q,4,12 12 12 12,48,10000,7992,2008,0.7992,7992,2008,0.7992,0
configs/exp4/arc_lfu_lirs_arc.cfg,experiments/data/hot8_scan_c48_seed45.in,ARC LFU LIRS ARC,4,12 12 12 12,48,10000,7992,2008,0.7992,7992,2008,0.7992,0
configs/exp4/arc_lfu_lirs_lfu.cfg,experiments/data/hot8_scan_c48_seed45.in,ARC LFU LIRS LFU,4,12 12 12 12,48,10000,7992,2008,0.7992,7992,2008,0.7992,0
configs/exp4/arc_lfu_lirs_lirs.cfg,experiments/data/hot8_scan_c48_seed45.in,ARC LFU LIRS LIRS,4,12 12 12 12,48,10000,7992,2008,0.7992,7992,2008,0.7992,0
configs/exp4/arc_lfu_lirs_lru.cfg,experiments/data/hot8_scan_c48_seed45.in,ARC LFU LIRS LRU,4,12 12 12 12,48,10000,7992,2008,0.7992,7992,2008,0.7992,0
configs/exp4/arc_lfu_lru.cfg,experiments/data/hot8_scan_c48_seed45.in,ARC LFU LRU,3,16 16 16,48,10000,7992,2008,0.7992,7992,2008,0.7992,0
configs/exp4/arc_lfu_lru_2q.cfg,experiments/data/hot8_scan_c48_seed45.in,ARC LFU LRU 2Q,4,12 12 12 12,48,10000,7992,2008,0.7992,7992,2008,0.7992,0
configs/exp4/arc_lfu_lru_arc.cfg,experiments/data/hot8_scan_c48_seed45.in,ARC LFU LRU ARC,4,12 12 12 12,48,10000,7992,2008,0.7992,7992,2008,0.7992,0
configs/exp4/arc_lfu_lru_lfu.cfg,experiments/data/hot8_scan_c48_seed45.in,ARC LFU LRU LFU,4,12 12 12 12,48,10000,7992,2008,0.7992,7992,2008,0.7992,0
configs/exp4/arc_lfu_lru_lirs.cfg,experiments/data/hot8_scan_c48_seed45.in,ARC LFU LRU LIRS,4,12 12 12 12,48,10000,7992,2008,0.7992,7992,2008,0.7992,0
configs/exp4/arc_lfu_lru_lru.cfg,experiments/data/hot8_scan_c48_seed45.in,ARC LFU LRU LRU,4,12 12 12 12,48,10000,7992,2008,0.7992,7992,2008,0.7992,0
configs/exp4/arc_lirs.cfg,experiments/data/hot8_scan_c48_seed45.in,ARC LIRS,2,24 24,48,10000,7992,2008,0.7992,7992,2008,0.7992,0
configs/exp4/arc_lirs_2q.cfg,experiments/data/hot8_scan_c48_seed45.in,ARC LIRS 2Q,3,16 16 16,48,10000,7992,2008,0.7992,7992,2008,0.7992,0
configs/exp4/arc_lirs_2q_2q.cfg,experiments/data/hot8_scan_c48_seed45.in,ARC LIRS 2Q 2Q,4,12 12 12 12,48,10000,7992,2008,0.7992,7992,2008,0.7992,0
configs/exp4/arc_lirs_2q_arc.cfg,experiments/data/hot8_scan_c48_seed45.in,ARC LIRS 2Q ARC,4,12 12 12 12,48,10000,7992,2008,0.7992,7992,2008,0.7992,0
configs/exp4/arc_lirs_2q_lfu.cfg,experiments/data/hot8_scan_c48_seed45.in,ARC LIRS 2Q LFU,4,12 12 12 12,48,10000,7992,2008,0.7992,7992,2008,0.7992,0
configs/exp4/arc_lirs_2q_lirs.cfg,experiments/data/hot8_scan_c48_seed45.in,ARC LIRS 2Q LIRS,4,12 12 12 12,48,10000,7992,2008,0.7992,7992,2008,0.7992,0
configs/exp4/arc_lirs_2q_lru.cfg,experiments/data/hot8_scan_c48_seed45.in,ARC LIRS 2Q LRU,4,12 12 12 12,48,10000,7992,2008,0.7992,7992,2008,0.7992,0
configs/exp4/arc_lirs_arc.cfg,experiments/data/hot8_scan_c48_seed45.in,ARC LIRS ARC,3,16 16 16,48,10000,7992,2008,0.7992,7992,2008,0.7992,0
configs/exp4/arc_lirs_arc_2q.cfg,experiments/data/hot8_scan_c48_seed45.in,ARC LIRS ARC 2Q,4,12 12 12 12,48,10000,7992,2008,0.7992,7992,2008,0.7992,0
configs/exp4/arc_lirs_arc_arc.cfg,experiments/data/hot8_scan_c48_seed45.in,ARC LIRS ARC ARC,4,12 12 12 12,48,10000,7992,2008,0.7992,7992,2008,0.7992,0
configs/exp4/arc_lirs_arc_lfu.cfg,experiments/data/hot8_scan_c48_seed45.in,ARC LIRS ARC LFU,4,12 12 12 12,48,10000,7992,2008,0.7992,7992,2008,0.7992,0
configs/exp4/arc_lirs_arc_lirs.cfg,experiments/data/hot8_scan_c48_seed45.in,ARC LIRS ARC LIRS,4,12 12 12 12,48,10000,7992,2008,0.7992,7992,2008,0.7992,0
configs/exp4/arc_lirs_arc_lru.cfg,experiments/data/hot8_scan_c48_seed45.in,ARC LIRS ARC LRU,4,12 12 12 12,48,10000,7992,2008,0.7992,7992,2008,0.7992,0
configs/exp4/arc_lirs_lfu.cfg,experiments/data/hot8_scan_c48_seed45.in,ARC LIRS LFU,3,16 16 16,48,10000,7992,2008,0.7992,7992,2008,0.7992,0
configs/exp4/arc_lirs_lfu_2q.cfg,experiments/data/hot8_scan_c48_seed45.in,ARC LIRS LFU 2Q,4,12 12 12 12,48,10000,7992,2008,0.7992,7992,2008,0.7992,0
configs/exp4/arc_lirs_lfu_arc.cfg,experiments/data/hot8_scan_c48_seed45.in,ARC LIRS LFU ARC,4,12 12 12 12,48,10000,7992,2008,0.7992,7992,2008,0.7992,0
configs/exp4/arc_lirs_lfu_lfu.cfg,experiments/data/hot8_scan_c48_seed45.in,ARC LIRS LFU LFU,4,12 12 12 12,48,10000,7992,2008,0.7992,7992,2008,0.7992,0
configs/exp4/arc_lirs_lfu_lirs.cfg,experiments/data/hot8_scan_c48_seed45.in,ARC LIRS LFU LIRS,4,12 12 12 12,48,10000,7992,2008,0.7992,7992,2008,0.7992,0
configs/exp4/arc_lirs_lfu_lru.cfg,experiments/data/hot8_scan_c48_seed45.in,ARC LIRS LFU LRU,4,12 12 12 12,48,10000,7992,2008,0.7992,7992,2008,0.7992,0
configs/exp4/arc_lirs_lirs.cfg,experiments/data/hot8_scan_c48_seed45.in,ARC LIRS LIRS,3,16 16 16,48,10000,7992,2008,0.7992,7992,2008,0.7992,0
configs/exp4/arc_lirs_lirs_2q.cfg,experiments/data/hot8_scan_c48_seed45.in,ARC LIRS LIRS 2Q,4,12 12 12 12,48,10000,7992,2008,0.7992,7992,2008,0.7992,0
configs/exp4/arc_lirs_lirs_arc.cfg,experiments/data/hot8_scan_c48_seed45.in,ARC LIRS LIRS ARC,4,12 12 12 12,48,10000,7992,2008,0.7992,7992,2008,0.7992,0
configs/exp4/arc_lirs_lirs_lfu.cfg,experiments/data/hot8_scan_c48_seed45.in,ARC LIRS LIRS LFU,4,12 12 12 12,48,10000,7992,2008,0.7992,7992,2008,0.7992,0
configs/exp4/arc_lirs_lirs_lirs.cfg,experiments/data/hot8_scan_c48_seed45.in,ARC LIRS LIRS LIRS,4,12 12 12 12,48,10000,7992,2008,0.7992,7992,2008,0.7992,0
configs/exp4/arc_lirs_lirs_lru.cfg,experiments/data/hot8_scan_c48_seed45.in,ARC LIRS LIRS LRU,4,12 12 12 12,48,10000,7992,2008,0.7992,7992,2008,0.7992,0
configs/exp4/arc_lirs_lru.cfg,experiments/data/hot8_scan_c48_seed45.in,ARC LIRS LRU,3,16 16 16,48,10000,7992,2008,0.7992,7992,2008,0.7992,0
configs/exp4/arc_lirs_lru_2q.cfg,experiments/data/hot8_scan_c48_seed45.in,ARC LIRS LRU 2Q,4,12 12 12 12,48,10000,7992,2008,0.7992,7992,2008,0.7992,0
configs/exp4/arc_lirs_lru_arc.cfg,experiments/data/hot8_scan_c48_seed45.in,ARC LIRS LRU ARC,4,12 12 12 12,48,10000,7992,2008,0.7992,7992,2008,0.7992,0
configs/exp4/arc_lirs_lru_lfu.cfg,experiments/data/hot8_scan_c48_seed45.in,ARC LIRS LRU LFU,4,12 12 12 12,48,10000,7992,2008,0.7992,7992,2008,0.7992,0
configs/exp4/arc_lirs_lru_lirs.cfg,experiments/data/hot8_scan_c48_seed45.in,ARC LIRS LRU LIRS,4,12 12 12 12,48,10000,7992,2008,0.7992,7992,2008,0.7992,0
configs/exp4/arc_lirs_lru_lru.cfg,experiments/data/hot8_scan_c48_seed45.in,ARC LIRS LRU LRU,4,12 12 12 12,48,10000,7992,2008,0.7992,7992,2008,0.7992,0
configs/exp4/arc_lru.cfg,experiments/data/hot8_scan_c48_seed45.in,ARC LRU,2,24 24,48,10000,7992,2008,0.7992,7992,2008,0.7992,0
configs/exp4/arc_lru_2q.cfg,experiments/data/hot8_scan_c48_seed45.in,ARC LRU 2Q,3,16 16 16,48,10000,7992,2008,0.7992,7992,2008,0.7992,0
configs/exp4/arc_lru_2q_2q.cfg,experiments/data/hot8_scan_c48_seed45.in,ARC LRU 2Q 2Q,4,12 12 12 12,48,10000,7992,2008,0.7992,7992,2008,0.7992,0
configs/exp4/arc_lru_2q_arc.cfg,experiments/data/hot8_scan_c48_seed45.in,ARC LRU 2Q ARC,4,12 12 12 12,48,10000,7992,2008,0.7992,7992,2008,0.7992,0
configs/exp4/arc_lru_2q_lfu.cfg,experiments/data/hot8_scan_c48_seed45.in,ARC LRU 2Q LFU,4,12 12 12 12,48,10000,7992,2008,0.7992,7992,2008,0.7992,0
configs/exp4/arc_lru_2q_lirs.cfg,experiments/data/hot8_scan_c48_seed45.in,ARC LRU 2Q LIRS,4,12 12 12 12,48,10000,7992,2008,0.7992,7992,2008,0.7992,0
configs/exp4/arc_lru_2q_lru.cfg,experiments/data/hot8_scan_c48_seed45.in,ARC LRU 2Q LRU,4,12 12 12 12,48,10000,7992,2008,0.7992,7992,2008,0.7992,0
configs/exp4/arc_lru_arc.cfg,experiments/data/hot8_scan_c48_seed45.in,ARC LRU ARC,3,16 16 16,48,10000,7992,2008,0.7992,7992,2008,0.7992,0
configs/exp4/arc_lru_arc_2q.cfg,experiments/data/hot8_scan_c48_seed45.in,ARC LRU ARC 2Q,4,12 12 12 12,48,10000,7992,2008,0.7992,7992,2008,0.7992,0
configs/exp4/arc_lru_arc_arc.cfg,experiments/data/hot8_scan_c48_seed45.in,ARC LRU ARC ARC,4,12 12 12 12,48,10000,7992,2008,0.7992,7992,2008,0.7992,0
configs/exp4/arc_lru_arc_lfu.cfg,experiments/data/hot8_scan_c48_seed45.in,ARC LRU ARC LFU,4,12 12 12 12,48,10000,7992,2008,0.7992,7992,2008,0.7992,0
configs/exp4/arc_lru_arc_lirs.cfg,experiments/data/hot8_scan_c48_seed45.in,ARC LRU ARC LIRS,4,12 12 12 12,48,10000,7992,2008,0.7992,7992,2008,0.7992,0
configs/exp4/arc_lru_arc_lru.cfg,experiments/data/hot8_scan_c48_seed45.in,ARC LRU ARC LRU,4,12 12 12 12,48,10000,7992,2008,0.7992,7992,2008,0.7992,0
configs/exp4/arc_lru_lfu.cfg,experiments/data/hot8_scan_c48_seed45.in,ARC LRU LFU,3,16 16 16,48,10000,7992,2008,0.7992,7992,2008,0.7992,0
configs/exp4/arc_lru_lfu_2q.cfg,experiments/data/hot8_scan_c48_seed45.in,ARC LRU LFU 2Q,4,12 12 12 12,48,10000,7992,2008,0.7992,7992,2008,0.7992,0
configs/exp4/arc_lru_lfu_arc.cfg,experiments/data/hot8_scan_c48_seed45.in,ARC LRU LFU ARC,4,12 12 12 12,48,10000,7992,2008,0.7992,7992,2008,0.7992,0
configs/exp4/arc_lru_lfu_lfu.cfg,experiments/data/hot8_scan_c48_seed45.in,ARC LRU LFU LFU,4,12 12 12 12,48,10000,7992,2008,0.7992,7992,2008,0.7992,0
configs/exp4/arc_lru_lfu_lirs.cfg,experiments/data/hot8_scan_c48_seed45.in,ARC LRU LFU LIRS,4,12 12 12 12,48,10000,7992,2008,0.7992,7992,2008,0.7992,0
configs/exp4/arc_lru_lfu_lru.cfg,experiments/data/hot8_scan_c48_seed45.in,ARC LRU LFU LRU,4,12 12 12 12,48,10000,7992,2008,0.7992,7992,2008,0.7992,0
configs/exp4/arc_lru_lirs.cfg,experiments/data/hot8_scan_c48_seed45.in,ARC LRU LIRS,3,16 16 16,48,10000,7992,2008,0.7992,7992,2008,0.7992,0
configs/exp4/arc_lru_lirs_2q.cfg,experiments/data/hot8_scan_c48_seed45.in,ARC LRU LIRS 2Q,4,12 12 12 12,48,10000,7992,2008,0.7992,7992,2008,0.7992,0
configs/exp4/arc_lru_lirs_arc.cfg,experiments/data/hot8_scan_c48_seed45.in,ARC LRU LIRS ARC,4,12 12 12 12,48,10000,7992,2008,0.7992,7992,2008,0.7992,0
configs/exp4/arc_lru_lirs_lfu.cfg,experiments/data/hot8_scan_c48_seed45.in,ARC LRU LIRS LFU,4,12 12 12 12,48,10000,7992,2008,0.7992,7992,2008,0.7992,0
configs/exp4/arc_lru_lirs_lirs.cfg,experiments/data/hot8_scan_c48_seed45.in,ARC LRU LIRS LIRS,4,12 12 12 12,48,10000,7992,2008,0.7992,7992,2008,0.7992,0
configs/exp4/arc_lru_lirs_lru.cfg,experiments/data/hot8_scan_c48_seed45.in,ARC LRU LIRS LRU,4,12 12 12 12,48,10000,7992,2008,0.7992,7992,2008,0.7992,0
configs/exp4/arc_lru_lru.cfg,experiments/data/hot8_scan_c48_seed45.in,ARC LRU LRU,3,16 16 16,48,10000,7992,2008,0.7992,7992,2008,0.7992,0
configs/exp4/arc_lru_lru_2q.cfg,experiments/data/hot8_scan_c48_seed45.in,ARC LRU LRU 2Q,4,12 12 12 12,48,10000,7992,2008,0.7992,7992,2008,0.7992,0
configs/exp4/arc_lru_lru_arc.cfg,experiments/data/hot8_scan_c48_seed45.in,ARC LRU LRU ARC,4,12 12 12 12,48,10000,7992,2008,0.7992,7992,2008,0.7992,0
configs/exp4/arc_lru_lru_lfu.cfg,experiments/data/hot8_scan_c48_seed45.in,ARC LRU LRU LFU,4,12 12 12 12,48,10000,7992,2008,0.7992,7992,2008,0.7992,0
configs/exp4/arc_lru_lru_lirs.cfg,experiments/data/hot8_scan_c48_seed45.in,ARC LRU LRU LIRS,4,12 12 12 12,48,10000,7992,2008,0.7992,7992,2008,0.7992,0
configs/exp4/arc_lru_lru_lru.cfg,experiments/data/hot8_scan_c48_seed45.in,ARC LRU LRU LRU,4,12 12 12 12,48,10000,7992,2008,0.7992,7992,2008,0.7992,0
configs/exp4/lfu_2q.cfg,experiments/data/hot8_scan_c48_seed45.in,LFU 2Q,2,24 24,48,10000,7992,2008,0.7992,7992,2008,0.7992,0
configs/exp4/lfu_2q_2q.cfg,experiments/data/hot8_scan_c48_seed45.in,LFU 2Q 2Q,3,16 16 16,48,10000,7992,2008,0.7992,7992,2008,0.7992,0
configs/exp4/lfu_2q_2q_2q.cfg,experiments/data/hot8_scan_c48_seed45.in,LFU 2Q 2Q 2Q,4,12 12 12 12,48,10000,7992,2008,0.7992,7992,2008,0.7992,0
configs/exp4/lfu_2q_2q_arc.cfg,experiments/data/hot8_scan_c48_seed45.in,LFU 2Q 2Q ARC,4,12 12 12 12,48,10000,7992,2008,0.7992,7992,2008,0.7992,0
configs/exp4/lfu_2q_2q_lfu.cfg,experiments/data/hot8_scan_c48_seed45.in,LFU 2Q 2Q LFU,4,12 12 12 12,48,10000,7992,2008,0.7992,7992,2008,0.7992,0
configs/exp4/lfu_2q_2q_lirs.cfg,experiments/data/hot8_scan_c48_seed45.in,LFU 2Q 2Q LIRS,4,12 12 12 12,48,10000,7992,2008,0.7992,7992,2008,0.7992,0
configs/exp4/lfu_2q_2q_lru.cfg,experiments/data/hot8_scan_c48_seed45.in,LFU 2Q 2Q LRU,4,12 12 12 12,48,10000,7992,2008,0.7992,7992,2008,0.7992,0
configs/exp4/lfu_2q_arc.cfg,experiments/data/hot8_scan_c48_seed45.in,LFU 2Q ARC,3,16 16 16,48,10000,7992,2008,0.7992,7992,2008,0.7992,0
configs/exp4/lfu_2q_arc_2q.cfg,experiments/data/hot8_scan_c48_seed45.in,LFU 2Q ARC 2Q,4,12 12 12 12,48,10000,7992,2008,0.7992,7992,2008,0.7992,0
configs/exp4/lfu_2q_arc_arc.cfg,experiments/data/hot8_scan_c48_seed45.in,LFU 2Q ARC ARC,4,12 12 12 12,48,10000,7992,2008,0.7992,7992,2008,0.7992,0
configs/exp4/lfu_2q_arc_lfu.cfg,experiments/data/hot8_scan_c48_seed45.in,LFU 2Q ARC LFU,4,12 12 12 12,48,10000,7992,2008,0.7992,7992,2008,0.7992,0
configs/exp4/lfu_2q_arc_lirs.cfg,experiments/data/hot8_scan_c48_seed45.in,LFU 2Q ARC LIRS,4,12 12 12 12,48,10000,7992,2008,0.7992,7992,2008,0.7992,0
configs/exp4/lfu_2q_arc_lru.cfg,experiments/data/hot8_scan_c48_seed45.in,LFU 2Q ARC LRU,4,12 12 12 12,48,10000,7992,2008,0.7992,7992,2008,0.7992,0
configs/exp4/lfu_2q_lfu.cfg,experiments/data/hot8_scan_c48_seed45.in,LFU 2Q LFU,3,16 16 16,48,10000,7992,2008,0.7992,7992,2008,0.7992,0
configs/exp4/lfu_2q_lfu_2q.cfg,experiments/data/hot8_scan_c48_seed45.in,LFU 2Q LFU 2Q,4,12 12 12 12,48,10000,7992,2008,0.7992,7992,2008,0.7992,0
configs/exp4/lfu_2q_lfu_arc.cfg,experiments/data/hot8_scan_c48_seed45.in,LFU 2Q LFU ARC,4,12 12 12 12,48,10000,7992,2008,0.7992,7992,2008,0.7992,0
configs/exp4/lfu_2q_lfu_lfu.cfg,experiments/data/hot8_scan_c48_seed45.in,LFU 2Q LFU LFU,4,12 12 12 12,48,10000,7992,2008,0.7992,7992,2008,0.7992,0
configs/exp4/lfu_2q_lfu_lirs.cfg,experiments/data/hot8_scan_c48_seed45.in,LFU 2Q LFU LIRS,4,12 12 12 12,48,10000,7992,2008,0.7992,7992,2008,0.7992,0
configs/exp4/lfu_2q_lfu_lru.cfg,experiments/data/hot8_scan_c48_seed45.in,LFU 2Q LFU LRU,4,12 12 12 12,48,10000,7992,2008,0.7992,7992,2008,0.7992,0
configs/exp4/lfu_2q_lirs.cfg,experiments/data/hot8_scan_c48_seed45.in,LFU 2Q LIRS,3,16 16 16,48,10000,7992,2008,0.7992,7992,2008,0.7992,0
configs/exp4/lfu_2q_lirs_2q.cfg,experiments/data/hot8_scan_c48_seed45.in,LFU 2Q LIRS 2Q,4,12 12 12 12,48,10000,7992,2008,0.7992,7992,2008,0.7992,0
configs/exp4/lfu_2q_lirs_arc.cfg,experiments/data/hot8_scan_c48_seed45.in,LFU 2Q LIRS ARC,4,12 12 12 12,48,10000,7992,2008,0.7992,7992,2008,0.7992,0
configs/exp4/lfu_2q_lirs_lfu.cfg,experiments/data/hot8_scan_c48_seed45.in,LFU 2Q LIRS LFU,4,12 12 12 12,48,10000,7992,2008,0.7992,7992,2008,0.7992,0
configs/exp4/lfu_2q_lirs_lirs.cfg,experiments/data/hot8_scan_c48_seed45.in,LFU 2Q LIRS LIRS,4,12 12 12 12,48,10000,7992,2008,0.7992,7992,2008,0.7992,0
configs/exp4/lfu_2q_lirs_lru.cfg,experiments/data/hot8_scan_c48_seed45.in,LFU 2Q LIRS LRU,4,12 12 12 12,48,10000,7992,2008,0.7992,7992,2008,0.7992,0
configs/exp4/lfu_2q_lru.cfg,experiments/data/hot8_scan_c48_seed45.in,LFU 2Q LRU,3,16 16 16,48,10000,7992,2008,0.7992,7992,2008,0.7992,0
configs/exp4/lfu_2q_lru_2q.cfg,experiments/data/hot8_scan_c48_seed45.in,LFU 2Q LRU 2Q,4,12 12 12 12,48,10000,7992,2008,0.7992,7992,2008,0.7992,0
configs/exp4/lfu_2q_lru_arc.cfg,experiments/data/hot8_scan_c48_seed45.in,LFU 2Q LRU ARC,4,12 12 12 12,48,10000,7992,2008,0.7992,7992,2008,0.7992,0
configs/exp4/lfu_2q_lru_lfu.cfg,experiments/data/hot8_scan_c48_seed45.in,LFU 2Q LRU LFU,4,12 12 12 12,48,10000,7992,2008,0.7992,7992,2008,0.7992,0
configs/exp4/lfu_2q_lru_lirs.cfg,experiments/data/hot8_scan_c48_seed45.in,LFU 2Q LRU LIRS,4,12 12 12 12,48,10000,7992,2008,0.7992,7992,2008,0.7992,0
configs/exp4/lfu_2q_lru_lru.cfg,experiments/data/hot8_scan_c48_seed45.in,LFU 2Q LRU LRU,4,12 12 12 12,48,10000,7992,2008,0.7992,7992,2008,0.7992,0
configs/exp4/lfu_arc.cfg,experiments/data/hot8_scan_c48_seed45.in,LFU ARC,2,24 24,48,10000,7992,2008,0.7992,7992,2008,0.7992,0
configs/exp4/lfu_arc_2q.cfg,experiments/data/hot8_scan_c48_seed45.in,LFU ARC 2Q,3,16 16 16,48,10000,7992,2008,0.7992,7992,2008,0.7992,0
configs/exp4/lfu_arc_2q_2q.cfg,experiments/data/hot8_scan_c48_seed45.in,LFU ARC 2Q 2Q,4,12 12 12 12,48,10000,7992,2008,0.7992,7992,2008,0.7992,0
configs/exp4/lfu_arc_2q_arc.cfg,experiments/data/hot8_scan_c48_seed45.in,LFU ARC 2Q ARC,4,12 12 12 12,48,10000,7992,2008,0.7992,7992,2008,0.7992,0
configs/exp4/lfu_arc_2q_lfu.cfg,experiments/data/hot8_scan_c48_seed45.in,LFU ARC 2Q LFU,4,12 12 12 12,48,10000,7992,2008,0.7992,7992,2008,0.7992,0
configs/exp4/lfu_arc_2q_lirs.cfg,experiments/data/hot8_scan_c48_seed45.in,LFU ARC 2Q LIRS,4,12 12 12 12,48,10000,7992,2008,0.7992,7992,2008,0.7992,0
configs/exp4/lfu_arc_2q_lru.cfg,experiments/data/hot8_scan_c48_seed45.in,LFU ARC 2Q LRU,4,12 12 12 12,48,10000,7992,2008,0.7992,7992,2008,0.7992,0
configs/exp4/lfu_arc_arc.cfg,experiments/data/hot8_scan_c48_seed45.in,LFU ARC ARC,3,16 16 16,48,10000,7992,2008,0.7992,7992,2008,0.7992,0
configs/exp4/lfu_arc_arc_2q.cfg,experiments/data/hot8_scan_c48_seed45.in,LFU ARC ARC 2Q,4,12 12 12 12,48,10000,7992,2008,0.7992,7992,2008,0.7992,0
configs/exp4/lfu_arc_arc_arc.cfg,experiments/data/hot8_scan_c48_seed45.in,LFU ARC ARC ARC,4,12 12 12 12,48,10000,7992,2008,0.7992,7992,2008,0.7992,0
configs/exp4/lfu_arc_arc_lfu.cfg,experiments/data/hot8_scan_c48_seed45.in,LFU ARC ARC LFU,4,12 12 12 12,48,10000,7992,2008,0.7992,7992,2008,0.7992,0
configs/exp4/lfu_arc_arc_lirs.cfg,experiments/data/hot8_scan_c48_seed45.in,LFU ARC ARC LIRS,4,12 12 12 12,48,10000,7992,2008,0.7992,7992,2008,0.7992,0
configs/exp4/lfu_arc_arc_lru.cfg,experiments/data/hot8_scan_c48_seed45.in,LFU ARC ARC LRU,4,12 12 12 12,48,10000,7992,2008,0.7992,7992,2008,0.7992,0
configs/exp4/lfu_arc_lfu.cfg,experiments/data/hot8_scan_c48_seed45.in,LFU ARC LFU,3,16 16 16,48,10000,7992,2008,0.7992,7992,2008,0.7992,0
configs/exp4/lfu_arc_lfu_2q.cfg,experiments/data/hot8_scan_c48_seed45.in,LFU ARC LFU 2Q,4,12 12 12 12,48,10000,7992,2008,0.7992,7992,2008,0.7992,0
configs/exp4/lfu_arc_lfu_arc.cfg,experiments/data/hot8_scan_c48_seed45.in,LFU ARC LFU ARC,4,12 12 12 12,48,10000,7992,2008,0.7992,7992,2008,0.7992,0
configs/exp4/lfu_arc_lfu_lfu.cfg,experiments/data/hot8_scan_c48_seed45.in,LFU ARC LFU LFU,4,12 12 12 12,48,10000,7992,2008,0.7992,7992,2008,0.7992,0
configs/exp4/lfu_arc_lfu_lirs.cfg,experiments/data/hot8_scan_c48_seed45.in,LFU ARC LFU LIRS,4,12 12 12 12,48,10000,7992,2008,0.7992,7992,2008,0.7992,0
configs/exp4/lfu_arc_lfu_lru.cfg,experiments/data/hot8_scan_c48_seed45.in,LFU ARC LFU LRU,4,12 12 12 12,48,10000,7992,2008,0.7992,7992,2008,0.7992,0
configs/exp4/lfu_arc_lirs.cfg,experiments/data/hot8_scan_c48_seed45.in,LFU ARC LIRS,3,16 16 16,48,10000,7992,2008,0.7992,7992,2008,0.7992,0
configs/exp4/lfu_arc_lirs_2q.cfg,experiments/data/hot8_scan_c48_seed45.in,LFU ARC LIRS 2Q,4,12 12 12 12,48,10000,7992,2008,0.7992,7992,2008,0.7992,0
configs/exp4/lfu_arc_lirs_arc.cfg,experiments/data/hot8_scan_c48_seed45.in,LFU ARC LIRS ARC,4,12 12 12 12,48,10000,7992,2008,0.7992,7992,2008,0.7992,0
configs/exp4/lfu_arc_lirs_lfu.cfg,experiments/data/hot8_scan_c48_seed45.in,LFU ARC LIRS LFU,4,12 12 12 12,48,10000,7992,2008,0.7992,7992,2008,0.7992,0
configs/exp4/lfu_arc_lirs_lirs.cfg,experiments/data/hot8_scan_c48_seed45.in,LFU ARC LIRS LIRS,4,12 12 12 12,48,10000,7992,2008,0.7992,7992,2008,0.7992,0
configs/exp4/lfu_arc_lirs_lru.cfg,experiments/data/hot8_scan_c48_seed45.in,LFU ARC LIRS LRU,4,12 12 12 12,48,10000,7992,2008,0.7992,7992,2008,0.7992,0
configs/exp4/lfu_arc_lru.cfg,experiments/data/hot8_scan_c48_seed45.in,LFU ARC LRU,3,16 16 16,48,10000,7992,2008,0.7992,7992,2008,0.7992,0
configs/exp4/lfu_arc_lru_2q.cfg,experiments/data/hot8_scan_c48_seed45.in,LFU ARC LRU 2Q,4,12 12 12 12,48,10000,7992,2008,0.7992,7992,2008,0.7992,0
configs/exp4/lfu_arc_lru_arc.cfg,experiments/data/hot8_scan_c48_seed45.in,LFU ARC LRU ARC,4,12 12 12 12,48,10000,7992,2008,0.7992,7992,2008,0.7992,0
configs/exp4/lfu_arc_lru_lfu.cfg,experiments/data/hot8_scan_c48_seed45.in,LFU ARC LRU LFU,4,12 12 12 12,48,10000,7992,2008,0.7992,7992,2008,0.7992,0
configs/exp4/lfu_arc_lru_lirs.cfg,experiments/data/hot8_scan_c48_seed45.in,LFU ARC LRU LIRS,4,12 12 12 12,48,10000,7992,2008,0.7992,7992,2008,0.7992,0
configs/exp4/lfu_arc_lru_lru.cfg,experiments/data/hot8_scan_c48_seed45.in,LFU ARC LRU LRU,4,12 12 12 12,48,10000,7992,2008,0.7992,7992,2008,0.7992,0
configs/exp4/lfu_lfu_2q.cfg,experiments/data/hot8_scan_c48_seed45.in,LFU LFU 2Q,3,16 16 16,48,10000,7992,2008,0.7992,7992,2008,0.7992,0
configs/exp4/lfu_lfu_2q_2q.cfg,experiments/data/hot8_scan_c48_seed45.in,LFU LFU 2Q 2Q,4,12 12 12 12,48,10000,7992,2008,0.7992,7992,2008,0.7992,0
configs/exp4/lfu_lfu_2q_arc.cfg,experiments/data/hot8_scan_c48_seed45.in,LFU LFU 2Q ARC,4,12 12 12 12,48,10000,7992,2008,0.7992,7992,2008,0.7992,0
configs/exp4/lfu_lfu_2q_lfu.cfg,experiments/data/hot8_scan_c48_seed45.in,LFU LFU 2Q LFU,4,12 12 12 12,48,10000,7992,2008,0.7992,7992,2008,0.7992,0
configs/exp4/lfu_lfu_2q_lirs.cfg,experiments/data/hot8_scan_c48_seed45.in,LFU LFU 2Q LIRS,4,12 12 12 12,48,10000,7992,2008,0.7992,7992,2008,0.7992,0
configs/exp4/lfu_lfu_2q_lru.cfg,experiments/data/hot8_scan_c48_seed45.in,LFU LFU 2Q LRU,4,12 12 12 12,48,10000,7992,2008,0.7992,7992,2008,0.7992,0
configs/exp4/lfu_lfu_arc.cfg,experiments/data/hot8_scan_c48_seed45.in,LFU LFU ARC,3,16 16 16,48,10000,7992,2008,0.7992,7992,2008,0.7992,0
configs/exp4/lfu_lfu_arc_2q.cfg,experiments/data/hot8_scan_c48_seed45.in,LFU LFU ARC 2Q,4,12 12 12 12,48,10000,7992,2008,0.7992,7992,2008,0.7992,0
configs/exp4/lfu_lfu_arc_arc.cfg,experiments/data/hot8_scan_c48_seed45.in,LFU LFU ARC ARC,4,12 12 12 12,48,10000,7992,2008,0.7992,7992,2008,0.7992,0
configs/exp4/lfu_lfu_arc_lfu.cfg,experiments/data/hot8_scan_c48_seed45.in,LFU LFU ARC LFU,4,12 12 12 12,48,10000,7992,2008,0.7992,7992,2008,0.7992,0
configs/exp4/lfu_lfu_arc_lirs.cfg,experiments/data/hot8_scan_c48_seed45.in,LFU LFU ARC LIRS,4,12 12 12 12,48,10000,7992,2008,0.7992,7992,2008,0.7992,0
configs/exp4/lfu_lfu_arc_lru.cfg,experiments/data/hot8_scan_c48_seed45.in,LFU LFU ARC LRU,4,12 12 12 12,48,10000,7992,2008,0.7992,7992,2008,0.7992,0
configs/exp4/lfu_lfu_lfu_2q.cfg,experiments/data/hot8_scan_c48_seed45.in,LFU LFU LFU 2Q,4,12 12 12 12,48,10000,7992,2008,0.7992,7992,2008,0.7992,0
configs/exp4/lfu_lfu_lfu_arc.cfg,experiments/data/hot8_scan_c48_seed45.in,LFU LFU LFU ARC,4,12 12 12 12,48,10000,7992,2008,0.7992,7992,2008,0.7992,0
configs/exp4/lfu_lfu_lfu_lirs.cfg,experiments/data/hot8_scan_c48_seed45.in,LFU LFU LFU LIRS,4,12 12 12 12,48,10000,7992,2008,0.7992,7992,2008,0.7992,0
configs/exp4/lfu_lfu_lfu_lru.cfg,experiments/data/hot8_scan_c48_seed45.in,LFU LFU LFU LRU,4,12 12 12 12,48,10000,7992,2008,0.7992,7992,2008,0.7992,0
configs/exp4/lfu_lfu_lirs.cfg,experiments/data/hot8_scan_c48_seed45.in,LFU LFU LIRS,3,16 16 16,48,10000,7992,2008,0.7992,7992,2008,0.7992,0
configs/exp4/lfu_lfu_lirs_2q.cfg,experiments/data/hot8_scan_c48_seed45.in,LFU LFU LIRS 2Q,4,12 12 12 12,48,10000,7992,2008,0.7992,7992,2008,0.7992,0
configs/exp4/lfu_lfu_lirs_arc.cfg,experiments/data/hot8_scan_c48_seed45.in,LFU LFU LIRS ARC,4,12 12 12 12,48,10000,7992,2008,0.7992,7992,2008,0.7992,0
configs/exp4/lfu_lfu_lirs_lfu.cfg,experiments/data/hot8_scan_c48_seed45.in,LFU LFU LIRS LFU,4,12 12 12 12,48,10000,7992,2008,0.7992,7992,2008,0.7992,0
configs/exp4/lfu_lfu_lirs_lirs.cfg,experiments/data/hot8_scan_c48_seed45.in,LFU LFU LIRS LIRS,4,12 12 12 12,48,10000,7992,2008,0.7992,7992,2008,0.7992,0
configs/exp4/lfu_lfu_lirs_lru.cfg,experiments/data/hot8_scan_c48_seed45.in,LFU LFU LIRS LRU,4,12 12 12 12,48,10000,7992,2008,0.7992,7992,2008,0.7992,0
configs/exp4/lfu_lfu_lru.cfg,experiments/data/hot8_scan_c48_seed45.in,LFU LFU LRU,3,16 16 16,48,10000,7992,2008,0.7992,7992,2008,0.7992,0
configs/exp4/lfu_lfu_lru_2q.cfg,experiments/data/hot8_scan_c48_seed45.in,LFU LFU LRU 2Q,4,12 12 12 12,48,10000,7992,2008,0.7992,7992,2008,0.7992,0
configs/exp4/lfu_lfu_lru_arc.cfg,experiments/data/hot8_scan_c48_seed45.in,LFU LFU LRU ARC,4,12 12 12 12,48,10000,7992,2008,0.7992,7992,2008,0.7992,0
configs/exp4/lfu_lfu_lru_lfu.cfg,experiments/data/hot8_scan_c48_seed45.in,LFU LFU LRU LFU,4,12 12 12 12,48,10000,7992,2008,0.7992,7992,2008,0.7992,0
configs/exp4/lfu_lfu_lru_lirs.cfg,experiments/data/hot8_scan_c48_seed45.in,LFU LFU LRU LIRS,4,12 12 12 12,48,10000,7992,2008,0.7992,7992,2008,0.7992,0
configs/exp4/lfu_lfu_lru_lru.cfg,experiments/data/hot8_scan_c48_seed45.in,LFU LFU LRU LRU,4,12 12 12 12,48,10000,7992,2008,0.7992,7992,2008,0.7992,0
configs/exp4/lfu_lirs.cfg,experiments/data/hot8_scan_c48_seed45.in,LFU LIRS,2,24 24,48,10000,7992,2008,0.7992,7992,2008,0.7992,0
configs/exp4/lfu_lirs_2q.cfg,experiments/data/hot8_scan_c48_seed45.in,LFU LIRS 2Q,3,16 16 16,48,10000,7992,2008,0.7992,7992,2008,0.7992,0
configs/exp4/lfu_lirs_2q_2q.cfg,experiments/data/hot8_scan_c48_seed45.in,LFU LIRS 2Q 2Q,4,12 12 12 12,48,10000,7992,2008,0.7992,7992,2008,0.7992,0
configs/exp4/lfu_lirs_2q_arc.cfg,experiments/data/hot8_scan_c48_seed45.in,LFU LIRS 2Q ARC,4,12 12 12 12,48,10000,7992,2008,0.7992,7992,2008,0.7992,0
configs/exp4/lfu_lirs_2q_lfu.cfg,experiments/data/hot8_scan_c48_seed45.in,LFU LIRS 2Q LFU,4,12 12 12 12,48,10000,7992,2008,0.7992,7992,2008,0.7992,0
configs/exp4/lfu_lirs_2q_lirs.cfg,experiments/data/hot8_scan_c48_seed45.in,LFU LIRS 2Q LIRS,4,12 12 12 12,48,10000,7992,2008,0.7992,7992,2008,0.7992,0
configs/exp4/lfu_lirs_2q_lru.cfg,experiments/data/hot8_scan_c48_seed45.in,LFU LIRS 2Q LRU,4,12 12 12 12,48,10000,7992,2008,0.7992,7992,2008,0.7992,0
configs/exp4/lfu_lirs_arc.cfg,experiments/data/hot8_scan_c48_seed45.in,LFU LIRS ARC,3,16 16 16,48,10000,7992,2008,0.7992,7992,2008,0.7992,0
configs/exp4/lfu_lirs_arc_2q.cfg,experiments/data/hot8_scan_c48_seed45.in,LFU LIRS ARC 2Q,4,12 12 12 12,48,10000,7992,2008,0.7992,7992,2008,0.7992,0
configs/exp4/lfu_lirs_arc_arc.cfg,experiments/data/hot8_scan_c48_seed45.in,LFU LIRS ARC ARC,4,12 12 12 12,48,10000,7992,2008,0.7992,7992,2008,0.7992,0
configs/exp4/lfu_lirs_arc_lfu.cfg,experiments/data/hot8_scan_c48_seed45.in,LFU LIRS ARC LFU,4,12 12 12 12,48,10000,7992,2008,0.7992,7992,2008,0.7992,0
configs/exp4/lfu_lirs_arc_lirs.cfg,experiments/data/hot8_scan_c48_seed45.in,LFU LIRS ARC LIRS,4,12 12 12 12,48,10000,7992,2008,0.7992,7992,2008,0.7992,0
configs/exp4/lfu_lirs_arc_lru.cfg,experiments/data/hot8_scan_c48_seed45.in,LFU LIRS ARC LRU,4,12 12 12 12,48,10000,7992,2008,0.7992,7992,2008,0.7992,0
configs/exp4/lfu_lirs_lfu.cfg,experiments/data/hot8_scan_c48_seed45.in,LFU LIRS LFU,3,16 16 16,48,10000,7992,2008,0.7992,7992,2008,0.7992,0
configs/exp4/lfu_lirs_lfu_2q.cfg,experiments/data/hot8_scan_c48_seed45.in,LFU LIRS LFU 2Q,4,12 12 12 12,48,10000,7992,2008,0.7992,7992,2008,0.7992,0
configs/exp4/lfu_lirs_lfu_arc.cfg,experiments/data/hot8_scan_c48_seed45.in,LFU LIRS LFU ARC,4,12 12 12 12,48,10000,7992,2008,0.7992,7992,2008,0.7992,0
configs/exp4/lfu_lirs_lfu_lfu.cfg,experiments/data/hot8_scan_c48_seed45.in,LFU LIRS LFU LFU,4,12 12 12 12,48,10000,7992,2008,0.7992,7992,2008,0.7992,0
configs/exp4/lfu_lirs_lfu_lirs.cfg,experiments/data/hot8_scan_c48_seed45.in,LFU LIRS LFU LIRS,4,12 12 12 12,48,10000,7992,2008,0.7992,7992,2008,0.7992,0
configs/exp4/lfu_lirs_lfu_lru.cfg,experiments/data/hot8_scan_c48_seed45.in,LFU LIRS LFU LRU,4,12 12 12 12,48,10000,7992,2008,0.7992,7992,2008,0.7992,0
configs/exp4/lfu_lirs_lirs.cfg,experiments/data/hot8_scan_c48_seed45.in,LFU LIRS LIRS,3,16 16 16,48,10000,7992,2008,0.7992,7992,2008,0.7992,0
configs/exp4/lfu_lirs_lirs_2q.cfg,experiments/data/hot8_scan_c48_seed45.in,LFU LIRS LIRS 2Q,4,12 12 12 12,48,10000,7992,2008,0.7992,7992,2008,0.7992,0
configs/exp4/lfu_lirs_lirs_arc.cfg,experiments/data/hot8_scan_c48_seed45.in,LFU LIRS LIRS ARC,4,12 12 12 12,48,10000,7992,2008,0.7992,7992,2008,0.7992,0
configs/exp4/lfu_lirs_lirs_lfu.cfg,experiments/data/hot8_scan_c48_seed45.in,LFU LIRS LIRS LFU,4,12 12 12 12,48,10000,7992,2008,0.7992,7992,2008,0.7992,0
configs/exp4/lfu_lirs_lirs_lirs.cfg,experiments/data/hot8_scan_c48_seed45.in,LFU LIRS LIRS LIRS,4,12 12 12 12,48,10000,7992,2008,0.7992,7992,2008,0.7992,0
configs/exp4/lfu_lirs_lirs_lru.cfg,experiments/data/hot8_scan_c48_seed45.in,LFU LIRS LIRS LRU,4,12 12 12 12,48,10000,7992,2008,0.7992,7992,2008,0.7992,0
configs/exp4/lfu_lirs_lru.cfg,experiments/data/hot8_scan_c48_seed45.in,LFU LIRS LRU,3,16 16 16,48,10000,7992,2008,0.7992,7992,2008,0.7992,0
configs/exp4/lfu_lirs_lru_2q.cfg,experiments/data/hot8_scan_c48_seed45.in,LFU LIRS LRU 2Q,4,12 12 12 12,48,10000,7992,2008,0.7992,7992,2008,0.7992,0
configs/exp4/lfu_lirs_lru_arc.cfg,experiments/data/hot8_scan_c48_seed45.in,LFU LIRS LRU ARC,4,12 12 12 12,48,10000,7992,2008,0.7992,7992,2008,0.7992,0
configs/exp4/lfu_lirs_lru_lfu.cfg,experiments/data/hot8_scan_c48_seed45.in,LFU LIRS LRU LFU,4,12 12 12 12,48,10000,7992,2008,0.7992,7992,2008,0.7992,0
configs/exp4/lfu_lirs_lru_lirs.cfg,experiments/data/hot8_scan_c48_seed45.in,LFU LIRS LRU LIRS,4,12 12 12 12,48,10000,7992,2008,0.7992,7992,2008,0.7992,0
configs/exp4/lfu_lirs_lru_lru.cfg,experiments/data/hot8_scan_c48_seed45.in,LFU LIRS LRU LRU,4,12 12 12 12,48,10000,7992,2008,0.7992,7992,2008,0.7992,0
configs/exp4/lfu_lru.cfg,experiments/data/hot8_scan_c48_seed45.in,LFU LRU,2,24 24,48,10000,7992,2008,0.7992,7992,2008,0.7992,0
configs/exp4/lfu_lru_2q.cfg,experiments/data/hot8_scan_c48_seed45.in,LFU LRU 2Q,3,16 16 16,48,10000,7992,2008,0.7992,7992,2008,0.7992,0
configs/exp4/lfu_lru_2q_2q.cfg,experiments/data/hot8_scan_c48_seed45.in,LFU LRU 2Q 2Q,4,12 12 12 12,48,10000,7992,2008,0.7992,7992,2008,0.7992,0
configs/exp4/lfu_lru_2q_arc.cfg,experiments/data/hot8_scan_c48_seed45.in,LFU LRU 2Q ARC,4,12 12 12 12,48,10000,7992,2008,0.7992,7992,2008,0.7992,0
configs/exp4/lfu_lru_2q_lfu.cfg,experiments/data/hot8_scan_c48_seed45.in,LFU LRU 2Q LFU,4,12 12 12 12,48,10000,7992,2008,0.7992,7992,2008,0.7992,0
configs/exp4/lfu_lru_2q_lirs.cfg,experiments/data/hot8_scan_c48_seed45.in,LFU LRU 2Q LIRS,4,12 12 12 12,48,10000,7992,2008,0.7992,7992,2008,0.7992,0
configs/exp4/lfu_lru_2q_lru.cfg,experiments/data/hot8_scan_c48_seed45.in,LFU LRU 2Q LRU,4,12 12 12 12,48,10000,7992,2008,0.7992,7992,2008,0.7992,0
configs/exp4/lfu_lru_arc.cfg,experiments/data/hot8_scan_c48_seed45.in,LFU LRU ARC,3,16 16 16,48,10000,7992,2008,0.7992,7992,2008,0.7992,0
configs/exp4/lfu_lru_arc_2q.cfg,experiments/data/hot8_scan_c48_seed45.in,LFU LRU ARC 2Q,4,12 12 12 12,48,10000,7992,2008,0.7992,7992,2008,0.7992,0
configs/exp4/lfu_lru_arc_arc.cfg,experiments/data/hot8_scan_c48_seed45.in,LFU LRU ARC ARC,4,12 12 12 12,48,10000,7992,2008,0.7992,7992,2008,0.7992,0
configs/exp4/lfu_lru_arc_lfu.cfg,experiments/data/hot8_scan_c48_seed45.in,LFU LRU ARC LFU,4,12 12 12 12,48,10000,7992,2008,0.7992,7992,2008,0.7992,0
configs/exp4/lfu_lru_arc_lirs.cfg,experiments/data/hot8_scan_c48_seed45.in,LFU LRU ARC LIRS,4,12 12 12 12,48,10000,7992,2008,0.7992,7992,2008,0.7992,0
configs/exp4/lfu_lru_arc_lru.cfg,experiments/data/hot8_scan_c48_seed45.in,LFU LRU ARC LRU,4,12 12 12 12,48,10000,7992,2008,0.7992,7992,2008,0.7992,0
configs/exp4/lfu_lru_lfu.cfg,experiments/data/hot8_scan_c48_seed45.in,LFU LRU LFU,3,16 16 16,48,10000,7992,2008,0.7992,7992,2008,0.7992,0
configs/exp4/lfu_lru_lfu_2q.cfg,experiments/data/hot8_scan_c48_seed45.in,LFU LRU LFU 2Q,4,12 12 12 12,48,10000,7992,2008,0.7992,7992,2008,0.7992,0
configs/exp4/lfu_lru_lfu_arc.cfg,experiments/data/hot8_scan_c48_seed45.in,LFU LRU LFU ARC,4,12 12 12 12,48,10000,7992,2008,0.7992,7992,2008,0.7992,0
configs/exp4/lfu_lru_lfu_lfu.cfg,experiments/data/hot8_scan_c48_seed45.in,LFU LRU LFU LFU,4,12 12 12 12,48,10000,7992,2008,0.7992,7992,2008,0.7992,0
configs/exp4/lfu_lru_lfu_lirs.cfg,experiments/data/hot8_scan_c48_seed45.in,LFU LRU LFU LIRS,4,12 12 12 12,48,10000,7992,2008,0.7992,7992,2008,0.7992,0
configs/exp4/lfu_lru_lfu_lru.cfg,experiments/data/hot8_scan_c48_seed45.in,LFU LRU LFU LRU,4,12 12 12 12,48,10000,7992,2008,0.7992,7992,2008,0.7992,0
configs/exp4/lfu_lru_lirs.cfg,experiments/data/hot8_scan_c48_seed45.in,LFU LRU LIRS,3,16 16 16,48,10000,7992,2008,0.7992,7992,2008,0.7992,0
configs/exp4/lfu_lru_lirs_2q.cfg,experiments/data/hot8_scan_c48_seed45.in,LFU LRU LIRS 2Q,4,12 12 12 12,48,10000,7992,2008,0.7992,7992,2008,0.7992,0
configs/exp4/lfu_lru_lirs_arc.cfg,experiments/data/hot8_scan_c48_seed45.in,LFU LRU LIRS ARC,4,12 12 12 12,48,10000,7992,2008,0.7992,7992,2008,0.7992,0
configs/exp4/lfu_lru_lirs_lfu.cfg,experiments/data/hot8_scan_c48_seed45.in,LFU LRU LIRS LFU,4,12 12 12 12,48,10000,7992,2008,0.7992,7992,2008,0.7992,0
configs/exp4/lfu_lru_lirs_lirs.cfg,experiments/data/hot8_scan_c48_seed45.in,LFU LRU LIRS LIRS,4,12 12 12 12,48,10000,7992,2008,0.7992,7992,2008,0.7992,0
configs/exp4/lfu_lru_lirs_lru.cfg,experiments/data/hot8_scan_c48_seed45.in,LFU LRU LIRS LRU,4,12 12 12 12,48,10000,7992,2008,0.7992,7992,2008,0.7992,0
configs/exp4/lfu_lru_lru.cfg,experiments/data/hot8_scan_c48_seed45.in,LFU LRU LRU,3,16 16 16,48,10000,7992,2008,0.7992,7992,2008,0.7992,0
configs/exp4/lfu_lru_lru_2q.cfg,experiments/data/hot8_scan_c48_seed45.in,LFU LRU LRU 2Q,4,12 12 12 12,48,10000,7992,2008,0.7992,7992,2008,0.7992,0
configs/exp4/lfu_lru_lru_arc.cfg,experiments/data/hot8_scan_c48_seed45.in,LFU LRU LRU ARC,4,12 12 12 12,48,10000,7992,2008,0.7992,7992,2008,0.7992,0
configs/exp4/lfu_lru_lru_lfu.cfg,experiments/data/hot8_scan_c48_seed45.in,LFU LRU LRU LFU,4,12 12 12 12,48,10000,7992,2008,0.7992,7992,2008,0.7992,0
configs/exp4/lfu_lru_lru_lirs.cfg,experiments/data/hot8_scan_c48_seed45.in,LFU LRU LRU LIRS,4,12 12 12 12,48,10000,7992,2008,0.7992,7992,2008,0.7992,0
configs/exp4/lfu_lru_lru_lru.cfg,experiments/data/hot8_scan_c48_seed45.in,LFU LRU LRU LRU,4,12 12 12 12,48,10000,7992,2008,0.7992,7992,2008,0.7992,0
configs/exp4/lirs_2q.cfg,experiments/data/hot8_scan_c48_seed45.in,LIRS 2Q,2,24 24,48,10000,7992,2008,0.7992,7992,2008,0.7992,0
configs/exp4/lirs_2q_2q.cfg,experiments/data/hot8_scan_c48_seed45.in,LIRS 2Q 2Q,3,16 16 16,48,10000,7992,2008,0.7992,7992,2008,0.7992,0
configs/exp4/lirs_2q_2q_2q.cfg,experiments/data/hot8_scan_c48_seed45.in,LIRS 2Q 2Q 2Q,4,12 12 12 12,48,10000,7992,2008,0.7992,7992,2008,0.7992,0
configs/exp4/lirs_2q_2q_arc.cfg,experiments/data/hot8_scan_c48_seed45.in,LIRS 2Q 2Q ARC,4,12 12 12 12,48,10000,7992,2008,0.7992,7992,2008,0.7992,0
configs/exp4/lirs_2q_2q_lfu.cfg,experiments/data/hot8_scan_c48_seed45.in,LIRS 2Q 2Q LFU,4,12 12 12 12,48,10000,7992,2008,0.7992,7992,2008,0.7992,0
configs/exp4/lirs_2q_2q_lirs.cfg,experiments/data/hot8_scan_c48_seed45.in,LIRS 2Q 2Q LIRS,4,12 12 12 12,48,10000,7992,2008,0.7992,7992,2008,0.7992,0
configs/exp4/lirs_2q_2q_lru.cfg,experiments/data/hot8_scan_c48_seed45.in,LIRS 2Q 2Q LRU,4,12 12 12 12,48,10000,7992,2008,0.7992,7992,2008,0.7992,0
configs/exp4/lirs_2q_arc.cfg,experiments/data/hot8_scan_c48_seed45.in,LIRS 2Q ARC,3,16 16 16,48,10000,7992,2008,0.7992,7992,2008,0.7992,0
configs/exp4/lirs_2q_arc_2q.cfg,experiments/data/hot8_scan_c48_seed45.in,LIRS 2Q ARC 2Q,4,12 12 12 12,48,10000,7992,2008,0.7992,7992,2008,0.7992,0
configs/exp4/lirs_2q_arc_arc.cfg,experiments/data/hot8_scan_c48_seed45.in,LIRS 2Q ARC ARC,4,12 12 12 12,48,10000,7992,2008,0.7992,7992,2008,0.7992,0
configs/exp4/lirs_2q_arc_lfu.cfg,experiments/data/hot8_scan_c48_seed45.in,LIRS 2Q ARC LFU,4,12 12 12 12,48,10000,7992,2008,0.7992,7992,2008,0.7992,0
configs/exp4/lirs_2q_arc_lirs.cfg,experiments/data/hot8_scan_c48_seed45.in,LIRS 2Q ARC LIRS,4,12 12 12 12,48,10000,7992,2008,0.7992,7992,2008,0.7992,0
configs/exp4/lirs_2q_arc_lru.cfg,experiments/data/hot8_scan_c48_seed45.in,LIRS 2Q ARC LRU,4,12 12 12 12,48,10000,7992,2008,0.7992,7992,2008,0.7992,0
configs/exp4/lirs_2q_lfu.cfg,experiments/data/hot8_scan_c48_seed45.in,LIRS 2Q LFU,3,16 16 16,48,10000,7992,2008,0.7992,7992,2008,0.7992,0
configs/exp4/lirs_2q_lfu_2q.cfg,experiments/data/hot8_scan_c48_seed45.in,LIRS 2Q LFU 2Q,4,12 12 12 12,48,10000,7992,2008,0.7992,7992,2008,0.7992,0
configs/exp4/lirs_2q_lfu_arc.cfg,experiments/data/hot8_scan_c48_seed45.in,LIRS 2Q LFU ARC,4,12 12 12 12,48,10000,7992,2008,0.7992,7992,2008,0.7992,0
configs/exp4/lirs_2q_lfu_lfu.cfg,experiments/data/hot8_scan_c48_seed45.in,LIRS 2Q LFU LFU,4,12 12 12 12,48,10000,7992,2008,0.7992,7992,2008,0.7992,0
configs/exp4/lirs_2q_lfu_lirs.cfg,experiments/data/hot8_scan_c48_seed45.in,LIRS 2Q LFU LIRS,4,12 12 12 12,48,10000,7992,2008,0.7992,7992,2008,0.7992,0
configs/exp4/lirs_2q_lfu_lru.cfg,experiments/data/hot8_scan_c48_seed45.in,LIRS 2Q LFU LRU,4,12 12 12 12,48,10000,7992,2008,0.7992,7992,2008,0.7992,0
configs/exp4/lirs_2q_lirs.cfg,experiments/data/hot8_scan_c48_seed45.in,LIRS 2Q LIRS,3,16 16 16,48,10000,7992,2008,0.7992,7992,2008,0.7992,0
configs/exp4/lirs_2q_lirs_2q.cfg,experiments/data/hot8_scan_c48_seed45.in,LIRS 2Q LIRS 2Q,4,12 12 12 12,48,10000,7992,2008,0.7992,7992,2008,0.7992,0
configs/exp4/lirs_2q_lirs_arc.cfg,experiments/data/hot8_scan_c48_seed45.in,LIRS 2Q LIRS ARC,4,12 12 12 12,48,10000,7992,2008,0.7992,7992,2008,0.7992,0
configs/exp4/lirs_2q_lirs_lfu.cfg,experiments/data/hot8_scan_c48_seed45.in,LIRS 2Q LIRS LFU,4,12 12 12 12,48,10000,7992,2008,0.7992,7992,2008,0.7992,0
configs/exp4/lirs_2q_lirs_lirs.cfg,experiments/data/hot8_scan_c48_seed45.in,LIRS 2Q LIRS LIRS,4,12 12 12 12,48,10000,7992,2008,0.7992,7992,2008,0.7992,0
configs/exp4/lirs_2q_lirs_lru.cfg,experiments/data/hot8_scan_c48_seed45.in,LIRS 2Q LIRS LRU,4,12 12 12 12,48,10000,7992,2008,0.7992,7992,2008,0.7992,0
configs/exp4/lirs_2q_lru.cfg,experiments/data/hot8_scan_c48_seed45.in,LIRS 2Q LRU,3,16 16 16,48,10000,7992,2008,0.7992,7992,2008,0.7992,0
configs/exp4/lirs_2q_lru_2q.cfg,experiments/data/hot8_scan_c48_seed45.in,LIRS 2Q LRU 2Q,4,12 12 12 12,48,10000,7992,2008,0.7992,7992,2008,0.7992,0
configs/exp4/lirs_2q_lru_arc.cfg,experiments/data/hot8_scan_c48_seed45.in,LIRS 2Q LRU ARC,4,12 12 12 12,48,10000,7992,2008,0.7992,7992,2008,0.7992,0
configs/exp4/lirs_2q_lru_lfu.cfg,experiments/data/hot8_scan_c48_seed45.in,LIRS 2Q LRU LFU,4,12 12 12 12,48,10000,7992,2008,0.7992,7992,2008,0.7992,0
configs/exp4/lirs_2q_lru_lirs.cfg,experiments/data/hot8_scan_c48_seed45.in,LIRS 2Q LRU LIRS,4,12 12 12 12,48,10000,7992,2008,0.7992,7992,2008,0.7992,0
configs/exp4/lirs_2q_lru_lru.cfg,experiments/data/hot8_scan_c48_seed45.in,LIRS 2Q LRU LRU,4,12 12 12 12,48,10000,7992,2008,0.7992,7992,2008,0.7992,0
configs/exp4/lirs_arc.cfg,experiments/data/hot8_scan_c48_seed45.in,LIRS ARC,2,24 24,48,10000,7992,2008,0.7992,7992,2008,0.7992,0
configs/exp4/lirs_arc_2q.cfg,experiments/data/hot8_scan_c48_seed45.in,LIRS ARC 2Q,3,16 16 16,48,10000,7992,2008,0.7992,7992,2008,0.7992,0
configs/exp4/lirs_arc_2q_2q.cfg,experiments/data/hot8_scan_c48_seed45.in,LIRS ARC 2Q 2Q,4,12 12 12 12,48,10000,7992,2008,0.7992,7992,2008,0.7992,0
configs/exp4/lirs_arc_2q_arc.cfg,experiments/data/hot8_scan_c48_seed45.in,LIRS ARC 2Q ARC,4,12 12 12 12,48,10000,7992,2008,0.7992,7992,2008,0.7992,0
configs/exp4/lirs_arc_2q_lfu.cfg,experiments/data/hot8_scan_c48_seed45.in,LIRS ARC 2Q LFU,4,12 12 12 12,48,10000,7992,2008,0.7992,7992,2008,0.7992,0
configs/exp4/lirs_arc_2q_lirs.cfg,experiments/data/hot8_scan_c48_seed45.in,LIRS ARC 2Q LIRS,4,12 12 12 12,48,10000,7992,2008,0.7992,7992,2008,0.7992,0
configs/exp4/lirs_arc_2q_lru.cfg,experiments/data/hot8_scan_c48_seed45.in,LIRS ARC 2Q LRU,4,12 12 12 12,48,10000,7992,2008,0.7992,7992,2008,0.7992,0
configs/exp4/lirs_arc_arc.cfg,experiments/data/hot8_scan_c48_seed45.in,LIRS ARC ARC,3,16 16 16,48,10000,7992,2008,0.7992,7992,2008,0.7992,0
configs/exp4/lirs_arc_arc_2q.cfg,experiments/data/hot8_scan_c48_seed45.in,LIRS ARC ARC 2Q,4,12 12 12 12,48,10000,7992,2008,0.7992,7992,2008,0.7992,0
configs/exp4/lirs_arc_arc_arc.cfg,experiments/data/hot8_scan_c48_seed45.in,LIRS ARC ARC ARC,4,12 12 12 12,48,10000,7992,2008,0.7992,7992,2008,0.7992,0
configs/exp4/lirs_arc_arc_lfu.cfg,experiments/data/hot8_scan_c48_seed45.in,LIRS ARC ARC LFU,4,12 12 12 12,48,10000,7992,2008,0.7992,7992,2008,0.7992,0
configs/exp4/lirs_arc_arc_lirs.cfg,experiments/data/hot8_scan_c48_seed45.in,LIRS ARC ARC LIRS,4,12 12 12 12,48,10000,7992,2008,0.7992,7992,2008,0.7992,0
configs/exp4/lirs_arc_arc_lru.cfg,experiments/data/hot8_scan_c48_seed45.in,LIRS ARC ARC LRU,4,12 12 12 12,48,10000,7992,2008,0.7992,7992,2008,0.7992,0
configs/exp4/lirs_arc_lfu.cfg,experiments/data/hot8_scan_c48_seed45.in,LIRS ARC LFU,3,16 16 16,48,10000,7992,2008,0.7992,7992,2008,0.7992,0
configs/exp4/lirs_arc_lfu_2q.cfg,experiments/data/hot8_scan_c48_seed45.in,LIRS ARC LFU 2Q,4,12 12 12 12,48,10000,7992,2008,0.7992,7992,2008,0.7992,0
configs/exp4/lirs_arc_lfu_arc.cfg,experiments/data/hot8_scan_c48_seed45.in,LIRS ARC LFU ARC,4,12 12 12 12,48,10000,7992,2008,0.7992,7992,2008,0.7992,0
configs/exp4/lirs_arc_lfu_lfu.cfg,experiments/data/hot8_scan_c48_seed45.in,LIRS ARC LFU LFU,4,12 12 12 12,48,10000,7992,2008,0.7992,7992,2008,0.7992,0
configs/exp4/lirs_arc_lfu_lirs.cfg,experiments/data/hot8_scan_c48_seed45.in,LIRS ARC LFU LIRS,4,12 12 12 12,48,10000,7992,2008,0.7992,7992,2008,0.7992,0
configs/exp4/lirs_arc_lfu_lru.cfg,experiments/data/hot8_scan_c48_seed45.in,LIRS ARC LFU LRU,4,12 12 12 12,48,10000,7992,2008,0.7992,7992,2008,0.7992,0
configs/exp4/lirs_arc_lirs.cfg,experiments/data/hot8_scan_c48_seed45.in,LIRS ARC LIRS,3,16 16 16,48,10000,7992,2008,0.7992,7992,2008,0.7992,0
configs/exp4/lirs_arc_lirs_2q.cfg,experiments/data/hot8_scan_c48_seed45.in,LIRS ARC LIRS 2Q,4,12 12 12 12,48,10000,7992,2008,0.7992,7992,2008,0.7992,0
configs/exp4/lirs_arc_lirs_arc.cfg,experiments/data/hot8_scan_c48_seed45.in,LIRS ARC LIRS ARC,4,12 12 12 12,48,10000,7992,2008,0.7992,7992,2008,0.7992,0
configs/exp4/lirs_arc_lirs_lfu.cfg,experiments/data/hot8_scan_c48_seed45.in,LIRS ARC LIRS LFU,4,12 12 12 12,48,10000,7992,2008,0.7992,7992,2008,0.7992,0
configs/exp4/lirs_arc_lirs_lirs.cfg,experiments/data/hot8_scan_c48_seed45.in,LIRS ARC LIRS LIRS,4,12 12 12 12,48,10000,7992,2008,0.7992,7992,2008,0.7992,0
configs/exp4/lirs_arc_lirs_lru.cfg,experiments/data/hot8_scan_c48_seed45.in,LIRS ARC LIRS LRU,4,12 12 12 12,48,10000,7992,2008,0.7992,7992,2008,0.7992,0
configs/exp4/lirs_arc_lru.cfg,experiments/data/hot8_scan_c48_seed45.in,LIRS ARC LRU,3,16 16 16,48,10000,7992,2008,0.7992,7992,2008,0.7992,0
configs/exp4/lirs_arc_lru_2q.cfg,experiments/data/hot8_scan_c48_seed45.in,LIRS ARC LRU 2Q,4,12 12 12 12,48,10000,7992,2008,0.7992,7992,2008,0.7992,0
configs/exp4/lirs_arc_lru_arc.cfg,experiments/data/hot8_scan_c48_seed45.in,LIRS ARC LRU ARC,4,12 12 12 12,48,10000,7992,2008,0.7992,7992,2008,0.7992,0
configs/exp4/lirs_arc_lru_lfu.cfg,experiments/data/hot8_scan_c48_seed45.in,LIRS ARC LRU LFU,4,12 12 12 12,48,10000,7992,2008,0.7992,7992,2008,0.7992,0
configs/exp4/lirs_arc_lru_lirs.cfg,experiments/data/hot8_scan_c48_seed45.in,LIRS ARC LRU LIRS,4,12 12 12 12,48,10000,7992,2008,0.7992,7992,2008,0.7992,0
configs/exp4/lirs_arc_lru_lru.cfg,experiments/data/hot8_scan_c48_seed45.in,LIRS ARC LRU LRU,4,12 12 12 12,48,10000,7992,2008,0.7992,7992,2008,0.7992,0
configs/exp4/lirs_lfu.cfg,experiments/data/hot8_scan_c48_seed45.in,LIRS LFU,2,24 24,48,10000,7992,2008,0.7992,7992,2008,0.7992,0
configs/exp4/lirs_lfu_2q.cfg,experiments/data/hot8_scan_c48_seed45.in,LIRS LFU 2Q,3,16 16 16,48,10000,7992,2008,0.7992,7992,2008,0.7992,0
configs/exp4/lirs_lfu_2q_2q.cfg,experiments/data/hot8_scan_c48_seed45.in,LIRS LFU 2Q 2Q,4,12 12 12 12,48,10000,7992,2008,0.7992,7992,2008,0.7992,0
configs/exp4/lirs_lfu_2q_arc.cfg,experiments/data/hot8_scan_c48_seed45.in,LIRS LFU 2Q ARC,4,12 12 12 12,48,10000,7992,2008,0.7992,7992,2008,0.7992,0
configs/exp4/lirs_lfu_2q_lfu.cfg,experiments/data/hot8_scan_c48_seed45.in,LIRS LFU 2Q LFU,4,12 12 12 12,48,10000,7992,2008,0.7992,7992,2008,0.7992,0
configs/exp4/lirs_lfu_2q_lirs.cfg,experiments/data/hot8_scan_c48_seed45.in,LIRS LFU 2Q LIRS,4,12 12 12 12,48,10000,7992,2008,0.7992,7992,2008,0.7992,0
configs/exp4/lirs_lfu_2q_lru.cfg,experiments/data/hot8_scan_c48_seed45.in,LIRS LFU 2Q LRU,4,12 12 12 12,48,10000,7992,2008,0.7992,7992,2008,0.7992,0
configs/exp4/lirs_lfu_arc.cfg,experiments/data/hot8_scan_c48_seed45.in,LIRS LFU ARC,3,16 16 16,48,10000,7992,2008,0.7992,7992,2008,0.7992,0
configs/exp4/lirs_lfu_arc_2q.cfg,experiments/data/hot8_scan_c48_seed45.in,LIRS LFU ARC 2Q,4,12 12 12 12,48,10000,7992,2008,0.7992,7992,2008,0.7992,0
configs/exp4/lirs_lfu_arc_arc.cfg,experiments/data/hot8_scan_c48_seed45.in,LIRS LFU ARC ARC,4,12 12 12 12,48,10000,7992,2008,0.7992,7992,2008,0.7992,0
configs/exp4/lirs_lfu_arc_lfu.cfg,experiments/data/hot8_scan_c48_seed45.in,LIRS LFU ARC LFU,4,12 12 12 12,48,10000,7992,2008,0.7992,7992,2008,0.7992,0
configs/exp4/lirs_lfu_arc_lirs.cfg,experiments/data/hot8_scan_c48_seed45.in,LIRS LFU ARC LIRS,4,12 12 12 12,48,10000,7992,2008,0.7992,7992,2008,0.7992,0
configs/exp4/lirs_lfu_arc_lru.cfg,experiments/data/hot8_scan_c48_seed45.in,LIRS LFU ARC LRU,4,12 12 12 12,48,10000,7992,2008,0.7992,7992,2008,0.7992,0
configs/exp4/lirs_lfu_lfu.cfg,experiments/data/hot8_scan_c48_seed45.in,LIRS LFU LFU,3,16 16 16,48,10000,7992,2008,0.7992,7992,2008,0.7992,0
configs/exp4/lirs_lfu_lfu_2q.cfg,experiments/data/hot8_scan_c48_seed45.in,LIRS LFU LFU 2Q,4,12 12 12 12,48,10000,7992,2008,0.7992,7992,2008,0.7992,0
configs/exp4/lirs_lfu_lfu_arc.cfg,experiments/data/hot8_scan_c48_seed45.in,LIRS LFU LFU ARC,4,12 12 12 12,48,10000,7992,2008,0.7992,7992,2008,0.7992,0
configs/exp4/lirs_lfu_lfu_lfu.cfg,experiments/data/hot8_scan_c48_seed45.in,LIRS LFU LFU LFU,4,12 12 12 12,48,10000,7992,2008,0.7992,7992,2008,0.7992,0
configs/exp4/lirs_lfu_lfu_lirs.cfg,experiments/data/hot8_scan_c48_seed45.in,LIRS LFU LFU LIRS,4,12 12 12 12,48,10000,7992,2008,0.7992,7992,2008,0.7992,0
configs/exp4/lirs_lfu_lfu_lru.cfg,experiments/data/hot8_scan_c48_seed45.in,LIRS LFU LFU LRU,4,12 12 12 12,48,10000,7992,2008,0.7992,7992,2008,0.7992,0
configs/exp4/lirs_lfu_lirs.cfg,experiments/data/hot8_scan_c48_seed45.in,LIRS LFU LIRS,3,16 16 16,48,10000,7992,2008,0.7992,7992,2008,0.7992,0
configs/exp4/lirs_lfu_lirs_2q.cfg,experiments/data/hot8_scan_c48_seed45.in,LIRS LFU LIRS 2Q,4,12 12 12 12,48,10000,7992,2008,0.7992,7992,2008,0.7992,0
configs/exp4/lirs_lfu_lirs_arc.cfg,experiments/data/hot8_scan_c48_seed45.in,LIRS LFU LIRS ARC,4,12 12 12 12,48,10000,7992,2008,0.7992,7992,2008,0.7992,0
configs/exp4/lirs_lfu_lirs_lfu.cfg,experiments/data/hot8_scan_c48_seed45.in,LIRS LFU LIRS LFU,4,12 12 12 12,48,10000,7992,2008,0.7992,7992,2008,0.7992,0
configs/exp4/lirs_lfu_lirs_lirs.cfg,experiments/data/hot8_scan_c48_seed45.in,LIRS LFU LIRS LIRS,4,12 12 12 12,48,10000,7992,2008,0.7992,7992,2008,0.7992,0
configs/exp4/lirs_lfu_lirs_lru.cfg,experiments/data/hot8_scan_c48_seed45.in,LIRS LFU LIRS LRU,4,12 12 12 12,48,10000,7992,2008,0.7992,7992,2008,0.7992,0
configs/exp4/lirs_lfu_lru.cfg,experiments/data/hot8_scan_c48_seed45.in,LIRS LFU LRU,3,16 16 16,48,10000,7992,2008,0.7992,7992,2008,0.7992,0
configs/exp4/lirs_lfu_lru_2q.cfg,experiments/data/hot8_scan_c48_seed45.in,LIRS LFU LRU 2Q,4,12 12 12 12,48,10000,7992,2008,0.7992,7992,2008,0.7992,0
configs/exp4/lirs_lfu_lru_arc.cfg,experiments/data/hot8_scan_c48_seed45.in,LIRS LFU LRU ARC,4,12 12 12 12,48,10000,7992,2008,0.7992,7992,2008,0.7992,0
configs/exp4/lirs_lfu_lru_lfu.cfg,experiments/data/hot8_scan_c48_seed45.in,LIRS LFU LRU LFU,4,12 12 12 12,48,10000,7992,2008,0.7992,7992,2008,0.7992,0
configs/exp4/lirs_lfu_lru_lirs.cfg,experiments/data/hot8_scan_c48_seed45.in,LIRS LFU LRU LIRS,4,12 12 12 12,48,10000,7992,2008,0.7992,7992,2008,0.7992,0
configs/exp4/lirs_lfu_lru_lru.cfg,experiments/data/hot8_scan_c48_seed45.in,LIRS LFU LRU LRU,4,12 12 12 12,48,10000,7992,2008,0.7992,7992,2008,0.7992,0
configs/exp4/lirs_lirs_2q.cfg,experiments/data/hot8_scan_c48_seed45.in,LIRS LIRS 2Q,3,16 16 16,48,10000,7992,2008,0.7992,7992,2008,0.7992,0
configs/exp4/lirs_lirs_2q_2q.cfg,experiments/data/hot8_scan_c48_seed45.in,LIRS LIRS 2Q 2Q,4,12 12 12 12,48,10000,7992,2008,0.7992,7992,2008,0.7992,0
configs/exp4/lirs_lirs_2q_arc.cfg,experiments/data/hot8_scan_c48_seed45.in,LIRS LIRS 2Q ARC,4,12 12 12 12,48,10000,7992,2008,0.7992,7992,2008,0.7992,0
configs/exp4/lirs_lirs_2q_lfu.cfg,experiments/data/hot8_scan_c48_seed45.in,LIRS LIRS 2Q LFU,4,12 12 12 12,48,10000,7992,2008,0.7992,7992,2008,0.7992,0
configs/exp4/lirs_lirs_2q_lirs.cfg,experiments/data/hot8_scan_c48_seed45.in,LIRS LIRS 2Q LIRS,4,12 12 12 12,48,10000,7992,2008,0.7992,7992,2008,0.7992,0
configs/exp4/lirs_lirs_2q_lru.cfg,experiments/data/hot8_scan_c48_seed45.in,LIRS LIRS 2Q LRU,4,12 12 12 12,48,10000,7992,2008,0.7992,7992,2008,0.7992,0
configs/exp4/lirs_lirs_arc.cfg,experiments/data/hot8_scan_c48_seed45.in,LIRS LIRS ARC,3,16 16 16,48,10000,7992,2008,0.7992,7992,2008,0.7992,0
configs/exp4/lirs_lirs_arc_2q.cfg,experiments/data/hot8_scan_c48_seed45.in,LIRS LIRS ARC 2Q,4,12 12 12 12,48,10000,7992,2008,0.7992,7992,2008,0.7992,0
configs/exp4/lirs_lirs_arc_arc.cfg,experiments/data/hot8_scan_c48_seed45.in,LIRS LIRS ARC ARC,4,12 12 12 12,48,10000,7992,2008,0.7992,7992,2008,0.7992,0
configs/exp4/lirs_lirs_arc_lfu.cfg,experiments/data/hot8_scan_c48_seed45.in,LIRS LIRS ARC LFU,4,12 12 12 12,48,10000,7992,2008,0.7992,7992,2008,0.7992,0
configs/exp4/lirs_lirs_arc_lirs.cfg,experiments/data/hot8_scan_c48_seed45.in,LIRS LIRS ARC LIRS,4,12 12 12 12,48,10000,7992,2008,0.7992,7992,2008,0.7992,0
configs/exp4/lirs_lirs_arc_lru.cfg,experiments/data/hot8_scan_c48_seed45.in,LIRS LIRS ARC LRU,4,12 12 12 12,48,10000,7992,2008,0.7992,7992,2008,0.7992,0
configs/exp4/lirs_lirs_lfu.cfg,experiments/data/hot8_scan_c48_seed45.in,LIRS LIRS LFU,3,16 16 16,48,10000,7992,2008,0.7992,7992,2008,0.7992,0
configs/exp4/lirs_lirs_lfu_2q.cfg,experiments/data/hot8_scan_c48_seed45.in,LIRS LIRS LFU 2Q,4,12 12 12 12,48,10000,7992,2008,0.7992,7992,2008,0.7992,0
configs/exp4/lirs_lirs_lfu_arc.cfg,experiments/data/hot8_scan_c48_seed45.in,LIRS LIRS LFU ARC,4,12 12 12 12,48,10000,7992,2008,0.7992,7992,2008,0.7992,0
configs/exp4/lirs_lirs_lfu_lfu.cfg,experiments/data/hot8_scan_c48_seed45.in,LIRS LIRS LFU LFU,4,12 12 12 12,48,10000,7992,2008,0.7992,7992,2008,0.7992,0
configs/exp4/lirs_lirs_lfu_lirs.cfg,experiments/data/hot8_scan_c48_seed45.in,LIRS LIRS LFU LIRS,4,12 12 12 12,48,10000,7992,2008,0.7992,7992,2008,0.7992,0
configs/exp4/lirs_lirs_lfu_lru.cfg,experiments/data/hot8_scan_c48_seed45.in,LIRS LIRS LFU LRU,4,12 12 12 12,48,10000,7992,2008,0.7992,7992,2008,0.7992,0
configs/exp4/lirs_lirs_lirs_2q.cfg,experiments/data/hot8_scan_c48_seed45.in,LIRS LIRS LIRS 2Q,4,12 12 12 12,48,10000,7992,2008,0.7992,7992,2008,0.7992,0
configs/exp4/lirs_lirs_lirs_arc.cfg,experiments/data/hot8_scan_c48_seed45.in,LIRS LIRS LIRS ARC,4,12 12 12 12,48,10000,7992,2008,0.7992,7992,2008,0.7992,0
configs/exp4/lirs_lirs_lirs_lfu.cfg,experiments/data/hot8_scan_c48_seed45.in,LIRS LIRS LIRS LFU,4,12 12 12 12,48,10000,7992,2008,0.7992,7992,2008,0.7992,0
configs/exp4/lirs_lirs_lirs_lru.cfg,experiments/data/hot8_scan_c48_seed45.in,LIRS LIRS LIRS LRU,4,12 12 12 12,48,10000,7992,2008,0.7992,7992,2008,0.7992,0
configs/exp4/lirs_lirs_lru.cfg,experiments/data/hot8_scan_c48_seed45.in,LIRS LIRS LRU,3,16 16 16,48,10000,7992,2008,0.7992,7992,2008,0.7992,0
configs/exp4/lirs_lirs_lru_2q.cfg,experiments/data/hot8_scan_c48_seed45.in,LIRS LIRS LRU 2Q,4,12 12 12 12,48,10000,7992,2008,0.7992,7992,2008,0.7992,0
configs/exp4/lirs_lirs_lru_arc.cfg,experiments/data/hot8_scan_c48_seed45.in,LIRS LIRS LRU ARC,4,12 12 12 12,48,10000,7992,2008,0.7992,7992,2008,0.7992,0
configs/exp4/lirs_lirs_lru_lfu.cfg,experiments/data/hot8_scan_c48_seed45.in,LIRS LIRS LRU LFU,4,12 12 12 12,48,10000,7992,2008,0.7992,7992,2008,0.7992,0
configs/exp4/lirs_lirs_lru_lirs.cfg,experiments/data/hot8_scan_c48_seed45.in,LIRS LIRS LRU LIRS,4,12 12 12 12,48,10000,7992,2008,0.7992,7992,2008,0.7992,0
configs/exp4/lirs_lirs_lru_lru.cfg,experiments/data/hot8_scan_c48_seed45.in,LIRS LIRS LRU LRU,4,12 12 12 12,48,10000,7992,2008,0.7992,7992,2008,0.7992,0
configs/exp4/lirs_lru.cfg,experiments/data/hot8_scan_c48_seed45.in,LIRS LRU,2,24 24,48,10000,7992,2008,0.7992,7992,2008,0.7992,0
configs/exp4/lirs_lru_2q.cfg,experiments/data/hot8_scan_c48_seed45.in,LIRS LRU 2Q,3,16 16 16,48,10000,7992,2008,0.7992,7992,2008,0.7992,0
configs/exp4/lirs_lru_2q_2q.cfg,experiments/data/hot8_scan_c48_seed45.in,LIRS LRU 2Q 2Q,4,12 12 12 12,48,10000,7992,2008,0.7992,7992,2008,0.7992,0
configs/exp4/lirs_lru_2q_arc.cfg,experiments/data/hot8_scan_c48_seed45.in,LIRS LRU 2Q ARC,4,12 12 12 12,48,10000,7992,2008,0.7992,7992,2008,0.7992,0
configs/exp4/lirs_lru_2q_lfu.cfg,experiments/data/hot8_scan_c48_seed45.in,LIRS LRU 2Q LFU,4,12 12 12 12,48,10000,7992,2008,0.7992,7992,2008,0.7992,0
configs/exp4/lirs_lru_2q_lirs.cfg,experiments/data/hot8_scan_c48_seed45.in,LIRS LRU 2Q LIRS,4,12 12 12 12,48,10000,7992,2008,0.7992,7992,2008,0.7992,0
configs/exp4/lirs_lru_2q_lru.cfg,experiments/data/hot8_scan_c48_seed45.in,LIRS LRU 2Q LRU,4,12 12 12 12,48,10000,7992,2008,0.7992,7992,2008,0.7992,0
configs/exp4/lirs_lru_arc.cfg,experiments/data/hot8_scan_c48_seed45.in,LIRS LRU ARC,3,16 16 16,48,10000,7992,2008,0.7992,7992,2008,0.7992,0
configs/exp4/lirs_lru_arc_2q.cfg,experiments/data/hot8_scan_c48_seed45.in,LIRS LRU ARC 2Q,4,12 12 12 12,48,10000,7992,2008,0.7992,7992,2008,0.7992,0
configs/exp4/lirs_lru_arc_arc.cfg,experiments/data/hot8_scan_c48_seed45.in,LIRS LRU ARC ARC,4,12 12 12 12,48,10000,7992,2008,0.7992,7992,2008,0.7992,0
configs/exp4/lirs_lru_arc_lfu.cfg,experiments/data/hot8_scan_c48_seed45.in,LIRS LRU ARC LFU,4,12 12 12 12,48,10000,7992,2008,0.7992,7992,2008,0.7992,0
configs/exp4/lirs_lru_arc_lirs.cfg,experiments/data/hot8_scan_c48_seed45.in,LIRS LRU ARC LIRS,4,12 12 12 12,48,10000,7992,2008,0.7992,7992,2008,0.7992,0
configs/exp4/lirs_lru_arc_lru.cfg,experiments/data/hot8_scan_c48_seed45.in,LIRS LRU ARC LRU,4,12 12 12 12,48,10000,7992,2008,0.7992,7992,2008,0.7992,0
configs/exp4/lirs_lru_lfu.cfg,experiments/data/hot8_scan_c48_seed45.in,LIRS LRU LFU,3,16 16 16,48,10000,7992,2008,0.7992,7992,2008,0.7992,0
configs/exp4/lirs_lru_lfu_2q.cfg,experiments/data/hot8_scan_c48_seed45.in,LIRS LRU LFU 2Q,4,12 12 12 12,48,10000,7992,2008,0.7992,7992,2008,0.7992,0
configs/exp4/lirs_lru_lfu_arc.cfg,experiments/data/hot8_scan_c48_seed45.in,LIRS LRU LFU ARC,4,12 12 12 12,48,10000,7992,2008,0.7992,7992,2008,0.7992,0
configs/exp4/lirs_lru_lfu_lfu.cfg,experiments/data/hot8_scan_c48_seed45.in,LIRS LRU LFU LFU,4,12 12 12 12,48,10000,7992,2008,0.7992,7992,2008,0.7992,0
configs/exp4/lirs_lru_lfu_lirs.cfg,experiments/data/hot8_scan_c48_seed45.in,LIRS LRU LFU LIRS,4,12 12 12 12,48,10000,7992,2008,0.7992,7992,2008,0.7992,0
configs/exp4/lirs_lru_lfu_lru.cfg,experiments/data/hot8_scan_c48_seed45.in,LIRS LRU LFU LRU,4,12 12 12 12,48,10000,7992,2008,0.7992,7992,2008,0.7992,0
configs/exp4/lirs_lru_lirs.cfg,experiments/data/hot8_scan_c48_seed45.in,LIRS LRU LIRS,3,16 16 16,48,10000,7992,2008,0.7992,7992,2008,0.7992,0
configs/exp4/lirs_lru_lirs_2q.cfg,experiments/data/hot8_scan_c48_seed45.in,LIRS LRU LIRS 2Q,4,12 12 12 12,48,10000,7992,2008,0.7992,7992,2008,0.7992,0
configs/exp4/lirs_lru_lirs_arc.cfg,experiments/data/hot8_scan_c48_seed45.in,LIRS LRU LIRS ARC,4,12 12 12 12,48,10000,7992,2008,0.7992,7992,2008,0.7992,0
configs/exp4/lirs_lru_lirs_lfu.cfg,experiments/data/hot8_scan_c48_seed45.in,LIRS LRU LIRS LFU,4,12 12 12 12,48,10000,7992,2008,0.7992,7992,2008,0.7992,0
configs/exp4/lirs_lru_lirs_lirs.cfg,experiments/data/hot8_scan_c48_seed45.in,LIRS LRU LIRS LIRS,4,12 12 12 12,48,10000,7992,2008,0.7992,7992,2008,0.7992,0
configs/exp4/lirs_lru_lirs_lru.cfg,experiments/data/hot8_scan_c48_seed45.in,LIRS LRU LIRS LRU,4,12 12 12 12,48,10000,7992,2008,0.7992,7992,2008,0.7992,0
configs/exp4/lirs_lru_lru.cfg,experiments/data/hot8_scan_c48_seed45.in,LIRS LRU LRU,3,16 16 16,48,10000,7992,2008,0.7992,7992,2008,0.7992,0
configs/exp4/lirs_lru_lru_2q.cfg,experiments/data/hot8_scan_c48_seed45.in,LIRS LRU LRU 2Q,4,12 12 12 12,48,10000,7992,2008,0.7992,7992,2008,0.7992,0
configs/exp4/lirs_lru_lru_arc.cfg,experiments/data/hot8_scan_c48_seed45.in,LIRS LRU LRU ARC,4,12 12 12 12,48,10000,7992,2008,0.7992,7992,2008,0.7992,0
configs/exp4/lirs_lru_lru_lfu.cfg,experiments/data/hot8_scan_c48_seed45.in,LIRS LRU LRU LFU,4,12 12 12 12,48,10000,7992,2008,0.7992,7992,2008,0.7992,0
configs/exp4/lirs_lru_lru_lirs.cfg,experiments/data/hot8_scan_c48_seed45.in,LIRS LRU LRU LIRS,4,12 12 12 12,48,10000,7992,2008,0.7992,7992,2008,0.7992,0
configs/exp4/lirs_lru_lru_lru.cfg,experiments/data/hot8_scan_c48_seed45.in,LIRS LRU LRU LRU,4,12 12 12 12,48,10000,7992,2008,0.7992,7992,2008,0.7992,0
configs/exp4/lru_2q.cfg,experiments/data/hot8_scan_c48_seed45.in,LRU 2Q,2,24 24,48,10000,7990,2010,0.799,7992,2008,0.7992,2
configs/exp4/lru_2q_2q.cfg,experiments/data/hot8_scan_c48_seed45.in,LRU 2Q 2Q,3,16 16 16,48,10000,7943,2057,0.7943,7992,2008,0.7992,49
configs/exp4/lru_2q_2q_2q.cfg,experiments/data/hot8_scan_c48_seed45.in,LRU 2Q 2Q 2Q,4,12 12 12 12,48,10000,7975,2025,0.7975,7992,2008,0.7992,17
configs/exp4/lru_2q_2q_arc.cfg,experiments/data/hot8_scan_c48_seed45.in,LRU 2Q 2Q ARC,4,12 12 12 12,48,10000,7973,2027,0.7973,7992,2008,0.7992,19
configs/exp4/lru_2q_2q_lfu.cfg,experiments/data/hot8_scan_c48_seed45.in,LRU 2Q 2Q LFU,4,12 12 12 12,48,10000,7973,2027,0.7973,7992,2008,0.7992,19
configs/exp4/lru_2q_2q_lirs.cfg,experiments/data/hot8_scan_c48_seed45.in,LRU 2Q 2Q LIRS,4,12 12 12 12,48,10000,7987,2013,0.7987,7992,2008,0.7992,5
configs/exp4/lru_2q_2q_lru.cfg,experiments/data/hot8_scan_c48_seed45.in,LRU 2Q 2Q LRU,4,12 12 12 12,48,10000,7973,2027,0.7973,7992,2008,0.7992,19
configs/exp4/lru_2q_arc.cfg,experiments/data/hot8_scan_c48_seed45.in,LRU 2Q ARC,3,16 16 16,48,10000,7943,2057,0.7943,7992,2008,0.7992,49
configs/exp4/lru_2q_arc_2q.cfg,experiments/data/hot8_scan_c48_seed45.in,LRU 2Q ARC 2Q,4,12 12 12 12,48,10000,7975,2025,0.7975,7992,2008,0.7992,17
configs/exp4/lru_2q_arc_arc.cfg,experiments/data/hot8_scan_c48_seed45.in,LRU 2Q ARC ARC,4,12 12 12 12,48,10000,7973,2027,0.7973,7992,2008,0.7992,19
configs/exp4/lru_2q_arc_lfu.cfg,experiments/data/hot8_scan_c48_seed45.in,LRU 2Q ARC LFU,4,12 12 12 12,48,10000,7973,2027,0.7973,7992,2008,0.7992,19
configs/exp4/lru_2q_arc_lirs.cfg,experiments/data/hot8_scan_c48_seed45.in,LRU 2Q ARC LIRS,4,12 12 12 12,48,10000,7987,2013,0.7987,7992,2008,0.7992,5
configs/exp4/lru_2q_arc_lru.cfg,experiments/data/hot8_scan_c48_seed45.in,LRU 2Q ARC LRU,4,12 12 12 12,48,10000,7973,2027,0.7973,7992,2008,0.7992,19
configs/exp4/lru_2q_lfu.cfg,experiments/data/hot8_scan_c48_seed45.in,LRU 2Q LFU,3,16 16 16,48,10000,7943,2057,0.7943,7992,2008,0.7992,49
configs/exp4/lru_2q_lfu_2q.cfg,experiments/data/hot8_scan_c48_seed45.in,LRU 2Q LFU 2Q,4,12 12 12 12,48,10000,7975,2025,0.7975,7992,2008,0.7992,17
configs/exp4/lru_2q_lfu_arc.cfg,experiments/data/hot8_scan_c48_seed45.in,LRU 2Q LFU ARC,4,12 12 12 12,48,10000,7973,2027,0.7973,7992,2008,0.7992,19
configs/exp4/lru_2q_lfu_lfu.cfg,experiments/data/hot8_scan_c48_seed45.in,LRU 2Q LFU LFU,4,12 12 12 12,48,10000,7973,2027,0.7973,7992,2008,0.7992,19
configs/exp4/lru_2q_lfu_lirs.cfg,experiments/data/hot8_scan_c48_seed45.in,LRU 2Q LFU LIRS,4,12 12 12 12,48,10000,7987,2013,0.7987,7992,2008,0.7992,5
configs/exp4/lru_2q_lfu_lru.cfg,experiments/data/hot8_scan_c48_seed45.in,LRU 2Q LFU LRU,4,12 12 12 12,48,10000,7973,2027,0.7973,7992,2008,0.7992,19
configs/exp4/lru_2q_lirs.cfg,experiments/data/hot8_scan_c48_seed45.in,LRU 2Q LIRS,3,16 16 16,48,10000,7992,2008,0.7992,7992,2008,0.7992,0
configs/exp4/lru_2q_lirs_2q.cfg,experiments/data/hot8_scan_c48_seed45.in,LRU 2Q LIRS 2Q,4,12 12 12 12,48,10000,7987,2013,0.7987,7992,2008,0.7992,5
configs/exp4/lru_2q_lirs_arc.cfg,experiments/data/hot8_scan_c48_seed45.in,LRU 2Q LIRS ARC,4,12 12 12 12,48,10000,7987,2013,0.7987,7992,2008,0.7992,5
configs/exp4/lru_2q_lirs_lfu.cfg,experiments/data/hot8_scan_c48_seed45.in,LRU 2Q LIRS LFU,4,12 12 12 12,48,10000,7987,2013,0.7987,7992,2008,0.7992,5
configs/exp4/lru_2q_lirs_lirs.cfg,experiments/data/hot8_scan_c48_seed45.in,LRU 2Q LIRS LIRS,4,12 12 12 12,48,10000,7987,2013,0.7987,7992,2008,0.7992,5
configs/exp4/lru_2q_lirs_lru.cfg,experiments/data/hot8_scan_c48_seed45.in,LRU 2Q LIRS LRU,4,12 12 12 12,48,10000,7987,2013,0.7987,7992,2008,0.7992,5
configs/exp4/lru_2q_lru.cfg,experiments/data/hot8_scan_c48_seed45.in,LRU 2Q LRU,3,16 16 16,48,10000,7943,2057,0.7943,7992,2008,0.7992,49
configs/exp4/lru_2q_lru_2q.cfg,experiments/data/hot8_scan_c48_seed45.in,LRU 2Q LRU 2Q,4,12 12 12 12,48,10000,7975,2025,0.7975,7992,2008,0.7992,17
configs/exp4/lru_2q_lru_arc.cfg,experiments/data/hot8_scan_c48_seed45.in,LRU 2Q LRU ARC,4,12 12 12 12,48,10000,7973,2027,0.7973,7992,2008,0.7992,19
configs/exp4/lru_2q_lru_lfu.cfg,experiments/data/hot8_scan_c48_seed45.in,LRU 2Q LRU LFU,4,12 12 12 12,48,10000,7973,2027,0.7973,7992,2008,0.7992,19
configs/exp4/lru_2q_lru_lirs.cfg,experiments/data/hot8_scan_c48_seed45.in,LRU 2Q LRU LIRS,4,12 12 12 12,48,10000,7987,2013,0.7987,7992,2008,0.7992,5
configs/exp4/lru_2q_lru_lru.cfg,experiments/data/hot8_scan_c48_seed45.in,LRU 2Q LRU LRU,4,12 12 12 12,48,10000,7973,2027,0.7973,7992,2008,0.7992,19
configs/exp4/lru_arc.cfg,experiments/data/hot8_scan_c48_seed45.in,LRU ARC,2,24 24,48,10000,7990,2010,0.799,7992,2008,0.7992,2
configs/exp4/lru_arc_2q.cfg,experiments/data/hot8_scan_c48_seed45.in,LRU ARC 2Q,3,16 16 16,48,10000,7943,2057,0.7943,7992,2008,0.7992,49
configs/exp4/lru_arc_2q_2q.cfg,experiments/data/hot8_scan_c48_seed45.in,LRU ARC 2Q 2Q,4,12 12 12 12,48,10000,7975,2025,0.7975,7992,2008,0.7992,17
configs/exp4/lru_arc_2q_arc.cfg,experiments/data/hot8_scan_c48_seed45.in,LRU ARC 2Q ARC,4,12 12 12 12,48,10000,7973,2027,0.7973,7992,2008,0.7992,19
configs/exp4/lru_arc_2q_lfu.cfg,experiments/data/hot8_scan_c48_seed45.in,LRU ARC 2Q LFU,4,12 12 12 12,48,10000,7973,2027,0.7973,7992,2008,0.7992,19
configs/exp4/lru_arc_2q_lirs.cfg,experiments/data/hot8_scan_c48_seed45.in,LRU ARC 2Q LIRS,4,12 12 12 12,48,10000,7987,2013,0.7987,7992,2008,0.7992,5
configs/exp4/lru_arc_2q_lru.cfg,experiments/data/hot8_scan_c48_seed45.in,LRU ARC 2Q LRU,4,12 12 12 12,48,10000,7973,2027,0.7973,7992,2008,0.7992,19
configs/exp4/lru_arc_arc.cfg,experiments/data/hot8_scan_c48_seed45.in,LRU ARC ARC,3,16 16 16,48,10000,7931,2069,0.7931,7992,2008,0.7992,61
configs/exp4/lru_arc_arc_2q.cfg,experiments/data/hot8_scan_c48_seed45.in,LRU ARC ARC 2Q,4,12 12 12 12,48,10000,7975,2025,0.7975,7992,2008,0.7992,17
configs/exp4/lru_arc_arc_arc.cfg,experiments/data/hot8_scan_c48_seed45.in,LRU ARC ARC ARC,4,12 12 12 12,48,10000,7973,2027,0.7973,7992,2008,0.7992,19
configs/exp4/lru_arc_arc_lfu.cfg,experiments/data/hot8_scan_c48_seed45.in,LRU ARC ARC LFU,4,12 12 12 12,48,10000,7973,2027,0.7973,7992,2008,0.7992,19
configs/exp4/lru_arc_arc_lirs.cfg,experiments/data/hot8_scan_c48_seed45.in,LRU ARC ARC LIRS,4,12 12 12 12,48,10000,7987,2013,0.7987,7992,2008,0.7992,5
configs/exp4/lru_arc_arc_lru.cfg,experiments/data/hot8_scan_c48_seed45.in,LRU ARC ARC LRU,4,12 12 12 12,48,10000,7973,2027,0.7973,7992,2008,0.7992,19
configs/exp4/lru_arc_lfu.cfg,experiments/data/hot8_scan_c48_seed45.in,LRU ARC LFU,3,16 16 16,48,10000,7931,2069,0.7931,7992,2008,0.7992,61
configs/exp4/lru_arc_lfu_2q.cfg,experiments/data/hot8_scan_c48_seed45.in,LRU ARC LFU 2Q,4,12 12 12 12,48,10000,7975,2025,0.7975,7992,2008,0.7992,17
configs/exp4/lru_arc_lfu_arc.cfg,experiments/data/hot8_scan_c48_seed45.in,LRU ARC LFU ARC,4,12 12 12 12,48,10000,7973,2027,0.7973,7992,2008,0.7992,19
configs/exp4/lru_arc_lfu_lfu.cfg,experiments/data/hot8_scan_c48_seed45.in,LRU ARC LFU LFU,4,12 12 12 12,48,10000,7973,2027,0.7973,7992,2008,0.7992,19
configs/exp4/lru_arc_lfu_lirs.cfg,experiments/data/hot8_scan_c48_seed45.in,LRU ARC LFU LIRS,4,12 12 12 12,48,10000,7987,2013,0.7987,7992,2008,0.7992,5
configs/exp4/lru_arc_lfu_lru.cfg,experiments/data/hot8_scan_c48_seed45.in,LRU ARC LFU LRU,4,12 12 12 12,48,10000,7973,2027,0.7973,7992,2008,0.7992,19
configs/exp4/lru_arc_lirs.cfg,experiments/data/hot8_scan_c48_seed45.in,LRU ARC LIRS,3,16 16 16,48,10000,7992,2008,0.7992,7992,2008,0.7992,0
configs/exp4/lru_arc_lirs_2q.cfg,experiments/data/hot8_scan_c48_seed45.in,LRU ARC LIRS 2Q,4,12 12 12 12,48,10000,7987,2013,0.7987,7992,2008,0.7992,5
configs/exp4/lru_arc_lirs_arc.cfg,experiments/data/hot8_scan_c48_seed45.in,LRU ARC LIRS ARC,4,12 12 12 12,48,10000,7987,2013,0.7987,7992,2008,0.7992,5
configs/exp4/lru_arc_lirs_lfu.cfg,experiments/data/hot8_scan_c48_seed45.in,LRU ARC LIRS LFU,4,12 12 12 12,48,10000,7987,2013,0.7987,7992,2008,0.7992,5
configs/exp4/lru_arc_lirs_lirs.cfg,experiments/data/hot8_scan_c48_seed45.in,LRU ARC LIRS LIRS,4,12 12 12 12,48,10000,7987,2013,0.7987,7992,2008,0.7992,5
configs/exp4/lru_arc_lirs_lru.cfg,experiments/data/hot8_scan_c48_seed45.in,LRU ARC LIRS LRU,4,12 12 12 12,48,10000,7987,2013,0.7987,7992,2008,0.7992,5
configs/exp4/lru_arc_lru.cfg,experiments/data/hot8_scan_c48_seed45.in,LRU ARC LRU,3,16 16 16,48,10000,7931,2069,0.7931,7992,2008,0.7992,61
configs/exp4/lru_arc_lru_2q.cfg,experiments/data/hot8_scan_c48_seed45.in,LRU ARC LRU 2Q,4,12 12 12 12,48,10000,7974,2026,0.7974,7992,2008,0.7992,18
configs/exp4/lru_arc_lru_arc.cfg,experiments/data/hot8_scan_c48_seed45.in,LRU ARC LRU ARC,4,12 12 12 12,48,10000,7972,2028,0.7972,7992,2008,0.7992,20
configs/exp4/lru_arc_lru_lfu.cfg,experiments/data/hot8_scan_c48_seed45.in,LRU ARC LRU LFU,4,12 12 12 12,48,10000,7972,2028,0.7972,7992,2008,0.7992,20
configs/exp4/lru_arc_lru_lirs.cfg,experiments/data/hot8_scan_c48_seed45.in,LRU ARC LRU LIRS,4,12 12 12 12,48,10000,7987,2013,0.7987,7992,2008,0.7992,5
configs/exp4/lru_arc_lru_lru.cfg,experiments/data/hot8_scan_c48_seed45.in,LRU ARC LRU LRU,4,12 12 12 12,48,10000,7972,2028,0.7972,7992,2008,0.7992,20
configs/exp4/lru_lfu.cfg,experiments/data/hot8_scan_c48_seed45.in,LRU LFU,2,24 24,48,10000,7990,2010,0.799,7992,2008,0.7992,2
configs/exp4/lru_lfu_2q.cfg,experiments/data/hot8_scan_c48_seed45.in,LRU LFU 2Q,3,16 16 16,48,10000,7944,2056,0.7944,7992,2008,0.7992,48
configs/exp4/lru_lfu_2q_2q.cfg,experiments/data/hot8_scan_c48_seed45.in,LRU LFU 2Q 2Q,4,12 12 12 12,48,10000,7975,2025,0.7975,7992,2008,0.7992,17
configs/exp4/lru_lfu_2q_arc.cfg,experiments/data/hot8_scan_c48_seed45.in,LRU LFU 2Q ARC,4,12 12 12 12,48,10000,7973,2027,0.7973,7992,2008,0.7992,19
configs/exp4/lru_lfu_2q_lfu.cfg,experiments/data/hot8_scan_c48_seed45.in,LRU LFU 2Q LFU,4,12 12 12 12,48,10000,7973,2027,0.7973,7992,2008,0.7992,19
configs/exp4/lru_lfu_2q_lirs.cfg,experiments/data/hot8_scan_c48_seed45.in,LRU LFU 2Q LIRS,4,12 12 12 12,48,10000,7987,2013,0.7987,7992,2008,0.7992,5
configs/exp4/lru_lfu_2q_lru.cfg,experiments/data/hot8_scan_c48_seed45.in,LRU LFU 2Q LRU,4,12 12 12 12,48,10000,7973,2027,0.7973,7992,2008,0.7992,19
configs/exp4/lru_lfu_arc.cfg,experiments/data/hot8_scan_c48_seed45.in,LRU LFU ARC,3,16 16 16,48,10000,7931,2069,0.7931,7992,2008,0.7992,61
configs/exp4/lru_lfu_arc_2q.cfg,experiments/data/hot8_scan_c48_seed45.in,LRU LFU ARC 2Q,4,12 12 12 12,48,10000,7975,2025,0.7975,7992,2008,0.7992,17
configs/exp4/lru_lfu_arc_arc.cfg,experiments/data/hot8_scan_c48_seed45.in,LRU LFU ARC ARC,4,12 12 12 12,48,10000,7973,2027,0.7973,7992,2008,0.7992,19
configs/exp4/lru_lfu_arc_lfu.cfg,experiments/data/hot8_scan_c48_seed45.in,LRU LFU ARC LFU,4,12 12 12 12,48,10000,7973,2027,0.7973,7992,2008,0.7992,19
configs/exp4/lru_lfu_arc_lirs.cfg,experiments/data/hot8_scan_c48_seed45.in,LRU LFU ARC LIRS,4,12 12 12 12,48,10000,7987,2013,0.7987,7992,2008,0.7992,5
configs/exp4/lru_lfu_arc_lru.cfg,experiments/data/hot8_scan_c48_seed45.in,LRU LFU ARC LRU,4,12 12 12 12,48,10000,7973,2027,0.7973,7992,2008,0.7992,19
configs/exp4/lru_lfu_lfu.cfg,experiments/data/hot8_scan_c48_seed45.in,LRU LFU LFU,3,16 16 16,48,10000,7931,2069,0.7931,7992,2008,0.7992,61
configs/exp4/lru_lfu_lfu_2q.cfg,experiments/data/hot8_scan_c48_seed45.in,LRU LFU LFU 2Q,4,12 12 12 12,48,10000,7975,2025,0.7975,7992,2008,0.7992,17
configs/exp4/lru_lfu_lfu_arc.cfg,experiments/data/hot8_scan_c48_seed45.in,LRU LFU LFU ARC,4,12 12 12 12,48,10000,7973,2027,0.7973,7992,2008,0.7992,19
configs/exp4/lru_lfu_lfu_lfu.cfg,experiments/data/hot8_scan_c48_seed45.in,LRU LFU LFU LFU,4,12 12 12 12,48,10000,7973,2027,0.7973,7992,2008,0.7992,19
configs/exp4/lru_lfu_lfu_lirs.cfg,experiments/data/hot8_scan_c48_seed45.in,LRU LFU LFU LIRS,4,12 12 12 12,48,10000,7987,2013,0.7987,7992,2008,0.7992,5
configs/exp4/lru_lfu_lfu_lru.cfg,experiments/data/hot8_scan_c48_seed45.in,LRU LFU LFU LRU,4,12 12 12 12,48,10000,7973,2027,0.7973,7992,2008,0.7992,19
configs/exp4/lru_lfu_lirs.cfg,experiments/data/hot8_scan_c48_seed45.in,LRU LFU LIRS,3,16 16 16,48,10000,7992,2008,0.7992,7992,2008,0.7992,0
configs/exp4/lru_lfu_lirs_2q.cfg,experiments/data/hot8_scan_c48_seed45.in,LRU LFU LIRS 2Q,4,12 12 12 12,48,10000,7987,2013,0.7987,7992,2008,0.7992,5
configs/exp4/lru_lfu_lirs_arc.cfg,experiments/data/hot8_scan_c48_seed45.in,LRU LFU LIRS ARC,4,12 12 12 12,48,10000,7987,2013,0.7987,7992,2008,0.7992,5
configs/exp4/lru_lfu_lirs_lfu.cfg,experiments/data/hot8_scan_c48_seed45.in,LRU LFU LIRS LFU,4,12 12 12 12,48,10000,7987,2013,0.7987,7992,2008,0.7992,5
configs/exp4/lru_lfu_lirs_lirs.cfg,experiments/data/hot8_scan_c48_seed45.in,LRU LFU LIRS LIRS,4,12 12 12 12,48,10000,7987,2013,0.7987,7992,2008,0.7992,5
configs/exp4/lru_lfu_lirs_lru.cfg,experiments/data/hot8_scan_c48_seed45.in,LRU LFU LIRS LRU,4,12 12 12 12,48,10000,7987,2013,0.7987,7992,2008,0.7992,5
configs/exp4/lru_lfu_lru.cfg,experiments/data/hot8_scan_c48_seed45.in,LRU LFU LRU,3,16 16 16,48,10000,7924,2076,0.7924,7992,2008,0.7992,68
configs/exp4/lru_lfu_lru_2q.cfg,experiments/data/hot8_scan_c48_seed45.in,LRU LFU LRU 2Q,4,12 12 12 12,48,10000,7956,2044,0.7956,7992,2008,0.7992,36
configs/exp4/lru_lfu_lru_arc.cfg,experiments/data/hot8_scan_c48_seed45.in,LRU LFU LRU ARC,4,12 12 12 12,48,10000,7893,2107,0.7893,7992,2008,0.7992,99
configs/exp4/lru_lfu_lru_lfu.cfg,experiments/data/hot8_scan_c48_seed45.in,LRU LFU LRU LFU,4,12 12 12 12,48,10000,7893,2107,0.7893,7992,2008,0.7992,99
configs/exp4/lru_lfu_lru_lirs.cfg,experiments/data/hot8_scan_c48_seed45.in,LRU LFU LRU LIRS,4,12 12 12 12,48,10000,7987,2013,0.7987,7992,2008,0.7992,5
configs/exp4/lru_lfu_lru_lru.cfg,experiments/data/hot8_scan_c48_seed45.in,LRU LFU LRU LRU,4,12 12 12 12,48,10000,7893,2107,0.7893,7992,2008,0.7992,99
configs/exp4/lru_lirs.cfg,experiments/data/hot8_scan_c48_seed45.in,LRU LIRS,2,24 24,48,10000,7992,2008,0.7992,7992,2008,0.7992,0
configs/exp4/lru_lirs_2q.cfg,experiments/data/hot8_scan_c48_seed45.in,LRU LIRS 2Q,3,16 16 16,48,10000,7992,2008,0.7992,7992,2008,0.7992,0
configs/exp4/lru_lirs_2q_2q.cfg,experiments/data/hot8_scan_c48_seed45.in,LRU LIRS 2Q 2Q,4,12 12 12 12,48,10000,7987,2013,0.7987,7992,2008,0.7992,5
configs/exp4/lru_lirs_2q_arc.cfg,experiments/data/hot8_scan_c48_seed45.in,LRU LIRS 2Q ARC,4,12 12 12 12,48,10000,7987,2013,0.7987,7992,2008,0.7992,5
configs/exp4/lru_lirs_2q_lfu.cfg,experiments/data/hot8_scan_c48_seed45.in,LRU LIRS 2Q LFU,4,12 12 12 12,48,10000,7987,2013,0.7987,7992,2008,0.7992,5
configs/exp4/lru_lirs_2q_lirs.cfg,experiments/data/hot8_scan_c48_seed45.in,LRU LIRS 2Q LIRS,4,12 12 12 12,48,10000,7987,2013,0.7987,7992,2008,0.7992,5
configs/exp4/lru_lirs_2q_lru.cfg,experiments/data/hot8_scan_c48_seed45.in,LRU LIRS 2Q LRU,4,12 12 12 12,48,10000,7987,2013,0.7987,7992,2008,0.7992,5
configs/exp4/lru_lirs_arc.cfg,experiments/data/hot8_scan_c48_seed45.in,LRU LIRS ARC,3,16 16 16,48,10000,7992,2008,0.7992,7992,2008,0.7992,0
configs/exp4/lru_lirs_arc_2q.cfg,experiments/data/hot8_scan_c48_seed45.in,LRU LIRS ARC 2Q,4,12 12 12 12,48,10000,7987,2013,0.7987,7992,2008,0.7992,5
configs/exp4/lru_lirs_arc_arc.cfg,experiments/data/hot8_scan_c48_seed45.in,LRU LIRS ARC ARC,4,12 12 12 12,48,10000,7987,2013,0.7987,7992,2008,0.7992,5
configs/exp4/lru_lirs_arc_lfu.cfg,experiments/data/hot8_scan_c48_seed45.in,LRU LIRS ARC LFU,4,12 12 12 12,48,10000,7987,2013,0.7987,7992,2008,0.7992,5
configs/exp4/lru_lirs_arc_lirs.cfg,experiments/data/hot8_scan_c48_seed45.in,LRU LIRS ARC LIRS,4,12 12 12 12,48,10000,7987,2013,0.7987,7992,2008,0.7992,5
configs/exp4/lru_lirs_arc_lru.cfg,experiments/data/hot8_scan_c48_seed45.in,LRU LIRS ARC LRU,4,12 12 12 12,48,10000,7987,2013,0.7987,7992,2008,0.7992,5
configs/exp4/lru_lirs_lfu.cfg,experiments/data/hot8_scan_c48_seed45.in,LRU LIRS LFU,3,16 16 16,48,10000,7992,2008,0.7992,7992,2008,0.7992,0
configs/exp4/lru_lirs_lfu_2q.cfg,experiments/data/hot8_scan_c48_seed45.in,LRU LIRS LFU 2Q,4,12 12 12 12,48,10000,7987,2013,0.7987,7992,2008,0.7992,5
configs/exp4/lru_lirs_lfu_arc.cfg,experiments/data/hot8_scan_c48_seed45.in,LRU LIRS LFU ARC,4,12 12 12 12,48,10000,7987,2013,0.7987,7992,2008,0.7992,5
configs/exp4/lru_lirs_lfu_lfu.cfg,experiments/data/hot8_scan_c48_seed45.in,LRU LIRS LFU LFU,4,12 12 12 12,48,10000,7987,2013,0.7987,7992,2008,0.7992,5
configs/exp4/lru_lirs_lfu_lirs.cfg,experiments/data/hot8_scan_c48_seed45.in,LRU LIRS LFU LIRS,4,12 12 12 12,48,10000,7987,2013,0.7987,7992,2008,0.7992,5
configs/exp4/lru_lirs_lfu_lru.cfg,experiments/data/hot8_scan_c48_seed45.in,LRU LIRS LFU LRU,4,12 12 12 12,48,10000,7987,2013,0.7987,7992,2008,0.7992,5
configs/exp4/lru_lirs_lirs.cfg,experiments/data/hot8_scan_c48_seed45.in,LRU LIRS LIRS,3,16 16 16,48,10000,7992,2008,0.7992,7992,2008,0.7992,0
configs/exp4/lru_lirs_lirs_2q.cfg,experiments/data/hot8_scan_c48_seed45.in,LRU LIRS LIRS 2Q,4,12 12 12 12,48,10000,7987,2013,0.7987,7992,2008,0.7992,5
configs/exp4/lru_lirs_lirs_arc.cfg,experiments/data/hot8_scan_c48_seed45.in,LRU LIRS LIRS ARC,4,12 12 12 12,48,10000,7987,2013,0.7987,7992,2008,0.7992,5
configs/exp4/lru_lirs_lirs_lfu.cfg,experiments/data/hot8_scan_c48_seed45.in,LRU LIRS LIRS LFU,4,12 12 12 12,48,10000,7987,2013,0.7987,7992,2008,0.7992,5
configs/exp4/lru_lirs_lirs_lirs.cfg,experiments/data/hot8_scan_c48_seed45.in,LRU LIRS LIRS LIRS,4,12 12 12 12,48,10000,7987,2013,0.7987,7992,2008,0.7992,5
configs/exp4/lru_lirs_lirs_lru.cfg,experiments/data/hot8_scan_c48_seed45.in,LRU LIRS LIRS LRU,4,12 12 12 12,48,10000,7987,2013,0.7987,7992,2008,0.7992,5
configs/exp4/lru_lirs_lru.cfg,experiments/data/hot8_scan_c48_seed45.in,LRU LIRS LRU,3,16 16 16,48,10000,7992,2008,0.7992,7992,2008,0.7992,0
configs/exp4/lru_lirs_lru_2q.cfg,experiments/data/hot8_scan_c48_seed45.in,LRU LIRS LRU 2Q,4,12 12 12 12,48,10000,7987,2013,0.7987,7992,2008,0.7992,5
configs/exp4/lru_lirs_lru_arc.cfg,experiments/data/hot8_scan_c48_seed45.in,LRU LIRS LRU ARC,4,12 12 12 12,48,10000,7987,2013,0.7987,7992,2008,0.7992,5
configs/exp4/lru_lirs_lru_lfu.cfg,experiments/data/hot8_scan_c48_seed45.in,LRU LIRS LRU LFU,4,12 12 12 12,48,10000,7987,2013,0.7987,7992,2008,0.7992,5
configs/exp4/lru_lirs_lru_lirs.cfg,experiments/data/hot8_scan_c48_seed45.in,LRU LIRS LRU LIRS,4,12 12 12 12,48,10000,7987,2013,0.7987,7992,2008,0.7992,5
configs/exp4/lru_lirs_lru_lru.cfg,experiments/data/hot8_scan_c48_seed45.in,LRU LIRS LRU LRU,4,12 12 12 12,48,10000,7987,2013,0.7987,7992,2008,0.7992,5
configs/exp4/lru_lru_2q.cfg,experiments/data/hot8_scan_c48_seed45.in,LRU LRU 2Q,3,16 16 16,48,10000,7936,2064,0.7936,7992,2008,0.7992,56
configs/exp4/lru_lru_2q_2q.cfg,experiments/data/hot8_scan_c48_seed45.in,LRU LRU 2Q 2Q,4,12 12 12 12,48,10000,7941,2059,0.7941,7992,2008,0.7992,51
configs/exp4/lru_lru_2q_arc.cfg,experiments/data/hot8_scan_c48_seed45.in,LRU LRU 2Q ARC,4,12 12 12 12,48,10000,7944,2056,0.7944,7992,2008,0.7992,48
configs/exp4/lru_lru_2q_lfu.cfg,experiments/data/hot8_scan_c48_seed45.in,LRU LRU 2Q LFU,4,12 12 12 12,48,10000,7944,2056,0.7944,7992,2008,0.7992,48
configs/exp4/lru_lru_2q_lirs.cfg,experiments/data/hot8_scan_c48_seed45.in,LRU LRU 2Q LIRS,4,12 12 12 12,48,10000,7987,2013,0.7987,7992,2008,0.7992,5
configs/exp4/lru_lru_2q_lru.cfg,experiments/data/hot8_scan_c48_seed45.in,LRU LRU 2Q LRU,4,12 12 12 12,48,10000,7945,2055,0.7945,7992,2008,0.7992,47
configs/exp4/lru_lru_arc.cfg,experiments/data/hot8_scan_c48_seed45.in,LRU LRU ARC,3,16 16 16,48,10000,7903,2097,0.7903,7992,2008,0.7992,89
configs/exp4/lru_lru_arc_2q.cfg,experiments/data/hot8_scan_c48_seed45.in,LRU LRU ARC 2Q,4,12 12 12 12,48,10000,7942,2058,0.7942,7992,2008,0.7992,50
configs/exp4/lru_lru_arc_arc.cfg,experiments/data/hot8_scan_c48_seed45.in,LRU LRU ARC ARC,4,12 12 12 12,48,10000,7890,2110,0.789,7992,2008,0.7992,102
configs/exp4/lru_lru_arc_lfu.cfg,experiments/data/hot8_scan_c48_seed45.in,LRU LRU ARC LFU,4,12 12 12 12,48,10000,7889,2111,0.7889,7992,2008,0.7992,103
configs/exp4/lru_lru_arc_lirs.cfg,experiments/data/hot8_scan_c48_seed45.in,LRU LRU ARC LIRS,4,12 12 12 12,48,10000,7987,2013,0.7987,7992,2008,0.7992,5
configs/exp4/lru_lru_arc_lru.cfg,experiments/data/hot8_scan_c48_seed45.in,LRU LRU ARC LRU,4,12 12 12 12,48,10000,7893,2107,0.7893,7992,2008,0.7992,99
configs/exp4/lru_lru_lfu.cfg,experiments/data/hot8_scan_c48_seed45.in,LRU LRU LFU,3,16 16 16,48,10000,7903,2097,0.7903,7992,2008,0.7992,89
configs/exp4/lru_lru_lfu_2q.cfg,experiments/data/hot8_scan_c48_seed45.in,LRU LRU LFU 2Q,4,12 12 12 12,48,10000,7942,2058,0.7942,7992,2008,0.7992,50
configs/exp4/lru_lru_lfu_arc.cfg,experiments/data/hot8_scan_c48_seed45.in,LRU LRU LFU ARC,4,12 12 12 12,48,10000,7889,2111,0.7889,7992,2008,0.7992,103
configs/exp4/lru_lru_lfu_lfu.cfg,experiments/data/hot8_scan_c48_seed45.in,LRU LRU LFU LFU,4,12 12 12 12,48,10000,7656,2344,0.7656,7992,2008,0.7992,336
configs/exp4/lru_lru_lfu_lirs.cfg,experiments/data/hot8_scan_c48_seed45.in,LRU LRU LFU LIRS,4,12 12 12 12,48,10000,7987,2013,0.7987,7992,2008,0.7992,5
configs/exp4/lru_lru_lfu_lru.cfg,experiments/data/hot8_scan_c48_seed45.in,LRU LRU LFU LRU,4,12 12 12 12,48,10000,7546,2454,0.7546,7992,2008,0.7992,446
configs/exp4/lru_lru_lirs.cfg,experiments/data/hot8_scan_c48_seed45.in,LRU LRU LIRS,3,16 16 16,48,10000,7992,2008,0.7992,7992,2008,0.7992,0
configs/exp4/lru_lru_lirs_2q.cfg,experiments/data/hot8_scan_c48_seed45.in,LRU LRU LIRS 2Q,4,12 12 12 12,48,10000,7987,2013,0.7987,7992,2008,0.7992,5
configs/exp4/lru_lru_lirs_arc.cfg,experiments/data/hot8_scan_c48_seed45.in,LRU LRU LIRS ARC,4,12 12 12 12,48,10000,7987,2013,0.7987,7992,2008,0.7992,5
configs/exp4/lru_lru_lirs_lfu.cfg,experiments/data/hot8_scan_c48_seed45.in,LRU LRU LIRS LFU,4,12 12 12 12,48,10000,7987,2013,0.7987,7992,2008,0.7992,5
configs/exp4/lru_lru_lirs_lirs.cfg,experiments/data/hot8_scan_c48_seed45.in,LRU LRU LIRS LIRS,4,12 12 12 12,48,10000,7987,2013,0.7987,7992,2008,0.7992,5
configs/exp4/lru_lru_lirs_lru.cfg,experiments/data/hot8_scan_c48_seed45.in,LRU LRU LIRS LRU,4,12 12 12 12,48,10000,7987,2013,0.7987,7992,2008,0.7992,5
configs/exp4/lru_lru_lru_2q.cfg,experiments/data/hot8_scan_c48_seed45.in,LRU LRU LRU 2Q,4,12 12 12 12,48,10000,7915,2085,0.7915,7992,2008,0.7992,77
configs/exp4/lru_lru_lru_arc.cfg,experiments/data/hot8_scan_c48_seed45.in,LRU LRU LRU ARC,4,12 12 12 12,48,10000,7449,2551,0.7449,7992,2008,0.7992,543
configs/exp4/lru_lru_lru_lfu.cfg,experiments/data/hot8_scan_c48_seed45.in,LRU LRU LRU LFU,4,12 12 12 12,48,10000,7449,2551,0.7449,7992,2008,0.7992,543
configs/exp4/lru_lru_lru_lirs.cfg,experiments/data/hot8_scan_c48_seed45.in,LRU LRU LRU LIRS,4,12 12 12 12,48,10000,7987,2013,0.7987,7992,2008,0.7992,5
configs/exp4/2q_2q_2q_arc.cfg,experiments/data/hot8_scan_c96_seed45.in,2Q 2Q 2Q ARC,4,24 24 24 24,96,10000,7992,2008,0.7992,7992,2008,0.7992,0
configs/exp4/2q_2q_2q_lfu.cfg,experiments/data/hot8_scan_c96_seed45.in,2Q 2Q 2Q LFU,4,24 24 24 24,96,10000,7992,2008,0.7992,7992,2008,0.7992,0
configs/exp4/2q_2q_2q_lirs.cfg,experiments/data/hot8_scan_c96_seed45.in,2Q 2Q 2Q LIRS,4,24 24 24 24,96,10000,7992,2008,0.7992,7992,2008,0.7992,0
configs/exp4/2q_2q_2q_lru.cfg,experiments/data/hot8_scan_c96_seed45.in,2Q 2Q 2Q LRU,4,24 24 24 24,96,10000,7992,2008,0.7992,7992,2008,0.7992,0
configs/exp4/2q_2q_arc.cfg,experiments/data/hot8_scan_c96_seed45.in,2Q 2Q ARC,3,32 32 32,96,10000,7992,2008,0.7992,7992,2008,0.7992,0
configs/exp4/2q_2q_arc_2q.cfg,experiments/data/hot8_scan_c96_seed45.in,2Q 2Q ARC 2Q,4,24 24 24 24,96,10000,7992,2008,0.7992,7992,2008,0.7992,0
configs/exp4/2q_2q_arc_arc.cfg,experiments/data/hot8_scan_c96_seed45.in,2Q 2Q ARC ARC,4,24 24 24 24,96,10000,7992,2008,0.7992,7992,2008,0.7992,0
configs/exp4/2q_2q_arc_lfu.cfg,experiments/data/hot8_scan_c96_seed45.in,2Q 2Q ARC LFU,4,24 24 24 24,96,10000,7992,2008,0.7992,7992,2008,0.7992,0
configs/exp4/2q_2q_arc_lirs.cfg,experiments/data/hot8_scan_c96_seed45.in,2Q 2Q ARC LIRS,4,24 24 24 24,96,10000,7992,2008,0.7992,7992,2008,0.7992,0
configs/exp4/2q_2q_arc_lru.cfg,experiments/data/hot8_scan_c96_seed45.in,2Q 2Q ARC LRU,4,24 24 24 24,96,10000,7992,2008,0.7992,7992,2008,0.7992,0
configs/exp4/2q_2q_lfu.cfg,experiments/data/hot8_scan_c96_seed45.in,2Q 2Q LFU,3,32 32 32,96,10000,7992,2008,0.7992,7992,2008,0.7992,0
configs/exp4/2q_2q_lfu_2q.cfg,experiments/data/hot8_scan_c96_seed45.in,2Q 2Q LFU 2Q,4,24 24 24 24,96,10000,7992,2008,0.7992,7992,2008,0.7992,0
configs/exp4/2q_2q_lfu_arc.cfg,experiments/data/hot8_scan_c96_seed45.in,2Q 2Q LFU ARC,4,24 24 24 24,96,10000,7992,2008,0.7992,7992,2008,0.7992,0
configs/exp4/2q_2q_lfu_lfu.cfg,experiments/data/hot8_scan_c96_seed45.in,2Q 2Q LFU LFU,4,24 24 24 24,96,10000,7992,2008,0.7992,7992,2008,0.7992,0
configs/exp4/2q_2q_lfu_lirs.cfg,experiments/data/hot8_scan_c96_seed45.in,2Q 2Q LFU LIRS,4,24 24 24 24,96,10000,7992,2008,0.7992,7992,2008,0.7992,0
configs/exp4/2q_2q_lfu_lru.cfg,experiments/data/hot8_scan_c96_seed45.in,2Q 2Q LFU LRU,4,24 24 24 24,96,10000,7992,2008,0.7992,7992,2008,0.7992,0
configs/exp4/2q_2q_lirs.cfg,experiments/data/hot8_scan_c96_seed45.in,2Q 2Q LIRS,3,32 32 32,96,10000,7992,2008,0.7992,7992,2008,0.7992,0
configs/exp4/2q_2q_lirs_2q.cfg,experiments/data/hot8_scan_c96_seed45.in,2Q 2Q LIRS 2Q,4,24 24 24 24,96,10000,7992,2008,0.7992,7992,2008,0.7992,0
configs/exp4/2q_2q_lirs_arc.cfg,experiments/data/hot8_scan_c96_seed45.in,2Q 2Q LIRS ARC,4,24 24 24 24,96,10000,7992,2008,0.7992,7992,2008,0.7992,0
configs/exp4/2q_2q_lirs_lfu.cfg,experiments/data/hot8_scan_c96_seed45.in,2Q 2Q LIRS LFU,4,24 24 24 24,96,10000,7992,2008,0.7992,7992,2008,0.7992,0
configs/exp4/2q_2q_lirs_lirs.cfg,experiments/data/hot8_scan_c96_seed45.in,2Q 2Q LIRS LIRS,4,24 24 24 24,96,10000,7992,2008,0.7992,7992,2008,0.7992,0
configs/exp4/2q_2q_lirs_lru.cfg,experiments/data/hot8_scan_c96_seed45.in,2Q 2Q LIRS LRU,4,24 24 24 24,96,10000,7992,2008,0.7992,7992,2008,0.7992,0
configs/exp4/2q_2q_lru.cfg,experiments/data/hot8_scan_c96_seed45.in,2Q 2Q LRU,3,32 32 32,96,10000,7992,2008,0.7992,7992,2008,0.7992,0
configs/exp4/2q_2q_lru_2q.cfg,experiments/data/hot8_scan_c96_seed45.in,2Q 2Q LRU 2Q,4,24 24 24 24,96,10000,7992,2008,0.7992,7992,2008,0.7992,0
configs/exp4/2q_2q_lru_arc.cfg,experiments/data/hot8_scan_c96_seed45.in,2Q 2Q LRU ARC,4,24 24 24 24,96,10000,7992,2008,0.7992,7992,2008,0.7992,0
configs/exp4/2q_2q_lru_lfu.cfg,experiments/data/hot8_scan_c96_seed45.in,2Q 2Q LRU LFU,4,24 24 24 24,96,10000,7992,2008,0.7992,7992,2008,0.7992,0
configs/exp4/2q_2q_lru_lirs.cfg,experiments/data/hot8_scan_c96_seed45.in,2Q 2Q LRU LIRS,4,24 24 24 24,96,10000,7992,2008,0.7992,7992,2008,0.7992,0
configs/exp4/2q_2q_lru_lru.cfg,experiments/data/hot8_scan_c96_seed45.in,2Q 2Q LRU LRU,4,24 24 24 24,96,10000,7992,2008,0.7992,7992,2008,0.7992,0
configs/exp4/2q_arc.cfg,experiments/data/hot8_scan_c96_seed45.in,2Q ARC,2,48 48,96,10000,7992,2008,0.7992,7992,2008,0.7992,0
configs/exp4/2q_arc_2q.cfg,experiments/data/hot8_scan_c96_seed45.in,2Q ARC 2Q,3,32 32 32,96,10000,7992,2008,0.7992,7992,2008,0.7992,0
configs/exp4/2q_arc_2q_2q.cfg,experiments/data/hot8_scan_c96_seed45.in,2Q ARC 2Q 2Q,4,24 24 24 24,96,10000,7992,2008,0.7992,7992,2008,0.7992,0
configs/exp4/2q_arc_2q_arc.cfg,experiments/data/hot8_scan_c96_seed45.in,2Q ARC 2Q ARC,4,24 24 24 24,96,10000,7992,2008,0.7992,7992,2008,0.7992,0
configs/exp4/2q_arc_2q_lfu.cfg,experiments/data/hot8_scan_c96_seed45.in,2Q ARC 2Q LFU,4,24 24 24 24,96,10000,7992,2008,0.7992,7992,2008,0.7992,0
configs/exp4/2q_arc_2q_lirs.cfg,experiments/data/hot8_scan_c96_seed45.in,2Q ARC 2Q LIRS,4,24 24 24 24,96,10000,7992,2008,0.7992,7992,2008,0.7992,0
configs/exp4/2q_arc_2q_lru.cfg,experiments/data/hot8_scan_c96_seed45.in,2Q ARC 2Q LRU,4,24 24 24 24,96,10000,7992,2008,0.7992,7992,2008,0.7992,0
configs/exp4/2q_arc_arc.cfg,experiments/data/hot8_scan_c96_seed45.in,2Q ARC ARC,3,32 32 32,96,10000,7992,2008,0.7992,7992,2008,0.7992,0
configs/exp4/2q_arc_arc_2q.cfg,experiments/data/hot8_scan_c96_seed45.in,2Q ARC ARC 2Q,4,24 24 24 24,96,10000,7992,2008,0.7992,7992,2008,0.7992,0
configs/exp4/2q_arc_arc_arc.cfg,experiments/data/hot8_scan_c96_seed45.in,2Q ARC ARC ARC,4,24 24 24 24,96,10000,7992,2008,0.7992,7992,2008,0.7992,0
configs/exp4/2q_arc_arc_lfu.cfg,experiments/data/hot8_scan_c96_seed45.in,2Q ARC ARC LFU,4,24 24 24 24,96,10000,7992,2008,0.7992,7992,2008,0.7992,0
configs/exp4/2q_arc_arc_lirs.cfg,experiments/data/hot8_scan_c96_seed45.in,2Q ARC ARC LIRS,4,24 24 24 24,96,10000,7992,2008,0.7992,7992,2008,0.7992,0
configs/exp4/2q_arc_arc_lru.cfg,experiments/data/hot8_scan_c96_seed45.in,2Q ARC ARC LRU,4,24 24 24 24,96,10000,7992,2008,0.7992,7992,2008,0.7992,0
configs/exp4/2q_arc_lfu.cfg,experiments/data/hot8_scan_c96_seed45.in,2Q ARC LFU,3,32 32 32,96,10000,7992,2008,0.7992,7992,2008,0.7992,0
configs/exp4/2q_arc_lfu_2q.cfg,experiments/data/hot8_scan_c96_seed45.in,2Q ARC LFU 2Q,4,24 24 24 24,96,10000,7992,2008,0.7992,7992,2008,0.7992,0
configs/exp4/2q_arc_lfu_arc.cfg,experiments/data/hot8_scan_c96_seed45.in,2Q ARC LFU ARC,4,24 24 24 24,96,10000,7992,2008,0.7992,7992,2008,0.7992,0
configs/exp4/2q_arc_lfu_lfu.cfg,experiments/data/hot8_scan_c96_seed45.in,2Q ARC LFU LFU,4,24 24 24 24,96,10000,7992,2008,0.7992,7992,2008,0.7992,0
configs/exp4/2q_arc_lfu_lirs.cfg,experiments/data/hot8_scan_c96_seed45.in,2Q ARC LFU LIRS,4,24 24 24 24,96,10000,7992,2008,0.7992,7992,2008,0.7992,0
configs/exp4/2q_arc_lfu_lru.cfg,experiments/data/hot8_scan_c96_seed45.in,2Q ARC LFU LRU,4,24 24 24 24,96,10000,7992,2008,0.7992,7992,2008,0.7992,0
configs/exp4/2q_arc_lirs.cfg,experiments/data/hot8_scan_c96_seed45.in,2Q ARC LIRS,3,32 32 32,96,10000,7992,2008,0.7992,7992,2008,0.7992,0
configs/exp4/2q_arc_lirs_2q.cfg,experiments/data/hot8_scan_c96_seed45.in,2Q ARC LIRS 2Q,4,24 24 24 24,96,10000,7992,2008,0.7992,7992,2008,0.7992,0
configs/exp4/2q_arc_lirs_arc.cfg,experiments/data/hot8_scan_c96_seed45.in,2Q ARC LIRS ARC,4,24 24 24 24,96,10000,7992,2008,0.7992,7992,2008,0.7992,0
configs/exp4/2q_arc_lirs_lfu.cfg,experiments/data/hot8_scan_c96_seed45.in,2Q ARC LIRS LFU,4,24 24 24 24,96,10000,7992,2008,0.7992,7992,2008,0.7992,0
configs/exp4/2q_arc_lirs_lirs.cfg,experiments/data/hot8_scan_c96_seed45.in,2Q ARC LIRS LIRS,4,24 24 24 24,96,10000,7992,2008,0.7992,7992,2008,0.7992,0
configs/exp4/2q_arc_lirs_lru.cfg,experiments/data/hot8_scan_c96_seed45.in,2Q ARC LIRS LRU,4,24 24 24 24,96,10000,7992,2008,0.7992,7992,2008,0.7992,0
configs/exp4/2q_arc_lru.cfg,experiments/data/hot8_scan_c96_seed45.in,2Q ARC LRU,3,32 32 32,96,10000,7992,2008,0.7992,7992,2008,0.7992,0
configs/exp4/2q_arc_lru_2q.cfg,experiments/data/hot8_scan_c96_seed45.in,2Q ARC LRU 2Q,4,24 24 24 24,96,10000,7992,2008,0.7992,7992,2008,0.7992,0
configs/exp4/2q_arc_lru_arc.cfg,experiments/data/hot8_scan_c96_seed45.in,2Q ARC LRU ARC,4,24 24 24 24,96,10000,7992,2008,0.7992,7992,2008,0.7992,0
configs/exp4/2q_arc_lru_lfu.cfg,experiments/data/hot8_scan_c96_seed45.in,2Q ARC LRU LFU,4,24 24 24 24,96,10000,7992,2008,0.7992,7992,2008,0.7992,0
configs/exp4/2q_arc_lru_lirs.cfg,experiments/data/hot8_scan_c96_seed45.in,2Q ARC LRU LIRS,4,24 24 24 24,96,10000,7992,2008,0.7992,7992,2008,0.7992,0
configs/exp4/2q_arc_lru_lru.cfg,experiments/data/hot8_scan_c96_seed45.in,2Q ARC LRU LRU,4,24 24 24 24,96,10000,7992,2008,0.7992,7992,2008,0.7992,0
configs/exp4/2q_lfu.cfg,experiments/data/hot8_scan_c96_seed45.in,2Q LFU,2,48 48,96,10000,7992,2008,0.7992,7992,2008,0.7992,0
configs/exp4/2q_lfu_2q.cfg,experiments/data/hot8_scan_c96_seed45.in,2Q LFU 2Q,3,32 32 32,96,10000,7992,2008,0.7992,7992,2008,0.7992,0
configs/exp4/2q_lfu_2q_2q.cfg,experiments/data/hot8_scan_c96_seed45.in,2Q LFU 2Q 2Q,4,24 24 24 24,96,10000,7992,2008,0.7992,7992,2008,0.7992,0
configs/exp4/2q_lfu_2q_arc.cfg,experiments/data/hot8_scan_c96_seed45.in,2Q LFU 2Q ARC,4,24 24 24 24,96,10000,7992,2008,0.7992,7992,2008,0.7992,0
configs/exp4/2q_lfu_2q_lfu.cfg,experiments/data/hot8_scan_c96_seed45.in,2Q LFU 2Q LFU,4,24 24 24 24,96,10000,7992,2008,0.7992,7992,2008,0.7992,0
configs/exp4/2q_lfu_2q_lirs.cfg,experiments/data/hot8_scan_c96_seed45.in,2Q LFU 2Q LIRS,4,24 24 24 24,96,10000,7992,2008,0.7992,7992,2008,0.7992,0
configs/exp4/2q_lfu_2q_lru.cfg,experiments/data/hot8_scan_c96_seed45.in,2Q LFU 2Q LRU,4,24 24 24 24,96,10000,7992,2008,0.7992,7992,2008,0.7992,0
configs/exp4/2q_lfu_arc.cfg,experiments/data/hot8_scan_c96_seed45.in,2Q LFU ARC,3,32 32 32,96,10000,7992,2008,0.7992,7992,2008,0.7992,0
configs/exp4/2q_lfu_arc_2q.cfg,experiments/data/hot8_scan_c96_seed45.in,2Q LFU ARC 2Q,4,24 24 24 24,96,10000,7992,2008,0.7992,7992,2008,0.7992,0
configs/exp4/2q_lfu_arc_arc.cfg,experiments/data/hot8_scan_c96_seed45.in,2Q LFU ARC ARC,4,24 24 24 24,96,10000,7992,2008,0.7992,7992,2008,0.7992,0
configs/exp4/2q_lfu_arc_lfu.cfg,experiments/data/hot8_scan_c96_seed45.in,2Q LFU ARC LFU,4,24 24 24 24,96,10000,7992,2008,0.7992,7992,2008,0.7992,0
configs/exp4/2q_lfu_arc_lirs.cfg,experiments/data/hot8_scan_c96_seed45.in,2Q LFU ARC LIRS,4,24 24 24 24,96,10000,7992,2008,0.7992,7992,2008,0.7992,0
configs/exp4/2q_lfu_arc_lru.cfg,experiments/data/hot8_scan_c96_seed45.in,2Q LFU ARC LRU,4,24 24 24 24,96,10000,7992,2008,0.7992,7992,2008,0.7992,0
configs/exp4/2q_lfu_lfu.cfg,experiments/data/hot8_scan_c96_seed45.in,2Q LFU LFU,3,32 32 32,96,10000,7992,2008,0.7992,7992,2008,0.7992,0
configs/exp4/2q_lfu_lfu_2q.cfg,experiments/data/hot8_scan_c96_seed45.in,2Q LFU LFU 2Q,4,24 24 24 24,96,10000,7992,2008,0.7992,7992,2008,0.7992,0
configs/exp4/2q_lfu_lfu_arc.cfg,experiments/data/hot8_scan_c96_seed45.in,2Q LFU LFU ARC,4,24 24 24 24,96,10000,7992,2008,0.7992,7992,2008,0.7992,0
configs/exp4/2q_lfu_lfu_lfu.cfg,experiments/data/hot8_scan_c96_seed45.in,2Q LFU LFU LFU,4,24 24 24 24,96,10000,7992,2008,0.7992,7992,2008,0.7992,0
configs/exp4/2q_lfu_lfu_lirs.cfg,experiments/data/hot8_scan_c96_seed45.in,2Q LFU LFU LIRS,4,24 24 24 24,96,10000,7992,2008,0.7992,7992,2008,0.7992,0
configs/exp4/2q_lfu_lfu_lru.cfg,experiments/data/hot8_scan_c96_seed45.in,2Q LFU LFU LRU,4,24 24 24 24,96,10000,7992,2008,0.7992,7992,2008,0.7992,0
configs/exp4/2q_lfu_lirs.cfg,experiments/data/hot8_scan_c96_seed45.in,2Q LFU LIRS,3,32 32 32,96,10000,7992,2008,0.7992,7992,2008,0.7992,0
configs/exp4/2q_lfu_lirs_2q.cfg,experiments/data/hot8_scan_c96_seed45.in,2Q LFU LIRS 2Q,4,24 24 24 24,96,10000,7992,2008,0.7992,7992,2008,0.7992,0
configs/exp4/2q_lfu_lirs_arc.cfg,experiments/data/hot8_scan_c96_seed45.in,2Q LFU LIRS ARC,4,24 24 24 24,96,10000,7992,2008,0.7992,7992,2008,0.7992,0
configs/exp4/2q_lfu_lirs_lfu.cfg,experiments/data/hot8_scan_c96_seed45.in,2Q LFU LIRS LFU,4,24 24 24 24,96,10000,7992,2008,0.7992,7992,2008,0.7992,0
configs/exp4/2q_lfu_lirs_lirs.cfg,experiments/data/hot8_scan_c96_seed45.in,2Q LFU LIRS LIRS,4,24 24 24 24,96,10000,7992,2008,0.7992,7992,2008,0.7992,0
configs/exp4/2q_lfu_lirs_lru.cfg,experiments/data/hot8_scan_c96_seed45.in,2Q LFU LIRS LRU,4,24 24 24 24,96,10000,7992,2008,0.7992,7992,2008,0.7992,0
configs/exp4/2q_lfu_lru.cfg,experiments/data/hot8_scan_c96_seed45.in,2Q LFU LRU,3,32 32 32,96,10000,7992,2008,0.7992,7992,2008,0.7992,0
configs/exp4/2q_lfu_lru_2q.cfg,experiments/data/hot8_scan_c96_seed45.in,2Q LFU LRU 2Q,4,24 24 24 24,96,10000,7992,2008,0.7992,7992,2008,0.7992,0
configs/exp4/2q_lfu_lru_arc.cfg,experiments/data/hot8_scan_c96_seed45.in,2Q LFU LRU ARC,4,24 24 24 24,96,10000,7992,2008,0.7992,7992,2008,0.7992,0
configs/exp4/2q_lfu_lru_lfu.cfg,experiments/data/hot8_scan_c96_seed45.in,2Q LFU LRU LFU,4,24 24 24 24,96,10000,7992,2008,0.7992,7992,2008,0.7992,0
configs/exp4/2q_lfu_lru_lirs.cfg,experiments/data/hot8_scan_c96_seed45.in,2Q LFU LRU LIRS,4,24 24 24 24,96,10000,7992,2008,0.7992,7992,2008,0.7992,0
configs/exp4/2q_lfu_lru_lru.cfg,experiments/data/hot8_scan_c96_seed45.in,2Q LFU LRU LRU,4,24 24 24 24,96,10000,7992,2008,0.7992,7992,2008,0.7992,0
configs/exp4/2q_lirs.cfg,experiments/data/hot8_scan_c96_seed45.in,2Q LIRS,2,48 48,96,10000,7992,2008,0.7992,7992,2008,0.7992,0
configs/exp4/2q_lirs_2q.cfg,experiments/data/hot8_scan_c96_seed45.in,2Q LIRS 2Q,3,32 32 32,96,10000,7992,2008,0.7992,7992,2008,0.7992,0
configs/exp4/2q_lirs_2q_2q.cfg,experiments/data/hot8_scan_c96_seed45.in,2Q LIRS 2Q 2Q,4,24 24 24 24,96,10000,7992,2008,0.7992,7992,2008,0.7992,0
configs/exp4/2q_lirs_2q_arc.cfg,experiments/data/hot8_scan_c96_seed45.in,2Q LIRS 2Q ARC,4,24 24 24 24,96,10000,7992,2008,0.7992,7992,2008,0.7992,0
configs/exp4/2q_lirs_2q_lfu.cfg,experiments/data/hot8_scan_c96_seed45.in,2Q LIRS 2Q LFU,4,24 24 24 24,96,10000,7992,2008,0.7992,7992,2008,0.7992,0
configs/exp4/2q_lirs_2q_lirs.cfg,experiments/data/hot8_scan_c96_seed45.in,2Q LIRS 2Q LIRS,4,24 24 24 24,96,10000,7992,2008,0.7992,7992,2008,0.7992,0
configs/exp4/2q_lirs_2q_lru.cfg,experiments/data/hot8_scan_c96_seed45.in,2Q LIRS 2Q LRU,4,24 24 24 24,96,10000,7992,2008,0.7992,7992,2008,0.7992,0
configs/exp4/2q_lirs_arc.cfg,experiments/data/hot8_scan_c96_seed45.in,2Q LIRS ARC,3,32 32 32,96,10000,7992,2008,0.7992,7992,2008,0.7992,0
configs/exp4/2q_lirs_arc_2q.cfg,experiments/data/hot8_scan_c96_seed45.in,2Q LIRS ARC 2Q,4,24 24 24 24,96,10000,7992,2008,0.7992,7992,2008,0.7992,0
configs/exp4/2q_lirs_arc_arc.cfg,experiments/data/hot8_scan_c96_seed45.in,2Q LIRS ARC ARC,4,24 24 24 24,96,10000,7992,2008,0.7992,7992,2008,0.7992,0
configs/exp4/2q_lirs_arc_lfu.cfg,experiments/data/hot8_scan_c96_seed45.in,2Q LIRS ARC LFU,4,24 24 24 24,96,10000,7992,2008,0.7992,7992,2008,0.7992,0
configs/exp4/2q_lirs_arc_lirs.cfg,experiments/data/hot8_scan_c96_seed45.in,2Q LIRS ARC LIRS,4,24 24 24 24,96,10000,7992,2008,0.7992,7992,2008,0.7992,0
configs/exp4/2q_lirs_arc_lru.cfg,experiments/data/hot8_scan_c96_seed45.in,2Q LIRS ARC LRU,4,24 24 24 24,96,10000,7992,2008,0.7992,7992,2008,0.7992,0
configs/exp4/2q_lirs_lfu.cfg,experiments/data/hot8_scan_c96_seed45.in,2Q LIRS LFU,3,32 32 32,96,10000,7992,2008,0.7992,7992,2008,0.7992,0
configs/exp4/2q_lirs_lfu_2q.cfg,experiments/data/hot8_scan_c96_seed45.in,2Q LIRS LFU 2Q,4,24 24 24 24,96,10000,7992,2008,0.7992,7992,2008,0.7992,0
configs/exp4/2q_lirs_lfu_arc.cfg,experiments/data/hot8_scan_c96_seed45.in,2Q LIRS LFU ARC,4,24 24 24 24,96,10000,7992,2008,0.7992,7992,2008,0.7992,0
configs/exp4/2q_lirs_lfu_lfu.cfg,experiments/data/hot8_scan_c96_seed45.in,2Q LIRS LFU LFU,4,24 24 24 24,96,10000,7992,2008,0.7992,7992,2008,0.7992,0
configs/exp4/2q_lirs_lfu_lirs.cfg,experiments/data/hot8_scan_c96_seed45.in,2Q LIRS LFU LIRS,4,24 24 24 24,96,10000,7992,2008,0.7992,7992,2008,0.7992,0
configs/exp4/2q_lirs_lfu_lru.cfg,experiments/data/hot8_scan_c96_seed45.in,2Q LIRS LFU LRU,4,24 24 24 24,96,10000,7992,2008,0.7992,7992,2008,0.7992,0
configs/exp4/2q_lirs_lirs.cfg,experiments/data/hot8_scan_c96_seed45.in,2Q LIRS LIRS,3,32 32 32,96,10000,7992,2008,0.7992,7992,2008,0.7992,0
configs/exp4/2q_lirs_lirs_2q.cfg,experiments/data/hot8_scan_c96_seed45.in,2Q LIRS LIRS 2Q,4,24 24 24 24,96,10000,7992,2008,0.7992,7992,2008,0.7992,0
configs/exp4/2q_lirs_lirs_arc.cfg,experiments/data/hot8_scan_c96_seed45.in,2Q LIRS LIRS ARC,4,24 24 24 24,96,10000,7992,2008,0.7992,7992,2008,0.7992,0
configs/exp4/2q_lirs_lirs_lfu.cfg,experiments/data/hot8_scan_c96_seed45.in,2Q LIRS LIRS LFU,4,24 24 24 24,96,10000,7992,2008,0.7992,7992,2008,0.7992,0
configs/exp4/2q_lirs_lirs_lirs.cfg,experiments/data/hot8_scan_c96_seed45.in,2Q LIRS LIRS LIRS,4,24 24 24 24,96,10000,7992,2008,0.7992,7992,2008,0.7992,0
configs/exp4/2q_lirs_lirs_lru.cfg,experiments/data/hot8_scan_c96_seed45.in,2Q LIRS LIRS LRU,4,24 24 24 24,96,10000,7992,2008,0.7992,7992,2008,0.7992,0
configs/exp4/2q_lirs_lru.cfg,experiments/data/hot8_scan_c96_seed45.in,2Q LIRS LRU,3,32 32 32,96,10000,7992,2008,0.7992,7992,2008,0.7992,0
configs/exp4/2q_lirs_lru_2q.cfg,experiments/data/hot8_scan_c96_seed45.in,2Q LIRS LRU 2Q,4,24 24 24 24,96,10000,7992,2008,0.7992,7992,2008,0.7992,0
configs/exp4/2q_lirs_lru_arc.cfg,experiments/data/hot8_scan_c96_seed45.in,2Q LIRS LRU ARC,4,24 24 24 24,96,10000,7992,2008,0.7992,7992,2008,0.7992,0
configs/exp4/2q_lirs_lru_lfu.cfg,experiments/data/hot8_scan_c96_seed45.in,2Q LIRS LRU LFU,4,24 24 24 24,96,10000,7992,2008,0.7992,7992,2008,0.7992,0
configs/exp4/2q_lirs_lru_lirs.cfg,experiments/data/hot8_scan_c96_seed45.in,2Q LIRS LRU LIRS,4,24 24 24 24,96,10000,7992,2008,0.7992,7992,2008,0.7992,0
configs/exp4/2q_lirs_lru_lru.cfg,experiments/data/hot8_scan_c96_seed45.in,2Q LIRS LRU LRU,4,24 24 24 24,96,10000,7992,2008,0.7992,7992,2008,0.7992,0
configs/exp4/2q_lru.cfg,experiments/data/hot8_scan_c96_seed45.in,2Q LRU,2,48 48,96,10000,7992,2008,0.7992,7992,2008,0.7992,0
configs/exp4/2q_lru_2q.cfg,experiments/data/hot8_scan_c96_seed45.in,2Q LRU 2Q,3,32 32 32,96,10000,7992,2008,0.7992,7992,2008,0.7992,0
configs/exp4/2q_lru_2q_2q.cfg,experiments/data/hot8_scan_c96_seed45.in,2Q LRU 2Q 2Q,4,24 24 24 24,96,10000,7992,2008,0.7992,7992,2008,0.7992,0
configs/exp4/2q_lru_2q_arc.cfg,experiments/data/hot8_scan_c96_seed45.in,2Q LRU 2Q ARC,4,24 24 24 24,96,10000,7992,2008,0.7992,7992,2008,0.7992,0
configs/exp4/2q_lru_2q_lfu.cfg,experiments/data/hot8_scan_c96_seed45.in,2Q LRU 2Q LFU,4,24 24 24 24,96,10000,7992,2008,0.7992,7992,2008,0.7992,0
configs/exp4/2q_lru_2q_lirs.cfg,experiments/data/hot8_scan_c96_seed45.in,2Q LRU 2Q LIRS,4,24 24 24 24,96,10000,7992,2008,0.7992,7992,2008,0.7992,0
configs/exp4/2q_lru_2q_lru.cfg,experiments/data/hot8_scan_c96_seed45.in,2Q LRU 2Q LRU,4,24 24 24 24,96,10000,7992,2008,0.7992,7992,2008,0.7992,0
configs/exp4/2q_lru_arc.cfg,experiments/data/hot8_scan_c96_seed45.in,2Q LRU ARC,3,32 32 32,96,10000,7992,2008,0.7992,7992,2008,0.7992,0
configs/exp4/2q_lru_arc_2q.cfg,experiments/data/hot8_scan_c96_seed45.in,2Q LRU ARC 2Q,4,24 24 24 24,96,10000,7992,2008,0.7992,7992,2008,0.7992,0
configs/exp4/2q_lru_arc_arc.cfg,experiments/data/hot8_scan_c96_seed45.in,2Q LRU ARC ARC,4,24 24 24 24,96,10000,7992,2008,0.7992,7992,2008,0.7992,0
configs/exp4/2q_lru_arc_lfu.cfg,experiments/data/hot8_scan_c96_seed45.in,2Q LRU ARC LFU,4,24 24 24 24,96,10000,7992,2008,0.7992,7992,2008,0.7992,0
configs/exp4/2q_lru_arc_lirs.cfg,experiments/data/hot8_scan_c96_seed45.in,2Q LRU ARC LIRS,4,24 24 24 24,96,10000,7992,2008,0.7992,7992,2008,0.7992,0
configs/exp4/2q_lru_arc_lru.cfg,experiments/data/hot8_scan_c96_seed45.in,2Q LRU ARC LRU,4,24 24 24 24,96,10000,7992,2008,0.7992,7992,2008,0.7992,0
configs/exp4/2q_lru_lfu.cfg,experiments/data/hot8_scan_c96_seed45.in,2Q LRU LFU,3,32 32 32,96,10000,7992,2008,0.7992,7992,2008,0.7992,0
configs/exp4/2q_lru_lfu_2q.cfg,experiments/data/hot8_scan_c96_seed45.in,2Q LRU LFU 2Q,4,24 24 24 24,96,10000,7992,2008,0.7992,7992,2008,0.7992,0
configs/exp4/2q_lru_lfu_arc.cfg,experiments/data/hot8_scan_c96_seed45.in,2Q LRU LFU ARC,4,24 24 24 24,96,10000,7992,2008,0.7992,7992,2008,0.7992,0
configs/exp4/2q_lru_lfu_lfu.cfg,experiments/data/hot8_scan_c96_seed45.in,2Q LRU LFU LFU,4,24 24 24 24,96,10000,7992,2008,0.7992,7992,2008,0.7992,0
configs/exp4/2q_lru_lfu_lirs.cfg,experiments/data/hot8_scan_c96_seed45.in,2Q LRU LFU LIRS,4,24 24 24 24,96,10000,7992,2008,0.7992,7992,2008,0.7992,0
configs/exp4/2q_lru_lfu_lru.cfg,experiments/data/hot8_scan_c96_seed45.in,2Q LRU LFU LRU,4,24 24 24 24,96,10000,7992,2008,0.7992,7992,2008,0.7992,0
configs/exp4/2q_lru_lirs.cfg,experiments/data/hot8_scan_c96_seed45.in,2Q LRU LIRS,3,32 32 32,96,10000,7992,2008,0.7992,7992,2008,0.7992,0
configs/exp4/2q_lru_lirs_2q.cfg,experiments/data/hot8_scan_c96_seed45.in,2Q LRU LIRS 2Q,4,24 24 24 24,96,10000,7992,2008,0.7992,7992,2008,0.7992,0
configs/exp4/2q_lru_lirs_arc.cfg,experiments/data/hot8_scan_c96_seed45.in,2Q LRU LIRS ARC,4,24 24 24 24,96,10000,7992,2008,0.7992,7992,2008,0.7992,0
configs/exp4/2q_lru_lirs_lfu.cfg,experiments/data/hot8_scan_c96_seed45.in,2Q LRU LIRS LFU,4,24 24 24 24,96,10000,7992,2008,0.7992,7992,2008,0.7992,0
configs/exp4/2q_lru_lirs_lirs.cfg,experiments/data/hot8_scan_c96_seed45.in,2Q LRU LIRS LIRS,4,24 24 24 24,96,10000,7992,2008,0.7992,7992,2008,0.7992,0
configs/exp4/2q_lru_lirs_lru.cfg,experiments/data/hot8_scan_c96_seed45.in,2Q LRU LIRS LRU,4,24 24 24 24,96,10000,7992,2008,0.7992,7992,2008,0.7992,0
configs/exp4/2q_lru_lru.cfg,experiments/data/hot8_scan_c96_seed45.in,2Q LRU LRU,3,32 32 32,96,10000,7992,2008,0.7992,7992,2008,0.7992,0
configs/exp4/2q_lru_lru_2q.cfg,experiments/data/hot8_scan_c96_seed45.in,2Q LRU LRU 2Q,4,24 24 24 24,96,10000,7992,2008,0.7992,7992,2008,0.7992,0
configs/exp4/2q_lru_lru_arc.cfg,experiments/data/hot8_scan_c96_seed45.in,2Q LRU LRU ARC,4,24 24 24 24,96,10000,7992,2008,0.7992,7992,2008,0.7992,0
configs/exp4/2q_lru_lru_lfu.cfg,experiments/data/hot8_scan_c96_seed45.in,2Q LRU LRU LFU,4,24 24 24 24,96,10000,7992,2008,0.7992,7992,2008,0.7992,0
configs/exp4/2q_lru_lru_lirs.cfg,experiments/data/hot8_scan_c96_seed45.in,2Q LRU LRU LIRS,4,24 24 24 24,96,10000,7992,2008,0.7992,7992,2008,0.7992,0
configs/exp4/2q_lru_lru_lru.cfg,experiments/data/hot8_scan_c96_seed45.in,2Q LRU LRU LRU,4,24 24 24 24,96,10000,7992,2008,0.7992,7992,2008,0.7992,0
configs/exp4/arc_2q.cfg,experiments/data/hot8_scan_c96_seed45.in,ARC 2Q,2,48 48,96,10000,7992,2008,0.7992,7992,2008,0.7992,0
configs/exp4/arc_2q_2q.cfg,experiments/data/hot8_scan_c96_seed45.in,ARC 2Q 2Q,3,32 32 32,96,10000,7992,2008,0.7992,7992,2008,0.7992,0
configs/exp4/arc_2q_2q_2q.cfg,experiments/data/hot8_scan_c96_seed45.in,ARC 2Q 2Q 2Q,4,24 24 24 24,96,10000,7992,2008,0.7992,7992,2008,0.7992,0
configs/exp4/arc_2q_2q_arc.cfg,experiments/data/hot8_scan_c96_seed45.in,ARC 2Q 2Q ARC,4,24 24 24 24,96,10000,7992,2008,0.7992,7992,2008,0.7992,0
configs/exp4/arc_2q_2q_lfu.cfg,experiments/data/hot8_scan_c96_seed45.in,ARC 2Q 2Q LFU,4,24 24 24 24,96,10000,7992,2008,0.7992,7992,2008,0.7992,0
configs/exp4/arc_2q_2q_lirs.cfg,experiments/data/hot8_scan_c96_seed45.in,ARC 2Q 2Q LIRS,4,24 24 24 24,96,10000,7992,2008,0.7992,7992,2008,0.7992,0
configs/exp4/arc_2q_2q_lru.cfg,experiments/data/hot8_scan_c96_seed45.in,ARC 2Q 2Q LRU,4,24 24 24 24,96,10000,7992,2008,0.7992,7992,2008,0.7992,0
configs/exp4/arc_2q_arc.cfg,experiments/data/hot8_scan_c96_seed45.in,ARC 2Q ARC,3,32 32 32,96,10000,7992,2008,0.7992,7992,2008,0.7992,0
configs/exp4/arc_2q_arc_2q.cfg,experiments/data/hot8_scan_c96_seed45.in,ARC 2Q ARC 2Q,4,24 24 24 24,96,10000,7992,2008,0.7992,7992,2008,0.7992,0
configs/exp4/arc_2q_arc_arc.cfg,experiments/data/hot8_scan_c96_seed45.in,ARC 2Q ARC ARC,4,24 24 24 24,96,10000,7992,2008,0.7992,7992,2008,0.7992,0
configs/exp4/arc_2q_arc_lfu.cfg,experiments/data/hot8_scan_c96_seed45.in,ARC 2Q ARC LFU,4,24 24 24 24,96,10000,7992,2008,0.7992,7992,2008,0.7992,0
configs/exp4/arc_2q_arc_lirs.cfg,experiments/data/hot8_scan_c96_seed45.in,ARC 2Q ARC LIRS,4,24 24 24 24,96,10000,7992,2008,0.7992,7992,2008,0.7992,0
configs/exp4/arc_2q_arc_lru.cfg,experiments/data/hot8_scan_c96_seed45.in,ARC 2Q ARC LRU,4,24 24 24 24,96,10000,7992,2008,0.7992,7992,2008,0.7992,0
configs/exp4/arc_2q_lfu.cfg,experiments/data/hot8_scan_c96_seed45.in,ARC 2Q LFU,3,32 32 32,96,10000,7992,2008,0.7992,7992,2008,0.7992,0
configs/exp4/arc_2q_lfu_2q.cfg,experiments/data/hot8_scan_c96_seed45.in,ARC 2Q LFU 2Q,4,24 24 24 24,96,10000,7992,2008,0.7992,7992,2008,0.7992,0
configs/exp4/arc_2q_lfu_arc.cfg,experiments/data/hot8_scan_c96_seed45.in,ARC 2Q LFU ARC,4,24 24 24 24,96,10000,7992,2008,0.7992,7992,2008,0.7992,0
configs/exp4/arc_2q_lfu_lfu.cfg,experiments/data/hot8_scan_c96_seed45.in,ARC 2Q LFU LFU,4,24 24 24 24,96,10000,7992,2008,0.7992,7992,2008,0.7992,0
configs/exp4/arc_2q_lfu_lirs.cfg,experiments/data/hot8_scan_c96_seed45.in,ARC 2Q LFU LIRS,4,24 24 24 24,96,10000,7992,2008,0.7992,7992,2008,0.7992,0
configs/exp4/arc_2q_lfu_lru.cfg,experiments/data/hot8_scan_c96_seed45.in,ARC 2Q LFU LRU,4,24 24 24 24,96,10000,7992,2008,0.7992,7992,2008,0.7992,0
configs/exp4/arc_2q_lirs.cfg,experiments/data/hot8_scan_c96_seed45.in,ARC 2Q LIRS,3,32 32 32,96,10000,7992,2008,0.7992,7992,2008,0.7992,0
configs/exp4/arc_2q_lirs_2q.cfg,experiments/data/hot8_scan_c96_seed45.in,ARC 2Q LIRS 2Q,4,24 24 24 24,96,10000,7992,2008,0.7992,7992,2008,0.7992,0
configs/exp4/arc_2q_lirs_arc.cfg,experiments/data/hot8_scan_c96_seed45.in,ARC 2Q LIRS ARC,4,24 24 24 24,96,10000,7992,2008,0.7992,7992,2008,0.7992,0
configs/exp4/arc_2q_lirs_lfu.cfg,experiments/data/hot8_scan_c96_seed45.in,ARC 2Q LIRS LFU,4,24 24 24 24,96,10000,7992,2008,0.7992,7992,2008,0.7992,0
configs/exp4/arc_2q_lirs_lirs.cfg,experiments/data/hot8_scan_c96_seed45.in,ARC 2Q LIRS LIRS,4,24 24 24 24,96,10000,7992,2008,0.7992,7992,2008,0.7992,0
configs/exp4/arc_2q_lirs_lru.cfg,experiments/data/hot8_scan_c96_seed45.in,ARC 2Q LIRS LRU,4,24 24 24 24,96,10000,7992,2008,0.7992,7992,2008,0.7992,0
configs/exp4/arc_2q_lru.cfg,experiments/data/hot8_scan_c96_seed45.in,ARC 2Q LRU,3,32 32 32,96,10000,7992,2008,0.7992,7992,2008,0.7992,0
configs/exp4/arc_2q_lru_2q.cfg,experiments/data/hot8_scan_c96_seed45.in,ARC 2Q LRU 2Q,4,24 24 24 24,96,10000,7992,2008,0.7992,7992,2008,0.7992,0
configs/exp4/arc_2q_lru_arc.cfg,experiments/data/hot8_scan_c96_seed45.in,ARC 2Q LRU ARC,4,24 24 24 24,96,10000,7992,2008,0.7992,7992,2008,0.7992,0
configs/exp4/arc_2q_lru_lfu.cfg,experiments/data/hot8_scan_c96_seed45.in,ARC 2Q LRU LFU,4,24 24 24 24,96,10000,7992,2008,0.7992,7992,2008,0.7992,0
configs/exp4/arc_2q_lru_lirs.cfg,experiments/data/hot8_scan_c96_seed45.in,ARC 2Q LRU LIRS,4,24 24 24 24,96,10000,7992,2008,0.7992,7992,2008,0.7992,0
configs/exp4/arc_2q_lru_lru.cfg,experiments/data/hot8_scan_c96_seed45.in,ARC 2Q LRU LRU,4,24 24 24 24,96,10000,7992,2008,0.7992,7992,2008,0.7992,0
configs/exp4/arc_arc_2q.cfg,experiments/data/hot8_scan_c96_seed45.in,ARC ARC 2Q,3,32 32 32,96,10000,7992,2008,0.7992,7992,2008,0.7992,0
configs/exp4/arc_arc_2q_2q.cfg,experiments/data/hot8_scan_c96_seed45.in,ARC ARC 2Q 2Q,4,24 24 24 24,96,10000,7992,2008,0.7992,7992,2008,0.7992,0
configs/exp4/arc_arc_2q_arc.cfg,experiments/data/hot8_scan_c96_seed45.in,ARC ARC 2Q ARC,4,24 24 24 24,96,10000,7992,2008,0.7992,7992,2008,0.7992,0
configs/exp4/arc_arc_2q_lfu.cfg,experiments/data/hot8_scan_c96_seed45.in,ARC ARC 2Q LFU,4,24 24 24 24,96,10000,7992,2008,0.7992,7992,2008,0.7992,0
configs/exp4/arc_arc_2q_lirs.cfg,experiments/data/hot8_scan_c96_seed45.in,ARC ARC 2Q LIRS,4,24 24 24 24,96,10000,7992,2008,0.7992,7992,2008,0.7992,0
configs/exp4/arc_arc_2q_lru.cfg,experiments/data/hot8_scan_c96_seed45.in,ARC ARC 2Q LRU,4,24 24 24 24,96,10000,7992,2008,0.7992,7992,2008,0.7992,0
configs/exp4/arc_arc_arc_2q.cfg,experiments/data/hot8_scan_c96_seed45.in,ARC ARC ARC 2Q,4,24 24 24 24,96,10000,7992,2008,0.7992,7992,2008,0.7992,0
configs/exp4/arc_arc_arc_lfu.cfg,experiments/data/hot8_scan_c96_seed45.in,ARC ARC ARC LFU,4,24 24 24 24,96,10000,7992,2008,0.7992,7992,2008,0.7992,0
configs/exp4/arc_arc_arc_lirs.cfg,experiments/data/hot8_scan_c96_seed45.in,ARC ARC ARC LIRS,4,24 24 24 24,96,10000,7992,2008,0.7992,7992,2008,0.7992,0
configs/exp4/arc_arc_arc_lru.cfg,experiments/data/hot8_scan_c96_seed45.in,ARC ARC ARC LRU,4,24 24 24 24,96,10000,7992,2008,0.7992,7992,2008,0.7992,0
configs/exp4/arc_arc_lfu.cfg,experiments/data/hot8_scan_c96_seed45.in,ARC ARC LFU,3,32 32 32,96,10000,7992,2008,0.7992,7992,2008,0.7992,0
configs/exp4/arc_arc_lfu_2q.cfg,experiments/data/hot8_scan_c96_seed45.in,ARC ARC LFU 2Q,4,24 24 24 24,96,10000,7992,2008,0.7992,7992,2008,0.7992,0
configs/exp4/arc_arc_lfu_arc.cfg,experiments/data/hot8_scan_c96_seed45.in,ARC ARC LFU ARC,4,24 24 24 24,96,10000,7992,2008,0.7992,7992,2008,0.7992,0
configs/exp4/arc_arc_lfu_lfu.cfg,experiments/data/hot8_scan_c96_seed45.in,ARC ARC LFU LFU,4,24 24 24 24,96,10000,7992,2008,0.7992,7992,2008,0.7992,0
configs/exp4/arc_arc_lfu_lirs.cfg,experiments/data/hot8_scan_c96_seed45.in,ARC ARC LFU LIRS,4,24 24 24 24,96,10000,7992,2008,0.7992,7992,2008,0.7992,0
configs/exp4/arc_arc_lfu_lru.cfg,experiments/data/hot8_scan_c96_seed45.in,ARC ARC LFU LRU,4,24 24 24 24,96,10000,7992,2008,0.7992,7992,2008,0.7992,0
configs/exp4/arc_arc_lirs.cfg,experiments/data/hot8_scan_c96_seed45.in,ARC ARC LIRS,3,32 32 32,96,10000,7992,2008,0.7992,7992,2008,0.7992,0
configs/exp4/arc_arc_lirs_2q.cfg,experiments/data/hot8_scan_c96_seed45.in,ARC ARC LIRS 2Q,4,24 24 24 24,96,10000,7992,2008,0.7992,7992,2008,0.7992,0
configs/exp4/arc_arc_lirs_arc.cfg,experiments/data/hot8_scan_c96_seed45.in,ARC ARC LIRS ARC,4,24 24 24 24,96,10000,7992,2008,0.7992,7992,2008,0.7992,0
configs/exp4/arc_arc_lirs_lfu.cfg,experiments/data/hot8_scan_c96_seed45.in,ARC ARC LIRS LFU,4,24 24 24 24,96,10000,7992,2008,0.7992,7992,2008,0.7992,0
configs/exp4/arc_arc_lirs_lirs.cfg,experiments/data/hot8_scan_c96_seed45.in,ARC ARC LIRS LIRS,4,24 24 24 24,96,10000,7992,2008,0.7992,7992,2008,0.7992,0
configs/exp4/arc_arc_lirs_lru.cfg,experiments/data/hot8_scan_c96_seed45.in,ARC ARC LIRS LRU,4,24 24 24 24,96,10000,7992,2008,0.7992,7992,2008,0.7992,0
configs/exp4/arc_arc_lru.cfg,experiments/data/hot8_scan_c96_seed45.in,ARC ARC LRU,3,32 32 32,96,10000,7992,2008,0.7992,7992,2008,0.7992,0
configs/exp4/arc_arc_lru_2q.cfg,experiments/data/hot8_scan_c96_seed45.in,ARC ARC LRU 2Q,4,24 24 24 24,96,10000,7992,2008,0.7992,7992,2008,0.7992,0
configs/exp4/arc_arc_lru_arc.cfg,experiments/data/hot8_scan_c96_seed45.in,ARC ARC LRU ARC,4,24 24 24 24,96,10000,7992,2008,0.7992,7992,2008,0.7992,0
configs/exp4/arc_arc_lru_lfu.cfg,experiments/data/hot8_scan_c96_seed45.in,ARC ARC LRU LFU,4,24 24 24 24,96,10000,7992,2008,0.7992,7992,2008,0.7992,0
configs/exp4/arc_arc_lru_lirs.cfg,experiments/data/hot8_scan_c96_seed45.in,ARC ARC LRU LIRS,4,24 24 24 24,96,10000,7992,2008,0.7992,7992,2008,0.7992,0
configs/exp4/arc_arc_lru_lru.cfg,experiments/data/hot8_scan_c96_seed45.in,ARC ARC LRU LRU,4,24 24 24 24,96,10000,7992,2008,0.7992,7992,2008,0.7992,0
configs/exp4/arc_lfu.cfg,experiments/data/hot8_scan_c96_seed45.in,ARC LFU,2,48 48,96,10000,7992,2008,0.7992,7992,2008,0.7992,0
configs/exp4/arc_lfu_2q.cfg,experiments/data/hot8_scan_c96_seed45.in,ARC LFU 2Q,3,32 32 32,96,10000,7992,2008,0.7992,7992,2008,0.7992,0
configs/exp4/arc_lfu_2q_2q.cfg,experiments/data/hot8_scan_c96_seed45.in,ARC LFU 2Q 2Q,4,24 24 24 24,96,10000,7992,2008,0.7992,7992,2008,0.7992,0
configs/exp4/arc_lfu_2q_arc.cfg,experiments/data/hot8_scan_c96_seed45.in,ARC LFU 2Q ARC,4,24 24 24 24,96,10000,7992,2008,0.7992,7992,2008,0.7992,0
configs/exp4/arc_lfu_2q_lfu.cfg,experiments/data/hot8_scan_c96_seed45.in,ARC LFU 2Q LFU,4,24 24 24 24,96,10000,7992,2008,0.7992,7992,2008,0.7992,0
configs/exp4/arc_lfu_2q_lirs.cfg,experiments/data/hot8_scan_c96_seed45.in,ARC LFU 2Q LIRS,4,24 24 24 24,96,10000,7992,2008,0.7992,7992,2008,0.7992,0
configs/exp4/arc_lfu_2q_lru.cfg,experiments/data/hot8_scan_c96_seed45.in,ARC LFU 2Q LRU,4,24 24 24 24,96,10000,7992,2008,0.7992,7992,2008,0.7992,0
configs/exp4/arc_lfu_arc.cfg,experiments/data/hot8_scan_c96_seed45.in,ARC LFU ARC,3,32 32 32,96,10000,7992,2008,0.7992,7992,2008,0.7992,0
configs/exp4/arc_lfu_arc_2q.cfg,experiments/data/hot8_scan_c96_seed45.in,ARC LFU ARC 2Q,4,24 24 24 24,96,10000,7992,2008,0.7992,7992,2008,0.7992,0
configs/exp4/arc_lfu_arc_arc.cfg,experiments/data/hot8_scan_c96_seed45.in,ARC LFU ARC ARC,4,24 24 24 24,96,10000,7992,2008,0.7992,7992,2008,0.7992,0
configs/exp4/arc_lfu_arc_lfu.cfg,experiments/data/hot8_scan_c96_seed45.in,ARC LFU ARC LFU,4,24 24 24 24,96,10000,7992,2008,0.7992,7992,2008,0.7992,0
configs/exp4/arc_lfu_arc_lirs.cfg,experiments/data/hot8_scan_c96_seed45.in,ARC LFU ARC LIRS,4,24 24 24 24,96,10000,7992,2008,0.7992,7992,2008,0.7992,0
configs/exp4/arc_lfu_arc_lru.cfg,experiments/data/hot8_scan_c96_seed45.in,ARC LFU ARC LRU,4,24 24 24 24,96,10000,7992,2008,0.7992,7992,2008,0.7992,0
configs/exp4/arc_lfu_lfu.cfg,experiments/data/hot8_scan_c96_seed45.in,ARC LFU LFU,3,32 32 32,96,10000,7992,2008,0.7992,7992,2008,0.7992,0
configs/exp4/arc_lfu_lfu_2q.cfg,experiments/data/hot8_scan_c96_seed45.in,ARC LFU LFU 2Q,4,24 24 24 24,96,10000,7992,2008,0.7992,7992,2008,0.7992,0
configs/exp4/arc_lfu_lfu_arc.cfg,experiments/data/hot8_scan_c96_seed45.in,ARC LFU LFU ARC,4,24 24 24 24,96,10000,7992,2008,0.7992,7992,2008,0.7992,0
configs/exp4/arc_lfu_lfu_lfu.cfg,experiments/data/hot8_scan_c96_seed45.in,ARC LFU LFU LFU,4,24 24 24 24,96,10000,7992,2008,0.7992,7992,2008,0.7992,0
configs/exp4/arc_lfu_lfu_lirs.cfg,experiments/data/hot8_scan_c96_seed45.in,ARC LFU LFU LIRS,4,24 24 24 24,96,10000,7992,2008,0.7992,7992,2008,0.7992,0
configs/exp4/arc_lfu_lfu_lru.cfg,experiments/data/hot8_scan_c96_seed45.in,ARC LFU LFU LRU,4,24 24 24 24,96,10000,7992,2008,0.7992,7992,2008,0.7992,0
configs/exp4/arc_lfu_lirs.cfg,experiments/data/hot8_scan_c96_seed45.in,ARC LFU LIRS,3,32 32 32,96,10000,7992,2008,0.7992,7992,2008,0.7992,0
configs/exp4/arc_lfu_lirs_2q.cfg,experiments/data/hot8_scan_c96_seed45.in,ARC LFU LIRS 2Q,4,24 24 24 24,96,10000,7992,2008,0.7992,7992,2008,0.7992,0
configs/exp4/arc_lfu_lirs_arc.cfg,experiments/data/hot8_scan_c96_seed45.in,ARC LFU LIRS ARC,4,24 24 24 24,96,10000,7992,2008,0.7992,7992,2008,0.7992,0
configs/exp4/arc_lfu_lirs_lfu.cfg,experiments/data/hot8_scan_c96_seed45.in,ARC LFU LIRS LFU,4,24 24 24 24,96,10000,7992,2008,0.7992,7992,2008,0.7992,0
configs/exp4/arc_lfu_lirs_lirs.cfg,experiments/data/hot8_scan_c96_seed45.in,ARC LFU LIRS LIRS,4,24 24 24 24,96,10000,7992,2008,0.7992,7992,2008,0.7992,0
configs/exp4/arc_lfu_lirs_lru.cfg,experiments/data/hot8_scan_c96_seed45.in,ARC LFU LIRS LRU,4,24 24 24 24,96,10000,7992,2008,0.7992,7992,2008,0.7992,0
configs/exp4/arc_lfu_lru.cfg,experiments/data/hot8_scan_c96_seed45.in,ARC LFU LRU,3,32 32 32,96,10000,7992,2008,0.7992,7992,2008,0.7992,0
configs/exp4/arc_lfu_lru_2q.cfg,experiments/data/hot8_scan_c96_seed45.in,ARC LFU LRU 2Q,4,24 24 24 24,96,10000,7992,2008,0.7992,7992,2008,0.7992,0
configs/exp4/arc_lfu_lru_arc.cfg,experiments/data/hot8_scan_c96_seed45.in,ARC LFU LRU ARC,4,24 24 24 24,96,10000,7992,2008,0.7992,7992,2008,0.7992,0
configs/exp4/arc_lfu_lru_lfu.cfg,experiments/data/hot8_scan_c96_seed45.in,ARC LFU LRU LFU,4,24 24 24 24,96,10000,7992,2008,0.7992,7992,2008,0.7992,0
configs/exp4/arc_lfu_lru_lirs.cfg,experiments/data/hot8_scan_c96_seed45.in,ARC LFU LRU LIRS,4,24 24 24 24,96,10000,7992,2008,0.7992,7992,2008,0.7992,0
configs/exp4/arc_lfu_lru_lru.cfg,experiments/data/hot8_scan_c96_seed45.in,ARC LFU LRU LRU,4,24 24 24 24,96,10000,7992,2008,0.7992,7992,2008,0.7992,0
configs/exp4/arc_lirs.cfg,experiments/data/hot8_scan_c96_seed45.in,ARC LIRS,2,48 48,96,10000,7992,2008,0.7992,7992,2008,0.7992,0
configs/exp4/arc_lirs_2q.cfg,experiments/data/hot8_scan_c96_seed45.in,ARC LIRS 2Q,3,32 32 32,96,10000,7992,2008,0.7992,7992,2008,0.7992,0
configs/exp4/arc_lirs_2q_2q.cfg,experiments/data/hot8_scan_c96_seed45.in,ARC LIRS 2Q 2Q,4,24 24 24 24,96,10000,7992,2008,0.7992,7992,2008,0.7992,0
configs/exp4/arc_lirs_2q_arc.cfg,experiments/data/hot8_scan_c96_seed45.in,ARC LIRS 2Q ARC,4,24 24 24 24,96,10000,7992,2008,0.7992,7992,2008,0.7992,0
configs/exp4/arc_lirs_2q_lfu.cfg,experiments/data/hot8_scan_c96_seed45.in,ARC LIRS 2Q LFU,4,24 24 24 24,96,10000,7992,2008,0.7992,7992,2008,0.7992,0
configs/exp4/arc_lirs_2q_lirs.cfg,experiments/data/hot8_scan_c96_seed45.in,ARC LIRS 2Q LIRS,4,24 24 24 24,96,10000,7992,2008,0.7992,7992,2008,0.7992,0
configs/exp4/arc_lirs_2q_lru.cfg,experiments/data/hot8_scan_c96_seed45.in,ARC LIRS 2Q LRU,4,24 24 24 24,96,10000,7992,2008,0.7992,7992,2008,0.7992,0
configs/exp4/arc_lirs_arc.cfg,experiments/data/hot8_scan_c96_seed45.in,ARC LIRS ARC,3,32 32 32,96,10000,7992,2008,0.7992,7992,2008,0.7992,0
configs/exp4/arc_lirs_arc_2q.cfg,experiments/data/hot8_scan_c96_seed45.in,ARC LIRS ARC 2Q,4,24 24 24 24,96,10000,7992,2008,0.7992,7992,2008,0.7992,0
configs/exp4/arc_lirs_arc_arc.cfg,experiments/data/hot8_scan_c96_seed45.in,ARC LIRS ARC ARC,4,24 24 24 24,96,10000,7992,2008,0.7992,7992,2008,0.7992,0
configs/exp4/arc_lirs_arc_lfu.cfg,experiments/data/hot8_scan_c96_seed45.in,ARC LIRS ARC LFU,4,24 24 24 24,96,10000,7992,2008,0.7992,7992,2008,0.7992,0
configs/exp4/arc_lirs_arc_lirs.cfg,experiments/data/hot8_scan_c96_seed45.in,ARC LIRS ARC LIRS,4,24 24 24 24,96,10000,7992,2008,0.7992,7992,2008,0.7992,0
configs/exp4/arc_lirs_arc_lru.cfg,experiments/data/hot8_scan_c96_seed45.in,ARC LIRS ARC LRU,4,24 24 24 24,96,10000,7992,2008,0.7992,7992,2008,0.7992,0
configs/exp4/arc_lirs_lfu.cfg,experiments/data/hot8_scan_c96_seed45.in,ARC LIRS LFU,3,32 32 32,96,10000,7992,2008,0.7992,7992,2008,0.7992,0
configs/exp4/arc_lirs_lfu_2q.cfg,experiments/data/hot8_scan_c96_seed45.in,ARC LIRS LFU 2Q,4,24 24 24 24,96,10000,7992,2008,0.7992,7992,2008,0.7992,0
configs/exp4/arc_lirs_lfu_arc.cfg,experiments/data/hot8_scan_c96_seed45.in,ARC LIRS LFU ARC,4,24 24 24 24,96,10000,7992,2008,0.7992,7992,2008,0.7992,0
configs/exp4/arc_lirs_lfu_lfu.cfg,experiments/data/hot8_scan_c96_seed45.in,ARC LIRS LFU LFU,4,24 24 24 24,96,10000,7992,2008,0.7992,7992,2008,0.7992,0
configs/exp4/arc_lirs_lfu_lirs.cfg,experiments/data/hot8_scan_c96_seed45.in,ARC LIRS LFU LIRS,4,24 24 24 24,96,10000,7992,2008,0.7992,7992,2008,0.7992,0
configs/exp4/arc_lirs_lfu_lru.cfg,experiments/data/hot8_scan_c96_seed45.in,ARC LIRS LFU LRU,4,24 24 24 24,96,10000,7992,2008,0.7992,7992,2008,0.7992,0
configs/exp4/arc_lirs_lirs.cfg,experiments/data/hot8_scan_c96_seed45.in,ARC LIRS LIRS,3,32 32 32,96,10000,7992,2008,0.7992,7992,2008,0.7992,0
configs/exp4/arc_lirs_lirs_2q.cfg,experiments/data/hot8_scan_c96_seed45.in,ARC LIRS LIRS 2Q,4,24 24 24 24,96,10000,7992,2008,0.7992,7992,2008,0.7992,0
configs/exp4/arc_lirs_lirs_arc.cfg,experiments/data/hot8_scan_c96_seed45.in,ARC LIRS LIRS ARC,4,24 24 24 24,96,10000,7992,2008,0.7992,7992,2008,0.7992,0
configs/exp4/arc_lirs_lirs_lfu.cfg,experiments/data/hot8_scan_c96_seed45.in,ARC LIRS LIRS LFU,4,24 24 24 24,96,10000,7992,2008,0.7992,7992,2008,0.7992,0
configs/exp4/arc_lirs_lirs_lirs.cfg,experiments/data/hot8_scan_c96_seed45.in,ARC LIRS LIRS LIRS,4,24 24 24 24,96,10000,7992,2008,0.7992,7992,2008,0.7992,0
configs/exp4/arc_lirs_lirs_lru.cfg,experiments/data/hot8_scan_c96_seed45.in,ARC LIRS LIRS LRU,4,24 24 24 24,96,10000,7992,2008,0.7992,7992,2008,0.7992,0
configs/exp4/arc_lirs_lru.cfg,experiments/data/hot8_scan_c96_seed45.in,ARC LIRS LRU,3,32 32 32,96,10000,7992,2008,0.7992,7992,2008,0.7992,0
configs/exp4/arc_lirs_lru_2q.cfg,experiments/data/hot8_scan_c96_seed45.in,ARC LIRS LRU 2Q,4,24 24 24 24,96,10000,7992,2008,0.7992,7992,2008,0.7992,0
configs/exp4/arc_lirs_lru_arc.cfg,experiments/data/hot8_scan_c96_seed45.in,ARC LIRS LRU ARC,4,24 24 24 24,96,10000,7992,2008,0.7992,7992,2008,0.7992,0
configs/exp4/arc_lirs_lru_lfu.cfg,experiments/data/hot8_scan_c96_seed45.in,ARC LIRS LRU LFU,4,24 24 24 24,96,10000,7992,2008,0.7992,7992,2008,0.7992,0
configs/exp4/arc_lirs_lru_lirs.cfg,experiments/data/hot8_scan_c96_seed45.in,ARC LIRS LRU LIRS,4,24 24 24 24,96,10000,7992,2008,0.7992,7992,2008,0.7992,0
configs/exp4/arc_lirs_lru_lru.cfg,experiments/data/hot8_scan_c96_seed45.in,ARC LIRS LRU LRU,4,24 24 24 24,96,10000,7992,2008,0.7992,7992,2008,0.7992,0
configs/exp4/arc_lru.cfg,experiments/data/hot8_scan_c96_seed45.in,ARC LRU,2,48 48,96,10000,7992,2008,0.7992,7992,2008,0.7992,0
configs/exp4/arc_lru_2q.cfg,experiments/data/hot8_scan_c96_seed45.in,ARC LRU 2Q,3,32 32 32,96,10000,7992,2008,0.7992,7992,2008,0.7992,0
configs/exp4/arc_lru_2q_2q.cfg,experiments/data/hot8_scan_c96_seed45.in,ARC LRU 2Q 2Q,4,24 24 24 24,96,10000,7992,2008,0.7992,7992,2008,0.7992,0
configs/exp4/arc_lru_2q_arc.cfg,experiments/data/hot8_scan_c96_seed45.in,ARC LRU 2Q ARC,4,24 24 24 24,96,10000,7992,2008,0.7992,7992,2008,0.7992,0
configs/exp4/arc_lru_2q_lfu.cfg,experiments/data/hot8_scan_c96_seed45.in,ARC LRU 2Q LFU,4,24 24 24 24,96,10000,7992,2008,0.7992,7992,2008,0.7992,0
configs/exp4/arc_lru_2q_lirs.cfg,experiments/data/hot8_scan_c96_seed45.in,ARC LRU 2Q LIRS,4,24 24 24 24,96,10000,7992,2008,0.7992,7992,2008,0.7992,0
configs/exp4/arc_lru_2q_lru.cfg,experiments/data/hot8_scan_c96_seed45.in,ARC LRU 2Q LRU,4,24 24 24 24,96,10000,7992,2008,0.7992,7992,2008,0.7992,0
configs/exp4/arc_lru_arc.cfg,experiments/data/hot8_scan_c96_seed45.in,ARC LRU ARC,3,32 32 32,96,10000,7992,2008,0.7992,7992,2008,0.7992,0
configs/exp4/arc_lru_arc_2q.cfg,experiments/data/hot8_scan_c96_seed45.in,ARC LRU ARC 2Q,4,24 24 24 24,96,10000,7992,2008,0.7992,7992,2008,0.7992,0
configs/exp4/arc_lru_arc_arc.cfg,experiments/data/hot8_scan_c96_seed45.in,ARC LRU ARC ARC,4,24 24 24 24,96,10000,7992,2008,0.7992,7992,2008,0.7992,0
configs/exp4/arc_lru_arc_lfu.cfg,experiments/data/hot8_scan_c96_seed45.in,ARC LRU ARC LFU,4,24 24 24 24,96,10000,7992,2008,0.7992,7992,2008,0.7992,0
configs/exp4/arc_lru_arc_lirs.cfg,experiments/data/hot8_scan_c96_seed45.in,ARC LRU ARC LIRS,4,24 24 24 24,96,10000,7992,2008,0.7992,7992,2008,0.7992,0
configs/exp4/arc_lru_arc_lru.cfg,experiments/data/hot8_scan_c96_seed45.in,ARC LRU ARC LRU,4,24 24 24 24,96,10000,7992,2008,0.7992,7992,2008,0.7992,0
configs/exp4/arc_lru_lfu.cfg,experiments/data/hot8_scan_c96_seed45.in,ARC LRU LFU,3,32 32 32,96,10000,7992,2008,0.7992,7992,2008,0.7992,0
configs/exp4/arc_lru_lfu_2q.cfg,experiments/data/hot8_scan_c96_seed45.in,ARC LRU LFU 2Q,4,24 24 24 24,96,10000,7992,2008,0.7992,7992,2008,0.7992,0
configs/exp4/arc_lru_lfu_arc.cfg,experiments/data/hot8_scan_c96_seed45.in,ARC LRU LFU ARC,4,24 24 24 24,96,10000,7992,2008,0.7992,7992,2008,0.7992,0
configs/exp4/arc_lru_lfu_lfu.cfg,experiments/data/hot8_scan_c96_seed45.in,ARC LRU LFU LFU,4,24 24 24 24,96,10000,7992,2008,0.7992,7992,2008,0.7992,0
configs/exp4/arc_lru_lfu_lirs.cfg,experiments/data/hot8_scan_c96_seed45.in,ARC LRU LFU LIRS,4,24 24 24 24,96,10000,7992,2008,0.7992,7992,2008,0.7992,0
configs/exp4/arc_lru_lfu_lru.cfg,experiments/data/hot8_scan_c96_seed45.in,ARC LRU LFU LRU,4,24 24 24 24,96,10000,7992,2008,0.7992,7992,2008,0.7992,0
configs/exp4/arc_lru_lirs.cfg,experiments/data/hot8_scan_c96_seed45.in,ARC LRU LIRS,3,32 32 32,96,10000,7992,2008,0.7992,7992,2008,0.7992,0
configs/exp4/arc_lru_lirs_2q.cfg,experiments/data/hot8_scan_c96_seed45.in,ARC LRU LIRS 2Q,4,24 24 24 24,96,10000,7992,2008,0.7992,7992,2008,0.7992,0
configs/exp4/arc_lru_lirs_arc.cfg,experiments/data/hot8_scan_c96_seed45.in,ARC LRU LIRS ARC,4,24 24 24 24,96,10000,7992,2008,0.7992,7992,2008,0.7992,0
configs/exp4/arc_lru_lirs_lfu.cfg,experiments/data/hot8_scan_c96_seed45.in,ARC LRU LIRS LFU,4,24 24 24 24,96,10000,7992,2008,0.7992,7992,2008,0.7992,0
configs/exp4/arc_lru_lirs_lirs.cfg,experiments/data/hot8_scan_c96_seed45.in,ARC LRU LIRS LIRS,4,24 24 24 24,96,10000,7992,2008,0.7992,7992,2008,0.7992,0
configs/exp4/arc_lru_lirs_lru.cfg,experiments/data/hot8_scan_c96_seed45.in,ARC LRU LIRS LRU,4,24 24 24 24,96,10000,7992,2008,0.7992,7992,2008,0.7992,0
configs/exp4/arc_lru_lru.cfg,experiments/data/hot8_scan_c96_seed45.in,ARC LRU LRU,3,32 32 32,96,10000,7992,2008,0.7992,7992,2008,0.7992,0
configs/exp4/arc_lru_lru_2q.cfg,experiments/data/hot8_scan_c96_seed45.in,ARC LRU LRU 2Q,4,24 24 24 24,96,10000,7992,2008,0.7992,7992,2008,0.7992,0
configs/exp4/arc_lru_lru_arc.cfg,experiments/data/hot8_scan_c96_seed45.in,ARC LRU LRU ARC,4,24 24 24 24,96,10000,7992,2008,0.7992,7992,2008,0.7992,0
configs/exp4/arc_lru_lru_lfu.cfg,experiments/data/hot8_scan_c96_seed45.in,ARC LRU LRU LFU,4,24 24 24 24,96,10000,7992,2008,0.7992,7992,2008,0.7992,0
configs/exp4/arc_lru_lru_lirs.cfg,experiments/data/hot8_scan_c96_seed45.in,ARC LRU LRU LIRS,4,24 24 24 24,96,10000,7992,2008,0.7992,7992,2008,0.7992,0
configs/exp4/arc_lru_lru_lru.cfg,experiments/data/hot8_scan_c96_seed45.in,ARC LRU LRU LRU,4,24 24 24 24,96,10000,7992,2008,0.7992,7992,2008,0.7992,0
configs/exp4/lfu_2q.cfg,experiments/data/hot8_scan_c96_seed45.in,LFU 2Q,2,48 48,96,10000,7992,2008,0.7992,7992,2008,0.7992,0
configs/exp4/lfu_2q_2q.cfg,experiments/data/hot8_scan_c96_seed45.in,LFU 2Q 2Q,3,32 32 32,96,10000,7992,2008,0.7992,7992,2008,0.7992,0
configs/exp4/lfu_2q_2q_2q.cfg,experiments/data/hot8_scan_c96_seed45.in,LFU 2Q 2Q 2Q,4,24 24 24 24,96,10000,7992,2008,0.7992,7992,2008,0.7992,0
configs/exp4/lfu_2q_2q_arc.cfg,experiments/data/hot8_scan_c96_seed45.in,LFU 2Q 2Q ARC,4,24 24 24 24,96,10000,7992,2008,0.7992,7992,2008,0.7992,0
configs/exp4/lfu_2q_2q_lfu.cfg,experiments/data/hot8_scan_c96_seed45.in,LFU 2Q 2Q LFU,4,24 24 24 24,96,10000,7992,2008,0.7992,7992,2008,0.7992,0
configs/exp4/lfu_2q_2q_lirs.cfg,experiments/data/hot8_scan_c96_seed45.in,LFU 2Q 2Q LIRS,4,24 24 24 24,96,10000,7992,2008,0.7992,7992,2008,0.7992,0
configs/exp4/lfu_2q_2q_lru.cfg,experiments/data/hot8_scan_c96_seed45.in,LFU 2Q 2Q LRU,4,24 24 24 24,96,10000,7992,2008,0.7992,7992,2008,0.7992,0
configs/exp4/lfu_2q_arc.cfg,experiments/data/hot8_scan_c96_seed45.in,LFU 2Q ARC,3,32 32 32,96,10000,7992,2008,0.7992,7992,2008,0.7992,0
configs/exp4/lfu_2q_arc_2q.cfg,experiments/data/hot8_scan_c96_seed45.in,LFU 2Q ARC 2Q,4,24 24 24 24,96,10000,7992,2008,0.7992,7992,2008,0.7992,0
configs/exp4/lfu_2q_arc_arc.cfg,experiments/data/hot8_scan_c96_seed45.in,LFU 2Q ARC ARC,4,24 24 24 24,96,10000,7992,2008,0.7992,7992,2008,0.7992,0
configs/exp4/lfu_2q_arc_lfu.cfg,experiments/data/hot8_scan_c96_seed45.in,LFU 2Q ARC LFU,4,24 24 24 24,96,10000,7992,2008,0.7992,7992,2008,0.7992,0
configs/exp4/lfu_2q_arc_lirs.cfg,experiments/data/hot8_scan_c96_seed45.in,LFU 2Q ARC LIRS,4,24 24 24 24,96,10000,7992,2008,0.7992,7992,2008,0.7992,0
configs/exp4/lfu_2q_arc_lru.cfg,experiments/data/hot8_scan_c96_seed45.in,LFU 2Q ARC LRU,4,24 24 24 24,96,10000,7992,2008,0.7992,7992,2008,0.7992,0
configs/exp4/lfu_2q_lfu.cfg,experiments/data/hot8_scan_c96_seed45.in,LFU 2Q LFU,3,32 32 32,96,10000,7992,2008,0.7992,7992,2008,0.7992,0
configs/exp4/lfu_2q_lfu_2q.cfg,experiments/data/hot8_scan_c96_seed45.in,LFU 2Q LFU 2Q,4,24 24 24 24,96,10000,7992,2008,0.7992,7992,2008,0.7992,0
configs/exp4/lfu_2q_lfu_arc.cfg,experiments/data/hot8_scan_c96_seed45.in,LFU 2Q LFU ARC,4,24 24 24 24,96,10000,7992,2008,0.7992,7992,2008,0.7992,0
configs/exp4/lfu_2q_lfu_lfu.cfg,experiments/data/hot8_scan_c96_seed45.in,LFU 2Q LFU LFU,4,24 24 24 24,96,10000,7992,2008,0.7992,7992,2008,0.7992,0
configs/exp4/lfu_2q_lfu_lirs.cfg,experiments/data/hot8_scan_c96_seed45.in,LFU 2Q LFU LIRS,4,24 24 24 24,96,10000,7992,2008,0.7992,7992,2008,0.7992,0
configs/exp4/lfu_2q_lfu_lru.cfg,experiments/data/hot8_scan_c96_seed45.in,LFU 2Q LFU LRU,4,24 24 24 24,96,10000,7992,2008,0.7992,7992,2008,0.7992,0
configs/exp4/lfu_2q_lirs.cfg,experiments/data/hot8_scan_c96_seed45.in,LFU 2Q LIRS,3,32 32 32,96,10000,7992,2008,0.7992,7992,2008,0.7992,0
configs/exp4/lfu_2q_lirs_2q.cfg,experiments/data/hot8_scan_c96_seed45.in,LFU 2Q LIRS 2Q,4,24 24 24 24,96,10000,7992,2008,0.7992,7992,2008,0.7992,0
configs/exp4/lfu_2q_lirs_arc.cfg,experiments/data/hot8_scan_c96_seed45.in,LFU 2Q LIRS ARC,4,24 24 24 24,96,10000,7992,2008,0.7992,7992,2008,0.7992,0
configs/exp4/lfu_2q_lirs_lfu.cfg,experiments/data/hot8_scan_c96_seed45.in,LFU 2Q LIRS LFU,4,24 24 24 24,96,10000,7992,2008,0.7992,7992,2008,0.7992,0
configs/exp4/lfu_2q_lirs_lirs.cfg,experiments/data/hot8_scan_c96_seed45.in,LFU 2Q LIRS LIRS,4,24 24 24 24,96,10000,7992,2008,0.7992,7992,2008,0.7992,0
configs/exp4/lfu_2q_lirs_lru.cfg,experiments/data/hot8_scan_c96_seed45.in,LFU 2Q LIRS LRU,4,24 24 24 24,96,10000,7992,2008,0.7992,7992,2008,0.7992,0
configs/exp4/lfu_2q_lru.cfg,experiments/data/hot8_scan_c96_seed45.in,LFU 2Q LRU,3,32 32 32,96,10000,7992,2008,0.7992,7992,2008,0.7992,0
configs/exp4/lfu_2q_lru_2q.cfg,experiments/data/hot8_scan_c96_seed45.in,LFU 2Q LRU 2Q,4,24 24 24 24,96,10000,7992,2008,0.7992,7992,2008,0.7992,0
configs/exp4/lfu_2q_lru_arc.cfg,experiments/data/hot8_scan_c96_seed45.in,LFU 2Q LRU ARC,4,24 24 24 24,96,10000,7992,2008,0.7992,7992,2008,0.7992,0
configs/exp4/lfu_2q_lru_lfu.cfg,experiments/data/hot8_scan_c96_seed45.in,LFU 2Q LRU LFU,4,24 24 24 24,96,10000,7992,2008,0.7992,7992,2008,0.7992,0
configs/exp4/lfu_2q_lru_lirs.cfg,experiments/data/hot8_scan_c96_seed45.in,LFU 2Q LRU LIRS,4,24 24 24 24,96,10000,7992,2008,0.7992,7992,2008,0.7992,0
configs/exp4/lfu_2q_lru_lru.cfg,experiments/data/hot8_scan_c96_seed45.in,LFU 2Q LRU LRU,4,24 24 24 24,96,10000,7992,2008,0.7992,7992,2008,0.7992,0
configs/exp4/lfu_arc.cfg,experiments/data/hot8_scan_c96_seed45.in,LFU ARC,2,48 48,96,10000,7992,2008,0.7992,7992,2008,0.7992,0
configs/exp4/lfu_arc_2q.cfg,experiments/data/hot8_scan_c96_seed45.in,LFU ARC 2Q,3,32 32 32,96,10000,7992,2008,0.7992,7992,2008,0.7992,0
configs/exp4/lfu_arc_2q_2q.cfg,experiments/data/hot8_scan_c96_seed45.in,LFU ARC 2Q 2Q,4,24 24 24 24,96,10000,7992,2008,0.7992,7992,2008,0.7992,0
configs/exp4/lfu_arc_2q_arc.cfg,experiments/data/hot8_scan_c96_seed45.in,LFU ARC 2Q ARC,4,24 24 24 24,96,10000,7992,2008,0.7992,7992,2008,0.7992,0
configs/exp4/lfu_arc_2q_lfu.cfg,experiments/data/hot8_scan_c96_seed45.in,LFU ARC 2Q LFU,4,24 24 24 24,96,10000,7992,2008,0.7992,7992,2008,0.7992,0
configs/exp4/lfu_arc_2q_lirs.cfg,experiments/data/hot8_scan_c96_seed45.in,LFU ARC 2Q LIRS,4,24 24 24 24,96,10000,7992,2008,0.7992,7992,2008,0.7992,0
configs/exp4/lfu_arc_2q_lru.cfg,experiments/data/hot8_scan_c96_seed45.in,LFU ARC 2Q LRU,4,24 24 24 24,96,10000,7992,2008,0.7992,7992,2008,0.7992,0
configs/exp4/lfu_arc_arc.cfg,experiments/data/hot8_scan_c96_seed45.in,LFU ARC ARC,3,32 32 32,96,10000,7992,2008,0.7992,7992,2008,0.7992,0
configs/exp4/lfu_arc_arc_2q.cfg,experiments/data/hot8_scan_c96_seed45.in,LFU ARC ARC 2Q,4,24 24 24 24,96,10000,7992,2008,0.7992,7992,2008,0.7992,0
configs/exp4/lfu_arc_arc_arc.cfg,experiments/data/hot8_scan_c96_seed45.in,LFU ARC ARC ARC,4,24 24 24 24,96,10000,7992,2008,0.7992,7992,2008,0.7992,0
configs/exp4/lfu_arc_arc_lfu.cfg,experiments/data/hot8_scan_c96_seed45.in,LFU ARC ARC LFU,4,24 24 24 24,96,10000,7992,2008,0.7992,7992,2008,0.7992,0
configs/exp4/lfu_arc_arc_lirs.cfg,experiments/data/hot8_scan_c96_seed45.in,LFU ARC ARC LIRS,4,24 24 24 24,96,10000,7992,2008,0.7992,7992,2008,0.7992,0
configs/exp4/lfu_arc_arc_lru.cfg,experiments/data/hot8_scan_c96_seed45.in,LFU ARC ARC LRU,4,24 24 24 24,96,10000,7992,2008,0.7992,7992,2008,0.7992,0
configs/exp4/lfu_arc_lfu.cfg,experiments/data/hot8_scan_c96_seed45.in,LFU ARC LFU,3,32 32 32,96,10000,7992,2008,0.7992,7992,2008,0.7992,0
configs/exp4/lfu_arc_lfu_2q.cfg,experiments/data/hot8_scan_c96_seed45.in,LFU ARC LFU 2Q,4,24 24 24 24,96,10000,7992,2008,0.7992,7992,2008,0.7992,0
configs/exp4/lfu_arc_lfu_arc.cfg,experiments/data/hot8_scan_c96_seed45.in,LFU ARC LFU ARC,4,24 24 24 24,96,10000,7992,2008,0.7992,7992,2008,0.7992,0
configs/exp4/lfu_arc_lfu_lfu.cfg,experiments/data/hot8_scan_c96_seed45.in,LFU ARC LFU LFU,4,24 24 24 24,96,10000,7992,2008,0.7992,7992,2008,0.7992,0
configs/exp4/lfu_arc_lfu_lirs.cfg,experiments/data/hot8_scan_c96_seed45.in,LFU ARC LFU LIRS,4,24 24 24 24,96,10000,7992,2008,0.7992,7992,2008,0.7992,0
configs/exp4/lfu_arc_lfu_lru.cfg,experiments/data/hot8_scan_c96_seed45.in,LFU ARC LFU LRU,4,24 24 24 24,96,10000,7992,2008,0.7992,7992,2008,0.7992,0
configs/exp4/lfu_arc_lirs.cfg,experiments/data/hot8_scan_c96_seed45.in,LFU ARC LIRS,3,32 32 32,96,10000,7992,2008,0.7992,7992,2008,0.7992,0
configs/exp4/lfu_arc_lirs_2q.cfg,experiments/data/hot8_scan_c96_seed45.in,LFU ARC LIRS 2Q,4,24 24 24 24,96,10000,7992,2008,0.7992,7992,2008,0.7992,0
configs/exp4/lfu_arc_lirs_arc.cfg,experiments/data/hot8_scan_c96_seed45.in,LFU ARC LIRS ARC,4,24 24 24 24,96,10000,7992,2008,0.7992,7992,2008,0.7992,0
configs/exp4/lfu_arc_lirs_lfu.cfg,experiments/data/hot8_scan_c96_seed45.in,LFU ARC LIRS LFU,4,24 24 24 24,96,10000,7992,2008,0.7992,7992,2008,0.7992,0
configs/exp4/lfu_arc_lirs_lirs.cfg,experiments/data/hot8_scan_c96_seed45.in,LFU ARC LIRS LIRS,4,24 24 24 24,96,10000,7992,2008,0.7992,7992,2008,0.7992,0
configs/exp4/lfu_arc_lirs_lru.cfg,experiments/data/hot8_scan_c96_seed45.in,LFU ARC LIRS LRU,4,24 24 24 24,96,10000,7992,2008,0.7992,7992,2008,0.7992,0
configs/exp4/lfu_arc_lru.cfg,experiments/data/hot8_scan_c96_seed45.in,LFU ARC LRU,3,32 32 32,96,10000,7992,2008,0.7992,7992,2008,0.7992,0
configs/exp4/lfu_arc_lru_2q.cfg,experiments/data/hot8_scan_c96_seed45.in,LFU ARC LRU 2Q,4,24 24 24 24,96,10000,7992,2008,0.7992,7992,2008,0.7992,0
configs/exp4/lfu_arc_lru_arc.cfg,experiments/data/hot8_scan_c96_seed45.in,LFU ARC LRU ARC,4,24 24 24 24,96,10000,7992,2008,0.7992,7992,2008,0.7992,0
configs/exp4/lfu_arc_lru_lfu.cfg,experiments/data/hot8_scan_c96_seed45.in,LFU ARC LRU LFU,4,24 24 24 24,96,10000,7992,2008,0.7992,7992,2008,0.7992,0
configs/exp4/lfu_arc_lru_lirs.cfg,experiments/data/hot8_scan_c96_seed45.in,LFU ARC LRU LIRS,4,24 24 24 24,96,10000,7992,2008,0.7992,7992,2008,0.7992,0
configs/exp4/lfu_arc_lru_lru.cfg,experiments/data/hot8_scan_c96_seed45.in,LFU ARC LRU LRU,4,24 24 24 24,96,10000,7992,2008,0.7992,7992,2008,0.7992,0
configs/exp4/lfu_lfu_2q.cfg,experiments/data/hot8_scan_c96_seed45.in,LFU LFU 2Q,3,32 32 32,96,10000,7992,2008,0.7992,7992,2008,0.7992,0
configs/exp4/lfu_lfu_2q_2q.cfg,experiments/data/hot8_scan_c96_seed45.in,LFU LFU 2Q 2Q,4,24 24 24 24,96,10000,7992,2008,0.7992,7992,2008,0.7992,0
configs/exp4/lfu_lfu_2q_arc.cfg,experiments/data/hot8_scan_c96_seed45.in,LFU LFU 2Q ARC,4,24 24 24 24,96,10000,7992,2008,0.7992,7992,2008,0.7992,0
configs/exp4/lfu_lfu_2q_lfu.cfg,experiments/data/hot8_scan_c96_seed45.in,LFU LFU 2Q LFU,4,24 24 24 24,96,10000,7992,2008,0.7992,7992,2008,0.7992,0
configs/exp4/lfu_lfu_2q_lirs.cfg,experiments/data/hot8_scan_c96_seed45.in,LFU LFU 2Q LIRS,4,24 24 24 24,96,10000,7992,2008,0.7992,7992,2008,0.7992,0
configs/exp4/lfu_lfu_2q_lru.cfg,experiments/data/hot8_scan_c96_seed45.in,LFU LFU 2Q LRU,4,24 24 24 24,96,10000,7992,2008,0.7992,7992,2008,0.7992,0
configs/exp4/lfu_lfu_arc.cfg,experiments/data/hot8_scan_c96_seed45.in,LFU LFU ARC,3,32 32 32,96,10000,7992,2008,0.7992,7992,2008,0.7992,0
configs/exp4/lfu_lfu_arc_2q.cfg,experiments/data/hot8_scan_c96_seed45.in,LFU LFU ARC 2Q,4,24 24 24 24,96,10000,7992,2008,0.7992,7992,2008,0.7992,0
configs/exp4/lfu_lfu_arc_arc.cfg,experiments/data/hot8_scan_c96_seed45.in,LFU LFU ARC ARC,4,24 24 24 24,96,10000,7992,2008,0.7992,7992,2008,0.7992,0
configs/exp4/lfu_lfu_arc_lfu.cfg,experiments/data/hot8_scan_c96_seed45.in,LFU LFU ARC LFU,4,24 24 24 24,96,10000,7992,2008,0.7992,7992,2008,0.7992,0
configs/exp4/lfu_lfu_arc_lirs.cfg,experiments/data/hot8_scan_c96_seed45.in,LFU LFU ARC LIRS,4,24 24 24 24,96,10000,7992,2008,0.7992,7992,2008,0.7992,0
configs/exp4/lfu_lfu_arc_lru.cfg,experiments/data/hot8_scan_c96_seed45.in,LFU LFU ARC LRU,4,24 24 24 24,96,10000,7992,2008,0.7992,7992,2008,0.7992,0
configs/exp4/lfu_lfu_lfu_2q.cfg,experiments/data/hot8_scan_c96_seed45.in,LFU LFU LFU 2Q,4,24 24 24 24,96,10000,7992,2008,0.7992,7992,2008,0.7992,0
configs/exp4/lfu_lfu_lfu_arc.cfg,experiments/data/hot8_scan_c96_seed45.in,LFU LFU LFU ARC,4,24 24 24 24,96,10000,7992,2008,0.7992,7992,2008,0.7992,0
configs/exp4/lfu_lfu_lfu_lirs.cfg,experiments/data/hot8_scan_c96_seed45.in,LFU LFU LFU LIRS,4,24 24 24 24,96,10000,7992,2008,0.7992,7992,2008,0.7992,0
configs/exp4/lfu_lfu_lfu_lru.cfg,experiments/data/hot8_scan_c96_seed45.in,LFU LFU LFU LRU,4,24 24 24 24,96,10000,7992,2008,0.7992,7992,2008,0.7992,0
configs/exp4/lfu_lfu_lirs.cfg,experiments/data/hot8_scan_c96_seed45.in,LFU LFU LIRS,3,32 32 32,96,10000,7992,2008,0.7992,7992,2008,0.7992,0
configs/exp4/lfu_lfu_lirs_2q.cfg,experiments/data/hot8_scan_c96_seed45.in,LFU LFU LIRS 2Q,4,24 24 24 24,96,10000,7992,2008,0.7992,7992,2008,0.7992,0
configs/exp4/lfu_lfu_lirs_arc.cfg,experiments/data/hot8_scan_c96_seed45.in,LFU LFU LIRS ARC,4,24 24 24 24,96,10000,7992,2008,0.7992,7992,2008,0.7992,0
configs/exp4/lfu_lfu_lirs_lfu.cfg,experiments/data/hot8_scan_c96_seed45.in,LFU LFU LIRS LFU,4,24 24 24 24,96,10000,7992,2008,0.7992,7992,2008,0.7992,0
configs/exp4/lfu_lfu_lirs_lirs.cfg,experiments/data/hot8_scan_c96_seed45.in,LFU LFU LIRS LIRS,4,24 24 24 24,96,10000,7992,2008,0.7992,7992,2008,0.7992,0
configs/exp4/lfu_lfu_lirs_lru.cfg,experiments/data/hot8_scan_c96_seed45.in,LFU LFU LIRS LRU,4,24 24 24 24,96,10000,7992,2008,0.7992,7992,2008,0.7992,0
configs/exp4/lfu_lfu_lru.cfg,experiments/data/hot8_scan_c96_seed45.in,LFU LFU LRU,3,32 32 32,96,10000,7992,2008,0.7992,7992,2008,0.7992,0
configs/exp4/lfu_lfu_lru_2q.cfg,experiments/data/hot8_scan_c96_seed45.in,LFU LFU LRU 2Q,4,24 24 24 24,96,10000,7992,2008,0.7992,7992,2008,0.7992,0
configs/exp4/lfu_lfu_lru_arc.cfg,experiments/data/hot8_scan_c96_seed45.in,LFU LFU LRU ARC,4,24 24 24 24,96,10000,7992,2008,0.7992,7992,2008,0.7992,0
configs/exp4/lfu_lfu_lru_lfu.cfg,experiments/data/hot8_scan_c96_seed45.in,LFU LFU LRU LFU,4,24 24 24 24,96,10000,7992,2008,0.7992,7992,2008,0.7992,0
configs/exp4/lfu_lfu_lru_lirs.cfg,experiments/data/hot8_scan_c96_seed45.in,LFU LFU LRU LIRS,4,24 24 24 24,96,10000,7992,2008,0.7992,7992,2008,0.7992,0
configs/exp4/lfu_lfu_lru_lru.cfg,experiments/data/hot8_scan_c96_seed45.in,LFU LFU LRU LRU,4,24 24 24 24,96,10000,7992,2008,0.7992,7992,2008,0.7992,0
configs/exp4/lfu_lirs.cfg,experiments/data/hot8_scan_c96_seed45.in,LFU LIRS,2,48 48,96,10000,7992,2008,0.7992,7992,2008,0.7992,0
configs/exp4/lfu_lirs_2q.cfg,experiments/data/hot8_scan_c96_seed45.in,LFU LIRS 2Q,3,32 32 32,96,10000,7992,2008,0.7992,7992,2008,0.7992,0
configs/exp4/lfu_lirs_2q_2q.cfg,experiments/data/hot8_scan_c96_seed45.in,LFU LIRS 2Q 2Q,4,24 24 24 24,96,10000,7992,2008,0.7992,7992,2008,0.7992,0
configs/exp4/lfu_lirs_2q_arc.cfg,experiments/data/hot8_scan_c96_seed45.in,LFU LIRS 2Q ARC,4,24 24 24 24,96,10000,7992,2008,0.7992,7992,2008,0.7992,0
configs/exp4/lfu_lirs_2q_lfu.cfg,experiments/data/hot8_scan_c96_seed45.in,LFU LIRS 2Q LFU,4,24 24 24 24,96,10000,7992,2008,0.7992,7992,2008,0.7992,0
configs/exp4/lfu_lirs_2q_lirs.cfg,experiments/data/hot8_scan_c96_seed45.in,LFU LIRS 2Q LIRS,4,24 24 24 24,96,10000,7992,2008,0.7992,7992,2008,0.7992,0
configs/exp4/lfu_lirs_2q_lru.cfg,experiments/data/hot8_scan_c96_seed45.in,LFU LIRS 2Q LRU,4,24 24 24 24,96,10000,7992,2008,0.7992,7992,2008,0.7992,0
configs/exp4/lfu_lirs_arc.cfg,experiments/data/hot8_scan_c96_seed45.in,LFU LIRS ARC,3,32 32 32,96,10000,7992,2008,0.7992,7992,2008,0.7992,0
configs/exp4/lfu_lirs_arc_2q.cfg,experiments/data/hot8_scan_c96_seed45.in,LFU LIRS ARC 2Q,4,24 24 24 24,96,10000,7992,2008,0.7992,7992,2008,0.7992,0
configs/exp4/lfu_lirs_arc_arc.cfg,experiments/data/hot8_scan_c96_seed45.in,LFU LIRS ARC ARC,4,24 24 24 24,96,10000,7992,2008,0.7992,7992,2008,0.7992,0
configs/exp4/lfu_lirs_arc_lfu.cfg,experiments/data/hot8_scan_c96_seed45.in,LFU LIRS ARC LFU,4,24 24 24 24,96,10000,7992,2008,0.7992,7992,2008,0.7992,0
configs/exp4/lfu_lirs_arc_lirs.cfg,experiments/data/hot8_scan_c96_seed45.in,LFU LIRS ARC LIRS,4,24 24 24 24,96,10000,7992,2008,0.7992,7992,2008,0.7992,0
configs/exp4/lfu_lirs_arc_lru.cfg,experiments/data/hot8_scan_c96_seed45.in,LFU LIRS ARC LRU,4,24 24 24 24,96,10000,7992,2008,0.7992,7992,2008,0.7992,0
configs/exp4/lfu_lirs_lfu.cfg,experiments/data/hot8_scan_c96_seed45.in,LFU LIRS LFU,3,32 32 32,96,10000,7992,2008,0.7992,7992,2008,0.7992,0
configs/exp4/lfu_lirs_lfu_2q.cfg,experiments/data/hot8_scan_c96_seed45.in,LFU LIRS LFU 2Q,4,24 24 24 24,96,10000,7992,2008,0.7992,7992,2008,0.7992,0
configs/exp4/lfu_lirs_lfu_arc.cfg,experiments/data/hot8_scan_c96_seed45.in,LFU LIRS LFU ARC,4,24 24 24 24,96,10000,7992,2008,0.7992,7992,2008,0.7992,0
configs/exp4/lfu_lirs_lfu_lfu.cfg,experiments/data/hot8_scan_c96_seed45.in,LFU LIRS LFU LFU,4,24 24 24 24,96,10000,7992,2008,0.7992,7992,2008,0.7992,0
configs/exp4/lfu_lirs_lfu_lirs.cfg,experiments/data/hot8_scan_c96_seed45.in,LFU LIRS LFU LIRS,4,24 24 24 24,96,10000,7992,2008,0.7992,7992,2008,0.7992,0
configs/exp4/lfu_lirs_lfu_lru.cfg,experiments/data/hot8_scan_c96_seed45.in,LFU LIRS LFU LRU,4,24 24 24 24,96,10000,7992,2008,0.7992,7992,2008,0.7992,0
configs/exp4/lfu_lirs_lirs.cfg,experiments/data/hot8_scan_c96_seed45.in,LFU LIRS LIRS,3,32 32 32,96,10000,7992,2008,0.7992,7992,2008,0.7992,0
configs/exp4/lfu_lirs_lirs_2q.cfg,experiments/data/hot8_scan_c96_seed45.in,LFU LIRS LIRS 2Q,4,24 24 24 24,96,10000,7992,2008,0.7992,7992,2008,0.7992,0
configs/exp4/lfu_lirs_lirs_arc.cfg,experiments/data/hot8_scan_c96_seed45.in,LFU LIRS LIRS ARC,4,24 24 24 24,96,10000,7992,2008,0.7992,7992,2008,0.7992,0
configs/exp4/lfu_lirs_lirs_lfu.cfg,experiments/data/hot8_scan_c96_seed45.in,LFU LIRS LIRS LFU,4,24 24 24 24,96,10000,7992,2008,0.7992,7992,2008,0.7992,0
configs/exp4/lfu_lirs_lirs_lirs.cfg,experiments/data/hot8_scan_c96_seed45.in,LFU LIRS LIRS LIRS,4,24 24 24 24,96,10000,7992,2008,0.7992,7992,2008,0.7992,0
configs/exp4/lfu_lirs_lirs_lru.cfg,experiments/data/hot8_scan_c96_seed45.in,LFU LIRS LIRS LRU,4,24 24 24 24,96,10000,7992,2008,0.7992,7992,2008,0.7992,0
configs/exp4/lfu_lirs_lru.cfg,experiments/data/hot8_scan_c96_seed45.in,LFU LIRS LRU,3,32 32 32,96,10000,7992,2008,0.7992,7992,2008,0.7992,0
configs/exp4/lfu_lirs_lru_2q.cfg,experiments/data/hot8_scan_c96_seed45.in,LFU LIRS LRU 2Q,4,24 24 24 24,96,10000,7992,2008,0.7992,7992,2008,0.7992,0
configs/exp4/lfu_lirs_lru_arc.cfg,experiments/data/hot8_scan_c96_seed45.in,LFU LIRS LRU ARC,4,24 24 24 24,96,10000,7992,2008,0.7992,7992,2008,0.7992,0
configs/exp4/lfu_lirs_lru_lfu.cfg,experiments/data/hot8_scan_c96_seed45.in,LFU LIRS LRU LFU,4,24 24 24 24,96,10000,7992,2008,0.7992,7992,2008,0.7992,0
configs/exp4/lfu_lirs_lru_lirs.cfg,experiments/data/hot8_scan_c96_seed45.in,LFU LIRS LRU LIRS,4,24 24 24 24,96,10000,7992,2008,0.7992,7992,2008,0.7992,0
configs/exp4/lfu_lirs_lru_lru.cfg,experiments/data/hot8_scan_c96_seed45.in,LFU LIRS LRU LRU,4,24 24 24 24,96,10000,7992,2008,0.7992,7992,2008,0.7992,0
configs/exp4/lfu_lru.cfg,experiments/data/hot8_scan_c96_seed45.in,LFU LRU,2,48 48,96,10000,7992,2008,0.7992,7992,2008,0.7992,0
configs/exp4/lfu_lru_2q.cfg,experiments/data/hot8_scan_c96_seed45.in,LFU LRU 2Q,3,32 32 32,96,10000,7992,2008,0.7992,7992,2008,0.7992,0
configs/exp4/lfu_lru_2q_2q.cfg,experiments/data/hot8_scan_c96_seed45.in,LFU LRU 2Q 2Q,4,24 24 24 24,96,10000,7992,2008,0.7992,7992,2008,0.7992,0
configs/exp4/lfu_lru_2q_arc.cfg,experiments/data/hot8_scan_c96_seed45.in,LFU LRU 2Q ARC,4,24 24 24 24,96,10000,7992,2008,0.7992,7992,2008,0.7992,0
configs/exp4/lfu_lru_2q_lfu.cfg,experiments/data/hot8_scan_c96_seed45.in,LFU LRU 2Q LFU,4,24 24 24 24,96,10000,7992,2008,0.7992,7992,2008,0.7992,0
configs/exp4/lfu_lru_2q_lirs.cfg,experiments/data/hot8_scan_c96_seed45.in,LFU LRU 2Q LIRS,4,24 24 24 24,96,10000,7992,2008,0.7992,7992,2008,0.7992,0
configs/exp4/lfu_lru_2q_lru.cfg,experiments/data/hot8_scan_c96_seed45.in,LFU LRU 2Q LRU,4,24 24 24 24,96,10000,7992,2008,0.7992,7992,2008,0.7992,0
configs/exp4/lfu_lru_arc.cfg,experiments/data/hot8_scan_c96_seed45.in,LFU LRU ARC,3,32 32 32,96,10000,7992,2008,0.7992,7992,2008,0.7992,0
configs/exp4/lfu_lru_arc_2q.cfg,experiments/data/hot8_scan_c96_seed45.in,LFU LRU ARC 2Q,4,24 24 24 24,96,10000,7992,2008,0.7992,7992,2008,0.7992,0
configs/exp4/lfu_lru_arc_arc.cfg,experiments/data/hot8_scan_c96_seed45.in,LFU LRU ARC ARC,4,24 24 24 24,96,10000,7992,2008,0.7992,7992,2008,0.7992,0
configs/exp4/lfu_lru_arc_lfu.cfg,experiments/data/hot8_scan_c96_seed45.in,LFU LRU ARC LFU,4,24 24 24 24,96,10000,7992,2008,0.7992,7992,2008,0.7992,0
configs/exp4/lfu_lru_arc_lirs.cfg,experiments/data/hot8_scan_c96_seed45.in,LFU LRU ARC LIRS,4,24 24 24 24,96,10000,7992,2008,0.7992,7992,2008,0.7992,0
configs/exp4/lfu_lru_arc_lru.cfg,experiments/data/hot8_scan_c96_seed45.in,LFU LRU ARC LRU,4,24 24 24 24,96,10000,7992,2008,0.7992,7992,2008,0.7992,0
configs/exp4/lfu_lru_lfu.cfg,experiments/data/hot8_scan_c96_seed45.in,LFU LRU LFU,3,32 32 32,96,10000,7992,2008,0.7992,7992,2008,0.7992,0
configs/exp4/lfu_lru_lfu_2q.cfg,experiments/data/hot8_scan_c96_seed45.in,LFU LRU LFU 2Q,4,24 24 24 24,96,10000,7992,2008,0.7992,7992,2008,0.7992,0
configs/exp4/lfu_lru_lfu_arc.cfg,experiments/data/hot8_scan_c96_seed45.in,LFU LRU LFU ARC,4,24 24 24 24,96,10000,7992,2008,0.7992,7992,2008,0.7992,0
configs/exp4/lfu_lru_lfu_lfu.cfg,experiments/data/hot8_scan_c96_seed45.in,LFU LRU LFU LFU,4,24 24 24 24,96,10000,7992,2008,0.7992,7992,2008,0.7992,0
configs/exp4/lfu_lru_lfu_lirs.cfg,experiments/data/hot8_scan_c96_seed45.in,LFU LRU LFU LIRS,4,24 24 24 24,96,10000,7992,2008,0.7992,7992,2008,0.7992,0
configs/exp4/lfu_lru_lfu_lru.cfg,experiments/data/hot8_scan_c96_seed45.in,LFU LRU LFU LRU,4,24 24 24 24,96,10000,7992,2008,0.7992,7992,2008,0.7992,0
configs/exp4/lfu_lru_lirs.cfg,experiments/data/hot8_scan_c96_seed45.in,LFU LRU LIRS,3,32 32 32,96,10000,7992,2008,0.7992,7992,2008,0.7992,0
configs/exp4/lfu_lru_lirs_2q.cfg,experiments/data/hot8_scan_c96_seed45.in,LFU LRU LIRS 2Q,4,24 24 24 24,96,10000,7992,2008,0.7992,7992,2008,0.7992,0
configs/exp4/lfu_lru_lirs_arc.cfg,experiments/data/hot8_scan_c96_seed45.in,LFU LRU LIRS ARC,4,24 24 24 24,96,10000,7992,2008,0.7992,7992,2008,0.7992,0
configs/exp4/lfu_lru_lirs_lfu.cfg,experiments/data/hot8_scan_c96_seed45.in,LFU LRU LIRS LFU,4,24 24 24 24,96,10000,7992,2008,0.7992,7992,2008,0.7992,0
configs/exp4/lfu_lru_lirs_lirs.cfg,experiments/data/hot8_scan_c96_seed45.in,LFU LRU LIRS LIRS,4,24 24 24 24,96,10000,7992,2008,0.7992,7992,2008,0.7992,0
configs/exp4/lfu_lru_lirs_lru.cfg,experiments/data/hot8_scan_c96_seed45.in,LFU LRU LIRS LRU,4,24 24 24 24,96,10000,7992,2008,0.7992,7992,2008,0.7992,0
configs/exp4/lfu_lru_lru.cfg,experiments/data/hot8_scan_c96_seed45.in,LFU LRU LRU,3,32 32 32,96,10000,7992,2008,0.7992,7992,2008,0.7992,0
configs/exp4/lfu_lru_lru_2q.cfg,experiments/data/hot8_scan_c96_seed45.in,LFU LRU LRU 2Q,4,24 24 24 24,96,10000,7992,2008,0.7992,7992,2008,0.7992,0
configs/exp4/lfu_lru_lru_arc.cfg,experiments/data/hot8_scan_c96_seed45.in,LFU LRU LRU ARC,4,24 24 24 24,96,10000,7992,2008,0.7992,7992,2008,0.7992,0
configs/exp4/lfu_lru_lru_lfu.cfg,experiments/data/hot8_scan_c96_seed45.in,LFU LRU LRU LFU,4,24 24 24 24,96,10000,7992,2008,0.7992,7992,2008,0.7992,0
configs/exp4/lfu_lru_lru_lirs.cfg,experiments/data/hot8_scan_c96_seed45.in,LFU LRU LRU LIRS,4,24 24 24 24,96,10000,7992,2008,0.7992,7992,2008,0.7992,0
configs/exp4/lfu_lru_lru_lru.cfg,experiments/data/hot8_scan_c96_seed45.in,LFU LRU LRU LRU,4,24 24 24 24,96,10000,7992,2008,0.7992,7992,2008,0.7992,0
configs/exp4/lirs_2q.cfg,experiments/data/hot8_scan_c96_seed45.in,LIRS 2Q,2,48 48,96,10000,7992,2008,0.7992,7992,2008,0.7992,0
configs/exp4/lirs_2q_2q.cfg,experiments/data/hot8_scan_c96_seed45.in,LIRS 2Q 2Q,3,32 32 32,96,10000,7992,2008,0.7992,7992,2008,0.7992,0
configs/exp4/lirs_2q_2q_2q.cfg,experiments/data/hot8_scan_c96_seed45.in,LIRS 2Q 2Q 2Q,4,24 24 24 24,96,10000,7992,2008,0.7992,7992,2008,0.7992,0
configs/exp4/lirs_2q_2q_arc.cfg,experiments/data/hot8_scan_c96_seed45.in,LIRS 2Q 2Q ARC,4,24 24 24 24,96,10000,7992,2008,0.7992,7992,2008,0.7992,0
configs/exp4/lirs_2q_2q_lfu.cfg,experiments/data/hot8_scan_c96_seed45.in,LIRS 2Q 2Q LFU,4,24 24 24 24,96,10000,7992,2008,0.7992,7992,2008,0.7992,0
configs/exp4/lirs_2q_2q_lirs.cfg,experiments/data/hot8_scan_c96_seed45.in,LIRS 2Q 2Q LIRS,4,24 24 24 24,96,10000,7992,2008,0.7992,7992,2008,0.7992,0
configs/exp4/lirs_2q_2q_lru.cfg,experiments/data/hot8_scan_c96_seed45.in,LIRS 2Q 2Q LRU,4,24 24 24 24,96,10000,7992,2008,0.7992,7992,2008,0.7992,0
configs/exp4/lirs_2q_arc.cfg,experiments/data/hot8_scan_c96_seed45.in,LIRS 2Q ARC,3,32 32 32,96,10000,7992,2008,0.7992,7992,2008,0.7992,0
configs/exp4/lirs_2q_arc_2q.cfg,experiments/data/hot8_scan_c96_seed45.in,LIRS 2Q ARC 2Q,4,24 24 24 24,96,10000,7992,2008,0.7992,7992,2008,0.7992,0
configs/exp4/lirs_2q_arc_arc.cfg,experiments/data/hot8_scan_c96_seed45.in,LIRS 2Q ARC ARC,4,24 24 24 24,96,10000,7992,2008,0.7992,7992,2008,0.7992,0
configs/exp4/lirs_2q_arc_lfu.cfg,experiments/data/hot8_scan_c96_seed45.in,LIRS 2Q ARC LFU,4,24 24 24 24,96,10000,7992,2008,0.7992,7992,2008,0.7992,0
configs/exp4/lirs_2q_arc_lirs.cfg,experiments/data/hot8_scan_c96_seed45.in,LIRS 2Q ARC LIRS,4,24 24 24 24,96,10000,7992,2008,0.7992,7992,2008,0.7992,0
configs/exp4/lirs_2q_arc_lru.cfg,experiments/data/hot8_scan_c96_seed45.in,LIRS 2Q ARC LRU,4,24 24 24 24,96,10000,7992,2008,0.7992,7992,2008,0.7992,0
configs/exp4/lirs_2q_lfu.cfg,experiments/data/hot8_scan_c96_seed45.in,LIRS 2Q LFU,3,32 32 32,96,10000,7992,2008,0.7992,7992,2008,0.7992,0
configs/exp4/lirs_2q_lfu_2q.cfg,experiments/data/hot8_scan_c96_seed45.in,LIRS 2Q LFU 2Q,4,24 24 24 24,96,10000,7992,2008,0.7992,7992,2008,0.7992,0
configs/exp4/lirs_2q_lfu_arc.cfg,experiments/data/hot8_scan_c96_seed45.in,LIRS 2Q LFU ARC,4,24 24 24 24,96,10000,7992,2008,0.7992,7992,2008,0.7992,0
configs/exp4/lirs_2q_lfu_lfu.cfg,experiments/data/hot8_scan_c96_seed45.in,LIRS 2Q LFU LFU,4,24 24 24 24,96,10000,7992,2008,0.7992,7992,2008,0.7992,0
configs/exp4/lirs_2q_lfu_lirs.cfg,experiments/data/hot8_scan_c96_seed45.in,LIRS 2Q LFU LIRS,4,24 24 24 24,96,10000,7992,2008,0.7992,7992,2008,0.7992,0
configs/exp4/lirs_2q_lfu_lru.cfg,experiments/data/hot8_scan_c96_seed45.in,LIRS 2Q LFU LRU,4,24 24 24 24,96,10000,7992,2008,0.7992,7992,2008,0.7992,0
configs/exp4/lirs_2q_lirs.cfg,experiments/data/hot8_scan_c96_seed45.in,LIRS 2Q LIRS,3,32 32 32,96,10000,7992,2008,0.7992,7992,2008,0.7992,0
configs/exp4/lirs_2q_lirs_2q.cfg,experiments/data/hot8_scan_c96_seed45.in,LIRS 2Q LIRS 2Q,4,24 24 24 24,96,10000,7992,2008,0.7992,7992,2008,0.7992,0
configs/exp4/lirs_2q_lirs_arc.cfg,experiments/data/hot8_scan_c96_seed45.in,LIRS 2Q LIRS ARC,4,24 24 24 24,96,10000,7992,2008,0.7992,7992,2008,0.7992,0
configs/exp4/lirs_2q_lirs_lfu.cfg,experiments/data/hot8_scan_c96_seed45.in,LIRS 2Q LIRS LFU,4,24 24 24 24,96,10000,7992,2008,0.7992,7992,2008,0.7992,0
configs/exp4/lirs_2q_lirs_lirs.cfg,experiments/data/hot8_scan_c96_seed45.in,LIRS 2Q LIRS LIRS,4,24 24 24 24,96,10000,7992,2008,0.7992,7992,2008,0.7992,0
configs/exp4/lirs_2q_lirs_lru.cfg,experiments/data/hot8_scan_c96_seed45.in,LIRS 2Q LIRS LRU,4,24 24 24 24,96,10000,7992,2008,0.7992,7992,2008,0.7992,0
configs/exp4/lirs_2q_lru.cfg,experiments/data/hot8_scan_c96_seed45.in,LIRS 2Q LRU,3,32 32 32,96,10000,7992,2008,0.7992,7992,2008,0.7992,0
configs/exp4/lirs_2q_lru_2q.cfg,experiments/data/hot8_scan_c96_seed45.in,LIRS 2Q LRU 2Q,4,24 24 24 24,96,10000,7992,2008,0.7992,7992,2008,0.7992,0
configs/exp4/lirs_2q_lru_arc.cfg,experiments/data/hot8_scan_c96_seed45.in,LIRS 2Q LRU ARC,4,24 24 24 24,96,10000,7992,2008,0.7992,7992,2008,0.7992,0
configs/exp4/lirs_2q_lru_lfu.cfg,experiments/data/hot8_scan_c96_seed45.in,LIRS 2Q LRU LFU,4,24 24 24 24,96,10000,7992,2008,0.7992,7992,2008,0.7992,0
configs/exp4/lirs_2q_lru_lirs.cfg,experiments/data/hot8_scan_c96_seed45.in,LIRS 2Q LRU LIRS,4,24 24 24 24,96,10000,7992,2008,0.7992,7992,2008,0.7992,0
configs/exp4/lirs_2q_lru_lru.cfg,experiments/data/hot8_scan_c96_seed45.in,LIRS 2Q LRU LRU,4,24 24 24 24,96,10000,7992,2008,0.7992,7992,2008,0.7992,0
configs/exp4/lirs_arc.cfg,experiments/data/hot8_scan_c96_seed45.in,LIRS ARC,2,48 48,96,10000,7992,2008,0.7992,7992,2008,0.7992,0
configs/exp4/lirs_arc_2q.cfg,experiments/data/hot8_scan_c96_seed45.in,LIRS ARC 2Q,3,32 32 32,96,10000,7992,2008,0.7992,7992,2008,0.7992,0
configs/exp4/lirs_arc_2q_2q.cfg,experiments/data/hot8_scan_c96_seed45.in,LIRS ARC 2Q 2Q,4,24 24 24 24,96,10000,7992,2008,0.7992,7992,2008,0.7992,0
configs/exp4/lirs_arc_2q_arc.cfg,experiments/data/hot8_scan_c96_seed45.in,LIRS ARC 2Q ARC,4,24 24 24 24,96,10000,7992,2008,0.7992,7992,2008,0.7992,0
configs/exp4/lirs_arc_2q_lfu.cfg,experiments/data/hot8_scan_c96_seed45.in,LIRS ARC 2Q LFU,4,24 24 24 24,96,10000,7992,2008,0.7992,7992,2008,0.7992,0
configs/exp4/lirs_arc_2q_lirs.cfg,experiments/data/hot8_scan_c96_seed45.in,LIRS ARC 2Q LIRS,4,24 24 24 24,96,10000,7992,2008,0.7992,7992,2008,0.7992,0
configs/exp4/lirs_arc_2q_lru.cfg,experiments/data/hot8_scan_c96_seed45.in,LIRS ARC 2Q LRU,4,24 24 24 24,96,10000,7992,2008,0.7992,7992,2008,0.7992,0
configs/exp4/lirs_arc_arc.cfg,experiments/data/hot8_scan_c96_seed45.in,LIRS ARC ARC,3,32 32 32,96,10000,7992,2008,0.7992,7992,2008,0.7992,0
configs/exp4/lirs_arc_arc_2q.cfg,experiments/data/hot8_scan_c96_seed45.in,LIRS ARC ARC 2Q,4,24 24 24 24,96,10000,7992,2008,0.7992,7992,2008,0.7992,0
configs/exp4/lirs_arc_arc_arc.cfg,experiments/data/hot8_scan_c96_seed45.in,LIRS ARC ARC ARC,4,24 24 24 24,96,10000,7992,2008,0.7992,7992,2008,0.7992,0
configs/exp4/lirs_arc_arc_lfu.cfg,experiments/data/hot8_scan_c96_seed45.in,LIRS ARC ARC LFU,4,24 24 24 24,96,10000,7992,2008,0.7992,7992,2008,0.7992,0
configs/exp4/lirs_arc_arc_lirs.cfg,experiments/data/hot8_scan_c96_seed45.in,LIRS ARC ARC LIRS,4,24 24 24 24,96,10000,7992,2008,0.7992,7992,2008,0.7992,0
configs/exp4/lirs_arc_arc_lru.cfg,experiments/data/hot8_scan_c96_seed45.in,LIRS ARC ARC LRU,4,24 24 24 24,96,10000,7992,2008,0.7992,7992,2008,0.7992,0
configs/exp4/lirs_arc_lfu.cfg,experiments/data/hot8_scan_c96_seed45.in,LIRS ARC LFU,3,32 32 32,96,10000,7992,2008,0.7992,7992,2008,0.7992,0
configs/exp4/lirs_arc_lfu_2q.cfg,experiments/data/hot8_scan_c96_seed45.in,LIRS ARC LFU 2Q,4,24 24 24 24,96,10000,7992,2008,0.7992,7992,2008,0.7992,0
configs/exp4/lirs_arc_lfu_arc.cfg,experiments/data/hot8_scan_c96_seed45.in,LIRS ARC LFU ARC,4,24 24 24 24,96,10000,7992,2008,0.7992,7992,2008,0.7992,0
configs/exp4/lirs_arc_lfu_lfu.cfg,experiments/data/hot8_scan_c96_seed45.in,LIRS ARC LFU LFU,4,24 24 24 24,96,10000,7992,2008,0.7992,7992,2008,0.7992,0
configs/exp4/lirs_arc_lfu_lirs.cfg,experiments/data/hot8_scan_c96_seed45.in,LIRS ARC LFU LIRS,4,24 24 24 24,96,10000,7992,2008,0.7992,7992,2008,0.7992,0
configs/exp4/lirs_arc_lfu_lru.cfg,experiments/data/hot8_scan_c96_seed45.in,LIRS ARC LFU LRU,4,24 24 24 24,96,10000,7992,2008,0.7992,7992,2008,0.7992,0
configs/exp4/lirs_arc_lirs.cfg,experiments/data/hot8_scan_c96_seed45.in,LIRS ARC LIRS,3,32 32 32,96,10000,7992,2008,0.7992,7992,2008,0.7992,0
configs/exp4/lirs_arc_lirs_2q.cfg,experiments/data/hot8_scan_c96_seed45.in,LIRS ARC LIRS 2Q,4,24 24 24 24,96,10000,7992,2008,0.7992,7992,2008,0.7992,0
configs/exp4/lirs_arc_lirs_arc.cfg,experiments/data/hot8_scan_c96_seed45.in,LIRS ARC LIRS ARC,4,24 24 24 24,96,10000,7992,2008,0.7992,7992,2008,0.7992,0
configs/exp4/lirs_arc_lirs_lfu.cfg,experiments/data/hot8_scan_c96_seed45.in,LIRS ARC LIRS LFU,4,24 24 24 24,96,10000,7992,2008,0.7992,7992,2008,0.7992,0
configs/exp4/lirs_arc_lirs_lirs.cfg,experiments/data/hot8_scan_c96_seed45.in,LIRS ARC LIRS LIRS,4,24 24 24 24,96,10000,7992,2008,0.7992,7992,2008,0.7992,0
configs/exp4/lirs_arc_lirs_lru.cfg,experiments/data/hot8_scan_c96_seed45.in,LIRS ARC LIRS LRU,4,24 24 24 24,96,10000,7992,2008,0.7992,7992,2008,0.7992,0
configs/exp4/lirs_arc_lru.cfg,experiments/data/hot8_scan_c96_seed45.in,LIRS ARC LRU,3,32 32 32,96,10000,7992,2008,0.7992,7992,2008,0.7992,0
configs/exp4/lirs_arc_lru_2q.cfg,experiments/data/hot8_scan_c96_seed45.in,LIRS ARC LRU 2Q,4,24 24 24 24,96,10000,7992,2008,0.7992,7992,2008,0.7992,0
configs/exp4/lirs_arc_lru_arc.cfg,experiments/data/hot8_scan_c96_seed45.in,LIRS ARC LRU ARC,4,24 24 24 24,96,10000,7992,2008,0.7992,7992,2008,0.7992,0
configs/exp4/lirs_arc_lru_lfu.cfg,experiments/data/hot8_scan_c96_seed45.in,LIRS ARC LRU LFU,4,24 24 24 24,96,10000,7992,2008,0.7992,7992,2008,0.7992,0
configs/exp4/lirs_arc_lru_lirs.cfg,experiments/data/hot8_scan_c96_seed45.in,LIRS ARC LRU LIRS,4,24 24 24 24,96,10000,7992,2008,0.7992,7992,2008,0.7992,0
configs/exp4/lirs_arc_lru_lru.cfg,experiments/data/hot8_scan_c96_seed45.in,LIRS ARC LRU LRU,4,24 24 24 24,96,10000,7992,2008,0.7992,7992,2008,0.7992,0
configs/exp4/lirs_lfu.cfg,experiments/data/hot8_scan_c96_seed45.in,LIRS LFU,2,48 48,96,10000,7992,2008,0.7992,7992,2008,0.7992,0
configs/exp4/lirs_lfu_2q.cfg,experiments/data/hot8_scan_c96_seed45.in,LIRS LFU 2Q,3,32 32 32,96,10000,7992,2008,0.7992,7992,2008,0.7992,0
configs/exp4/lirs_lfu_2q_2q.cfg,experiments/data/hot8_scan_c96_seed45.in,LIRS LFU 2Q 2Q,4,24 24 24 24,96,10000,7992,2008,0.7992,7992,2008,0.7992,0
configs/exp4/lirs_lfu_2q_arc.cfg,experiments/data/hot8_scan_c96_seed45.in,LIRS LFU 2Q ARC,4,24 24 24 24,96,10000,7992,2008,0.7992,7992,2008,0.7992,0
configs/exp4/lirs_lfu_2q_lfu.cfg,experiments/data/hot8_scan_c96_seed45.in,LIRS LFU 2Q LFU,4,24 24 24 24,96,10000,7992,2008,0.7992,7992,2008,0.7992,0
configs/exp4/lirs_lfu_2q_lirs.cfg,experiments/data/hot8_scan_c96_seed45.in,LIRS LFU 2Q LIRS,4,24 24 24 24,96,10000,7992,2008,0.7992,7992,2008,0.7992,0
configs/exp4/lirs_lfu_2q_lru.cfg,experiments/data/hot8_scan_c96_seed45.in,LIRS LFU 2Q LRU,4,24 24 24 24,96,10000,7992,2008,0.7992,7992,2008,0.7992,0
configs/exp4/lirs_lfu_arc.cfg,experiments/data/hot8_scan_c96_seed45.in,LIRS LFU ARC,3,32 32 32,96,10000,7992,2008,0.7992,7992,2008,0.7992,0
configs/exp4/lirs_lfu_arc_2q.cfg,experiments/data/hot8_scan_c96_seed45.in,LIRS LFU ARC 2Q,4,24 24 24 24,96,10000,7992,2008,0.7992,7992,2008,0.7992,0
configs/exp4/lirs_lfu_arc_arc.cfg,experiments/data/hot8_scan_c96_seed45.in,LIRS LFU ARC ARC,4,24 24 24 24,96,10000,7992,2008,0.7992,7992,2008,0.7992,0
configs/exp4/lirs_lfu_arc_lfu.cfg,experiments/data/hot8_scan_c96_seed45.in,LIRS LFU ARC LFU,4,24 24 24 24,96,10000,7992,2008,0.7992,7992,2008,0.7992,0
configs/exp4/lirs_lfu_arc_lirs.cfg,experiments/data/hot8_scan_c96_seed45.in,LIRS LFU ARC LIRS,4,24 24 24 24,96,10000,7992,2008,0.7992,7992,2008,0.7992,0
configs/exp4/lirs_lfu_arc_lru.cfg,experiments/data/hot8_scan_c96_seed45.in,LIRS LFU ARC LRU,4,24 24 24 24,96,10000,7992,2008,0.7992,7992,2008,0.7992,0
configs/exp4/lirs_lfu_lfu.cfg,experiments/data/hot8_scan_c96_seed45.in,LIRS LFU LFU,3,32 32 32,96,10000,7992,2008,0.7992,7992,2008,0.7992,0
configs/exp4/lirs_lfu_lfu_2q.cfg,experiments/data/hot8_scan_c96_seed45.in,LIRS LFU LFU 2Q,4,24 24 24 24,96,10000,7992,2008,0.7992,7992,2008,0.7992,0
configs/exp4/lirs_lfu_lfu_arc.cfg,experiments/data/hot8_scan_c96_seed45.in,LIRS LFU LFU ARC,4,24 24 24 24,96,10000,7992,2008,0.7992,7992,2008,0.7992,0
configs/exp4/lirs_lfu_lfu_lfu.cfg,experiments/data/hot8_scan_c96_seed45.in,LIRS LFU LFU LFU,4,24 24 24 24,96,10000,7992,2008,0.7992,7992,2008,0.7992,0
configs/exp4/lirs_lfu_lfu_lirs.cfg,experiments/data/hot8_scan_c96_seed45.in,LIRS LFU LFU LIRS,4,24 24 24 24,96,10000,7992,2008,0.7992,7992,2008,0.7992,0
configs/exp4/lirs_lfu_lfu_lru.cfg,experiments/data/hot8_scan_c96_seed45.in,LIRS LFU LFU LRU,4,24 24 24 24,96,10000,7992,2008,0.7992,7992,2008,0.7992,0
configs/exp4/lirs_lfu_lirs.cfg,experiments/data/hot8_scan_c96_seed45.in,LIRS LFU LIRS,3,32 32 32,96,10000,7992,2008,0.7992,7992,2008,0.7992,0
configs/exp4/lirs_lfu_lirs_2q.cfg,experiments/data/hot8_scan_c96_seed45.in,LIRS LFU LIRS 2Q,4,24 24 24 24,96,10000,7992,2008,0.7992,7992,2008,0.7992,0
configs/exp4/lirs_lfu_lirs_arc.cfg,experiments/data/hot8_scan_c96_seed45.in,LIRS LFU LIRS ARC,4,24 24 24 24,96,10000,7992,2008,0.7992,7992,2008,0.7992,0
configs/exp4/lirs_lfu_lirs_lfu.cfg,experiments/data/hot8_scan_c96_seed45.in,LIRS LFU LIRS LFU,4,24 24 24 24,96,10000,7992,2008,0.7992,7992,2008,0.7992,0
configs/exp4/lirs_lfu_lirs_lirs.cfg,experiments/data/hot8_scan_c96_seed45.in,LIRS LFU LIRS LIRS,4,24 24 24 24,96,10000,7992,2008,0.7992,7992,2008,0.7992,0
configs/exp4/lirs_lfu_lirs_lru.cfg,experiments/data/hot8_scan_c96_seed45.in,LIRS LFU LIRS LRU,4,24 24 24 24,96,10000,7992,2008,0.7992,7992,2008,0.7992,0
configs/exp4/lirs_lfu_lru.cfg,experiments/data/hot8_scan_c96_seed45.in,LIRS LFU LRU,3,32 32 32,96,10000,7992,2008,0.7992,7992,2008,0.7992,0
configs/exp4/lirs_lfu_lru_2q.cfg,experiments/data/hot8_scan_c96_seed45.in,LIRS LFU LRU 2Q,4,24 24 24 24,96,10000,7992,2008,0.7992,7992,2008,0.7992,0
configs/exp4/lirs_lfu_lru_arc.cfg,experiments/data/hot8_scan_c96_seed45.in,LIRS LFU LRU ARC,4,24 24 24 24,96,10000,7992,2008,0.7992,7992,2008,0.7992,0
configs/exp4/lirs_lfu_lru_lfu.cfg,experiments/data/hot8_scan_c96_seed45.in,LIRS LFU LRU LFU,4,24 24 24 24,96,10000,7992,2008,0.7992,7992,2008,0.7992,0
configs/exp4/lirs_lfu_lru_lirs.cfg,experiments/data/hot8_scan_c96_seed45.in,LIRS LFU LRU LIRS,4,24 24 24 24,96,10000,7992,2008,0.7992,7992,2008,0.7992,0
configs/exp4/lirs_lfu_lru_lru.cfg,experiments/data/hot8_scan_c96_seed45.in,LIRS LFU LRU LRU,4,24 24 24 24,96,10000,7992,2008,0.7992,7992,2008,0.7992,0
configs/exp4/lirs_lirs_2q.cfg,experiments/data/hot8_scan_c96_seed45.in,LIRS LIRS 2Q,3,32 32 32,96,10000,7992,2008,0.7992,7992,2008,0.7992,0
configs/exp4/lirs_lirs_2q_2q.cfg,experiments/data/hot8_scan_c96_seed45.in,LIRS LIRS 2Q 2Q,4,24 24 24 24,96,10000,7992,2008,0.7992,7992,2008,0.7992,0
configs/exp4/lirs_lirs_2q_arc.cfg,experiments/data/hot8_scan_c96_seed45.in,LIRS LIRS 2Q ARC,4,24 24 24 24,96,10000,7992,2008,0.7992,7992,2008,0.7992,0
configs/exp4/lirs_lirs_2q_lfu.cfg,experiments/data/hot8_scan_c96_seed45.in,LIRS LIRS 2Q LFU,4,24 24 24 24,96,10000,7992,2008,0.7992,7992,2008,0.7992,0
configs/exp4/lirs_lirs_2q_lirs.cfg,experiments/data/hot8_scan_c96_seed45.in,LIRS LIRS 2Q LIRS,4,24 24 24 24,96,10000,7992,2008,0.7992,7992,2008,0.7992,0
configs/exp4/lirs_lirs_2q_lru.cfg,experiments/data/hot8_scan_c96_seed45.in,LIRS LIRS 2Q LRU,4,24 24 24 24,96,10000,7992,2008,0.7992,7992,2008,0.7992,0
configs/exp4/lirs_lirs_arc.cfg,experiments/data/hot8_scan_c96_seed45.in,LIRS LIRS ARC,3,32 32 32,96,10000,7992,2008,0.7992,7992,2008,0.7992,0
configs/exp4/lirs_lirs_arc_2q.cfg,experiments/data/hot8_scan_c96_seed45.in,LIRS LIRS ARC 2Q,4,24 24 24 24,96,10000,7992,2008,0.7992,7992,2008,0.7992,0
configs/exp4/lirs_lirs_arc_arc.cfg,experiments/data/hot8_scan_c96_seed45.in,LIRS LIRS ARC ARC,4,24 24 24 24,96,10000,7992,2008,0.7992,7992,2008,0.7992,0
configs/exp4/lirs_lirs_arc_lfu.cfg,experiments/data/hot8_scan_c96_seed45.in,LIRS LIRS ARC LFU,4,24 24 24 24,96,10000,7992,2008,0.7992,7992,2008,0.7992,0
configs/exp4/lirs_lirs_arc_lirs.cfg,experiments/data/hot8_scan_c96_seed45.in,LIRS LIRS ARC LIRS,4,24 24 24 24,96,10000,7992,2008,0.7992,7992,2008,0.7992,0
configs/exp4/lirs_lirs_arc_lru.cfg,experiments/data/hot8_scan_c96_seed45.in,LIRS LIRS ARC LRU,4,24 24 24 24,96,10000,7992,2008,0.7992,7992,2008,0.7992,0
configs/exp4/lirs_lirs_lfu.cfg,experiments/data/hot8_scan_c96_seed45.in,LIRS LIRS LFU,3,32 32 32,96,10000,7992,2008,0.7992,7992,2008,0.7992,0
configs/exp4/lirs_lirs_lfu_2q.cfg,experiments/data/hot8_scan_c96_seed45.in,LIRS LIRS LFU 2Q,4,24 24 24 24,96,10000,7992,2008,0.7992,7992,2008,0.7992,0
configs/exp4/lirs_lirs_lfu_arc.cfg,experiments/data/hot8_scan_c96_seed45.in,LIRS LIRS LFU ARC,4,24 24 24 24,96,10000,7992,2008,0.7992,7992,2008,0.7992,0
configs/exp4/lirs_lirs_lfu_lfu.cfg,experiments/data/hot8_scan_c96_seed45.in,LIRS LIRS LFU LFU,4,24 24 24 24,96,10000,7992,2008,0.7992,7992,2008,0.7992,0
configs/exp4/lirs_lirs_lfu_lirs.cfg,experiments/data/hot8_scan_c96_seed45.in,LIRS LIRS LFU LIRS,4,24 24 24 24,96,10000,7992,2008,0.7992,7992,2008,0.7992,0
configs/exp4/lirs_lirs_lfu_lru.cfg,experiments/data/hot8_scan_c96_seed45.in,LIRS LIRS LFU LRU,4,24 24 24 24,96,10000,7992,2008,0.7992,7992,2008,0.7992,0
configs/exp4/lirs_lirs_lirs_2q.cfg,experiments/data/hot8_scan_c96_seed45.in,LIRS LIRS LIRS 2Q,4,24 24 24 24,96,10000,7992,2008,0.7992,7992,2008,0.7992,0
configs/exp4/lirs_lirs_lirs_arc.cfg,experiments/data/hot8_scan_c96_seed45.in,LIRS LIRS LIRS ARC,4,24 24 24 24,96,10000,7992,2008,0.7992,7992,2008,0.7992,0
configs/exp4/lirs_lirs_lirs_lfu.cfg,experiments/data/hot8_scan_c96_seed45.in,LIRS LIRS LIRS LFU,4,24 24 24 24,96,10000,7992,2008,0.7992,7992,2008,0.7992,0
configs/exp4/lirs_lirs_lirs_lru.cfg,experiments/data/hot8_scan_c96_seed45.in,LIRS LIRS LIRS LRU,4,24 24 24 24,96,10000,7992,2008,0.7992,7992,2008,0.7992,0
configs/exp4/lirs_lirs_lru.cfg,experiments/data/hot8_scan_c96_seed45.in,LIRS LIRS LRU,3,32 32 32,96,10000,7992,2008,0.7992,7992,2008,0.7992,0
configs/exp4/lirs_lirs_lru_2q.cfg,experiments/data/hot8_scan_c96_seed45.in,LIRS LIRS LRU 2Q,4,24 24 24 24,96,10000,7992,2008,0.7992,7992,2008,0.7992,0
configs/exp4/lirs_lirs_lru_arc.cfg,experiments/data/hot8_scan_c96_seed45.in,LIRS LIRS LRU ARC,4,24 24 24 24,96,10000,7992,2008,0.7992,7992,2008,0.7992,0
configs/exp4/lirs_lirs_lru_lfu.cfg,experiments/data/hot8_scan_c96_seed45.in,LIRS LIRS LRU LFU,4,24 24 24 24,96,10000,7992,2008,0.7992,7992,2008,0.7992,0
configs/exp4/lirs_lirs_lru_lirs.cfg,experiments/data/hot8_scan_c96_seed45.in,LIRS LIRS LRU LIRS,4,24 24 24 24,96,10000,7992,2008,0.7992,7992,2008,0.7992,0
configs/exp4/lirs_lirs_lru_lru.cfg,experiments/data/hot8_scan_c96_seed45.in,LIRS LIRS LRU LRU,4,24 24 24 24,96,10000,7992,2008,0.7992,7992,2008,0.7992,0
configs/exp4/lirs_lru.cfg,experiments/data/hot8_scan_c96_seed45.in,LIRS LRU,2,48 48,96,10000,7992,2008,0.7992,7992,2008,0.7992,0
configs/exp4/lirs_lru_2q.cfg,experiments/data/hot8_scan_c96_seed45.in,LIRS LRU 2Q,3,32 32 32,96,10000,7992,2008,0.7992,7992,2008,0.7992,0
configs/exp4/lirs_lru_2q_2q.cfg,experiments/data/hot8_scan_c96_seed45.in,LIRS LRU 2Q 2Q,4,24 24 24 24,96,10000,7992,2008,0.7992,7992,2008,0.7992,0
configs/exp4/lirs_lru_2q_arc.cfg,experiments/data/hot8_scan_c96_seed45.in,LIRS LRU 2Q ARC,4,24 24 24 24,96,10000,7992,2008,0.7992,7992,2008,0.7992,0
configs/exp4/lirs_lru_2q_lfu.cfg,experiments/data/hot8_scan_c96_seed45.in,LIRS LRU 2Q LFU,4,24 24 24 24,96,10000,7992,2008,0.7992,7992,2008,0.7992,0
configs/exp4/lirs_lru_2q_lirs.cfg,experiments/data/hot8_scan_c96_seed45.in,LIRS LRU 2Q LIRS,4,24 24 24 24,96,10000,7992,2008,0.7992,7992,2008,0.7992,0
configs/exp4/lirs_lru_2q_lru.cfg,experiments/data/hot8_scan_c96_seed45.in,LIRS LRU 2Q LRU,4,24 24 24 24,96,10000,7992,2008,0.7992,7992,2008,0.7992,0
configs/exp4/lirs_lru_arc.cfg,experiments/data/hot8_scan_c96_seed45.in,LIRS LRU ARC,3,32 32 32,96,10000,7992,2008,0.7992,7992,2008,0.7992,0
configs/exp4/lirs_lru_arc_2q.cfg,experiments/data/hot8_scan_c96_seed45.in,LIRS LRU ARC 2Q,4,24 24 24 24,96,10000,7992,2008,0.7992,7992,2008,0.7992,0
configs/exp4/lirs_lru_arc_arc.cfg,experiments/data/hot8_scan_c96_seed45.in,LIRS LRU ARC ARC,4,24 24 24 24,96,10000,7992,2008,0.7992,7992,2008,0.7992,0
configs/exp4/lirs_lru_arc_lfu.cfg,experiments/data/hot8_scan_c96_seed45.in,LIRS LRU ARC LFU,4,24 24 24 24,96,10000,7992,2008,0.7992,7992,2008,0.7992,0
configs/exp4/lirs_lru_arc_lirs.cfg,experiments/data/hot8_scan_c96_seed45.in,LIRS LRU ARC LIRS,4,24 24 24 24,96,10000,7992,2008,0.7992,7992,2008,0.7992,0
configs/exp4/lirs_lru_arc_lru.cfg,experiments/data/hot8_scan_c96_seed45.in,LIRS LRU ARC LRU,4,24 24 24 24,96,10000,7992,2008,0.7992,7992,2008,0.7992,0
configs/exp4/lirs_lru_lfu.cfg,experiments/data/hot8_scan_c96_seed45.in,LIRS LRU LFU,3,32 32 32,96,10000,7992,2008,0.7992,7992,2008,0.7992,0
configs/exp4/lirs_lru_lfu_2q.cfg,experiments/data/hot8_scan_c96_seed45.in,LIRS LRU LFU 2Q,4,24 24 24 24,96,10000,7992,2008,0.7992,7992,2008,0.7992,0
configs/exp4/lirs_lru_lfu_arc.cfg,experiments/data/hot8_scan_c96_seed45.in,LIRS LRU LFU ARC,4,24 24 24 24,96,10000,7992,2008,0.7992,7992,2008,0.7992,0
configs/exp4/lirs_lru_lfu_lfu.cfg,experiments/data/hot8_scan_c96_seed45.in,LIRS LRU LFU LFU,4,24 24 24 24,96,10000,7992,2008,0.7992,7992,2008,0.7992,0
configs/exp4/lirs_lru_lfu_lirs.cfg,experiments/data/hot8_scan_c96_seed45.in,LIRS LRU LFU LIRS,4,24 24 24 24,96,10000,7992,2008,0.7992,7992,2008,0.7992,0
configs/exp4/lirs_lru_lfu_lru.cfg,experiments/data/hot8_scan_c96_seed45.in,LIRS LRU LFU LRU,4,24 24 24 24,96,10000,7992,2008,0.7992,7992,2008,0.7992,0
configs/exp4/lirs_lru_lirs.cfg,experiments/data/hot8_scan_c96_seed45.in,LIRS LRU LIRS,3,32 32 32,96,10000,7992,2008,0.7992,7992,2008,0.7992,0
configs/exp4/lirs_lru_lirs_2q.cfg,experiments/data/hot8_scan_c96_seed45.in,LIRS LRU LIRS 2Q,4,24 24 24 24,96,10000,7992,2008,0.7992,7992,2008,0.7992,0
configs/exp4/lirs_lru_lirs_arc.cfg,experiments/data/hot8_scan_c96_seed45.in,LIRS LRU LIRS ARC,4,24 24 24 24,96,10000,7992,2008,0.7992,7992,2008,0.7992,0
configs/exp4/lirs_lru_lirs_lfu.cfg,experiments/data/hot8_scan_c96_seed45.in,LIRS LRU LIRS LFU,4,24 24 24 24,96,10000,7992,2008,0.7992,7992,2008,0.7992,0
configs/exp4/lirs_lru_lirs_lirs.cfg,experiments/data/hot8_scan_c96_seed45.in,LIRS LRU LIRS LIRS,4,24 24 24 24,96,10000,7992,2008,0.7992,7992,2008,0.7992,0
configs/exp4/lirs_lru_lirs_lru.cfg,experiments/data/hot8_scan_c96_seed45.in,LIRS LRU LIRS LRU,4,24 24 24 24,96,10000,7992,2008,0.7992,7992,2008,0.7992,0
configs/exp4/lirs_lru_lru.cfg,experiments/data/hot8_scan_c96_seed45.in,LIRS LRU LRU,3,32 32 32,96,10000,7992,2008,0.7992,7992,2008,0.7992,0
configs/exp4/lirs_lru_lru_2q.cfg,experiments/data/hot8_scan_c96_seed45.in,LIRS LRU LRU 2Q,4,24 24 24 24,96,10000,7992,2008,0.7992,7992,2008,0.7992,0
configs/exp4/lirs_lru_lru_arc.cfg,experiments/data/hot8_scan_c96_seed45.in,LIRS LRU LRU ARC,4,24 24 24 24,96,10000,7992,2008,0.7992,7992,2008,0.7992,0
configs/exp4/lirs_lru_lru_lfu.cfg,experiments/data/hot8_scan_c96_seed45.in,LIRS LRU LRU LFU,4,24 24 24 24,96,10000,7992,2008,0.7992,7992,2008,0.7992,0
configs/exp4/lirs_lru_lru_lirs.cfg,experiments/data/hot8_scan_c96_seed45.in,LIRS LRU LRU LIRS,4,24 24 24 24,96,10000,7992,2008,0.7992,7992,2008,0.7992,0
configs/exp4/lirs_lru_lru_lru.cfg,experiments/data/hot8_scan_c96_seed45.in,LIRS LRU LRU LRU,4,24 24 24 24,96,10000,7992,2008,0.7992,7992,2008,0.7992,0
configs/exp4/lru_2q.cfg,experiments/data/hot8_scan_c96_seed45.in,LRU 2Q,2,48 48,96,10000,7992,2008,0.7992,7992,2008,0.7992,0
configs/exp4/lru_2q_2q.cfg,experiments/data/hot8_scan_c96_seed45.in,LRU 2Q 2Q,3,32 32 32,96,10000,7992,2008,0.7992,7992,2008,0.7992,0
configs/exp4/lru_2q_2q_2q.cfg,experiments/data/hot8_scan_c96_seed45.in,LRU 2Q 2Q 2Q,4,24 24 24 24,96,10000,7990,2010,0.799,7992,2008,0.7992,2
configs/exp4/lru_2q_2q_arc.cfg,experiments/data/hot8_scan_c96_seed45.in,LRU 2Q 2Q ARC,4,24 24 24 24,96,10000,7990,2010,0.799,7992,2008,0.7992,2
configs/exp4/lru_2q_2q_lfu.cfg,experiments/data/hot8_scan_c96_seed45.in,LRU 2Q 2Q LFU,4,24 24 24 24,96,10000,7990,2010,0.799,7992,2008,0.7992,2
configs/exp4/lru_2q_2q_lirs.cfg,experiments/data/hot8_scan_c96_seed45.in,LRU 2Q 2Q LIRS,4,24 24 24 24,96,10000,7992,2008,0.7992,7992,2008,0.7992,0
configs/exp4/lru_2q_2q_lru.cfg,experiments/data/hot8_scan_c96_seed45.in,LRU 2Q 2Q LRU,4,24 24 24 24,96,10000,7990,2010,0.799,7992,2008,0.7992,2
configs/exp4/lru_2q_arc.cfg,experiments/data/hot8_scan_c96_seed45.in,LRU 2Q ARC,3,32 32 32,96,10000,7992,2008,0.7992,7992,2008,0.7992,0
configs/exp4/lru_2q_arc_2q.cfg,experiments/data/hot8_scan_c96_seed45.in,LRU 2Q ARC 2Q,4,24 24 24 24,96,10000,7990,2010,0.799,7992,2008,0.7992,2
configs/exp4/lru_2q_arc_arc.cfg,experiments/data/hot8_scan_c96_seed45.in,LRU 2Q ARC ARC,4,24 24 24 24,96,10000,7990,2010,0.799,7992,2008,0.7992,2
configs/exp4/lru_2q_arc_lfu.cfg,experiments/data/hot8_scan_c96_seed45.in,LRU 2Q ARC LFU,4,24 24 24 24,96,10000,7990,2010,0.799,7992,2008,0.7992,2
configs/exp4/lru_2q_arc_lirs.cfg,experiments/data/hot8_scan_c96_seed45.in,LRU 2Q ARC LIRS,4,24 24 24 24,96,10000,7992,2008,0.7992,7992,2008,0.7992,0
configs/exp4/lru_2q_arc_lru.cfg,experiments/data/hot8_scan_c96_seed45.in,LRU 2Q ARC LRU,4,24 24 24 24,96,10000,7990,2010,0.799,7992,2008,0.7992,2
configs/exp4/lru_2q_lfu.cfg,experiments/data/hot8_scan_c96_seed45.in,LRU 2Q LFU,3,32 32 32,96,10000,7992,2008,0.7992,7992,2008,0.7992,0
configs/exp4/lru_2q_lfu_2q.cfg,experiments/data/hot8_scan_c96_seed45.in,LRU 2Q LFU 2Q,4,24 24 24 24,96,10000,7990,2010,0.799,7992,2008,0.7992,2
configs/exp4/lru_2q_lfu_arc.cfg,experiments/data/hot8_scan_c96_seed45.in,LRU 2Q LFU ARC,4,24 24 24 24,96,10000,7990,2010,0.799,7992,2008,0.7992,2
configs/exp4/lru_2q_lfu_lfu.cfg,experiments/data/hot8_scan_c96_seed45.in,LRU 2Q LFU LFU,4,24 24 24 24,96,10000,7990,2010,0.799,7992,2008,0.7992,2
configs/exp4/lru_2q_lfu_lirs.cfg,experiments/data/hot8_scan_c96_seed45.in,LRU 2Q LFU LIRS,4,24 24 24 24,96,10000,7992,2008,0.7992,7992,2008,0.7992,0
configs/exp4/lru_2q_lfu_lru.cfg,experiments/data/hot8_scan_c96_seed45.in,LRU 2Q LFU LRU,4,24 24 24 24,96,10000,7990,2010,0.799,7992,2008,0.7992,2
configs/exp4/lru_2q_lirs.cfg,experiments/data/hot8_scan_c96_seed45.in,LRU 2Q LIRS,3,32 32 32,96,10000,7992,2008,0.7992,7992,2008,0.7992,0
configs/exp4/lru_2q_lirs_2q.cfg,experiments/data/hot8_scan_c96_seed45.in,LRU 2Q LIRS 2Q,4,24 24 24 24,96,10000,7992,2008,0.7992,7992,2008,0.7992,0
configs/exp4/lru_2q_lirs_arc.cfg,experiments/data/hot8_scan_c96_seed45.in,LRU 2Q LIRS ARC,4,24 24 24 24,96,10000,7992,2008,0.7992,7992,2008,0.7992,0
configs/exp4/lru_2q_lirs_lfu.cfg,experiments/data/hot8_scan_c96_seed45.in,LRU 2Q LIRS LFU,4,24 24 24 24,96,10000,7992,2008,0.7992,7992,2008,0.7992,0
configs/exp4/lru_2q_lirs_lirs.cfg,experiments/data/hot8_scan_c96_seed45.in,LRU 2Q LIRS LIRS,4,24 24 24 24,96,10000,7992,2008,0.7992,7992,2008,0.7992,0
configs/exp4/lru_2q_lirs_lru.cfg,experiments/data/hot8_scan_c96_seed45.in,LRU 2Q LIRS LRU,4,24 24 24 24,96,10000,7992,2008,0.7992,7992,2008,0.7992,0
configs/exp4/lru_2q_lru.cfg,experiments/data/hot8_scan_c96_seed45.in,LRU 2Q LRU,3,32 32 32,96,10000,7992,2008,0.7992,7992,2008,0.7992,0
configs/exp4/lru_2q_lru_2q.cfg,experiments/data/hot8_scan_c96_seed45.in,LRU 2Q LRU 2Q,4,24 24 24 24,96,10000,7990,2010,0.799,7992,2008,0.7992,2
configs/exp4/lru_2q_lru_arc.cfg,experiments/data/hot8_scan_c96_seed45.in,LRU 2Q LRU ARC,4,24 24 24 24,96,10000,7990,2010,0.799,7992,2008,0.7992,2
configs/exp4/lru_2q_lru_lfu.cfg,experiments/data/hot8_scan_c96_seed45.in,LRU 2Q LRU LFU,4,24 24 24 24,96,10000,7990,2010,0.799,7992,2008,0.7992,2
configs/exp4/lru_2q_lru_lirs.cfg,experiments/data/hot8_scan_c96_seed45.in,LRU 2Q LRU LIRS,4,24 24 24 24,96,10000,7992,2008,0.7992,7992,2008,0.7992,0
configs/exp4/lru_2q_lru_lru.cfg,experiments/data/hot8_scan_c96_seed45.in,LRU 2Q LRU LRU,4,24 24 24 24,96,10000,7990,2010,0.799,7992,2008,0.7992,2
configs/exp4/lru_arc.cfg,experiments/data/hot8_scan_c96_seed45.in,LRU ARC,2,48 48,96,10000,7992,2008,0.7992,7992,2008,0.7992,0
configs/exp4/lru_arc_2q.cfg,experiments/data/hot8_scan_c96_seed45.in,LRU ARC 2Q,3,32 32 32,96,10000,7992,2008,0.7992,7992,2008,0.7992,0
configs/exp4/lru_arc_2q_2q.cfg,experiments/data/hot8_scan_c96_seed45.in,LRU ARC 2Q 2Q,4,24 24 24 24,96,10000,7990,2010,0.799,7992,2008,0.7992,2
configs/exp4/lru_arc_2q_arc.cfg,experiments/data/hot8_scan_c96_seed45.in,LRU ARC 2Q ARC,4,24 24 24 24,96,10000,7990,2010,0.799,7992,2008,0.7992,2
configs/exp4/lru_arc_2q_lfu.cfg,experiments/data/hot8_scan_c96_seed45.in,LRU ARC 2Q LFU,4,24 24 24 24,96,10000,7990,2010,0.799,7992,2008,0.7992,2
configs/exp4/lru_arc_2q_lirs.cfg,experiments/data/hot8_scan_c96_seed45.in,LRU ARC 2Q LIRS,4,24 24 24 24,96,10000,7992,2008,0.7992,7992,2008,0.7992,0
configs/exp4/lru_arc_2q_lru.cfg,experiments/data/hot8_scan_c96_seed45.in,LRU ARC 2Q LRU,4,24 24 24 24,96,10000,7990,2010,0.799,7992,2008,0.7992,2
configs/exp4/lru_arc_arc.cfg,experiments/data/hot8_scan_c96_seed45.in,LRU ARC ARC,3,32 32 32,96,10000,7992,2008,0.7992,7992,2008,0.7992,0
configs/exp4/lru_arc_arc_2q.cfg,experiments/data/hot8_scan_c96_seed45.in,LRU ARC ARC 2Q,4,24 24 24 24,96,10000,7990,2010,0.799,7992,2008,0.7992,2
configs/exp4/lru_arc_arc_arc.cfg,experiments/data/hot8_scan_c96_seed45.in,LRU ARC ARC ARC,4,24 24 24 24,96,10000,7990,2010,0.799,7992,2008,0.7992,2
configs/exp4/lru_arc_arc_lfu.cfg,experiments/data/hot8_scan_c96_seed45.in,LRU ARC ARC LFU,4,24 24 24 24,96,10000,7990,2010,0.799,7992,2008,0.7992,2
configs/exp4/lru_arc_arc_lirs.cfg,experiments/data/hot8_scan_c96_seed45.in,LRU ARC ARC LIRS,4,24 24 24 24,96,10000,7992,2008,0.7992,7992,2008,0.7992,0
configs/exp4/lru_arc_arc_lru.cfg,experiments/data/hot8_scan_c96_seed45.in,LRU ARC ARC LRU,4,24 24 24 24,96,10000,7990,2010,0.799,7992,2008,0.7992,2
configs/exp4/lru_arc_lfu.cfg,experiments/data/hot8_scan_c96_seed45.in,LRU ARC LFU,3,32 32 32,96,10000,7992,2008,0.7992,7992,2008,0.7992,0
configs/exp4/lru_arc_lfu_2q.cfg,experiments/data/hot8_scan_c96_seed45.in,LRU ARC LFU 2Q,4,24 24 24 24,96,10000,7990,2010,0.799,7992,2008,0.7992,2
configs/exp4/lru_arc_lfu_arc.cfg,experiments/data/hot8_scan_c96_seed45.in,LRU ARC LFU ARC,4,24 24 24 24,96,10000,7990,2010,0.799,7992,2008,0.7992,2
configs/exp4/lru_arc_lfu_lfu.cfg,experiments/data/hot8_scan_c96_seed45.in,LRU ARC LFU LFU,4,24 24 24 24,96,10000,7990,2010,0.799,7992,2008,0.7992,2
configs/exp4/lru_arc_lfu_lirs.cfg,experiments/data/hot8_scan_c96_seed45.in,LRU ARC LFU LIRS,4,24 24 24 24,96,10000,7992,2008,0.7992,7992,2008,0.7992,0
configs/exp4/lru_arc_lfu_lru.cfg,experiments/data/hot8_scan_c96_seed45.in,LRU ARC LFU LRU,4,24 24 24 24,96,10000,7990,2010,0.799,7992,2008,0.7992,2
configs/exp4/lru_arc_lirs.cfg,experiments/data/hot8_scan_c96_seed45.in,LRU ARC LIRS,3,32 32 32,96,10000,7992,2008,0.7992,7992,2008,0.7992,0
configs/exp4/lru_arc_lirs_2q.cfg,experiments/data/hot8_scan_c96_seed45.in,LRU ARC LIRS 2Q,4,24 24 24 24,96,10000,7992,2008,0.7992,7992,2008,0.7992,0
configs/exp4/lru_arc_lirs_arc.cfg,experiments/data/hot8_scan_c96_seed45.in,LRU ARC LIRS ARC,4,24 24 24 24,96,10000,7992,2008,0.7992,7992,2008,0.7992,0
configs/exp4/lru_arc_lirs_lfu.cfg,experiments/data/hot8_scan_c96_seed45.in,LRU ARC LIRS LFU,4,24 24 24 24,96,10000,7992,2008,0.7992,7992,2008,0.7992,0
configs/exp4/lru_arc_lirs_lirs.cfg,experiments/data/hot8_scan_c96_seed45.in,LRU ARC LIRS LIRS,4,24 24 24 24,96,10000,7992,2008,0.7992,7992,2008,0.7992,0
configs/exp4/lru_arc_lirs_lru.cfg,experiments/data/hot8_scan_c96_seed45.in,LRU ARC LIRS LRU,4,24 24 24 24,96,10000,7992,2008,0.7992,7992,2008,0.7992,0
configs/exp4/lru_arc_lru.cfg,experiments/data/hot8_scan_c96_seed45.in,LRU ARC LRU,3,32 32 32,96,10000,7992,2008,0.7992,7992,2008,0.7992,0
configs/exp4/lru_arc_lru_2q.cfg,experiments/data/hot8_scan_c96_seed45.in,LRU ARC LRU 2Q,4,24 24 24 24,96,10000,7990,2010,0.799,7992,2008,0.7992,2
configs/exp4/lru_arc_lru_arc.cfg,experiments/data/hot8_scan_c96_seed45.in,LRU ARC LRU ARC,4,24 24 24 24,96,10000,7990,2010,0.799,7992,2008,0.7992,2
configs/exp4/lru_arc_lru_lfu.cfg,experiments/data/hot8_scan_c96_seed45.in,LRU ARC LRU LFU,4,24 24 24 24,96,10000,7990,2010,0.799,7992,2008,0.7992,2
configs/exp4/lru_arc_lru_lirs.cfg,experiments/data/hot8_scan_c96_seed45.in,LRU ARC LRU LIRS,4,24 24 24 24,96,10000,7992,2008,0.7992,7992,2008,0.7992,0
configs/exp4/lru_arc_lru_lru.cfg,experiments/data/hot8_scan_c96_seed45.in,LRU ARC LRU LRU,4,24 24 24 24,96,10000,7990,2010,0.799,7992,2008,0.7992,2
configs/exp4/lru_lfu.cfg,experiments/data/hot8_scan_c96_seed45.in,LRU LFU,2,48 48,96,10000,7992,2008,0.7992,7992,2008,0.7992,0
configs/exp4/lru_lfu_2q.cfg,experiments/data/hot8_scan_c96_seed45.in,LRU LFU 2Q,3,32 32 32,96,10000,7992,2008,0.7992,7992,2008,0.7992,0
configs/exp4/lru_lfu_2q_2q.cfg,experiments/data/hot8_scan_c96_seed45.in,LRU LFU 2Q 2Q,4,24 24 24 24,96,10000,7990,2010,0.799,7992,2008,0.7992,2
configs/exp4/lru_lfu_2q_arc.cfg,experiments/data/hot8_scan_c96_seed45.in,LRU LFU 2Q ARC,4,24 24 24 24,96,10000,7990,2010,0.799,7992,2008,0.7992,2
configs/exp4/lru_lfu_2q_lfu.cfg,experiments/data/hot8_scan_c96_seed45.in,LRU LFU 2Q LFU,4,24 24 24 24,96,10000,7990,2010,0.799,7992,2008,0.7992,2
configs/exp4/lru_lfu_2q_lirs.cfg,experiments/data/hot8_scan_c96_seed45.in,LRU LFU 2Q LIRS,4,24 24 24 24,96,10000,7992,2008,0.7992,7992,2008,0.7992,0
configs/exp4/lru_lfu_2q_lru.cfg,experiments/data/hot8_scan_c96_seed45.in,LRU LFU 2Q LRU,4,24 24 24 24,96,10000,7990,2010,0.799,7992,2008,0.7992,2
configs/exp4/lru_lfu_arc.cfg,experiments/data/hot8_scan_c96_seed45.in,LRU LFU ARC,3,32 32 32,96,10000,7992,2008,0.7992,7992,2008,0.7992,0
configs/exp4/lru_lfu_arc_2q.cfg,experiments/data/hot8_scan_c96_seed45.in,LRU LFU ARC 2Q,4,24 24 24 24,96,10000,7990,2010,0.799,7992,2008,0.7992,2
configs/exp4/lru_lfu_arc_arc.cfg,experiments/data/hot8_scan_c96_seed45.in,LRU LFU ARC ARC,4,24 24 24 24,96,10000,7990,2010,0.799,7992,2008,0.7992,2
configs/exp4/lru_lfu_arc_lfu.cfg,experiments/data/hot8_scan_c96_seed45.in,LRU LFU ARC LFU,4,24 24 24 24,96,10000,7990,2010,0.799,7992,2008,0.7992,2
configs/exp4/lru_lfu_arc_lirs.cfg,experiments/data/hot8_scan_c96_seed45.in,LRU LFU ARC LIRS,4,24 24 24 24,96,10000,7992,2008,0.7992,7992,2008,0.7992,0
configs/exp4/lru_lfu_arc_lru.cfg,experiments/data/hot8_scan_c96_seed45.in,LRU LFU ARC LRU,4,24 24 24 24,96,10000,7990,2010,0.799,7992,2008,0.7992,2
configs/exp4/lru_lfu_lfu.cfg,experiments/data/hot8_scan_c96_seed45.in,LRU LFU LFU,3,32 32 32,96,10000,7992,2008,0.7992,7992,2008,0.7992,0
configs/exp4/lru_lfu_lfu_2q.cfg,experiments/data/hot8_scan_c96_seed45.in,LRU LFU LFU 2Q,4,24 24 24 24,96,10000,7990,2010,0.799,7992,2008,0.7992,2
configs/exp4/lru_lfu_lfu_arc.cfg,experiments/data/hot8_scan_c96_seed45.in,LRU LFU LFU ARC,4,24 24 24 24,96,10000,7990,2010,0.799,7992,2008,0.7992,2
configs/exp4/lru_lfu_lfu_lfu.cfg,experiments/data/hot8_scan_c96_seed45.in,LRU LFU LFU LFU,4,24 24 24 24,96,10000,7990,2010,0.799,7992,2008,0.7992,2
configs/exp4/lru_lfu_lfu_lirs.cfg,experiments/data/hot8_scan_c96_seed45.in,LRU LFU LFU LIRS,4,24 24 24 24,96,10000,7992,2008,0.7992,7992,2008,0.7992,0
configs/exp4/lru_lfu_lfu_lru.cfg,experiments/data/hot8_scan_c96_seed45.in,LRU LFU LFU LRU,4,24 24 24 24,96,10000,7990,2010,0.799,7992,2008,0.7992,2
configs/exp4/lru_lfu_lirs.cfg,experiments/data/hot8_scan_c96_seed45.in,LRU LFU LIRS,3,32 32 32,96,10000,7992,2008,0.7992,7992,2008,0.7992,0
configs/exp4/lru_lfu_lirs_2q.cfg,experiments/data/hot8_scan_c96_seed45.in,LRU LFU LIRS 2Q,4,24 24 24 24,96,10000,7992,2008,0.7992,7992,2008,0.7992,0
configs/exp4/lru_lfu_lirs_arc.cfg,experiments/data/hot8_scan_c96_seed45.in,LRU LFU LIRS ARC,4,24 24 24 24,96,10000,7992,2008,0.7992,7992,2008,0.7992,0
configs/exp4/lru_lfu_lirs_lfu.cfg,experiments/data/hot8_scan_c96_seed45.in,LRU LFU LIRS LFU,4,24 24 24 24,96,10000,7992,2008,0.7992,7992,2008,0.7992,0
configs/exp4/lru_lfu_lirs_lirs.cfg,experiments/data/hot8_scan_c96_seed45.in,LRU LFU LIRS LIRS,4,24 24 24 24,96,10000,7992,2008,0.7992,7992,2008,0.7992,0
configs/exp4/lru_lfu_lirs_lru.cfg,experiments/data/hot8_scan_c96_seed45.in,LRU LFU LIRS LRU,4,24 24 24 24,96,10000,7992,2008,0.7992,7992,2008,0.7992,0
configs/exp4/lru_lfu_lru.cfg,experiments/data/hot8_scan_c96_seed45.in,LRU LFU LRU,3,32 32 32,96,10000,7992,2008,0.7992,7992,2008,0.7992,0
configs/exp4/lru_lfu_lru_2q.cfg,experiments/data/hot8_scan_c96_seed45.in,LRU LFU LRU 2Q,4,24 24 24 24,96,10000,7990,2010,0.799,7992,2008,0.7992,2
configs/exp4/lru_lfu_lru_arc.cfg,experiments/data/hot8_scan_c96_seed45.in,LRU LFU LRU ARC,4,24 24 24 24,96,10000,7990,2010,0.799,7992,2008,0.7992,2
configs/exp4/lru_lfu_lru_lfu.cfg,experiments/data/hot8_scan_c96_seed45.in,LRU LFU LRU LFU,4,24 24 24 24,96,10000,7990,2010,0.799,7992,2008,0.7992,2
configs/exp4/lru_lfu_lru_lirs.cfg,experiments/data/hot8_scan_c96_seed45.in,LRU LFU LRU LIRS,4,24 24 24 24,96,10000,7992,2008,0.7992,7992,2008,0.7992,0
configs/exp4/lru_lfu_lru_lru.cfg,experiments/data/hot8_scan_c96_seed45.in,LRU LFU LRU LRU,4,24 24 24 24,96,10000,7990,2010,0.799,7992,2008,0.7992,2
configs/exp4/lru_lirs.cfg,experiments/data/hot8_scan_c96_seed45.in,LRU LIRS,2,48 48,96,10000,7992,2008,0.7992,7992,2008,0.7992,0
configs/exp4/lru_lirs_2q.cfg,experiments/data/hot8_scan_c96_seed45.in,LRU LIRS 2Q,3,32 32 32,96,10000,7992,2008,0.7992,7992,2008,0.7992,0
configs/exp4/lru_lirs_2q_2q.cfg,experiments/data/hot8_scan_c96_seed45.in,LRU LIRS 2Q 2Q,4,24 24 24 24,96,10000,7992,2008,0.7992,7992,2008,0.7992,0
configs/exp4/lru_lirs_2q_arc.cfg,experiments/data/hot8_scan_c96_seed45.in,LRU LIRS 2Q ARC,4,24 24 24 24,96,10000,7992,2008,0.7992,7992,2008,0.7992,0
configs/exp4/lru_lirs_2q_lfu.cfg,experiments/data/hot8_scan_c96_seed45.in,LRU LIRS 2Q LFU,4,24 24 24 24,96,10000,7992,2008,0.7992,7992,2008,0.7992,0
configs/exp4/lru_lirs_2q_lirs.cfg,experiments/data/hot8_scan_c96_seed45.in,LRU LIRS 2Q LIRS,4,24 24 24 24,96,10000,7992,2008,0.7992,7992,2008,0.7992,0
configs/exp4/lru_lirs_2q_lru.cfg,experiments/data/hot8_scan_c96_seed45.in,LRU LIRS 2Q LRU,4,24 24 24 24,96,10000,7992,2008,0.7992,7992,2008,0.7992,0
configs/exp4/lru_lirs_arc.cfg,experiments/data/hot8_scan_c96_seed45.in,LRU LIRS ARC,3,32 32 32,96,10000,7992,2008,0.7992,7992,2008,0.7992,0
configs/exp4/lru_lirs_arc_2q.cfg,experiments/data/hot8_scan_c96_seed45.in,LRU LIRS ARC 2Q,4,24 24 24 24,96,10000,7992,2008,0.7992,7992,2008,0.7992,0
configs/exp4/lru_lirs_arc_arc.cfg,experiments/data/hot8_scan_c96_seed45.in,LRU LIRS ARC ARC,4,24 24 24 24,96,10000,7992,2008,0.7992,7992,2008,0.7992,0
configs/exp4/lru_lirs_arc_lfu.cfg,experiments/data/hot8_scan_c96_seed45.in,LRU LIRS ARC LFU,4,24 24 24 24,96,10000,7992,2008,0.7992,7992,2008,0.7992,0
configs/exp4/lru_lirs_arc_lirs.cfg,experiments/data/hot8_scan_c96_seed45.in,LRU LIRS ARC LIRS,4,24 24 24 24,96,10000,7992,2008,0.7992,7992,2008,0.7992,0
configs/exp4/lru_lirs_arc_lru.cfg,experiments/data/hot8_scan_c96_seed45.in,LRU LIRS ARC LRU,4,24 24 24 24,96,10000,7992,2008,0.7992,7992,2008,0.7992,0
configs/exp4/lru_lirs_lfu.cfg,experiments/data/hot8_scan_c96_seed45.in,LRU LIRS LFU,3,32 32 32,96,10000,7992,2008,0.7992,7992,2008,0.7992,0
configs/exp4/lru_lirs_lfu_2q.cfg,experiments/data/hot8_scan_c96_seed45.in,LRU LIRS LFU 2Q,4,24 24 24 24,96,10000,7992,2008,0.7992,7992,2008,0.7992,0
configs/exp4/lru_lirs_lfu_arc.cfg,experiments/data/hot8_scan_c96_seed45.in,LRU LIRS LFU ARC,4,24 24 24 24,96,10000,7992,2008,0.7992,7992,2008,0.7992,0
configs/exp4/lru_lirs_lfu_lfu.cfg,experiments/data/hot8_scan_c96_seed45.in,LRU LIRS LFU LFU,4,24 24 24 24,96,10000,7992,2008,0.7992,7992,2008,0.7992,0
configs/exp4/lru_lirs_lfu_lirs.cfg,experiments/data/hot8_scan_c96_seed45.in,LRU LIRS LFU LIRS,4,24 24 24 24,96,10000,7992,2008,0.7992,7992,2008,0.7992,0
configs/exp4/lru_lirs_lfu_lru.cfg,experiments/data/hot8_scan_c96_seed45.in,LRU LIRS LFU LRU,4,24 24 24 24,96,10000,7992,2008,0.7992,7992,2008,0.7992,0
configs/exp4/lru_lirs_lirs.cfg,experiments/data/hot8_scan_c96_seed45.in,LRU LIRS LIRS,3,32 32 32,96,10000,7992,2008,0.7992,7992,2008,0.7992,0
configs/exp4/lru_lirs_lirs_2q.cfg,experiments/data/hot8_scan_c96_seed45.in,LRU LIRS LIRS 2Q,4,24 24 24 24,96,10000,7992,2008,0.7992,7992,2008,0.7992,0
configs/exp4/lru_lirs_lirs_arc.cfg,experiments/data/hot8_scan_c96_seed45.in,LRU LIRS LIRS ARC,4,24 24 24 24,96,10000,7992,2008,0.7992,7992,2008,0.7992,0
configs/exp4/lru_lirs_lirs_lfu.cfg,experiments/data/hot8_scan_c96_seed45.in,LRU LIRS LIRS LFU,4,24 24 24 24,96,10000,7992,2008,0.7992,7992,2008,0.7992,0
configs/exp4/lru_lirs_lirs_lirs.cfg,experiments/data/hot8_scan_c96_seed45.in,LRU LIRS LIRS LIRS,4,24 24 24 24,96,10000,7992,2008,0.7992,7992,2008,0.7992,0
configs/exp4/lru_lirs_lirs_lru.cfg,experiments/data/hot8_scan_c96_seed45.in,LRU LIRS LIRS LRU,4,24 24 24 24,96,10000,7992,2008,0.7992,7992,2008,0.7992,0
configs/exp4/lru_lirs_lru.cfg,experiments/data/hot8_scan_c96_seed45.in,LRU LIRS LRU,3,32 32 32,96,10000,7992,2008,0.7992,7992,2008,0.7992,0
configs/exp4/lru_lirs_lru_2q.cfg,experiments/data/hot8_scan_c96_seed45.in,LRU LIRS LRU 2Q,4,24 24 24 24,96,10000,7992,2008,0.7992,7992,2008,0.7992,0
configs/exp4/lru_lirs_lru_arc.cfg,experiments/data/hot8_scan_c96_seed45.in,LRU LIRS LRU ARC,4,24 24 24 24,96,10000,7992,2008,0.7992,7992,2008,0.7992,0
configs/exp4/lru_lirs_lru_lfu.cfg,experiments/data/hot8_scan_c96_seed45.in,LRU LIRS LRU LFU,4,24 24 24 24,96,10000,7992,2008,0.7992,7992,2008,0.7992,0
configs/exp4/lru_lirs_lru_lirs.cfg,experiments/data/hot8_scan_c96_seed45.in,LRU LIRS LRU LIRS,4,24 24 24 24,96,10000,7992,2008,0.7992,7992,2008,0.7992,0
configs/exp4/lru_lirs_lru_lru.cfg,experiments/data/hot8_scan_c96_seed45.in,LRU LIRS LRU LRU,4,24 24 24 24,96,10000,7992,2008,0.7992,7992,2008,0.7992,0
configs/exp4/lru_lru_2q.cfg,experiments/data/hot8_scan_c96_seed45.in,LRU LRU 2Q,3,32 32 32,96,10000,7992,2008,0.7992,7992,2008,0.7992,0
configs/exp4/lru_lru_2q_2q.cfg,experiments/data/hot8_scan_c96_seed45.in,LRU LRU 2Q 2Q,4,24 24 24 24,96,10000,7990,2010,0.799,7992,2008,0.7992,2
configs/exp4/lru_lru_2q_arc.cfg,experiments/data/hot8_scan_c96_seed45.in,LRU LRU 2Q ARC,4,24 24 24 24,96,10000,7990,2010,0.799,7992,2008,0.7992,2
configs/exp4/lru_lru_2q_lfu.cfg,experiments/data/hot8_scan_c96_seed45.in,LRU LRU 2Q LFU,4,24 24 24 24,96,10000,7990,2010,0.799,7992,2008,0.7992,2
configs/exp4/lru_lru_2q_lirs.cfg,experiments/data/hot8_scan_c96_seed45.in,LRU LRU 2Q LIRS,4,24 24 24 24,96,10000,7992,2008,0.7992,7992,2008,0.7992,0
configs/exp4/lru_lru_2q_lru.cfg,experiments/data/hot8_scan_c96_seed45.in,LRU LRU 2Q LRU,4,24 24 24 24,96,10000,7990,2010,0.799,7992,2008,0.7992,2
configs/exp4/lru_lru_arc.cfg,experiments/data/hot8_scan_c96_seed45.in,LRU LRU ARC,3,32 32 32,96,10000,7992,2008,0.7992,7992,2008,0.7992,0
configs/exp4/lru_lru_arc_2q.cfg,experiments/data/hot8_scan_c96_seed45.in,LRU LRU ARC 2Q,4,24 24 24 24,96,10000,7990,2010,0.799,7992,2008,0.7992,2
configs/exp4/lru_lru_arc_arc.cfg,experiments/data/hot8_scan_c96_seed45.in,LRU LRU ARC ARC,4,24 24 24 24,96,10000,7990,2010,0.799,7992,2008,0.7992,2
configs/exp4/lru_lru_arc_lfu.cfg,experiments/data/hot8_scan_c96_seed45.in,LRU LRU ARC LFU,4,24 24 24 24,96,10000,7990,2010,0.799,7992,2008,0.7992,2
configs/exp4/lru_lru_arc_lirs.cfg,experiments/data/hot8_scan_c96_seed45.in,LRU LRU ARC LIRS,4,24 24 24 24,96,10000,7992,2008,0.7992,7992,2008,0.7992,0
configs/exp4/lru_lru_arc_lru.cfg,experiments/data/hot8_scan_c96_seed45.in,LRU LRU ARC LRU,4,24 24 24 24,96,10000,7990,2010,0.799,7992,2008,0.7992,2
configs/exp4/lru_lru_lfu.cfg,experiments/data/hot8_scan_c96_seed45.in,LRU LRU LFU,3,32 32 32,96,10000,7992,2008,0.7992,7992,2008,0.7992,0
configs/exp4/lru_lru_lfu_2q.cfg,experiments/data/hot8_scan_c96_seed45.in,LRU LRU LFU 2Q,4,24 24 24 24,96,10000,7990,2010,0.799,7992,2008,0.7992,2
configs/exp4/lru_lru_lfu_arc.cfg,experiments/data/hot8_scan_c96_seed45.in,LRU LRU LFU ARC,4,24 24 24 24,96,10000,7990,2010,0.799,7992,2008,0.7992,2
configs/exp4/lru_lru_lfu_lfu.cfg,experiments/data/hot8_scan_c96_seed45.in,LRU LRU LFU LFU,4,24 24 24 24,96,10000,7990,2010,0.799,7992,2008,0.7992,2
configs/exp4/lru_lru_lfu_lirs.cfg,experiments/data/hot8_scan_c96_seed45.in,LRU LRU LFU LIRS,4,24 24 24 24,96,10000,7992,2008,0.7992,7992,2008,0.7992,0
configs/exp4/lru_lru_lfu_lru.cfg,experiments/data/hot8_scan_c96_seed45.in,LRU LRU LFU LRU,4,24 24 24 24,96,10000,7990,2010,0.799,7992,2008,0.7992,2
configs/exp4/lru_lru_lirs.cfg,experiments/data/hot8_scan_c96_seed45.in,LRU LRU LIRS,3,32 32 32,96,10000,7992,2008,0.7992,7992,2008,0.7992,0
configs/exp4/lru_lru_lirs_2q.cfg,experiments/data/hot8_scan_c96_seed45.in,LRU LRU LIRS 2Q,4,24 24 24 24,96,10000,7992,2008,0.7992,7992,2008,0.7992,0
configs/exp4/lru_lru_lirs_arc.cfg,experiments/data/hot8_scan_c96_seed45.in,LRU LRU LIRS ARC,4,24 24 24 24,96,10000,7992,2008,0.7992,7992,2008,0.7992,0
configs/exp4/lru_lru_lirs_lfu.cfg,experiments/data/hot8_scan_c96_seed45.in,LRU LRU LIRS LFU,4,24 24 24 24,96,10000,7992,2008,0.7992,7992,2008,0.7992,0
configs/exp4/lru_lru_lirs_lirs.cfg,experiments/data/hot8_scan_c96_seed45.in,LRU LRU LIRS LIRS,4,24 24 24 24,96,10000,7992,2008,0.7992,7992,2008,0.7992,0
configs/exp4/lru_lru_lirs_lru.cfg,experiments/data/hot8_scan_c96_seed45.in,LRU LRU LIRS LRU,4,24 24 24 24,96,10000,7992,2008,0.7992,7992,2008,0.7992,0
configs/exp4/lru_lru_lru_2q.cfg,experiments/data/hot8_scan_c96_seed45.in,LRU LRU LRU 2Q,4,24 24 24 24,96,10000,7990,2010,0.799,7992,2008,0.7992,2
configs/exp4/lru_lru_lru_arc.cfg,experiments/data/hot8_scan_c96_seed45.in,LRU LRU LRU ARC,4,24 24 24 24,96,10000,7990,2010,0.799,7992,2008,0.7992,2
configs/exp4/lru_lru_lru_lfu.cfg,experiments/data/hot8_scan_c96_seed45.in,LRU LRU LRU LFU,4,24 24 24 24,96,10000,7990,2010,0.799,7992,2008,0.7992,2
configs/exp4/lru_lru_lru_lirs.cfg,experiments/data/hot8_scan_c96_seed45.in,LRU LRU LRU LIRS,4,24 24 24 24,96,10000,7992,2008,0.7992,7992,2008,0.7992,0
configs/exp4/2q_2q_2q_arc.cfg,experiments/data/phases24_c12_seed45.in,2Q 2Q 2Q ARC,4,3 3 3 3,12,10000,2325,7675,0.2325,7245,2755,0.7245,4920
configs/exp4/2q_2q_2q_lfu.cfg,experiments/data/phases24_c12_seed45.in,2Q 2Q 2Q LFU,4,3 3 3 3,12,10000,1905,8095,0.1905,7245,2755,0.7245,5340
configs/exp4/2q_2q_2q_lirs.cfg,experiments/data/phases24_c12_seed45.in,2Q 2Q 2Q LIRS,4,3 3 3 3,12,10000,2310,7690,0.231,7245,2755,0.7245,4935
configs/exp4/2q_2q_2q_lru.cfg,experiments/data/phases24_c12_seed45.in,2Q 2Q 2Q LRU,4,3 3 3 3,12,10000,2379,7621,0.2379,7245,2755,0.7245,4866
configs/exp4/2q_2q_arc.cfg,experiments/data/phases24_c12_seed45.in,2Q 2Q ARC,3,4 4 4,12,10000,2892,7108,0.2892,7245,2755,0.7245,4353
configs/exp4/2q_2q_arc_2q.cfg,experiments/data/phases24_c12_seed45.in,2Q 2Q ARC 2Q,4,3 3 3 3,12,10000,2620,7380,0.262,7245,2755,0.7245,4625
configs/exp4/2q_2q_arc_arc.cfg,experiments/data/phases24_c12_seed45.in,2Q 2Q ARC ARC,4,3 3 3 3,12,10000,2455,7545,0.2455,7245,2755,0.7245,4790
configs/exp4/2q_2q_arc_lfu.cfg,experiments/data/phases24_c12_seed45.in,2Q 2Q ARC LFU,4,3 3 3 3,12,10000,2325,7675,0.2325,7245,2755,0.7245,4920
configs/exp4/2q_2q_arc_lirs.cfg,experiments/data/phases24_c12_seed45.in,2Q 2Q ARC LIRS,4,3 3 3 3,12,10000,2680,7320,0.268,7245,2755,0.7245,4565
configs/exp4/2q_2q_arc_lru.cfg,experiments/data/phases24_c12_seed45.in,2Q 2Q ARC LRU,4,3 3 3 3,12,10000,2428,7572,0.2428,7245,2755,0.7245,4817
configs/exp4/2q_2q_lfu.cfg,experiments/data/phases24_c12_seed45.in,2Q 2Q LFU,3,4 4 4,12,10000,2259,7741,0.2259,7245,2755,0.7245,4986
configs/exp4/2q_2q_lfu_2q.cfg,experiments/data/phases24_c12_seed45.in,2Q 2Q LFU 2Q,4,3 3 3 3,12,10000,1953,8047,0.1953,7245,2755,0.7245,5292
configs/exp4/2q_2q_lfu_arc.cfg,experiments/data/phases24_c12_seed45.in,2Q 2Q LFU ARC,4,3 3 3 3,12,10000,2356,7644,0.2356,7245,2755,0.7245,4889
configs/exp4/2q_2q_lfu_lfu.cfg,experiments/data/phases24_c12_seed45.in,2Q 2Q LFU LFU,4,3 3 3 3,12,10000,1901,8099,0.1901,7245,2755,0.7245,5344
configs/exp4/2q_2q_lfu_lirs.cfg,experiments/data/phases24_c12_seed45.in,2Q 2Q LFU LIRS,4,3 3 3 3,12,10000,2314,7686,0.2314,7245,2755,0.7245,4931
configs/exp4/2q_2q_lfu_lru.cfg,experiments/data/phases24_c12_seed45.in,2Q 2Q LFU LRU,4,3 3 3 3,12,10000,2374,7626,0.2374,7245,2755,0.7245,4871
configs/exp4/2q_2q_lirs.cfg,experiments/data/phases24_c12_seed45.in,2Q 2Q LIRS,3,4 4 4,12,10000,2739,7261,0.2739,7245,2755,0.7245,4506
configs/exp4/2q_2q_lirs_2q.cfg,experiments/data/phases24_c12_seed45.in,2Q 2Q LIRS 2Q,4,3 3 3 3,12,10000,2454,7546,0.2454,7245,2755,0.7245,4791
configs/exp4/2q_2q_lirs_arc.cfg,experiments/data/phases24_c12_seed45.in,2Q 2Q LIRS ARC,4,3 3 3 3,12,10000,2647,7353,0.2647,7245,2755,0.7245,4598
configs/exp4/2q_2q_lirs_lfu.cfg,experiments/data/phases24_c12_seed45.in,2Q 2Q LIRS LFU,4,3 3 3 3,12,10000,2303,7697,0.2303,7245,2755,0.7245,4942
configs/exp4/2q_2q_lirs_lirs.cfg,experiments/data/phases24_c12_seed45.in,2Q 2Q LIRS LIRS,4,3 3 3 3,12,10000,2268,7732,0.2268,7245,2755,0.7245,4977
configs/exp4/2q_2q_lirs_lru.cfg,experiments/data/phases24_c12_seed45.in,2Q 2Q LIRS LRU,4,3 3 3 3,12,10000,2688,7312,0.2688,7245,2755,0.7245,4557
configs/exp4/2q_2q_lru.cfg,experiments/data/phases24_c12_seed45.in,2Q 2Q LRU,3,4 4 4,12,10000,2946,7054,0.2946,7245,2755,0.7245,4299
configs/exp4/2q_2q_lru_2q.cfg,experiments/data/phases24_c12_seed45.in,2Q 2Q LRU 2Q,4,3 3 3 3,12,10000,2537,7463,0.2537,7245,2755,0.7245,4708
configs/exp4/2q_2q_lru_arc.cfg,experiments/data/phases24_c12_seed45.in,2Q 2Q LRU ARC,4,3 3 3 3,12,10000,2613,7387,0.2613,7245,2755,0.7245,4632
configs/exp4/2q_2q_lru_lfu.cfg,experiments/data/phases24_c12_seed45.in,2Q 2Q LRU LFU,4,3 3 3 3,12,10000,2316,7684,0.2316,7245,2755,0.7245,4929
configs/exp4/2q_2q_lru_lirs.cfg,experiments/data/phases24_c12_seed45.in,2Q 2Q LRU LIRS,4,3 3 3 3,12,10000,2728,7272,0.2728,7245,2755,0.7245,4517
configs/exp4/2q_2q_lru_lru.cfg,experiments/data/phases24_c12_seed45.in,2Q 2Q LRU LRU,4,3 3 3 3,12,10000,2237,7763,0.2237,7245,2755,0.7245,5008
configs/exp4/2q_arc.cfg,experiments/data/phases24_c12_seed45.in,2Q ARC,2,6 6,12,10000,3766,6234,0.3766,7245,2755,0.7245,3479
configs/exp4/2q_arc_2q.cfg,experiments/data/phases24_c12_seed45.in,2Q ARC 2Q,3,4 4 4,12,10000,3061,6939,0.3061,7245,2755,0.7245,4184
configs/exp4/2q_arc_2q_2q.cfg,experiments/data/phases24_c12_seed45.in,2Q ARC 2Q 2Q,4,3 3 3 3,12,10000,2566,7434,0.2566,7245,2755,0.7245,4679
configs/exp4/2q_arc_2q_arc.cfg,experiments/data/phases24_c12_seed45.in,2Q ARC 2Q ARC,4,3 3 3 3,12,10000,2652,7348,0.2652,7245,2755,0.7245,4593
configs/exp4/2q_arc_2q_lfu.cfg,experiments/data/phases24_c12_seed45.in,2Q ARC 2Q LFU,4,3 3 3 3,12,10000,2423,7577,0.2423,7245,2755,0.7245,4822
configs/exp4/2q_arc_2q_lirs.cfg,experiments/data/phases24_c12_seed45.in,2Q ARC 2Q LIRS,4,3 3 3 3,12,10000,2796,7204,0.2796,7245,2755,0.7245,4449
configs/exp4/2q_arc_2q_lru.cfg,experiments/data/phases24_c12_seed45.in,2Q ARC 2Q LRU,4,3 3 3 3,12,10000,2598,7402,0.2598,7245,2755,0.7245,4647
configs/exp4/2q_arc_arc.cfg,experiments/data/phases24_c12_seed45.in,2Q ARC ARC,3,4 4 4,12,10000,2824,7176,0.2824,7245,2755,0.7245,4421
configs/exp4/2q_arc_arc_2q.cfg,experiments/data/phases24_c12_seed45.in,2Q ARC ARC 2Q,4,3 3 3 3,12,10000,2591,7409,0.2591,7245,2755,0.7245,4654
configs/exp4/2q_arc_arc_arc.cfg,experiments/data/phases24_c12_seed45.in,2Q ARC ARC ARC,4,3 3 3 3,12,10000,2320,7680,0.232,7245,2755,0.7245,4925
configs/exp4/2q_arc_arc_lfu.cfg,experiments/data/phases24_c12_seed45.in,2Q ARC ARC LFU,4,3 3 3 3,12,10000,2266,7734,0.2266,7245,2755,0.7245,4979
configs/exp4/2q_arc_arc_lirs.cfg,experiments/data/phases24_c12_seed45.in,2Q ARC ARC LIRS,4,3 3 3 3,12,10000,2589,7411,0.2589,7245,2755,0.7245,4656
configs/exp4/2q_arc_arc_lru.cfg,experiments/data/phases24_c12_seed45.in,2Q ARC ARC LRU,4,3 3 3 3,12,10000,2346,7654,0.2346,7245,2755,0.7245,4899
configs/exp4/2q_arc_lfu.cfg,experiments/data/phases24_c12_seed45.in,2Q ARC LFU,3,4 4 4,12,10000,2593,7407,0.2593,7245,2755,0.7245,4652
configs/exp4/2q_arc_lfu_2q.cfg,experiments/data/phases24_c12_seed45.in,2Q ARC LFU 2Q,4,3 3 3 3,12,10000,2446,7554,0.2446,7245,2755,0.7245,4799
configs/exp4/2q_arc_lfu_arc.cfg,experiments/data/phases24_c12_seed45.in,2Q ARC LFU ARC,4,3 3 3 3,12,10000,2281,7719,0.2281,7245,2755,0.7245,4964
configs/exp4/2q_arc_lfu_lfu.cfg,experiments/data/phases24_c12_seed45.in,2Q ARC LFU LFU,4,3 3 3 3,12,10000,2087,7913,0.2087,7245,2755,0.7245,5158
configs/exp4/2q_arc_lfu_lirs.cfg,experiments/data/phases24_c12_seed45.in,2Q ARC LFU LIRS,4,3 3 3 3,12,10000,2435,7565,0.2435,7245,2755,0.7245,4810
configs/exp4/2q_arc_lfu_lru.cfg,experiments/data/phases24_c12_seed45.in,2Q ARC LFU LRU,4,3 3 3 3,12,10000,2220,7780,0.222,7245,2755,0.7245,5025
configs/exp4/2q_arc_lirs.cfg,experiments/data/phases24_c12_seed45.in,2Q ARC LIRS,3,4 4 4,12,10000,3110,6890,0.311,7245,2755,0.7245,4135
configs/exp4/2q_arc_lirs_2q.cfg,experiments/data/phases24_c12_seed45.in,2Q ARC LIRS 2Q,4,3 3 3 3,12,10000,2769,7231,0.2769,7245,2755,0.7245,4476
configs/exp4/2q_arc_lirs_arc.cfg,experiments/data/phases24_c12_seed45.in,2Q ARC LIRS ARC,4,3 3 3 3,12,10000,2597,7403,0.2597,7245,2755,0.7245,4648
configs/exp4/2q_arc_lirs_lfu.cfg,experiments/data/phases24_c12_seed45.in,2Q ARC LIRS LFU,4,3 3 3 3,12,10000,2426,7574,0.2426,7245,2755,0.7245,4819
configs/exp4/2q_arc_lirs_lirs.cfg,experiments/data/phases24_c12_seed45.in,2Q ARC LIRS LIRS,4,3 3 3 3,12,10000,2409,7591,0.2409,7245,2755,0.7245,4836
configs/exp4/2q_arc_lirs_lru.cfg,experiments/data/phases24_c12_seed45.in,2Q ARC LIRS LRU,4,3 3 3 3,12,10000,2549,7451,0.2549,7245,2755,0.7245,4696
configs/exp4/2q_arc_lru.cfg,experiments/data/phases24_c12_seed45.in,2Q ARC LRU,3,4 4 4,12,10000,2767,7233,0.2767,7245,2755,0.7245,4478
configs/exp4/2q_arc_lru_2q.cfg,experiments/data/phases24_c12_seed45.in,2Q ARC LRU 2Q,4,3 3 3 3,12,10000,2289,7711,0.2289,7245,2755,0.7245,4956
configs/exp4/2q_arc_lru_arc.cfg,experiments/data/phases24_c12_seed45.in,2Q ARC LRU ARC,4,3 3 3 3,12,10000,2408,7592,0.2408,7245,2755,0.7245,4837
configs/exp4/2q_arc_lru_lfu.cfg,experiments/data/phases24_c12_seed45.in,2Q ARC LRU LFU,4,3 3 3 3,12,10000,2135,7865,0.2135,7245,2755,0.7245,5110
configs/exp4/2q_arc_lru_lirs.cfg,experiments/data/phases24_c12_seed45.in,2Q ARC LRU LIRS,4,3 3 3 3,12,10000,2548,7452,0.2548,7245,2755,0.7245,4697
configs/exp4/2q_arc_lru_lru.cfg,experiments/data/phases24_c12_seed45.in,2Q ARC LRU LRU,4,3 3 3 3,12,10000,2067,7933,0.2067,7245,2755,0.7245,5178
configs/exp4/2q_lfu.cfg,experiments/data/phases24_c12_seed45.in,2Q LFU,2,6 6,12,10000,2661,7339,0.2661,7245,2755,0.7245,4584
configs/exp4/2q_lfu_2q.cfg,experiments/data/phases24_c12_seed45.in,2Q LFU 2Q,3,4 4 4,12,10000,2327,7673,0.2327,7245,2755,0.7245,4918
configs/exp4/2q_lfu_2q_2q.cfg,experiments/data/phases24_c12_seed45.in,2Q LFU 2Q 2Q,4,3 3 3 3,12,10000,1919,8081,0.1919,7245,2755,0.7245,5326
configs/exp4/2q_lfu_2q_arc.cfg,experiments/data/phases24_c12_seed45.in,2Q LFU 2Q ARC,4,3 3 3 3,12,10000,2378,7622,0.2378,7245,2755,0.7245,4867
configs/exp4/2q_lfu_2q_lfu.cfg,experiments/data/phases24_c12_seed45.in,2Q LFU 2Q LFU,4,3 3 3 3,12,10000,1917,8083,0.1917,7245,2755,0.7245,5328
configs/exp4/2q_lfu_2q_lirs.cfg,experiments/data/phases24_c12_seed45.in,2Q LFU 2Q LIRS,4,3 3 3 3,12,10000,2328,7672,0.2328,7245,2755,0.7245,4917
configs/exp4/2q_lfu_2q_lru.cfg,experiments/data/phases24_c12_seed45.in,2Q LFU 2Q LRU,4,3 3 3 3,12,10000,2409,7591,0.2409,7245,2755,0.7245,4836
configs/exp4/2q_lfu_arc.cfg,experiments/data/phases24_c12_seed45.in,2Q LFU ARC,3,4 4 4,12,10000,2675,7325,0.2675,7245,2755,0.7245,4570
configs/exp4/2q_lfu_arc_2q.cfg,experiments/data/phases24_c12_seed45.in,2Q LFU ARC 2Q,4,3 3 3 3,12,10000,2495,7505,0.2495,7245,2755,0.7245,4750
configs/exp4/2q_lfu_arc_arc.cfg,experiments/data/phases24_c12_seed45.in,2Q LFU ARC ARC,4,3 3 3 3,12,10000,2311,7689,0.2311,7245,2755,0.7245,4934
configs/exp4/2q_lfu_arc_lfu.cfg,experiments/data/phases24_c12_seed45.in,2Q LFU ARC LFU,4,3 3 3 3,12,10000,2115,7885,0.2115,7245,2755,0.7245,5130
configs/exp4/2q_lfu_arc_lirs.cfg,experiments/data/phases24_c12_seed45.in,2Q LFU ARC LIRS,4,3 3 3 3,12,10000,2465,7535,0.2465,7245,2755,0.7245,4780
configs/exp4/2q_lfu_arc_lru.cfg,experiments/data/phases24_c12_seed45.in,2Q LFU ARC LRU,4,3 3 3 3,12,10000,2249,7751,0.2249,7245,2755,0.7245,4996
configs/exp4/2q_lfu_lfu.cfg,experiments/data/phases24_c12_seed45.in,2Q LFU LFU,3,4 4 4,12,10000,2066,7934,0.2066,7245,2755,0.7245,5179
configs/exp4/2q_lfu_lfu_2q.cfg,experiments/data/phases24_c12_seed45.in,2Q LFU LFU 2Q,4,3 3 3 3,12,10000,1949,8051,0.1949,7245,2755,0.7245,5296
configs/exp4/2q_lfu_lfu_arc.cfg,experiments/data/phases24_c12_seed45.in,2Q LFU LFU ARC,4,3 3 3 3,12,10000,2137,7863,0.2137,7245,2755,0.7245,5108
configs/exp4/2q_lfu_lfu_lfu.cfg,experiments/data/phases24_c12_seed45.in,2Q LFU LFU LFU,4,3 3 3 3,12,10000,1686,8314,0.1686,7245,2755,0.7245,5559
configs/exp4/2q_lfu_lfu_lirs.cfg,experiments/data/phases24_c12_seed45.in,2Q LFU LFU LIRS,4,3 3 3 3,12,10000,2090,7910,0.209,7245,2755,0.7245,5155
configs/exp4/2q_lfu_lfu_lru.cfg,experiments/data/phases24_c12_seed45.in,2Q LFU LFU LRU,4,3 3 3 3,12,10000,2154,7846,0.2154,7245,2755,0.7245,5091
configs/exp4/2q_lfu_lirs.cfg,experiments/data/phases24_c12_seed45.in,2Q LFU LIRS,3,4 4 4,12,10000,2546,7454,0.2546,7245,2755,0.7245,4699
configs/exp4/2q_lfu_lirs_2q.cfg,experiments/data/phases24_c12_seed45.in,2Q LFU LIRS 2Q,4,3 3 3 3,12,10000,2352,7648,0.2352,7245,2755,0.7245,4893
configs/exp4/2q_lfu_lirs_arc.cfg,experiments/data/phases24_c12_seed45.in,2Q LFU LIRS ARC,4,3 3 3 3,12,10000,2417,7583,0.2417,7245,2755,0.7245,4828
configs/exp4/2q_lfu_lirs_lfu.cfg,experiments/data/phases24_c12_seed45.in,2Q LFU LIRS LFU,4,3 3 3 3,12,10000,2078,7922,0.2078,7245,2755,0.7245,5167
configs/exp4/2q_lfu_lirs_lirs.cfg,experiments/data/phases24_c12_seed45.in,2Q LFU LIRS LIRS,4,3 3 3 3,12,10000,2050,7950,0.205,7245,2755,0.7245,5195
configs/exp4/2q_lfu_lirs_lru.cfg,experiments/data/phases24_c12_seed45.in,2Q LFU LIRS LRU,4,3 3 3 3,12,10000,2482,7518,0.2482,7245,2755,0.7245,4763
configs/exp4/2q_lfu_lru.cfg,experiments/data/phases24_c12_seed45.in,2Q LFU LRU,3,4 4 4,12,10000,2742,7258,0.2742,7245,2755,0.7245,4503
configs/exp4/2q_lfu_lru_2q.cfg,experiments/data/phases24_c12_seed45.in,2Q LFU LRU 2Q,4,3 3 3 3,12,10000,2406,7594,0.2406,7245,2755,0.7245,4839
configs/exp4/2q_lfu_lru_arc.cfg,experiments/data/phases24_c12_seed45.in,2Q LFU LRU ARC,4,3 3 3 3,12,10000,2436,7564,0.2436,7245,2755,0.7245,4809
configs/exp4/2q_lfu_lru_lfu.cfg,experiments/data/phases24_c12_seed45.in,2Q LFU LRU LFU,4,3 3 3 3,12,10000,2108,7892,0.2108,7245,2755,0.7245,5137
configs/exp4/2q_lfu_lru_lirs.cfg,experiments/data/phases24_c12_seed45.in,2Q LFU LRU LIRS,4,3 3 3 3,12,10000,2539,7461,0.2539,7245,2755,0.7245,4706
configs/exp4/2q_lfu_lru_lru.cfg,experiments/data/phases24_c12_seed45.in,2Q LFU LRU LRU,4,3 3 3 3,12,10000,2033,7967,0.2033,7245,2755,0.7245,5212
configs/exp4/2q_lirs.cfg,experiments/data/phases24_c12_seed45.in,2Q LIRS,2,6 6,12,10000,3443,6557,0.3443,7245,2755,0.7245,3802
configs/exp4/2q_lirs_2q.cfg,experiments/data/phases24_c12_seed45.in,2Q LIRS 2Q,3,4 4 4,12,10000,2767,7233,0.2767,7245,2755,0.7245,4478
configs/exp4/2q_lirs_2q_2q.cfg,experiments/data/phases24_c12_seed45.in,2Q LIRS 2Q 2Q,4,3 3 3 3,12,10000,2355,7645,0.2355,7245,2755,0.7245,4890
configs/exp4/2q_lirs_2q_arc.cfg,experiments/data/phases24_c12_seed45.in,2Q LIRS 2Q ARC,4,3 3 3 3,12,10000,2685,7315,0.2685,7245,2755,0.7245,4560
configs/exp4/2q_lirs_2q_lfu.cfg,experiments/data/phases24_c12_seed45.in,2Q LIRS 2Q LFU,4,3 3 3 3,12,10000,2337,7663,0.2337,7245,2755,0.7245,4908
configs/exp4/2q_lirs_2q_lirs.cfg,experiments/data/phases24_c12_seed45.in,2Q LIRS 2Q LIRS,4,3 3 3 3,12,10000,2336,7664,0.2336,7245,2755,0.7245,4909
configs/exp4/2q_lirs_2q_lru.cfg,experiments/data/phases24_c12_seed45.in,2Q LIRS 2Q LRU,4,3 3 3 3,12,10000,2716,7284,0.2716,7245,2755,0.7245,4529
configs/exp4/2q_lirs_arc.cfg,experiments/data/phases24_c12_seed45.in,2Q LIRS ARC,3,4 4 4,12,10000,2958,7042,0.2958,7245,2755,0.7245,4287
configs/exp4/2q_lirs_arc_2q.cfg,experiments/data/phases24_c12_seed45.in,2Q LIRS ARC 2Q,4,3 3 3 3,12,10000,2759,7241,0.2759,7245,2755,0.7245,4486
configs/exp4/2q_lirs_arc_arc.cfg,experiments/data/phases24_c12_seed45.in,2Q LIRS ARC ARC,4,3 3 3 3,12,10000,2541,7459,0.2541,7245,2755,0.7245,4704
configs/exp4/2q_lirs_arc_lfu.cfg,experiments/data/phases24_c12_seed45.in,2Q LIRS ARC LFU,4,3 3 3 3,12,10000,2402,7598,0.2402,7245,2755,0.7245,4843
configs/exp4/2q_lirs_arc_lirs.cfg,experiments/data/phases24_c12_seed45.in,2Q LIRS ARC LIRS,4,3 3 3 3,12,10000,2488,7512,0.2488,7245,2755,0.7245,4757
configs/exp4/2q_lirs_arc_lru.cfg,experiments/data/phases24_c12_seed45.in,2Q LIRS ARC LRU,4,3 3 3 3,12,10000,2470,7530,0.247,7245,2755,0.7245,4775
configs/exp4/2q_lirs_lfu.cfg,experiments/data/phases24_c12_seed45.in,2Q LIRS LFU,3,4 4 4,12,10000,2520,7480,0.252,7245,2755,0.7245,4725
configs/exp4/2q_lirs_lfu_2q.cfg,experiments/data/phases24_c12_seed45.in,2Q LIRS LFU 2Q,4,3 3 3 3,12,10000,2343,7657,0.2343,7245,2755,0.7245,4902
configs/exp4/2q_lirs_lfu_arc.cfg,experiments/data/phases24_c12_seed45.in,2Q LIRS LFU ARC,4,3 3 3 3,12,10000,2413,7587,0.2413,7245,2755,0.7245,4832
configs/exp4/2q_lirs_lfu_lfu.cfg,experiments/data/phases24_c12_seed45.in,2Q LIRS LFU LFU,4,3 3 3 3,12,10000,2070,7930,0.207,7245,2755,0.7245,5175
configs/exp4/2q_lirs_lfu_lirs.cfg,experiments/data/phases24_c12_seed45.in,2Q LIRS LFU LIRS,4,3 3 3 3,12,10000,2047,7953,0.2047,7245,2755,0.7245,5198
configs/exp4/2q_lirs_lfu_lru.cfg,experiments/data/phases24_c12_seed45.in,2Q LIRS LFU LRU,4,3 3 3 3,12,10000,2475,7525,0.2475,7245,2755,0.7245,4770
configs/exp4/2q_lirs_lirs.cfg,experiments/data/phases24_c12_seed45.in,2Q LIRS LIRS,3,4 4 4,12,10000,2464,7536,0.2464,7245,2755,0.7245,4781
configs/exp4/2q_lirs_lirs_2q.cfg,experiments/data/phases24_c12_seed45.in,2Q LIRS LIRS 2Q,4,3 3 3 3,12,10000,2277,7723,0.2277,7245,2755,0.7245,4968
configs/exp4/2q_lirs_lirs_arc.cfg,experiments/data/phases24_c12_seed45.in,2Q LIRS LIRS ARC,4,3 3 3 3,12,10000,2345,7655,0.2345,7245,2755,0.7245,4900
configs/exp4/2q_lirs_lirs_lfu.cfg,experiments/data/phases24_c12_seed45.in,2Q LIRS LIRS LFU,4,3 3 3 3,12,10000,2031,7969,0.2031,7245,2755,0.7245,5214
configs/exp4/2q_lirs_lirs_lirs.cfg,experiments/data/phases24_c12_seed45.in,2Q LIRS LIRS LIRS,4,3 3 3 3,12,10000,1894,8106,0.1894,7245,2755,0.7245,5351
configs/exp4/2q_lirs_lirs_lru.cfg,experiments/data/phases24_c12_seed45.in,2Q LIRS LIRS LRU,4,3 3 3 3,12,10000,2413,7587,0.2413,7245,2755,0.7245,4832
configs/exp4/2q_lirs_lru.cfg,experiments/data/phases24_c12_seed45.in,2Q LIRS LRU,3,4 4 4,12,10000,3027,6973,0.3027,7245,2755,0.7245,4218
configs/exp4/2q_lirs_lru_2q.cfg,experiments/data/phases24_c12_seed45.in,2Q LIRS LRU 2Q,4,3 3 3 3,12,10000,2445,7555,0.2445,7245,2755,0.7245,4800
configs/exp4/2q_lirs_lru_arc.cfg,experiments/data/phases24_c12_seed45.in,2Q LIRS LRU ARC,4,3 3 3 3,12,10000,2643,7357,0.2643,7245,2755,0.7245,4602
configs/exp4/2q_lirs_lru_lfu.cfg,experiments/data/phases24_c12_seed45.in,2Q LIRS LRU LFU,4,3 3 3 3,12,10000,2416,7584,0.2416,7245,2755,0.7245,4829
configs/exp4/2q_lirs_lru_lirs.cfg,experiments/data/phases24_c12_seed45.in,2Q LIRS LRU LIRS,4,3 3 3 3,12,10000,2581,7419,0.2581,7245,2755,0.7245,4664
configs/exp4/2q_lirs_lru_lru.cfg,experiments/data/phases24_c12_seed45.in,2Q LIRS LRU LRU,4,3 3 3 3,12,10000,2322,7678,0.2322,7245,2755,0.7245,4923
configs/exp4/2q_lru.cfg,experiments/data/phases24_c12_seed45.in,2Q LRU,2,6 6,12,10000,3758,6242,0.3758,7245,2755,0.7245,3487
configs/exp4/2q_lru_2q.cfg,experiments/data/phases24_c12_seed45.in,2Q LRU 2Q,3,4 4 4,12,10000,2777,7223,0.2777,7245,2755,0.7245,4468
configs/exp4/2q_lru_2q_2q.cfg,experiments/data/phases24_c12_seed45.in,2Q LRU 2Q 2Q,4,3 3 3 3,12,10000,2284,7716,0.2284,7245,2755,0.7245,4961
configs/exp4/2q_lru_2q_arc.cfg,experiments/data/phases24_c12_seed45.in,2Q LRU 2Q ARC,4,3 3 3 3,12,10000,2617,7383,0.2617,7245,2755,0.7245,4628
configs/exp4/2q_lru_2q_lfu.cfg,experiments/data/phases24_c12_seed45.in,2Q LRU 2Q LFU,4,3 3 3 3,12,10000,2250,7750,0.225,7245,2755,0.7245,4995
configs/exp4/2q_lru_2q_lirs.cfg,experiments/data/phases24_c12_seed45.in,2Q LRU 2Q LIRS,4,3 3 3 3,12,10000,2756,7244,0.2756,7245,2755,0.7245,4489
configs/exp4/2q_lru_2q_lru.cfg,experiments/data/phases24_c12_seed45.in,2Q LRU 2Q LRU,4,3 3 3 3,12,10000,2307,7693,0.2307,7245,2755,0.7245,4938
configs/exp4/2q_lru_arc.cfg,experiments/data/phases24_c12_seed45.in,2Q LRU ARC,3,4 4 4,12,10000,3086,6914,0.3086,7245,2755,0.7245,4159
configs/exp4/2q_lru_arc_2q.cfg,experiments/data/phases24_c12_seed45.in,2Q LRU ARC 2Q,4,3 3 3 3,12,10000,2475,7525,0.2475,7245,2755,0.7245,4770
configs/exp4/2q_lru_arc_arc.cfg,experiments/data/phases24_c12_seed45.in,2Q LRU ARC ARC,4,3 3 3 3,12,10000,2505,7495,0.2505,7245,2755,0.7245,4740
configs/exp4/2q_lru_arc_lfu.cfg,experiments/data/phases24_c12_seed45.in,2Q LRU ARC LFU,4,3 3 3 3,12,10000,2377,7623,0.2377,7245,2755,0.7245,4868
configs/exp4/2q_lru_arc_lirs.cfg,experiments/data/phases24_c12_seed45.in,2Q LRU ARC LIRS,4,3 3 3 3,12,10000,2772,7228,0.2772,7245,2755,0.7245,4473
configs/exp4/2q_lru_arc_lru.cfg,experiments/data/phases24_c12_seed45.in,2Q LRU ARC LRU,4,3 3 3 3,12,10000,2334,7666,0.2334,7245,2755,0.7245,4911
configs/exp4/2q_lru_lfu.cfg,experiments/data/phases24_c12_seed45.in,2Q LRU LFU,3,4 4 4,12,10000,2599,7401,0.2599,7245,2755,0.7245,4646
configs/exp4/2q_lru_lfu_2q.cfg,experiments/data/phases24_c12_seed45.in,2Q LRU LFU 2Q,4,3 3 3 3,12,10000,2299,7701,0.2299,7245,2755,0.7245,4946
configs/exp4/2q_lru_lfu_arc.cfg,experiments/data/phases24_c12_seed45.in,2Q LRU LFU ARC,4,3 3 3 3,12,10000,2326,7674,0.2326,7245,2755,0.7245,4919
configs/exp4/2q_lru_lfu_lfu.cfg,experiments/data/phases24_c12_seed45.in,2Q LRU LFU LFU,4,3 3 3 3,12,10000,2015,7985,0.2015,7245,2755,0.7245,5230
configs/exp4/2q_lru_lfu_lirs.cfg,experiments/data/phases24_c12_seed45.in,2Q LRU LFU LIRS,4,3 3 3 3,12,10000,2429,7571,0.2429,7245,2755,0.7245,4816
configs/exp4/2q_lru_lfu_lru.cfg,experiments/data/phases24_c12_seed45.in,2Q LRU LFU LRU,4,3 3 3 3,12,10000,1940,8060,0.194,7245,2755,0.7245,5305
configs/exp4/2q_lru_lirs.cfg,experiments/data/phases24_c12_seed45.in,2Q LRU LIRS,3,4 4 4,12,10000,3208,6792,0.3208,7245,2755,0.7245,4037
configs/exp4/2q_lru_lirs_2q.cfg,experiments/data/phases24_c12_seed45.in,2Q LRU LIRS 2Q,4,3 3 3 3,12,10000,2724,7276,0.2724,7245,2755,0.7245,4521
configs/exp4/2q_lru_lirs_arc.cfg,experiments/data/phases24_c12_seed45.in,2Q LRU LIRS ARC,4,3 3 3 3,12,10000,2710,7290,0.271,7245,2755,0.7245,4535
configs/exp4/2q_lru_lirs_lfu.cfg,experiments/data/phases24_c12_seed45.in,2Q LRU LIRS LFU,4,3 3 3 3,12,10000,2434,7566,0.2434,7245,2755,0.7245,4811
configs/exp4/2q_lru_lirs_lirs.cfg,experiments/data/phases24_c12_seed45.in,2Q LRU LIRS LIRS,4,3 3 3 3,12,10000,2499,7501,0.2499,7245,2755,0.7245,4746
configs/exp4/2q_lru_lirs_lru.cfg,experiments/data/phases24_c12_seed45.in,2Q LRU LIRS LRU,4,3 3 3 3,12,10000,2442,7558,0.2442,7245,2755,0.7245,4803
configs/exp4/2q_lru_lru.cfg,experiments/data/phases24_c12_seed45.in,2Q LRU LRU,3,4 4 4,12,10000,2543,7457,0.2543,7245,2755,0.7245,4702
configs/exp4/2q_lru_lru_2q.cfg,experiments/data/phases24_c12_seed45.in,2Q LRU LRU 2Q,4,3 3 3 3,12,10000,2007,7993,0.2007,7245,2755,0.7245,5238
configs/exp4/2q_lru_lru_arc.cfg,experiments/data/phases24_c12_seed45.in,2Q LRU LRU ARC,4,3 3 3 3,12,10000,1957,8043,0.1957,7245,2755,0.7245,5288
configs/exp4/2q_lru_lru_lfu.cfg,experiments/data/phases24_c12_seed45.in,2Q LRU LRU LFU,4,3 3 3 3,12,10000,1870,8130,0.187,7245,2755,0.7245,5375
configs/exp4/2q_lru_lru_lirs.cfg,experiments/data/phases24_c12_seed45.in,2Q LRU LRU LIRS,4,3 3 3 3,12,10000,2373,7627,0.2373,7245,2755,0.7245,4872
configs/exp4/2q_lru_lru_lru.cfg,experiments/data/phases24_c12_seed45.in,2Q LRU LRU LRU,4,3 3 3 3,12,10000,1841,8159,0.1841,7245,2755,0.7245,5404
configs/exp4/arc_2q.cfg,experiments/data/phases24_c12_seed45.in,ARC 2Q,2,6 6,12,10000,3559,6441,0.3559,7245,2755,0.7245,3686
configs/exp4/arc_2q_2q.cfg,experiments/data/phases24_c12_seed45.in,ARC 2Q 2Q,3,4 4 4,12,10000,2721,7279,0.2721,7245,2755,0.7245,4524
configs/exp4/arc_2q_2q_2q.cfg,experiments/data/phases24_c12_seed45.in,ARC 2Q 2Q 2Q,4,3 3 3 3,12,10000,2391,7609,0.2391,7245,2755,0.7245,4854
configs/exp4/arc_2q_2q_arc.cfg,experiments/data/phases24_c12_seed45.in,ARC 2Q 2Q ARC,4,3 3 3 3,12,10000,2502,7498,0.2502,7245,2755,0.7245,4743
configs/exp4/arc_2q_2q_lfu.cfg,experiments/data/phases24_c12_seed45.in,ARC 2Q 2Q LFU,4,3 3 3 3,12,10000,2230,7770,0.223,7245,2755,0.7245,5015
configs/exp4/arc_2q_2q_lirs.cfg,experiments/data/phases24_c12_seed45.in,ARC 2Q 2Q LIRS,4,3 3 3 3,12,10000,2627,7373,0.2627,7245,2755,0.7245,4618
configs/exp4/arc_2q_2q_lru.cfg,experiments/data/phases24_c12_seed45.in,ARC 2Q 2Q LRU,4,3 3 3 3,12,10000,2459,7541,0.2459,7245,2755,0.7245,4786
configs/exp4/arc_2q_arc.cfg,experiments/data/phases24_c12_seed45.in,ARC 2Q ARC,3,4 4 4,12,10000,2900,7100,0.29,7245,2755,0.7245,4345
configs/exp4/arc_2q_arc_2q.cfg,experiments/data/phases24_c12_seed45.in,ARC 2Q ARC 2Q,4,3 3 3 3,12,10000,2556,7444,0.2556,7245,2755,0.7245,4689
configs/exp4/arc_2q_arc_arc.cfg,experiments/data/phases24_c12_seed45.in,ARC 2Q ARC ARC,4,3 3 3 3,12,10000,2404,7596,0.2404,7245,2755,0.7245,4841
configs/exp4/arc_2q_arc_lfu.cfg,experiments/data/phases24_c12_seed45.in,ARC 2Q ARC LFU,4,3 3 3 3,12,10000,2296,7704,0.2296,7245,2755,0.7245,4949
configs/exp4/arc_2q_arc_lirs.cfg,experiments/data/phases24_c12_seed45.in,ARC 2Q ARC LIRS,4,3 3 3 3,12,10000,2634,7366,0.2634,7245,2755,0.7245,4611
configs/exp4/arc_2q_arc_lru.cfg,experiments/data/phases24_c12_seed45.in,ARC 2Q ARC LRU,4,3 3 3 3,12,10000,2401,7599,0.2401,7245,2755,0.7245,4844
configs/exp4/arc_2q_lfu.cfg,experiments/data/phases24_c12_seed45.in,ARC 2Q LFU,3,4 4 4,12,10000,2541,7459,0.2541,7245,2755,0.7245,4704
configs/exp4/arc_2q_lfu_2q.cfg,experiments/data/phases24_c12_seed45.in,ARC 2Q LFU 2Q,4,3 3 3 3,12,10000,2284,7716,0.2284,7245,2755,0.7245,4961
configs/exp4/arc_2q_lfu_arc.cfg,experiments/data/phases24_c12_seed45.in,ARC 2Q LFU ARC,4,3 3 3 3,12,10000,2325,7675,0.2325,7245,2755,0.7245,4920
configs/exp4/arc_2q_lfu_lfu.cfg,experiments/data/phases24_c12_seed45.in,ARC 2Q LFU LFU,4,3 3 3 3,12,10000,2074,7926,0.2074,7245,2755,0.7245,5171
configs/exp4/arc_2q_lfu_lirs.cfg,experiments/data/phases24_c12_seed45.in,ARC 2Q LFU LIRS,4,3 3 3 3,12,10000,2439,7561,0.2439,7245,2755,0.7245,4806
configs/exp4/arc_2q_lfu_lru.cfg,experiments/data/phases24_c12_seed45.in,ARC 2Q LFU LRU,4,3 3 3 3,12,10000,2274,7726,0.2274,7245,2755,0.7245,4971
configs/exp4/arc_2q_lirs.cfg,experiments/data/phases24_c12_seed45.in,ARC 2Q LIRS,3,4 4 4,12,10000,3054,6946,0.3054,7245,2755,0.7245,4191
configs/exp4/arc_2q_lirs_2q.cfg,experiments/data/phases24_c12_seed45.in,ARC 2Q LIRS 2Q,4,3 3 3 3,12,10000,2687,7313,0.2687,7245,2755,0.7245,4558
configs/exp4/arc_2q_lirs_arc.cfg,experiments/data/phases24_c12_seed45.in,ARC 2Q LIRS ARC,4,3 3 3 3,12,10000,2618,7382,0.2618,7245,2755,0.7245,4627
configs/exp4/arc_2q_lirs_lfu.cfg,experiments/data/phases24_c12_seed45.in,ARC 2Q LIRS LFU,4,3 3 3 3,12,10000,2426,7574,0.2426,7245,2755,0.7245,4819
configs/exp4/arc_2q_lirs_lirs.cfg,experiments/data/phases24_c12_seed45.in,ARC 2Q LIRS LIRS,4,3 3 3 3,12,10000,2430,7570,0.243,7245,2755,0.7245,4815
configs/exp4/arc_2q_lirs_lru.cfg,experiments/data/phases24_c12_seed45.in,ARC 2Q LIRS LRU,4,3 3 3 3,12,10000,2596,7404,0.2596,7245,2755,0.7245,4649
configs/exp4/arc_2q_lru.cfg,experiments/data/phases24_c12_seed45.in,ARC 2Q LRU,3,4 4 4,12,10000,2854,7146,0.2854,7245,2755,0.7245,4391
configs/exp4/arc_2q_lru_2q.cfg,experiments/data/phases24_c12_seed45.in,ARC 2Q LRU 2Q,4,3 3 3 3,12,10000,2265,7735,0.2265,7245,2755,0.7245,4980
configs/exp4/arc_2q_lru_arc.cfg,experiments/data/phases24_c12_seed45.in,ARC 2Q LRU ARC,4,3 3 3 3,12,10000,2455,7545,0.2455,7245,2755,0.7245,4790
configs/exp4/arc_2q_lru_lfu.cfg,experiments/data/phases24_c12_seed45.in,ARC 2Q LRU LFU,4,3 3 3 3,12,10000,2173,7827,0.2173,7245,2755,0.7245,5072
configs/exp4/arc_2q_lru_lirs.cfg,experiments/data/phases24_c12_seed45.in,ARC 2Q LRU LIRS,4,3 3 3 3,12,10000,2635,7365,0.2635,7245,2755,0.7245,4610
configs/exp4/arc_2q_lru_lru.cfg,experiments/data/phases24_c12_seed45.in,ARC 2Q LRU LRU,4,3 3 3 3,12,10000,2124,7876,0.2124,7245,2755,0.7245,5121
configs/exp4/arc_arc_2q.cfg,experiments/data/phases24_c12_seed45.in,ARC ARC 2Q,3,4 4 4,12,10000,2696,7304,0.2696,7245,2755,0.7245,4549
configs/exp4/arc_arc_2q_2q.cfg,experiments/data/phases24_c12_seed45.in,ARC ARC 2Q 2Q,4,3 3 3 3,12,10000,2405,7595,0.2405,7245,2755,0.7245,4840
configs/exp4/arc_arc_2q_arc.cfg,experiments/data/phases24_c12_seed45.in,ARC ARC 2Q ARC,4,3 3 3 3,12,10000,2375,7625,0.2375,7245,2755,0.7245,4870
configs/exp4/arc_arc_2q_lfu.cfg,experiments/data/phases24_c12_seed45.in,ARC ARC 2Q LFU,4,3 3 3 3,12,10000,2206,7794,0.2206,7245,2755,0.7245,5039
configs/exp4/arc_arc_2q_lirs.cfg,experiments/data/phases24_c12_seed45.in,ARC ARC 2Q LIRS,4,3 3 3 3,12,10000,2567,7433,0.2567,7245,2755,0.7245,4678
configs/exp4/arc_arc_2q_lru.cfg,experiments/data/phases24_c12_seed45.in,ARC ARC 2Q LRU,4,3 3 3 3,12,10000,2351,7649,0.2351,7245,2755,0.7245,4894
configs/exp4/arc_arc_arc_2q.cfg,experiments/data/phases24_c12_seed45.in,ARC ARC ARC 2Q,4,3 3 3 3,12,10000,2249,7751,0.2249,7245,2755,0.7245,4996
configs/exp4/arc_arc_arc_lfu.cfg,experiments/data/phases24_c12_seed45.in,ARC ARC ARC LFU,4,3 3 3 3,12,10000,1870,8130,0.187,7245,2755,0.7245,5375
configs/exp4/arc_arc_arc_lirs.cfg,experiments/data/phases24_c12_seed45.in,ARC ARC ARC LIRS,4,3 3 3 3,12,10000,2205,7795,0.2205,7245,2755,0.7245,5040
configs/exp4/arc_arc_arc_lru.cfg,experiments/data/phases24_c12_seed45.in,ARC ARC ARC LRU,4,3 3 3 3,12,10000,1927,8073,0.1927,7245,2755,0.7245,5318
configs/exp4/arc_arc_lfu.cfg,experiments/data/phases24_c12_seed45.in,ARC ARC LFU,3,4 4 4,12,10000,2199,7801,0.2199,7245,2755,0.7245,5046
configs/exp4/arc_arc_lfu_2q.cfg,experiments/data/phases24_c12_seed45.in,ARC ARC LFU 2Q,4,3 3 3 3,12,10000,2222,7778,0.2222,7245,2755,0.7245,5023
configs/exp4/arc_arc_lfu_arc.cfg,experiments/data/phases24_c12_seed45.in,ARC ARC LFU ARC,4,3 3 3 3,12,10000,1905,8095,0.1905,7245,2755,0.7245,5340
configs/exp4/arc_arc_lfu_lfu.cfg,experiments/data/phases24_c12_seed45.in,ARC ARC LFU LFU,4,3 3 3 3,12,10000,1812,8188,0.1812,7245,2755,0.7245,5433
configs/exp4/arc_arc_lfu_lirs.cfg,experiments/data/phases24_c12_seed45.in,ARC ARC LFU LIRS,4,3 3 3 3,12,10000,2180,7820,0.218,7245,2755,0.7245,5065
configs/exp4/arc_arc_lfu_lru.cfg,experiments/data/phases24_c12_seed45.in,ARC ARC LFU LRU,4,3 3 3 3,12,10000,1927,8073,0.1927,7245,2755,0.7245,5318
configs/exp4/arc_arc_lirs.cfg,experiments/data/phases24_c12_seed45.in,ARC ARC LIRS,3,4 4 4,12,10000,2663,7337,0.2663,7245,2755,0.7245,4582
configs/exp4/arc_arc_lirs_2q.cfg,experiments/data/phases24_c12_seed45.in,ARC ARC LIRS 2Q,4,3 3 3 3,12,10000,2495,7505,0.2495,7245,2755,0.7245,4750
configs/exp4/arc_arc_lirs_arc.cfg,experiments/data/phases24_c12_seed45.in,ARC ARC LIRS ARC,4,3 3 3 3,12,10000,2271,7729,0.2271,7245,2755,0.7245,4974
configs/exp4/arc_arc_lirs_lfu.cfg,experiments/data/phases24_c12_seed45.in,ARC ARC LIRS LFU,4,3 3 3 3,12,10000,2168,7832,0.2168,7245,2755,0.7245,5077
configs/exp4/arc_arc_lirs_lirs.cfg,experiments/data/phases24_c12_seed45.in,ARC ARC LIRS LIRS,4,3 3 3 3,12,10000,2127,7873,0.2127,7245,2755,0.7245,5118
configs/exp4/arc_arc_lirs_lru.cfg,experiments/data/phases24_c12_seed45.in,ARC ARC LIRS LRU,4,3 3 3 3,12,10000,2241,7759,0.2241,7245,2755,0.7245,5004
configs/exp4/arc_arc_lru.cfg,experiments/data/phases24_c12_seed45.in,ARC ARC LRU,3,4 4 4,12,10000,2354,7646,0.2354,7245,2755,0.7245,4891
configs/exp4/arc_arc_lru_2q.cfg,experiments/data/phases24_c12_seed45.in,ARC ARC LRU 2Q,4,3 3 3 3,12,10000,1925,8075,0.1925,7245,2755,0.7245,5320
configs/exp4/arc_arc_lru_arc.cfg,experiments/data/phases24_c12_seed45.in,ARC ARC LRU ARC,4,3 3 3 3,12,10000,2076,7924,0.2076,7245,2755,0.7245,5169
configs/exp4/arc_arc_lru_lfu.cfg,experiments/data/phases24_c12_seed45.in,ARC ARC LRU LFU,4,3 3 3 3,12,10000,1783,8217,0.1783,7245,2755,0.7245,5462
configs/exp4/arc_arc_lru_lirs.cfg,experiments/data/phases24_c12_seed45.in,ARC ARC LRU LIRS,4,3 3 3 3,12,10000,2262,7738,0.2262,7245,2755,0.7245,4983
configs/exp4/arc_arc_lru_lru.cfg,experiments/data/phases24_c12_seed45.in,ARC ARC LRU LRU,4,3 3 3 3,12,10000,1765,8235,0.1765,7245,2755,0.7245,5480
configs/exp4/arc_lfu.cfg,experiments/data/phases24_c12_seed45.in,ARC LFU,2,6 6,12,10000,2558,7442,0.2558,7245,2755,0.7245,4687
configs/exp4/arc_lfu_2q.cfg,experiments/data/phases24_c12_seed45.in,ARC LFU 2Q,3,4 4 4,12,10000,2571,7429,0.2571,7245,2755,0.7245,4674
configs/exp4/arc_lfu_2q_2q.cfg,experiments/data/phases24_c12_seed45.in,ARC LFU 2Q 2Q,4,3 3 3 3,12,10000,2261,7739,0.2261,7245,2755,0.7245,4984
configs/exp4/arc_lfu_2q_arc.cfg,experiments/data/phases24_c12_seed45.in,ARC LFU 2Q ARC,4,3 3 3 3,12,10000,2350,7650,0.235,7245,2755,0.7245,4895
configs/exp4/arc_lfu_2q_lfu.cfg,experiments/data/phases24_c12_seed45.in,ARC LFU 2Q LFU,4,3 3 3 3,12,10000,2094,7906,0.2094,7245,2755,0.7245,5151
configs/exp4/arc_lfu_2q_lirs.cfg,experiments/data/phases24_c12_seed45.in,ARC LFU 2Q LIRS,4,3 3 3 3,12,10000,2452,7548,0.2452,7245,2755,0.7245,4793
configs/exp4/arc_lfu_2q_lru.cfg,experiments/data/phases24_c12_seed45.in,ARC LFU 2Q LRU,4,3 3 3 3,12,10000,2307,7693,0.2307,7245,2755,0.7245,4938
configs/exp4/arc_lfu_arc.cfg,experiments/data/phases24_c12_seed45.in,ARC LFU ARC,3,4 4 4,12,10000,2249,7751,0.2249,7245,2755,0.7245,4996
configs/exp4/arc_lfu_arc_2q.cfg,experiments/data/phases24_c12_seed45.in,ARC LFU ARC 2Q,4,3 3 3 3,12,10000,2274,7726,0.2274,7245,2755,0.7245,4971
configs/exp4/arc_lfu_arc_arc.cfg,experiments/data/phases24_c12_seed45.in,ARC LFU ARC ARC,4,3 3 3 3,12,10000,1927,8073,0.1927,7245,2755,0.7245,5318
configs/exp4/arc_lfu_arc_lfu.cfg,experiments/data/phases24_c12_seed45.in,ARC LFU ARC LFU,4,3 3 3 3,12,10000,1850,8150,0.185,7245,2755,0.7245,5395
configs/exp4/arc_lfu_arc_lirs.cfg,experiments/data/phases24_c12_seed45.in,ARC LFU ARC LIRS,4,3 3 3 3,12,10000,2199,7801,0.2199,7245,2755,0.7245,5046
configs/exp4/arc_lfu_arc_lru.cfg,experiments/data/phases24_c12_seed45.in,ARC LFU ARC LRU,4,3 3 3 3,12,10000,1962,8038,0.1962,7245,2755,0.7245,5283
configs/exp4/arc_lfu_lfu.cfg,experiments/data/phases24_c12_seed45.in,ARC LFU LFU,3,4 4 4,12,10000,1921,8079,0.1921,7245,2755,0.7245,5324
configs/exp4/arc_lfu_lfu_2q.cfg,experiments/data/phases24_c12_seed45.in,ARC LFU LFU 2Q,4,3 3 3 3,12,10000,2119,7881,0.2119,7245,2755,0.7245,5126
configs/exp4/arc_lfu_lfu_arc.cfg,experiments/data/phases24_c12_seed45.in,ARC LFU LFU ARC,4,3 3 3 3,12,10000,1887,8113,0.1887,7245,2755,0.7245,5358
configs/exp4/arc_lfu_lfu_lfu.cfg,experiments/data/phases24_c12_seed45.in,ARC LFU LFU LFU,4,3 3 3 3,12,10000,1646,8354,0.1646,7245,2755,0.7245,5599
configs/exp4/arc_lfu_lfu_lirs.cfg,experiments/data/phases24_c12_seed45.in,ARC LFU LFU LIRS,4,3 3 3 3,12,10000,2011,7989,0.2011,7245,2755,0.7245,5234
configs/exp4/arc_lfu_lfu_lru.cfg,experiments/data/phases24_c12_seed45.in,ARC LFU LFU LRU,4,3 3 3 3,12,10000,1816,8184,0.1816,7245,2755,0.7245,5429
configs/exp4/arc_lfu_lirs.cfg,experiments/data/phases24_c12_seed45.in,ARC LFU LIRS,3,4 4 4,12,10000,2473,7527,0.2473,7245,2755,0.7245,4772
configs/exp4/arc_lfu_lirs_2q.cfg,experiments/data/phases24_c12_seed45.in,ARC LFU LIRS 2Q,4,3 3 3 3,12,10000,2429,7571,0.2429,7245,2755,0.7245,4816
configs/exp4/arc_lfu_lirs_arc.cfg,experiments/data/phases24_c12_seed45.in,ARC LFU LIRS ARC,4,3 3 3 3,12,10000,2193,7807,0.2193,7245,2755,0.7245,5052
configs/exp4/arc_lfu_lirs_lfu.cfg,experiments/data/phases24_c12_seed45.in,ARC LFU LIRS LFU,4,3 3 3 3,12,10000,2011,7989,0.2011,7245,2755,0.7245,5234
configs/exp4/arc_lfu_lirs_lirs.cfg,experiments/data/phases24_c12_seed45.in,ARC LFU LIRS LIRS,4,3 3 3 3,12,10000,1985,8015,0.1985,7245,2755,0.7245,5260
configs/exp4/arc_lfu_lirs_lru.cfg,experiments/data/phases24_c12_seed45.in,ARC LFU LIRS LRU,4,3 3 3 3,12,10000,2154,7846,0.2154,7245,2755,0.7245,5091
configs/exp4/arc_lfu_lru.cfg,experiments/data/phases24_c12_seed45.in,ARC LFU LRU,3,4 4 4,12,10000,2190,7810,0.219,7245,2755,0.7245,5055
configs/exp4/arc_lfu_lru_2q.cfg,experiments/data/phases24_c12_seed45.in,ARC LFU LRU 2Q,4,3 3 3 3,12,10000,1801,8199,0.1801,7245,2755,0.7245,5444
configs/exp4/arc_lfu_lru_arc.cfg,experiments/data/phases24_c12_seed45.in,ARC LFU LRU ARC,4,3 3 3 3,12,10000,2057,7943,0.2057,7245,2755,0.7245,5188
configs/exp4/arc_lfu_lru_lfu.cfg,experiments/data/phases24_c12_seed45.in,ARC LFU LRU LFU,4,3 3 3 3,12,10000,1700,8300,0.17,7245,2755,0.7245,5545
configs/exp4/arc_lfu_lru_lirs.cfg,experiments/data/phases24_c12_seed45.in,ARC LFU LRU LIRS,4,3 3 3 3,12,10000,2171,7829,0.2171,7245,2755,0.7245,5074
configs/exp4/arc_lfu_lru_lru.cfg,experiments/data/phases24_c12_seed45.in,ARC LFU LRU LRU,4,3 3 3 3,12,10000,1656,8344,0.1656,7245,2755,0.7245,5589
configs/exp4/arc_lirs.cfg,experiments/data/phases24_c12_seed45.in,ARC LIRS,2,6 6,12,10000,3300,6700,0.33,7245,2755,0.7245,3945
configs/exp4/arc_lirs_2q.cfg,experiments/data/phases24_c12_seed45.in,ARC LIRS 2Q,3,4 4 4,12,10000,2889,7111,0.2889,7245,2755,0.7245,4356
configs/exp4/arc_lirs_2q_2q.cfg,experiments/data/phases24_c12_seed45.in,ARC LIRS 2Q 2Q,4,3 3 3 3,12,10000,2556,7444,0.2556,7245,2755,0.7245,4689
configs/exp4/arc_lirs_2q_arc.cfg,experiments/data/phases24_c12_seed45.in,ARC LIRS 2Q ARC,4,3 3 3 3,12,10000,2599,7401,0.2599,7245,2755,0.7245,4646
configs/exp4/arc_lirs_2q_lfu.cfg,experiments/data/phases24_c12_seed45.in,ARC LIRS 2Q LFU,4,3 3 3 3,12,10000,2404,7596,0.2404,7245,2755,0.7245,4841
configs/exp4/arc_lirs_2q_lirs.cfg,experiments/data/phases24_c12_seed45.in,ARC LIRS 2Q LIRS,4,3 3 3 3,12,10000,2452,7548,0.2452,7245,2755,0.7245,4793
configs/exp4/arc_lirs_2q_lru.cfg,experiments/data/phases24_c12_seed45.in,ARC LIRS 2Q LRU,4,3 3 3 3,12,10000,2590,7410,0.259,7245,2755,0.7245,4655
configs/exp4/arc_lirs_arc.cfg,experiments/data/phases24_c12_seed45.in,ARC LIRS ARC,3,4 4 4,12,10000,2688,7312,0.2688,7245,2755,0.7245,4557
configs/exp4/arc_lirs_arc_2q.cfg,experiments/data/phases24_c12_seed45.in,ARC LIRS ARC 2Q,4,3 3 3 3,12,10000,2533,7467,0.2533,7245,2755,0.7245,4712
configs/exp4/arc_lirs_arc_arc.cfg,experiments/data/phases24_c12_seed45.in,ARC LIRS ARC ARC,4,3 3 3 3,12,10000,2217,7783,0.2217,7245,2755,0.7245,5028
configs/exp4/arc_lirs_arc_lfu.cfg,experiments/data/phases24_c12_seed45.in,ARC LIRS ARC LFU,4,3 3 3 3,12,10000,2171,7829,0.2171,7245,2755,0.7245,5074
configs/exp4/arc_lirs_arc_lirs.cfg,experiments/data/phases24_c12_seed45.in,ARC LIRS ARC LIRS,4,3 3 3 3,12,10000,2205,7795,0.2205,7245,2755,0.7245,5040
configs/exp4/arc_lirs_arc_lru.cfg,experiments/data/phases24_c12_seed45.in,ARC LIRS ARC LRU,4,3 3 3 3,12,10000,2209,7791,0.2209,7245,2755,0.7245,5036
configs/exp4/arc_lirs_lfu.cfg,experiments/data/phases24_c12_seed45.in,ARC LIRS LFU,3,4 4 4,12,10000,2458,7542,0.2458,7245,2755,0.7245,4787
configs/exp4/arc_lirs_lfu_2q.cfg,experiments/data/phases24_c12_seed45.in,ARC LIRS LFU 2Q,4,3 3 3 3,12,10000,2423,7577,0.2423,7245,2755,0.7245,4822
configs/exp4/arc_lirs_lfu_arc.cfg,experiments/data/phases24_c12_seed45.in,ARC LIRS LFU ARC,4,3 3 3 3,12,10000,2191,7809,0.2191,7245,2755,0.7245,5054
configs/exp4/arc_lirs_lfu_lfu.cfg,experiments/data/phases24_c12_seed45.in,ARC LIRS LFU LFU,4,3 3 3 3,12,10000,2006,7994,0.2006,7245,2755,0.7245,5239
configs/exp4/arc_lirs_lfu_lirs.cfg,experiments/data/phases24_c12_seed45.in,ARC LIRS LFU LIRS,4,3 3 3 3,12,10000,1988,8012,0.1988,7245,2755,0.7245,5257
configs/exp4/arc_lirs_lfu_lru.cfg,experiments/data/phases24_c12_seed45.in,ARC LIRS LFU LRU,4,3 3 3 3,12,10000,2149,7851,0.2149,7245,2755,0.7245,5096
configs/exp4/arc_lirs_lirs.cfg,experiments/data/phases24_c12_seed45.in,ARC LIRS LIRS,3,4 4 4,12,10000,2433,7567,0.2433,7245,2755,0.7245,4812
configs/exp4/arc_lirs_lirs_2q.cfg,experiments/data/phases24_c12_seed45.in,ARC LIRS LIRS 2Q,4,3 3 3 3,12,10000,2379,7621,0.2379,7245,2755,0.7245,4866
configs/exp4/arc_lirs_lirs_arc.cfg,experiments/data/phases24_c12_seed45.in,ARC LIRS LIRS ARC,4,3 3 3 3,12,10000,2131,7869,0.2131,7245,2755,0.7245,5114
configs/exp4/arc_lirs_lirs_lfu.cfg,experiments/data/phases24_c12_seed45.in,ARC LIRS LIRS LFU,4,3 3 3 3,12,10000,1973,8027,0.1973,7245,2755,0.7245,5272
configs/exp4/arc_lirs_lirs_lirs.cfg,experiments/data/phases24_c12_seed45.in,ARC LIRS LIRS LIRS,4,3 3 3 3,12,10000,1830,8170,0.183,7245,2755,0.7245,5415
configs/exp4/arc_lirs_lirs_lru.cfg,experiments/data/phases24_c12_seed45.in,ARC LIRS LIRS LRU,4,3 3 3 3,12,10000,2115,7885,0.2115,7245,2755,0.7245,5130
configs/exp4/arc_lirs_lru.cfg,experiments/data/phases24_c12_seed45.in,ARC LIRS LRU,3,4 4 4,12,10000,2632,7368,0.2632,7245,2755,0.7245,4613
configs/exp4/arc_lirs_lru_2q.cfg,experiments/data/phases24_c12_seed45.in,ARC LIRS LRU 2Q,4,3 3 3 3,12,10000,2098,7902,0.2098,7245,2755,0.7245,5147
configs/exp4/arc_lirs_lru_arc.cfg,experiments/data/phases24_c12_seed45.in,ARC LIRS LRU ARC,4,3 3 3 3,12,10000,2347,7653,0.2347,7245,2755,0.7245,4898
configs/exp4/arc_lirs_lru_lfu.cfg,experiments/data/phases24_c12_seed45.in,ARC LIRS LRU LFU,4,3 3 3 3,12,10000,2030,7970,0.203,7245,2755,0.7245,5215
configs/exp4/arc_lirs_lru_lirs.cfg,experiments/data/phases24_c12_seed45.in,ARC LIRS LRU LIRS,4,3 3 3 3,12,10000,2220,7780,0.222,7245,2755,0.7245,5025
configs/exp4/arc_lirs_lru_lru.cfg,experiments/data/phases24_c12_seed45.in,ARC LIRS LRU LRU,4,3 3 3 3,12,10000,1981,8019,0.1981,7245,2755,0.7245,5264
configs/exp4/arc_lru.cfg,experiments/data/phases24_c12_seed45.in,ARC LRU,2,6 6,12,10000,2792,7208,0.2792,7245,2755,0.7245,4453
configs/exp4/arc_lru_2q.cfg,experiments/data/phases24_c12_seed45.in,ARC LRU 2Q,3,4 4 4,12,10000,2250,7750,0.225,7245,2755,0.7245,4995
configs/exp4/arc_lru_2q_2q.cfg,experiments/data/phases24_c12_seed45.in,ARC LRU 2Q 2Q,4,3 3 3 3,12,10000,1618,8382,0.1618,7245,2755,0.7245,5627
configs/exp4/arc_lru_2q_arc.cfg,experiments/data/phases24_c12_seed45.in,ARC LRU 2Q ARC,4,3 3 3 3,12,10000,2066,7934,0.2066,7245,2755,0.7245,5179
configs/exp4/arc_lru_2q_lfu.cfg,experiments/data/phases24_c12_seed45.in,ARC LRU 2Q LFU,4,3 3 3 3,12,10000,1619,8381,0.1619,7245,2755,0.7245,5626
configs/exp4/arc_lru_2q_lirs.cfg,experiments/data/phases24_c12_seed45.in,ARC LRU 2Q LIRS,4,3 3 3 3,12,10000,2160,7840,0.216,7245,2755,0.7245,5085
configs/exp4/arc_lru_2q_lru.cfg,experiments/data/phases24_c12_seed45.in,ARC LRU 2Q LRU,4,3 3 3 3,12,10000,1654,8346,0.1654,7245,2755,0.7245,5591
configs/exp4/arc_lru_arc.cfg,experiments/data/phases24_c12_seed45.in,ARC LRU ARC,3,4 4 4,12,10000,2578,7422,0.2578,7245,2755,0.7245,4667
configs/exp4/arc_lru_arc_2q.cfg,experiments/data/phases24_c12_seed45.in,ARC LRU ARC 2Q,4,3 3 3 3,12,10000,2100,7900,0.21,7245,2755,0.7245,5145
configs/exp4/arc_lru_arc_arc.cfg,experiments/data/phases24_c12_seed45.in,ARC LRU ARC ARC,4,3 3 3 3,12,10000,2060,7940,0.206,7245,2755,0.7245,5185
configs/exp4/arc_lru_arc_lfu.cfg,experiments/data/phases24_c12_seed45.in,ARC LRU ARC LFU,4,3 3 3 3,12,10000,1954,8046,0.1954,7245,2755,0.7245,5291
configs/exp4/arc_lru_arc_lirs.cfg,experiments/data/phases24_c12_seed45.in,ARC LRU ARC LIRS,4,3 3 3 3,12,10000,2381,7619,0.2381,7245,2755,0.7245,4864
configs/exp4/arc_lru_arc_lru.cfg,experiments/data/phases24_c12_seed45.in,ARC LRU ARC LRU,4,3 3 3 3,12,10000,1903,8097,0.1903,7245,2755,0.7245,5342
configs/exp4/arc_lru_lfu.cfg,experiments/data/phases24_c12_seed45.in,ARC LRU LFU,3,4 4 4,12,10000,2016,7984,0.2016,7245,2755,0.7245,5229
configs/exp4/arc_lru_lfu_2q.cfg,experiments/data/phases24_c12_seed45.in,ARC LRU LFU 2Q,4,3 3 3 3,12,10000,1692,8308,0.1692,7245,2755,0.7245,5553
configs/exp4/arc_lru_lfu_arc.cfg,experiments/data/phases24_c12_seed45.in,ARC LRU LFU ARC,4,3 3 3 3,12,10000,1918,8082,0.1918,7245,2755,0.7245,5327
configs/exp4/arc_lru_lfu_lfu.cfg,experiments/data/phases24_c12_seed45.in,ARC LRU LFU LFU,4,3 3 3 3,12,10000,1582,8418,0.1582,7245,2755,0.7245,5663
configs/exp4/arc_lru_lfu_lirs.cfg,experiments/data/phases24_c12_seed45.in,ARC LRU LFU LIRS,4,3 3 3 3,12,10000,2052,7948,0.2052,7245,2755,0.7245,5193
configs/exp4/arc_lru_lfu_lru.cfg,experiments/data/phases24_c12_seed45.in,ARC LRU LFU LRU,4,3 3 3 3,12,10000,1536,8464,0.1536,7245,2755,0.7245,5709
configs/exp4/arc_lru_lirs.cfg,experiments/data/phases24_c12_seed45.in,ARC LRU LIRS,3,4 4 4,12,10000,2660,7340,0.266,7245,2755,0.7245,4585
configs/exp4/arc_lru_lirs_2q.cfg,experiments/data/phases24_c12_seed45.in,ARC LRU LIRS 2Q,4,3 3 3 3,12,10000,2276,7724,0.2276,7245,2755,0.7245,4969
configs/exp4/arc_lru_lirs_arc.cfg,experiments/data/phases24_c12_seed45.in,ARC LRU LIRS ARC,4,3 3 3 3,12,10000,2342,7658,0.2342,7245,2755,0.7245,4903
configs/exp4/arc_lru_lirs_lfu.cfg,experiments/data/phases24_c12_seed45.in,ARC LRU LIRS LFU,4,3 3 3 3,12,10000,2120,7880,0.212,7245,2755,0.7245,5125
configs/exp4/arc_lru_lirs_lirs.cfg,experiments/data/phases24_c12_seed45.in,ARC LRU LIRS LIRS,4,3 3 3 3,12,10000,2139,7861,0.2139,7245,2755,0.7245,5106
configs/exp4/arc_lru_lirs_lru.cfg,experiments/data/phases24_c12_seed45.in,ARC LRU LIRS LRU,4,3 3 3 3,12,10000,2052,7948,0.2052,7245,2755,0.7245,5193
configs/exp4/arc_lru_lru.cfg,experiments/data/phases24_c12_seed45.in,ARC LRU LRU,3,4 4 4,12,10000,1958,8042,0.1958,7245,2755,0.7245,5287
configs/exp4/arc_lru_lru_2q.cfg,experiments/data/phases24_c12_seed45.in,ARC LRU LRU 2Q,4,3 3 3 3,12,10000,1636,8364,0.1636,7245,2755,0.7245,5609
configs/exp4/arc_lru_lru_arc.cfg,experiments/data/phases24_c12_seed45.in,ARC LRU LRU ARC,4,3 3 3 3,12,10000,1458,8542,0.1458,7245,2755,0.7245,5787
configs/exp4/arc_lru_lru_lfu.cfg,experiments/data/phases24_c12_seed45.in,ARC LRU LRU LFU,4,3 3 3 3,12,10000,1458,8542,0.1458,7245,2755,0.7245,5787
configs/exp4/arc_lru_lru_lirs.cfg,experiments/data/phases24_c12_seed45.in,ARC LRU LRU LIRS,4,3 3 3 3,12,10000,1994,8006,0.1994,7245,2755,0.7245,5251
configs/exp4/arc_lru_lru_lru.cfg,experiments/data/phases24_c12_seed45.in,ARC LRU LRU LRU,4,3 3 3 3,12,10000,1458,8542,0.1458,7245,2755,0.7245,5787
configs/exp4/lfu_2q.cfg,experiments/data/phases24_c12_seed45.in,LFU 2Q,2,6 6,12,10000,2763,7237,0.2763,7245,2755,0.7245,4482
configs/exp4/lfu_2q_2q.cfg,experiments/data/phases24_c12_seed45.in,LFU 2Q 2Q,3,4 4 4,12,10000,2192,7808,0.2192,7245,2755,0.7245,5053
configs/exp4/lfu_2q_2q_2q.cfg,experiments/data/phases24_c12_seed45.in,LFU 2Q 2Q 2Q,4,3 3 3 3,12,10000,1677,8323,0.1677,7245,2755,0.7245,5568
configs/exp4/lfu_2q_2q_arc.cfg,experiments/data/phases24_c12_seed45.in,LFU 2Q 2Q ARC,4,3 3 3 3,12,10000,2159,7841,0.2159,7245,2755,0.7245,5086
configs/exp4/lfu_2q_2q_lfu.cfg,experiments/data/phases24_c12_seed45.in,LFU 2Q 2Q LFU,4,3 3 3 3,12,10000,1715,8285,0.1715,7245,2755,0.7245,5530
configs/exp4/lfu_2q_2q_lirs.cfg,experiments/data/phases24_c12_seed45.in,LFU 2Q 2Q LIRS,4,3 3 3 3,12,10000,2153,7847,0.2153,7245,2755,0.7245,5092
configs/exp4/lfu_2q_2q_lru.cfg,experiments/data/phases24_c12_seed45.in,LFU 2Q 2Q LRU,4,3 3 3 3,12,10000,2221,7779,0.2221,7245,2755,0.7245,5024
configs/exp4/lfu_2q_arc.cfg,experiments/data/phases24_c12_seed45.in,LFU 2Q ARC,3,4 4 4,12,10000,2705,7295,0.2705,7245,2755,0.7245,4540
configs/exp4/lfu_2q_arc_2q.cfg,experiments/data/phases24_c12_seed45.in,LFU 2Q ARC 2Q,4,3 3 3 3,12,10000,2411,7589,0.2411,7245,2755,0.7245,4834
configs/exp4/lfu_2q_arc_arc.cfg,experiments/data/phases24_c12_seed45.in,LFU 2Q ARC ARC,4,3 3 3 3,12,10000,2233,7767,0.2233,7245,2755,0.7245,5012
configs/exp4/lfu_2q_arc_lfu.cfg,experiments/data/phases24_c12_seed45.in,LFU 2Q ARC LFU,4,3 3 3 3,12,10000,2076,7924,0.2076,7245,2755,0.7245,5169
configs/exp4/lfu_2q_arc_lirs.cfg,experiments/data/phases24_c12_seed45.in,LFU 2Q ARC LIRS,4,3 3 3 3,12,10000,2486,7514,0.2486,7245,2755,0.7245,4759
configs/exp4/lfu_2q_arc_lru.cfg,experiments/data/phases24_c12_seed45.in,LFU 2Q ARC LRU,4,3 3 3 3,12,10000,2214,7786,0.2214,7245,2755,0.7245,5031
configs/exp4/lfu_2q_lfu.cfg,experiments/data/phases24_c12_seed45.in,LFU 2Q LFU,3,4 4 4,12,10000,2063,7937,0.2063,7245,2755,0.7245,5182
configs/exp4/lfu_2q_lfu_2q.cfg,experiments/data/phases24_c12_seed45.in,LFU 2Q LFU 2Q,4,3 3 3 3,12,10000,1755,8245,0.1755,7245,2755,0.7245,5490
configs/exp4/lfu_2q_lfu_arc.cfg,experiments/data/phases24_c12_seed45.in,LFU 2Q LFU ARC,4,3 3 3 3,12,10000,2103,7897,0.2103,7245,2755,0.7245,5142
configs/exp4/lfu_2q_lfu_lfu.cfg,experiments/data/phases24_c12_seed45.in,LFU 2Q LFU LFU,4,3 3 3 3,12,10000,1668,8332,0.1668,7245,2755,0.7245,5577
configs/exp4/lfu_2q_lfu_lirs.cfg,experiments/data/phases24_c12_seed45.in,LFU 2Q LFU LIRS,4,3 3 3 3,12,10000,2124,7876,0.2124,7245,2755,0.7245,5121
configs/exp4/lfu_2q_lfu_lru.cfg,experiments/data/phases24_c12_seed45.in,LFU 2Q LFU LRU,4,3 3 3 3,12,10000,2190,7810,0.219,7245,2755,0.7245,5055
configs/exp4/lfu_2q_lirs.cfg,experiments/data/phases24_c12_seed45.in,LFU 2Q LIRS,3,4 4 4,12,10000,2581,7419,0.2581,7245,2755,0.7245,4664
configs/exp4/lfu_2q_lirs_2q.cfg,experiments/data/phases24_c12_seed45.in,LFU 2Q LIRS 2Q,4,3 3 3 3,12,10000,2271,7729,0.2271,7245,2755,0.7245,4974
configs/exp4/lfu_2q_lirs_arc.cfg,experiments/data/phases24_c12_seed45.in,LFU 2Q LIRS ARC,4,3 3 3 3,12,10000,2460,7540,0.246,7245,2755,0.7245,4785
configs/exp4/lfu_2q_lirs_lfu.cfg,experiments/data/phases24_c12_seed45.in,LFU 2Q LIRS LFU,4,3 3 3 3,12,10000,2107,7893,0.2107,7245,2755,0.7245,5138
configs/exp4/lfu_2q_lirs_lirs.cfg,experiments/data/phases24_c12_seed45.in,LFU 2Q LIRS LIRS,4,3 3 3 3,12,10000,2074,7926,0.2074,7245,2755,0.7245,5171
configs/exp4/lfu_2q_lirs_lru.cfg,experiments/data/phases24_c12_seed45.in,LFU 2Q LIRS LRU,4,3 3 3 3,12,10000,2522,7478,0.2522,7245,2755,0.7245,4723
configs/exp4/lfu_2q_lru.cfg,experiments/data/phases24_c12_seed45.in,LFU 2Q LRU,3,4 4 4,12,10000,2792,7208,0.2792,7245,2755,0.7245,4453
configs/exp4/lfu_2q_lru_2q.cfg,experiments/data/phases24_c12_seed45.in,LFU 2Q LRU 2Q,4,3 3 3 3,12,10000,2332,7668,0.2332,7245,2755,0.7245,4913
configs/exp4/lfu_2q_lru_arc.cfg,experiments/data/phases24_c12_seed45.in,LFU 2Q LRU ARC,4,3 3 3 3,12,10000,2423,7577,0.2423,7245,2755,0.7245,4822
configs/exp4/lfu_2q_lru_lfu.cfg,experiments/data/phases24_c12_seed45.in,LFU 2Q LRU LFU,4,3 3 3 3,12,10000,2122,7878,0.2122,7245,2755,0.7245,5123
configs/exp4/lfu_2q_lru_lirs.cfg,experiments/data/phases24_c12_seed45.in,LFU 2Q LRU LIRS,4,3 3 3 3,12,10000,2562,7438,0.2562,7245,2755,0.7245,4683
configs/exp4/lfu_2q_lru_lru.cfg,experiments/data/phases24_c12_seed45.in,LFU 2Q LRU LRU,4,3 3 3 3,12,10000,2033,7967,0.2033,7245,2755,0.7245,5212
configs/exp4/lfu_arc.cfg,experiments/data/phases24_c12_seed45.in,LFU ARC,2,6 6,12,10000,2748,7252,0.2748,7245,2755,0.7245,4497
configs/exp4/lfu_arc_2q.cfg,experiments/data/phases24_c12_seed45.in,LFU ARC 2Q,3,4 4 4,12,10000,2625,7375,0.2625,7245,2755,0.7245,4620
configs/exp4/lfu_arc_2q_2q.cfg,experiments/data/phases24_c12_seed45.in,LFU ARC 2Q 2Q,4,3 3 3 3,12,10000,2187,7813,0.2187,7245,2755,0.7245,5058
configs/exp4/lfu_arc_2q_arc.cfg,experiments/data/phases24_c12_seed45.in,LFU ARC 2Q ARC,4,3 3 3 3,12,10000,2272,7728,0.2272,7245,2755,0.7245,4973
configs/exp4/lfu_arc_2q_lfu.cfg,experiments/data/phases24_c12_seed45.in,LFU ARC 2Q LFU,4,3 3 3 3,12,10000,2026,7974,0.2026,7245,2755,0.7245,5219
configs/exp4/lfu_arc_2q_lirs.cfg,experiments/data/phases24_c12_seed45.in,LFU ARC 2Q LIRS,4,3 3 3 3,12,10000,2442,7558,0.2442,7245,2755,0.7245,4803
configs/exp4/lfu_arc_2q_lru.cfg,experiments/data/phases24_c12_seed45.in,LFU ARC 2Q LRU,4,3 3 3 3,12,10000,2279,7721,0.2279,7245,2755,0.7245,4966
configs/exp4/lfu_arc_arc.cfg,experiments/data/phases24_c12_seed45.in,LFU ARC ARC,3,4 4 4,12,10000,2210,7790,0.221,7245,2755,0.7245,5035
configs/exp4/lfu_arc_arc_2q.cfg,experiments/data/phases24_c12_seed45.in,LFU ARC ARC 2Q,4,3 3 3 3,12,10000,2194,7806,0.2194,7245,2755,0.7245,5051
configs/exp4/lfu_arc_arc_arc.cfg,experiments/data/phases24_c12_seed45.in,LFU ARC ARC ARC,4,3 3 3 3,12,10000,1840,8160,0.184,7245,2755,0.7245,5405
configs/exp4/lfu_arc_arc_lfu.cfg,experiments/data/phases24_c12_seed45.in,LFU ARC ARC LFU,4,3 3 3 3,12,10000,1779,8221,0.1779,7245,2755,0.7245,5466
configs/exp4/lfu_arc_arc_lirs.cfg,experiments/data/phases24_c12_seed45.in,LFU ARC ARC LIRS,4,3 3 3 3,12,10000,2166,7834,0.2166,7245,2755,0.7245,5079
configs/exp4/lfu_arc_arc_lru.cfg,experiments/data/phases24_c12_seed45.in,LFU ARC ARC LRU,4,3 3 3 3,12,10000,1896,8104,0.1896,7245,2755,0.7245,5349
configs/exp4/lfu_arc_lfu.cfg,experiments/data/phases24_c12_seed45.in,LFU ARC LFU,3,4 4 4,12,10000,1983,8017,0.1983,7245,2755,0.7245,5262
configs/exp4/lfu_arc_lfu_2q.cfg,experiments/data/phases24_c12_seed45.in,LFU ARC LFU 2Q,4,3 3 3 3,12,10000,2059,7941,0.2059,7245,2755,0.7245,5186
configs/exp4/lfu_arc_lfu_arc.cfg,experiments/data/phases24_c12_seed45.in,LFU ARC LFU ARC,4,3 3 3 3,12,10000,1801,8199,0.1801,7245,2755,0.7245,5444
configs/exp4/lfu_arc_lfu_lfu.cfg,experiments/data/phases24_c12_seed45.in,LFU ARC LFU LFU,4,3 3 3 3,12,10000,1610,8390,0.161,7245,2755,0.7245,5635
configs/exp4/lfu_arc_lfu_lirs.cfg,experiments/data/phases24_c12_seed45.in,LFU ARC LFU LIRS,4,3 3 3 3,12,10000,2039,7961,0.2039,7245,2755,0.7245,5206
configs/exp4/lfu_arc_lfu_lru.cfg,experiments/data/phases24_c12_seed45.in,LFU ARC LFU LRU,4,3 3 3 3,12,10000,1812,8188,0.1812,7245,2755,0.7245,5433
configs/exp4/lfu_arc_lirs.cfg,experiments/data/phases24_c12_seed45.in,LFU ARC LIRS,3,4 4 4,12,10000,2516,7484,0.2516,7245,2755,0.7245,4729
configs/exp4/lfu_arc_lirs_2q.cfg,experiments/data/phases24_c12_seed45.in,LFU ARC LIRS 2Q,4,3 3 3 3,12,10000,2405,7595,0.2405,7245,2755,0.7245,4840
configs/exp4/lfu_arc_lirs_arc.cfg,experiments/data/phases24_c12_seed45.in,LFU ARC LIRS ARC,4,3 3 3 3,12,10000,2187,7813,0.2187,7245,2755,0.7245,5058
configs/exp4/lfu_arc_lirs_lfu.cfg,experiments/data/phases24_c12_seed45.in,LFU ARC LIRS LFU,4,3 3 3 3,12,10000,2017,7983,0.2017,7245,2755,0.7245,5228
configs/exp4/lfu_arc_lirs_lirs.cfg,experiments/data/phases24_c12_seed45.in,LFU ARC LIRS LIRS,4,3 3 3 3,12,10000,2007,7993,0.2007,7245,2755,0.7245,5238
configs/exp4/lfu_arc_lirs_lru.cfg,experiments/data/phases24_c12_seed45.in,LFU ARC LIRS LRU,4,3 3 3 3,12,10000,2171,7829,0.2171,7245,2755,0.7245,5074
configs/exp4/lfu_arc_lru.cfg,experiments/data/phases24_c12_seed45.in,LFU ARC LRU,3,4 4 4,12,10000,2232,7768,0.2232,7245,2755,0.7245,5013
configs/exp4/lfu_arc_lru_2q.cfg,experiments/data/phases24_c12_seed45.in,LFU ARC LRU 2Q,4,3 3 3 3,12,10000,1803,8197,0.1803,7245,2755,0.7245,5442
configs/exp4/lfu_arc_lru_arc.cfg,experiments/data/phases24_c12_seed45.in,LFU ARC LRU ARC,4,3 3 3 3,12,10000,2055,7945,0.2055,7245,2755,0.7245,5190
configs/exp4/lfu_arc_lru_lfu.cfg,experiments/data/phases24_c12_seed45.in,LFU ARC LRU LFU,4,3 3 3 3,12,10000,1761,8239,0.1761,7245,2755,0.7245,5484
configs/exp4/lfu_arc_lru_lirs.cfg,experiments/data/phases24_c12_seed45.in,LFU ARC LRU LIRS,4,3 3 3 3,12,10000,2191,7809,0.2191,7245,2755,0.7245,5054
configs/exp4/lfu_arc_lru_lru.cfg,experiments/data/phases24_c12_seed45.in,LFU ARC LRU LRU,4,3 3 3 3,12,10000,1647,8353,0.1647,7245,2755,0.7245,5598
configs/exp4/lfu_lfu_2q.cfg,experiments/data/phases24_c12_seed45.in,LFU LFU 2Q,3,4 4 4,12,10000,2139,7861,0.2139,7245,2755,0.7245,5106
configs/exp4/lfu_lfu_2q_2q.cfg,experiments/data/phases24_c12_seed45.in,LFU LFU 2Q 2Q,4,3 3 3 3,12,10000,1737,8263,0.1737,7245,2755,0.7245,5508
configs/exp4/lfu_lfu_2q_arc.cfg,experiments/data/phases24_c12_seed45.in,LFU LFU 2Q ARC,4,3 3 3 3,12,10000,2116,7884,0.2116,7245,2755,0.7245,5129
configs/exp4/lfu_lfu_2q_lfu.cfg,experiments/data/phases24_c12_seed45.in,LFU LFU 2Q LFU,4,3 3 3 3,12,10000,1691,8309,0.1691,7245,2755,0.7245,5554
configs/exp4/lfu_lfu_2q_lirs.cfg,experiments/data/phases24_c12_seed45.in,LFU LFU 2Q LIRS,4,3 3 3 3,12,10000,2139,7861,0.2139,7245,2755,0.7245,5106
configs/exp4/lfu_lfu_2q_lru.cfg,experiments/data/phases24_c12_seed45.in,LFU LFU 2Q LRU,4,3 3 3 3,12,10000,2210,7790,0.221,7245,2755,0.7245,5035
configs/exp4/lfu_lfu_arc.cfg,experiments/data/phases24_c12_seed45.in,LFU LFU ARC,3,4 4 4,12,10000,2054,7946,0.2054,7245,2755,0.7245,5191
configs/exp4/lfu_lfu_arc_2q.cfg,experiments/data/phases24_c12_seed45.in,LFU LFU ARC 2Q,4,3 3 3 3,12,10000,2094,7906,0.2094,7245,2755,0.7245,5151
configs/exp4/lfu_lfu_arc_arc.cfg,experiments/data/phases24_c12_seed45.in,LFU LFU ARC ARC,4,3 3 3 3,12,10000,1820,8180,0.182,7245,2755,0.7245,5425
configs/exp4/lfu_lfu_arc_lfu.cfg,experiments/data/phases24_c12_seed45.in,LFU LFU ARC LFU,4,3 3 3 3,12,10000,1666,8334,0.1666,7245,2755,0.7245,5579
configs/exp4/lfu_lfu_arc_lirs.cfg,experiments/data/phases24_c12_seed45.in,LFU LFU ARC LIRS,4,3 3 3 3,12,10000,2041,7959,0.2041,7245,2755,0.7245,5204
configs/exp4/lfu_lfu_arc_lru.cfg,experiments/data/phases24_c12_seed45.in,LFU LFU ARC LRU,4,3 3 3 3,12,10000,1835,8165,0.1835,7245,2755,0.7245,5410
configs/exp4/lfu_lfu_lfu_2q.cfg,experiments/data/phases24_c12_seed45.in,LFU LFU LFU 2Q,4,3 3 3 3,12,10000,1705,8295,0.1705,7245,2755,0.7245,5540
configs/exp4/lfu_lfu_lfu_arc.cfg,experiments/data/phases24_c12_seed45.in,LFU LFU LFU ARC,4,3 3 3 3,12,10000,1670,8330,0.167,7245,2755,0.7245,5575
configs/exp4/lfu_lfu_lfu_lirs.cfg,experiments/data/phases24_c12_seed45.in,LFU LFU LFU LIRS,4,3 3 3 3,12,10000,1710,8290,0.171,7245,2755,0.7245,5535
configs/exp4/lfu_lfu_lfu_lru.cfg,experiments/data/phases24_c12_seed45.in,LFU LFU LFU LRU,4,3 3 3 3,12,10000,1679,8321,0.1679,7245,2755,0.7245,5566
configs/exp4/lfu_lfu_lirs.cfg,experiments/data/phases24_c12_seed45.in,LFU LFU LIRS,3,4 4 4,12,10000,2151,7849,0.2151,7245,2755,0.7245,5094
configs/exp4/lfu_lfu_lirs_2q.cfg,experiments/data/phases24_c12_seed45.in,LFU LFU LIRS 2Q,4,3 3 3 3,12,10000,2094,7906,0.2094,7245,2755,0.7245,5151
configs/exp4/lfu_lfu_lirs_arc.cfg,experiments/data/phases24_c12_seed45.in,LFU LFU LIRS ARC,4,3 3 3 3,12,10000,2036,7964,0.2036,7245,2755,0.7245,5209
configs/exp4/lfu_lfu_lirs_lfu.cfg,experiments/data/phases24_c12_seed45.in,LFU LFU LIRS LFU,4,3 3 3 3,12,10000,1697,8303,0.1697,7245,2755,0.7245,5548
configs/exp4/lfu_lfu_lirs_lirs.cfg,experiments/data/phases24_c12_seed45.in,LFU LFU LIRS LIRS,4,3 3 3 3,12,10000,1698,8302,0.1698,7245,2755,0.7245,5547
configs/exp4/lfu_lfu_lirs_lru.cfg,experiments/data/phases24_c12_seed45.in,LFU LFU LIRS LRU,4,3 3 3 3,12,10000,2123,7877,0.2123,7245,2755,0.7245,5122
configs/exp4/lfu_lfu_lru.cfg,experiments/data/phases24_c12_seed45.in,LFU LFU LRU,3,4 4 4,12,10000,2087,7913,0.2087,7245,2755,0.7245,5158
configs/exp4/lfu_lfu_lru_2q.cfg,experiments/data/phases24_c12_seed45.in,LFU LFU LRU 2Q,4,3 3 3 3,12,10000,1938,8062,0.1938,7245,2755,0.7245,5307
configs/exp4/lfu_lfu_lru_arc.cfg,experiments/data/phases24_c12_seed45.in,LFU LFU LRU ARC,4,3 3 3 3,12,10000,1987,8013,0.1987,7245,2755,0.7245,5258
configs/exp4/lfu_lfu_lru_lfu.cfg,experiments/data/phases24_c12_seed45.in,LFU LFU LRU LFU,4,3 3 3 3,12,10000,1632,8368,0.1632,7245,2755,0.7245,5613
configs/exp4/lfu_lfu_lru_lirs.cfg,experiments/data/phases24_c12_seed45.in,LFU LFU LRU LIRS,4,3 3 3 3,12,10000,2108,7892,0.2108,7245,2755,0.7245,5137
configs/exp4/lfu_lfu_lru_lru.cfg,experiments/data/phases24_c12_seed45.in,LFU LFU LRU LRU,4,3 3 3 3,12,10000,1550,8450,0.155,7245,2755,0.7245,5695
configs/exp4/lfu_lirs.cfg,experiments/data/phases24_c12_seed45.in,LFU LIRS,2,6 6,12,10000,2804,7196,0.2804,7245,2755,0.7245,4441
configs/exp4/lfu_lirs_2q.cfg,experiments/data/phases24_c12_seed45.in,LFU LIRS 2Q,3,4 4 4,12,10000,2539,7461,0.2539,7245,2755,0.7245,4706
configs/exp4/lfu_lirs_2q_2q.cfg,experiments/data/phases24_c12_seed45.in,LFU LIRS 2Q 2Q,4,3 3 3 3,12,10000,2127,7873,0.2127,7245,2755,0.7245,5118
configs/exp4/lfu_lirs_2q_arc.cfg,experiments/data/phases24_c12_seed45.in,LFU LIRS 2Q ARC,4,3 3 3 3,12,10000,2436,7564,0.2436,7245,2755,0.7245,4809
configs/exp4/lfu_lirs_2q_lfu.cfg,experiments/data/phases24_c12_seed45.in,LFU LIRS 2Q LFU,4,3 3 3 3,12,10000,2079,7921,0.2079,7245,2755,0.7245,5166
configs/exp4/lfu_lirs_2q_lirs.cfg,experiments/data/phases24_c12_seed45.in,LFU LIRS 2Q LIRS,4,3 3 3 3,12,10000,2099,7901,0.2099,7245,2755,0.7245,5146
configs/exp4/lfu_lirs_2q_lru.cfg,experiments/data/phases24_c12_seed45.in,LFU LIRS 2Q LRU,4,3 3 3 3,12,10000,2483,7517,0.2483,7245,2755,0.7245,4762
configs/exp4/lfu_lirs_arc.cfg,experiments/data/phases24_c12_seed45.in,LFU LIRS ARC,3,4 4 4,12,10000,2564,7436,0.2564,7245,2755,0.7245,4681
configs/exp4/lfu_lirs_arc_2q.cfg,experiments/data/phases24_c12_seed45.in,LFU LIRS ARC 2Q,4,3 3 3 3,12,10000,2383,7617,0.2383,7245,2755,0.7245,4862
configs/exp4/lfu_lirs_arc_arc.cfg,experiments/data/phases24_c12_seed45.in,LFU LIRS ARC ARC,4,3 3 3 3,12,10000,2178,7822,0.2178,7245,2755,0.7245,5067
configs/exp4/lfu_lirs_arc_lfu.cfg,experiments/data/phases24_c12_seed45.in,LFU LIRS ARC LFU,4,3 3 3 3,12,10000,2019,7981,0.2019,7245,2755,0.7245,5226
configs/exp4/lfu_lirs_arc_lirs.cfg,experiments/data/phases24_c12_seed45.in,LFU LIRS ARC LIRS,4,3 3 3 3,12,10000,2127,7873,0.2127,7245,2755,0.7245,5118
configs/exp4/lfu_lirs_arc_lru.cfg,experiments/data/phases24_c12_seed45.in,LFU LIRS ARC LRU,4,3 3 3 3,12,10000,2131,7869,0.2131,7245,2755,0.7245,5114
configs/exp4/lfu_lirs_lfu.cfg,experiments/data/phases24_c12_seed45.in,LFU LIRS LFU,3,4 4 4,12,10000,2112,7888,0.2112,7245,2755,0.7245,5133
configs/exp4/lfu_lirs_lfu_2q.cfg,experiments/data/phases24_c12_seed45.in,LFU LIRS LFU 2Q,4,3 3 3 3,12,10000,2083,7917,0.2083,7245,2755,0.7245,5162
configs/exp4/lfu_lirs_lfu_arc.cfg,experiments/data/phases24_c12_seed45.in,LFU LIRS LFU ARC,4,3 3 3 3,12,10000,2022,7978,0.2022,7245,2755,0.7245,5223
configs/exp4/lfu_lirs_lfu_lfu.cfg,experiments/data/phases24_c12_seed45.in,LFU LIRS LFU LFU,4,3 3 3 3,12,10000,1679,8321,0.1679,7245,2755,0.7245,5566
configs/exp4/lfu_lirs_lfu_lirs.cfg,experiments/data/phases24_c12_seed45.in,LFU LIRS LFU LIRS,4,3 3 3 3,12,10000,1690,8310,0.169,7245,2755,0.7245,5555
configs/exp4/lfu_lirs_lfu_lru.cfg,experiments/data/phases24_c12_seed45.in,LFU LIRS LFU LRU,4,3 3 3 3,12,10000,2109,7891,0.2109,7245,2755,0.7245,5136
configs/exp4/lfu_lirs_lirs.cfg,experiments/data/phases24_c12_seed45.in,LFU LIRS LIRS,3,4 4 4,12,10000,2124,7876,0.2124,7245,2755,0.7245,5121
configs/exp4/lfu_lirs_lirs_2q.cfg,experiments/data/phases24_c12_seed45.in,LFU LIRS LIRS 2Q,4,3 3 3 3,12,10000,2045,7955,0.2045,7245,2755,0.7245,5200
configs/exp4/lfu_lirs_lirs_arc.cfg,experiments/data/phases24_c12_seed45.in,LFU LIRS LIRS ARC,4,3 3 3 3,12,10000,1985,8015,0.1985,7245,2755,0.7245,5260
configs/exp4/lfu_lirs_lirs_lfu.cfg,experiments/data/phases24_c12_seed45.in,LFU LIRS LIRS LFU,4,3 3 3 3,12,10000,1668,8332,0.1668,7245,2755,0.7245,5577
configs/exp4/lfu_lirs_lirs_lirs.cfg,experiments/data/phases24_c12_seed45.in,LFU LIRS LIRS LIRS,4,3 3 3 3,12,10000,1542,8458,0.1542,7245,2755,0.7245,5703
configs/exp4/lfu_lirs_lirs_lru.cfg,experiments/data/phases24_c12_seed45.in,LFU LIRS LIRS LRU,4,3 3 3 3,12,10000,2060,7940,0.206,7245,2755,0.7245,5185
configs/exp4/lfu_lirs_lru.cfg,experiments/data/phases24_c12_seed45.in,LFU LIRS LRU,3,4 4 4,12,10000,2664,7336,0.2664,7245,2755,0.7245,4581
configs/exp4/lfu_lirs_lru_2q.cfg,experiments/data/phases24_c12_seed45.in,LFU LIRS LRU 2Q,4,3 3 3 3,12,10000,2091,7909,0.2091,7245,2755,0.7245,5154
configs/exp4/lfu_lirs_lru_arc.cfg,experiments/data/phases24_c12_seed45.in,LFU LIRS LRU ARC,4,3 3 3 3,12,10000,2367,7633,0.2367,7245,2755,0.7245,4878
configs/exp4/lfu_lirs_lru_lfu.cfg,experiments/data/phases24_c12_seed45.in,LFU LIRS LRU LFU,4,3 3 3 3,12,10000,2068,7932,0.2068,7245,2755,0.7245,5177
configs/exp4/lfu_lirs_lru_lirs.cfg,experiments/data/phases24_c12_seed45.in,LFU LIRS LRU LIRS,4,3 3 3 3,12,10000,2251,7749,0.2251,7245,2755,0.7245,4994
configs/exp4/lfu_lirs_lru_lru.cfg,experiments/data/phases24_c12_seed45.in,LFU LIRS LRU LRU,4,3 3 3 3,12,10000,1954,8046,0.1954,7245,2755,0.7245,5291
configs/exp4/lfu_lru.cfg,experiments/data/phases24_c12_seed45.in,LFU LRU,2,6 6,12,10000,2735,7265,0.2735,7245,2755,0.7245,4510
configs/exp4/lfu_lru_2q.cfg,experiments/data/phases24_c12_seed45.in,LFU LRU 2Q,3,4 4 4,12,10000,2044,7956,0.2044,7245,2755,0.7245,5201
configs/exp4/lfu_lru_2q_2q.cfg,experiments/data/phases24_c12_seed45.in,LFU LRU 2Q 2Q,4,3 3 3 3,12,10000,1816,8184,0.1816,7245,2755,0.7245,5429
configs/exp4/lfu_lru_2q_arc.cfg,experiments/data/phases24_c12_seed45.in,LFU LRU 2Q ARC,4,3 3 3 3,12,10000,2198,7802,0.2198,7245,2755,0.7245,5047
configs/exp4/lfu_lru_2q_lfu.cfg,experiments/data/phases24_c12_seed45.in,LFU LRU 2Q LFU,4,3 3 3 3,12,10000,1825,8175,0.1825,7245,2755,0.7245,5420
configs/exp4/lfu_lru_2q_lirs.cfg,experiments/data/phases24_c12_seed45.in,LFU LRU 2Q LIRS,4,3 3 3 3,12,10000,2334,7666,0.2334,7245,2755,0.7245,4911
configs/exp4/lfu_lru_2q_lru.cfg,experiments/data/phases24_c12_seed45.in,LFU LRU 2Q LRU,4,3 3 3 3,12,10000,1822,8178,0.1822,7245,2755,0.7245,5423
configs/exp4/lfu_lru_arc.cfg,experiments/data/phases24_c12_seed45.in,LFU LRU ARC,3,4 4 4,12,10000,2458,7542,0.2458,7245,2755,0.7245,4787
configs/exp4/lfu_lru_arc_2q.cfg,experiments/data/phases24_c12_seed45.in,LFU LRU ARC 2Q,4,3 3 3 3,12,10000,2206,7794,0.2206,7245,2755,0.7245,5039
configs/exp4/lfu_lru_arc_arc.cfg,experiments/data/phases24_c12_seed45.in,LFU LRU ARC ARC,4,3 3 3 3,12,10000,2111,7889,0.2111,7245,2755,0.7245,5134
configs/exp4/lfu_lru_arc_lfu.cfg,experiments/data/phases24_c12_seed45.in,LFU LRU ARC LFU,4,3 3 3 3,12,10000,1942,8058,0.1942,7245,2755,0.7245,5303
configs/exp4/lfu_lru_arc_lirs.cfg,experiments/data/phases24_c12_seed45.in,LFU LRU ARC LIRS,4,3 3 3 3,12,10000,2378,7622,0.2378,7245,2755,0.7245,4867
configs/exp4/lfu_lru_arc_lru.cfg,experiments/data/phases24_c12_seed45.in,LFU LRU ARC LRU,4,3 3 3 3,12,10000,1893,8107,0.1893,7245,2755,0.7245,5352
configs/exp4/lfu_lru_lfu.cfg,experiments/data/phases24_c12_seed45.in,LFU LRU LFU,3,4 4 4,12,10000,1867,8133,0.1867,7245,2755,0.7245,5378
configs/exp4/lfu_lru_lfu_2q.cfg,experiments/data/phases24_c12_seed45.in,LFU LRU LFU 2Q,4,3 3 3 3,12,10000,1911,8089,0.1911,7245,2755,0.7245,5334
configs/exp4/lfu_lru_lfu_arc.cfg,experiments/data/phases24_c12_seed45.in,LFU LRU LFU ARC,4,3 3 3 3,12,10000,1979,8021,0.1979,7245,2755,0.7245,5266
configs/exp4/lfu_lru_lfu_lfu.cfg,experiments/data/phases24_c12_seed45.in,LFU LRU LFU LFU,4,3 3 3 3,12,10000,1617,8383,0.1617,7245,2755,0.7245,5628
configs/exp4/lfu_lru_lfu_lirs.cfg,experiments/data/phases24_c12_seed45.in,LFU LRU LFU LIRS,4,3 3 3 3,12,10000,2065,7935,0.2065,7245,2755,0.7245,5180
configs/exp4/lfu_lru_lfu_lru.cfg,experiments/data/phases24_c12_seed45.in,LFU LRU LFU LRU,4,3 3 3 3,12,10000,1528,8472,0.1528,7245,2755,0.7245,5717
configs/exp4/lfu_lru_lirs.cfg,experiments/data/phases24_c12_seed45.in,LFU LRU LIRS,3,4 4 4,12,10000,2584,7416,0.2584,7245,2755,0.7245,4661
configs/exp4/lfu_lru_lirs_2q.cfg,experiments/data/phases24_c12_seed45.in,LFU LRU LIRS 2Q,4,3 3 3 3,12,10000,2277,7723,0.2277,7245,2755,0.7245,4968
configs/exp4/lfu_lru_lirs_arc.cfg,experiments/data/phases24_c12_seed45.in,LFU LRU LIRS ARC,4,3 3 3 3,12,10000,2317,7683,0.2317,7245,2755,0.7245,4928
configs/exp4/lfu_lru_lirs_lfu.cfg,experiments/data/phases24_c12_seed45.in,LFU LRU LIRS LFU,4,3 3 3 3,12,10000,2043,7957,0.2043,7245,2755,0.7245,5202
configs/exp4/lfu_lru_lirs_lirs.cfg,experiments/data/phases24_c12_seed45.in,LFU LRU LIRS LIRS,4,3 3 3 3,12,10000,2088,7912,0.2088,7245,2755,0.7245,5157
configs/exp4/lfu_lru_lirs_lru.cfg,experiments/data/phases24_c12_seed45.in,LFU LRU LIRS LRU,4,3 3 3 3,12,10000,1999,8001,0.1999,7245,2755,0.7245,5246
configs/exp4/lfu_lru_lru.cfg,experiments/data/phases24_c12_seed45.in,LFU LRU LRU,3,4 4 4,12,10000,1861,8139,0.1861,7245,2755,0.7245,5384
configs/exp4/lfu_lru_lru_2q.cfg,experiments/data/phases24_c12_seed45.in,LFU LRU LRU 2Q,4,3 3 3 3,12,10000,1523,8477,0.1523,7245,2755,0.7245,5722
configs/exp4/lfu_lru_lru_arc.cfg,experiments/data/phases24_c12_seed45.in,LFU LRU LRU ARC,4,3 3 3 3,12,10000,1538,8462,0.1538,7245,2755,0.7245,5707
configs/exp4/lfu_lru_lru_lfu.cfg,experiments/data/phases24_c12_seed45.in,LFU LRU LRU LFU,4,3 3 3 3,12,10000,1392,8608,0.1392,7245,2755,0.7245,5853
configs/exp4/lfu_lru_lru_lirs.cfg,experiments/data/phases24_c12_seed45.in,LFU LRU LRU LIRS,4,3 3 3 3,12,10000,1928,8072,0.1928,7245,2755,0.7245,5317
configs/exp4/lfu_lru_lru_lru.cfg,experiments/data/phases24_c12_seed45.in,LFU LRU LRU LRU,4,3 3 3 3,12,10000,1345,8655,0.1345,7245,2755,0.7245,5900
configs/exp4/lirs_2q.cfg,experiments/data/phases24_c12_seed45.in,LIRS 2Q,2,6 6,12,10000,3283,6717,0.3283,7245,2755,0.7245,3962
configs/exp4/lirs_2q_2q.cfg,experiments/data/phases24_c12_seed45.in,LIRS 2Q 2Q,3,4 4 4,12,10000,2563,7437,0.2563,7245,2755,0.7245,4682
configs/exp4/lirs_2q_2q_2q.cfg,experiments/data/phases24_c12_seed45.in,LIRS 2Q 2Q 2Q,4,3 3 3 3,12,10000,2123,7877,0.2123,7245,2755,0.7245,5122
configs/exp4/lirs_2q_2q_arc.cfg,experiments/data/phases24_c12_seed45.in,LIRS 2Q 2Q ARC,4,3 3 3 3,12,10000,2527,7473,0.2527,7245,2755,0.7245,4718
configs/exp4/lirs_2q_2q_lfu.cfg,experiments/data/phases24_c12_seed45.in,LIRS 2Q 2Q LFU,4,3 3 3 3,12,10000,2161,7839,0.2161,7245,2755,0.7245,5084
configs/exp4/lirs_2q_2q_lirs.cfg,experiments/data/phases24_c12_seed45.in,LIRS 2Q 2Q LIRS,4,3 3 3 3,12,10000,2267,7733,0.2267,7245,2755,0.7245,4978
configs/exp4/lirs_2q_2q_lru.cfg,experiments/data/phases24_c12_seed45.in,LIRS 2Q 2Q LRU,4,3 3 3 3,12,10000,2556,7444,0.2556,7245,2755,0.7245,4689
configs/exp4/lirs_2q_arc.cfg,experiments/data/phases24_c12_seed45.in,LIRS 2Q ARC,3,4 4 4,12,10000,2968,7032,0.2968,7245,2755,0.7245,4277
configs/exp4/lirs_2q_arc_2q.cfg,experiments/data/phases24_c12_seed45.in,LIRS 2Q ARC 2Q,4,3 3 3 3,12,10000,2764,7236,0.2764,7245,2755,0.7245,4481
configs/exp4/lirs_2q_arc_arc.cfg,experiments/data/phases24_c12_seed45.in,LIRS 2Q ARC ARC,4,3 3 3 3,12,10000,2595,7405,0.2595,7245,2755,0.7245,4650
configs/exp4/lirs_2q_arc_lfu.cfg,experiments/data/phases24_c12_seed45.in,LIRS 2Q ARC LFU,4,3 3 3 3,12,10000,2417,7583,0.2417,7245,2755,0.7245,4828
configs/exp4/lirs_2q_arc_lirs.cfg,experiments/data/phases24_c12_seed45.in,LIRS 2Q ARC LIRS,4,3 3 3 3,12,10000,2615,7385,0.2615,7245,2755,0.7245,4630
configs/exp4/lirs_2q_arc_lru.cfg,experiments/data/phases24_c12_seed45.in,LIRS 2Q ARC LRU,4,3 3 3 3,12,10000,2505,7495,0.2505,7245,2755,0.7245,4740
configs/exp4/lirs_2q_lfu.cfg,experiments/data/phases24_c12_seed45.in,LIRS 2Q LFU,3,4 4 4,12,10000,2489,7511,0.2489,7245,2755,0.7245,4756
configs/exp4/lirs_2q_lfu_2q.cfg,experiments/data/phases24_c12_seed45.in,LIRS 2Q LFU 2Q,4,3 3 3 3,12,10000,2209,7791,0.2209,7245,2755,0.7245,5036
configs/exp4/lirs_2q_lfu_arc.cfg,experiments/data/phases24_c12_seed45.in,LIRS 2Q LFU ARC,4,3 3 3 3,12,10000,2475,7525,0.2475,7245,2755,0.7245,4770
configs/exp4/lirs_2q_lfu_lfu.cfg,experiments/data/phases24_c12_seed45.in,LIRS 2Q LFU LFU,4,3 3 3 3,12,10000,2095,7905,0.2095,7245,2755,0.7245,5150
configs/exp4/lirs_2q_lfu_lirs.cfg,experiments/data/phases24_c12_seed45.in,LIRS 2Q LFU LIRS,4,3 3 3 3,12,10000,2202,7798,0.2202,7245,2755,0.7245,5043
configs/exp4/lirs_2q_lfu_lru.cfg,experiments/data/phases24_c12_seed45.in,LIRS 2Q LFU LRU,4,3 3 3 3,12,10000,2472,7528,0.2472,7245,2755,0.7245,4773
configs/exp4/lirs_2q_lirs.cfg,experiments/data/phases24_c12_seed45.in,LIRS 2Q LIRS,3,4 4 4,12,10000,2613,7387,0.2613,7245,2755,0.7245,4632
configs/exp4/lirs_2q_lirs_2q.cfg,experiments/data/phases24_c12_seed45.in,LIRS 2Q LIRS 2Q,4,3 3 3 3,12,10000,2263,7737,0.2263,7245,2755,0.7245,4982
configs/exp4/lirs_2q_lirs_arc.cfg,experiments/data/phases24_c12_seed45.in,LIRS 2Q LIRS ARC,4,3 3 3 3,12,10000,2477,7523,0.2477,7245,2755,0.7245,4768
configs/exp4/lirs_2q_lirs_lfu.cfg,experiments/data/phases24_c12_seed45.in,LIRS 2Q LIRS LFU,4,3 3 3 3,12,10000,2175,7825,0.2175,7245,2755,0.7245,5070
configs/exp4/lirs_2q_lirs_lirs.cfg,experiments/data/phases24_c12_seed45.in,LIRS 2Q LIRS LIRS,4,3 3 3 3,12,10000,2064,7936,0.2064,7245,2755,0.7245,5181
configs/exp4/lirs_2q_lirs_lru.cfg,experiments/data/phases24_c12_seed45.in,LIRS 2Q LIRS LRU,4,3 3 3 3,12,10000,2527,7473,0.2527,7245,2755,0.7245,4718
configs/exp4/lirs_2q_lru.cfg,experiments/data/phases24_c12_seed45.in,LIRS 2Q LRU,3,4 4 4,12,10000,3039,6961,0.3039,7245,2755,0.7245,4206
configs/exp4/lirs_2q_lru_2q.cfg,experiments/data/phases24_c12_seed45.in,LIRS 2Q LRU 2Q,4,3 3 3 3,12,10000,2452,7548,0.2452,7245,2755,0.7245,4793
configs/exp4/lirs_2q_lru_arc.cfg,experiments/data/phases24_c12_seed45.in,LIRS 2Q LRU ARC,4,3 3 3 3,12,10000,2657,7343,0.2657,7245,2755,0.7245,4588
configs/exp4/lirs_2q_lru_lfu.cfg,experiments/data/phases24_c12_seed45.in,LIRS 2Q LRU LFU,4,3 3 3 3,12,10000,2417,7583,0.2417,7245,2755,0.7245,4828
configs/exp4/lirs_2q_lru_lirs.cfg,experiments/data/phases24_c12_seed45.in,LIRS 2Q LRU LIRS,4,3 3 3 3,12,10000,2672,7328,0.2672,7245,2755,0.7245,4573
configs/exp4/lirs_2q_lru_lru.cfg,experiments/data/phases24_c12_seed45.in,LIRS 2Q LRU LRU,4,3 3 3 3,12,10000,2319,7681,0.2319,7245,2755,0.7245,4926
configs/exp4/lirs_arc.cfg,experiments/data/phases24_c12_seed45.in,LIRS ARC,2,6 6,12,10000,3523,6477,0.3523,7245,2755,0.7245,3722
configs/exp4/lirs_arc_2q.cfg,experiments/data/phases24_c12_seed45.in,LIRS ARC 2Q,3,4 4 4,12,10000,2962,7038,0.2962,7245,2755,0.7245,4283
configs/exp4/lirs_arc_2q_2q.cfg,experiments/data/phases24_c12_seed45.in,LIRS ARC 2Q 2Q,4,3 3 3 3,12,10000,2510,7490,0.251,7245,2755,0.7245,4735
configs/exp4/lirs_arc_2q_arc.cfg,experiments/data/phases24_c12_seed45.in,LIRS ARC 2Q ARC,4,3 3 3 3,12,10000,2557,7443,0.2557,7245,2755,0.7245,4688
configs/exp4/lirs_arc_2q_lfu.cfg,experiments/data/phases24_c12_seed45.in,LIRS ARC 2Q LFU,4,3 3 3 3,12,10000,2365,7635,0.2365,7245,2755,0.7245,4880
configs/exp4/lirs_arc_2q_lirs.cfg,experiments/data/phases24_c12_seed45.in,LIRS ARC 2Q LIRS,4,3 3 3 3,12,10000,2563,7437,0.2563,7245,2755,0.7245,4682
configs/exp4/lirs_arc_2q_lru.cfg,experiments/data/phases24_c12_seed45.in,LIRS ARC 2Q LRU,4,3 3 3 3,12,10000,2508,7492,0.2508,7245,2755,0.7245,4737
configs/exp4/lirs_arc_arc.cfg,experiments/data/phases24_c12_seed45.in,LIRS ARC ARC,3,4 4 4,12,10000,2661,7339,0.2661,7245,2755,0.7245,4584
configs/exp4/lirs_arc_arc_2q.cfg,experiments/data/phases24_c12_seed45.in,LIRS ARC ARC 2Q,4,3 3 3 3,12,10000,2429,7571,0.2429,7245,2755,0.7245,4816
configs/exp4/lirs_arc_arc_arc.cfg,experiments/data/phases24_c12_seed45.in,LIRS ARC ARC ARC,4,3 3 3 3,12,10000,2143,7857,0.2143,7245,2755,0.7245,5102
configs/exp4/lirs_arc_arc_lfu.cfg,experiments/data/phases24_c12_seed45.in,LIRS ARC ARC LFU,4,3 3 3 3,12,10000,2102,7898,0.2102,7245,2755,0.7245,5143
configs/exp4/lirs_arc_arc_lirs.cfg,experiments/data/phases24_c12_seed45.in,LIRS ARC ARC LIRS,4,3 3 3 3,12,10000,2299,7701,0.2299,7245,2755,0.7245,4946
configs/exp4/lirs_arc_arc_lru.cfg,experiments/data/phases24_c12_seed45.in,LIRS ARC ARC LRU,4,3 3 3 3,12,10000,2174,7826,0.2174,7245,2755,0.7245,5071
configs/exp4/lirs_arc_lfu.cfg,experiments/data/phases24_c12_seed45.in,LIRS ARC LFU,3,4 4 4,12,10000,2462,7538,0.2462,7245,2755,0.7245,4783
configs/exp4/lirs_arc_lfu_2q.cfg,experiments/data/phases24_c12_seed45.in,LIRS ARC LFU 2Q,4,3 3 3 3,12,10000,2383,7617,0.2383,7245,2755,0.7245,4862
configs/exp4/lirs_arc_lfu_arc.cfg,experiments/data/phases24_c12_seed45.in,LIRS ARC LFU ARC,4,3 3 3 3,12,10000,2169,7831,0.2169,7245,2755,0.7245,5076
configs/exp4/lirs_arc_lfu_lfu.cfg,experiments/data/phases24_c12_seed45.in,LIRS ARC LFU LFU,4,3 3 3 3,12,10000,2004,7996,0.2004,7245,2755,0.7245,5241
configs/exp4/lirs_arc_lfu_lirs.cfg,experiments/data/phases24_c12_seed45.in,LIRS ARC LFU LIRS,4,3 3 3 3,12,10000,2168,7832,0.2168,7245,2755,0.7245,5077
configs/exp4/lirs_arc_lfu_lru.cfg,experiments/data/phases24_c12_seed45.in,LIRS ARC LFU LRU,4,3 3 3 3,12,10000,2119,7881,0.2119,7245,2755,0.7245,5126
configs/exp4/lirs_arc_lirs.cfg,experiments/data/phases24_c12_seed45.in,LIRS ARC LIRS,3,4 4 4,12,10000,2707,7293,0.2707,7245,2755,0.7245,4538
configs/exp4/lirs_arc_lirs_2q.cfg,experiments/data/phases24_c12_seed45.in,LIRS ARC LIRS 2Q,4,3 3 3 3,12,10000,2505,7495,0.2505,7245,2755,0.7245,4740
configs/exp4/lirs_arc_lirs_arc.cfg,experiments/data/phases24_c12_seed45.in,LIRS ARC LIRS ARC,4,3 3 3 3,12,10000,2260,7740,0.226,7245,2755,0.7245,4985
configs/exp4/lirs_arc_lirs_lfu.cfg,experiments/data/phases24_c12_seed45.in,LIRS ARC LIRS LFU,4,3 3 3 3,12,10000,2151,7849,0.2151,7245,2755,0.7245,5094
configs/exp4/lirs_arc_lirs_lirs.cfg,experiments/data/phases24_c12_seed45.in,LIRS ARC LIRS LIRS,4,3 3 3 3,12,10000,2059,7941,0.2059,7245,2755,0.7245,5186
configs/exp4/lirs_arc_lirs_lru.cfg,experiments/data/phases24_c12_seed45.in,LIRS ARC LIRS LRU,4,3 3 3 3,12,10000,2254,7746,0.2254,7245,2755,0.7245,4991
configs/exp4/lirs_arc_lru.cfg,experiments/data/phases24_c12_seed45.in,LIRS ARC LRU,3,4 4 4,12,10000,2588,7412,0.2588,7245,2755,0.7245,4657
configs/exp4/lirs_arc_lru_2q.cfg,experiments/data/phases24_c12_seed45.in,LIRS ARC LRU 2Q,4,3 3 3 3,12,10000,2083,7917,0.2083,7245,2755,0.7245,5162
configs/exp4/lirs_arc_lru_arc.cfg,experiments/data/phases24_c12_seed45.in,LIRS ARC LRU ARC,4,3 3 3 3,12,10000,2269,7731,0.2269,7245,2755,0.7245,4976
configs/exp4/lirs_arc_lru_lfu.cfg,experiments/data/phases24_c12_seed45.in,LIRS ARC LRU LFU,4,3 3 3 3,12,10000,1998,8002,0.1998,7245,2755,0.7245,5247
configs/exp4/lirs_arc_lru_lirs.cfg,experiments/data/phases24_c12_seed45.in,LIRS ARC LRU LIRS,4,3 3 3 3,12,10000,2306,7694,0.2306,7245,2755,0.7245,4939
configs/exp4/lirs_arc_lru_lru.cfg,experiments/data/phases24_c12_seed45.in,LIRS ARC LRU LRU,4,3 3 3 3,12,10000,1940,8060,0.194,7245,2755,0.7245,5305
configs/exp4/lirs_lfu.cfg,experiments/data/phases24_c12_seed45.in,LIRS LFU,2,6 6,12,10000,2698,7302,0.2698,7245,2755,0.7245,4547
configs/exp4/lirs_lfu_2q.cfg,experiments/data/phases24_c12_seed45.in,LIRS LFU 2Q,3,4 4 4,12,10000,2541,7459,0.2541,7245,2755,0.7245,4704
configs/exp4/lirs_lfu_2q_2q.cfg,experiments/data/phases24_c12_seed45.in,LIRS LFU 2Q 2Q,4,3 3 3 3,12,10000,2172,7828,0.2172,7245,2755,0.7245,5073
configs/exp4/lirs_lfu_2q_arc.cfg,experiments/data/phases24_c12_seed45.in,LIRS LFU 2Q ARC,4,3 3 3 3,12,10000,2453,7547,0.2453,7245,2755,0.7245,4792
configs/exp4/lirs_lfu_2q_lfu.cfg,experiments/data/phases24_c12_seed45.in,LIRS LFU 2Q LFU,4,3 3 3 3,12,10000,2082,7918,0.2082,7245,2755,0.7245,5163
configs/exp4/lirs_lfu_2q_lirs.cfg,experiments/data/phases24_c12_seed45.in,LIRS LFU 2Q LIRS,4,3 3 3 3,12,10000,2171,7829,0.2171,7245,2755,0.7245,5074
configs/exp4/lirs_lfu_2q_lru.cfg,experiments/data/phases24_c12_seed45.in,LIRS LFU 2Q LRU,4,3 3 3 3,12,10000,2474,7526,0.2474,7245,2755,0.7245,4771
configs/exp4/lirs_lfu_arc.cfg,experiments/data/phases24_c12_seed45.in,LIRS LFU ARC,3,4 4 4,12,10000,2523,7477,0.2523,7245,2755,0.7245,4722
configs/exp4/lirs_lfu_arc_2q.cfg,experiments/data/phases24_c12_seed45.in,LIRS LFU ARC 2Q,4,3 3 3 3,12,10000,2401,7599,0.2401,7245,2755,0.7245,4844
configs/exp4/lirs_lfu_arc_arc.cfg,experiments/data/phases24_c12_seed45.in,LIRS LFU ARC ARC,4,3 3 3 3,12,10000,2168,7832,0.2168,7245,2755,0.7245,5077
configs/exp4/lirs_lfu_arc_lfu.cfg,experiments/data/phases24_c12_seed45.in,LIRS LFU ARC LFU,4,3 3 3 3,12,10000,2009,7991,0.2009,7245,2755,0.7245,5236
configs/exp4/lirs_lfu_arc_lirs.cfg,experiments/data/phases24_c12_seed45.in,LIRS LFU ARC LIRS,4,3 3 3 3,12,10000,2180,7820,0.218,7245,2755,0.7245,5065
configs/exp4/lirs_lfu_arc_lru.cfg,experiments/data/phases24_c12_seed45.in,LIRS LFU ARC LRU,4,3 3 3 3,12,10000,2124,7876,0.2124,7245,2755,0.7245,5121
configs/exp4/lirs_lfu_lfu.cfg,experiments/data/phases24_c12_seed45.in,LIRS LFU LFU,3,4 4 4,12,10000,2032,7968,0.2032,7245,2755,0.7245,5213
configs/exp4/lirs_lfu_lfu_2q.cfg,experiments/data/phases24_c12_seed45.in,LIRS LFU LFU 2Q,4,3 3 3 3,12,10000,2112,7888,0.2112,7245,2755,0.7245,5133
configs/exp4/lirs_lfu_lfu_arc.cfg,experiments/data/phases24_c12_seed45.in,LIRS LFU LFU ARC,4,3 3 3 3,12,10000,2045,7955,0.2045,7245,2755,0.7245,5200
configs/exp4/lirs_lfu_lfu_lfu.cfg,experiments/data/phases24_c12_seed45.in,LIRS LFU LFU LFU,4,3 3 3 3,12,10000,1678,8322,0.1678,7245,2755,0.7245,5567
configs/exp4/lirs_lfu_lfu_lirs.cfg,experiments/data/phases24_c12_seed45.in,LIRS LFU LFU LIRS,4,3 3 3 3,12,10000,1761,8239,0.1761,7245,2755,0.7245,5484
configs/exp4/lirs_lfu_lfu_lru.cfg,experiments/data/phases24_c12_seed45.in,LIRS LFU LFU LRU,4,3 3 3 3,12,10000,2071,7929,0.2071,7245,2755,0.7245,5174
configs/exp4/lirs_lfu_lirs.cfg,experiments/data/phases24_c12_seed45.in,LIRS LFU LIRS,3,4 4 4,12,10000,2148,7852,0.2148,7245,2755,0.7245,5097
configs/exp4/lirs_lfu_lirs_2q.cfg,experiments/data/phases24_c12_seed45.in,LIRS LFU LIRS 2Q,4,3 3 3 3,12,10000,2104,7896,0.2104,7245,2755,0.7245,5141
configs/exp4/lirs_lfu_lirs_arc.cfg,experiments/data/phases24_c12_seed45.in,LIRS LFU LIRS ARC,4,3 3 3 3,12,10000,2049,7951,0.2049,7245,2755,0.7245,5196
configs/exp4/lirs_lfu_lirs_lfu.cfg,experiments/data/phases24_c12_seed45.in,LIRS LFU LIRS LFU,4,3 3 3 3,12,10000,1736,8264,0.1736,7245,2755,0.7245,5509
configs/exp4/lirs_lfu_lirs_lirs.cfg,experiments/data/phases24_c12_seed45.in,LIRS LFU LIRS LIRS,4,3 3 3 3,12,10000,1617,8383,0.1617,7245,2755,0.7245,5628
configs/exp4/lirs_lfu_lirs_lru.cfg,experiments/data/phases24_c12_seed45.in,LIRS LFU LIRS LRU,4,3 3 3 3,12,10000,2103,7897,0.2103,7245,2755,0.7245,5142
configs/exp4/lirs_lfu_lru.cfg,experiments/data/phases24_c12_seed45.in,LIRS LFU LRU,3,4 4 4,12,10000,2588,7412,0.2588,7245,2755,0.7245,4657
configs/exp4/lirs_lfu_lru_2q.cfg,experiments/data/phases24_c12_seed45.in,LIRS LFU LRU 2Q,4,3 3 3 3,12,10000,2029,7971,0.2029,7245,2755,0.7245,5216
configs/exp4/lirs_lfu_lru_arc.cfg,experiments/data/phases24_c12_seed45.in,LIRS LFU LRU ARC,4,3 3 3 3,12,10000,2306,7694,0.2306,7245,2755,0.7245,4939
configs/exp4/lirs_lfu_lru_lfu.cfg,experiments/data/phases24_c12_seed45.in,LIRS LFU LRU LFU,4,3 3 3 3,12,10000,2023,7977,0.2023,7245,2755,0.7245,5222
configs/exp4/lirs_lfu_lru_lirs.cfg,experiments/data/phases24_c12_seed45.in,LIRS LFU LRU LIRS,4,3 3 3 3,12,10000,2265,7735,0.2265,7245,2755,0.7245,4980
configs/exp4/lirs_lfu_lru_lru.cfg,experiments/data/phases24_c12_seed45.in,LIRS LFU LRU LRU,4,3 3 3 3,12,10000,1909,8091,0.1909,7245,2755,0.7245,5336
configs/exp4/lirs_lirs_2q.cfg,experiments/data/phases24_c12_seed45.in,LIRS LIRS 2Q,3,4 4 4,12,10000,2519,7481,0.2519,7245,2755,0.7245,4726
configs/exp4/lirs_lirs_2q_2q.cfg,experiments/data/phases24_c12_seed45.in,LIRS LIRS 2Q 2Q,4,3 3 3 3,12,10000,2162,7838,0.2162,7245,2755,0.7245,5083
configs/exp4/lirs_lirs_2q_arc.cfg,experiments/data/phases24_c12_seed45.in,LIRS LIRS 2Q ARC,4,3 3 3 3,12,10000,2428,7572,0.2428,7245,2755,0.7245,4817
configs/exp4/lirs_lirs_2q_lfu.cfg,experiments/data/phases24_c12_seed45.in,LIRS LIRS 2Q LFU,4,3 3 3 3,12,10000,2105,7895,0.2105,7245,2755,0.7245,5140
configs/exp4/lirs_lirs_2q_lirs.cfg,experiments/data/phases24_c12_seed45.in,LIRS LIRS 2Q LIRS,4,3 3 3 3,12,10000,2028,7972,0.2028,7245,2755,0.7245,5217
configs/exp4/lirs_lirs_2q_lru.cfg,experiments/data/phases24_c12_seed45.in,LIRS LIRS 2Q LRU,4,3 3 3 3,12,10000,2464,7536,0.2464,7245,2755,0.7245,4781
configs/exp4/lirs_lirs_arc.cfg,experiments/data/phases24_c12_seed45.in,LIRS LIRS ARC,3,4 4 4,12,10000,2503,7497,0.2503,7245,2755,0.7245,4742
configs/exp4/lirs_lirs_arc_2q.cfg,experiments/data/phases24_c12_seed45.in,LIRS LIRS ARC 2Q,4,3 3 3 3,12,10000,2379,7621,0.2379,7245,2755,0.7245,4866
configs/exp4/lirs_lirs_arc_arc.cfg,experiments/data/phases24_c12_seed45.in,LIRS LIRS ARC ARC,4,3 3 3 3,12,10000,2168,7832,0.2168,7245,2755,0.7245,5077
configs/exp4/lirs_lirs_arc_lfu.cfg,experiments/data/phases24_c12_seed45.in,LIRS LIRS ARC LFU,4,3 3 3 3,12,10000,2021,7979,0.2021,7245,2755,0.7245,5224
configs/exp4/lirs_lirs_arc_lirs.cfg,experiments/data/phases24_c12_seed45.in,LIRS LIRS ARC LIRS,4,3 3 3 3,12,10000,2045,7955,0.2045,7245,2755,0.7245,5200
configs/exp4/lirs_lirs_arc_lru.cfg,experiments/data/phases24_c12_seed45.in,LIRS LIRS ARC LRU,4,3 3 3 3,12,10000,2114,7886,0.2114,7245,2755,0.7245,5131
configs/exp4/lirs_lirs_lfu.cfg,experiments/data/phases24_c12_seed45.in,LIRS LIRS LFU,3,4 4 4,12,10000,2119,7881,0.2119,7245,2755,0.7245,5126
configs/exp4/lirs_lirs_lfu_2q.cfg,experiments/data/phases24_c12_seed45.in,LIRS LIRS LFU 2Q,4,3 3 3 3,12,10000,2092,7908,0.2092,7245,2755,0.7245,5153
configs/exp4/lirs_lirs_lfu_arc.cfg,experiments/data/phases24_c12_seed45.in,LIRS LIRS LFU ARC,4,3 3 3 3,12,10000,2030,7970,0.203,7245,2755,0.7245,5215
configs/exp4/lirs_lirs_lfu_lfu.cfg,experiments/data/phases24_c12_seed45.in,LIRS LIRS LFU LFU,4,3 3 3 3,12,10000,1723,8277,0.1723,7245,2755,0.7245,5522
configs/exp4/lirs_lirs_lfu_lirs.cfg,experiments/data/phases24_c12_seed45.in,LIRS LIRS LFU LIRS,4,3 3 3 3,12,10000,1615,8385,0.1615,7245,2755,0.7245,5630
configs/exp4/lirs_lirs_lfu_lru.cfg,experiments/data/phases24_c12_seed45.in,LIRS LIRS LFU LRU,4,3 3 3 3,12,10000,2089,7911,0.2089,7245,2755,0.7245,5156
configs/exp4/lirs_lirs_lirs_2q.cfg,experiments/data/phases24_c12_seed45.in,LIRS LIRS LIRS 2Q,4,3 3 3 3,12,10000,1990,8010,0.199,7245,2755,0.7245,5255
configs/exp4/lirs_lirs_lirs_arc.cfg,experiments/data/phases24_c12_seed45.in,LIRS LIRS LIRS ARC,4,3 3 3 3,12,10000,1915,8085,0.1915,7245,2755,0.7245,5330
configs/exp4/lirs_lirs_lirs_lfu.cfg,experiments/data/phases24_c12_seed45.in,LIRS LIRS LIRS LFU,4,3 3 3 3,12,10000,1599,8401,0.1599,7245,2755,0.7245,5646
configs/exp4/lirs_lirs_lirs_lru.cfg,experiments/data/phases24_c12_seed45.in,LIRS LIRS LIRS LRU,4,3 3 3 3,12,10000,1970,8030,0.197,7245,2755,0.7245,5275
configs/exp4/lirs_lirs_lru.cfg,experiments/data/phases24_c12_seed45.in,LIRS LIRS LRU,3,4 4 4,12,10000,2592,7408,0.2592,7245,2755,0.7245,4653
configs/exp4/lirs_lirs_lru_2q.cfg,experiments/data/phases24_c12_seed45.in,LIRS LIRS LRU 2Q,4,3 3 3 3,12,10000,2081,7919,0.2081,7245,2755,0.7245,5164
configs/exp4/lirs_lirs_lru_arc.cfg,experiments/data/phases24_c12_seed45.in,LIRS LIRS LRU ARC,4,3 3 3 3,12,10000,2343,7657,0.2343,7245,2755,0.7245,4902
configs/exp4/lirs_lirs_lru_lfu.cfg,experiments/data/phases24_c12_seed45.in,LIRS LIRS LRU LFU,4,3 3 3 3,12,10000,2051,7949,0.2051,7245,2755,0.7245,5194
configs/exp4/lirs_lirs_lru_lirs.cfg,experiments/data/phases24_c12_seed45.in,LIRS LIRS LRU LIRS,4,3 3 3 3,12,10000,2160,7840,0.216,7245,2755,0.7245,5085
configs/exp4/lirs_lirs_lru_lru.cfg,experiments/data/phases24_c12_seed45.in,LIRS LIRS LRU LRU,4,3 3 3 3,12,10000,1935,8065,0.1935,7245,2755,0.7245,5310
configs/exp4/lirs_lru.cfg,experiments/data/phases24_c12_seed45.in,LIRS LRU,2,6 6,12,10000,3515,6485,0.3515,7245,2755,0.7245,3730
configs/exp4/lirs_lru_2q.cfg,experiments/data/phases24_c12_seed45.in,LIRS LRU 2Q,3,4 4 4,12,10000,2539,7461,0.2539,7245,2755,0.7245,4706
configs/exp4/lirs_lru_2q_2q.cfg,experiments/data/phases24_c12_seed45.in,LIRS LRU 2Q 2Q,4,3 3 3 3,12,10000,1860,8140,0.186,7245,2755,0.7245,5385
configs/exp4/lirs_lru_2q_arc.cfg,experiments/data/phases24_c12_seed45.in,LIRS LRU 2Q ARC,4,3 3 3 3,12,10000,2269,7731,0.2269,7245,2755,0.7245,4976
configs/exp4/lirs_lru_2q_lfu.cfg,experiments/data/phases24_c12_seed45.in,LIRS LRU 2Q LFU,4,3 3 3 3,12,10000,1914,8086,0.1914,7245,2755,0.7245,5331
configs/exp4/lirs_lru_2q_lirs.cfg,experiments/data/phases24_c12_seed45.in,LIRS LRU 2Q LIRS,4,3 3 3 3,12,10000,2224,7776,0.2224,7245,2755,0.7245,5021
configs/exp4/lirs_lru_2q_lru.cfg,experiments/data/phases24_c12_seed45.in,LIRS LRU 2Q LRU,4,3 3 3 3,12,10000,1901,8099,0.1901,7245,2755,0.7245,5344
configs/exp4/lirs_lru_arc.cfg,experiments/data/phases24_c12_seed45.in,LIRS LRU ARC,3,4 4 4,12,10000,2893,7107,0.2893,7245,2755,0.7245,4352
configs/exp4/lirs_lru_arc_2q.cfg,experiments/data/phases24_c12_seed45.in,LIRS LRU ARC 2Q,4,3 3 3 3,12,10000,2297,7703,0.2297,7245,2755,0.7245,4948
configs/exp4/lirs_lru_arc_arc.cfg,experiments/data/phases24_c12_seed45.in,LIRS LRU ARC ARC,4,3 3 3 3,12,10000,2299,7701,0.2299,7245,2755,0.7245,4946
configs/exp4/lirs_lru_arc_lfu.cfg,experiments/data/phases24_c12_seed45.in,LIRS LRU ARC LFU,4,3 3 3 3,12,10000,2226,7774,0.2226,7245,2755,0.7245,5019
configs/exp4/lirs_lru_arc_lirs.cfg,experiments/data/phases24_c12_seed45.in,LIRS LRU ARC LIRS,4,3 3 3 3,12,10000,2493,7507,0.2493,7245,2755,0.7245,4752
configs/exp4/lirs_lru_arc_lru.cfg,experiments/data/phases24_c12_seed45.in,LIRS LRU ARC LRU,4,3 3 3 3,12,10000,2190,7810,0.219,7245,2755,0.7245,5055
configs/exp4/lirs_lru_lfu.cfg,experiments/data/phases24_c12_seed45.in,LIRS LRU LFU,3,4 4 4,12,10000,2381,7619,0.2381,7245,2755,0.7245,4864
configs/exp4/lirs_lru_lfu_2q.cfg,experiments/data/phases24_c12_seed45.in,LIRS LRU LFU 2Q,4,3 3 3 3,12,10000,1991,8009,0.1991,7245,2755,0.7245,5254
configs/exp4/lirs_lru_lfu_arc.cfg,experiments/data/phases24_c12_seed45.in,LIRS LRU LFU ARC,4,3 3 3 3,12,10000,2238,7762,0.2238,7245,2755,0.7245,5007
configs/exp4/lirs_lru_lfu_lfu.cfg,experiments/data/phases24_c12_seed45.in,LIRS LRU LFU LFU,4,3 3 3 3,12,10000,1964,8036,0.1964,7245,2755,0.7245,5281
configs/exp4/lirs_lru_lfu_lirs.cfg,experiments/data/phases24_c12_seed45.in,LIRS LRU LFU LIRS,4,3 3 3 3,12,10000,2197,7803,0.2197,7245,2755,0.7245,5048
configs/exp4/lirs_lru_lfu_lru.cfg,experiments/data/phases24_c12_seed45.in,LIRS LRU LFU LRU,4,3 3 3 3,12,10000,1868,8132,0.1868,7245,2755,0.7245,5377
configs/exp4/lirs_lru_lirs.cfg,experiments/data/phases24_c12_seed45.in,LIRS LRU LIRS,3,4 4 4,12,10000,2830,7170,0.283,7245,2755,0.7245,4415
configs/exp4/lirs_lru_lirs_2q.cfg,experiments/data/phases24_c12_seed45.in,LIRS LRU LIRS 2Q,4,3 3 3 3,12,10000,2273,7727,0.2273,7245,2755,0.7245,4972
configs/exp4/lirs_lru_lirs_arc.cfg,experiments/data/phases24_c12_seed45.in,LIRS LRU LIRS ARC,4,3 3 3 3,12,10000,2456,7544,0.2456,7245,2755,0.7245,4789
configs/exp4/lirs_lru_lirs_lfu.cfg,experiments/data/phases24_c12_seed45.in,LIRS LRU LIRS LFU,4,3 3 3 3,12,10000,2207,7793,0.2207,7245,2755,0.7245,5038
configs/exp4/lirs_lru_lirs_lirs.cfg,experiments/data/phases24_c12_seed45.in,LIRS LRU LIRS LIRS,4,3 3 3 3,12,10000,2162,7838,0.2162,7245,2755,0.7245,5083
configs/exp4/lirs_lru_lirs_lru.cfg,experiments/data/phases24_c12_seed45.in,LIRS LRU LIRS LRU,4,3 3 3 3,12,10000,2112,7888,0.2112,7245,2755,0.7245,5133
configs/exp4/lirs_lru_lru.cfg,experiments/data/phases24_c12_seed45.in,LIRS LRU LRU,3,4 4 4,12,10000,2363,7637,0.2363,7245,2755,0.7245,4882
configs/exp4/lirs_lru_lru_2q.cfg,experiments/data/phases24_c12_seed45.in,LIRS LRU LRU 2Q,4,3 3 3 3,12,10000,1850,8150,0.185,7245,2755,0.7245,5395
configs/exp4/lirs_lru_lru_arc.cfg,experiments/data/phases24_c12_seed45.in,LIRS LRU LRU ARC,4,3 3 3 3,12,10000,1811,8189,0.1811,7245,2755,0.7245,5434
configs/exp4/lirs_lru_lru_lfu.cfg,experiments/data/phases24_c12_seed45.in,LIRS LRU LRU LFU,4,3 3 3 3,12,10000,1748,8252,0.1748,7245,2755,0.7245,5497
configs/exp4/lirs_lru_lru_lirs.cfg,experiments/data/phases24_c12_seed45.in,LIRS LRU LRU LIRS,4,3 3 3 3,12,10000,2076,7924,0.2076,7245,2755,0.7245,5169
configs/exp4/lirs_lru_lru_lru.cfg,experiments/data/phases24_c12_seed45.in,LIRS LRU LRU LRU,4,3 3 3 3,12,10000,1719,8281,0.1719,7245,2755,0.7245,5526
configs/exp4/lru_2q.cfg,experiments/data/phases24_c12_seed45.in,LRU 2Q,2,6 6,12,10000,2971,7029,0.2971,7245,2755,0.7245,4274
configs/exp4/lru_2q_2q.cfg,experiments/data/phases24_c12_seed45.in,LRU 2Q 2Q,3,4 4 4,12,10000,1869,8131,0.1869,7245,2755,0.7245,5376
configs/exp4/lru_2q_2q_2q.cfg,experiments/data/phases24_c12_seed45.in,LRU 2Q 2Q 2Q,4,3 3 3 3,12,10000,1663,8337,0.1663,7245,2755,0.7245,5582
configs/exp4/lru_2q_2q_arc.cfg,experiments/data/phases24_c12_seed45.in,LRU 2Q 2Q ARC,4,3 3 3 3,12,10000,2083,7917,0.2083,7245,2755,0.7245,5162
configs/exp4/lru_2q_2q_lfu.cfg,experiments/data/phases24_c12_seed45.in,LRU 2Q 2Q LFU,4,3 3 3 3,12,10000,1680,8320,0.168,7245,2755,0.7245,5565
configs/exp4/lru_2q_2q_lirs.cfg,experiments/data/phases24_c12_seed45.in,LRU 2Q 2Q LIRS,4,3 3 3 3,12,10000,2215,7785,0.2215,7245,2755,0.7245,5030
configs/exp4/lru_2q_2q_lru.cfg,experiments/data/phases24_c12_seed45.in,LRU 2Q 2Q LRU,4,3 3 3 3,12,10000,1709,8291,0.1709,7245,2755,0.7245,5536
configs/exp4/lru_2q_arc.cfg,experiments/data/phases24_c12_seed45.in,LRU 2Q ARC,3,4 4 4,12,10000,2430,7570,0.243,7245,2755,0.7245,4815
configs/exp4/lru_2q_arc_2q.cfg,experiments/data/phases24_c12_seed45.in,LRU 2Q ARC 2Q,4,3 3 3 3,12,10000,2323,7677,0.2323,7245,2755,0.7245,4922
configs/exp4/lru_2q_arc_arc.cfg,experiments/data/phases24_c12_seed45.in,LRU 2Q ARC ARC,4,3 3 3 3,12,10000,2263,7737,0.2263,7245,2755,0.7245,4982
configs/exp4/lru_2q_arc_lfu.cfg,experiments/data/phases24_c12_seed45.in,LRU 2Q ARC LFU,4,3 3 3 3,12,10000,2116,7884,0.2116,7245,2755,0.7245,5129
configs/exp4/lru_2q_arc_lirs.cfg,experiments/data/phases24_c12_seed45.in,LRU 2Q ARC LIRS,4,3 3 3 3,12,10000,2564,7436,0.2564,7245,2755,0.7245,4681
configs/exp4/lru_2q_arc_lru.cfg,experiments/data/phases24_c12_seed45.in,LRU 2Q ARC LRU,4,3 3 3 3,12,10000,2128,7872,0.2128,7245,2755,0.7245,5117
configs/exp4/lru_2q_lfu.cfg,experiments/data/phases24_c12_seed45.in,LRU 2Q LFU,3,4 4 4,12,10000,1916,8084,0.1916,7245,2755,0.7245,5329
configs/exp4/lru_2q_lfu_2q.cfg,experiments/data/phases24_c12_seed45.in,LRU 2Q LFU 2Q,4,3 3 3 3,12,10000,1767,8233,0.1767,7245,2755,0.7245,5478
configs/exp4/lru_2q_lfu_arc.cfg,experiments/data/phases24_c12_seed45.in,LRU 2Q LFU ARC,4,3 3 3 3,12,10000,2103,7897,0.2103,7245,2755,0.7245,5142
configs/exp4/lru_2q_lfu_lfu.cfg,experiments/data/phases24_c12_seed45.in,LRU 2Q LFU LFU,4,3 3 3 3,12,10000,1728,8272,0.1728,7245,2755,0.7245,5517
configs/exp4/lru_2q_lfu_lirs.cfg,experiments/data/phases24_c12_seed45.in,LRU 2Q LFU LIRS,4,3 3 3 3,12,10000,2225,7775,0.2225,7245,2755,0.7245,5020
configs/exp4/lru_2q_lfu_lru.cfg,experiments/data/phases24_c12_seed45.in,LRU 2Q LFU LRU,4,3 3 3 3,12,10000,1718,8282,0.1718,7245,2755,0.7245,5527
configs/exp4/lru_2q_lirs.cfg,experiments/data/phases24_c12_seed45.in,LRU 2Q LIRS,3,4 4 4,12,10000,2547,7453,0.2547,7245,2755,0.7245,4698
configs/exp4/lru_2q_lirs_2q.cfg,experiments/data/phases24_c12_seed45.in,LRU 2Q LIRS 2Q,4,3 3 3 3,12,10000,2366,7634,0.2366,7245,2755,0.7245,4879
configs/exp4/lru_2q_lirs_arc.cfg,experiments/data/phases24_c12_seed45.in,LRU 2Q LIRS ARC,4,3 3 3 3,12,10000,2511,7489,0.2511,7245,2755,0.7245,4734
configs/exp4/lru_2q_lirs_lfu.cfg,experiments/data/phases24_c12_seed45.in,LRU 2Q LIRS LFU,4,3 3 3 3,12,10000,2252,7748,0.2252,7245,2755,0.7245,4993
configs/exp4/lru_2q_lirs_lirs.cfg,experiments/data/phases24_c12_seed45.in,LRU 2Q LIRS LIRS,4,3 3 3 3,12,10000,2310,7690,0.231,7245,2755,0.7245,4935
configs/exp4/lru_2q_lirs_lru.cfg,experiments/data/phases24_c12_seed45.in,LRU 2Q LIRS LRU,4,3 3 3 3,12,10000,2272,7728,0.2272,7245,2755,0.7245,4973
configs/exp4/lru_2q_lru.cfg,experiments/data/phases24_c12_seed45.in,LRU 2Q LRU,3,4 4 4,12,10000,1859,8141,0.1859,7245,2755,0.7245,5386
configs/exp4/lru_2q_lru_2q.cfg,experiments/data/phases24_c12_seed45.in,LRU 2Q LRU 2Q,4,3 3 3 3,12,10000,1754,8246,0.1754,7245,2755,0.7245,5491
configs/exp4/lru_2q_lru_arc.cfg,experiments/data/phases24_c12_seed45.in,LRU 2Q LRU ARC,4,3 3 3 3,12,10000,1829,8171,0.1829,7245,2755,0.7245,5416
configs/exp4/lru_2q_lru_lfu.cfg,experiments/data/phases24_c12_seed45.in,LRU 2Q LRU LFU,4,3 3 3 3,12,10000,1714,8286,0.1714,7245,2755,0.7245,5531
configs/exp4/lru_2q_lru_lirs.cfg,experiments/data/phases24_c12_seed45.in,LRU 2Q LRU LIRS,4,3 3 3 3,12,10000,2205,7795,0.2205,7245,2755,0.7245,5040
configs/exp4/lru_2q_lru_lru.cfg,experiments/data/phases24_c12_seed45.in,LRU 2Q LRU LRU,4,3 3 3 3,12,10000,1622,8378,0.1622,7245,2755,0.7245,5623
configs/exp4/lru_arc.cfg,experiments/data/phases24_c12_seed45.in,LRU ARC,2,6 6,12,10000,3088,6912,0.3088,7245,2755,0.7245,4157
configs/exp4/lru_arc_2q.cfg,experiments/data/phases24_c12_seed45.in,LRU ARC 2Q,3,4 4 4,12,10000,2819,7181,0.2819,7245,2755,0.7245,4426
configs/exp4/lru_arc_2q_2q.cfg,experiments/data/phases24_c12_seed45.in,LRU ARC 2Q 2Q,4,3 3 3 3,12,10000,2284,7716,0.2284,7245,2755,0.7245,4961
configs/exp4/lru_arc_2q_arc.cfg,experiments/data/phases24_c12_seed45.in,LRU ARC 2Q ARC,4,3 3 3 3,12,10000,2342,7658,0.2342,7245,2755,0.7245,4903
configs/exp4/lru_arc_2q_lfu.cfg,experiments/data/phases24_c12_seed45.in,LRU ARC 2Q LFU,4,3 3 3 3,12,10000,2168,7832,0.2168,7245,2755,0.7245,5077
configs/exp4/lru_arc_2q_lirs.cfg,experiments/data/phases24_c12_seed45.in,LRU ARC 2Q LIRS,4,3 3 3 3,12,10000,2606,7394,0.2606,7245,2755,0.7245,4639
configs/exp4/lru_arc_2q_lru.cfg,experiments/data/phases24_c12_seed45.in,LRU ARC 2Q LRU,4,3 3 3 3,12,10000,2170,7830,0.217,7245,2755,0.7245,5075
configs/exp4/lru_arc_arc.cfg,experiments/data/phases24_c12_seed45.in,LRU ARC ARC,3,4 4 4,12,10000,2502,7498,0.2502,7245,2755,0.7245,4743
configs/exp4/lru_arc_arc_2q.cfg,experiments/data/phases24_c12_seed45.in,LRU ARC ARC 2Q,4,3 3 3 3,12,10000,2284,7716,0.2284,7245,2755,0.7245,4961
configs/exp4/lru_arc_arc_arc.cfg,experiments/data/phases24_c12_seed45.in,LRU ARC ARC ARC,4,3 3 3 3,12,10000,2055,7945,0.2055,7245,2755,0.7245,5190
configs/exp4/lru_arc_arc_lfu.cfg,experiments/data/phases24_c12_seed45.in,LRU ARC ARC LFU,4,3 3 3 3,12,10000,2030,7970,0.203,7245,2755,0.7245,5215
configs/exp4/lru_arc_arc_lirs.cfg,experiments/data/phases24_c12_seed45.in,LRU ARC ARC LIRS,4,3 3 3 3,12,10000,2482,7518,0.2482,7245,2755,0.7245,4763
configs/exp4/lru_arc_arc_lru.cfg,experiments/data/phases24_c12_seed45.in,LRU ARC ARC LRU,4,3 3 3 3,12,10000,2012,7988,0.2012,7245,2755,0.7245,5233
configs/exp4/lru_arc_lfu.cfg,experiments/data/phases24_c12_seed45.in,LRU ARC LFU,3,4 4 4,12,10000,2311,7689,0.2311,7245,2755,0.7245,4934
configs/exp4/lru_arc_lfu_2q.cfg,experiments/data/phases24_c12_seed45.in,LRU ARC LFU 2Q,4,3 3 3 3,12,10000,2172,7828,0.2172,7245,2755,0.7245,5073
configs/exp4/lru_arc_lfu_arc.cfg,experiments/data/phases24_c12_seed45.in,LRU ARC LFU ARC,4,3 3 3 3,12,10000,2096,7904,0.2096,7245,2755,0.7245,5149
configs/exp4/lru_arc_lfu_lfu.cfg,experiments/data/phases24_c12_seed45.in,LRU ARC LFU LFU,4,3 3 3 3,12,10000,1897,8103,0.1897,7245,2755,0.7245,5348
configs/exp4/lru_arc_lfu_lirs.cfg,experiments/data/phases24_c12_seed45.in,LRU ARC LFU LIRS,4,3 3 3 3,12,10000,2334,7666,0.2334,7245,2755,0.7245,4911
configs/exp4/lru_arc_lfu_lru.cfg,experiments/data/phases24_c12_seed45.in,LRU ARC LFU LRU,4,3 3 3 3,12,10000,1865,8135,0.1865,7245,2755,0.7245,5380
configs/exp4/lru_arc_lirs.cfg,experiments/data/phases24_c12_seed45.in,LRU ARC LIRS,3,4 4 4,12,10000,2893,7107,0.2893,7245,2755,0.7245,4352
configs/exp4/lru_arc_lirs_2q.cfg,experiments/data/phases24_c12_seed45.in,LRU ARC LIRS 2Q,4,3 3 3 3,12,10000,2604,7396,0.2604,7245,2755,0.7245,4641
configs/exp4/lru_arc_lirs_arc.cfg,experiments/data/phases24_c12_seed45.in,LRU ARC LIRS ARC,4,3 3 3 3,12,10000,2517,7483,0.2517,7245,2755,0.7245,4728
configs/exp4/lru_arc_lirs_lfu.cfg,experiments/data/phases24_c12_seed45.in,LRU ARC LIRS LFU,4,3 3 3 3,12,10000,2333,7667,0.2333,7245,2755,0.7245,4912
configs/exp4/lru_arc_lirs_lirs.cfg,experiments/data/phases24_c12_seed45.in,LRU ARC LIRS LIRS,4,3 3 3 3,12,10000,2364,7636,0.2364,7245,2755,0.7245,4881
configs/exp4/lru_arc_lirs_lru.cfg,experiments/data/phases24_c12_seed45.in,LRU ARC LIRS LRU,4,3 3 3 3,12,10000,2320,7680,0.232,7245,2755,0.7245,4925
configs/exp4/lru_arc_lru.cfg,experiments/data/phases24_c12_seed45.in,LRU ARC LRU,3,4 4 4,12,10000,2335,7665,0.2335,7245,2755,0.7245,4910
configs/exp4/lru_arc_lru_2q.cfg,experiments/data/phases24_c12_seed45.in,LRU ARC LRU 2Q,4,3 3 3 3,12,10000,1877,8123,0.1877,7245,2755,0.7245,5368
configs/exp4/lru_arc_lru_arc.cfg,experiments/data/phases24_c12_seed45.in,LRU ARC LRU ARC,4,3 3 3 3,12,10000,1899,8101,0.1899,7245,2755,0.7245,5346
configs/exp4/lru_arc_lru_lfu.cfg,experiments/data/phases24_c12_seed45.in,LRU ARC LRU LFU,4,3 3 3 3,12,10000,1777,8223,0.1777,7245,2755,0.7245,5468
configs/exp4/lru_arc_lru_lirs.cfg,experiments/data/phases24_c12_seed45.in,LRU ARC LRU LIRS,4,3 3 3 3,12,10000,2267,7733,0.2267,7245,2755,0.7245,4978
configs/exp4/lru_arc_lru_lru.cfg,experiments/data/phases24_c12_seed45.in,LRU ARC LRU LRU,4,3 3 3 3,12,10000,1720,8280,0.172,7245,2755,0.7245,5525
configs/exp4/lru_lfu.cfg,experiments/data/phases24_c12_seed45.in,LRU LFU,2,6 6,12,10000,2492,7508,0.2492,7245,2755,0.7245,4753
configs/exp4/lru_lfu_2q.cfg,experiments/data/phases24_c12_seed45.in,LRU LFU 2Q,3,4 4 4,12,10000,1922,8078,0.1922,7245,2755,0.7245,5323
configs/exp4/lru_lfu_2q_2q.cfg,experiments/data/phases24_c12_seed45.in,LRU LFU 2Q 2Q,4,3 3 3 3,12,10000,1836,8164,0.1836,7245,2755,0.7245,5409
configs/exp4/lru_lfu_2q_arc.cfg,experiments/data/phases24_c12_seed45.in,LRU LFU 2Q ARC,4,3 3 3 3,12,10000,2182,7818,0.2182,7245,2755,0.7245,5063
configs/exp4/lru_lfu_2q_lfu.cfg,experiments/data/phases24_c12_seed45.in,LRU LFU 2Q LFU,4,3 3 3 3,12,10000,1818,8182,0.1818,7245,2755,0.7245,5427
configs/exp4/lru_lfu_2q_lirs.cfg,experiments/data/phases24_c12_seed45.in,LRU LFU 2Q LIRS,4,3 3 3 3,12,10000,2309,7691,0.2309,7245,2755,0.7245,4936
configs/exp4/lru_lfu_2q_lru.cfg,experiments/data/phases24_c12_seed45.in,LRU LFU 2Q LRU,4,3 3 3 3,12,10000,1806,8194,0.1806,7245,2755,0.7245,5439
configs/exp4/lru_lfu_arc.cfg,experiments/data/phases24_c12_seed45.in,LRU LFU ARC,3,4 4 4,12,10000,2323,7677,0.2323,7245,2755,0.7245,4922
configs/exp4/lru_lfu_arc_2q.cfg,experiments/data/phases24_c12_seed45.in,LRU LFU ARC 2Q,4,3 3 3 3,12,10000,2181,7819,0.2181,7245,2755,0.7245,5064
configs/exp4/lru_lfu_arc_arc.cfg,experiments/data/phases24_c12_seed45.in,LRU LFU ARC ARC,4,3 3 3 3,12,10000,2044,7956,0.2044,7245,2755,0.7245,5201
configs/exp4/lru_lfu_arc_lfu.cfg,experiments/data/phases24_c12_seed45.in,LRU LFU ARC LFU,4,3 3 3 3,12,10000,1917,8083,0.1917,7245,2755,0.7245,5328
configs/exp4/lru_lfu_arc_lirs.cfg,experiments/data/phases24_c12_seed45.in,LRU LFU ARC LIRS,4,3 3 3 3,12,10000,2332,7668,0.2332,7245,2755,0.7245,4913
configs/exp4/lru_lfu_arc_lru.cfg,experiments/data/phases24_c12_seed45.in,LRU LFU ARC LRU,4,3 3 3 3,12,10000,1868,8132,0.1868,7245,2755,0.7245,5377
configs/exp4/lru_lfu_lfu.cfg,experiments/data/phases24_c12_seed45.in,LRU LFU LFU,3,4 4 4,12,10000,1805,8195,0.1805,7245,2755,0.7245,5440
configs/exp4/lru_lfu_lfu_2q.cfg,experiments/data/phases24_c12_seed45.in,LRU LFU LFU 2Q,4,3 3 3 3,12,10000,1844,8156,0.1844,7245,2755,0.7245,5401
configs/exp4/lru_lfu_lfu_arc.cfg,experiments/data/phases24_c12_seed45.in,LRU LFU LFU ARC,4,3 3 3 3,12,10000,1916,8084,0.1916,7245,2755,0.7245,5329
configs/exp4/lru_lfu_lfu_lfu.cfg,experiments/data/phases24_c12_seed45.in,LRU LFU LFU LFU,4,3 3 3 3,12,10000,1570,8430,0.157,7245,2755,0.7245,5675
configs/exp4/lru_lfu_lfu_lirs.cfg,experiments/data/phases24_c12_seed45.in,LRU LFU LFU LIRS,4,3 3 3 3,12,10000,2015,7985,0.2015,7245,2755,0.7245,5230
configs/exp4/lru_lfu_lfu_lru.cfg,experiments/data/phases24_c12_seed45.in,LRU LFU LFU LRU,4,3 3 3 3,12,10000,1486,8514,0.1486,7245,2755,0.7245,5759
configs/exp4/lru_lfu_lirs.cfg,experiments/data/phases24_c12_seed45.in,LRU LFU LIRS,3,4 4 4,12,10000,2464,7536,0.2464,7245,2755,0.7245,4781
configs/exp4/lru_lfu_lirs_2q.cfg,experiments/data/phases24_c12_seed45.in,LRU LFU LIRS 2Q,4,3 3 3 3,12,10000,2203,7797,0.2203,7245,2755,0.7245,5042
configs/exp4/lru_lfu_lirs_arc.cfg,experiments/data/phases24_c12_seed45.in,LRU LFU LIRS ARC,4,3 3 3 3,12,10000,2243,7757,0.2243,7245,2755,0.7245,5002
configs/exp4/lru_lfu_lirs_lfu.cfg,experiments/data/phases24_c12_seed45.in,LRU LFU LIRS LFU,4,3 3 3 3,12,10000,1941,8059,0.1941,7245,2755,0.7245,5304
configs/exp4/lru_lfu_lirs_lirs.cfg,experiments/data/phases24_c12_seed45.in,LRU LFU LIRS LIRS,4,3 3 3 3,12,10000,2046,7954,0.2046,7245,2755,0.7245,5199
configs/exp4/lru_lfu_lirs_lru.cfg,experiments/data/phases24_c12_seed45.in,LRU LFU LIRS LRU,4,3 3 3 3,12,10000,1971,8029,0.1971,7245,2755,0.7245,5274
configs/exp4/lru_lfu_lru.cfg,experiments/data/phases24_c12_seed45.in,LRU LFU LRU,3,4 4 4,12,10000,1754,8246,0.1754,7245,2755,0.7245,5491
configs/exp4/lru_lfu_lru_2q.cfg,experiments/data/phases24_c12_seed45.in,LRU LFU LRU 2Q,4,3 3 3 3,12,10000,1488,8512,0.1488,7245,2755,0.7245,5757
configs/exp4/lru_lfu_lru_arc.cfg,experiments/data/phases24_c12_seed45.in,LRU LFU LRU ARC,4,3 3 3 3,12,10000,1535,8465,0.1535,7245,2755,0.7245,5710
configs/exp4/lru_lfu_lru_lfu.cfg,experiments/data/phases24_c12_seed45.in,LRU LFU LRU LFU,4,3 3 3 3,12,10000,1419,8581,0.1419,7245,2755,0.7245,5826
configs/exp4/lru_lfu_lru_lirs.cfg,experiments/data/phases24_c12_seed45.in,LRU LFU LRU LIRS,4,3 3 3 3,12,10000,1904,8096,0.1904,7245,2755,0.7245,5341
configs/exp4/lru_lfu_lru_lru.cfg,experiments/data/phases24_c12_seed45.in,LRU LFU LRU LRU,4,3 3 3 3,12,10000,1329,8671,0.1329,7245,2755,0.7245,5916
configs/exp4/lru_lirs.cfg,experiments/data/phases24_c12_seed45.in,LRU LIRS,2,6 6,12,10000,3421,6579,0.3421,7245,2755,0.7245,3824
configs/exp4/lru_lirs_2q.cfg,experiments/data/phases24_c12_seed45.in,LRU LIRS 2Q,3,4 4 4,12,10000,3030,6970,0.303,7245,2755,0.7245,4215
configs/exp4/lru_lirs_2q_2q.cfg,experiments/data/phases24_c12_seed45.in,LRU LIRS 2Q 2Q,4,3 3 3 3,12,10000,2193,7807,0.2193,7245,2755,0.7245,5052
configs/exp4/lru_lirs_2q_arc.cfg,experiments/data/phases24_c12_seed45.in,LRU LIRS 2Q ARC,4,3 3 3 3,12,10000,2407,7593,0.2407,7245,2755,0.7245,4838
configs/exp4/lru_lirs_2q_lfu.cfg,experiments/data/phases24_c12_seed45.in,LRU LIRS 2Q LFU,4,3 3 3 3,12,10000,2189,7811,0.2189,7245,2755,0.7245,5056
configs/exp4/lru_lirs_2q_lirs.cfg,experiments/data/phases24_c12_seed45.in,LRU LIRS 2Q LIRS,4,3 3 3 3,12,10000,2278,7722,0.2278,7245,2755,0.7245,4967
configs/exp4/lru_lirs_2q_lru.cfg,experiments/data/phases24_c12_seed45.in,LRU LIRS 2Q LRU,4,3 3 3 3,12,10000,2194,7806,0.2194,7245,2755,0.7245,5051
configs/exp4/lru_lirs_arc.cfg,experiments/data/phases24_c12_seed45.in,LRU LIRS ARC,3,4 4 4,12,10000,2797,7203,0.2797,7245,2755,0.7245,4448
configs/exp4/lru_lirs_arc_2q.cfg,experiments/data/phases24_c12_seed45.in,LRU LIRS ARC 2Q,4,3 3 3 3,12,10000,2321,7679,0.2321,7245,2755,0.7245,4924
configs/exp4/lru_lirs_arc_arc.cfg,experiments/data/phases24_c12_seed45.in,LRU LIRS ARC ARC,4,3 3 3 3,12,10000,2322,7678,0.2322,7245,2755,0.7245,4923
configs/exp4/lru_lirs_arc_lfu.cfg,experiments/data/phases24_c12_seed45.in,LRU LIRS ARC LFU,4,3 3 3 3,12,10000,2236,7764,0.2236,7245,2755,0.7245,5009
configs/exp4/lru_lirs_arc_lirs.cfg,experiments/data/phases24_c12_seed45.in,LRU LIRS ARC LIRS,4,3 3 3 3,12,10000,2319,7681,0.2319,7245,2755,0.7245,4926
configs/exp4/lru_lirs_arc_lru.cfg,experiments/data/phases24_c12_seed45.in,LRU LIRS ARC LRU,4,3 3 3 3,12,10000,2214,7786,0.2214,7245,2755,0.7245,5031
configs/exp4/lru_lirs_lfu.cfg,experiments/data/phases24_c12_seed45.in,LRU LIRS LFU,3,4 4 4,12,10000,2446,7554,0.2446,7245,2755,0.7245,4799
configs/exp4/lru_lirs_lfu_2q.cfg,experiments/data/phases24_c12_seed45.in,LRU LIRS LFU 2Q,4,3 3 3 3,12,10000,2200,7800,0.22,7245,2755,0.7245,5045
configs/exp4/lru_lirs_lfu_arc.cfg,experiments/data/phases24_c12_seed45.in,LRU LIRS LFU ARC,4,3 3 3 3,12,10000,2221,7779,0.2221,7245,2755,0.7245,5024
configs/exp4/lru_lirs_lfu_lfu.cfg,experiments/data/phases24_c12_seed45.in,LRU LIRS LFU LFU,4,3 3 3 3,12,10000,1926,8074,0.1926,7245,2755,0.7245,5319
configs/exp4/lru_lirs_lfu_lirs.cfg,experiments/data/phases24_c12_seed45.in,LRU LIRS LFU LIRS,4,3 3 3 3,12,10000,2024,7976,0.2024,7245,2755,0.7245,5221
configs/exp4/lru_lirs_lfu_lru.cfg,experiments/data/phases24_c12_seed45.in,LRU LIRS LFU LRU,4,3 3 3 3,12,10000,1948,8052,0.1948,7245,2755,0.7245,5297
configs/exp4/lru_lirs_lirs.cfg,experiments/data/phases24_c12_seed45.in,LRU LIRS LIRS,3,4 4 4,12,10000,2553,7447,0.2553,7245,2755,0.7245,4692
configs/exp4/lru_lirs_lirs_2q.cfg,experiments/data/phases24_c12_seed45.in,LRU LIRS LIRS 2Q,4,3 3 3 3,12,10000,2281,7719,0.2281,7245,2755,0.7245,4964
configs/exp4/lru_lirs_lirs_arc.cfg,experiments/data/phases24_c12_seed45.in,LRU LIRS LIRS ARC,4,3 3 3 3,12,10000,2258,7742,0.2258,7245,2755,0.7245,4987
configs/exp4/lru_lirs_lirs_lfu.cfg,experiments/data/phases24_c12_seed45.in,LRU LIRS LIRS LFU,4,3 3 3 3,12,10000,2011,7989,0.2011,7245,2755,0.7245,5234
configs/exp4/lru_lirs_lirs_lirs.cfg,experiments/data/phases24_c12_seed45.in,LRU LIRS LIRS LIRS,4,3 3 3 3,12,10000,1921,8079,0.1921,7245,2755,0.7245,5324
configs/exp4/lru_lirs_lirs_lru.cfg,experiments/data/phases24_c12_seed45.in,LRU LIRS LIRS LRU,4,3 3 3 3,12,10000,1975,8025,0.1975,7245,2755,0.7245,5270
configs/exp4/lru_lirs_lru.cfg,experiments/data/phases24_c12_seed45.in,LRU LIRS LRU,3,4 4 4,12,10000,2456,7544,0.2456,7245,2755,0.7245,4789
configs/exp4/lru_lirs_lru_2q.cfg,experiments/data/phases24_c12_seed45.in,LRU LIRS LRU 2Q,4,3 3 3 3,12,10000,1931,8069,0.1931,7245,2755,0.7245,5314
configs/exp4/lru_lirs_lru_arc.cfg,experiments/data/phases24_c12_seed45.in,LRU LIRS LRU ARC,4,3 3 3 3,12,10000,2095,7905,0.2095,7245,2755,0.7245,5150
configs/exp4/lru_lirs_lru_lfu.cfg,experiments/data/phases24_c12_seed45.in,LRU LIRS LRU LFU,4,3 3 3 3,12,10000,1855,8145,0.1855,7245,2755,0.7245,5390
configs/exp4/lru_lirs_lru_lirs.cfg,experiments/data/phases24_c12_seed45.in,LRU LIRS LRU LIRS,4,3 3 3 3,12,10000,2014,7986,0.2014,7245,2755,0.7245,5231
configs/exp4/lru_lirs_lru_lru.cfg,experiments/data/phases24_c12_seed45.in,LRU LIRS LRU LRU,4,3 3 3 3,12,10000,1796,8204,0.1796,7245,2755,0.7245,5449
configs/exp4/lru_lru_2q.cfg,experiments/data/phases24_c12_seed45.in,LRU LRU 2Q,3,4 4 4,12,10000,1798,8202,0.1798,7245,2755,0.7245,5447
configs/exp4/lru_lru_2q_2q.cfg,experiments/data/phases24_c12_seed45.in,LRU LRU 2Q 2Q,4,3 3 3 3,12,10000,1337,8663,0.1337,7245,2755,0.7245,5908
configs/exp4/lru_lru_2q_arc.cfg,experiments/data/phases24_c12_seed45.in,LRU LRU 2Q ARC,4,3 3 3 3,12,10000,1569,8431,0.1569,7245,2755,0.7245,5676
configs/exp4/lru_lru_2q_lfu.cfg,experiments/data/phases24_c12_seed45.in,LRU LRU 2Q LFU,4,3 3 3 3,12,10000,1357,8643,0.1357,7245,2755,0.7245,5888
configs/exp4/lru_lru_2q_lirs.cfg,experiments/data/phases24_c12_seed45.in,LRU LRU 2Q LIRS,4,3 3 3 3,12,10000,1892,8108,0.1892,7245,2755,0.7245,5353
configs/exp4/lru_lru_2q_lru.cfg,experiments/data/phases24_c12_seed45.in,LRU LRU 2Q LRU,4,3 3 3 3,12,10000,1332,8668,0.1332,7245,2755,0.7245,5913
configs/exp4/lru_lru_arc.cfg,experiments/data/phases24_c12_seed45.in,LRU LRU ARC,3,4 4 4,12,10000,2067,7933,0.2067,7245,2755,0.7245,5178
configs/exp4/lru_lru_arc_2q.cfg,experiments/data/phases24_c12_seed45.in,LRU LRU ARC 2Q,4,3 3 3 3,12,10000,1471,8529,0.1471,7245,2755,0.7245,5774
configs/exp4/lru_lru_arc_arc.cfg,experiments/data/phases24_c12_seed45.in,LRU LRU ARC ARC,4,3 3 3 3,12,10000,1391,8609,0.1391,7245,2755,0.7245,5854
configs/exp4/lru_lru_arc_lfu.cfg,experiments/data/phases24_c12_seed45.in,LRU LRU ARC LFU,4,3 3 3 3,12,10000,1328,8672,0.1328,7245,2755,0.7245,5917
configs/exp4/lru_lru_arc_lirs.cfg,experiments/data/phases24_c12_seed45.in,LRU LRU ARC LIRS,4,3 3 3 3,12,10000,1870,8130,0.187,7245,2755,0.7245,5375
configs/exp4/lru_lru_arc_lru.cfg,experiments/data/phases24_c12_seed45.in,LRU LRU ARC LRU,4,3 3 3 3,12,10000,1331,8669,0.1331,7245,2755,0.7245,5914
configs/exp4/lru_lru_lfu.cfg,experiments/data/phases24_c12_seed45.in,LRU LRU LFU,3,4 4 4,12,10000,1679,8321,0.1679,7245,2755,0.7245,5566
configs/exp4/lru_lru_lfu_2q.cfg,experiments/data/phases24_c12_seed45.in,LRU LRU LFU 2Q,4,3 3 3 3,12,10000,1346,8654,0.1346,7245,2755,0.7245,5899
configs/exp4/lru_lru_lfu_arc.cfg,experiments/data/phases24_c12_seed45.in,LRU LRU LFU ARC,4,3 3 3 3,12,10000,1355,8645,0.1355,7245,2755,0.7245,5890
configs/exp4/lru_lru_lfu_lfu.cfg,experiments/data/phases24_c12_seed45.in,LRU LRU LFU LFU,4,3 3 3 3,12,10000,1209,8791,0.1209,7245,2755,0.7245,6036
configs/exp4/lru_lru_lfu_lirs.cfg,experiments/data/phases24_c12_seed45.in,LRU LRU LFU LIRS,4,3 3 3 3,12,10000,1752,8248,0.1752,7245,2755,0.7245,5493
configs/exp4/lru_lru_lfu_lru.cfg,experiments/data/phases24_c12_seed45.in,LRU LRU LFU LRU,4,3 3 3 3,12,10000,1179,8821,0.1179,7245,2755,0.7245,6066
configs/exp4/lru_lru_lirs.cfg,experiments/data/phases24_c12_seed45.in,LRU LRU LIRS,3,4 4 4,12,10000,2344,7656,0.2344,7245,2755,0.7245,4901
configs/exp4/lru_lru_lirs_2q.cfg,experiments/data/phases24_c12_seed45.in,LRU LRU LIRS 2Q,4,3 3 3 3,12,10000,1998,8002,0.1998,7245,2755,0.7245,5247
configs/exp4/lru_lru_lirs_arc.cfg,experiments/data/phases24_c12_seed45.in,LRU LRU LIRS ARC,4,3 3 3 3,12,10000,2182,7818,0.2182,7245,2755,0.7245,5063
configs/exp4/lru_lru_lirs_lfu.cfg,experiments/data/phases24_c12_seed45.in,LRU LRU LIRS LFU,4,3 3 3 3,12,10000,1861,8139,0.1861,7245,2755,0.7245,5384
configs/exp4/lru_lru_lirs_lirs.cfg,experiments/data/phases24_c12_seed45.in,LRU LRU LIRS LIRS,4,3 3 3 3,12,10000,1904,8096,0.1904,7245,2755,0.7245,5341
configs/exp4/lru_lru_lirs_lru.cfg,experiments/data/phases24_c12_seed45.in,LRU LRU LIRS LRU,4,3 3 3 3,12,10000,1784,8216,0.1784,7245,2755,0.7245,5461
configs/exp4/lru_lru_lru_2q.cfg,experiments/data/phases24_c12_seed45.in,LRU LRU LRU 2Q,4,3 3 3 3,12,10000,1324,8676,0.1324,7245,2755,0.7245,5921
configs/exp4/lru_lru_lru_arc.cfg,experiments/data/phases24_c12_seed45.in,LRU LRU LRU ARC,4,3 3 3 3,12,10000,1139,8861,0.1139,7245,2755,0.7245,6106
configs/exp4/lru_lru_lru_lfu.cfg,experiments/data/phases24_c12_seed45.in,LRU LRU LRU LFU,4,3 3 3 3,12,10000,1139,8861,0.1139,7245,2755,0.7245,6106
configs/exp4/lru_lru_lru_lirs.cfg,experiments/data/phases24_c12_seed45.in,LRU LRU LRU LIRS,4,3 3 3 3,12,10000,1724,8276,0.1724,7245,2755,0.7245,5521
configs/exp4/2q_2q_2q_arc.cfg,experiments/data/phases24_c24_seed45.in,2Q 2Q 2Q ARC,4,6 6 6 6,24,10000,4965,5035,0.4965,9452,548,0.9452,4487
configs/exp4/2q_2q_2q_lfu.cfg,experiments/data/phases24_c24_seed45.in,2Q 2Q 2Q LFU,4,6 6 6 6,24,10000,3893,6107,0.3893,9452,548,0.9452,5559
configs/exp4/2q_2q_2q_lirs.cfg,experiments/data/phases24_c24_seed45.in,2Q 2Q 2Q LIRS,4,6 6 6 6,24,10000,4534,5466,0.4534,9452,548,0.9452,4918
configs/exp4/2q_2q_2q_lru.cfg,experiments/data/phases24_c24_seed45.in,2Q 2Q 2Q LRU,4,6 6 6 6,24,10000,4982,5018,0.4982,9452,548,0.9452,4470
configs/exp4/2q_2q_arc.cfg,experiments/data/phases24_c24_seed45.in,2Q 2Q ARC,3,8 8 8,24,10000,5316,4684,0.5316,9452,548,0.9452,4136
configs/exp4/2q_2q_arc_2q.cfg,experiments/data/phases24_c24_seed45.in,2Q 2Q ARC 2Q,4,6 6 6 6,24,10000,5439,4561,0.5439,9452,548,0.9452,4013
configs/exp4/2q_2q_arc_arc.cfg,experiments/data/phases24_c24_seed45.in,2Q 2Q ARC ARC,4,6 6 6 6,24,10000,5183,4817,0.5183,9452,548,0.9452,4269
configs/exp4/2q_2q_arc_lfu.cfg,experiments/data/phases24_c24_seed45.in,2Q 2Q ARC LFU,4,6 6 6 6,24,10000,4831,5169,0.4831,9452,548,0.9452,4621
configs/exp4/2q_2q_arc_lirs.cfg,experiments/data/phases24_c24_seed45.in,2Q 2Q ARC LIRS,4,6 6 6 6,24,10000,5434,4566,0.5434,9452,548,0.9452,4018
configs/exp4/2q_2q_arc_lru.cfg,experiments/data/phases24_c24_seed45.in,2Q 2Q ARC LRU,4,6 6 6 6,24,10000,4902,5098,0.4902,9452,548,0.9452,4550
configs/exp4/2q_2q_lfu.cfg,experiments/data/phases24_c24_seed45.in,2Q 2Q LFU,3,8 8 8,24,10000,4391,5609,0.4391,9452,548,0.9452,5061
configs/exp4/2q_2q_lfu_2q.cfg,experiments/data/phases24_c24_seed45.in,2Q 2Q LFU 2Q,4,6 6 6 6,24,10000,4040,5960,0.404,9452,548,0.9452,5412
configs/exp4/2q_2q_lfu_arc.cfg,experiments/data/phases24_c24_seed45.in,2Q 2Q LFU ARC,4,6 6 6 6,24,10000,4898,5102,0.4898,9452,548,0.9452,4554
configs/exp4/2q_2q_lfu_lfu.cfg,experiments/data/phases24_c24_seed45.in,2Q 2Q LFU LFU,4,6 6 6 6,24,10000,3798,6202,0.3798,9452,548,0.9452,5654
configs/exp4/2q_2q_lfu_lirs.cfg,experiments/data/phases24_c24_seed45.in,2Q 2Q LFU LIRS,4,6 6 6 6,24,10000,4498,5502,0.4498,9452,548,0.9452,4954
configs/exp4/2q_2q_lfu_lru.cfg,experiments/data/phases24_c24_seed45.in,2Q 2Q LFU LRU,4,6 6 6 6,24,10000,4901,5099,0.4901,9452,548,0.9452,4551
configs/exp4/2q_2q_lirs.cfg,experiments/data/phases24_c24_seed45.in,2Q 2Q LIRS,3,8 8 8,24,10000,4971,5029,0.4971,9452,548,0.9452,4481
configs/exp4/2q_2q_lirs_2q.cfg,experiments/data/phases24_c24_seed45.in,2Q 2Q LIRS 2Q,4,6 6 6 6,24,10000,4641,5359,0.4641,9452,548,0.9452,4811
configs/exp4/2q_2q_lirs_arc.cfg,experiments/data/phases24_c24_seed45.in,2Q 2Q LIRS ARC,4,6 6 6 6,24,10000,5322,4678,0.5322,9452,548,0.9452,4130
configs/exp4/2q_2q_lirs_lfu.cfg,experiments/data/phases24_c24_seed45.in,2Q 2Q LIRS LFU,4,6 6 6 6,24,10000,4437,5563,0.4437,9452,548,0.9452,5015
configs/exp4/2q_2q_lirs_lirs.cfg,experiments/data/phases24_c24_seed45.in,2Q 2Q LIRS LIRS,4,6 6 6 6,24,10000,4423,5577,0.4423,9452,548,0.9452,5029
configs/exp4/2q_2q_lirs_lru.cfg,experiments/data/phases24_c24_seed45.in,2Q 2Q LIRS LRU,4,6 6 6 6,24,10000,5217,4783,0.5217,9452,548,0.9452,4235
configs/exp4/2q_2q_lru.cfg,experiments/data/phases24_c24_seed45.in,2Q 2Q LRU,3,8 8 8,24,10000,5371,4629,0.5371,9452,548,0.9452,4081
configs/exp4/2q_2q_lru_2q.cfg,experiments/data/phases24_c24_seed45.in,2Q 2Q LRU 2Q,4,6 6 6 6,24,10000,5054,4946,0.5054,9452,548,0.9452,4398
configs/exp4/2q_2q_lru_arc.cfg,experiments/data/phases24_c24_seed45.in,2Q 2Q LRU ARC,4,6 6 6 6,24,10000,5162,4838,0.5162,9452,548,0.9452,4290
configs/exp4/2q_2q_lru_lfu.cfg,experiments/data/phases24_c24_seed45.in,2Q 2Q LRU LFU,4,6 6 6 6,24,10000,4724,5276,0.4724,9452,548,0.9452,4728
configs/exp4/2q_2q_lru_lirs.cfg,experiments/data/phases24_c24_seed45.in,2Q 2Q LRU LIRS,4,6 6 6 6,24,10000,5431,4569,0.5431,9452,548,0.9452,4021
configs/exp4/2q_2q_lru_lru.cfg,experiments/data/phases24_c24_seed45.in,2Q 2Q LRU LRU,4,6 6 6 6,24,10000,4702,5298,0.4702,9452,548,0.9452,4750
configs/exp4/2q_arc.cfg,experiments/data/phases24_c24_seed45.in,2Q ARC,2,12 12,24,10000,5961,4039,0.5961,9452,548,0.9452,3491
configs/exp4/2q_arc_2q.cfg,experiments/data/phases24_c24_seed45.in,2Q ARC 2Q,3,8 8 8,24,10000,5465,4535,0.5465,9452,548,0.9452,3987
configs/exp4/2q_arc_2q_2q.cfg,experiments/data/phases24_c24_seed45.in,2Q ARC 2Q 2Q,4,6 6 6 6,24,10000,5432,4568,0.5432,9452,548,0.9452,4020
configs/exp4/2q_arc_2q_arc.cfg,experiments/data/phases24_c24_seed45.in,2Q ARC 2Q ARC,4,6 6 6 6,24,10000,5430,4570,0.543,9452,548,0.9452,4022
configs/exp4/2q_arc_2q_lfu.cfg,experiments/data/phases24_c24_seed45.in,2Q ARC 2Q LFU,4,6 6 6 6,24,10000,5033,4967,0.5033,9452,548,0.9452,4419
configs/exp4/2q_arc_2q_lirs.cfg,experiments/data/phases24_c24_seed45.in,2Q ARC 2Q LIRS,4,6 6 6 6,24,10000,5744,4256,0.5744,9452,548,0.9452,3708
configs/exp4/2q_arc_2q_lru.cfg,experiments/data/phases24_c24_seed45.in,2Q ARC 2Q LRU,4,6 6 6 6,24,10000,5345,4655,0.5345,9452,548,0.9452,4107
configs/exp4/2q_arc_arc.cfg,experiments/data/phases24_c24_seed45.in,2Q ARC ARC,3,8 8 8,24,10000,5081,4919,0.5081,9452,548,0.9452,4371
configs/exp4/2q_arc_arc_2q.cfg,experiments/data/phases24_c24_seed45.in,2Q ARC ARC 2Q,4,6 6 6 6,24,10000,5222,4778,0.5222,9452,548,0.9452,4230
configs/exp4/2q_arc_arc_arc.cfg,experiments/data/phases24_c24_seed45.in,2Q ARC ARC ARC,4,6 6 6 6,24,10000,4725,5275,0.4725,9452,548,0.9452,4727
configs/exp4/2q_arc_arc_lfu.cfg,experiments/data/phases24_c24_seed45.in,2Q ARC ARC LFU,4,6 6 6 6,24,10000,4635,5365,0.4635,9452,548,0.9452,4817
configs/exp4/2q_arc_arc_lirs.cfg,experiments/data/phases24_c24_seed45.in,2Q ARC ARC LIRS,4,6 6 6 6,24,10000,5171,4829,0.5171,9452,548,0.9452,4281
configs/exp4/2q_arc_arc_lru.cfg,experiments/data/phases24_c24_seed45.in,2Q ARC ARC LRU,4,6 6 6 6,24,10000,4718,5282,0.4718,9452,548,0.9452,4734
configs/exp4/2q_arc_lfu.cfg,experiments/data/phases24_c24_seed45.in,2Q ARC LFU,3,8 8 8,24,10000,4729,5271,0.4729,9452,548,0.9452,4723
configs/exp4/2q_arc_lfu_2q.cfg,experiments/data/phases24_c24_seed45.in,2Q ARC LFU 2Q,4,6 6 6 6,24,10000,5098,4902,0.5098,9452,548,0.9452,4354
configs/exp4/2q_arc_lfu_arc.cfg,experiments/data/phases24_c24_seed45.in,2Q ARC LFU ARC,4,6 6 6 6,24,10000,4703,5297,0.4703,9452,548,0.9452,4749
configs/exp4/2q_arc_lfu_lfu.cfg,experiments/data/phases24_c24_seed45.in,2Q ARC LFU LFU,4,6 6 6 6,24,10000,4325,5675,0.4325,9452,548,0.9452,5127
configs/exp4/2q_arc_lfu_lirs.cfg,experiments/data/phases24_c24_seed45.in,2Q ARC LFU LIRS,4,6 6 6 6,24,10000,5052,4948,0.5052,9452,548,0.9452,4400
configs/exp4/2q_arc_lfu_lru.cfg,experiments/data/phases24_c24_seed45.in,2Q ARC LFU LRU,4,6 6 6 6,24,10000,4491,5509,0.4491,9452,548,0.9452,4961
configs/exp4/2q_arc_lirs.cfg,experiments/data/phases24_c24_seed45.in,2Q ARC LIRS,3,8 8 8,24,10000,5499,4501,0.5499,9452,548,0.9452,3953
configs/exp4/2q_arc_lirs_2q.cfg,experiments/data/phases24_c24_seed45.in,2Q ARC LIRS 2Q,4,6 6 6 6,24,10000,5500,4500,0.55,9452,548,0.9452,3952
configs/exp4/2q_arc_lirs_arc.cfg,experiments/data/phases24_c24_seed45.in,2Q ARC LIRS ARC,4,6 6 6 6,24,10000,5163,4837,0.5163,9452,548,0.9452,4289
configs/exp4/2q_arc_lirs_lfu.cfg,experiments/data/phases24_c24_seed45.in,2Q ARC LIRS LFU,4,6 6 6 6,24,10000,4982,5018,0.4982,9452,548,0.9452,4470
configs/exp4/2q_arc_lirs_lirs.cfg,experiments/data/phases24_c24_seed45.in,2Q ARC LIRS LIRS,4,6 6 6 6,24,10000,5065,4935,0.5065,9452,548,0.9452,4387
configs/exp4/2q_arc_lirs_lru.cfg,experiments/data/phases24_c24_seed45.in,2Q ARC LIRS LRU,4,6 6 6 6,24,10000,5119,4881,0.5119,9452,548,0.9452,4333
configs/exp4/2q_arc_lru.cfg,experiments/data/phases24_c24_seed45.in,2Q ARC LRU,3,8 8 8,24,10000,4910,5090,0.491,9452,548,0.9452,4542
configs/exp4/2q_arc_lru_2q.cfg,experiments/data/phases24_c24_seed45.in,2Q ARC LRU 2Q,4,6 6 6 6,24,10000,4474,5526,0.4474,9452,548,0.9452,4978
configs/exp4/2q_arc_lru_arc.cfg,experiments/data/phases24_c24_seed45.in,2Q ARC LRU ARC,4,6 6 6 6,24,10000,4748,5252,0.4748,9452,548,0.9452,4704
configs/exp4/2q_arc_lru_lfu.cfg,experiments/data/phases24_c24_seed45.in,2Q ARC LRU LFU,4,6 6 6 6,24,10000,4290,5710,0.429,9452,548,0.9452,5162
configs/exp4/2q_arc_lru_lirs.cfg,experiments/data/phases24_c24_seed45.in,2Q ARC LRU LIRS,4,6 6 6 6,24,10000,5005,4995,0.5005,9452,548,0.9452,4447
configs/exp4/2q_arc_lru_lru.cfg,experiments/data/phases24_c24_seed45.in,2Q ARC LRU LRU,4,6 6 6 6,24,10000,4210,5790,0.421,9452,548,0.9452,5242
configs/exp4/2q_lfu.cfg,experiments/data/phases24_c24_seed45.in,2Q LFU,2,12 12,24,10000,5117,4883,0.5117,9452,548,0.9452,4335
configs/exp4/2q_lfu_2q.cfg,experiments/data/phases24_c24_seed45.in,2Q LFU 2Q,3,8 8 8,24,10000,4547,5453,0.4547,9452,548,0.9452,4905
configs/exp4/2q_lfu_2q_2q.cfg,experiments/data/phases24_c24_seed45.in,2Q LFU 2Q 2Q,4,6 6 6 6,24,10000,4106,5894,0.4106,9452,548,0.9452,5346
configs/exp4/2q_lfu_2q_arc.cfg,experiments/data/phases24_c24_seed45.in,2Q LFU 2Q ARC,4,6 6 6 6,24,10000,5012,4988,0.5012,9452,548,0.9452,4440
configs/exp4/2q_lfu_2q_lfu.cfg,experiments/data/phases24_c24_seed45.in,2Q LFU 2Q LFU,4,6 6 6 6,24,10000,3914,6086,0.3914,9452,548,0.9452,5538
configs/exp4/2q_lfu_2q_lirs.cfg,experiments/data/phases24_c24_seed45.in,2Q LFU 2Q LIRS,4,6 6 6 6,24,10000,4603,5397,0.4603,9452,548,0.9452,4849
configs/exp4/2q_lfu_2q_lru.cfg,experiments/data/phases24_c24_seed45.in,2Q LFU 2Q LRU,4,6 6 6 6,24,10000,5001,4999,0.5001,9452,548,0.9452,4451
configs/exp4/2q_lfu_arc.cfg,experiments/data/phases24_c24_seed45.in,2Q LFU ARC,3,8 8 8,24,10000,4887,5113,0.4887,9452,548,0.9452,4565
configs/exp4/2q_lfu_arc_2q.cfg,experiments/data/phases24_c24_seed45.in,2Q LFU ARC 2Q,4,6 6 6 6,24,10000,5208,4792,0.5208,9452,548,0.9452,4244
configs/exp4/2q_lfu_arc_arc.cfg,experiments/data/phases24_c24_seed45.in,2Q LFU ARC ARC,4,6 6 6 6,24,10000,4787,5213,0.4787,9452,548,0.9452,4665
configs/exp4/2q_lfu_arc_lfu.cfg,experiments/data/phases24_c24_seed45.in,2Q LFU ARC LFU,4,6 6 6 6,24,10000,4454,5546,0.4454,9452,548,0.9452,4998
configs/exp4/2q_lfu_arc_lirs.cfg,experiments/data/phases24_c24_seed45.in,2Q LFU ARC LIRS,4,6 6 6 6,24,10000,5098,4902,0.5098,9452,548,0.9452,4354
configs/exp4/2q_lfu_arc_lru.cfg,experiments/data/phases24_c24_seed45.in,2Q LFU ARC LRU,4,6 6 6 6,24,10000,4575,5425,0.4575,9452,548,0.9452,4877
configs/exp4/2q_lfu_lfu.cfg,experiments/data/phases24_c24_seed45.in,2Q LFU LFU,3,8 8 8,24,10000,3955,6045,0.3955,9452,548,0.9452,5497
configs/exp4/2q_lfu_lfu_2q.cfg,experiments/data/phases24_c24_seed45.in,2Q LFU LFU 2Q,4,6 6 6 6,24,10000,4028,5972,0.4028,9452,548,0.9452,5424
configs/exp4/2q_lfu_lfu_arc.cfg,experiments/data/phases24_c24_seed45.in,2Q LFU LFU ARC,4,6 6 6 6,24,10000,4526,5474,0.4526,9452,548,0.9452,4926
configs/exp4/2q_lfu_lfu_lfu.cfg,experiments/data/phases24_c24_seed45.in,2Q LFU LFU LFU,4,6 6 6 6,24,10000,3427,6573,0.3427,9452,548,0.9452,6025
configs/exp4/2q_lfu_lfu_lirs.cfg,experiments/data/phases24_c24_seed45.in,2Q LFU LFU LIRS,4,6 6 6 6,24,10000,4296,5704,0.4296,9452,548,0.9452,5156
configs/exp4/2q_lfu_lfu_lru.cfg,experiments/data/phases24_c24_seed45.in,2Q LFU LFU LRU,4,6 6 6 6,24,10000,4523,5477,0.4523,9452,548,0.9452,4929
configs/exp4/2q_lfu_lirs.cfg,experiments/data/phases24_c24_seed45.in,2Q LFU LIRS,3,8 8 8,24,10000,4784,5216,0.4784,9452,548,0.9452,4668
configs/exp4/2q_lfu_lirs_2q.cfg,experiments/data/phases24_c24_seed45.in,2Q LFU LIRS 2Q,4,6 6 6 6,24,10000,4621,5379,0.4621,9452,548,0.9452,4831
configs/exp4/2q_lfu_lirs_arc.cfg,experiments/data/phases24_c24_seed45.in,2Q LFU LIRS ARC,4,6 6 6 6,24,10000,5064,4936,0.5064,9452,548,0.9452,4388
configs/exp4/2q_lfu_lirs_lfu.cfg,experiments/data/phases24_c24_seed45.in,2Q LFU LIRS LFU,4,6 6 6 6,24,10000,4184,5816,0.4184,9452,548,0.9452,5268
configs/exp4/2q_lfu_lirs_lirs.cfg,experiments/data/phases24_c24_seed45.in,2Q LFU LIRS LIRS,4,6 6 6 6,24,10000,4254,5746,0.4254,9452,548,0.9452,5198
configs/exp4/2q_lfu_lirs_lru.cfg,experiments/data/phases24_c24_seed45.in,2Q LFU LIRS LRU,4,6 6 6 6,24,10000,4991,5009,0.4991,9452,548,0.9452,4461
configs/exp4/2q_lfu_lru.cfg,experiments/data/phases24_c24_seed45.in,2Q LFU LRU,3,8 8 8,24,10000,4990,5010,0.499,9452,548,0.9452,4462
configs/exp4/2q_lfu_lru_2q.cfg,experiments/data/phases24_c24_seed45.in,2Q LFU LRU 2Q,4,6 6 6 6,24,10000,4894,5106,0.4894,9452,548,0.9452,4558
configs/exp4/2q_lfu_lru_arc.cfg,experiments/data/phases24_c24_seed45.in,2Q LFU LRU ARC,4,6 6 6 6,24,10000,4827,5173,0.4827,9452,548,0.9452,4625
configs/exp4/2q_lfu_lru_lfu.cfg,experiments/data/phases24_c24_seed45.in,2Q LFU LRU LFU,4,6 6 6 6,24,10000,4329,5671,0.4329,9452,548,0.9452,5123
configs/exp4/2q_lfu_lru_lirs.cfg,experiments/data/phases24_c24_seed45.in,2Q LFU LRU LIRS,4,6 6 6 6,24,10000,5129,4871,0.5129,9452,548,0.9452,4323
configs/exp4/2q_lfu_lru_lru.cfg,experiments/data/phases24_c24_seed45.in,2Q LFU LRU LRU,4,6 6 6 6,24,10000,4346,5654,0.4346,9452,548,0.9452,5106
configs/exp4/2q_lirs.cfg,experiments/data/phases24_c24_seed45.in,2Q LIRS,2,12 12,24,10000,6062,3938,0.6062,9452,548,0.9452,3390
configs/exp4/2q_lirs_2q.cfg,experiments/data/phases24_c24_seed45.in,2Q LIRS 2Q,3,8 8 8,24,10000,5033,4967,0.5033,9452,548,0.9452,4419
configs/exp4/2q_lirs_2q_2q.cfg,experiments/data/phases24_c24_seed45.in,2Q LIRS 2Q 2Q,4,6 6 6 6,24,10000,4559,5441,0.4559,9452,548,0.9452,4893
configs/exp4/2q_lirs_2q_arc.cfg,experiments/data/phases24_c24_seed45.in,2Q LIRS 2Q ARC,4,6 6 6 6,24,10000,5372,4628,0.5372,9452,548,0.9452,4080
configs/exp4/2q_lirs_2q_lfu.cfg,experiments/data/phases24_c24_seed45.in,2Q LIRS 2Q LFU,4,6 6 6 6,24,10000,4480,5520,0.448,9452,548,0.9452,4972
configs/exp4/2q_lirs_2q_lirs.cfg,experiments/data/phases24_c24_seed45.in,2Q LIRS 2Q LIRS,4,6 6 6 6,24,10000,4600,5400,0.46,9452,548,0.9452,4852
configs/exp4/2q_lirs_2q_lru.cfg,experiments/data/phases24_c24_seed45.in,2Q LIRS 2Q LRU,4,6 6 6 6,24,10000,5307,4693,0.5307,9452,548,0.9452,4145
configs/exp4/2q_lirs_arc.cfg,experiments/data/phases24_c24_seed45.in,2Q LIRS ARC,3,8 8 8,24,10000,5597,4403,0.5597,9452,548,0.9452,3855
configs/exp4/2q_lirs_arc_2q.cfg,experiments/data/phases24_c24_seed45.in,2Q LIRS ARC 2Q,4,6 6 6 6,24,10000,5440,4560,0.544,9452,548,0.9452,4012
configs/exp4/2q_lirs_arc_arc.cfg,experiments/data/phases24_c24_seed45.in,2Q LIRS ARC ARC,4,6 6 6 6,24,10000,5188,4812,0.5188,9452,548,0.9452,4264
configs/exp4/2q_lirs_arc_lfu.cfg,experiments/data/phases24_c24_seed45.in,2Q LIRS ARC LFU,4,6 6 6 6,24,10000,4903,5097,0.4903,9452,548,0.9452,4549
configs/exp4/2q_lirs_arc_lirs.cfg,experiments/data/phases24_c24_seed45.in,2Q LIRS ARC LIRS,4,6 6 6 6,24,10000,5302,4698,0.5302,9452,548,0.9452,4150
configs/exp4/2q_lirs_arc_lru.cfg,experiments/data/phases24_c24_seed45.in,2Q LIRS ARC LRU,4,6 6 6 6,24,10000,4894,5106,0.4894,9452,548,0.9452,4558
configs/exp4/2q_lirs_lfu.cfg,experiments/data/phases24_c24_seed45.in,2Q LIRS LFU,3,8 8 8,24,10000,4658,5342,0.4658,9452,548,0.9452,4794
configs/exp4/2q_lirs_lfu_2q.cfg,experiments/data/phases24_c24_seed45.in,2Q LIRS LFU 2Q,4,6 6 6 6,24,10000,4543,5457,0.4543,9452,548,0.9452,4909
configs/exp4/2q_lirs_lfu_arc.cfg,experiments/data/phases24_c24_seed45.in,2Q LIRS LFU ARC,4,6 6 6 6,24,10000,5007,4993,0.5007,9452,548,0.9452,4445
configs/exp4/2q_lirs_lfu_lfu.cfg,experiments/data/phases24_c24_seed45.in,2Q LIRS LFU LFU,4,6 6 6 6,24,10000,4123,5877,0.4123,9452,548,0.9452,5329
configs/exp4/2q_lirs_lfu_lirs.cfg,experiments/data/phases24_c24_seed45.in,2Q LIRS LFU LIRS,4,6 6 6 6,24,10000,4207,5793,0.4207,9452,548,0.9452,5245
configs/exp4/2q_lirs_lfu_lru.cfg,experiments/data/phases24_c24_seed45.in,2Q LIRS LFU LRU,4,6 6 6 6,24,10000,4924,5076,0.4924,9452,548,0.9452,4528
configs/exp4/2q_lirs_lirs.cfg,experiments/data/phases24_c24_seed45.in,2Q LIRS LIRS,3,8 8 8,24,10000,4701,5299,0.4701,9452,548,0.9452,4751
configs/exp4/2q_lirs_lirs_2q.cfg,experiments/data/phases24_c24_seed45.in,2Q LIRS LIRS 2Q,4,6 6 6 6,24,10000,4461,5539,0.4461,9452,548,0.9452,4991
configs/exp4/2q_lirs_lirs_arc.cfg,experiments/data/phases24_c24_seed45.in,2Q LIRS LIRS ARC,4,6 6 6 6,24,10000,4953,5047,0.4953,9452,548,0.9452,4499
configs/exp4/2q_lirs_lirs_lfu.cfg,experiments/data/phases24_c24_seed45.in,2Q LIRS LIRS LFU,4,6 6 6 6,24,10000,4120,5880,0.412,9452,548,0.9452,5332
configs/exp4/2q_lirs_lirs_lirs.cfg,experiments/data/phases24_c24_seed45.in,2Q LIRS LIRS LIRS,4,6 6 6 6,24,10000,3902,6098,0.3902,9452,548,0.9452,5550
configs/exp4/2q_lirs_lirs_lru.cfg,experiments/data/phases24_c24_seed45.in,2Q LIRS LIRS LRU,4,6 6 6 6,24,10000,4871,5129,0.4871,9452,548,0.9452,4581
configs/exp4/2q_lirs_lru.cfg,experiments/data/phases24_c24_seed45.in,2Q LIRS LRU,3,8 8 8,24,10000,5462,4538,0.5462,9452,548,0.9452,3990
configs/exp4/2q_lirs_lru_2q.cfg,experiments/data/phases24_c24_seed45.in,2Q LIRS LRU 2Q,4,6 6 6 6,24,10000,5041,4959,0.5041,9452,548,0.9452,4411
configs/exp4/2q_lirs_lru_arc.cfg,experiments/data/phases24_c24_seed45.in,2Q LIRS LRU ARC,4,6 6 6 6,24,10000,5123,4877,0.5123,9452,548,0.9452,4329
configs/exp4/2q_lirs_lru_lfu.cfg,experiments/data/phases24_c24_seed45.in,2Q LIRS LRU LFU,4,6 6 6 6,24,10000,4803,5197,0.4803,9452,548,0.9452,4649
configs/exp4/2q_lirs_lru_lirs.cfg,experiments/data/phases24_c24_seed45.in,2Q LIRS LRU LIRS,4,6 6 6 6,24,10000,5199,4801,0.5199,9452,548,0.9452,4253
configs/exp4/2q_lirs_lru_lru.cfg,experiments/data/phases24_c24_seed45.in,2Q LIRS LRU LRU,4,6 6 6 6,24,10000,4693,5307,0.4693,9452,548,0.9452,4759
configs/exp4/2q_lru.cfg,experiments/data/phases24_c24_seed45.in,2Q LRU,2,12 12,24,10000,5970,4030,0.597,9452,548,0.9452,3482
configs/exp4/2q_lru_2q.cfg,experiments/data/phases24_c24_seed45.in,2Q LRU 2Q,3,8 8 8,24,10000,5349,4651,0.5349,9452,548,0.9452,4103
configs/exp4/2q_lru_2q_2q.cfg,experiments/data/phases24_c24_seed45.in,2Q LRU 2Q 2Q,4,6 6 6 6,24,10000,4919,5081,0.4919,9452,548,0.9452,4533
configs/exp4/2q_lru_2q_arc.cfg,experiments/data/phases24_c24_seed45.in,2Q LRU 2Q ARC,4,6 6 6 6,24,10000,5184,4816,0.5184,9452,548,0.9452,4268
configs/exp4/2q_lru_2q_lfu.cfg,experiments/data/phases24_c24_seed45.in,2Q LRU 2Q LFU,4,6 6 6 6,24,10000,4702,5298,0.4702,9452,548,0.9452,4750
configs/exp4/2q_lru_2q_lirs.cfg,experiments/data/phases24_c24_seed45.in,2Q LRU 2Q LIRS,4,6 6 6 6,24,10000,5493,4507,0.5493,9452,548,0.9452,3959
configs/exp4/2q_lru_2q_lru.cfg,experiments/data/phases24_c24_seed45.in,2Q LRU 2Q LRU,4,6 6 6 6,24,10000,4859,5141,0.4859,9452,548,0.9452,4593
configs/exp4/2q_lru_arc.cfg,experiments/data/phases24_c24_seed45.in,2Q LRU ARC,3,8 8 8,24,10000,5180,4820,0.518,9452,548,0.9452,4272
configs/exp4/2q_lru_arc_2q.cfg,experiments/data/phases24_c24_seed45.in,2Q LRU ARC 2Q,4,6 6 6 6,24,10000,5170,4830,0.517,9452,548,0.9452,4282
configs/exp4/2q_lru_arc_arc.cfg,experiments/data/phases24_c24_seed45.in,2Q LRU ARC ARC,4,6 6 6 6,24,10000,4810,5190,0.481,9452,548,0.9452,4642
configs/exp4/2q_lru_arc_lfu.cfg,experiments/data/phases24_c24_seed45.in,2Q LRU ARC LFU,4,6 6 6 6,24,10000,4700,5300,0.47,9452,548,0.9452,4752
configs/exp4/2q_lru_arc_lirs.cfg,experiments/data/phases24_c24_seed45.in,2Q LRU ARC LIRS,4,6 6 6 6,24,10000,5209,4791,0.5209,9452,548,0.9452,4243
configs/exp4/2q_lru_arc_lru.cfg,experiments/data/phases24_c24_seed45.in,2Q LRU ARC LRU,4,6 6 6 6,24,10000,4706,5294,0.4706,9452,548,0.9452,4746
configs/exp4/2q_lru_lfu.cfg,experiments/data/phases24_c24_seed45.in,2Q LRU LFU,3,8 8 8,24,10000,4698,5302,0.4698,9452,548,0.9452,4754
configs/exp4/2q_lru_lfu_2q.cfg,experiments/data/phases24_c24_seed45.in,2Q LRU LFU 2Q,4,6 6 6 6,24,10000,4682,5318,0.4682,9452,548,0.9452,4770
configs/exp4/2q_lru_lfu_arc.cfg,experiments/data/phases24_c24_seed45.in,2Q LRU LFU ARC,4,6 6 6 6,24,10000,4619,5381,0.4619,9452,548,0.9452,4833
configs/exp4/2q_lru_lfu_lfu.cfg,experiments/data/phases24_c24_seed45.in,2Q LRU LFU LFU,4,6 6 6 6,24,10000,4185,5815,0.4185,9452,548,0.9452,5267
configs/exp4/2q_lru_lfu_lirs.cfg,experiments/data/phases24_c24_seed45.in,2Q LRU LFU LIRS,4,6 6 6 6,24,10000,4920,5080,0.492,9452,548,0.9452,4532
configs/exp4/2q_lru_lfu_lru.cfg,experiments/data/phases24_c24_seed45.in,2Q LRU LFU LRU,4,6 6 6 6,24,10000,4152,5848,0.4152,9452,548,0.9452,5300
configs/exp4/2q_lru_lirs.cfg,experiments/data/phases24_c24_seed45.in,2Q LRU LIRS,3,8 8 8,24,10000,5605,4395,0.5605,9452,548,0.9452,3847
configs/exp4/2q_lru_lirs_2q.cfg,experiments/data/phases24_c24_seed45.in,2Q LRU LIRS 2Q,4,6 6 6 6,24,10000,5547,4453,0.5547,9452,548,0.9452,3905
configs/exp4/2q_lru_lirs_arc.cfg,experiments/data/phases24_c24_seed45.in,2Q LRU LIRS ARC,4,6 6 6 6,24,10000,5191,4809,0.5191,9452,548,0.9452,4261
configs/exp4/2q_lru_lirs_lfu.cfg,experiments/data/phases24_c24_seed45.in,2Q LRU LIRS LFU,4,6 6 6 6,24,10000,4948,5052,0.4948,9452,548,0.9452,4504
configs/exp4/2q_lru_lirs_lirs.cfg,experiments/data/phases24_c24_seed45.in,2Q LRU LIRS LIRS,4,6 6 6 6,24,10000,5079,4921,0.5079,9452,548,0.9452,4373
configs/exp4/2q_lru_lirs_lru.cfg,experiments/data/phases24_c24_seed45.in,2Q LRU LIRS LRU,4,6 6 6 6,24,10000,5048,4952,0.5048,9452,548,0.9452,4404
configs/exp4/2q_lru_lru.cfg,experiments/data/phases24_c24_seed45.in,2Q LRU LRU,3,8 8 8,24,10000,4722,5278,0.4722,9452,548,0.9452,4730
configs/exp4/2q_lru_lru_2q.cfg,experiments/data/phases24_c24_seed45.in,2Q LRU LRU 2Q,4,6 6 6 6,24,10000,4229,5771,0.4229,9452,548,0.9452,5223
configs/exp4/2q_lru_lru_arc.cfg,experiments/data/phases24_c24_seed45.in,2Q LRU LRU ARC,4,6 6 6 6,24,10000,4616,5384,0.4616,9452,548,0.9452,4836
configs/exp4/2q_lru_lru_lfu.cfg,experiments/data/phases24_c24_seed45.in,2Q LRU LRU LFU,4,6 6 6 6,24,10000,4118,5882,0.4118,9452,548,0.9452,5334
configs/exp4/2q_lru_lru_lirs.cfg,experiments/data/phases24_c24_seed45.in,2Q LRU LRU LIRS,4,6 6 6 6,24,10000,4869,5131,0.4869,9452,548,0.9452,4583
configs/exp4/2q_lru_lru_lru.cfg,experiments/data/phases24_c24_seed45.in,2Q LRU LRU LRU,4,6 6 6 6,24,10000,3978,6022,0.3978,9452,548,0.9452,5474
configs/exp4/arc_2q.cfg,experiments/data/phases24_c24_seed45.in,ARC 2Q,2,12 12,24,10000,5993,4007,0.5993,9452,548,0.9452,3459
configs/exp4/arc_2q_2q.cfg,experiments/data/phases24_c24_seed45.in,ARC 2Q 2Q,3,8 8 8,24,10000,5208,4792,0.5208,9452,548,0.9452,4244
configs/exp4/arc_2q_2q_2q.cfg,experiments/data/phases24_c24_seed45.in,ARC 2Q 2Q 2Q,4,6 6 6 6,24,10000,4907,5093,0.4907,9452,548,0.9452,4545
configs/exp4/arc_2q_2q_arc.cfg,experiments/data/phases24_c24_seed45.in,ARC 2Q 2Q ARC,4,6 6 6 6,24,10000,5268,4732,0.5268,9452,548,0.9452,4184
configs/exp4/arc_2q_2q_lfu.cfg,experiments/data/phases24_c24_seed45.in,ARC 2Q 2Q LFU,4,6 6 6 6,24,10000,4619,5381,0.4619,9452,548,0.9452,4833
configs/exp4/arc_2q_2q_lirs.cfg,experiments/data/phases24_c24_seed45.in,ARC 2Q 2Q LIRS,4,6 6 6 6,24,10000,5389,4611,0.5389,9452,548,0.9452,4063
configs/exp4/arc_2q_2q_lru.cfg,experiments/data/phases24_c24_seed45.in,ARC 2Q 2Q LRU,4,6 6 6 6,24,10000,5183,4817,0.5183,9452,548,0.9452,4269
configs/exp4/arc_2q_arc.cfg,experiments/data/phases24_c24_seed45.in,ARC 2Q ARC,3,8 8 8,24,10000,5356,4644,0.5356,9452,548,0.9452,4096
configs/exp4/arc_2q_arc_2q.cfg,experiments/data/phases24_c24_seed45.in,ARC 2Q ARC 2Q,4,6 6 6 6,24,10000,5292,4708,0.5292,9452,548,0.9452,4160
configs/exp4/arc_2q_arc_arc.cfg,experiments/data/phases24_c24_seed45.in,ARC 2Q ARC ARC,4,6 6 6 6,24,10000,4868,5132,0.4868,9452,548,0.9452,4584
configs/exp4/arc_2q_arc_lfu.cfg,experiments/data/phases24_c24_seed45.in,ARC 2Q ARC LFU,4,6 6 6 6,24,10000,4634,5366,0.4634,9452,548,0.9452,4818
configs/exp4/arc_2q_arc_lirs.cfg,experiments/data/phases24_c24_seed45.in,ARC 2Q ARC LIRS,4,6 6 6 6,24,10000,5306,4694,0.5306,9452,548,0.9452,4146
configs/exp4/arc_2q_arc_lru.cfg,experiments/data/phases24_c24_seed45.in,ARC 2Q ARC LRU,4,6 6 6 6,24,10000,4759,5241,0.4759,9452,548,0.9452,4693
configs/exp4/arc_2q_lfu.cfg,experiments/data/phases24_c24_seed45.in,ARC 2Q LFU,3,8 8 8,24,10000,4791,5209,0.4791,9452,548,0.9452,4661
configs/exp4/arc_2q_lfu_2q.cfg,experiments/data/phases24_c24_seed45.in,ARC 2Q LFU 2Q,4,6 6 6 6,24,10000,4707,5293,0.4707,9452,548,0.9452,4745
configs/exp4/arc_2q_lfu_arc.cfg,experiments/data/phases24_c24_seed45.in,ARC 2Q LFU ARC,4,6 6 6 6,24,10000,4742,5258,0.4742,9452,548,0.9452,4710
configs/exp4/arc_2q_lfu_lfu.cfg,experiments/data/phases24_c24_seed45.in,ARC 2Q LFU LFU,4,6 6 6 6,24,10000,4192,5808,0.4192,9452,548,0.9452,5260
configs/exp4/arc_2q_lfu_lirs.cfg,experiments/data/phases24_c24_seed45.in,ARC 2Q LFU LIRS,4,6 6 6 6,24,10000,4975,5025,0.4975,9452,548,0.9452,4477
configs/exp4/arc_2q_lfu_lru.cfg,experiments/data/phases24_c24_seed45.in,ARC 2Q LFU LRU,4,6 6 6 6,24,10000,4668,5332,0.4668,9452,548,0.9452,4784
configs/exp4/arc_2q_lirs.cfg,experiments/data/phases24_c24_seed45.in,ARC 2Q LIRS,3,8 8 8,24,10000,5653,4347,0.5653,9452,548,0.9452,3799
configs/exp4/arc_2q_lirs_2q.cfg,experiments/data/phases24_c24_seed45.in,ARC 2Q LIRS 2Q,4,6 6 6 6,24,10000,5340,4660,0.534,9452,548,0.9452,4112
configs/exp4/arc_2q_lirs_arc.cfg,experiments/data/phases24_c24_seed45.in,ARC 2Q LIRS ARC,4,6 6 6 6,24,10000,5342,4658,0.5342,9452,548,0.9452,4110
configs/exp4/arc_2q_lirs_lfu.cfg,experiments/data/phases24_c24_seed45.in,ARC 2Q LIRS LFU,4,6 6 6 6,24,10000,4885,5115,0.4885,9452,548,0.9452,4567
configs/exp4/arc_2q_lirs_lirs.cfg,experiments/data/phases24_c24_seed45.in,ARC 2Q LIRS LIRS,4,6 6 6 6,24,10000,5019,4981,0.5019,9452,548,0.9452,4433
configs/exp4/arc_2q_lirs_lru.cfg,experiments/data/phases24_c24_seed45.in,ARC 2Q LIRS LRU,4,6 6 6 6,24,10000,5297,4703,0.5297,9452,548,0.9452,4155
configs/exp4/arc_2q_lru.cfg,experiments/data/phases24_c24_seed45.in,ARC 2Q LRU,3,8 8 8,24,10000,5276,4724,0.5276,9452,548,0.9452,4176
configs/exp4/arc_2q_lru_2q.cfg,experiments/data/phases24_c24_seed45.in,ARC 2Q LRU 2Q,4,6 6 6 6,24,10000,4578,5422,0.4578,9452,548,0.9452,4874
configs/exp4/arc_2q_lru_arc.cfg,experiments/data/phases24_c24_seed45.in,ARC 2Q LRU ARC,4,6 6 6 6,24,10000,4929,5071,0.4929,9452,548,0.9452,4523
configs/exp4/arc_2q_lru_lfu.cfg,experiments/data/phases24_c24_seed45.in,ARC 2Q LRU LFU,4,6 6 6 6,24,10000,4500,5500,0.45,9452,548,0.9452,4952
configs/exp4/arc_2q_lru_lirs.cfg,experiments/data/phases24_c24_seed45.in,ARC 2Q LRU LIRS,4,6 6 6 6,24,10000,5315,4685,0.5315,9452,548,0.9452,4137
configs/exp4/arc_2q_lru_lru.cfg,experiments/data/phases24_c24_seed45.in,ARC 2Q LRU LRU,4,6 6 6 6,24,10000,4423,5577,0.4423,9452,548,0.9452,5029
configs/exp4/arc_arc_2q.cfg,experiments/data/phases24_c24_seed45.in,ARC ARC 2Q,3,8 8 8,24,10000,4956,5044,0.4956,9452,548,0.9452,4496
configs/exp4/arc_arc_2q_2q.cfg,experiments/data/phases24_c24_seed45.in,ARC ARC 2Q 2Q,4,6 6 6 6,24,10000,4681,5319,0.4681,9452,548,0.9452,4771
configs/exp4/arc_arc_2q_arc.cfg,experiments/data/phases24_c24_seed45.in,ARC ARC 2Q ARC,4,6 6 6 6,24,10000,4661,5339,0.4661,9452,548,0.9452,4791
configs/exp4/arc_arc_2q_lfu.cfg,experiments/data/phases24_c24_seed45.in,ARC ARC 2Q LFU,4,6 6 6 6,24,10000,4280,5720,0.428,9452,548,0.9452,5172
configs/exp4/arc_arc_2q_lirs.cfg,experiments/data/phases24_c24_seed45.in,ARC ARC 2Q LIRS,4,6 6 6 6,24,10000,4979,5021,0.4979,9452,548,0.9452,4473
configs/exp4/arc_arc_2q_lru.cfg,experiments/data/phases24_c24_seed45.in,ARC ARC 2Q LRU,4,6 6 6 6,24,10000,4612,5388,0.4612,9452,548,0.9452,4840
configs/exp4/arc_arc_arc_2q.cfg,experiments/data/phases24_c24_seed45.in,ARC ARC ARC 2Q,4,6 6 6 6,24,10000,4365,5635,0.4365,9452,548,0.9452,5087
configs/exp4/arc_arc_arc_lfu.cfg,experiments/data/phases24_c24_seed45.in,ARC ARC ARC LFU,4,6 6 6 6,24,10000,3659,6341,0.3659,9452,548,0.9452,5793
configs/exp4/arc_arc_arc_lirs.cfg,experiments/data/phases24_c24_seed45.in,ARC ARC ARC LIRS,4,6 6 6 6,24,10000,4216,5784,0.4216,9452,548,0.9452,5236
configs/exp4/arc_arc_arc_lru.cfg,experiments/data/phases24_c24_seed45.in,ARC ARC ARC LRU,4,6 6 6 6,24,10000,3731,6269,0.3731,9452,548,0.9452,5721
configs/exp4/arc_arc_lfu.cfg,experiments/data/phases24_c24_seed45.in,ARC ARC LFU,3,8 8 8,24,10000,4208,5792,0.4208,9452,548,0.9452,5244
configs/exp4/arc_arc_lfu_2q.cfg,experiments/data/phases24_c24_seed45.in,ARC ARC LFU 2Q,4,6 6 6 6,24,10000,4340,5660,0.434,9452,548,0.9452,5112
configs/exp4/arc_arc_lfu_arc.cfg,experiments/data/phases24_c24_seed45.in,ARC ARC LFU ARC,4,6 6 6 6,24,10000,3710,6290,0.371,9452,548,0.9452,5742
configs/exp4/arc_arc_lfu_lfu.cfg,experiments/data/phases24_c24_seed45.in,ARC ARC LFU LFU,4,6 6 6 6,24,10000,3567,6433,0.3567,9452,548,0.9452,5885
configs/exp4/arc_arc_lfu_lirs.cfg,experiments/data/phases24_c24_seed45.in,ARC ARC LFU LIRS,4,6 6 6 6,24,10000,4179,5821,0.4179,9452,548,0.9452,5273
configs/exp4/arc_arc_lfu_lru.cfg,experiments/data/phases24_c24_seed45.in,ARC ARC LFU LRU,4,6 6 6 6,24,10000,3738,6262,0.3738,9452,548,0.9452,5714
configs/exp4/arc_arc_lirs.cfg,experiments/data/phases24_c24_seed45.in,ARC ARC LIRS,3,8 8 8,24,10000,4938,5062,0.4938,9452,548,0.9452,4514
configs/exp4/arc_arc_lirs_2q.cfg,experiments/data/phases24_c24_seed45.in,ARC ARC LIRS 2Q,4,6 6 6 6,24,10000,4746,5254,0.4746,9452,548,0.9452,4706
configs/exp4/arc_arc_lirs_arc.cfg,experiments/data/phases24_c24_seed45.in,ARC ARC LIRS ARC,4,6 6 6 6,24,10000,4315,5685,0.4315,9452,548,0.9452,5137
configs/exp4/arc_arc_lirs_lfu.cfg,experiments/data/phases24_c24_seed45.in,ARC ARC LIRS LFU,4,6 6 6 6,24,10000,4084,5916,0.4084,9452,548,0.9452,5368
configs/exp4/arc_arc_lirs_lirs.cfg,experiments/data/phases24_c24_seed45.in,ARC ARC LIRS LIRS,4,6 6 6 6,24,10000,4160,5840,0.416,9452,548,0.9452,5292
configs/exp4/arc_arc_lirs_lru.cfg,experiments/data/phases24_c24_seed45.in,ARC ARC LIRS LRU,4,6 6 6 6,24,10000,4303,5697,0.4303,9452,548,0.9452,5149
configs/exp4/arc_arc_lru.cfg,experiments/data/phases24_c24_seed45.in,ARC ARC LRU,3,8 8 8,24,10000,4241,5759,0.4241,9452,548,0.9452,5211
configs/exp4/arc_arc_lru_2q.cfg,experiments/data/phases24_c24_seed45.in,ARC ARC LRU 2Q,4,6 6 6 6,24,10000,3776,6224,0.3776,9452,548,0.9452,5676
configs/exp4/arc_arc_lru_arc.cfg,experiments/data/phases24_c24_seed45.in,ARC ARC LRU ARC,4,6 6 6 6,24,10000,4070,5930,0.407,9452,548,0.9452,5382
configs/exp4/arc_arc_lru_lfu.cfg,experiments/data/phases24_c24_seed45.in,ARC ARC LRU LFU,4,6 6 6 6,24,10000,3529,6471,0.3529,9452,548,0.9452,5923
configs/exp4/arc_arc_lru_lirs.cfg,experiments/data/phases24_c24_seed45.in,ARC ARC LRU LIRS,4,6 6 6 6,24,10000,4275,5725,0.4275,9452,548,0.9452,5177
configs/exp4/arc_arc_lru_lru.cfg,experiments/data/phases24_c24_seed45.in,ARC ARC LRU LRU,4,6 6 6 6,24,10000,3439,6561,0.3439,9452,548,0.9452,6013
configs/exp4/arc_lfu.cfg,experiments/data/phases24_c24_seed45.in,ARC LFU,2,12 12,24,10000,5115,4885,0.5115,9452,548,0.9452,4337
configs/exp4/arc_lfu_2q.cfg,experiments/data/phases24_c24_seed45.in,ARC LFU 2Q,3,8 8 8,24,10000,4875,5125,0.4875,9452,548,0.9452,4577
configs/exp4/arc_lfu_2q_2q.cfg,experiments/data/phases24_c24_seed45.in,ARC LFU 2Q 2Q,4,6 6 6 6,24,10000,4678,5322,0.4678,9452,548,0.9452,4774
configs/exp4/arc_lfu_2q_arc.cfg,experiments/data/phases24_c24_seed45.in,ARC LFU 2Q ARC,4,6 6 6 6,24,10000,4763,5237,0.4763,9452,548,0.9452,4689
configs/exp4/arc_lfu_2q_lfu.cfg,experiments/data/phases24_c24_seed45.in,ARC LFU 2Q LFU,4,6 6 6 6,24,10000,4147,5853,0.4147,9452,548,0.9452,5305
configs/exp4/arc_lfu_2q_lirs.cfg,experiments/data/phases24_c24_seed45.in,ARC LFU 2Q LIRS,4,6 6 6 6,24,10000,4952,5048,0.4952,9452,548,0.9452,4500
configs/exp4/arc_lfu_2q_lru.cfg,experiments/data/phases24_c24_seed45.in,ARC LFU 2Q LRU,4,6 6 6 6,24,10000,4694,5306,0.4694,9452,548,0.9452,4758
configs/exp4/arc_lfu_arc.cfg,experiments/data/phases24_c24_seed45.in,ARC LFU ARC,3,8 8 8,24,10000,4356,5644,0.4356,9452,548,0.9452,5096
configs/exp4/arc_lfu_arc_2q.cfg,experiments/data/phases24_c24_seed45.in,ARC LFU ARC 2Q,4,6 6 6 6,24,10000,4450,5550,0.445,9452,548,0.9452,5002
configs/exp4/arc_lfu_arc_arc.cfg,experiments/data/phases24_c24_seed45.in,ARC LFU ARC ARC,4,6 6 6 6,24,10000,3763,6237,0.3763,9452,548,0.9452,5689
configs/exp4/arc_lfu_arc_lfu.cfg,experiments/data/phases24_c24_seed45.in,ARC LFU ARC LFU,4,6 6 6 6,24,10000,3616,6384,0.3616,9452,548,0.9452,5836
configs/exp4/arc_lfu_arc_lirs.cfg,experiments/data/phases24_c24_seed45.in,ARC LFU ARC LIRS,4,6 6 6 6,24,10000,4235,5765,0.4235,9452,548,0.9452,5217
configs/exp4/arc_lfu_arc_lru.cfg,experiments/data/phases24_c24_seed45.in,ARC LFU ARC LRU,4,6 6 6 6,24,10000,3744,6256,0.3744,9452,548,0.9452,5708
configs/exp4/arc_lfu_lfu.cfg,experiments/data/phases24_c24_seed45.in,ARC LFU LFU,3,8 8 8,24,10000,3886,6114,0.3886,9452,548,0.9452,5566
configs/exp4/arc_lfu_lfu_2q.cfg,experiments/data/phases24_c24_seed45.in,ARC LFU LFU 2Q,4,6 6 6 6,24,10000,4189,5811,0.4189,9452,548,0.9452,5263
configs/exp4/arc_lfu_lfu_arc.cfg,experiments/data/phases24_c24_seed45.in,ARC LFU LFU ARC,4,6 6 6 6,24,10000,3642,6358,0.3642,9452,548,0.9452,5810
configs/exp4/arc_lfu_lfu_lfu.cfg,experiments/data/phases24_c24_seed45.in,ARC LFU LFU LFU,4,6 6 6 6,24,10000,3214,6786,0.3214,9452,548,0.9452,6238
configs/exp4/arc_lfu_lfu_lirs.cfg,experiments/data/phases24_c24_seed45.in,ARC LFU LFU LIRS,4,6 6 6 6,24,10000,3985,6015,0.3985,9452,548,0.9452,5467
configs/exp4/arc_lfu_lfu_lru.cfg,experiments/data/phases24_c24_seed45.in,ARC LFU LFU LRU,4,6 6 6 6,24,10000,3511,6489,0.3511,9452,548,0.9452,5941
configs/exp4/arc_lfu_lirs.cfg,experiments/data/phases24_c24_seed45.in,ARC LFU LIRS,3,8 8 8,24,10000,4880,5120,0.488,9452,548,0.9452,4572
configs/exp4/arc_lfu_lirs_2q.cfg,experiments/data/phases24_c24_seed45.in,ARC LFU LIRS 2Q,4,6 6 6 6,24,10000,4646,5354,0.4646,9452,548,0.9452,4806
configs/exp4/arc_lfu_lirs_arc.cfg,experiments/data/phases24_c24_seed45.in,ARC LFU LIRS ARC,4,6 6 6 6,24,10000,4341,5659,0.4341,9452,548,0.9452,5111
configs/exp4/arc_lfu_lirs_lfu.cfg,experiments/data/phases24_c24_seed45.in,ARC LFU LIRS LFU,4,6 6 6 6,24,10000,4009,5991,0.4009,9452,548,0.9452,5443
configs/exp4/arc_lfu_lirs_lirs.cfg,experiments/data/phases24_c24_seed45.in,ARC LFU LIRS LIRS,4,6 6 6 6,24,10000,4089,5911,0.4089,9452,548,0.9452,5363
configs/exp4/arc_lfu_lirs_lru.cfg,experiments/data/phases24_c24_seed45.in,ARC LFU LIRS LRU,4,6 6 6 6,24,10000,4311,5689,0.4311,9452,548,0.9452,5141
configs/exp4/arc_lfu_lru.cfg,experiments/data/phases24_c24_seed45.in,ARC LFU LRU,3,8 8 8,24,10000,4180,5820,0.418,9452,548,0.9452,5272
configs/exp4/arc_lfu_lru_2q.cfg,experiments/data/phases24_c24_seed45.in,ARC LFU LRU 2Q,4,6 6 6 6,24,10000,3515,6485,0.3515,9452,548,0.9452,5937
configs/exp4/arc_lfu_lru_arc.cfg,experiments/data/phases24_c24_seed45.in,ARC LFU LRU ARC,4,6 6 6 6,24,10000,3986,6014,0.3986,9452,548,0.9452,5466
configs/exp4/arc_lfu_lru_lfu.cfg,experiments/data/phases24_c24_seed45.in,ARC LFU LRU LFU,4,6 6 6 6,24,10000,3363,6637,0.3363,9452,548,0.9452,6089
configs/exp4/arc_lfu_lru_lirs.cfg,experiments/data/phases24_c24_seed45.in,ARC LFU LRU LIRS,4,6 6 6 6,24,10000,4227,5773,0.4227,9452,548,0.9452,5225
configs/exp4/arc_lfu_lru_lru.cfg,experiments/data/phases24_c24_seed45.in,ARC LFU LRU LRU,4,6 6 6 6,24,10000,3280,6720,0.328,9452,548,0.9452,6172
configs/exp4/arc_lirs.cfg,experiments/data/phases24_c24_seed45.in,ARC LIRS,2,12 12,24,10000,6072,3928,0.6072,9452,548,0.9452,3380
configs/exp4/arc_lirs_2q.cfg,experiments/data/phases24_c24_seed45.in,ARC LIRS 2Q,3,8 8 8,24,10000,5299,4701,0.5299,9452,548,0.9452,4153
configs/exp4/arc_lirs_2q_2q.cfg,experiments/data/phases24_c24_seed45.in,ARC LIRS 2Q 2Q,4,6 6 6 6,24,10000,4909,5091,0.4909,9452,548,0.9452,4543
configs/exp4/arc_lirs_2q_arc.cfg,experiments/data/phases24_c24_seed45.in,ARC LIRS 2Q ARC,4,6 6 6 6,24,10000,5062,4938,0.5062,9452,548,0.9452,4390
configs/exp4/arc_lirs_2q_lfu.cfg,experiments/data/phases24_c24_seed45.in,ARC LIRS 2Q LFU,4,6 6 6 6,24,10000,4590,5410,0.459,9452,548,0.9452,4862
configs/exp4/arc_lirs_2q_lirs.cfg,experiments/data/phases24_c24_seed45.in,ARC LIRS 2Q LIRS,4,6 6 6 6,24,10000,4828,5172,0.4828,9452,548,0.9452,4624
configs/exp4/arc_lirs_2q_lru.cfg,experiments/data/phases24_c24_seed45.in,ARC LIRS 2Q LRU,4,6 6 6 6,24,10000,4991,5009,0.4991,9452,548,0.9452,4461
configs/exp4/arc_lirs_arc.cfg,experiments/data/phases24_c24_seed45.in,ARC LIRS ARC,3,8 8 8,24,10000,5194,4806,0.5194,9452,548,0.9452,4258
configs/exp4/arc_lirs_arc_2q.cfg,experiments/data/phases24_c24_seed45.in,ARC LIRS ARC 2Q,4,6 6 6 6,24,10000,4812,5188,0.4812,9452,548,0.9452,4640
configs/exp4/arc_lirs_arc_arc.cfg,experiments/data/phases24_c24_seed45.in,ARC LIRS ARC ARC,4,6 6 6 6,24,10000,4331,5669,0.4331,9452,548,0.9452,5121
configs/exp4/arc_lirs_arc_lfu.cfg,experiments/data/phases24_c24_seed45.in,ARC LIRS ARC LFU,4,6 6 6 6,24,10000,4151,5849,0.4151,9452,548,0.9452,5301
configs/exp4/arc_lirs_arc_lirs.cfg,experiments/data/phases24_c24_seed45.in,ARC LIRS ARC LIRS,4,6 6 6 6,24,10000,4420,5580,0.442,9452,548,0.9452,5032
configs/exp4/arc_lirs_arc_lru.cfg,experiments/data/phases24_c24_seed45.in,ARC LIRS ARC LRU,4,6 6 6 6,24,10000,4252,5748,0.4252,9452,548,0.9452,5200
configs/exp4/arc_lirs_lfu.cfg,experiments/data/phases24_c24_seed45.in,ARC LIRS LFU,3,8 8 8,24,10000,4741,5259,0.4741,9452,548,0.9452,4711
configs/exp4/arc_lirs_lfu_2q.cfg,experiments/data/phases24_c24_seed45.in,ARC LIRS LFU 2Q,4,6 6 6 6,24,10000,4616,5384,0.4616,9452,548,0.9452,4836
configs/exp4/arc_lirs_lfu_arc.cfg,experiments/data/phases24_c24_seed45.in,ARC LIRS LFU ARC,4,6 6 6 6,24,10000,4255,5745,0.4255,9452,548,0.9452,5197
configs/exp4/arc_lirs_lfu_lfu.cfg,experiments/data/phases24_c24_seed45.in,ARC LIRS LFU LFU,4,6 6 6 6,24,10000,3939,6061,0.3939,9452,548,0.9452,5513
configs/exp4/arc_lirs_lfu_lirs.cfg,experiments/data/phases24_c24_seed45.in,ARC LIRS LFU LIRS,4,6 6 6 6,24,10000,4048,5952,0.4048,9452,548,0.9452,5404
configs/exp4/arc_lirs_lfu_lru.cfg,experiments/data/phases24_c24_seed45.in,ARC LIRS LFU LRU,4,6 6 6 6,24,10000,4226,5774,0.4226,9452,548,0.9452,5226
configs/exp4/arc_lirs_lirs.cfg,experiments/data/phases24_c24_seed45.in,ARC LIRS LIRS,3,8 8 8,24,10000,4986,5014,0.4986,9452,548,0.9452,4466
configs/exp4/arc_lirs_lirs_2q.cfg,experiments/data/phases24_c24_seed45.in,ARC LIRS LIRS 2Q,4,6 6 6 6,24,10000,4628,5372,0.4628,9452,548,0.9452,4824
configs/exp4/arc_lirs_lirs_arc.cfg,experiments/data/phases24_c24_seed45.in,ARC LIRS LIRS ARC,4,6 6 6 6,24,10000,4300,5700,0.43,9452,548,0.9452,5152
configs/exp4/arc_lirs_lirs_lfu.cfg,experiments/data/phases24_c24_seed45.in,ARC LIRS LIRS LFU,4,6 6 6 6,24,10000,3972,6028,0.3972,9452,548,0.9452,5480
configs/exp4/arc_lirs_lirs_lirs.cfg,experiments/data/phases24_c24_seed45.in,ARC LIRS LIRS LIRS,4,6 6 6 6,24,10000,3825,6175,0.3825,9452,548,0.9452,5627
configs/exp4/arc_lirs_lirs_lru.cfg,experiments/data/phases24_c24_seed45.in,ARC LIRS LIRS LRU,4,6 6 6 6,24,10000,4248,5752,0.4248,9452,548,0.9452,5204
configs/exp4/arc_lirs_lru.cfg,experiments/data/phases24_c24_seed45.in,ARC LIRS LRU,3,8 8 8,24,10000,5072,4928,0.5072,9452,548,0.9452,4380
configs/exp4/arc_lirs_lru_2q.cfg,experiments/data/phases24_c24_seed45.in,ARC LIRS LRU 2Q,4,6 6 6 6,24,10000,4236,5764,0.4236,9452,548,0.9452,5216
configs/exp4/arc_lirs_lru_arc.cfg,experiments/data/phases24_c24_seed45.in,ARC LIRS LRU ARC,4,6 6 6 6,24,10000,4546,5454,0.4546,9452,548,0.9452,4906
configs/exp4/arc_lirs_lru_lfu.cfg,experiments/data/phases24_c24_seed45.in,ARC LIRS LRU LFU,4,6 6 6 6,24,10000,4038,5962,0.4038,9452,548,0.9452,5414
configs/exp4/arc_lirs_lru_lirs.cfg,experiments/data/phases24_c24_seed45.in,ARC LIRS LRU LIRS,4,6 6 6 6,24,10000,4458,5542,0.4458,9452,548,0.9452,4994
configs/exp4/arc_lirs_lru_lru.cfg,experiments/data/phases24_c24_seed45.in,ARC LIRS LRU LRU,4,6 6 6 6,24,10000,3950,6050,0.395,9452,548,0.9452,5502
configs/exp4/arc_lru.cfg,experiments/data/phases24_c24_seed45.in,ARC LRU,2,12 12,24,10000,5618,4382,0.5618,9452,548,0.9452,3834
configs/exp4/arc_lru_2q.cfg,experiments/data/phases24_c24_seed45.in,ARC LRU 2Q,3,8 8 8,24,10000,4049,5951,0.4049,9452,548,0.9452,5403
configs/exp4/arc_lru_2q_2q.cfg,experiments/data/phases24_c24_seed45.in,ARC LRU 2Q 2Q,4,6 6 6 6,24,10000,3423,6577,0.3423,9452,548,0.9452,6029
configs/exp4/arc_lru_2q_arc.cfg,experiments/data/phases24_c24_seed45.in,ARC LRU 2Q ARC,4,6 6 6 6,24,10000,3938,6062,0.3938,9452,548,0.9452,5514
configs/exp4/arc_lru_2q_lfu.cfg,experiments/data/phases24_c24_seed45.in,ARC LRU 2Q LFU,4,6 6 6 6,24,10000,3235,6765,0.3235,9452,548,0.9452,6217
configs/exp4/arc_lru_2q_lirs.cfg,experiments/data/phases24_c24_seed45.in,ARC LRU 2Q LIRS,4,6 6 6 6,24,10000,4195,5805,0.4195,9452,548,0.9452,5257
configs/exp4/arc_lru_2q_lru.cfg,experiments/data/phases24_c24_seed45.in,ARC LRU 2Q LRU,4,6 6 6 6,24,10000,3299,6701,0.3299,9452,548,0.9452,6153
configs/exp4/arc_lru_arc.cfg,experiments/data/phases24_c24_seed45.in,ARC LRU ARC,3,8 8 8,24,10000,4393,5607,0.4393,9452,548,0.9452,5059
configs/exp4/arc_lru_arc_2q.cfg,experiments/data/phases24_c24_seed45.in,ARC LRU ARC 2Q,4,6 6 6 6,24,10000,4278,5722,0.4278,9452,548,0.9452,5174
configs/exp4/arc_lru_arc_arc.cfg,experiments/data/phases24_c24_seed45.in,ARC LRU ARC ARC,4,6 6 6 6,24,10000,4160,5840,0.416,9452,548,0.9452,5292
configs/exp4/arc_lru_arc_lfu.cfg,experiments/data/phases24_c24_seed45.in,ARC LRU ARC LFU,4,6 6 6 6,24,10000,3833,6167,0.3833,9452,548,0.9452,5619
configs/exp4/arc_lru_arc_lirs.cfg,experiments/data/phases24_c24_seed45.in,ARC LRU ARC LIRS,4,6 6 6 6,24,10000,4548,5452,0.4548,9452,548,0.9452,4904
configs/exp4/arc_lru_arc_lru.cfg,experiments/data/phases24_c24_seed45.in,ARC LRU ARC LRU,4,6 6 6 6,24,10000,3867,6133,0.3867,9452,548,0.9452,5585
configs/exp4/arc_lru_lfu.cfg,experiments/data/phases24_c24_seed45.in,ARC LRU LFU,3,8 8 8,24,10000,3814,6186,0.3814,9452,548,0.9452,5638
configs/exp4/arc_lru_lfu_2q.cfg,experiments/data/phases24_c24_seed45.in,ARC LRU LFU 2Q,4,6 6 6 6,24,10000,3329,6671,0.3329,9452,548,0.9452,6123
configs/exp4/arc_lru_lfu_arc.cfg,experiments/data/phases24_c24_seed45.in,ARC LRU LFU ARC,4,6 6 6 6,24,10000,3797,6203,0.3797,9452,548,0.9452,5655
configs/exp4/arc_lru_lfu_lfu.cfg,experiments/data/phases24_c24_seed45.in,ARC LRU LFU LFU,4,6 6 6 6,24,10000,3130,6870,0.313,9452,548,0.9452,6322
configs/exp4/arc_lru_lfu_lirs.cfg,experiments/data/phases24_c24_seed45.in,ARC LRU LFU LIRS,4,6 6 6 6,24,10000,4018,5982,0.4018,9452,548,0.9452,5434
configs/exp4/arc_lru_lfu_lru.cfg,experiments/data/phases24_c24_seed45.in,ARC LRU LFU LRU,4,6 6 6 6,24,10000,3078,6922,0.3078,9452,548,0.9452,6374
configs/exp4/arc_lru_lirs.cfg,experiments/data/phases24_c24_seed45.in,ARC LRU LIRS,3,8 8 8,24,10000,4961,5039,0.4961,9452,548,0.9452,4491
configs/exp4/arc_lru_lirs_2q.cfg,experiments/data/phases24_c24_seed45.in,ARC LRU LIRS 2Q,4,6 6 6 6,24,10000,4720,5280,0.472,9452,548,0.9452,4732
configs/exp4/arc_lru_lirs_arc.cfg,experiments/data/phases24_c24_seed45.in,ARC LRU LIRS ARC,4,6 6 6 6,24,10000,4391,5609,0.4391,9452,548,0.9452,5061
configs/exp4/arc_lru_lirs_lfu.cfg,experiments/data/phases24_c24_seed45.in,ARC LRU LIRS LFU,4,6 6 6 6,24,10000,4077,5923,0.4077,9452,548,0.9452,5375
configs/exp4/arc_lru_lirs_lirs.cfg,experiments/data/phases24_c24_seed45.in,ARC LRU LIRS LIRS,4,6 6 6 6,24,10000,4208,5792,0.4208,9452,548,0.9452,5244
configs/exp4/arc_lru_lirs_lru.cfg,experiments/data/phases24_c24_seed45.in,ARC LRU LIRS LRU,4,6 6 6 6,24,10000,4060,5940,0.406,9452,548,0.9452,5392
configs/exp4/arc_lru_lru.cfg,experiments/data/phases24_c24_seed45.in,ARC LRU LRU,3,8 8 8,24,10000,3765,6235,0.3765,9452,548,0.9452,5687
configs/exp4/arc_lru_lru_2q.cfg,experiments/data/phases24_c24_seed45.in,ARC LRU LRU 2Q,4,6 6 6 6,24,10000,3244,6756,0.3244,9452,548,0.9452,6208
configs/exp4/arc_lru_lru_arc.cfg,experiments/data/phases24_c24_seed45.in,ARC LRU LRU ARC,4,6 6 6 6,24,10000,3387,6613,0.3387,9452,548,0.9452,6065
configs/exp4/arc_lru_lru_lfu.cfg,experiments/data/phases24_c24_seed45.in,ARC LRU LRU LFU,4,6 6 6 6,24,10000,2935,7065,0.2935,9452,548,0.9452,6517
configs/exp4/arc_lru_lru_lirs.cfg,experiments/data/phases24_c24_seed45.in,ARC LRU LRU LIRS,4,6 6 6 6,24,10000,3885,6115,0.3885,9452,548,0.9452,5567
configs/exp4/arc_lru_lru_lru.cfg,experiments/data/phases24_c24_seed45.in,ARC LRU LRU LRU,4,6 6 6 6,24,10000,2890,7110,0.289,9452,548,0.9452,6562
configs/exp4/lfu_2q.cfg,experiments/data/phases24_c24_seed45.in,LFU 2Q,2,12 12,24,10000,5616,4384,0.5616,9452,548,0.9452,3836
configs/exp4/lfu_2q_2q.cfg,experiments/data/phases24_c24_seed45.in,LFU 2Q 2Q,3,8 8 8,24,10000,4603,5397,0.4603,9452,548,0.9452,4849
configs/exp4/lfu_2q_2q_2q.cfg,experiments/data/phases24_c24_seed45.in,LFU 2Q 2Q 2Q,4,6 6 6 6,24,10000,3859,6141,0.3859,9452,548,0.9452,5593
configs/exp4/lfu_2q_2q_arc.cfg,experiments/data/phases24_c24_seed45.in,LFU 2Q 2Q ARC,4,6 6 6 6,24,10000,4929,5071,0.4929,9452,548,0.9452,4523
configs/exp4/lfu_2q_2q_lfu.cfg,experiments/data/phases24_c24_seed45.in,LFU 2Q 2Q LFU,4,6 6 6 6,24,10000,3764,6236,0.3764,9452,548,0.9452,5688
configs/exp4/lfu_2q_2q_lirs.cfg,experiments/data/phases24_c24_seed45.in,LFU 2Q 2Q LIRS,4,6 6 6 6,24,10000,4472,5528,0.4472,9452,548,0.9452,4980
configs/exp4/lfu_2q_2q_lru.cfg,experiments/data/phases24_c24_seed45.in,LFU 2Q 2Q LRU,4,6 6 6 6,24,10000,4902,5098,0.4902,9452,548,0.9452,4550
configs/exp4/lfu_2q_arc.cfg,experiments/data/phases24_c24_seed45.in,LFU 2Q ARC,3,8 8 8,24,10000,5152,4848,0.5152,9452,548,0.9452,4300
configs/exp4/lfu_2q_arc_2q.cfg,experiments/data/phases24_c24_seed45.in,LFU 2Q ARC 2Q,4,6 6 6 6,24,10000,5254,4746,0.5254,9452,548,0.9452,4198
configs/exp4/lfu_2q_arc_arc.cfg,experiments/data/phases24_c24_seed45.in,LFU 2Q ARC ARC,4,6 6 6 6,24,10000,4873,5127,0.4873,9452,548,0.9452,4579
configs/exp4/lfu_2q_arc_lfu.cfg,experiments/data/phases24_c24_seed45.in,LFU 2Q ARC LFU,4,6 6 6 6,24,10000,4494,5506,0.4494,9452,548,0.9452,4958
configs/exp4/lfu_2q_arc_lirs.cfg,experiments/data/phases24_c24_seed45.in,LFU 2Q ARC LIRS,4,6 6 6 6,24,10000,5214,4786,0.5214,9452,548,0.9452,4238
configs/exp4/lfu_2q_arc_lru.cfg,experiments/data/phases24_c24_seed45.in,LFU 2Q ARC LRU,4,6 6 6 6,24,10000,4683,5317,0.4683,9452,548,0.9452,4769
configs/exp4/lfu_2q_lfu.cfg,experiments/data/phases24_c24_seed45.in,LFU 2Q LFU,3,8 8 8,24,10000,4166,5834,0.4166,9452,548,0.9452,5286
configs/exp4/lfu_2q_lfu_2q.cfg,experiments/data/phases24_c24_seed45.in,LFU 2Q LFU 2Q,4,6 6 6 6,24,10000,3908,6092,0.3908,9452,548,0.9452,5544
configs/exp4/lfu_2q_lfu_arc.cfg,experiments/data/phases24_c24_seed45.in,LFU 2Q LFU ARC,4,6 6 6 6,24,10000,4655,5345,0.4655,9452,548,0.9452,4797
configs/exp4/lfu_2q_lfu_lfu.cfg,experiments/data/phases24_c24_seed45.in,LFU 2Q LFU LFU,4,6 6 6 6,24,10000,3520,6480,0.352,9452,548,0.9452,5932
configs/exp4/lfu_2q_lfu_lirs.cfg,experiments/data/phases24_c24_seed45.in,LFU 2Q LFU LIRS,4,6 6 6 6,24,10000,4313,5687,0.4313,9452,548,0.9452,5139
configs/exp4/lfu_2q_lfu_lru.cfg,experiments/data/phases24_c24_seed45.in,LFU 2Q LFU LRU,4,6 6 6 6,24,10000,4661,5339,0.4661,9452,548,0.9452,4791
configs/exp4/lfu_2q_lirs.cfg,experiments/data/phases24_c24_seed45.in,LFU 2Q LIRS,3,8 8 8,24,10000,4927,5073,0.4927,9452,548,0.9452,4525
configs/exp4/lfu_2q_lirs_2q.cfg,experiments/data/phases24_c24_seed45.in,LFU 2Q LIRS 2Q,4,6 6 6 6,24,10000,4553,5447,0.4553,9452,548,0.9452,4899
configs/exp4/lfu_2q_lirs_arc.cfg,experiments/data/phases24_c24_seed45.in,LFU 2Q LIRS ARC,4,6 6 6 6,24,10000,5155,4845,0.5155,9452,548,0.9452,4297
configs/exp4/lfu_2q_lirs_lfu.cfg,experiments/data/phases24_c24_seed45.in,LFU 2Q LIRS LFU,4,6 6 6 6,24,10000,4216,5784,0.4216,9452,548,0.9452,5236
configs/exp4/lfu_2q_lirs_lirs.cfg,experiments/data/phases24_c24_seed45.in,LFU 2Q LIRS LIRS,4,6 6 6 6,24,10000,4261,5739,0.4261,9452,548,0.9452,5191
configs/exp4/lfu_2q_lirs_lru.cfg,experiments/data/phases24_c24_seed45.in,LFU 2Q LIRS LRU,4,6 6 6 6,24,10000,5037,4963,0.5037,9452,548,0.9452,4415
configs/exp4/lfu_2q_lru.cfg,experiments/data/phases24_c24_seed45.in,LFU 2Q LRU,3,8 8 8,24,10000,5227,4773,0.5227,9452,548,0.9452,4225
configs/exp4/lfu_2q_lru_2q.cfg,experiments/data/phases24_c24_seed45.in,LFU 2Q LRU 2Q,4,6 6 6 6,24,10000,4773,5227,0.4773,9452,548,0.9452,4679
configs/exp4/lfu_2q_lru_arc.cfg,experiments/data/phases24_c24_seed45.in,LFU 2Q LRU ARC,4,6 6 6 6,24,10000,4958,5042,0.4958,9452,548,0.9452,4494
configs/exp4/lfu_2q_lru_lfu.cfg,experiments/data/phases24_c24_seed45.in,LFU 2Q LRU LFU,4,6 6 6 6,24,10000,4384,5616,0.4384,9452,548,0.9452,5068
configs/exp4/lfu_2q_lru_lirs.cfg,experiments/data/phases24_c24_seed45.in,LFU 2Q LRU LIRS,4,6 6 6 6,24,10000,5222,4778,0.5222,9452,548,0.9452,4230
configs/exp4/lfu_2q_lru_lru.cfg,experiments/data/phases24_c24_seed45.in,LFU 2Q LRU LRU,4,6 6 6 6,24,10000,4485,5515,0.4485,9452,548,0.9452,4967
configs/exp4/lfu_arc.cfg,experiments/data/phases24_c24_seed45.in,LFU ARC,2,12 12,24,10000,5671,4329,0.5671,9452,548,0.9452,3781
configs/exp4/lfu_arc_2q.cfg,experiments/data/phases24_c24_seed45.in,LFU ARC 2Q,3,8 8 8,24,10000,5051,4949,0.5051,9452,548,0.9452,4401
configs/exp4/lfu_arc_2q_2q.cfg,experiments/data/phases24_c24_seed45.in,LFU ARC 2Q 2Q,4,6 6 6 6,24,10000,4844,5156,0.4844,9452,548,0.9452,4608
configs/exp4/lfu_arc_2q_arc.cfg,experiments/data/phases24_c24_seed45.in,LFU ARC 2Q ARC,4,6 6 6 6,24,10000,4823,5177,0.4823,9452,548,0.9452,4629
configs/exp4/lfu_arc_2q_lfu.cfg,experiments/data/phases24_c24_seed45.in,LFU ARC 2Q LFU,4,6 6 6 6,24,10000,4248,5752,0.4248,9452,548,0.9452,5204
configs/exp4/lfu_arc_2q_lirs.cfg,experiments/data/phases24_c24_seed45.in,LFU ARC 2Q LIRS,4,6 6 6 6,24,10000,5074,4926,0.5074,9452,548,0.9452,4378
configs/exp4/lfu_arc_2q_lru.cfg,experiments/data/phases24_c24_seed45.in,LFU ARC 2Q LRU,4,6 6 6 6,24,10000,4780,5220,0.478,9452,548,0.9452,4672
configs/exp4/lfu_arc_arc.cfg,experiments/data/phases24_c24_seed45.in,LFU ARC ARC,3,8 8 8,24,10000,4505,5495,0.4505,9452,548,0.9452,4947
configs/exp4/lfu_arc_arc_2q.cfg,experiments/data/phases24_c24_seed45.in,LFU ARC ARC 2Q,4,6 6 6 6,24,10000,4547,5453,0.4547,9452,548,0.9452,4905
configs/exp4/lfu_arc_arc_arc.cfg,experiments/data/phases24_c24_seed45.in,LFU ARC ARC ARC,4,6 6 6 6,24,10000,3894,6106,0.3894,9452,548,0.9452,5558
configs/exp4/lfu_arc_arc_lfu.cfg,experiments/data/phases24_c24_seed45.in,LFU ARC ARC LFU,4,6 6 6 6,24,10000,3711,6289,0.3711,9452,548,0.9452,5741
configs/exp4/lfu_arc_arc_lirs.cfg,experiments/data/phases24_c24_seed45.in,LFU ARC ARC LIRS,4,6 6 6 6,24,10000,4354,5646,0.4354,9452,548,0.9452,5098
configs/exp4/lfu_arc_arc_lru.cfg,experiments/data/phases24_c24_seed45.in,LFU ARC ARC LRU,4,6 6 6 6,24,10000,3839,6161,0.3839,9452,548,0.9452,5613
configs/exp4/lfu_arc_lfu.cfg,experiments/data/phases24_c24_seed45.in,LFU ARC LFU,3,8 8 8,24,10000,4122,5878,0.4122,9452,548,0.9452,5330
configs/exp4/lfu_arc_lfu_2q.cfg,experiments/data/phases24_c24_seed45.in,LFU ARC LFU 2Q,4,6 6 6 6,24,10000,4311,5689,0.4311,9452,548,0.9452,5141
configs/exp4/lfu_arc_lfu_arc.cfg,experiments/data/phases24_c24_seed45.in,LFU ARC LFU ARC,4,6 6 6 6,24,10000,3759,6241,0.3759,9452,548,0.9452,5693
configs/exp4/lfu_arc_lfu_lfu.cfg,experiments/data/phases24_c24_seed45.in,LFU ARC LFU LFU,4,6 6 6 6,24,10000,3320,6680,0.332,9452,548,0.9452,6132
configs/exp4/lfu_arc_lfu_lirs.cfg,experiments/data/phases24_c24_seed45.in,LFU ARC LFU LIRS,4,6 6 6 6,24,10000,4145,5855,0.4145,9452,548,0.9452,5307
configs/exp4/lfu_arc_lfu_lru.cfg,experiments/data/phases24_c24_seed45.in,LFU ARC LFU LRU,4,6 6 6 6,24,10000,3663,6337,0.3663,9452,548,0.9452,5789
configs/exp4/lfu_arc_lirs.cfg,experiments/data/phases24_c24_seed45.in,LFU ARC LIRS,3,8 8 8,24,10000,5031,4969,0.5031,9452,548,0.9452,4421
configs/exp4/lfu_arc_lirs_2q.cfg,experiments/data/phases24_c24_seed45.in,LFU ARC LIRS 2Q,4,6 6 6 6,24,10000,4769,5231,0.4769,9452,548,0.9452,4683
configs/exp4/lfu_arc_lirs_arc.cfg,experiments/data/phases24_c24_seed45.in,LFU ARC LIRS ARC,4,6 6 6 6,24,10000,4404,5596,0.4404,9452,548,0.9452,5048
configs/exp4/lfu_arc_lirs_lfu.cfg,experiments/data/phases24_c24_seed45.in,LFU ARC LIRS LFU,4,6 6 6 6,24,10000,4065,5935,0.4065,9452,548,0.9452,5387
configs/exp4/lfu_arc_lirs_lirs.cfg,experiments/data/phases24_c24_seed45.in,LFU ARC LIRS LIRS,4,6 6 6 6,24,10000,4205,5795,0.4205,9452,548,0.9452,5247
configs/exp4/lfu_arc_lirs_lru.cfg,experiments/data/phases24_c24_seed45.in,LFU ARC LIRS LRU,4,6 6 6 6,24,10000,4399,5601,0.4399,9452,548,0.9452,5053
configs/exp4/lfu_arc_lru.cfg,experiments/data/phases24_c24_seed45.in,LFU ARC LRU,3,8 8 8,24,10000,4412,5588,0.4412,9452,548,0.9452,5040
configs/exp4/lfu_arc_lru_2q.cfg,experiments/data/phases24_c24_seed45.in,LFU ARC LRU 2Q,4,6 6 6 6,24,10000,3696,6304,0.3696,9452,548,0.9452,5756
configs/exp4/lfu_arc_lru_arc.cfg,experiments/data/phases24_c24_seed45.in,LFU ARC LRU ARC,4,6 6 6 6,24,10000,4127,5873,0.4127,9452,548,0.9452,5325
configs/exp4/lfu_arc_lru_lfu.cfg,experiments/data/phases24_c24_seed45.in,LFU ARC LRU LFU,4,6 6 6 6,24,10000,3497,6503,0.3497,9452,548,0.9452,5955
configs/exp4/lfu_arc_lru_lirs.cfg,experiments/data/phases24_c24_seed45.in,LFU ARC LRU LIRS,4,6 6 6 6,24,10000,4348,5652,0.4348,9452,548,0.9452,5104
configs/exp4/lfu_arc_lru_lru.cfg,experiments/data/phases24_c24_seed45.in,LFU ARC LRU LRU,4,6 6 6 6,24,10000,3406,6594,0.3406,9452,548,0.9452,6046
configs/exp4/lfu_lfu_2q.cfg,experiments/data/phases24_c24_seed45.in,LFU LFU 2Q,3,8 8 8,24,10000,4417,5583,0.4417,9452,548,0.9452,5035
configs/exp4/lfu_lfu_2q_2q.cfg,experiments/data/phases24_c24_seed45.in,LFU LFU 2Q 2Q,4,6 6 6 6,24,10000,3977,6023,0.3977,9452,548,0.9452,5475
configs/exp4/lfu_lfu_2q_arc.cfg,experiments/data/phases24_c24_seed45.in,LFU LFU 2Q ARC,4,6 6 6 6,24,10000,4724,5276,0.4724,9452,548,0.9452,4728
configs/exp4/lfu_lfu_2q_lfu.cfg,experiments/data/phases24_c24_seed45.in,LFU LFU 2Q LFU,4,6 6 6 6,24,10000,3602,6398,0.3602,9452,548,0.9452,5850
configs/exp4/lfu_lfu_2q_lirs.cfg,experiments/data/phases24_c24_seed45.in,LFU LFU 2Q LIRS,4,6 6 6 6,24,10000,4394,5606,0.4394,9452,548,0.9452,5058
configs/exp4/lfu_lfu_2q_lru.cfg,experiments/data/phases24_c24_seed45.in,LFU LFU 2Q LRU,4,6 6 6 6,24,10000,4742,5258,0.4742,9452,548,0.9452,4710
configs/exp4/lfu_lfu_arc.cfg,experiments/data/phases24_c24_seed45.in,LFU LFU ARC,3,8 8 8,24,10000,4402,5598,0.4402,9452,548,0.9452,5050
configs/exp4/lfu_lfu_arc_2q.cfg,experiments/data/phases24_c24_seed45.in,LFU LFU ARC 2Q,4,6 6 6 6,24,10000,4479,5521,0.4479,9452,548,0.9452,4973
configs/exp4/lfu_lfu_arc_arc.cfg,experiments/data/phases24_c24_seed45.in,LFU LFU ARC ARC,4,6 6 6 6,24,10000,3928,6072,0.3928,9452,548,0.9452,5524
configs/exp4/lfu_lfu_arc_lfu.cfg,experiments/data/phases24_c24_seed45.in,LFU LFU ARC LFU,4,6 6 6 6,24,10000,3525,6475,0.3525,9452,548,0.9452,5927
configs/exp4/lfu_lfu_arc_lirs.cfg,experiments/data/phases24_c24_seed45.in,LFU LFU ARC LIRS,4,6 6 6 6,24,10000,4291,5709,0.4291,9452,548,0.9452,5161
configs/exp4/lfu_lfu_arc_lru.cfg,experiments/data/phases24_c24_seed45.in,LFU LFU ARC LRU,4,6 6 6 6,24,10000,3811,6189,0.3811,9452,548,0.9452,5641
configs/exp4/lfu_lfu_lfu_2q.cfg,experiments/data/phases24_c24_seed45.in,LFU LFU LFU 2Q,4,6 6 6 6,24,10000,3776,6224,0.3776,9452,548,0.9452,5676
configs/exp4/lfu_lfu_lfu_arc.cfg,experiments/data/phases24_c24_seed45.in,LFU LFU LFU ARC,4,6 6 6 6,24,10000,3711,6289,0.3711,9452,548,0.9452,5741
configs/exp4/lfu_lfu_lfu_lirs.cfg,experiments/data/phases24_c24_seed45.in,LFU LFU LFU LIRS,4,6 6 6 6,24,10000,3798,6202,0.3798,9452,548,0.9452,5654
configs/exp4/lfu_lfu_lfu_lru.cfg,experiments/data/phases24_c24_seed45.in,LFU LFU LFU LRU,4,6 6 6 6,24,10000,3668,6332,0.3668,9452,548,0.9452,5784
configs/exp4/lfu_lfu_lirs.cfg,experiments/data/phases24_c24_seed45.in,LFU LFU LIRS,3,8 8 8,24,10000,4492,5508,0.4492,9452,548,0.9452,4960
configs/exp4/lfu_lfu_lirs_2q.cfg,experiments/data/phases24_c24_seed45.in,LFU LFU LIRS 2Q,4,6 6 6 6,24,10000,4241,5759,0.4241,9452,548,0.9452,5211
configs/exp4/lfu_lfu_lirs_arc.cfg,experiments/data/phases24_c24_seed45.in,LFU LFU LIRS ARC,4,6 6 6 6,24,10000,4541,5459,0.4541,9452,548,0.9452,4911
configs/exp4/lfu_lfu_lirs_lfu.cfg,experiments/data/phases24_c24_seed45.in,LFU LFU LIRS LFU,4,6 6 6 6,24,10000,3623,6377,0.3623,9452,548,0.9452,5829
configs/exp4/lfu_lfu_lirs_lirs.cfg,experiments/data/phases24_c24_seed45.in,LFU LFU LIRS LIRS,4,6 6 6 6,24,10000,3847,6153,0.3847,9452,548,0.9452,5605
configs/exp4/lfu_lfu_lirs_lru.cfg,experiments/data/phases24_c24_seed45.in,LFU LFU LIRS LRU,4,6 6 6 6,24,10000,4517,5483,0.4517,9452,548,0.9452,4935
configs/exp4/lfu_lfu_lru.cfg,experiments/data/phases24_c24_seed45.in,LFU LFU LRU,3,8 8 8,24,10000,4321,5679,0.4321,9452,548,0.9452,5131
configs/exp4/lfu_lfu_lru_2q.cfg,experiments/data/phases24_c24_seed45.in,LFU LFU LRU 2Q,4,6 6 6 6,24,10000,3888,6112,0.3888,9452,548,0.9452,5564
configs/exp4/lfu_lfu_lru_arc.cfg,experiments/data/phases24_c24_seed45.in,LFU LFU LRU ARC,4,6 6 6 6,24,10000,4019,5981,0.4019,9452,548,0.9452,5433
configs/exp4/lfu_lfu_lru_lfu.cfg,experiments/data/phases24_c24_seed45.in,LFU LFU LRU LFU,4,6 6 6 6,24,10000,3500,6500,0.35,9452,548,0.9452,5952
configs/exp4/lfu_lfu_lru_lirs.cfg,experiments/data/phases24_c24_seed45.in,LFU LFU LRU LIRS,4,6 6 6 6,24,10000,4386,5614,0.4386,9452,548,0.9452,5066
configs/exp4/lfu_lfu_lru_lru.cfg,experiments/data/phases24_c24_seed45.in,LFU LFU LRU LRU,4,6 6 6 6,24,10000,3443,6557,0.3443,9452,548,0.9452,6009
configs/exp4/lfu_lirs.cfg,experiments/data/phases24_c24_seed45.in,LFU LIRS,2,12 12,24,10000,5756,4244,0.5756,9452,548,0.9452,3696
configs/exp4/lfu_lirs_2q.cfg,experiments/data/phases24_c24_seed45.in,LFU LIRS 2Q,3,8 8 8,24,10000,4867,5133,0.4867,9452,548,0.9452,4585
configs/exp4/lfu_lirs_2q_2q.cfg,experiments/data/phases24_c24_seed45.in,LFU LIRS 2Q 2Q,4,6 6 6 6,24,10000,4246,5754,0.4246,9452,548,0.9452,5206
configs/exp4/lfu_lirs_2q_arc.cfg,experiments/data/phases24_c24_seed45.in,LFU LIRS 2Q ARC,4,6 6 6 6,24,10000,5084,4916,0.5084,9452,548,0.9452,4368
configs/exp4/lfu_lirs_2q_lfu.cfg,experiments/data/phases24_c24_seed45.in,LFU LIRS 2Q LFU,4,6 6 6 6,24,10000,4060,5940,0.406,9452,548,0.9452,5392
configs/exp4/lfu_lirs_2q_lirs.cfg,experiments/data/phases24_c24_seed45.in,LFU LIRS 2Q LIRS,4,6 6 6 6,24,10000,4296,5704,0.4296,9452,548,0.9452,5156
configs/exp4/lfu_lirs_2q_lru.cfg,experiments/data/phases24_c24_seed45.in,LFU LIRS 2Q LRU,4,6 6 6 6,24,10000,4963,5037,0.4963,9452,548,0.9452,4489
configs/exp4/lfu_lirs_arc.cfg,experiments/data/phases24_c24_seed45.in,LFU LIRS ARC,3,8 8 8,24,10000,5427,4573,0.5427,9452,548,0.9452,4025
configs/exp4/lfu_lirs_arc_2q.cfg,experiments/data/phases24_c24_seed45.in,LFU LIRS ARC 2Q,4,6 6 6 6,24,10000,5067,4933,0.5067,9452,548,0.9452,4385
configs/exp4/lfu_lirs_arc_arc.cfg,experiments/data/phases24_c24_seed45.in,LFU LIRS ARC ARC,4,6 6 6 6,24,10000,4639,5361,0.4639,9452,548,0.9452,4813
configs/exp4/lfu_lirs_arc_lfu.cfg,experiments/data/phases24_c24_seed45.in,LFU LIRS ARC LFU,4,6 6 6 6,24,10000,4294,5706,0.4294,9452,548,0.9452,5158
configs/exp4/lfu_lirs_arc_lirs.cfg,experiments/data/phases24_c24_seed45.in,LFU LIRS ARC LIRS,4,6 6 6 6,24,10000,4827,5173,0.4827,9452,548,0.9452,4625
configs/exp4/lfu_lirs_arc_lru.cfg,experiments/data/phases24_c24_seed45.in,LFU LIRS ARC LRU,4,6 6 6 6,24,10000,4390,5610,0.439,9452,548,0.9452,5062
configs/exp4/lfu_lirs_lfu.cfg,experiments/data/phases24_c24_seed45.in,LFU LIRS LFU,3,8 8 8,24,10000,4210,5790,0.421,9452,548,0.9452,5242
configs/exp4/lfu_lirs_lfu_2q.cfg,experiments/data/phases24_c24_seed45.in,LFU LIRS LFU 2Q,4,6 6 6 6,24,10000,4146,5854,0.4146,9452,548,0.9452,5306
configs/exp4/lfu_lirs_lfu_arc.cfg,experiments/data/phases24_c24_seed45.in,LFU LIRS LFU ARC,4,6 6 6 6,24,10000,4408,5592,0.4408,9452,548,0.9452,5044
configs/exp4/lfu_lirs_lfu_lfu.cfg,experiments/data/phases24_c24_seed45.in,LFU LIRS LFU LFU,4,6 6 6 6,24,10000,3513,6487,0.3513,9452,548,0.9452,5939
configs/exp4/lfu_lirs_lfu_lirs.cfg,experiments/data/phases24_c24_seed45.in,LFU LIRS LFU LIRS,4,6 6 6 6,24,10000,3751,6249,0.3751,9452,548,0.9452,5701
configs/exp4/lfu_lirs_lfu_lru.cfg,experiments/data/phases24_c24_seed45.in,LFU LIRS LFU LRU,4,6 6 6 6,24,10000,4387,5613,0.4387,9452,548,0.9452,5065
configs/exp4/lfu_lirs_lirs.cfg,experiments/data/phases24_c24_seed45.in,LFU LIRS LIRS,3,8 8 8,24,10000,4609,5391,0.4609,9452,548,0.9452,4843
configs/exp4/lfu_lirs_lirs_2q.cfg,experiments/data/phases24_c24_seed45.in,LFU LIRS LIRS 2Q,4,6 6 6 6,24,10000,4133,5867,0.4133,9452,548,0.9452,5319
configs/exp4/lfu_lirs_lirs_arc.cfg,experiments/data/phases24_c24_seed45.in,LFU LIRS LIRS ARC,4,6 6 6 6,24,10000,4488,5512,0.4488,9452,548,0.9452,4964
configs/exp4/lfu_lirs_lirs_lfu.cfg,experiments/data/phases24_c24_seed45.in,LFU LIRS LIRS LFU,4,6 6 6 6,24,10000,3639,6361,0.3639,9452,548,0.9452,5813
configs/exp4/lfu_lirs_lirs_lirs.cfg,experiments/data/phases24_c24_seed45.in,LFU LIRS LIRS LIRS,4,6 6 6 6,24,10000,3492,6508,0.3492,9452,548,0.9452,5960
configs/exp4/lfu_lirs_lirs_lru.cfg,experiments/data/phases24_c24_seed45.in,LFU LIRS LIRS LRU,4,6 6 6 6,24,10000,4427,5573,0.4427,9452,548,0.9452,5025
configs/exp4/lfu_lirs_lru.cfg,experiments/data/phases24_c24_seed45.in,LFU LIRS LRU,3,8 8 8,24,10000,5356,4644,0.5356,9452,548,0.9452,4096
configs/exp4/lfu_lirs_lru_2q.cfg,experiments/data/phases24_c24_seed45.in,LFU LIRS LRU 2Q,4,6 6 6 6,24,10000,4283,5717,0.4283,9452,548,0.9452,5169
configs/exp4/lfu_lirs_lru_arc.cfg,experiments/data/phases24_c24_seed45.in,LFU LIRS LRU ARC,4,6 6 6 6,24,10000,4655,5345,0.4655,9452,548,0.9452,4797
configs/exp4/lfu_lirs_lru_lfu.cfg,experiments/data/phases24_c24_seed45.in,LFU LIRS LRU LFU,4,6 6 6 6,24,10000,4154,5846,0.4154,9452,548,0.9452,5298
configs/exp4/lfu_lirs_lru_lirs.cfg,experiments/data/phases24_c24_seed45.in,LFU LIRS LRU LIRS,4,6 6 6 6,24,10000,4758,5242,0.4758,9452,548,0.9452,4694
configs/exp4/lfu_lirs_lru_lru.cfg,experiments/data/phases24_c24_seed45.in,LFU LIRS LRU LRU,4,6 6 6 6,24,10000,4169,5831,0.4169,9452,548,0.9452,5283
configs/exp4/lfu_lru.cfg,experiments/data/phases24_c24_seed45.in,LFU LRU,2,12 12,24,10000,5513,4487,0.5513,9452,548,0.9452,3939
configs/exp4/lfu_lru_2q.cfg,experiments/data/phases24_c24_seed45.in,LFU LRU 2Q,3,8 8 8,24,10000,5034,4966,0.5034,9452,548,0.9452,4418
configs/exp4/lfu_lru_2q_2q.cfg,experiments/data/phases24_c24_seed45.in,LFU LRU 2Q 2Q,4,6 6 6 6,24,10000,3883,6117,0.3883,9452,548,0.9452,5569
configs/exp4/lfu_lru_2q_arc.cfg,experiments/data/phases24_c24_seed45.in,LFU LRU 2Q ARC,4,6 6 6 6,24,10000,4259,5741,0.4259,9452,548,0.9452,5193
configs/exp4/lfu_lru_2q_lfu.cfg,experiments/data/phases24_c24_seed45.in,LFU LRU 2Q LFU,4,6 6 6 6,24,10000,3597,6403,0.3597,9452,548,0.9452,5855
configs/exp4/lfu_lru_2q_lirs.cfg,experiments/data/phases24_c24_seed45.in,LFU LRU 2Q LIRS,4,6 6 6 6,24,10000,4643,5357,0.4643,9452,548,0.9452,4809
configs/exp4/lfu_lru_2q_lru.cfg,experiments/data/phases24_c24_seed45.in,LFU LRU 2Q LRU,4,6 6 6 6,24,10000,3829,6171,0.3829,9452,548,0.9452,5623
configs/exp4/lfu_lru_arc.cfg,experiments/data/phases24_c24_seed45.in,LFU LRU ARC,3,8 8 8,24,10000,4529,5471,0.4529,9452,548,0.9452,4923
configs/exp4/lfu_lru_arc_2q.cfg,experiments/data/phases24_c24_seed45.in,LFU LRU ARC 2Q,4,6 6 6 6,24,10000,4437,5563,0.4437,9452,548,0.9452,5015
configs/exp4/lfu_lru_arc_arc.cfg,experiments/data/phases24_c24_seed45.in,LFU LRU ARC ARC,4,6 6 6 6,24,10000,4014,5986,0.4014,9452,548,0.9452,5438
configs/exp4/lfu_lru_arc_lfu.cfg,experiments/data/phases24_c24_seed45.in,LFU LRU ARC LFU,4,6 6 6 6,24,10000,3858,6142,0.3858,9452,548,0.9452,5594
configs/exp4/lfu_lru_arc_lirs.cfg,experiments/data/phases24_c24_seed45.in,LFU LRU ARC LIRS,4,6 6 6 6,24,10000,4538,5462,0.4538,9452,548,0.9452,4914
configs/exp4/lfu_lru_arc_lru.cfg,experiments/data/phases24_c24_seed45.in,LFU LRU ARC LRU,4,6 6 6 6,24,10000,3842,6158,0.3842,9452,548,0.9452,5610
configs/exp4/lfu_lru_lfu.cfg,experiments/data/phases24_c24_seed45.in,LFU LRU LFU,3,8 8 8,24,10000,3994,6006,0.3994,9452,548,0.9452,5458
configs/exp4/lfu_lru_lfu_2q.cfg,experiments/data/phases24_c24_seed45.in,LFU LRU LFU 2Q,4,6 6 6 6,24,10000,3574,6426,0.3574,9452,548,0.9452,5878
configs/exp4/lfu_lru_lfu_arc.cfg,experiments/data/phases24_c24_seed45.in,LFU LRU LFU ARC,4,6 6 6 6,24,10000,3718,6282,0.3718,9452,548,0.9452,5734
configs/exp4/lfu_lru_lfu_lfu.cfg,experiments/data/phases24_c24_seed45.in,LFU LRU LFU LFU,4,6 6 6 6,24,10000,3206,6794,0.3206,9452,548,0.9452,6246
configs/exp4/lfu_lru_lfu_lirs.cfg,experiments/data/phases24_c24_seed45.in,LFU LRU LFU LIRS,4,6 6 6 6,24,10000,4116,5884,0.4116,9452,548,0.9452,5336
configs/exp4/lfu_lru_lfu_lru.cfg,experiments/data/phases24_c24_seed45.in,LFU LRU LFU LRU,4,6 6 6 6,24,10000,3146,6854,0.3146,9452,548,0.9452,6306
configs/exp4/lfu_lru_lirs.cfg,experiments/data/phases24_c24_seed45.in,LFU LRU LIRS,3,8 8 8,24,10000,5196,4804,0.5196,9452,548,0.9452,4256
configs/exp4/lfu_lru_lirs_2q.cfg,experiments/data/phases24_c24_seed45.in,LFU LRU LIRS 2Q,4,6 6 6 6,24,10000,4849,5151,0.4849,9452,548,0.9452,4603
configs/exp4/lfu_lru_lirs_arc.cfg,experiments/data/phases24_c24_seed45.in,LFU LRU LIRS ARC,4,6 6 6 6,24,10000,4463,5537,0.4463,9452,548,0.9452,4989
configs/exp4/lfu_lru_lirs_lfu.cfg,experiments/data/phases24_c24_seed45.in,LFU LRU LIRS LFU,4,6 6 6 6,24,10000,4110,5890,0.411,9452,548,0.9452,5342
configs/exp4/lfu_lru_lirs_lirs.cfg,experiments/data/phases24_c24_seed45.in,LFU LRU LIRS LIRS,4,6 6 6 6,24,10000,4398,5602,0.4398,9452,548,0.9452,5054
configs/exp4/lfu_lru_lirs_lru.cfg,experiments/data/phases24_c24_seed45.in,LFU LRU LIRS LRU,4,6 6 6 6,24,10000,4299,5701,0.4299,9452,548,0.9452,5153
configs/exp4/lfu_lru_lru.cfg,experiments/data/phases24_c24_seed45.in,LFU LRU LRU,3,8 8 8,24,10000,4053,5947,0.4053,9452,548,0.9452,5399
configs/exp4/lfu_lru_lru_2q.cfg,experiments/data/phases24_c24_seed45.in,LFU LRU LRU 2Q,4,6 6 6 6,24,10000,3270,6730,0.327,9452,548,0.9452,6182
configs/exp4/lfu_lru_lru_arc.cfg,experiments/data/phases24_c24_seed45.in,LFU LRU LRU ARC,4,6 6 6 6,24,10000,3770,6230,0.377,9452,548,0.9452,5682
configs/exp4/lfu_lru_lru_lfu.cfg,experiments/data/phases24_c24_seed45.in,LFU LRU LRU LFU,4,6 6 6 6,24,10000,3046,6954,0.3046,9452,548,0.9452,6406
configs/exp4/lfu_lru_lru_lirs.cfg,experiments/data/phases24_c24_seed45.in,LFU LRU LRU LIRS,4,6 6 6 6,24,10000,4100,5900,0.41,9452,548,0.9452,5352
configs/exp4/lfu_lru_lru_lru.cfg,experiments/data/phases24_c24_seed45.in,LFU LRU LRU LRU,4,6 6 6 6,24,10000,2985,7015,0.2985,9452,548,0.9452,6467
configs/exp4/lirs_2q.cfg,experiments/data/phases24_c24_seed45.in,LIRS 2Q,2,12 12,24,10000,6149,3851,0.6149,9452,548,0.9452,3303
configs/exp4/lirs_2q_2q.cfg,experiments/data/phases24_c24_seed45.in,LIRS 2Q 2Q,3,8 8 8,24,10000,4817,5183,0.4817,9452,548,0.9452,4635
configs/exp4/lirs_2q_2q_2q.cfg,experiments/data/phases24_c24_seed45.in,LIRS 2Q 2Q 2Q,4,6 6 6 6,24,10000,4181,5819,0.4181,9452,548,0.9452,5271
configs/exp4/lirs_2q_2q_arc.cfg,experiments/data/phases24_c24_seed45.in,LIRS 2Q 2Q ARC,4,6 6 6 6,24,10000,5103,4897,0.5103,9452,548,0.9452,4349
configs/exp4/lirs_2q_2q_lfu.cfg,experiments/data/phases24_c24_seed45.in,LIRS 2Q 2Q LFU,4,6 6 6 6,24,10000,4170,5830,0.417,9452,548,0.9452,5282
configs/exp4/lirs_2q_2q_lirs.cfg,experiments/data/phases24_c24_seed45.in,LIRS 2Q 2Q LIRS,4,6 6 6 6,24,10000,4487,5513,0.4487,9452,548,0.9452,4965
configs/exp4/lirs_2q_2q_lru.cfg,experiments/data/phases24_c24_seed45.in,LIRS 2Q 2Q LRU,4,6 6 6 6,24,10000,5035,4965,0.5035,9452,548,0.9452,4417
configs/exp4/lirs_2q_arc.cfg,experiments/data/phases24_c24_seed45.in,LIRS 2Q ARC,3,8 8 8,24,10000,5457,4543,0.5457,9452,548,0.9452,3995
configs/exp4/lirs_2q_arc_2q.cfg,experiments/data/phases24_c24_seed45.in,LIRS 2Q ARC 2Q,4,6 6 6 6,24,10000,5429,4571,0.5429,9452,548,0.9452,4023
configs/exp4/lirs_2q_arc_arc.cfg,experiments/data/phases24_c24_seed45.in,LIRS 2Q ARC ARC,4,6 6 6 6,24,10000,5136,4864,0.5136,9452,548,0.9452,4316
configs/exp4/lirs_2q_arc_lfu.cfg,experiments/data/phases24_c24_seed45.in,LIRS 2Q ARC LFU,4,6 6 6 6,24,10000,4812,5188,0.4812,9452,548,0.9452,4640
configs/exp4/lirs_2q_arc_lirs.cfg,experiments/data/phases24_c24_seed45.in,LIRS 2Q ARC LIRS,4,6 6 6 6,24,10000,5370,4630,0.537,9452,548,0.9452,4082
configs/exp4/lirs_2q_arc_lru.cfg,experiments/data/phases24_c24_seed45.in,LIRS 2Q ARC LRU,4,6 6 6 6,24,10000,4828,5172,0.4828,9452,548,0.9452,4624
configs/exp4/lirs_2q_lfu.cfg,experiments/data/phases24_c24_seed45.in,LIRS 2Q LFU,3,8 8 8,24,10000,4599,5401,0.4599,9452,548,0.9452,4853
configs/exp4/lirs_2q_lfu_2q.cfg,experiments/data/phases24_c24_seed45.in,LIRS 2Q LFU 2Q,4,6 6 6 6,24,10000,4227,5773,0.4227,9452,548,0.9452,5225
configs/exp4/lirs_2q_lfu_arc.cfg,experiments/data/phases24_c24_seed45.in,LIRS 2Q LFU ARC,4,6 6 6 6,24,10000,4912,5088,0.4912,9452,548,0.9452,4540
configs/exp4/lirs_2q_lfu_lfu.cfg,experiments/data/phases24_c24_seed45.in,LIRS 2Q LFU LFU,4,6 6 6 6,24,10000,3956,6044,0.3956,9452,548,0.9452,5496
configs/exp4/lirs_2q_lfu_lirs.cfg,experiments/data/phases24_c24_seed45.in,LIRS 2Q LFU LIRS,4,6 6 6 6,24,10000,4283,5717,0.4283,9452,548,0.9452,5169
configs/exp4/lirs_2q_lfu_lru.cfg,experiments/data/phases24_c24_seed45.in,LIRS 2Q LFU LRU,4,6 6 6 6,24,10000,4844,5156,0.4844,9452,548,0.9452,4608
configs/exp4/lirs_2q_lirs.cfg,experiments/data/phases24_c24_seed45.in,LIRS 2Q LIRS,3,8 8 8,24,10000,5001,4999,0.5001,9452,548,0.9452,4451
configs/exp4/lirs_2q_lirs_2q.cfg,experiments/data/phases24_c24_seed45.in,LIRS 2Q LIRS 2Q,4,6 6 6 6,24,10000,4464,5536,0.4464,9452,548,0.9452,4988
configs/exp4/lirs_2q_lirs_arc.cfg,experiments/data/phases24_c24_seed45.in,LIRS 2Q LIRS ARC,4,6 6 6 6,24,10000,5081,4919,0.5081,9452,548,0.9452,4371
configs/exp4/lirs_2q_lirs_lfu.cfg,experiments/data/phases24_c24_seed45.in,LIRS 2Q LIRS LFU,4,6 6 6 6,24,10000,4211,5789,0.4211,9452,548,0.9452,5241
configs/exp4/lirs_2q_lirs_lirs.cfg,experiments/data/phases24_c24_seed45.in,LIRS 2Q LIRS LIRS,4,6 6 6 6,24,10000,4122,5878,0.4122,9452,548,0.9452,5330
configs/exp4/lirs_2q_lirs_lru.cfg,experiments/data/phases24_c24_seed45.in,LIRS 2Q LIRS LRU,4,6 6 6 6,24,10000,4970,5030,0.497,9452,548,0.9452,4482
configs/exp4/lirs_2q_lru.cfg,experiments/data/phases24_c24_seed45.in,LIRS 2Q LRU,3,8 8 8,24,10000,5421,4579,0.5421,9452,548,0.9452,4031
configs/exp4/lirs_2q_lru_2q.cfg,experiments/data/phases24_c24_seed45.in,LIRS 2Q LRU 2Q,4,6 6 6 6,24,10000,5051,4949,0.5051,9452,548,0.9452,4401
configs/exp4/lirs_2q_lru_arc.cfg,experiments/data/phases24_c24_seed45.in,LIRS 2Q LRU ARC,4,6 6 6 6,24,10000,5047,4953,0.5047,9452,548,0.9452,4405
configs/exp4/lirs_2q_lru_lfu.cfg,experiments/data/phases24_c24_seed45.in,LIRS 2Q LRU LFU,4,6 6 6 6,24,10000,4623,5377,0.4623,9452,548,0.9452,4829
configs/exp4/lirs_2q_lru_lirs.cfg,experiments/data/phases24_c24_seed45.in,LIRS 2Q LRU LIRS,4,6 6 6 6,24,10000,5284,4716,0.5284,9452,548,0.9452,4168
configs/exp4/lirs_2q_lru_lru.cfg,experiments/data/phases24_c24_seed45.in,LIRS 2Q LRU LRU,4,6 6 6 6,24,10000,4631,5369,0.4631,9452,548,0.9452,4821
configs/exp4/lirs_arc.cfg,experiments/data/phases24_c24_seed45.in,LIRS ARC,2,12 12,24,10000,6355,3645,0.6355,9452,548,0.9452,3097
configs/exp4/lirs_arc_2q.cfg,experiments/data/phases24_c24_seed45.in,LIRS ARC 2Q,3,8 8 8,24,10000,5760,4240,0.576,9452,548,0.9452,3692
configs/exp4/lirs_arc_2q_2q.cfg,experiments/data/phases24_c24_seed45.in,LIRS ARC 2Q 2Q,4,6 6 6 6,24,10000,5144,4856,0.5144,9452,548,0.9452,4308
configs/exp4/lirs_arc_2q_arc.cfg,experiments/data/phases24_c24_seed45.in,LIRS ARC 2Q ARC,4,6 6 6 6,24,10000,5054,4946,0.5054,9452,548,0.9452,4398
configs/exp4/lirs_arc_2q_lfu.cfg,experiments/data/phases24_c24_seed45.in,LIRS ARC 2Q LFU,4,6 6 6 6,24,10000,4719,5281,0.4719,9452,548,0.9452,4733
configs/exp4/lirs_arc_2q_lirs.cfg,experiments/data/phases24_c24_seed45.in,LIRS ARC 2Q LIRS,4,6 6 6 6,24,10000,5292,4708,0.5292,9452,548,0.9452,4160
configs/exp4/lirs_arc_2q_lru.cfg,experiments/data/phases24_c24_seed45.in,LIRS ARC 2Q LRU,4,6 6 6 6,24,10000,4928,5072,0.4928,9452,548,0.9452,4524
configs/exp4/lirs_arc_arc.cfg,experiments/data/phases24_c24_seed45.in,LIRS ARC ARC,3,8 8 8,24,10000,5341,4659,0.5341,9452,548,0.9452,4111
configs/exp4/lirs_arc_arc_2q.cfg,experiments/data/phases24_c24_seed45.in,LIRS ARC ARC 2Q,4,6 6 6 6,24,10000,4940,5060,0.494,9452,548,0.9452,4512
configs/exp4/lirs_arc_arc_arc.cfg,experiments/data/phases24_c24_seed45.in,LIRS ARC ARC ARC,4,6 6 6 6,24,10000,4503,5497,0.4503,9452,548,0.9452,4949
configs/exp4/lirs_arc_arc_lfu.cfg,experiments/data/phases24_c24_seed45.in,LIRS ARC ARC LFU,4,6 6 6 6,24,10000,4386,5614,0.4386,9452,548,0.9452,5066
configs/exp4/lirs_arc_arc_lirs.cfg,experiments/data/phases24_c24_seed45.in,LIRS ARC ARC LIRS,4,6 6 6 6,24,10000,4825,5175,0.4825,9452,548,0.9452,4627
configs/exp4/lirs_arc_arc_lru.cfg,experiments/data/phases24_c24_seed45.in,LIRS ARC ARC LRU,4,6 6 6 6,24,10000,4421,5579,0.4421,9452,548,0.9452,5031
configs/exp4/lirs_arc_lfu.cfg,experiments/data/phases24_c24_seed45.in,LIRS ARC LFU,3,8 8 8,24,10000,5038,4962,0.5038,9452,548,0.9452,4414
configs/exp4/lirs_arc_lfu_2q.cfg,experiments/data/phases24_c24_seed45.in,LIRS ARC LFU 2Q,4,6 6 6 6,24,10000,4784,5216,0.4784,9452,548,0.9452,4668
configs/exp4/lirs_arc_lfu_arc.cfg,experiments/data/phases24_c24_seed45.in,LIRS ARC LFU ARC,4,6 6 6 6,24,10000,4415,5585,0.4415,9452,548,0.9452,5037
configs/exp4/lirs_arc_lfu_lfu.cfg,experiments/data/phases24_c24_seed45.in,LIRS ARC LFU LFU,4,6 6 6 6,24,10000,4126,5874,0.4126,9452,548,0.9452,5326
configs/exp4/lirs_arc_lfu_lirs.cfg,experiments/data/phases24_c24_seed45.in,LIRS ARC LFU LIRS,4,6 6 6 6,24,10000,4585,5415,0.4585,9452,548,0.9452,4867
configs/exp4/lirs_arc_lfu_lru.cfg,experiments/data/phases24_c24_seed45.in,LIRS ARC LFU LRU,4,6 6 6 6,24,10000,4167,5833,0.4167,9452,548,0.9452,5285
configs/exp4/lirs_arc_lirs.cfg,experiments/data/phases24_c24_seed45.in,LIRS ARC LIRS,3,8 8 8,24,10000,5722,4278,0.5722,9452,548,0.9452,3730
configs/exp4/lirs_arc_lirs_2q.cfg,experiments/data/phases24_c24_seed45.in,LIRS ARC LIRS 2Q,4,6 6 6 6,24,10000,5173,4827,0.5173,9452,548,0.9452,4279
configs/exp4/lirs_arc_lirs_arc.cfg,experiments/data/phases24_c24_seed45.in,LIRS ARC LIRS ARC,4,6 6 6 6,24,10000,4729,5271,0.4729,9452,548,0.9452,4723
configs/exp4/lirs_arc_lirs_lfu.cfg,experiments/data/phases24_c24_seed45.in,LIRS ARC LIRS LFU,4,6 6 6 6,24,10000,4523,5477,0.4523,9452,548,0.9452,4929
configs/exp4/lirs_arc_lirs_lirs.cfg,experiments/data/phases24_c24_seed45.in,LIRS ARC LIRS LIRS,4,6 6 6 6,24,10000,4562,5438,0.4562,9452,548,0.9452,4890
configs/exp4/lirs_arc_lirs_lru.cfg,experiments/data/phases24_c24_seed45.in,LIRS ARC LIRS LRU,4,6 6 6 6,24,10000,4630,5370,0.463,9452,548,0.9452,4822
configs/exp4/lirs_arc_lru.cfg,experiments/data/phases24_c24_seed45.in,LIRS ARC LRU,3,8 8 8,24,10000,5045,4955,0.5045,9452,548,0.9452,4407
configs/exp4/lirs_arc_lru_2q.cfg,experiments/data/phases24_c24_seed45.in,LIRS ARC LRU 2Q,4,6 6 6 6,24,10000,4176,5824,0.4176,9452,548,0.9452,5276
configs/exp4/lirs_arc_lru_arc.cfg,experiments/data/phases24_c24_seed45.in,LIRS ARC LRU ARC,4,6 6 6 6,24,10000,4562,5438,0.4562,9452,548,0.9452,4890
configs/exp4/lirs_arc_lru_lfu.cfg,experiments/data/phases24_c24_seed45.in,LIRS ARC LRU LFU,4,6 6 6 6,24,10000,3972,6028,0.3972,9452,548,0.9452,5480
configs/exp4/lirs_arc_lru_lirs.cfg,experiments/data/phases24_c24_seed45.in,LIRS ARC LRU LIRS,4,6 6 6 6,24,10000,4594,5406,0.4594,9452,548,0.9452,4858
configs/exp4/lirs_arc_lru_lru.cfg,experiments/data/phases24_c24_seed45.in,LIRS ARC LRU LRU,4,6 6 6 6,24,10000,3874,6126,0.3874,9452,548,0.9452,5578
configs/exp4/lirs_lfu.cfg,experiments/data/phases24_c24_seed45.in,LIRS LFU,2,12 12,24,10000,5242,4758,0.5242,9452,548,0.9452,4210
configs/exp4/lirs_lfu_2q.cfg,experiments/data/phases24_c24_seed45.in,LIRS LFU 2Q,3,8 8 8,24,10000,4745,5255,0.4745,9452,548,0.9452,4707
configs/exp4/lirs_lfu_2q_2q.cfg,experiments/data/phases24_c24_seed45.in,LIRS LFU 2Q 2Q,4,6 6 6 6,24,10000,4253,5747,0.4253,9452,548,0.9452,5199
configs/exp4/lirs_lfu_2q_arc.cfg,experiments/data/phases24_c24_seed45.in,LIRS LFU 2Q ARC,4,6 6 6 6,24,10000,4972,5028,0.4972,9452,548,0.9452,4480
configs/exp4/lirs_lfu_2q_lfu.cfg,experiments/data/phases24_c24_seed45.in,LIRS LFU 2Q LFU,4,6 6 6 6,24,10000,4015,5985,0.4015,9452,548,0.9452,5437
configs/exp4/lirs_lfu_2q_lirs.cfg,experiments/data/phases24_c24_seed45.in,LIRS LFU 2Q LIRS,4,6 6 6 6,24,10000,4355,5645,0.4355,9452,548,0.9452,5097
configs/exp4/lirs_lfu_2q_lru.cfg,experiments/data/phases24_c24_seed45.in,LIRS LFU 2Q LRU,4,6 6 6 6,24,10000,4902,5098,0.4902,9452,548,0.9452,4550
configs/exp4/lirs_lfu_arc.cfg,experiments/data/phases24_c24_seed45.in,LIRS LFU ARC,3,8 8 8,24,10000,5166,4834,0.5166,9452,548,0.9452,4286
configs/exp4/lirs_lfu_arc_2q.cfg,experiments/data/phases24_c24_seed45.in,LIRS LFU ARC 2Q,4,6 6 6 6,24,10000,4930,5070,0.493,9452,548,0.9452,4522
configs/exp4/lirs_lfu_arc_arc.cfg,experiments/data/phases24_c24_seed45.in,LIRS LFU ARC ARC,4,6 6 6 6,24,10000,4506,5494,0.4506,9452,548,0.9452,4946
configs/exp4/lirs_lfu_arc_lfu.cfg,experiments/data/phases24_c24_seed45.in,LIRS LFU ARC LFU,4,6 6 6 6,24,10000,4209,5791,0.4209,9452,548,0.9452,5243
configs/exp4/lirs_lfu_arc_lirs.cfg,experiments/data/phases24_c24_seed45.in,LIRS LFU ARC LIRS,4,6 6 6 6,24,10000,4704,5296,0.4704,9452,548,0.9452,4748
configs/exp4/lirs_lfu_arc_lru.cfg,experiments/data/phases24_c24_seed45.in,LIRS LFU ARC LRU,4,6 6 6 6,24,10000,4257,5743,0.4257,9452,548,0.9452,5195
configs/exp4/lirs_lfu_lfu.cfg,experiments/data/phases24_c24_seed45.in,LIRS LFU LFU,3,8 8 8,24,10000,4053,5947,0.4053,9452,548,0.9452,5399
configs/exp4/lirs_lfu_lfu_2q.cfg,experiments/data/phases24_c24_seed45.in,LIRS LFU LFU 2Q,4,6 6 6 6,24,10000,4094,5906,0.4094,9452,548,0.9452,5358
configs/exp4/lirs_lfu_lfu_arc.cfg,experiments/data/phases24_c24_seed45.in,LIRS LFU LFU ARC,4,6 6 6 6,24,10000,4270,5730,0.427,9452,548,0.9452,5182
configs/exp4/lirs_lfu_lfu_lfu.cfg,experiments/data/phases24_c24_seed45.in,LIRS LFU LFU LFU,4,6 6 6 6,24,10000,3452,6548,0.3452,9452,548,0.9452,6000
configs/exp4/lirs_lfu_lfu_lirs.cfg,experiments/data/phases24_c24_seed45.in,LIRS LFU LFU LIRS,4,6 6 6 6,24,10000,3753,6247,0.3753,9452,548,0.9452,5699
configs/exp4/lirs_lfu_lfu_lru.cfg,experiments/data/phases24_c24_seed45.in,LIRS LFU LFU LRU,4,6 6 6 6,24,10000,4269,5731,0.4269,9452,548,0.9452,5183
configs/exp4/lirs_lfu_lirs.cfg,experiments/data/phases24_c24_seed45.in,LIRS LFU LIRS,3,8 8 8,24,10000,4498,5502,0.4498,9452,548,0.9452,4954
configs/exp4/lirs_lfu_lirs_2q.cfg,experiments/data/phases24_c24_seed45.in,LIRS LFU LIRS 2Q,4,6 6 6 6,24,10000,4187,5813,0.4187,9452,548,0.9452,5265
configs/exp4/lirs_lfu_lirs_arc.cfg,experiments/data/phases24_c24_seed45.in,LIRS LFU LIRS ARC,4,6 6 6 6,24,10000,4462,5538,0.4462,9452,548,0.9452,4990
configs/exp4/lirs_lfu_lirs_lfu.cfg,experiments/data/phases24_c24_seed45.in,LIRS LFU LIRS LFU,4,6 6 6 6,24,10000,3636,6364,0.3636,9452,548,0.9452,5816
configs/exp4/lirs_lfu_lirs_lirs.cfg,experiments/data/phases24_c24_seed45.in,LIRS LFU LIRS LIRS,4,6 6 6 6,24,10000,3554,6446,0.3554,9452,548,0.9452,5898
configs/exp4/lirs_lfu_lirs_lru.cfg,experiments/data/phases24_c24_seed45.in,LIRS LFU LIRS LRU,4,6 6 6 6,24,10000,4417,5583,0.4417,9452,548,0.9452,5035
configs/exp4/lirs_lfu_lru.cfg,experiments/data/phases24_c24_seed45.in,LIRS LFU LRU,3,8 8 8,24,10000,5120,4880,0.512,9452,548,0.9452,4332
configs/exp4/lirs_lfu_lru_2q.cfg,experiments/data/phases24_c24_seed45.in,LIRS LFU LRU 2Q,4,6 6 6 6,24,10000,4199,5801,0.4199,9452,548,0.9452,5253
configs/exp4/lirs_lfu_lru_arc.cfg,experiments/data/phases24_c24_seed45.in,LIRS LFU LRU ARC,4,6 6 6 6,24,10000,4534,5466,0.4534,9452,548,0.9452,4918
configs/exp4/lirs_lfu_lru_lfu.cfg,experiments/data/phases24_c24_seed45.in,LIRS LFU LRU LFU,4,6 6 6 6,24,10000,4053,5947,0.4053,9452,548,0.9452,5399
configs/exp4/lirs_lfu_lru_lirs.cfg,experiments/data/phases24_c24_seed45.in,LIRS LFU LRU LIRS,4,6 6 6 6,24,10000,4686,5314,0.4686,9452,548,0.9452,4766
configs/exp4/lirs_lfu_lru_lru.cfg,experiments/data/phases24_c24_seed45.in,LIRS LFU LRU LRU,4,6 6 6 6,24,10000,4050,5950,0.405,9452,548,0.9452,5402
configs/exp4/lirs_lirs_2q.cfg,experiments/data/phases24_c24_seed45.in,LIRS LIRS 2Q,3,8 8 8,24,10000,4788,5212,0.4788,9452,548,0.9452,4664
configs/exp4/lirs_lirs_2q_2q.cfg,experiments/data/phases24_c24_seed45.in,LIRS LIRS 2Q 2Q,4,6 6 6 6,24,10000,4231,5769,0.4231,9452,548,0.9452,5221
configs/exp4/lirs_lirs_2q_arc.cfg,experiments/data/phases24_c24_seed45.in,LIRS LIRS 2Q ARC,4,6 6 6 6,24,10000,4935,5065,0.4935,9452,548,0.9452,4517
configs/exp4/lirs_lirs_2q_lfu.cfg,experiments/data/phases24_c24_seed45.in,LIRS LIRS 2Q LFU,4,6 6 6 6,24,10000,4059,5941,0.4059,9452,548,0.9452,5393
configs/exp4/lirs_lirs_2q_lirs.cfg,experiments/data/phases24_c24_seed45.in,LIRS LIRS 2Q LIRS,4,6 6 6 6,24,10000,4087,5913,0.4087,9452,548,0.9452,5365
configs/exp4/lirs_lirs_2q_lru.cfg,experiments/data/phases24_c24_seed45.in,LIRS LIRS 2Q LRU,4,6 6 6 6,24,10000,4854,5146,0.4854,9452,548,0.9452,4598
configs/exp4/lirs_lirs_arc.cfg,experiments/data/phases24_c24_seed45.in,LIRS LIRS ARC,3,8 8 8,24,10000,5465,4535,0.5465,9452,548,0.9452,3987
configs/exp4/lirs_lirs_arc_2q.cfg,experiments/data/phases24_c24_seed45.in,LIRS LIRS ARC 2Q,4,6 6 6 6,24,10000,4970,5030,0.497,9452,548,0.9452,4482
configs/exp4/lirs_lirs_arc_arc.cfg,experiments/data/phases24_c24_seed45.in,LIRS LIRS ARC ARC,4,6 6 6 6,24,10000,4523,5477,0.4523,9452,548,0.9452,4929
configs/exp4/lirs_lirs_arc_lfu.cfg,experiments/data/phases24_c24_seed45.in,LIRS LIRS ARC LFU,4,6 6 6 6,24,10000,4243,5757,0.4243,9452,548,0.9452,5209
configs/exp4/lirs_lirs_arc_lirs.cfg,experiments/data/phases24_c24_seed45.in,LIRS LIRS ARC LIRS,4,6 6 6 6,24,10000,4583,5417,0.4583,9452,548,0.9452,4869
configs/exp4/lirs_lirs_arc_lru.cfg,experiments/data/phases24_c24_seed45.in,LIRS LIRS ARC LRU,4,6 6 6 6,24,10000,4277,5723,0.4277,9452,548,0.9452,5175
configs/exp4/lirs_lirs_lfu.cfg,experiments/data/phases24_c24_seed45.in,LIRS LIRS LFU,3,8 8 8,24,10000,4327,5673,0.4327,9452,548,0.9452,5125
configs/exp4/lirs_lirs_lfu_2q.cfg,experiments/data/phases24_c24_seed45.in,LIRS LIRS LFU 2Q,4,6 6 6 6,24,10000,4133,5867,0.4133,9452,548,0.9452,5319
configs/exp4/lirs_lirs_lfu_arc.cfg,experiments/data/phases24_c24_seed45.in,LIRS LIRS LFU ARC,4,6 6 6 6,24,10000,4370,5630,0.437,9452,548,0.9452,5082
configs/exp4/lirs_lirs_lfu_lfu.cfg,experiments/data/phases24_c24_seed45.in,LIRS LIRS LFU LFU,4,6 6 6 6,24,10000,3578,6422,0.3578,9452,548,0.9452,5874
configs/exp4/lirs_lirs_lfu_lirs.cfg,experiments/data/phases24_c24_seed45.in,LIRS LIRS LFU LIRS,4,6 6 6 6,24,10000,3517,6483,0.3517,9452,548,0.9452,5935
configs/exp4/lirs_lirs_lfu_lru.cfg,experiments/data/phases24_c24_seed45.in,LIRS LIRS LFU LRU,4,6 6 6 6,24,10000,4344,5656,0.4344,9452,548,0.9452,5108
configs/exp4/lirs_lirs_lirs_2q.cfg,experiments/data/phases24_c24_seed45.in,LIRS LIRS LIRS 2Q,4,6 6 6 6,24,10000,3896,6104,0.3896,9452,548,0.9452,5556
configs/exp4/lirs_lirs_lirs_arc.cfg,experiments/data/phases24_c24_seed45.in,LIRS LIRS LIRS ARC,4,6 6 6 6,24,10000,4149,5851,0.4149,9452,548,0.9452,5303
configs/exp4/lirs_lirs_lirs_lfu.cfg,experiments/data/phases24_c24_seed45.in,LIRS LIRS LIRS LFU,4,6 6 6 6,24,10000,3416,6584,0.3416,9452,548,0.9452,6036
configs/exp4/lirs_lirs_lirs_lru.cfg,experiments/data/phases24_c24_seed45.in,LIRS LIRS LIRS LRU,4,6 6 6 6,24,10000,4145,5855,0.4145,9452,548,0.9452,5307
configs/exp4/lirs_lirs_lru.cfg,experiments/data/phases24_c24_seed45.in,LIRS LIRS LRU,3,8 8 8,24,10000,5281,4719,0.5281,9452,548,0.9452,4171
configs/exp4/lirs_lirs_lru_2q.cfg,experiments/data/phases24_c24_seed45.in,LIRS LIRS LRU 2Q,4,6 6 6 6,24,10000,4339,5661,0.4339,9452,548,0.9452,5113
configs/exp4/lirs_lirs_lru_arc.cfg,experiments/data/phases24_c24_seed45.in,LIRS LIRS LRU ARC,4,6 6 6 6,24,10000,4578,5422,0.4578,9452,548,0.9452,4874
configs/exp4/lirs_lirs_lru_lfu.cfg,experiments/data/phases24_c24_seed45.in,LIRS LIRS LRU LFU,4,6 6 6 6,24,10000,4165,5835,0.4165,9452,548,0.9452,5287
configs/exp4/lirs_lirs_lru_lirs.cfg,experiments/data/phases24_c24_seed45.in,LIRS LIRS LRU LIRS,4,6 6 6 6,24,10000,4572,5428,0.4572,9452,548,0.9452,4880
configs/exp4/lirs_lirs_lru_lru.cfg,experiments/data/phases24_c24_seed45.in,LIRS LIRS LRU LRU,4,6 6 6 6,24,10000,4093,5907,0.4093,9452,548,0.9452,5359
configs/exp4/lirs_lru.cfg,experiments/data/phases24_c24_seed45.in,LIRS LRU,2,12 12,24,10000,6445,3555,0.6445,9452,548,0.9452,3007
configs/exp4/lirs_lru_2q.cfg,experiments/data/phases24_c24_seed45.in,LIRS LRU 2Q,3,8 8 8,24,10000,5323,4677,0.5323,9452,548,0.9452,4129
configs/exp4/lirs_lru_2q_2q.cfg,experiments/data/phases24_c24_seed45.in,LIRS LRU 2Q 2Q,4,6 6 6 6,24,10000,4353,5647,0.4353,9452,548,0.9452,5099
configs/exp4/lirs_lru_2q_arc.cfg,experiments/data/phases24_c24_seed45.in,LIRS LRU 2Q ARC,4,6 6 6 6,24,10000,4665,5335,0.4665,9452,548,0.9452,4787
configs/exp4/lirs_lru_2q_lfu.cfg,experiments/data/phases24_c24_seed45.in,LIRS LRU 2Q LFU,4,6 6 6 6,24,10000,4212,5788,0.4212,9452,548,0.9452,5240
configs/exp4/lirs_lru_2q_lirs.cfg,experiments/data/phases24_c24_seed45.in,LIRS LRU 2Q LIRS,4,6 6 6 6,24,10000,4844,5156,0.4844,9452,548,0.9452,4608
configs/exp4/lirs_lru_2q_lru.cfg,experiments/data/phases24_c24_seed45.in,LIRS LRU 2Q LRU,4,6 6 6 6,24,10000,4285,5715,0.4285,9452,548,0.9452,5167
configs/exp4/lirs_lru_arc.cfg,experiments/data/phases24_c24_seed45.in,LIRS LRU ARC,3,8 8 8,24,10000,5250,4750,0.525,9452,548,0.9452,4202
configs/exp4/lirs_lru_arc_2q.cfg,experiments/data/phases24_c24_seed45.in,LIRS LRU ARC 2Q,4,6 6 6 6,24,10000,4815,5185,0.4815,9452,548,0.9452,4637
configs/exp4/lirs_lru_arc_arc.cfg,experiments/data/phases24_c24_seed45.in,LIRS LRU ARC ARC,4,6 6 6 6,24,10000,4558,5442,0.4558,9452,548,0.9452,4894
configs/exp4/lirs_lru_arc_lfu.cfg,experiments/data/phases24_c24_seed45.in,LIRS LRU ARC LFU,4,6 6 6 6,24,10000,4383,5617,0.4383,9452,548,0.9452,5069
configs/exp4/lirs_lru_arc_lirs.cfg,experiments/data/phases24_c24_seed45.in,LIRS LRU ARC LIRS,4,6 6 6 6,24,10000,4890,5110,0.489,9452,548,0.9452,4562
configs/exp4/lirs_lru_arc_lru.cfg,experiments/data/phases24_c24_seed45.in,LIRS LRU ARC LRU,4,6 6 6 6,24,10000,4390,5610,0.439,9452,548,0.9452,5062
configs/exp4/lirs_lru_lfu.cfg,experiments/data/phases24_c24_seed45.in,LIRS LRU LFU,3,8 8 8,24,10000,4800,5200,0.48,9452,548,0.9452,4652
configs/exp4/lirs_lru_lfu_2q.cfg,experiments/data/phases24_c24_seed45.in,LIRS LRU LFU 2Q,4,6 6 6 6,24,10000,4237,5763,0.4237,9452,548,0.9452,5215
configs/exp4/lirs_lru_lfu_arc.cfg,experiments/data/phases24_c24_seed45.in,LIRS LRU LFU ARC,4,6 6 6 6,24,10000,4339,5661,0.4339,9452,548,0.9452,5113
configs/exp4/lirs_lru_lfu_lfu.cfg,experiments/data/phases24_c24_seed45.in,LIRS LRU LFU LFU,4,6 6 6 6,24,10000,3900,6100,0.39,9452,548,0.9452,5552
configs/exp4/lirs_lru_lfu_lirs.cfg,experiments/data/phases24_c24_seed45.in,LIRS LRU LFU LIRS,4,6 6 6 6,24,10000,4480,5520,0.448,9452,548,0.9452,4972
configs/exp4/lirs_lru_lfu_lru.cfg,experiments/data/phases24_c24_seed45.in,LIRS LRU LFU LRU,4,6 6 6 6,24,10000,3860,6140,0.386,9452,548,0.9452,5592
configs/exp4/lirs_lru_lirs.cfg,experiments/data/phases24_c24_seed45.in,LIRS LRU LIRS,3,8 8 8,24,10000,5639,4361,0.5639,9452,548,0.9452,3813
configs/exp4/lirs_lru_lirs_2q.cfg,experiments/data/phases24_c24_seed45.in,LIRS LRU LIRS 2Q,4,6 6 6 6,24,10000,5011,4989,0.5011,9452,548,0.9452,4441
configs/exp4/lirs_lru_lirs_arc.cfg,experiments/data/phases24_c24_seed45.in,LIRS LRU LIRS ARC,4,6 6 6 6,24,10000,4757,5243,0.4757,9452,548,0.9452,4695
configs/exp4/lirs_lru_lirs_lfu.cfg,experiments/data/phases24_c24_seed45.in,LIRS LRU LIRS LFU,4,6 6 6 6,24,10000,4447,5553,0.4447,9452,548,0.9452,5005
configs/exp4/lirs_lru_lirs_lirs.cfg,experiments/data/phases24_c24_seed45.in,LIRS LRU LIRS LIRS,4,6 6 6 6,24,10000,4567,5433,0.4567,9452,548,0.9452,4885
configs/exp4/lirs_lru_lirs_lru.cfg,experiments/data/phases24_c24_seed45.in,LIRS LRU LIRS LRU,4,6 6 6 6,24,10000,4520,5480,0.452,9452,548,0.9452,4932
configs/exp4/lirs_lru_lru.cfg,experiments/data/phases24_c24_seed45.in,LIRS LRU LRU,3,8 8 8,24,10000,4810,5190,0.481,9452,548,0.9452,4642
configs/exp4/lirs_lru_lru_2q.cfg,experiments/data/phases24_c24_seed45.in,LIRS LRU LRU 2Q,4,6 6 6 6,24,10000,3962,6038,0.3962,9452,548,0.9452,5490
configs/exp4/lirs_lru_lru_arc.cfg,experiments/data/phases24_c24_seed45.in,LIRS LRU LRU ARC,4,6 6 6 6,24,10000,4320,5680,0.432,9452,548,0.9452,5132
configs/exp4/lirs_lru_lru_lfu.cfg,experiments/data/phases24_c24_seed45.in,LIRS LRU LRU LFU,4,6 6 6 6,24,10000,3834,6166,0.3834,9452,548,0.9452,5618
configs/exp4/lirs_lru_lru_lirs.cfg,experiments/data/phases24_c24_seed45.in,LIRS LRU LRU LIRS,4,6 6 6 6,24,10000,4403,5597,0.4403,9452,548,0.9452,5049
configs/exp4/lirs_lru_lru_lru.cfg,experiments/data/phases24_c24_seed45.in,LIRS LRU LRU LRU,4,6 6 6 6,24,10000,3664,6336,0.3664,9452,548,0.9452,5788
configs/exp4/lru_2q.cfg,experiments/data/phases24_c24_seed45.in,LRU 2Q,2,12 12,24,10000,5986,4014,0.5986,9452,548,0.9452,3466
configs/exp4/lru_2q_2q.cfg,experiments/data/phases24_c24_seed45.in,LRU 2Q 2Q,3,8 8 8,24,10000,5295,4705,0.5295,9452,548,0.9452,4157
configs/exp4/lru_2q_2q_2q.cfg,experiments/data/phases24_c24_seed45.in,LRU 2Q 2Q 2Q,4,6 6 6 6,24,10000,3685,6315,0.3685,9452,548,0.9452,5767
configs/exp4/lru_2q_2q_arc.cfg,experiments/data/phases24_c24_seed45.in,LRU 2Q 2Q ARC,4,6 6 6 6,24,10000,4203,5797,0.4203,9452,548,0.9452,5249
configs/exp4/lru_2q_2q_lfu.cfg,experiments/data/phases24_c24_seed45.in,LRU 2Q 2Q LFU,4,6 6 6 6,24,10000,3481,6519,0.3481,9452,548,0.9452,5971
configs/exp4/lru_2q_2q_lirs.cfg,experiments/data/phases24_c24_seed45.in,LRU 2Q 2Q LIRS,4,6 6 6 6,24,10000,4577,5423,0.4577,9452,548,0.9452,4875
configs/exp4/lru_2q_2q_lru.cfg,experiments/data/phases24_c24_seed45.in,LRU 2Q 2Q LRU,4,6 6 6 6,24,10000,3811,6189,0.3811,9452,548,0.9452,5641
configs/exp4/lru_2q_arc.cfg,experiments/data/phases24_c24_seed45.in,LRU 2Q ARC,3,8 8 8,24,10000,5320,4680,0.532,9452,548,0.9452,4132
configs/exp4/lru_2q_arc_2q.cfg,experiments/data/phases24_c24_seed45.in,LRU 2Q ARC 2Q,4,6 6 6 6,24,10000,4538,5462,0.4538,9452,548,0.9452,4914
configs/exp4/lru_2q_arc_arc.cfg,experiments/data/phases24_c24_seed45.in,LRU 2Q ARC ARC,4,6 6 6 6,24,10000,4260,5740,0.426,9452,548,0.9452,5192
configs/exp4/lru_2q_arc_lfu.cfg,experiments/data/phases24_c24_seed45.in,LRU 2Q ARC LFU,4,6 6 6 6,24,10000,4001,5999,0.4001,9452,548,0.9452,5451
configs/exp4/lru_2q_arc_lirs.cfg,experiments/data/phases24_c24_seed45.in,LRU 2Q ARC LIRS,4,6 6 6 6,24,10000,4728,5272,0.4728,9452,548,0.9452,4724
configs/exp4/lru_2q_arc_lru.cfg,experiments/data/phases24_c24_seed45.in,LRU 2Q ARC LRU,4,6 6 6 6,24,10000,4102,5898,0.4102,9452,548,0.9452,5350
configs/exp4/lru_2q_lfu.cfg,experiments/data/phases24_c24_seed45.in,LRU 2Q LFU,3,8 8 8,24,10000,4700,5300,0.47,9452,548,0.9452,4752
configs/exp4/lru_2q_lfu_2q.cfg,experiments/data/phases24_c24_seed45.in,LRU 2Q LFU 2Q,4,6 6 6 6,24,10000,3673,6327,0.3673,9452,548,0.9452,5779
configs/exp4/lru_2q_lfu_arc.cfg,experiments/data/phases24_c24_seed45.in,LRU 2Q LFU ARC,4,6 6 6 6,24,10000,3956,6044,0.3956,9452,548,0.9452,5496
configs/exp4/lru_2q_lfu_lfu.cfg,experiments/data/phases24_c24_seed45.in,LRU 2Q LFU LFU,4,6 6 6 6,24,10000,3396,6604,0.3396,9452,548,0.9452,6056
configs/exp4/lru_2q_lfu_lirs.cfg,experiments/data/phases24_c24_seed45.in,LRU 2Q LFU LIRS,4,6 6 6 6,24,10000,4386,5614,0.4386,9452,548,0.9452,5066
configs/exp4/lru_2q_lfu_lru.cfg,experiments/data/phases24_c24_seed45.in,LRU 2Q LFU LRU,4,6 6 6 6,24,10000,3553,6447,0.3553,9452,548,0.9452,5899
configs/exp4/lru_2q_lirs.cfg,experiments/data/phases24_c24_seed45.in,LRU 2Q LIRS,3,8 8 8,24,10000,5842,4158,0.5842,9452,548,0.9452,3610
configs/exp4/lru_2q_lirs_2q.cfg,experiments/data/phases24_c24_seed45.in,LRU 2Q LIRS 2Q,4,6 6 6 6,24,10000,5018,4982,0.5018,9452,548,0.9452,4434
configs/exp4/lru_2q_lirs_arc.cfg,experiments/data/phases24_c24_seed45.in,LRU 2Q LIRS ARC,4,6 6 6 6,24,10000,4753,5247,0.4753,9452,548,0.9452,4699
configs/exp4/lru_2q_lirs_lfu.cfg,experiments/data/phases24_c24_seed45.in,LRU 2Q LIRS LFU,4,6 6 6 6,24,10000,4359,5641,0.4359,9452,548,0.9452,5093
configs/exp4/lru_2q_lirs_lirs.cfg,experiments/data/phases24_c24_seed45.in,LRU 2Q LIRS LIRS,4,6 6 6 6,24,10000,4653,5347,0.4653,9452,548,0.9452,4799
configs/exp4/lru_2q_lirs_lru.cfg,experiments/data/phases24_c24_seed45.in,LRU 2Q LIRS LRU,4,6 6 6 6,24,10000,4633,5367,0.4633,9452,548,0.9452,4819
configs/exp4/lru_2q_lru.cfg,experiments/data/phases24_c24_seed45.in,LRU 2Q LRU,3,8 8 8,24,10000,5124,4876,0.5124,9452,548,0.9452,4328
configs/exp4/lru_2q_lru_2q.cfg,experiments/data/phases24_c24_seed45.in,LRU 2Q LRU 2Q,4,6 6 6 6,24,10000,3638,6362,0.3638,9452,548,0.9452,5814
configs/exp4/lru_2q_lru_arc.cfg,experiments/data/phases24_c24_seed45.in,LRU 2Q LRU ARC,4,6 6 6 6,24,10000,4137,5863,0.4137,9452,548,0.9452,5315
configs/exp4/lru_2q_lru_lfu.cfg,experiments/data/phases24_c24_seed45.in,LRU 2Q LRU LFU,4,6 6 6 6,24,10000,3436,6564,0.3436,9452,548,0.9452,6016
configs/exp4/lru_2q_lru_lirs.cfg,experiments/data/phases24_c24_seed45.in,LRU 2Q LRU LIRS,4,6 6 6 6,24,10000,4457,5543,0.4457,9452,548,0.9452,4995
configs/exp4/lru_2q_lru_lru.cfg,experiments/data/phases24_c24_seed45.in,LRU 2Q LRU LRU,4,6 6 6 6,24,10000,3397,6603,0.3397,9452,548,0.9452,6055
configs/exp4/lru_arc.cfg,experiments/data/phases24_c24_seed45.in,LRU ARC,2,12 12,24,10000,5580,4420,0.558,9452,548,0.9452,3872
configs/exp4/lru_arc_2q.cfg,experiments/data/phases24_c24_seed45.in,LRU ARC 2Q,3,8 8 8,24,10000,4993,5007,0.4993,9452,548,0.9452,4459
configs/exp4/lru_arc_2q_2q.cfg,experiments/data/phases24_c24_seed45.in,LRU ARC 2Q 2Q,4,6 6 6 6,24,10000,4427,5573,0.4427,9452,548,0.9452,5025
configs/exp4/lru_arc_2q_arc.cfg,experiments/data/phases24_c24_seed45.in,LRU ARC 2Q ARC,4,6 6 6 6,24,10000,4527,5473,0.4527,9452,548,0.9452,4925
configs/exp4/lru_arc_2q_lfu.cfg,experiments/data/phases24_c24_seed45.in,LRU ARC 2Q LFU,4,6 6 6 6,24,10000,4131,5869,0.4131,9452,548,0.9452,5321
configs/exp4/lru_arc_2q_lirs.cfg,experiments/data/phases24_c24_seed45.in,LRU ARC 2Q LIRS,4,6 6 6 6,24,10000,4950,5050,0.495,9452,548,0.9452,4502
configs/exp4/lru_arc_2q_lru.cfg,experiments/data/phases24_c24_seed45.in,LRU ARC 2Q LRU,4,6 6 6 6,24,10000,4379,5621,0.4379,9452,548,0.9452,5073
configs/exp4/lru_arc_arc.cfg,experiments/data/phases24_c24_seed45.in,LRU ARC ARC,3,8 8 8,24,10000,4367,5633,0.4367,9452,548,0.9452,5085
configs/exp4/lru_arc_arc_2q.cfg,experiments/data/phases24_c24_seed45.in,LRU ARC ARC 2Q,4,6 6 6 6,24,10000,4436,5564,0.4436,9452,548,0.9452,5016
configs/exp4/lru_arc_arc_arc.cfg,experiments/data/phases24_c24_seed45.in,LRU ARC ARC ARC,4,6 6 6 6,24,10000,3936,6064,0.3936,9452,548,0.9452,5516
configs/exp4/lru_arc_arc_lfu.cfg,experiments/data/phases24_c24_seed45.in,LRU ARC ARC LFU,4,6 6 6 6,24,10000,3790,6210,0.379,9452,548,0.9452,5662
configs/exp4/lru_arc_arc_lirs.cfg,experiments/data/phases24_c24_seed45.in,LRU ARC ARC LIRS,4,6 6 6 6,24,10000,4442,5558,0.4442,9452,548,0.9452,5010
configs/exp4/lru_arc_arc_lru.cfg,experiments/data/phases24_c24_seed45.in,LRU ARC ARC LRU,4,6 6 6 6,24,10000,3847,6153,0.3847,9452,548,0.9452,5605
configs/exp4/lru_arc_lfu.cfg,experiments/data/phases24_c24_seed45.in,LRU ARC LFU,3,8 8 8,24,10000,4192,5808,0.4192,9452,548,0.9452,5260
configs/exp4/lru_arc_lfu_2q.cfg,experiments/data/phases24_c24_seed45.in,LRU ARC LFU 2Q,4,6 6 6 6,24,10000,4253,5747,0.4253,9452,548,0.9452,5199
configs/exp4/lru_arc_lfu_arc.cfg,experiments/data/phases24_c24_seed45.in,LRU ARC LFU ARC,4,6 6 6 6,24,10000,3815,6185,0.3815,9452,548,0.9452,5637
configs/exp4/lru_arc_lfu_lfu.cfg,experiments/data/phases24_c24_seed45.in,LRU ARC LFU LFU,4,6 6 6 6,24,10000,3605,6395,0.3605,9452,548,0.9452,5847
configs/exp4/lru_arc_lfu_lirs.cfg,experiments/data/phases24_c24_seed45.in,LRU ARC LFU LIRS,4,6 6 6 6,24,10000,4320,5680,0.432,9452,548,0.9452,5132
configs/exp4/lru_arc_lfu_lru.cfg,experiments/data/phases24_c24_seed45.in,LRU ARC LFU LRU,4,6 6 6 6,24,10000,3657,6343,0.3657,9452,548,0.9452,5795
configs/exp4/lru_arc_lirs.cfg,experiments/data/phases24_c24_seed45.in,LRU ARC LIRS,3,8 8 8,24,10000,5042,4958,0.5042,9452,548,0.9452,4410
configs/exp4/lru_arc_lirs_2q.cfg,experiments/data/phases24_c24_seed45.in,LRU ARC LIRS 2Q,4,6 6 6 6,24,10000,4949,5051,0.4949,9452,548,0.9452,4503
configs/exp4/lru_arc_lirs_arc.cfg,experiments/data/phases24_c24_seed45.in,LRU ARC LIRS ARC,4,6 6 6 6,24,10000,4518,5482,0.4518,9452,548,0.9452,4934
configs/exp4/lru_arc_lirs_lfu.cfg,experiments/data/phases24_c24_seed45.in,LRU ARC LIRS LFU,4,6 6 6 6,24,10000,4348,5652,0.4348,9452,548,0.9452,5104
configs/exp4/lru_arc_lirs_lirs.cfg,experiments/data/phases24_c24_seed45.in,LRU ARC LIRS LIRS,4,6 6 6 6,24,10000,4429,5571,0.4429,9452,548,0.9452,5023
configs/exp4/lru_arc_lirs_lru.cfg,experiments/data/phases24_c24_seed45.in,LRU ARC LIRS LRU,4,6 6 6 6,24,10000,4449,5551,0.4449,9452,548,0.9452,5003
configs/exp4/lru_arc_lru.cfg,experiments/data/phases24_c24_seed45.in,LRU ARC LRU,3,8 8 8,24,10000,4237,5763,0.4237,9452,548,0.9452,5215
configs/exp4/lru_arc_lru_2q.cfg,experiments/data/phases24_c24_seed45.in,LRU ARC LRU 2Q,4,6 6 6 6,24,10000,3763,6237,0.3763,9452,548,0.9452,5689
configs/exp4/lru_arc_lru_arc.cfg,experiments/data/phases24_c24_seed45.in,LRU ARC LRU ARC,4,6 6 6 6,24,10000,4035,5965,0.4035,9452,548,0.9452,5417
configs/exp4/lru_arc_lru_lfu.cfg,experiments/data/phases24_c24_seed45.in,LRU ARC LRU LFU,4,6 6 6 6,24,10000,3527,6473,0.3527,9452,548,0.9452,5925
configs/exp4/lru_arc_lru_lirs.cfg,experiments/data/phases24_c24_seed45.in,LRU ARC LRU LIRS,4,6 6 6 6,24,10000,4360,5640,0.436,9452,548,0.9452,5092
configs/exp4/lru_arc_lru_lru.cfg,experiments/data/phases24_c24_seed45.in,LRU ARC LRU LRU,4,6 6 6 6,24,10000,3439,6561,0.3439,9452,548,0.9452,6013
configs/exp4/lru_lfu.cfg,experiments/data/phases24_c24_seed45.in,LRU LFU,2,12 12,24,10000,4874,5126,0.4874,9452,548,0.9452,4578
configs/exp4/lru_lfu_2q.cfg,experiments/data/phases24_c24_seed45.in,LRU LFU 2Q,3,8 8 8,24,10000,4705,5295,0.4705,9452,548,0.9452,4747
configs/exp4/lru_lfu_2q_2q.cfg,experiments/data/phases24_c24_seed45.in,LRU LFU 2Q 2Q,4,6 6 6 6,24,10000,3588,6412,0.3588,9452,548,0.9452,5864
configs/exp4/lru_lfu_2q_arc.cfg,experiments/data/phases24_c24_seed45.in,LRU LFU 2Q ARC,4,6 6 6 6,24,10000,4020,5980,0.402,9452,548,0.9452,5432
configs/exp4/lru_lfu_2q_lfu.cfg,experiments/data/phases24_c24_seed45.in,LRU LFU 2Q LFU,4,6 6 6 6,24,10000,3392,6608,0.3392,9452,548,0.9452,6060
configs/exp4/lru_lfu_2q_lirs.cfg,experiments/data/phases24_c24_seed45.in,LRU LFU 2Q LIRS,4,6 6 6 6,24,10000,4422,5578,0.4422,9452,548,0.9452,5030
configs/exp4/lru_lfu_2q_lru.cfg,experiments/data/phases24_c24_seed45.in,LRU LFU 2Q LRU,4,6 6 6 6,24,10000,3603,6397,0.3603,9452,548,0.9452,5849
configs/exp4/lru_lfu_arc.cfg,experiments/data/phases24_c24_seed45.in,LRU LFU ARC,3,8 8 8,24,10000,4175,5825,0.4175,9452,548,0.9452,5277
configs/exp4/lru_lfu_arc_2q.cfg,experiments/data/phases24_c24_seed45.in,LRU LFU ARC 2Q,4,6 6 6 6,24,10000,4169,5831,0.4169,9452,548,0.9452,5283
configs/exp4/lru_lfu_arc_arc.cfg,experiments/data/phases24_c24_seed45.in,LRU LFU ARC ARC,4,6 6 6 6,24,10000,3834,6166,0.3834,9452,548,0.9452,5618
configs/exp4/lru_lfu_arc_lfu.cfg,experiments/data/phases24_c24_seed45.in,LRU LFU ARC LFU,4,6 6 6 6,24,10000,3527,6473,0.3527,9452,548,0.9452,5925
configs/exp4/lru_lfu_arc_lirs.cfg,experiments/data/phases24_c24_seed45.in,LRU LFU ARC LIRS,4,6 6 6 6,24,10000,4310,5690,0.431,9452,548,0.9452,5142
configs/exp4/lru_lfu_arc_lru.cfg,experiments/data/phases24_c24_seed45.in,LRU LFU ARC LRU,4,6 6 6 6,24,10000,3653,6347,0.3653,9452,548,0.9452,5799
configs/exp4/lru_lfu_lfu.cfg,experiments/data/phases24_c24_seed45.in,LRU LFU LFU,3,8 8 8,24,10000,3668,6332,0.3668,9452,548,0.9452,5784
configs/exp4/lru_lfu_lfu_2q.cfg,experiments/data/phases24_c24_seed45.in,LRU LFU LFU 2Q,4,6 6 6 6,24,10000,3437,6563,0.3437,9452,548,0.9452,6015
configs/exp4/lru_lfu_lfu_arc.cfg,experiments/data/phases24_c24_seed45.in,LRU LFU LFU ARC,4,6 6 6 6,24,10000,3523,6477,0.3523,9452,548,0.9452,5929
configs/exp4/lru_lfu_lfu_lfu.cfg,experiments/data/phases24_c24_seed45.in,LRU LFU LFU LFU,4,6 6 6 6,24,10000,2917,7083,0.2917,9452,548,0.9452,6535
configs/exp4/lru_lfu_lfu_lirs.cfg,experiments/data/phases24_c24_seed45.in,LRU LFU LFU LIRS,4,6 6 6 6,24,10000,3912,6088,0.3912,9452,548,0.9452,5540
configs/exp4/lru_lfu_lfu_lru.cfg,experiments/data/phases24_c24_seed45.in,LRU LFU LFU LRU,4,6 6 6 6,24,10000,2969,7031,0.2969,9452,548,0.9452,6483
configs/exp4/lru_lfu_lirs.cfg,experiments/data/phases24_c24_seed45.in,LRU LFU LIRS,3,8 8 8,24,10000,4845,5155,0.4845,9452,548,0.9452,4607
configs/exp4/lru_lfu_lirs_2q.cfg,experiments/data/phases24_c24_seed45.in,LRU LFU LIRS 2Q,4,6 6 6 6,24,10000,4681,5319,0.4681,9452,548,0.9452,4771
configs/exp4/lru_lfu_lirs_arc.cfg,experiments/data/phases24_c24_seed45.in,LRU LFU LIRS ARC,4,6 6 6 6,24,10000,4222,5778,0.4222,9452,548,0.9452,5230
configs/exp4/lru_lfu_lirs_lfu.cfg,experiments/data/phases24_c24_seed45.in,LRU LFU LIRS LFU,4,6 6 6 6,24,10000,3925,6075,0.3925,9452,548,0.9452,5527
configs/exp4/lru_lfu_lirs_lirs.cfg,experiments/data/phases24_c24_seed45.in,LRU LFU LIRS LIRS,4,6 6 6 6,24,10000,4168,5832,0.4168,9452,548,0.9452,5284
configs/exp4/lru_lfu_lirs_lru.cfg,experiments/data/phases24_c24_seed45.in,LRU LFU LIRS LRU,4,6 6 6 6,24,10000,4078,5922,0.4078,9452,548,0.9452,5374
configs/exp4/lru_lfu_lru.cfg,experiments/data/phases24_c24_seed45.in,LRU LFU LRU,3,8 8 8,24,10000,3693,6307,0.3693,9452,548,0.9452,5759
configs/exp4/lru_lfu_lru_2q.cfg,experiments/data/phases24_c24_seed45.in,LRU LFU LRU 2Q,4,6 6 6 6,24,10000,3089,6911,0.3089,9452,548,0.9452,6363
configs/exp4/lru_lfu_lru_arc.cfg,experiments/data/phases24_c24_seed45.in,LRU LFU LRU ARC,4,6 6 6 6,24,10000,3578,6422,0.3578,9452,548,0.9452,5874
configs/exp4/lru_lfu_lru_lfu.cfg,experiments/data/phases24_c24_seed45.in,LRU LFU LRU LFU,4,6 6 6 6,24,10000,2914,7086,0.2914,9452,548,0.9452,6538
configs/exp4/lru_lfu_lru_lirs.cfg,experiments/data/phases24_c24_seed45.in,LRU LFU LRU LIRS,4,6 6 6 6,24,10000,3900,6100,0.39,9452,548,0.9452,5552
configs/exp4/lru_lfu_lru_lru.cfg,experiments/data/phases24_c24_seed45.in,LRU LFU LRU LRU,4,6 6 6 6,24,10000,2790,7210,0.279,9452,548,0.9452,6662
configs/exp4/lru_lirs.cfg,experiments/data/phases24_c24_seed45.in,LRU LIRS,2,12 12,24,10000,6234,3766,0.6234,9452,548,0.9452,3218
configs/exp4/lru_lirs_2q.cfg,experiments/data/phases24_c24_seed45.in,LRU LIRS 2Q,3,8 8 8,24,10000,5408,4592,0.5408,9452,548,0.9452,4044
configs/exp4/lru_lirs_2q_2q.cfg,experiments/data/phases24_c24_seed45.in,LRU LIRS 2Q 2Q,4,6 6 6 6,24,10000,5009,4991,0.5009,9452,548,0.9452,4443
configs/exp4/lru_lirs_2q_arc.cfg,experiments/data/phases24_c24_seed45.in,LRU LIRS 2Q ARC,4,6 6 6 6,24,10000,5020,4980,0.502,9452,548,0.9452,4432
configs/exp4/lru_lirs_2q_lfu.cfg,experiments/data/phases24_c24_seed45.in,LRU LIRS 2Q LFU,4,6 6 6 6,24,10000,4618,5382,0.4618,9452,548,0.9452,4834
configs/exp4/lru_lirs_2q_lirs.cfg,experiments/data/phases24_c24_seed45.in,LRU LIRS 2Q LIRS,4,6 6 6 6,24,10000,4956,5044,0.4956,9452,548,0.9452,4496
configs/exp4/lru_lirs_2q_lru.cfg,experiments/data/phases24_c24_seed45.in,LRU LIRS 2Q LRU,4,6 6 6 6,24,10000,4917,5083,0.4917,9452,548,0.9452,4535
configs/exp4/lru_lirs_arc.cfg,experiments/data/phases24_c24_seed45.in,LRU LIRS ARC,3,8 8 8,24,10000,5259,4741,0.5259,9452,548,0.9452,4193
configs/exp4/lru_lirs_arc_2q.cfg,experiments/data/phases24_c24_seed45.in,LRU LIRS ARC 2Q,4,6 6 6 6,24,10000,4752,5248,0.4752,9452,548,0.9452,4700
configs/exp4/lru_lirs_arc_arc.cfg,experiments/data/phases24_c24_seed45.in,LRU LIRS ARC ARC,4,6 6 6 6,24,10000,4338,5662,0.4338,9452,548,0.9452,5114
configs/exp4/lru_lirs_arc_lfu.cfg,experiments/data/phases24_c24_seed45.in,LRU LIRS ARC LFU,4,6 6 6 6,24,10000,4219,5781,0.4219,9452,548,0.9452,5233
configs/exp4/lru_lirs_arc_lirs.cfg,experiments/data/phases24_c24_seed45.in,LRU LIRS ARC LIRS,4,6 6 6 6,24,10000,4475,5525,0.4475,9452,548,0.9452,4977
configs/exp4/lru_lirs_arc_lru.cfg,experiments/data/phases24_c24_seed45.in,LRU LIRS ARC LRU,4,6 6 6 6,24,10000,4248,5752,0.4248,9452,548,0.9452,5204
configs/exp4/lru_lirs_lfu.cfg,experiments/data/phases24_c24_seed45.in,LRU LIRS LFU,3,8 8 8,24,10000,4891,5109,0.4891,9452,548,0.9452,4561
configs/exp4/lru_lirs_lfu_2q.cfg,experiments/data/phases24_c24_seed45.in,LRU LIRS LFU 2Q,4,6 6 6 6,24,10000,4695,5305,0.4695,9452,548,0.9452,4757
configs/exp4/lru_lirs_lfu_arc.cfg,experiments/data/phases24_c24_seed45.in,LRU LIRS LFU ARC,4,6 6 6 6,24,10000,4254,5746,0.4254,9452,548,0.9452,5198
configs/exp4/lru_lirs_lfu_lfu.cfg,experiments/data/phases24_c24_seed45.in,LRU LIRS LFU LFU,4,6 6 6 6,24,10000,3980,6020,0.398,9452,548,0.9452,5472
configs/exp4/lru_lirs_lfu_lirs.cfg,experiments/data/phases24_c24_seed45.in,LRU LIRS LFU LIRS,4,6 6 6 6,24,10000,4203,5797,0.4203,9452,548,0.9452,5249
configs/exp4/lru_lirs_lfu_lru.cfg,experiments/data/phases24_c24_seed45.in,LRU LIRS LFU LRU,4,6 6 6 6,24,10000,4093,5907,0.4093,9452,548,0.9452,5359
configs/exp4/lru_lirs_lirs.cfg,experiments/data/phases24_c24_seed45.in,LRU LIRS LIRS,3,8 8 8,24,10000,5137,4863,0.5137,9452,548,0.9452,4315
configs/exp4/lru_lirs_lirs_2q.cfg,experiments/data/phases24_c24_seed45.in,LRU LIRS LIRS 2Q,4,6 6 6 6,24,10000,4848,5152,0.4848,9452,548,0.9452,4604
configs/exp4/lru_lirs_lirs_arc.cfg,experiments/data/phases24_c24_seed45.in,LRU LIRS LIRS ARC,4,6 6 6 6,24,10000,4355,5645,0.4355,9452,548,0.9452,5097
configs/exp4/lru_lirs_lirs_lfu.cfg,experiments/data/phases24_c24_seed45.in,LRU LIRS LIRS LFU,4,6 6 6 6,24,10000,4161,5839,0.4161,9452,548,0.9452,5291
configs/exp4/lru_lirs_lirs_lirs.cfg,experiments/data/phases24_c24_seed45.in,LRU LIRS LIRS LIRS,4,6 6 6 6,24,10000,4025,5975,0.4025,9452,548,0.9452,5427
configs/exp4/lru_lirs_lirs_lru.cfg,experiments/data/phases24_c24_seed45.in,LRU LIRS LIRS LRU,4,6 6 6 6,24,10000,4259,5741,0.4259,9452,548,0.9452,5193
configs/exp4/lru_lirs_lru.cfg,experiments/data/phases24_c24_seed45.in,LRU LIRS LRU,3,8 8 8,24,10000,5092,4908,0.5092,9452,548,0.9452,4360
configs/exp4/lru_lirs_lru_2q.cfg,experiments/data/phases24_c24_seed45.in,LRU LIRS LRU 2Q,4,6 6 6 6,24,10000,4120,5880,0.412,9452,548,0.9452,5332
configs/exp4/lru_lirs_lru_arc.cfg,experiments/data/phases24_c24_seed45.in,LRU LIRS LRU ARC,4,6 6 6 6,24,10000,4370,5630,0.437,9452,548,0.9452,5082
configs/exp4/lru_lirs_lru_lfu.cfg,experiments/data/phases24_c24_seed45.in,LRU LIRS LRU LFU,4,6 6 6 6,24,10000,3942,6058,0.3942,9452,548,0.9452,5510
configs/exp4/lru_lirs_lru_lirs.cfg,experiments/data/phases24_c24_seed45.in,LRU LIRS LRU LIRS,4,6 6 6 6,24,10000,4300,5700,0.43,9452,548,0.9452,5152
configs/exp4/lru_lirs_lru_lru.cfg,experiments/data/phases24_c24_seed45.in,LRU LIRS LRU LRU,4,6 6 6 6,24,10000,3824,6176,0.3824,9452,548,0.9452,5628
configs/exp4/lru_lru_2q.cfg,experiments/data/phases24_c24_seed45.in,LRU LRU 2Q,3,8 8 8,24,10000,3704,6296,0.3704,9452,548,0.9452,5748
configs/exp4/lru_lru_2q_2q.cfg,experiments/data/phases24_c24_seed45.in,LRU LRU 2Q 2Q,4,6 6 6 6,24,10000,3104,6896,0.3104,9452,548,0.9452,6348
configs/exp4/lru_lru_2q_arc.cfg,experiments/data/phases24_c24_seed45.in,LRU LRU 2Q ARC,4,6 6 6 6,24,10000,3648,6352,0.3648,9452,548,0.9452,5804
configs/exp4/lru_lru_2q_lfu.cfg,experiments/data/phases24_c24_seed45.in,LRU LRU 2Q LFU,4,6 6 6 6,24,10000,2828,7172,0.2828,9452,548,0.9452,6624
configs/exp4/lru_lru_2q_lirs.cfg,experiments/data/phases24_c24_seed45.in,LRU LRU 2Q LIRS,4,6 6 6 6,24,10000,3973,6027,0.3973,9452,548,0.9452,5479
configs/exp4/lru_lru_2q_lru.cfg,experiments/data/phases24_c24_seed45.in,LRU LRU 2Q LRU,4,6 6 6 6,24,10000,2910,7090,0.291,9452,548,0.9452,6542
configs/exp4/lru_lru_arc.cfg,experiments/data/phases24_c24_seed45.in,LRU LRU ARC,3,8 8 8,24,10000,4108,5892,0.4108,9452,548,0.9452,5344
configs/exp4/lru_lru_arc_2q.cfg,experiments/data/phases24_c24_seed45.in,LRU LRU ARC 2Q,4,6 6 6 6,24,10000,3768,6232,0.3768,9452,548,0.9452,5684
configs/exp4/lru_lru_arc_arc.cfg,experiments/data/phases24_c24_seed45.in,LRU LRU ARC ARC,4,6 6 6 6,24,10000,3779,6221,0.3779,9452,548,0.9452,5673
configs/exp4/lru_lru_arc_lfu.cfg,experiments/data/phases24_c24_seed45.in,LRU LRU ARC LFU,4,6 6 6 6,24,10000,3467,6533,0.3467,9452,548,0.9452,5985
configs/exp4/lru_lru_arc_lirs.cfg,experiments/data/phases24_c24_seed45.in,LRU LRU ARC LIRS,4,6 6 6 6,24,10000,4309,5691,0.4309,9452,548,0.9452,5143
configs/exp4/lru_lru_arc_lru.cfg,experiments/data/phases24_c24_seed45.in,LRU LRU ARC LRU,4,6 6 6 6,24,10000,3491,6509,0.3491,9452,548,0.9452,5961
configs/exp4/lru_lru_lfu.cfg,experiments/data/phases24_c24_seed45.in,LRU LRU LFU,3,8 8 8,24,10000,3491,6509,0.3491,9452,548,0.9452,5961
configs/exp4/lru_lru_lfu_2q.cfg,experiments/data/phases24_c24_seed45.in,LRU LRU LFU 2Q,4,6 6 6 6,24,10000,2848,7152,0.2848,9452,548,0.9452,6604
configs/exp4/lru_lru_lfu_arc.cfg,experiments/data/phases24_c24_seed45.in,LRU LRU LFU ARC,4,6 6 6 6,24,10000,3353,6647,0.3353,9452,548,0.9452,6099
configs/exp4/lru_lru_lfu_lfu.cfg,experiments/data/phases24_c24_seed45.in,LRU LRU LFU LFU,4,6 6 6 6,24,10000,2680,7320,0.268,9452,548,0.9452,6772
configs/exp4/lru_lru_lfu_lirs.cfg,experiments/data/phases24_c24_seed45.in,LRU LRU LFU LIRS,4,6 6 6 6,24,10000,3674,6326,0.3674,9452,548,0.9452,5778
configs/exp4/lru_lru_lfu_lru.cfg,experiments/data/phases24_c24_seed45.in,LRU LRU LFU LRU,4,6 6 6 6,24,10000,2568,7432,0.2568,9452,548,0.9452,6884
configs/exp4/lru_lru_lirs.cfg,experiments/data/phases24_c24_seed45.in,LRU LRU LIRS,3,8 8 8,24,10000,4723,5277,0.4723,9452,548,0.9452,4729
configs/exp4/lru_lru_lirs_2q.cfg,experiments/data/phases24_c24_seed45.in,LRU LRU LIRS 2Q,4,6 6 6 6,24,10000,4483,5517,0.4483,9452,548,0.9452,4969
configs/exp4/lru_lru_lirs_arc.cfg,experiments/data/phases24_c24_seed45.in,LRU LRU LIRS ARC,4,6 6 6 6,24,10000,4140,5860,0.414,9452,548,0.9452,5312
configs/exp4/lru_lru_lirs_lfu.cfg,experiments/data/phases24_c24_seed45.in,LRU LRU LIRS LFU,4,6 6 6 6,24,10000,3787,6213,0.3787,9452,548,0.9452,5665
configs/exp4/lru_lru_lirs_lirs.cfg,experiments/data/phases24_c24_seed45.in,LRU LRU LIRS LIRS,4,6 6 6 6,24,10000,4022,5978,0.4022,9452,548,0.9452,5430
configs/exp4/lru_lru_lirs_lru.cfg,experiments/data/phases24_c24_seed45.in,LRU LRU LIRS LRU,4,6 6 6 6,24,10000,3831,6169,0.3831,9452,548,0.9452,5621
configs/exp4/lru_lru_lru_2q.cfg,experiments/data/phases24_c24_seed45.in,LRU LRU LRU 2Q,4,6 6 6 6,24,10000,2858,7142,0.2858,9452,548,0.9452,6594
configs/exp4/lru_lru_lru_arc.cfg,experiments/data/phases24_c24_seed45.in,LRU LRU LRU ARC,4,6 6 6 6,24,10000,2932,7068,0.2932,9452,548,0.9452,6520
configs/exp4/lru_lru_lru_lfu.cfg,experiments/data/phases24_c24_seed45.in,LRU LRU LRU LFU,4,6 6 6 6,24,10000,2548,7452,0.2548,9452,548,0.9452,6904
configs/exp4/lru_lru_lru_lirs.cfg,experiments/data/phases24_c24_seed45.in,LRU LRU LRU LIRS,4,6 6 6 6,24,10000,3614,6386,0.3614,9452,548,0.9452,5838
configs/exp4/2q_2q_2q_arc.cfg,experiments/data/phases24_c48_seed45.in,2Q 2Q 2Q ARC,4,12 12 12 12,48,10000,7555,2445,0.7555,9756,244,0.9756,2201
configs/exp4/2q_2q_2q_lfu.cfg,experiments/data/phases24_c48_seed45.in,2Q 2Q 2Q LFU,4,12 12 12 12,48,10000,7004,2996,0.7004,9756,244,0.9756,2752
configs/exp4/2q_2q_2q_lirs.cfg,experiments/data/phases24_c48_seed45.in,2Q 2Q 2Q LIRS,4,12 12 12 12,48,10000,7340,2660,0.734,9756,244,0.9756,2416
configs/exp4/2q_2q_2q_lru.cfg,experiments/data/phases24_c48_seed45.in,2Q 2Q 2Q LRU,4,12 12 12 12,48,10000,7667,2333,0.7667,9756,244,0.9756,2089
configs/exp4/2q_2q_arc.cfg,experiments/data/phases24_c48_seed45.in,2Q 2Q ARC,3,16 16 16,48,10000,8371,1629,0.8371,9756,244,0.9756,1385
configs/exp4/2q_2q_arc_2q.cfg,experiments/data/phases24_c48_seed45.in,2Q 2Q ARC 2Q,4,12 12 12 12,48,10000,7639,2361,0.7639,9756,244,0.9756,2117
configs/exp4/2q_2q_arc_arc.cfg,experiments/data/phases24_c48_seed45.in,2Q 2Q ARC ARC,4,12 12 12 12,48,10000,7450,2550,0.745,9756,244,0.9756,2306
configs/exp4/2q_2q_arc_lfu.cfg,experiments/data/phases24_c48_seed45.in,2Q 2Q ARC LFU,4,12 12 12 12,48,10000,7262,2738,0.7262,9756,244,0.9756,2494
configs/exp4/2q_2q_arc_lirs.cfg,experiments/data/phases24_c48_seed45.in,2Q 2Q ARC LIRS,4,12 12 12 12,48,10000,7635,2365,0.7635,9756,244,0.9756,2121
configs/exp4/2q_2q_arc_lru.cfg,experiments/data/phases24_c48_seed45.in,2Q 2Q ARC LRU,4,12 12 12 12,48,10000,7467,2533,0.7467,9756,244,0.9756,2289
configs/exp4/2q_2q_lfu.cfg,experiments/data/phases24_c48_seed45.in,2Q 2Q LFU,3,16 16 16,48,10000,7862,2138,0.7862,9756,244,0.9756,1894
configs/exp4/2q_2q_lfu_2q.cfg,experiments/data/phases24_c48_seed45.in,2Q 2Q LFU 2Q,4,12 12 12 12,48,10000,7268,2732,0.7268,9756,244,0.9756,2488
configs/exp4/2q_2q_lfu_arc.cfg,experiments/data/phases24_c48_seed45.in,2Q 2Q LFU ARC,4,12 12 12 12,48,10000,7547,2453,0.7547,9756,244,0.9756,2209
configs/exp4/2q_2q_lfu_lfu.cfg,experiments/data/phases24_c48_seed45.in,2Q 2Q LFU LFU,4,12 12 12 12,48,10000,6737,3263,0.6737,9756,244,0.9756,3019
configs/exp4/2q_2q_lfu_lirs.cfg,experiments/data/phases24_c48_seed45.in,2Q 2Q LFU LIRS,4,12 12 12 12,48,10000,7416,2584,0.7416,9756,244,0.9756,2340
configs/exp4/2q_2q_lfu_lru.cfg,experiments/data/phases24_c48_seed45.in,2Q 2Q LFU LRU,4,12 12 12 12,48,10000,7538,2462,0.7538,9756,244,0.9756,2218
configs/exp4/2q_2q_lirs.cfg,experiments/data/phases24_c48_seed45.in,2Q 2Q LIRS,3,16 16 16,48,10000,8399,1601,0.8399,9756,244,0.9756,1357
configs/exp4/2q_2q_lirs_2q.cfg,experiments/data/phases24_c48_seed45.in,2Q 2Q LIRS 2Q,4,12 12 12 12,48,10000,7392,2608,0.7392,9756,244,0.9756,2364
configs/exp4/2q_2q_lirs_arc.cfg,experiments/data/phases24_c48_seed45.in,2Q 2Q LIRS ARC,4,12 12 12 12,48,10000,7714,2286,0.7714,9756,244,0.9756,2042
configs/exp4/2q_2q_lirs_lfu.cfg,experiments/data/phases24_c48_seed45.in,2Q 2Q LIRS LFU,4,12 12 12 12,48,10000,7175,2825,0.7175,9756,244,0.9756,2581
configs/exp4/2q_2q_lirs_lirs.cfg,experiments/data/phases24_c48_seed45.in,2Q 2Q LIRS LIRS,4,12 12 12 12,48,10000,7298,2702,0.7298,9756,244,0.9756,2458
configs/exp4/2q_2q_lirs_lru.cfg,experiments/data/phases24_c48_seed45.in,2Q 2Q LIRS LRU,4,12 12 12 12,48,10000,7808,2192,0.7808,9756,244,0.9756,1948
configs/exp4/2q_2q_lru.cfg,experiments/data/phases24_c48_seed45.in,2Q 2Q LRU,3,16 16 16,48,10000,8324,1676,0.8324,9756,244,0.9756,1432
configs/exp4/2q_2q_lru_2q.cfg,experiments/data/phases24_c48_seed45.in,2Q 2Q LRU 2Q,4,12 12 12 12,48,10000,7625,2375,0.7625,9756,244,0.9756,2131
configs/exp4/2q_2q_lru_arc.cfg,experiments/data/phases24_c48_seed45.in,2Q 2Q LRU ARC,4,12 12 12 12,48,10000,7560,2440,0.756,9756,244,0.9756,2196
configs/exp4/2q_2q_lru_lfu.cfg,experiments/data/phases24_c48_seed45.in,2Q 2Q LRU LFU,4,12 12 12 12,48,10000,7208,2792,0.7208,9756,244,0.9756,2548
configs/exp4/2q_2q_lru_lirs.cfg,experiments/data/phases24_c48_seed45.in,2Q 2Q LRU LIRS,4,12 12 12 12,48,10000,7880,2120,0.788,9756,244,0.9756,1876
configs/exp4/2q_2q_lru_lru.cfg,experiments/data/phases24_c48_seed45.in,2Q 2Q LRU LRU,4,12 12 12 12,48,10000,7308,2692,0.7308,9756,244,0.9756,2448
configs/exp4/2q_arc.cfg,experiments/data/phases24_c48_seed45.in,2Q ARC,2,24 24,48,10000,9224,776,0.9224,9756,244,0.9756,532
configs/exp4/2q_arc_2q.cfg,experiments/data/phases24_c48_seed45.in,2Q ARC 2Q,3,16 16 16,48,10000,8396,1604,0.8396,9756,244,0.9756,1360
configs/exp4/2q_arc_2q_2q.cfg,experiments/data/phases24_c48_seed45.in,2Q ARC 2Q 2Q,4,12 12 12 12,48,10000,7570,2430,0.757,9756,244,0.9756,2186
configs/exp4/2q_arc_2q_arc.cfg,experiments/data/phases24_c48_seed45.in,2Q ARC 2Q ARC,4,12 12 12 12,48,10000,7706,2294,0.7706,9756,244,0.9756,2050
configs/exp4/2q_arc_2q_lfu.cfg,experiments/data/phases24_c48_seed45.in,2Q ARC 2Q LFU,4,12 12 12 12,48,10000,7233,2767,0.7233,9756,244,0.9756,2523
configs/exp4/2q_arc_2q_lirs.cfg,experiments/data/phases24_c48_seed45.in,2Q ARC 2Q LIRS,4,12 12 12 12,48,10000,7753,2247,0.7753,9756,244,0.9756,2003
configs/exp4/2q_arc_2q_lru.cfg,experiments/data/phases24_c48_seed45.in,2Q ARC 2Q LRU,4,12 12 12 12,48,10000,7680,2320,0.768,9756,244,0.9756,2076
configs/exp4/2q_arc_arc.cfg,experiments/data/phases24_c48_seed45.in,2Q ARC ARC,3,16 16 16,48,10000,8344,1656,0.8344,9756,244,0.9756,1412
configs/exp4/2q_arc_arc_2q.cfg,experiments/data/phases24_c48_seed45.in,2Q ARC ARC 2Q,4,12 12 12 12,48,10000,7399,2601,0.7399,9756,244,0.9756,2357
configs/exp4/2q_arc_arc_arc.cfg,experiments/data/phases24_c48_seed45.in,2Q ARC ARC ARC,4,12 12 12 12,48,10000,7009,2991,0.7009,9756,244,0.9756,2747
configs/exp4/2q_arc_arc_lfu.cfg,experiments/data/phases24_c48_seed45.in,2Q ARC ARC LFU,4,12 12 12 12,48,10000,6882,3118,0.6882,9756,244,0.9756,2874
configs/exp4/2q_arc_arc_lirs.cfg,experiments/data/phases24_c48_seed45.in,2Q ARC ARC LIRS,4,12 12 12 12,48,10000,7393,2607,0.7393,9756,244,0.9756,2363
configs/exp4/2q_arc_arc_lru.cfg,experiments/data/phases24_c48_seed45.in,2Q ARC ARC LRU,4,12 12 12 12,48,10000,6955,3045,0.6955,9756,244,0.9756,2801
configs/exp4/2q_arc_lfu.cfg,experiments/data/phases24_c48_seed45.in,2Q ARC LFU,3,16 16 16,48,10000,7973,2027,0.7973,9756,244,0.9756,1783
configs/exp4/2q_arc_lfu_2q.cfg,experiments/data/phases24_c48_seed45.in,2Q ARC LFU 2Q,4,12 12 12 12,48,10000,7384,2616,0.7384,9756,244,0.9756,2372
configs/exp4/2q_arc_lfu_arc.cfg,experiments/data/phases24_c48_seed45.in,2Q ARC LFU ARC,4,12 12 12 12,48,10000,7108,2892,0.7108,9756,244,0.9756,2648
configs/exp4/2q_arc_lfu_lfu.cfg,experiments/data/phases24_c48_seed45.in,2Q ARC LFU LFU,4,12 12 12 12,48,10000,6653,3347,0.6653,9756,244,0.9756,3103
configs/exp4/2q_arc_lfu_lirs.cfg,experiments/data/phases24_c48_seed45.in,2Q ARC LFU LIRS,4,12 12 12 12,48,10000,7486,2514,0.7486,9756,244,0.9756,2270
configs/exp4/2q_arc_lfu_lru.cfg,experiments/data/phases24_c48_seed45.in,2Q ARC LFU LRU,4,12 12 12 12,48,10000,7043,2957,0.7043,9756,244,0.9756,2713
configs/exp4/2q_arc_lirs.cfg,experiments/data/phases24_c48_seed45.in,2Q ARC LIRS,3,16 16 16,48,10000,8512,1488,0.8512,9756,244,0.9756,1244
configs/exp4/2q_arc_lirs_2q.cfg,experiments/data/phases24_c48_seed45.in,2Q ARC LIRS 2Q,4,12 12 12 12,48,10000,7591,2409,0.7591,9756,244,0.9756,2165
configs/exp4/2q_arc_lirs_arc.cfg,experiments/data/phases24_c48_seed45.in,2Q ARC LIRS ARC,4,12 12 12 12,48,10000,7662,2338,0.7662,9756,244,0.9756,2094
configs/exp4/2q_arc_lirs_lfu.cfg,experiments/data/phases24_c48_seed45.in,2Q ARC LIRS LFU,4,12 12 12 12,48,10000,7313,2687,0.7313,9756,244,0.9756,2443
configs/exp4/2q_arc_lirs_lirs.cfg,experiments/data/phases24_c48_seed45.in,2Q ARC LIRS LIRS,4,12 12 12 12,48,10000,7553,2447,0.7553,9756,244,0.9756,2203
configs/exp4/2q_arc_lirs_lru.cfg,experiments/data/phases24_c48_seed45.in,2Q ARC LIRS LRU,4,12 12 12 12,48,10000,7685,2315,0.7685,9756,244,0.9756,2071
configs/exp4/2q_arc_lru.cfg,experiments/data/phases24_c48_seed45.in,2Q ARC LRU,3,16 16 16,48,10000,8237,1763,0.8237,9756,244,0.9756,1519
configs/exp4/2q_arc_lru_2q.cfg,experiments/data/phases24_c48_seed45.in,2Q ARC LRU 2Q,4,12 12 12 12,48,10000,6938,3062,0.6938,9756,244,0.9756,2818
configs/exp4/2q_arc_lru_arc.cfg,experiments/data/phases24_c48_seed45.in,2Q ARC LRU ARC,4,12 12 12 12,48,10000,7040,2960,0.704,9756,244,0.9756,2716
configs/exp4/2q_arc_lru_lfu.cfg,experiments/data/phases24_c48_seed45.in,2Q ARC LRU LFU,4,12 12 12 12,48,10000,6729,3271,0.6729,9756,244,0.9756,3027
configs/exp4/2q_arc_lru_lirs.cfg,experiments/data/phases24_c48_seed45.in,2Q ARC LRU LIRS,4,12 12 12 12,48,10000,7546,2454,0.7546,9756,244,0.9756,2210
configs/exp4/2q_arc_lru_lru.cfg,experiments/data/phases24_c48_seed45.in,2Q ARC LRU LRU,4,12 12 12 12,48,10000,6702,3298,0.6702,9756,244,0.9756,3054
configs/exp4/2q_lfu.cfg,experiments/data/phases24_c48_seed45.in,2Q LFU,2,24 24,48,10000,8810,1190,0.881,9756,244,0.9756,946
configs/exp4/2q_lfu_2q.cfg,experiments/data/phases24_c48_seed45.in,2Q LFU 2Q,3,16 16 16,48,10000,8067,1933,0.8067,9756,244,0.9756,1689
configs/exp4/2q_lfu_2q_2q.cfg,experiments/data/phases24_c48_seed45.in,2Q LFU 2Q 2Q,4,12 12 12 12,48,10000,7367,2633,0.7367,9756,244,0.9756,2389
configs/exp4/2q_lfu_2q_arc.cfg,experiments/data/phases24_c48_seed45.in,2Q LFU 2Q ARC,4,12 12 12 12,48,10000,7622,2378,0.7622,9756,244,0.9756,2134
configs/exp4/2q_lfu_2q_lfu.cfg,experiments/data/phases24_c48_seed45.in,2Q LFU 2Q LFU,4,12 12 12 12,48,10000,6817,3183,0.6817,9756,244,0.9756,2939
configs/exp4/2q_lfu_2q_lirs.cfg,experiments/data/phases24_c48_seed45.in,2Q LFU 2Q LIRS,4,12 12 12 12,48,10000,7517,2483,0.7517,9756,244,0.9756,2239
configs/exp4/2q_lfu_2q_lru.cfg,experiments/data/phases24_c48_seed45.in,2Q LFU 2Q LRU,4,12 12 12 12,48,10000,7631,2369,0.7631,9756,244,0.9756,2125
configs/exp4/2q_lfu_arc.cfg,experiments/data/phases24_c48_seed45.in,2Q LFU ARC,3,16 16 16,48,10000,8178,1822,0.8178,9756,244,0.9756,1578
configs/exp4/2q_lfu_arc_2q.cfg,experiments/data/phases24_c48_seed45.in,2Q LFU ARC 2Q,4,12 12 12 12,48,10000,7598,2402,0.7598,9756,244,0.9756,2158
configs/exp4/2q_lfu_arc_arc.cfg,experiments/data/phases24_c48_seed45.in,2Q LFU ARC ARC,4,12 12 12 12,48,10000,7336,2664,0.7336,9756,244,0.9756,2420
configs/exp4/2q_lfu_arc_lfu.cfg,experiments/data/phases24_c48_seed45.in,2Q LFU ARC LFU,4,12 12 12 12,48,10000,6897,3103,0.6897,9756,244,0.9756,2859
configs/exp4/2q_lfu_arc_lirs.cfg,experiments/data/phases24_c48_seed45.in,2Q LFU ARC LIRS,4,12 12 12 12,48,10000,7657,2343,0.7657,9756,244,0.9756,2099
configs/exp4/2q_lfu_arc_lru.cfg,experiments/data/phases24_c48_seed45.in,2Q LFU ARC LRU,4,12 12 12 12,48,10000,7316,2684,0.7316,9756,244,0.9756,2440
configs/exp4/2q_lfu_lfu.cfg,experiments/data/phases24_c48_seed45.in,2Q LFU LFU,3,16 16 16,48,10000,7021,2979,0.7021,9756,244,0.9756,2735
configs/exp4/2q_lfu_lfu_2q.cfg,experiments/data/phases24_c48_seed45.in,2Q LFU LFU 2Q,4,12 12 12 12,48,10000,6856,3144,0.6856,9756,244,0.9756,2900
configs/exp4/2q_lfu_lfu_arc.cfg,experiments/data/phases24_c48_seed45.in,2Q LFU LFU ARC,4,12 12 12 12,48,10000,6945,3055,0.6945,9756,244,0.9756,2811
configs/exp4/2q_lfu_lfu_lfu.cfg,experiments/data/phases24_c48_seed45.in,2Q LFU LFU LFU,4,12 12 12 12,48,10000,5884,4116,0.5884,9756,244,0.9756,3872
configs/exp4/2q_lfu_lfu_lirs.cfg,experiments/data/phases24_c48_seed45.in,2Q LFU LFU LIRS,4,12 12 12 12,48,10000,7018,2982,0.7018,9756,244,0.9756,2738
configs/exp4/2q_lfu_lfu_lru.cfg,experiments/data/phases24_c48_seed45.in,2Q LFU LFU LRU,4,12 12 12 12,48,10000,6947,3053,0.6947,9756,244,0.9756,2809
configs/exp4/2q_lfu_lirs.cfg,experiments/data/phases24_c48_seed45.in,2Q LFU LIRS,3,16 16 16,48,10000,8266,1734,0.8266,9756,244,0.9756,1490
configs/exp4/2q_lfu_lirs_2q.cfg,experiments/data/phases24_c48_seed45.in,2Q LFU LIRS 2Q,4,12 12 12 12,48,10000,7591,2409,0.7591,9756,244,0.9756,2165
configs/exp4/2q_lfu_lirs_arc.cfg,experiments/data/phases24_c48_seed45.in,2Q LFU LIRS ARC,4,12 12 12 12,48,10000,7776,2224,0.7776,9756,244,0.9756,1980
configs/exp4/2q_lfu_lirs_lfu.cfg,experiments/data/phases24_c48_seed45.in,2Q LFU LIRS LFU,4,12 12 12 12,48,10000,6944,3056,0.6944,9756,244,0.9756,2812
configs/exp4/2q_lfu_lirs_lirs.cfg,experiments/data/phases24_c48_seed45.in,2Q LFU LIRS LIRS,4,12 12 12 12,48,10000,7557,2443,0.7557,9756,244,0.9756,2199
configs/exp4/2q_lfu_lirs_lru.cfg,experiments/data/phases24_c48_seed45.in,2Q LFU LIRS LRU,4,12 12 12 12,48,10000,7821,2179,0.7821,9756,244,0.9756,1935
configs/exp4/2q_lfu_lru.cfg,experiments/data/phases24_c48_seed45.in,2Q LFU LRU,3,16 16 16,48,10000,8014,1986,0.8014,9756,244,0.9756,1742
configs/exp4/2q_lfu_lru_2q.cfg,experiments/data/phases24_c48_seed45.in,2Q LFU LRU 2Q,4,12 12 12 12,48,10000,7470,2530,0.747,9756,244,0.9756,2286
configs/exp4/2q_lfu_lru_arc.cfg,experiments/data/phases24_c48_seed45.in,2Q LFU LRU ARC,4,12 12 12 12,48,10000,7327,2673,0.7327,9756,244,0.9756,2429
configs/exp4/2q_lfu_lru_lfu.cfg,experiments/data/phases24_c48_seed45.in,2Q LFU LRU LFU,4,12 12 12 12,48,10000,6830,3170,0.683,9756,244,0.9756,2926
configs/exp4/2q_lfu_lru_lirs.cfg,experiments/data/phases24_c48_seed45.in,2Q LFU LRU LIRS,4,12 12 12 12,48,10000,7742,2258,0.7742,9756,244,0.9756,2014
configs/exp4/2q_lfu_lru_lru.cfg,experiments/data/phases24_c48_seed45.in,2Q LFU LRU LRU,4,12 12 12 12,48,10000,6993,3007,0.6993,9756,244,0.9756,2763
configs/exp4/2q_lirs.cfg,experiments/data/phases24_c48_seed45.in,2Q LIRS,2,24 24,48,10000,9300,700,0.93,9756,244,0.9756,456
configs/exp4/2q_lirs_2q.cfg,experiments/data/phases24_c48_seed45.in,2Q LIRS 2Q,3,16 16 16,48,10000,8609,1391,0.8609,9756,244,0.9756,1147
configs/exp4/2q_lirs_2q_2q.cfg,experiments/data/phases24_c48_seed45.in,2Q LIRS 2Q 2Q,4,12 12 12 12,48,10000,7419,2581,0.7419,9756,244,0.9756,2337
configs/exp4/2q_lirs_2q_arc.cfg,experiments/data/phases24_c48_seed45.in,2Q LIRS 2Q ARC,4,12 12 12 12,48,10000,7712,2288,0.7712,9756,244,0.9756,2044
configs/exp4/2q_lirs_2q_lfu.cfg,experiments/data/phases24_c48_seed45.in,2Q LIRS 2Q LFU,4,12 12 12 12,48,10000,7248,2752,0.7248,9756,244,0.9756,2508
configs/exp4/2q_lirs_2q_lirs.cfg,experiments/data/phases24_c48_seed45.in,2Q LIRS 2Q LIRS,4,12 12 12 12,48,10000,7492,2508,0.7492,9756,244,0.9756,2264
configs/exp4/2q_lirs_2q_lru.cfg,experiments/data/phases24_c48_seed45.in,2Q LIRS 2Q LRU,4,12 12 12 12,48,10000,7751,2249,0.7751,9756,244,0.9756,2005
configs/exp4/2q_lirs_arc.cfg,experiments/data/phases24_c48_seed45.in,2Q LIRS ARC,3,16 16 16,48,10000,8665,1335,0.8665,9756,244,0.9756,1091
configs/exp4/2q_lirs_arc_2q.cfg,experiments/data/phases24_c48_seed45.in,2Q LIRS ARC 2Q,4,12 12 12 12,48,10000,7817,2183,0.7817,9756,244,0.9756,1939
configs/exp4/2q_lirs_arc_arc.cfg,experiments/data/phases24_c48_seed45.in,2Q LIRS ARC ARC,4,12 12 12 12,48,10000,7614,2386,0.7614,9756,244,0.9756,2142
configs/exp4/2q_lirs_arc_lfu.cfg,experiments/data/phases24_c48_seed45.in,2Q LIRS ARC LFU,4,12 12 12 12,48,10000,7440,2560,0.744,9756,244,0.9756,2316
configs/exp4/2q_lirs_arc_lirs.cfg,experiments/data/phases24_c48_seed45.in,2Q LIRS ARC LIRS,4,12 12 12 12,48,10000,7858,2142,0.7858,9756,244,0.9756,1898
configs/exp4/2q_lirs_arc_lru.cfg,experiments/data/phases24_c48_seed45.in,2Q LIRS ARC LRU,4,12 12 12 12,48,10000,7564,2436,0.7564,9756,244,0.9756,2192
configs/exp4/2q_lirs_lfu.cfg,experiments/data/phases24_c48_seed45.in,2Q LIRS LFU,3,16 16 16,48,10000,8095,1905,0.8095,9756,244,0.9756,1661
configs/exp4/2q_lirs_lfu_2q.cfg,experiments/data/phases24_c48_seed45.in,2Q LIRS LFU 2Q,4,12 12 12 12,48,10000,7483,2517,0.7483,9756,244,0.9756,2273
configs/exp4/2q_lirs_lfu_arc.cfg,experiments/data/phases24_c48_seed45.in,2Q LIRS LFU ARC,4,12 12 12 12,48,10000,7679,2321,0.7679,9756,244,0.9756,2077
configs/exp4/2q_lirs_lfu_lfu.cfg,experiments/data/phases24_c48_seed45.in,2Q LIRS LFU LFU,4,12 12 12 12,48,10000,6898,3102,0.6898,9756,244,0.9756,2858
configs/exp4/2q_lirs_lfu_lirs.cfg,experiments/data/phases24_c48_seed45.in,2Q LIRS LFU LIRS,4,12 12 12 12,48,10000,7465,2535,0.7465,9756,244,0.9756,2291
configs/exp4/2q_lirs_lfu_lru.cfg,experiments/data/phases24_c48_seed45.in,2Q LIRS LFU LRU,4,12 12 12 12,48,10000,7707,2293,0.7707,9756,244,0.9756,2049
configs/exp4/2q_lirs_lirs.cfg,experiments/data/phases24_c48_seed45.in,2Q LIRS LIRS,3,16 16 16,48,10000,8571,1429,0.8571,9756,244,0.9756,1185
configs/exp4/2q_lirs_lirs_2q.cfg,experiments/data/phases24_c48_seed45.in,2Q LIRS LIRS 2Q,4,12 12 12 12,48,10000,7440,2560,0.744,9756,244,0.9756,2316
configs/exp4/2q_lirs_lirs_arc.cfg,experiments/data/phases24_c48_seed45.in,2Q LIRS LIRS ARC,4,12 12 12 12,48,10000,7751,2249,0.7751,9756,244,0.9756,2005
configs/exp4/2q_lirs_lirs_lfu.cfg,experiments/data/phases24_c48_seed45.in,2Q LIRS LIRS LFU,4,12 12 12 12,48,10000,7213,2787,0.7213,9756,244,0.9756,2543
configs/exp4/2q_lirs_lirs_lirs.cfg,experiments/data/phases24_c48_seed45.in,2Q LIRS LIRS LIRS,4,12 12 12 12,48,10000,7290,2710,0.729,9756,244,0.9756,2466
configs/exp4/2q_lirs_lirs_lru.cfg,experiments/data/phases24_c48_seed45.in,2Q LIRS LIRS LRU,4,12 12 12 12,48,10000,7826,2174,0.7826,9756,244,0.9756,1930
configs/exp4/2q_lirs_lru.cfg,experiments/data/phases24_c48_seed45.in,2Q LIRS LRU,3,16 16 16,48,10000,8662,1338,0.8662,9756,244,0.9756,1094
configs/exp4/2q_lirs_lru_2q.cfg,experiments/data/phases24_c48_seed45.in,2Q LIRS LRU 2Q,4,12 12 12 12,48,10000,7768,2232,0.7768,9756,244,0.9756,1988
configs/exp4/2q_lirs_lru_arc.cfg,experiments/data/phases24_c48_seed45.in,2Q LIRS LRU ARC,4,12 12 12 12,48,10000,7662,2338,0.7662,9756,244,0.9756,2094
configs/exp4/2q_lirs_lru_lfu.cfg,experiments/data/phases24_c48_seed45.in,2Q LIRS LRU LFU,4,12 12 12 12,48,10000,7427,2573,0.7427,9756,244,0.9756,2329
configs/exp4/2q_lirs_lru_lirs.cfg,experiments/data/phases24_c48_seed45.in,2Q LIRS LRU LIRS,4,12 12 12 12,48,10000,7993,2007,0.7993,9756,244,0.9756,1763
configs/exp4/2q_lirs_lru_lru.cfg,experiments/data/phases24_c48_seed45.in,2Q LIRS LRU LRU,4,12 12 12 12,48,10000,7463,2537,0.7463,9756,244,0.9756,2293
configs/exp4/2q_lru.cfg,experiments/data/phases24_c48_seed45.in,2Q LRU,2,24 24,48,10000,9093,907,0.9093,9756,244,0.9756,663
configs/exp4/2q_lru_2q.cfg,experiments/data/phases24_c48_seed45.in,2Q LRU 2Q,3,16 16 16,48,10000,8196,1804,0.8196,9756,244,0.9756,1560
configs/exp4/2q_lru_2q_2q.cfg,experiments/data/phases24_c48_seed45.in,2Q LRU 2Q 2Q,4,12 12 12 12,48,10000,7412,2588,0.7412,9756,244,0.9756,2344
configs/exp4/2q_lru_2q_arc.cfg,experiments/data/phases24_c48_seed45.in,2Q LRU 2Q ARC,4,12 12 12 12,48,10000,7684,2316,0.7684,9756,244,0.9756,2072
configs/exp4/2q_lru_2q_lfu.cfg,experiments/data/phases24_c48_seed45.in,2Q LRU 2Q LFU,4,12 12 12 12,48,10000,7136,2864,0.7136,9756,244,0.9756,2620
configs/exp4/2q_lru_2q_lirs.cfg,experiments/data/phases24_c48_seed45.in,2Q LRU 2Q LIRS,4,12 12 12 12,48,10000,7874,2126,0.7874,9756,244,0.9756,1882
configs/exp4/2q_lru_2q_lru.cfg,experiments/data/phases24_c48_seed45.in,2Q LRU 2Q LRU,4,12 12 12 12,48,10000,7494,2506,0.7494,9756,244,0.9756,2262
configs/exp4/2q_lru_arc.cfg,experiments/data/phases24_c48_seed45.in,2Q LRU ARC,3,16 16 16,48,10000,8175,1825,0.8175,9756,244,0.9756,1581
configs/exp4/2q_lru_arc_2q.cfg,experiments/data/phases24_c48_seed45.in,2Q LRU ARC 2Q,4,12 12 12 12,48,10000,7347,2653,0.7347,9756,244,0.9756,2409
configs/exp4/2q_lru_arc_arc.cfg,experiments/data/phases24_c48_seed45.in,2Q LRU ARC ARC,4,12 12 12 12,48,10000,7014,2986,0.7014,9756,244,0.9756,2742
configs/exp4/2q_lru_arc_lfu.cfg,experiments/data/phases24_c48_seed45.in,2Q LRU ARC LFU,4,12 12 12 12,48,10000,6858,3142,0.6858,9756,244,0.9756,2898
configs/exp4/2q_lru_arc_lirs.cfg,experiments/data/phases24_c48_seed45.in,2Q LRU ARC LIRS,4,12 12 12 12,48,10000,7451,2549,0.7451,9756,244,0.9756,2305
configs/exp4/2q_lru_arc_lru.cfg,experiments/data/phases24_c48_seed45.in,2Q LRU ARC LRU,4,12 12 12 12,48,10000,6887,3113,0.6887,9756,244,0.9756,2869
configs/exp4/2q_lru_lfu.cfg,experiments/data/phases24_c48_seed45.in,2Q LRU LFU,3,16 16 16,48,10000,7670,2330,0.767,9756,244,0.9756,2086
configs/exp4/2q_lru_lfu_2q.cfg,experiments/data/phases24_c48_seed45.in,2Q LRU LFU 2Q,4,12 12 12 12,48,10000,7159,2841,0.7159,9756,244,0.9756,2597
configs/exp4/2q_lru_lfu_arc.cfg,experiments/data/phases24_c48_seed45.in,2Q LRU LFU ARC,4,12 12 12 12,48,10000,7027,2973,0.7027,9756,244,0.9756,2729
configs/exp4/2q_lru_lfu_lfu.cfg,experiments/data/phases24_c48_seed45.in,2Q LRU LFU LFU,4,12 12 12 12,48,10000,6544,3456,0.6544,9756,244,0.9756,3212
configs/exp4/2q_lru_lfu_lirs.cfg,experiments/data/phases24_c48_seed45.in,2Q LRU LFU LIRS,4,12 12 12 12,48,10000,7464,2536,0.7464,9756,244,0.9756,2292
configs/exp4/2q_lru_lfu_lru.cfg,experiments/data/phases24_c48_seed45.in,2Q LRU LFU LRU,4,12 12 12 12,48,10000,6651,3349,0.6651,9756,244,0.9756,3105
configs/exp4/2q_lru_lirs.cfg,experiments/data/phases24_c48_seed45.in,2Q LRU LIRS,3,16 16 16,48,10000,8470,1530,0.847,9756,244,0.9756,1286
configs/exp4/2q_lru_lirs_2q.cfg,experiments/data/phases24_c48_seed45.in,2Q LRU LIRS 2Q,4,12 12 12 12,48,10000,7692,2308,0.7692,9756,244,0.9756,2064
configs/exp4/2q_lru_lirs_arc.cfg,experiments/data/phases24_c48_seed45.in,2Q LRU LIRS ARC,4,12 12 12 12,48,10000,7748,2252,0.7748,9756,244,0.9756,2008
configs/exp4/2q_lru_lirs_lfu.cfg,experiments/data/phases24_c48_seed45.in,2Q LRU LIRS LFU,4,12 12 12 12,48,10000,7372,2628,0.7372,9756,244,0.9756,2384
configs/exp4/2q_lru_lirs_lirs.cfg,experiments/data/phases24_c48_seed45.in,2Q LRU LIRS LIRS,4,12 12 12 12,48,10000,7762,2238,0.7762,9756,244,0.9756,1994
configs/exp4/2q_lru_lirs_lru.cfg,experiments/data/phases24_c48_seed45.in,2Q LRU LIRS LRU,4,12 12 12 12,48,10000,7676,2324,0.7676,9756,244,0.9756,2080
configs/exp4/2q_lru_lru.cfg,experiments/data/phases24_c48_seed45.in,2Q LRU LRU,3,16 16 16,48,10000,7787,2213,0.7787,9756,244,0.9756,1969
configs/exp4/2q_lru_lru_2q.cfg,experiments/data/phases24_c48_seed45.in,2Q LRU LRU 2Q,4,12 12 12 12,48,10000,6613,3387,0.6613,9756,244,0.9756,3143
configs/exp4/2q_lru_lru_arc.cfg,experiments/data/phases24_c48_seed45.in,2Q LRU LRU ARC,4,12 12 12 12,48,10000,6821,3179,0.6821,9756,244,0.9756,2935
configs/exp4/2q_lru_lru_lfu.cfg,experiments/data/phases24_c48_seed45.in,2Q LRU LRU LFU,4,12 12 12 12,48,10000,6444,3556,0.6444,9756,244,0.9756,3312
configs/exp4/2q_lru_lru_lirs.cfg,experiments/data/phases24_c48_seed45.in,2Q LRU LRU LIRS,4,12 12 12 12,48,10000,7366,2634,0.7366,9756,244,0.9756,2390
configs/exp4/2q_lru_lru_lru.cfg,experiments/data/phases24_c48_seed45.in,2Q LRU LRU LRU,4,12 12 12 12,48,10000,6394,3606,0.6394,9756,244,0.9756,3362
configs/exp4/arc_2q.cfg,experiments/data/phases24_c48_seed45.in,ARC 2Q,2,24 24,48,10000,9355,645,0.9355,9756,244,0.9756,401
configs/exp4/arc_2q_2q.cfg,experiments/data/phases24_c48_seed45.in,ARC 2Q 2Q,3,16 16 16,48,10000,8313,1687,0.8313,9756,244,0.9756,1443
configs/exp4/arc_2q_2q_2q.cfg,experiments/data/phases24_c48_seed45.in,ARC 2Q 2Q 2Q,4,12 12 12 12,48,10000,7409,2591,0.7409,9756,244,0.9756,2347
configs/exp4/arc_2q_2q_arc.cfg,experiments/data/phases24_c48_seed45.in,ARC 2Q 2Q ARC,4,12 12 12 12,48,10000,7686,2314,0.7686,9756,244,0.9756,2070
configs/exp4/arc_2q_2q_lfu.cfg,experiments/data/phases24_c48_seed45.in,ARC 2Q 2Q LFU,4,12 12 12 12,48,10000,7163,2837,0.7163,9756,244,0.9756,2593
configs/exp4/arc_2q_2q_lirs.cfg,experiments/data/phases24_c48_seed45.in,ARC 2Q 2Q LIRS,4,12 12 12 12,48,10000,7597,2403,0.7597,9756,244,0.9756,2159
configs/exp4/arc_2q_2q_lru.cfg,experiments/data/phases24_c48_seed45.in,ARC 2Q 2Q LRU,4,12 12 12 12,48,10000,7734,2266,0.7734,9756,244,0.9756,2022
configs/exp4/arc_2q_arc.cfg,experiments/data/phases24_c48_seed45.in,ARC 2Q ARC,3,16 16 16,48,10000,8395,1605,0.8395,9756,244,0.9756,1361
configs/exp4/arc_2q_arc_2q.cfg,experiments/data/phases24_c48_seed45.in,ARC 2Q ARC 2Q,4,12 12 12 12,48,10000,7643,2357,0.7643,9756,244,0.9756,2113
configs/exp4/arc_2q_arc_arc.cfg,experiments/data/phases24_c48_seed45.in,ARC 2Q ARC ARC,4,12 12 12 12,48,10000,7505,2495,0.7505,9756,244,0.9756,2251
configs/exp4/arc_2q_arc_lfu.cfg,experiments/data/phases24_c48_seed45.in,ARC 2Q ARC LFU,4,12 12 12 12,48,10000,7253,2747,0.7253,9756,244,0.9756,2503
configs/exp4/arc_2q_arc_lirs.cfg,experiments/data/phases24_c48_seed45.in,ARC 2Q ARC LIRS,4,12 12 12 12,48,10000,7724,2276,0.7724,9756,244,0.9756,2032
configs/exp4/arc_2q_arc_lru.cfg,experiments/data/phases24_c48_seed45.in,ARC 2Q ARC LRU,4,12 12 12 12,48,10000,7475,2525,0.7475,9756,244,0.9756,2281
configs/exp4/arc_2q_lfu.cfg,experiments/data/phases24_c48_seed45.in,ARC 2Q LFU,3,16 16 16,48,10000,7972,2028,0.7972,9756,244,0.9756,1784
configs/exp4/arc_2q_lfu_2q.cfg,experiments/data/phases24_c48_seed45.in,ARC 2Q LFU 2Q,4,12 12 12 12,48,10000,7366,2634,0.7366,9756,244,0.9756,2390
configs/exp4/arc_2q_lfu_arc.cfg,experiments/data/phases24_c48_seed45.in,ARC 2Q LFU ARC,4,12 12 12 12,48,10000,7486,2514,0.7486,9756,244,0.9756,2270
configs/exp4/arc_2q_lfu_lfu.cfg,experiments/data/phases24_c48_seed45.in,ARC 2Q LFU LFU,4,12 12 12 12,48,10000,6654,3346,0.6654,9756,244,0.9756,3102
configs/exp4/arc_2q_lfu_lirs.cfg,experiments/data/phases24_c48_seed45.in,ARC 2Q LFU LIRS,4,12 12 12 12,48,10000,7558,2442,0.7558,9756,244,0.9756,2198
configs/exp4/arc_2q_lfu_lru.cfg,experiments/data/phases24_c48_seed45.in,ARC 2Q LFU LRU,4,12 12 12 12,48,10000,7458,2542,0.7458,9756,244,0.9756,2298
configs/exp4/arc_2q_lirs.cfg,experiments/data/phases24_c48_seed45.in,ARC 2Q LIRS,3,16 16 16,48,10000,8498,1502,0.8498,9756,244,0.9756,1258
configs/exp4/arc_2q_lirs_2q.cfg,experiments/data/phases24_c48_seed45.in,ARC 2Q LIRS 2Q,4,12 12 12 12,48,10000,7640,2360,0.764,9756,244,0.9756,2116
configs/exp4/arc_2q_lirs_arc.cfg,experiments/data/phases24_c48_seed45.in,ARC 2Q LIRS ARC,4,12 12 12 12,48,10000,7850,2150,0.785,9756,244,0.9756,1906
configs/exp4/arc_2q_lirs_lfu.cfg,experiments/data/phases24_c48_seed45.in,ARC 2Q LIRS LFU,4,12 12 12 12,48,10000,7378,2622,0.7378,9756,244,0.9756,2378
configs/exp4/arc_2q_lirs_lirs.cfg,experiments/data/phases24_c48_seed45.in,ARC 2Q LIRS LIRS,4,12 12 12 12,48,10000,7602,2398,0.7602,9756,244,0.9756,2154
configs/exp4/arc_2q_lirs_lru.cfg,experiments/data/phases24_c48_seed45.in,ARC 2Q LIRS LRU,4,12 12 12 12,48,10000,7917,2083,0.7917,9756,244,0.9756,1839
configs/exp4/arc_2q_lru.cfg,experiments/data/phases24_c48_seed45.in,ARC 2Q LRU,3,16 16 16,48,10000,8288,1712,0.8288,9756,244,0.9756,1468
configs/exp4/arc_2q_lru_2q.cfg,experiments/data/phases24_c48_seed45.in,ARC 2Q LRU 2Q,4,12 12 12 12,48,10000,7673,2327,0.7673,9756,244,0.9756,2083
configs/exp4/arc_2q_lru_arc.cfg,experiments/data/phases24_c48_seed45.in,ARC 2Q LRU ARC,4,12 12 12 12,48,10000,7623,2377,0.7623,9756,244,0.9756,2133
configs/exp4/arc_2q_lru_lfu.cfg,experiments/data/phases24_c48_seed45.in,ARC 2Q LRU LFU,4,12 12 12 12,48,10000,7207,2793,0.7207,9756,244,0.9756,2549
configs/exp4/arc_2q_lru_lirs.cfg,experiments/data/phases24_c48_seed45.in,ARC 2Q LRU LIRS,4,12 12 12 12,48,10000,7926,2074,0.7926,9756,244,0.9756,1830
configs/exp4/arc_2q_lru_lru.cfg,experiments/data/phases24_c48_seed45.in,ARC 2Q LRU LRU,4,12 12 12 12,48,10000,7256,2744,0.7256,9756,244,0.9756,2500
configs/exp4/arc_arc_2q.cfg,experiments/data/phases24_c48_seed45.in,ARC ARC 2Q,3,16 16 16,48,10000,8386,1614,0.8386,9756,244,0.9756,1370
configs/exp4/arc_arc_2q_2q.cfg,experiments/data/phases24_c48_seed45.in,ARC ARC 2Q 2Q,4,12 12 12 12,48,10000,7459,2541,0.7459,9756,244,0.9756,2297
configs/exp4/arc_arc_2q_arc.cfg,experiments/data/phases24_c48_seed45.in,ARC ARC 2Q ARC,4,12 12 12 12,48,10000,7554,2446,0.7554,9756,244,0.9756,2202
configs/exp4/arc_arc_2q_lfu.cfg,experiments/data/phases24_c48_seed45.in,ARC ARC 2Q LFU,4,12 12 12 12,48,10000,7067,2933,0.7067,9756,244,0.9756,2689
configs/exp4/arc_arc_2q_lirs.cfg,experiments/data/phases24_c48_seed45.in,ARC ARC 2Q LIRS,4,12 12 12 12,48,10000,7659,2341,0.7659,9756,244,0.9756,2097
configs/exp4/arc_arc_2q_lru.cfg,experiments/data/phases24_c48_seed45.in,ARC ARC 2Q LRU,4,12 12 12 12,48,10000,7479,2521,0.7479,9756,244,0.9756,2277
configs/exp4/arc_arc_arc_2q.cfg,experiments/data/phases24_c48_seed45.in,ARC ARC ARC 2Q,4,12 12 12 12,48,10000,7237,2763,0.7237,9756,244,0.9756,2519
configs/exp4/arc_arc_arc_lfu.cfg,experiments/data/phases24_c48_seed45.in,ARC ARC ARC LFU,4,12 12 12 12,48,10000,6663,3337,0.6663,9756,244,0.9756,3093
configs/exp4/arc_arc_arc_lirs.cfg,experiments/data/phases24_c48_seed45.in,ARC ARC ARC LIRS,4,12 12 12 12,48,10000,7255,2745,0.7255,9756,244,0.9756,2501
configs/exp4/arc_arc_arc_lru.cfg,experiments/data/phases24_c48_seed45.in,ARC ARC ARC LRU,4,12 12 12 12,48,10000,6700,3300,0.67,9756,244,0.9756,3056
configs/exp4/arc_arc_lfu.cfg,experiments/data/phases24_c48_seed45.in,ARC ARC LFU,3,16 16 16,48,10000,7988,2012,0.7988,9756,244,0.9756,1768
configs/exp4/arc_arc_lfu_2q.cfg,experiments/data/phases24_c48_seed45.in,ARC ARC LFU 2Q,4,12 12 12 12,48,10000,7250,2750,0.725,9756,244,0.9756,2506
configs/exp4/arc_arc_lfu_arc.cfg,experiments/data/phases24_c48_seed45.in,ARC ARC LFU ARC,4,12 12 12 12,48,10000,6955,3045,0.6955,9756,244,0.9756,2801
configs/exp4/arc_arc_lfu_lfu.cfg,experiments/data/phases24_c48_seed45.in,ARC ARC LFU LFU,4,12 12 12 12,48,10000,6531,3469,0.6531,9756,244,0.9756,3225
configs/exp4/arc_arc_lfu_lirs.cfg,experiments/data/phases24_c48_seed45.in,ARC ARC LFU LIRS,4,12 12 12 12,48,10000,7343,2657,0.7343,9756,244,0.9756,2413
configs/exp4/arc_arc_lfu_lru.cfg,experiments/data/phases24_c48_seed45.in,ARC ARC LFU LRU,4,12 12 12 12,48,10000,6800,3200,0.68,9756,244,0.9756,2956
configs/exp4/arc_arc_lirs.cfg,experiments/data/phases24_c48_seed45.in,ARC ARC LIRS,3,16 16 16,48,10000,8505,1495,0.8505,9756,244,0.9756,1251
configs/exp4/arc_arc_lirs_2q.cfg,experiments/data/phases24_c48_seed45.in,ARC ARC LIRS 2Q,4,12 12 12 12,48,10000,7446,2554,0.7446,9756,244,0.9756,2310
configs/exp4/arc_arc_lirs_arc.cfg,experiments/data/phases24_c48_seed45.in,ARC ARC LIRS ARC,4,12 12 12 12,48,10000,7449,2551,0.7449,9756,244,0.9756,2307
configs/exp4/arc_arc_lirs_lfu.cfg,experiments/data/phases24_c48_seed45.in,ARC ARC LIRS LFU,4,12 12 12 12,48,10000,7119,2881,0.7119,9756,244,0.9756,2637
configs/exp4/arc_arc_lirs_lirs.cfg,experiments/data/phases24_c48_seed45.in,ARC ARC LIRS LIRS,4,12 12 12 12,48,10000,7399,2601,0.7399,9756,244,0.9756,2357
configs/exp4/arc_arc_lirs_lru.cfg,experiments/data/phases24_c48_seed45.in,ARC ARC LIRS LRU,4,12 12 12 12,48,10000,7471,2529,0.7471,9756,244,0.9756,2285
configs/exp4/arc_arc_lru.cfg,experiments/data/phases24_c48_seed45.in,ARC ARC LRU,3,16 16 16,48,10000,8228,1772,0.8228,9756,244,0.9756,1528
configs/exp4/arc_arc_lru_2q.cfg,experiments/data/phases24_c48_seed45.in,ARC ARC LRU 2Q,4,12 12 12 12,48,10000,6795,3205,0.6795,9756,244,0.9756,2961
configs/exp4/arc_arc_lru_arc.cfg,experiments/data/phases24_c48_seed45.in,ARC ARC LRU ARC,4,12 12 12 12,48,10000,6804,3196,0.6804,9756,244,0.9756,2952
configs/exp4/arc_arc_lru_lfu.cfg,experiments/data/phases24_c48_seed45.in,ARC ARC LRU LFU,4,12 12 12 12,48,10000,6418,3582,0.6418,9756,244,0.9756,3338
configs/exp4/arc_arc_lru_lirs.cfg,experiments/data/phases24_c48_seed45.in,ARC ARC LRU LIRS,4,12 12 12 12,48,10000,7338,2662,0.7338,9756,244,0.9756,2418
configs/exp4/arc_arc_lru_lru.cfg,experiments/data/phases24_c48_seed45.in,ARC ARC LRU LRU,4,12 12 12 12,48,10000,6381,3619,0.6381,9756,244,0.9756,3375
configs/exp4/arc_lfu.cfg,experiments/data/phases24_c48_seed45.in,ARC LFU,2,24 24,48,10000,9249,751,0.9249,9756,244,0.9756,507
configs/exp4/arc_lfu_2q.cfg,experiments/data/phases24_c48_seed45.in,ARC LFU 2Q,3,16 16 16,48,10000,8169,1831,0.8169,9756,244,0.9756,1587
configs/exp4/arc_lfu_2q_2q.cfg,experiments/data/phases24_c48_seed45.in,ARC LFU 2Q 2Q,4,12 12 12 12,48,10000,7457,2543,0.7457,9756,244,0.9756,2299
configs/exp4/arc_lfu_2q_arc.cfg,experiments/data/phases24_c48_seed45.in,ARC LFU 2Q ARC,4,12 12 12 12,48,10000,7566,2434,0.7566,9756,244,0.9756,2190
configs/exp4/arc_lfu_2q_lfu.cfg,experiments/data/phases24_c48_seed45.in,ARC LFU 2Q LFU,4,12 12 12 12,48,10000,6832,3168,0.6832,9756,244,0.9756,2924
configs/exp4/arc_lfu_2q_lirs.cfg,experiments/data/phases24_c48_seed45.in,ARC LFU 2Q LIRS,4,12 12 12 12,48,10000,7623,2377,0.7623,9756,244,0.9756,2133
configs/exp4/arc_lfu_2q_lru.cfg,experiments/data/phases24_c48_seed45.in,ARC LFU 2Q LRU,4,12 12 12 12,48,10000,7560,2440,0.756,9756,244,0.9756,2196
configs/exp4/arc_lfu_arc.cfg,experiments/data/phases24_c48_seed45.in,ARC LFU ARC,3,16 16 16,48,10000,8168,1832,0.8168,9756,244,0.9756,1588
configs/exp4/arc_lfu_arc_2q.cfg,experiments/data/phases24_c48_seed45.in,ARC LFU ARC 2Q,4,12 12 12 12,48,10000,7391,2609,0.7391,9756,244,0.9756,2365
configs/exp4/arc_lfu_arc_arc.cfg,experiments/data/phases24_c48_seed45.in,ARC LFU ARC ARC,4,12 12 12 12,48,10000,7082,2918,0.7082,9756,244,0.9756,2674
configs/exp4/arc_lfu_arc_lfu.cfg,experiments/data/phases24_c48_seed45.in,ARC LFU ARC LFU,4,12 12 12 12,48,10000,6648,3352,0.6648,9756,244,0.9756,3108
configs/exp4/arc_lfu_arc_lirs.cfg,experiments/data/phases24_c48_seed45.in,ARC LFU ARC LIRS,4,12 12 12 12,48,10000,7440,2560,0.744,9756,244,0.9756,2316
configs/exp4/arc_lfu_arc_lru.cfg,experiments/data/phases24_c48_seed45.in,ARC LFU ARC LRU,4,12 12 12 12,48,10000,7010,2990,0.701,9756,244,0.9756,2746
configs/exp4/arc_lfu_lfu.cfg,experiments/data/phases24_c48_seed45.in,ARC LFU LFU,3,16 16 16,48,10000,7076,2924,0.7076,9756,244,0.9756,2680
configs/exp4/arc_lfu_lfu_2q.cfg,experiments/data/phases24_c48_seed45.in,ARC LFU LFU 2Q,4,12 12 12 12,48,10000,6886,3114,0.6886,9756,244,0.9756,2870
configs/exp4/arc_lfu_lfu_arc.cfg,experiments/data/phases24_c48_seed45.in,ARC LFU LFU ARC,4,12 12 12 12,48,10000,6694,3306,0.6694,9756,244,0.9756,3062
configs/exp4/arc_lfu_lfu_lfu.cfg,experiments/data/phases24_c48_seed45.in,ARC LFU LFU LFU,4,12 12 12 12,48,10000,5813,4187,0.5813,9756,244,0.9756,3943
configs/exp4/arc_lfu_lfu_lirs.cfg,experiments/data/phases24_c48_seed45.in,ARC LFU LFU LIRS,4,12 12 12 12,48,10000,7001,2999,0.7001,9756,244,0.9756,2755
configs/exp4/arc_lfu_lfu_lru.cfg,experiments/data/phases24_c48_seed45.in,ARC LFU LFU LRU,4,12 12 12 12,48,10000,6649,3351,0.6649,9756,244,0.9756,3107
configs/exp4/arc_lfu_lirs.cfg,experiments/data/phases24_c48_seed45.in,ARC LFU LIRS,3,16 16 16,48,10000,8325,1675,0.8325,9756,244,0.9756,1431
configs/exp4/arc_lfu_lirs_2q.cfg,experiments/data/phases24_c48_seed45.in,ARC LFU LIRS 2Q,4,12 12 12 12,48,10000,7552,2448,0.7552,9756,244,0.9756,2204
configs/exp4/arc_lfu_lirs_arc.cfg,experiments/data/phases24_c48_seed45.in,ARC LFU LIRS ARC,4,12 12 12 12,48,10000,7649,2351,0.7649,9756,244,0.9756,2107
configs/exp4/arc_lfu_lirs_lfu.cfg,experiments/data/phases24_c48_seed45.in,ARC LFU LIRS LFU,4,12 12 12 12,48,10000,6960,3040,0.696,9756,244,0.9756,2796
configs/exp4/arc_lfu_lirs_lirs.cfg,experiments/data/phases24_c48_seed45.in,ARC LFU LIRS LIRS,4,12 12 12 12,48,10000,7531,2469,0.7531,9756,244,0.9756,2225
configs/exp4/arc_lfu_lirs_lru.cfg,experiments/data/phases24_c48_seed45.in,ARC LFU LIRS LRU,4,12 12 12 12,48,10000,7685,2315,0.7685,9756,244,0.9756,2071
configs/exp4/arc_lfu_lru.cfg,experiments/data/phases24_c48_seed45.in,ARC LFU LRU,3,16 16 16,48,10000,8055,1945,0.8055,9756,244,0.9756,1701
configs/exp4/arc_lfu_lru_2q.cfg,experiments/data/phases24_c48_seed45.in,ARC LFU LRU 2Q,4,12 12 12 12,48,10000,7195,2805,0.7195,9756,244,0.9756,2561
configs/exp4/arc_lfu_lru_arc.cfg,experiments/data/phases24_c48_seed45.in,ARC LFU LRU ARC,4,12 12 12 12,48,10000,6983,3017,0.6983,9756,244,0.9756,2773
configs/exp4/arc_lfu_lru_lfu.cfg,experiments/data/phases24_c48_seed45.in,ARC LFU LRU LFU,4,12 12 12 12,48,10000,6542,3458,0.6542,9756,244,0.9756,3214
configs/exp4/arc_lfu_lru_lirs.cfg,experiments/data/phases24_c48_seed45.in,ARC LFU LRU LIRS,4,12 12 12 12,48,10000,7504,2496,0.7504,9756,244,0.9756,2252
configs/exp4/arc_lfu_lru_lru.cfg,experiments/data/phases24_c48_seed45.in,ARC LFU LRU LRU,4,12 12 12 12,48,10000,6616,3384,0.6616,9756,244,0.9756,3140
configs/exp4/arc_lirs.cfg,experiments/data/phases24_c48_seed45.in,ARC LIRS,2,24 24,48,10000,9376,624,0.9376,9756,244,0.9756,380
configs/exp4/arc_lirs_2q.cfg,experiments/data/phases24_c48_seed45.in,ARC LIRS 2Q,3,16 16 16,48,10000,8625,1375,0.8625,9756,244,0.9756,1131
configs/exp4/arc_lirs_2q_2q.cfg,experiments/data/phases24_c48_seed45.in,ARC LIRS 2Q 2Q,4,12 12 12 12,48,10000,7430,2570,0.743,9756,244,0.9756,2326
configs/exp4/arc_lirs_2q_arc.cfg,experiments/data/phases24_c48_seed45.in,ARC LIRS 2Q ARC,4,12 12 12 12,48,10000,7676,2324,0.7676,9756,244,0.9756,2080
configs/exp4/arc_lirs_2q_lfu.cfg,experiments/data/phases24_c48_seed45.in,ARC LIRS 2Q LFU,4,12 12 12 12,48,10000,7225,2775,0.7225,9756,244,0.9756,2531
configs/exp4/arc_lirs_2q_lirs.cfg,experiments/data/phases24_c48_seed45.in,ARC LIRS 2Q LIRS,4,12 12 12 12,48,10000,7551,2449,0.7551,9756,244,0.9756,2205
configs/exp4/arc_lirs_2q_lru.cfg,experiments/data/phases24_c48_seed45.in,ARC LIRS 2Q LRU,4,12 12 12 12,48,10000,7754,2246,0.7754,9756,244,0.9756,2002
configs/exp4/arc_lirs_arc.cfg,experiments/data/phases24_c48_seed45.in,ARC LIRS ARC,3,16 16 16,48,10000,8683,1317,0.8683,9756,244,0.9756,1073
configs/exp4/arc_lirs_arc_2q.cfg,experiments/data/phases24_c48_seed45.in,ARC LIRS ARC 2Q,4,12 12 12 12,48,10000,7729,2271,0.7729,9756,244,0.9756,2027
configs/exp4/arc_lirs_arc_arc.cfg,experiments/data/phases24_c48_seed45.in,ARC LIRS ARC ARC,4,12 12 12 12,48,10000,7543,2457,0.7543,9756,244,0.9756,2213
configs/exp4/arc_lirs_arc_lfu.cfg,experiments/data/phases24_c48_seed45.in,ARC LIRS ARC LFU,4,12 12 12 12,48,10000,7360,2640,0.736,9756,244,0.9756,2396
configs/exp4/arc_lirs_arc_lirs.cfg,experiments/data/phases24_c48_seed45.in,ARC LIRS ARC LIRS,4,12 12 12 12,48,10000,7756,2244,0.7756,9756,244,0.9756,2000
configs/exp4/arc_lirs_arc_lru.cfg,experiments/data/phases24_c48_seed45.in,ARC LIRS ARC LRU,4,12 12 12 12,48,10000,7495,2505,0.7495,9756,244,0.9756,2261
configs/exp4/arc_lirs_lfu.cfg,experiments/data/phases24_c48_seed45.in,ARC LIRS LFU,3,16 16 16,48,10000,8183,1817,0.8183,9756,244,0.9756,1573
configs/exp4/arc_lirs_lfu_2q.cfg,experiments/data/phases24_c48_seed45.in,ARC LIRS LFU 2Q,4,12 12 12 12,48,10000,7470,2530,0.747,9756,244,0.9756,2286
configs/exp4/arc_lirs_lfu_arc.cfg,experiments/data/phases24_c48_seed45.in,ARC LIRS LFU ARC,4,12 12 12 12,48,10000,7581,2419,0.7581,9756,244,0.9756,2175
configs/exp4/arc_lirs_lfu_lfu.cfg,experiments/data/phases24_c48_seed45.in,ARC LIRS LFU LFU,4,12 12 12 12,48,10000,6846,3154,0.6846,9756,244,0.9756,2910
configs/exp4/arc_lirs_lfu_lirs.cfg,experiments/data/phases24_c48_seed45.in,ARC LIRS LFU LIRS,4,12 12 12 12,48,10000,7470,2530,0.747,9756,244,0.9756,2286
configs/exp4/arc_lirs_lfu_lru.cfg,experiments/data/phases24_c48_seed45.in,ARC LIRS LFU LRU,4,12 12 12 12,48,10000,7572,2428,0.7572,9756,244,0.9756,2184
configs/exp4/arc_lirs_lirs.cfg,experiments/data/phases24_c48_seed45.in,ARC LIRS LIRS,3,16 16 16,48,10000,8617,1383,0.8617,9756,244,0.9756,1139
configs/exp4/arc_lirs_lirs_2q.cfg,experiments/data/phases24_c48_seed45.in,ARC LIRS LIRS 2Q,4,12 12 12 12,48,10000,7449,2551,0.7449,9756,244,0.9756,2307
configs/exp4/arc_lirs_lirs_arc.cfg,experiments/data/phases24_c48_seed45.in,ARC LIRS LIRS ARC,4,12 12 12 12,48,10000,7720,2280,0.772,9756,244,0.9756,2036
configs/exp4/arc_lirs_lirs_lfu.cfg,experiments/data/phases24_c48_seed45.in,ARC LIRS LIRS LFU,4,12 12 12 12,48,10000,7249,2751,0.7249,9756,244,0.9756,2507
configs/exp4/arc_lirs_lirs_lirs.cfg,experiments/data/phases24_c48_seed45.in,ARC LIRS LIRS LIRS,4,12 12 12 12,48,10000,7358,2642,0.7358,9756,244,0.9756,2398
configs/exp4/arc_lirs_lirs_lru.cfg,experiments/data/phases24_c48_seed45.in,ARC LIRS LIRS LRU,4,12 12 12 12,48,10000,7806,2194,0.7806,9756,244,0.9756,1950
configs/exp4/arc_lirs_lru.cfg,experiments/data/phases24_c48_seed45.in,ARC LIRS LRU,3,16 16 16,48,10000,8652,1348,0.8652,9756,244,0.9756,1104
configs/exp4/arc_lirs_lru_2q.cfg,experiments/data/phases24_c48_seed45.in,ARC LIRS LRU 2Q,4,12 12 12 12,48,10000,7658,2342,0.7658,9756,244,0.9756,2098
configs/exp4/arc_lirs_lru_arc.cfg,experiments/data/phases24_c48_seed45.in,ARC LIRS LRU ARC,4,12 12 12 12,48,10000,7600,2400,0.76,9756,244,0.9756,2156
configs/exp4/arc_lirs_lru_lfu.cfg,experiments/data/phases24_c48_seed45.in,ARC LIRS LRU LFU,4,12 12 12 12,48,10000,7257,2743,0.7257,9756,244,0.9756,2499
configs/exp4/arc_lirs_lru_lirs.cfg,experiments/data/phases24_c48_seed45.in,ARC LIRS LRU LIRS,4,12 12 12 12,48,10000,7908,2092,0.7908,9756,244,0.9756,1848
configs/exp4/arc_lirs_lru_lru.cfg,experiments/data/phases24_c48_seed45.in,ARC LIRS LRU LRU,4,12 12 12 12,48,10000,7319,2681,0.7319,9756,244,0.9756,2437
configs/exp4/arc_lru.cfg,experiments/data/phases24_c48_seed45.in,ARC LRU,2,24 24,48,10000,9334,666,0.9334,9756,244,0.9756,422
configs/exp4/arc_lru_2q.cfg,experiments/data/phases24_c48_seed45.in,ARC LRU 2Q,3,16 16 16,48,10000,8189,1811,0.8189,9756,244,0.9756,1567
configs/exp4/arc_lru_2q_2q.cfg,experiments/data/phases24_c48_seed45.in,ARC LRU 2Q 2Q,4,12 12 12 12,48,10000,7196,2804,0.7196,9756,244,0.9756,2560
configs/exp4/arc_lru_2q_arc.cfg,experiments/data/phases24_c48_seed45.in,ARC LRU 2Q ARC,4,12 12 12 12,48,10000,7465,2535,0.7465,9756,244,0.9756,2291
configs/exp4/arc_lru_2q_lfu.cfg,experiments/data/phases24_c48_seed45.in,ARC LRU 2Q LFU,4,12 12 12 12,48,10000,6878,3122,0.6878,9756,244,0.9756,2878
configs/exp4/arc_lru_2q_lirs.cfg,experiments/data/phases24_c48_seed45.in,ARC LRU 2Q LIRS,4,12 12 12 12,48,10000,7729,2271,0.7729,9756,244,0.9756,2027
configs/exp4/arc_lru_2q_lru.cfg,experiments/data/phases24_c48_seed45.in,ARC LRU 2Q LRU,4,12 12 12 12,48,10000,7229,2771,0.7229,9756,244,0.9756,2527
configs/exp4/arc_lru_arc.cfg,experiments/data/phases24_c48_seed45.in,ARC LRU ARC,3,16 16 16,48,10000,8214,1786,0.8214,9756,244,0.9756,1542
configs/exp4/arc_lru_arc_2q.cfg,experiments/data/phases24_c48_seed45.in,ARC LRU ARC 2Q,4,12 12 12 12,48,10000,7033,2967,0.7033,9756,244,0.9756,2723
configs/exp4/arc_lru_arc_arc.cfg,experiments/data/phases24_c48_seed45.in,ARC LRU ARC ARC,4,12 12 12 12,48,10000,6653,3347,0.6653,9756,244,0.9756,3103
configs/exp4/arc_lru_arc_lfu.cfg,experiments/data/phases24_c48_seed45.in,ARC LRU ARC LFU,4,12 12 12 12,48,10000,6503,3497,0.6503,9756,244,0.9756,3253
configs/exp4/arc_lru_arc_lirs.cfg,experiments/data/phases24_c48_seed45.in,ARC LRU ARC LIRS,4,12 12 12 12,48,10000,7212,2788,0.7212,9756,244,0.9756,2544
configs/exp4/arc_lru_arc_lru.cfg,experiments/data/phases24_c48_seed45.in,ARC LRU ARC LRU,4,12 12 12 12,48,10000,6514,3486,0.6514,9756,244,0.9756,3242
configs/exp4/arc_lru_lfu.cfg,experiments/data/phases24_c48_seed45.in,ARC LRU LFU,3,16 16 16,48,10000,7758,2242,0.7758,9756,244,0.9756,1998
configs/exp4/arc_lru_lfu_2q.cfg,experiments/data/phases24_c48_seed45.in,ARC LRU LFU 2Q,4,12 12 12 12,48,10000,6900,3100,0.69,9756,244,0.9756,2856
configs/exp4/arc_lru_lfu_arc.cfg,experiments/data/phases24_c48_seed45.in,ARC LRU LFU ARC,4,12 12 12 12,48,10000,6681,3319,0.6681,9756,244,0.9756,3075
configs/exp4/arc_lru_lfu_lfu.cfg,experiments/data/phases24_c48_seed45.in,ARC LRU LFU LFU,4,12 12 12 12,48,10000,6245,3755,0.6245,9756,244,0.9756,3511
configs/exp4/arc_lru_lfu_lirs.cfg,experiments/data/phases24_c48_seed45.in,ARC LRU LFU LIRS,4,12 12 12 12,48,10000,7258,2742,0.7258,9756,244,0.9756,2498
configs/exp4/arc_lru_lfu_lru.cfg,experiments/data/phases24_c48_seed45.in,ARC LRU LFU LRU,4,12 12 12 12,48,10000,6293,3707,0.6293,9756,244,0.9756,3463
configs/exp4/arc_lru_lirs.cfg,experiments/data/phases24_c48_seed45.in,ARC LRU LIRS,3,16 16 16,48,10000,8526,1474,0.8526,9756,244,0.9756,1230
configs/exp4/arc_lru_lirs_2q.cfg,experiments/data/phases24_c48_seed45.in,ARC LRU LIRS 2Q,4,12 12 12 12,48,10000,7485,2515,0.7485,9756,244,0.9756,2271
configs/exp4/arc_lru_lirs_arc.cfg,experiments/data/phases24_c48_seed45.in,ARC LRU LIRS ARC,4,12 12 12 12,48,10000,7531,2469,0.7531,9756,244,0.9756,2225
configs/exp4/arc_lru_lirs_lfu.cfg,experiments/data/phases24_c48_seed45.in,ARC LRU LIRS LFU,4,12 12 12 12,48,10000,7150,2850,0.715,9756,244,0.9756,2606
configs/exp4/arc_lru_lirs_lirs.cfg,experiments/data/phases24_c48_seed45.in,ARC LRU LIRS LIRS,4,12 12 12 12,48,10000,7568,2432,0.7568,9756,244,0.9756,2188
configs/exp4/arc_lru_lirs_lru.cfg,experiments/data/phases24_c48_seed45.in,ARC LRU LIRS LRU,4,12 12 12 12,48,10000,7444,2556,0.7444,9756,244,0.9756,2312
configs/exp4/arc_lru_lru.cfg,experiments/data/phases24_c48_seed45.in,ARC LRU LRU,3,16 16 16,48,10000,7830,2170,0.783,9756,244,0.9756,1926
configs/exp4/arc_lru_lru_2q.cfg,experiments/data/phases24_c48_seed45.in,ARC LRU LRU 2Q,4,12 12 12 12,48,10000,6340,3660,0.634,9756,244,0.9756,3416
configs/exp4/arc_lru_lru_arc.cfg,experiments/data/phases24_c48_seed45.in,ARC LRU LRU ARC,4,12 12 12 12,48,10000,6407,3593,0.6407,9756,244,0.9756,3349
configs/exp4/arc_lru_lru_lfu.cfg,experiments/data/phases24_c48_seed45.in,ARC LRU LRU LFU,4,12 12 12 12,48,10000,6017,3983,0.6017,9756,244,0.9756,3739
configs/exp4/arc_lru_lru_lirs.cfg,experiments/data/phases24_c48_seed45.in,ARC LRU LRU LIRS,4,12 12 12 12,48,10000,7048,2952,0.7048,9756,244,0.9756,2708
configs/exp4/arc_lru_lru_lru.cfg,experiments/data/phases24_c48_seed45.in,ARC LRU LRU LRU,4,12 12 12 12,48,10000,5944,4056,0.5944,9756,244,0.9756,3812
configs/exp4/lfu_2q.cfg,experiments/data/phases24_c48_seed45.in,LFU 2Q,2,24 24,48,10000,8929,1071,0.8929,9756,244,0.9756,827
configs/exp4/lfu_2q_2q.cfg,experiments/data/phases24_c48_seed45.in,LFU 2Q 2Q,3,16 16 16,48,10000,8118,1882,0.8118,9756,244,0.9756,1638
configs/exp4/lfu_2q_2q_2q.cfg,experiments/data/phases24_c48_seed45.in,LFU 2Q 2Q 2Q,4,12 12 12 12,48,10000,7398,2602,0.7398,9756,244,0.9756,2358
configs/exp4/lfu_2q_2q_arc.cfg,experiments/data/phases24_c48_seed45.in,LFU 2Q 2Q ARC,4,12 12 12 12,48,10000,7683,2317,0.7683,9756,244,0.9756,2073
configs/exp4/lfu_2q_2q_lfu.cfg,experiments/data/phases24_c48_seed45.in,LFU 2Q 2Q LFU,4,12 12 12 12,48,10000,6887,3113,0.6887,9756,244,0.9756,2869
configs/exp4/lfu_2q_2q_lirs.cfg,experiments/data/phases24_c48_seed45.in,LFU 2Q 2Q LIRS,4,12 12 12 12,48,10000,7509,2491,0.7509,9756,244,0.9756,2247
configs/exp4/lfu_2q_2q_lru.cfg,experiments/data/phases24_c48_seed45.in,LFU 2Q 2Q LRU,4,12 12 12 12,48,10000,7680,2320,0.768,9756,244,0.9756,2076
configs/exp4/lfu_2q_arc.cfg,experiments/data/phases24_c48_seed45.in,LFU 2Q ARC,3,16 16 16,48,10000,8207,1793,0.8207,9756,244,0.9756,1549
configs/exp4/lfu_2q_arc_2q.cfg,experiments/data/phases24_c48_seed45.in,LFU 2Q ARC 2Q,4,12 12 12 12,48,10000,7606,2394,0.7606,9756,244,0.9756,2150
configs/exp4/lfu_2q_arc_arc.cfg,experiments/data/phases24_c48_seed45.in,LFU 2Q ARC ARC,4,12 12 12 12,48,10000,7403,2597,0.7403,9756,244,0.9756,2353
configs/exp4/lfu_2q_arc_lfu.cfg,experiments/data/phases24_c48_seed45.in,LFU 2Q ARC LFU,4,12 12 12 12,48,10000,6986,3014,0.6986,9756,244,0.9756,2770
configs/exp4/lfu_2q_arc_lirs.cfg,experiments/data/phases24_c48_seed45.in,LFU 2Q ARC LIRS,4,12 12 12 12,48,10000,7650,2350,0.765,9756,244,0.9756,2106
configs/exp4/lfu_2q_arc_lru.cfg,experiments/data/phases24_c48_seed45.in,LFU 2Q ARC LRU,4,12 12 12 12,48,10000,7360,2640,0.736,9756,244,0.9756,2396
configs/exp4/lfu_2q_lfu.cfg,experiments/data/phases24_c48_seed45.in,LFU 2Q LFU,3,16 16 16,48,10000,7323,2677,0.7323,9756,244,0.9756,2433
configs/exp4/lfu_2q_lfu_2q.cfg,experiments/data/phases24_c48_seed45.in,LFU 2Q LFU 2Q,4,12 12 12 12,48,10000,6943,3057,0.6943,9756,244,0.9756,2813
configs/exp4/lfu_2q_lfu_arc.cfg,experiments/data/phases24_c48_seed45.in,LFU 2Q LFU ARC,4,12 12 12 12,48,10000,7045,2955,0.7045,9756,244,0.9756,2711
configs/exp4/lfu_2q_lfu_lfu.cfg,experiments/data/phases24_c48_seed45.in,LFU 2Q LFU LFU,4,12 12 12 12,48,10000,6048,3952,0.6048,9756,244,0.9756,3708
configs/exp4/lfu_2q_lfu_lirs.cfg,experiments/data/phases24_c48_seed45.in,LFU 2Q LFU LIRS,4,12 12 12 12,48,10000,7100,2900,0.71,9756,244,0.9756,2656
configs/exp4/lfu_2q_lfu_lru.cfg,experiments/data/phases24_c48_seed45.in,LFU 2Q LFU LRU,4,12 12 12 12,48,10000,7071,2929,0.7071,9756,244,0.9756,2685
configs/exp4/lfu_2q_lirs.cfg,experiments/data/phases24_c48_seed45.in,LFU 2Q LIRS,3,16 16 16,48,10000,8295,1705,0.8295,9756,244,0.9756,1461
configs/exp4/lfu_2q_lirs_2q.cfg,experiments/data/phases24_c48_seed45.in,LFU 2Q LIRS 2Q,4,12 12 12 12,48,10000,7574,2426,0.7574,9756,244,0.9756,2182
configs/exp4/lfu_2q_lirs_arc.cfg,experiments/data/phases24_c48_seed45.in,LFU 2Q LIRS ARC,4,12 12 12 12,48,10000,7804,2196,0.7804,9756,244,0.9756,1952
configs/exp4/lfu_2q_lirs_lfu.cfg,experiments/data/phases24_c48_seed45.in,LFU 2Q LIRS LFU,4,12 12 12 12,48,10000,7045,2955,0.7045,9756,244,0.9756,2711
configs/exp4/lfu_2q_lirs_lirs.cfg,experiments/data/phases24_c48_seed45.in,LFU 2Q LIRS LIRS,4,12 12 12 12,48,10000,7532,2468,0.7532,9756,244,0.9756,2224
configs/exp4/lfu_2q_lirs_lru.cfg,experiments/data/phases24_c48_seed45.in,LFU 2Q LIRS LRU,4,12 12 12 12,48,10000,7863,2137,0.7863,9756,244,0.9756,1893
configs/exp4/lfu_2q_lru.cfg,experiments/data/phases24_c48_seed45.in,LFU 2Q LRU,3,16 16 16,48,10000,8053,1947,0.8053,9756,244,0.9756,1703
configs/exp4/lfu_2q_lru_2q.cfg,experiments/data/phases24_c48_seed45.in,LFU 2Q LRU 2Q,4,12 12 12 12,48,10000,7539,2461,0.7539,9756,244,0.9756,2217
configs/exp4/lfu_2q_lru_arc.cfg,experiments/data/phases24_c48_seed45.in,LFU 2Q LRU ARC,4,12 12 12 12,48,10000,7429,2571,0.7429,9756,244,0.9756,2327
configs/exp4/lfu_2q_lru_lfu.cfg,experiments/data/phases24_c48_seed45.in,LFU 2Q LRU LFU,4,12 12 12 12,48,10000,6934,3066,0.6934,9756,244,0.9756,2822
configs/exp4/lfu_2q_lru_lirs.cfg,experiments/data/phases24_c48_seed45.in,LFU 2Q LRU LIRS,4,12 12 12 12,48,10000,7796,2204,0.7796,9756,244,0.9756,1960
configs/exp4/lfu_2q_lru_lru.cfg,experiments/data/phases24_c48_seed45.in,LFU 2Q LRU LRU,4,12 12 12 12,48,10000,7114,2886,0.7114,9756,244,0.9756,2642
configs/exp4/lfu_arc.cfg,experiments/data/phases24_c48_seed45.in,LFU ARC,2,24 24,48,10000,9291,709,0.9291,9756,244,0.9756,465
configs/exp4/lfu_arc_2q.cfg,experiments/data/phases24_c48_seed45.in,LFU ARC 2Q,3,16 16 16,48,10000,8177,1823,0.8177,9756,244,0.9756,1579
configs/exp4/lfu_arc_2q_2q.cfg,experiments/data/phases24_c48_seed45.in,LFU ARC 2Q 2Q,4,12 12 12 12,48,10000,7538,2462,0.7538,9756,244,0.9756,2218
configs/exp4/lfu_arc_2q_arc.cfg,experiments/data/phases24_c48_seed45.in,LFU ARC 2Q ARC,4,12 12 12 12,48,10000,7628,2372,0.7628,9756,244,0.9756,2128
configs/exp4/lfu_arc_2q_lfu.cfg,experiments/data/phases24_c48_seed45.in,LFU ARC 2Q LFU,4,12 12 12 12,48,10000,6998,3002,0.6998,9756,244,0.9756,2758
configs/exp4/lfu_arc_2q_lirs.cfg,experiments/data/phases24_c48_seed45.in,LFU ARC 2Q LIRS,4,12 12 12 12,48,10000,7689,2311,0.7689,9756,244,0.9756,2067
configs/exp4/lfu_arc_2q_lru.cfg,experiments/data/phases24_c48_seed45.in,LFU ARC 2Q LRU,4,12 12 12 12,48,10000,7644,2356,0.7644,9756,244,0.9756,2112
configs/exp4/lfu_arc_arc.cfg,experiments/data/phases24_c48_seed45.in,LFU ARC ARC,3,16 16 16,48,10000,8193,1807,0.8193,9756,244,0.9756,1563
configs/exp4/lfu_arc_arc_2q.cfg,experiments/data/phases24_c48_seed45.in,LFU ARC ARC 2Q,4,12 12 12 12,48,10000,7486,2514,0.7486,9756,244,0.9756,2270
configs/exp4/lfu_arc_arc_arc.cfg,experiments/data/phases24_c48_seed45.in,LFU ARC ARC ARC,4,12 12 12 12,48,10000,7163,2837,0.7163,9756,244,0.9756,2593
configs/exp4/lfu_arc_arc_lfu.cfg,experiments/data/phases24_c48_seed45.in,LFU ARC ARC LFU,4,12 12 12 12,48,10000,6856,3144,0.6856,9756,244,0.9756,2900
configs/exp4/lfu_arc_arc_lirs.cfg,experiments/data/phases24_c48_seed45.in,LFU ARC ARC LIRS,4,12 12 12 12,48,10000,7512,2488,0.7512,9756,244,0.9756,2244
configs/exp4/lfu_arc_arc_lru.cfg,experiments/data/phases24_c48_seed45.in,LFU ARC ARC LRU,4,12 12 12 12,48,10000,7098,2902,0.7098,9756,244,0.9756,2658
configs/exp4/lfu_arc_lfu.cfg,experiments/data/phases24_c48_seed45.in,LFU ARC LFU,3,16 16 16,48,10000,7469,2531,0.7469,9756,244,0.9756,2287
configs/exp4/lfu_arc_lfu_2q.cfg,experiments/data/phases24_c48_seed45.in,LFU ARC LFU 2Q,4,12 12 12 12,48,10000,7016,2984,0.7016,9756,244,0.9756,2740
configs/exp4/lfu_arc_lfu_arc.cfg,experiments/data/phases24_c48_seed45.in,LFU ARC LFU ARC,4,12 12 12 12,48,10000,6801,3199,0.6801,9756,244,0.9756,2955
configs/exp4/lfu_arc_lfu_lfu.cfg,experiments/data/phases24_c48_seed45.in,LFU ARC LFU LFU,4,12 12 12 12,48,10000,6080,3920,0.608,9756,244,0.9756,3676
configs/exp4/lfu_arc_lfu_lirs.cfg,experiments/data/phases24_c48_seed45.in,LFU ARC LFU LIRS,4,12 12 12 12,48,10000,7094,2906,0.7094,9756,244,0.9756,2662
configs/exp4/lfu_arc_lfu_lru.cfg,experiments/data/phases24_c48_seed45.in,LFU ARC LFU LRU,4,12 12 12 12,48,10000,6736,3264,0.6736,9756,244,0.9756,3020
configs/exp4/lfu_arc_lirs.cfg,experiments/data/phases24_c48_seed45.in,LFU ARC LIRS,3,16 16 16,48,10000,8338,1662,0.8338,9756,244,0.9756,1418
configs/exp4/lfu_arc_lirs_2q.cfg,experiments/data/phases24_c48_seed45.in,LFU ARC LIRS 2Q,4,12 12 12 12,48,10000,7605,2395,0.7605,9756,244,0.9756,2151
configs/exp4/lfu_arc_lirs_arc.cfg,experiments/data/phases24_c48_seed45.in,LFU ARC LIRS ARC,4,12 12 12 12,48,10000,7690,2310,0.769,9756,244,0.9756,2066
configs/exp4/lfu_arc_lirs_lfu.cfg,experiments/data/phases24_c48_seed45.in,LFU ARC LIRS LFU,4,12 12 12 12,48,10000,7119,2881,0.7119,9756,244,0.9756,2637
configs/exp4/lfu_arc_lirs_lirs.cfg,experiments/data/phases24_c48_seed45.in,LFU ARC LIRS LIRS,4,12 12 12 12,48,10000,7563,2437,0.7563,9756,244,0.9756,2193
configs/exp4/lfu_arc_lirs_lru.cfg,experiments/data/phases24_c48_seed45.in,LFU ARC LIRS LRU,4,12 12 12 12,48,10000,7743,2257,0.7743,9756,244,0.9756,2013
configs/exp4/lfu_arc_lru.cfg,experiments/data/phases24_c48_seed45.in,LFU ARC LRU,3,16 16 16,48,10000,8089,1911,0.8089,9756,244,0.9756,1667
configs/exp4/lfu_arc_lru_2q.cfg,experiments/data/phases24_c48_seed45.in,LFU ARC LRU 2Q,4,12 12 12 12,48,10000,7163,2837,0.7163,9756,244,0.9756,2593
configs/exp4/lfu_arc_lru_arc.cfg,experiments/data/phases24_c48_seed45.in,LFU ARC LRU ARC,4,12 12 12 12,48,10000,7108,2892,0.7108,9756,244,0.9756,2648
configs/exp4/lfu_arc_lru_lfu.cfg,experiments/data/phases24_c48_seed45.in,LFU ARC LRU LFU,4,12 12 12 12,48,10000,6611,3389,0.6611,9756,244,0.9756,3145
configs/exp4/lfu_arc_lru_lirs.cfg,experiments/data/phases24_c48_seed45.in,LFU ARC LRU LIRS,4,12 12 12 12,48,10000,7583,2417,0.7583,9756,244,0.9756,2173
configs/exp4/lfu_arc_lru_lru.cfg,experiments/data/phases24_c48_seed45.in,LFU ARC LRU LRU,4,12 12 12 12,48,10000,6740,3260,0.674,9756,244,0.9756,3016
configs/exp4/lfu_lfu_2q.cfg,experiments/data/phases24_c48_seed45.in,LFU LFU 2Q,3,16 16 16,48,10000,7323,2677,0.7323,9756,244,0.9756,2433
configs/exp4/lfu_lfu_2q_2q.cfg,experiments/data/phases24_c48_seed45.in,LFU LFU 2Q 2Q,4,12 12 12 12,48,10000,6904,3096,0.6904,9756,244,0.9756,2852
configs/exp4/lfu_lfu_2q_arc.cfg,experiments/data/phases24_c48_seed45.in,LFU LFU 2Q ARC,4,12 12 12 12,48,10000,6988,3012,0.6988,9756,244,0.9756,2768
configs/exp4/lfu_lfu_2q_lfu.cfg,experiments/data/phases24_c48_seed45.in,LFU LFU 2Q LFU,4,12 12 12 12,48,10000,6372,3628,0.6372,9756,244,0.9756,3384
configs/exp4/lfu_lfu_2q_lirs.cfg,experiments/data/phases24_c48_seed45.in,LFU LFU 2Q LIRS,4,12 12 12 12,48,10000,7049,2951,0.7049,9756,244,0.9756,2707
configs/exp4/lfu_lfu_2q_lru.cfg,experiments/data/phases24_c48_seed45.in,LFU LFU 2Q LRU,4,12 12 12 12,48,10000,7008,2992,0.7008,9756,244,0.9756,2748
configs/exp4/lfu_lfu_arc.cfg,experiments/data/phases24_c48_seed45.in,LFU LFU ARC,3,16 16 16,48,10000,7426,2574,0.7426,9756,244,0.9756,2330
configs/exp4/lfu_lfu_arc_2q.cfg,experiments/data/phases24_c48_seed45.in,LFU LFU ARC 2Q,4,12 12 12 12,48,10000,6912,3088,0.6912,9756,244,0.9756,2844
configs/exp4/lfu_lfu_arc_arc.cfg,experiments/data/phases24_c48_seed45.in,LFU LFU ARC ARC,4,12 12 12 12,48,10000,6739,3261,0.6739,9756,244,0.9756,3017
configs/exp4/lfu_lfu_arc_lfu.cfg,experiments/data/phases24_c48_seed45.in,LFU LFU ARC LFU,4,12 12 12 12,48,10000,6434,3566,0.6434,9756,244,0.9756,3322
configs/exp4/lfu_lfu_arc_lirs.cfg,experiments/data/phases24_c48_seed45.in,LFU LFU ARC LIRS,4,12 12 12 12,48,10000,7046,2954,0.7046,9756,244,0.9756,2710
configs/exp4/lfu_lfu_arc_lru.cfg,experiments/data/phases24_c48_seed45.in,LFU LFU ARC LRU,4,12 12 12 12,48,10000,6699,3301,0.6699,9756,244,0.9756,3057
configs/exp4/lfu_lfu_lfu_2q.cfg,experiments/data/phases24_c48_seed45.in,LFU LFU LFU 2Q,4,12 12 12 12,48,10000,6684,3316,0.6684,9756,244,0.9756,3072
configs/exp4/lfu_lfu_lfu_arc.cfg,experiments/data/phases24_c48_seed45.in,LFU LFU LFU ARC,4,12 12 12 12,48,10000,6721,3279,0.6721,9756,244,0.9756,3035
configs/exp4/lfu_lfu_lfu_lirs.cfg,experiments/data/phases24_c48_seed45.in,LFU LFU LFU LIRS,4,12 12 12 12,48,10000,6737,3263,0.6737,9756,244,0.9756,3019
configs/exp4/lfu_lfu_lfu_lru.cfg,experiments/data/phases24_c48_seed45.in,LFU LFU LFU LRU,4,12 12 12 12,48,10000,6641,3359,0.6641,9756,244,0.9756,3115
configs/exp4/lfu_lfu_lirs.cfg,experiments/data/phases24_c48_seed45.in,LFU LFU LIRS,3,16 16 16,48,10000,7478,2522,0.7478,9756,244,0.9756,2278
configs/exp4/lfu_lfu_lirs_2q.cfg,experiments/data/phases24_c48_seed45.in,LFU LFU LIRS 2Q,4,12 12 12 12,48,10000,7109,2891,0.7109,9756,244,0.9756,2647
configs/exp4/lfu_lfu_lirs_arc.cfg,experiments/data/phases24_c48_seed45.in,LFU LFU LIRS ARC,4,12 12 12 12,48,10000,7266,2734,0.7266,9756,244,0.9756,2490
configs/exp4/lfu_lfu_lirs_lfu.cfg,experiments/data/phases24_c48_seed45.in,LFU LFU LIRS LFU,4,12 12 12 12,48,10000,6503,3497,0.6503,9756,244,0.9756,3253
configs/exp4/lfu_lfu_lirs_lirs.cfg,experiments/data/phases24_c48_seed45.in,LFU LFU LIRS LIRS,4,12 12 12 12,48,10000,6991,3009,0.6991,9756,244,0.9756,2765
configs/exp4/lfu_lfu_lirs_lru.cfg,experiments/data/phases24_c48_seed45.in,LFU LFU LIRS LRU,4,12 12 12 12,48,10000,7357,2643,0.7357,9756,244,0.9756,2399
configs/exp4/lfu_lfu_lru.cfg,experiments/data/phases24_c48_seed45.in,LFU LFU LRU,3,16 16 16,48,10000,7302,2698,0.7302,9756,244,0.9756,2454
configs/exp4/lfu_lfu_lru_2q.cfg,experiments/data/phases24_c48_seed45.in,LFU LFU LRU 2Q,4,12 12 12 12,48,10000,6933,3067,0.6933,9756,244,0.9756,2823
configs/exp4/lfu_lfu_lru_arc.cfg,experiments/data/phases24_c48_seed45.in,LFU LFU LRU ARC,4,12 12 12 12,48,10000,6660,3340,0.666,9756,244,0.9756,3096
configs/exp4/lfu_lfu_lru_lfu.cfg,experiments/data/phases24_c48_seed45.in,LFU LFU LRU LFU,4,12 12 12 12,48,10000,6212,3788,0.6212,9756,244,0.9756,3544
configs/exp4/lfu_lfu_lru_lirs.cfg,experiments/data/phases24_c48_seed45.in,LFU LFU LRU LIRS,4,12 12 12 12,48,10000,7141,2859,0.7141,9756,244,0.9756,2615
configs/exp4/lfu_lfu_lru_lru.cfg,experiments/data/phases24_c48_seed45.in,LFU LFU LRU LRU,4,12 12 12 12,48,10000,6378,3622,0.6378,9756,244,0.9756,3378
configs/exp4/lfu_lirs.cfg,experiments/data/phases24_c48_seed45.in,LFU LIRS,2,24 24,48,10000,9309,691,0.9309,9756,244,0.9756,447
configs/exp4/lfu_lirs_2q.cfg,experiments/data/phases24_c48_seed45.in,LFU LIRS 2Q,3,16 16 16,48,10000,8450,1550,0.845,9756,244,0.9756,1306
configs/exp4/lfu_lirs_2q_2q.cfg,experiments/data/phases24_c48_seed45.in,LFU LIRS 2Q 2Q,4,12 12 12 12,48,10000,7589,2411,0.7589,9756,244,0.9756,2167
configs/exp4/lfu_lirs_2q_arc.cfg,experiments/data/phases24_c48_seed45.in,LFU LIRS 2Q ARC,4,12 12 12 12,48,10000,7748,2252,0.7748,9756,244,0.9756,2008
configs/exp4/lfu_lirs_2q_lfu.cfg,experiments/data/phases24_c48_seed45.in,LFU LIRS 2Q LFU,4,12 12 12 12,48,10000,7161,2839,0.7161,9756,244,0.9756,2595
configs/exp4/lfu_lirs_2q_lirs.cfg,experiments/data/phases24_c48_seed45.in,LFU LIRS 2Q LIRS,4,12 12 12 12,48,10000,7664,2336,0.7664,9756,244,0.9756,2092
configs/exp4/lfu_lirs_2q_lru.cfg,experiments/data/phases24_c48_seed45.in,LFU LIRS 2Q LRU,4,12 12 12 12,48,10000,7776,2224,0.7776,9756,244,0.9756,1980
configs/exp4/lfu_lirs_arc.cfg,experiments/data/phases24_c48_seed45.in,LFU LIRS ARC,3,16 16 16,48,10000,8461,1539,0.8461,9756,244,0.9756,1295
configs/exp4/lfu_lirs_arc_2q.cfg,experiments/data/phases24_c48_seed45.in,LFU LIRS ARC 2Q,4,12 12 12 12,48,10000,7829,2171,0.7829,9756,244,0.9756,1927
configs/exp4/lfu_lirs_arc_arc.cfg,experiments/data/phases24_c48_seed45.in,LFU LIRS ARC ARC,4,12 12 12 12,48,10000,7647,2353,0.7647,9756,244,0.9756,2109
configs/exp4/lfu_lirs_arc_lfu.cfg,experiments/data/phases24_c48_seed45.in,LFU LIRS ARC LFU,4,12 12 12 12,48,10000,7361,2639,0.7361,9756,244,0.9756,2395
configs/exp4/lfu_lirs_arc_lirs.cfg,experiments/data/phases24_c48_seed45.in,LFU LIRS ARC LIRS,4,12 12 12 12,48,10000,7834,2166,0.7834,9756,244,0.9756,1922
configs/exp4/lfu_lirs_arc_lru.cfg,experiments/data/phases24_c48_seed45.in,LFU LIRS ARC LRU,4,12 12 12 12,48,10000,7634,2366,0.7634,9756,244,0.9756,2122
configs/exp4/lfu_lirs_lfu.cfg,experiments/data/phases24_c48_seed45.in,LFU LIRS LFU,3,16 16 16,48,10000,7582,2418,0.7582,9756,244,0.9756,2174
configs/exp4/lfu_lirs_lfu_2q.cfg,experiments/data/phases24_c48_seed45.in,LFU LIRS LFU 2Q,4,12 12 12 12,48,10000,7089,2911,0.7089,9756,244,0.9756,2667
configs/exp4/lfu_lirs_lfu_arc.cfg,experiments/data/phases24_c48_seed45.in,LFU LIRS LFU ARC,4,12 12 12 12,48,10000,7229,2771,0.7229,9756,244,0.9756,2527
configs/exp4/lfu_lirs_lfu_lfu.cfg,experiments/data/phases24_c48_seed45.in,LFU LIRS LFU LFU,4,12 12 12 12,48,10000,6302,3698,0.6302,9756,244,0.9756,3454
configs/exp4/lfu_lirs_lfu_lirs.cfg,experiments/data/phases24_c48_seed45.in,LFU LIRS LFU LIRS,4,12 12 12 12,48,10000,6972,3028,0.6972,9756,244,0.9756,2784
configs/exp4/lfu_lirs_lfu_lru.cfg,experiments/data/phases24_c48_seed45.in,LFU LIRS LFU LRU,4,12 12 12 12,48,10000,7329,2671,0.7329,9756,244,0.9756,2427
configs/exp4/lfu_lirs_lirs.cfg,experiments/data/phases24_c48_seed45.in,LFU LIRS LIRS,3,16 16 16,48,10000,8336,1664,0.8336,9756,244,0.9756,1420
configs/exp4/lfu_lirs_lirs_2q.cfg,experiments/data/phases24_c48_seed45.in,LFU LIRS LIRS 2Q,4,12 12 12 12,48,10000,7558,2442,0.7558,9756,244,0.9756,2198
configs/exp4/lfu_lirs_lirs_arc.cfg,experiments/data/phases24_c48_seed45.in,LFU LIRS LIRS ARC,4,12 12 12 12,48,10000,7799,2201,0.7799,9756,244,0.9756,1957
configs/exp4/lfu_lirs_lirs_lfu.cfg,experiments/data/phases24_c48_seed45.in,LFU LIRS LIRS LFU,4,12 12 12 12,48,10000,7023,2977,0.7023,9756,244,0.9756,2733
configs/exp4/lfu_lirs_lirs_lirs.cfg,experiments/data/phases24_c48_seed45.in,LFU LIRS LIRS LIRS,4,12 12 12 12,48,10000,7450,2550,0.745,9756,244,0.9756,2306
configs/exp4/lfu_lirs_lirs_lru.cfg,experiments/data/phases24_c48_seed45.in,LFU LIRS LIRS LRU,4,12 12 12 12,48,10000,7900,2100,0.79,9756,244,0.9756,1856
configs/exp4/lfu_lirs_lru.cfg,experiments/data/phases24_c48_seed45.in,LFU LIRS LRU,3,16 16 16,48,10000,8467,1533,0.8467,9756,244,0.9756,1289
configs/exp4/lfu_lirs_lru_2q.cfg,experiments/data/phases24_c48_seed45.in,LFU LIRS LRU 2Q,4,12 12 12 12,48,10000,7807,2193,0.7807,9756,244,0.9756,1949
configs/exp4/lfu_lirs_lru_arc.cfg,experiments/data/phases24_c48_seed45.in,LFU LIRS LRU ARC,4,12 12 12 12,48,10000,7698,2302,0.7698,9756,244,0.9756,2058
configs/exp4/lfu_lirs_lru_lfu.cfg,experiments/data/phases24_c48_seed45.in,LFU LIRS LRU LFU,4,12 12 12 12,48,10000,7396,2604,0.7396,9756,244,0.9756,2360
configs/exp4/lfu_lirs_lru_lirs.cfg,experiments/data/phases24_c48_seed45.in,LFU LIRS LRU LIRS,4,12 12 12 12,48,10000,8011,1989,0.8011,9756,244,0.9756,1745
configs/exp4/lfu_lirs_lru_lru.cfg,experiments/data/phases24_c48_seed45.in,LFU LIRS LRU LRU,4,12 12 12 12,48,10000,7435,2565,0.7435,9756,244,0.9756,2321
configs/exp4/lfu_lru.cfg,experiments/data/phases24_c48_seed45.in,LFU LRU,2,24 24,48,10000,9095,905,0.9095,9756,244,0.9756,661
configs/exp4/lfu_lru_2q.cfg,experiments/data/phases24_c48_seed45.in,LFU LRU 2Q,3,16 16 16,48,10000,7918,2082,0.7918,9756,244,0.9756,1838
configs/exp4/lfu_lru_2q_2q.cfg,experiments/data/phases24_c48_seed45.in,LFU LRU 2Q 2Q,4,12 12 12 12,48,10000,7494,2506,0.7494,9756,244,0.9756,2262
configs/exp4/lfu_lru_2q_arc.cfg,experiments/data/phases24_c48_seed45.in,LFU LRU 2Q ARC,4,12 12 12 12,48,10000,7712,2288,0.7712,9756,244,0.9756,2044
configs/exp4/lfu_lru_2q_lfu.cfg,experiments/data/phases24_c48_seed45.in,LFU LRU 2Q LFU,4,12 12 12 12,48,10000,6933,3067,0.6933,9756,244,0.9756,2823
configs/exp4/lfu_lru_2q_lirs.cfg,experiments/data/phases24_c48_seed45.in,LFU LRU 2Q LIRS,4,12 12 12 12,48,10000,7745,2255,0.7745,9756,244,0.9756,2011
configs/exp4/lfu_lru_2q_lru.cfg,experiments/data/phases24_c48_seed45.in,LFU LRU 2Q LRU,4,12 12 12 12,48,10000,7623,2377,0.7623,9756,244,0.9756,2133
configs/exp4/lfu_lru_arc.cfg,experiments/data/phases24_c48_seed45.in,LFU LRU ARC,3,16 16 16,48,10000,7993,2007,0.7993,9756,244,0.9756,1763
configs/exp4/lfu_lru_arc_2q.cfg,experiments/data/phases24_c48_seed45.in,LFU LRU ARC 2Q,4,12 12 12 12,48,10000,7365,2635,0.7365,9756,244,0.9756,2391
configs/exp4/lfu_lru_arc_arc.cfg,experiments/data/phases24_c48_seed45.in,LFU LRU ARC ARC,4,12 12 12 12,48,10000,7047,2953,0.7047,9756,244,0.9756,2709
configs/exp4/lfu_lru_arc_lfu.cfg,experiments/data/phases24_c48_seed45.in,LFU LRU ARC LFU,4,12 12 12 12,48,10000,6662,3338,0.6662,9756,244,0.9756,3094
configs/exp4/lfu_lru_arc_lirs.cfg,experiments/data/phases24_c48_seed45.in,LFU LRU ARC LIRS,4,12 12 12 12,48,10000,7464,2536,0.7464,9756,244,0.9756,2292
configs/exp4/lfu_lru_arc_lru.cfg,experiments/data/phases24_c48_seed45.in,LFU LRU ARC LRU,4,12 12 12 12,48,10000,6932,3068,0.6932,9756,244,0.9756,2824
configs/exp4/lfu_lru_lfu.cfg,experiments/data/phases24_c48_seed45.in,LFU LRU LFU,3,16 16 16,48,10000,7177,2823,0.7177,9756,244,0.9756,2579
configs/exp4/lfu_lru_lfu_2q.cfg,experiments/data/phases24_c48_seed45.in,LFU LRU LFU 2Q,4,12 12 12 12,48,10000,6998,3002,0.6998,9756,244,0.9756,2758
configs/exp4/lfu_lru_lfu_arc.cfg,experiments/data/phases24_c48_seed45.in,LFU LRU LFU ARC,4,12 12 12 12,48,10000,6711,3289,0.6711,9756,244,0.9756,3045
configs/exp4/lfu_lru_lfu_lfu.cfg,experiments/data/phases24_c48_seed45.in,LFU LRU LFU LFU,4,12 12 12 12,48,10000,5888,4112,0.5888,9756,244,0.9756,3868
configs/exp4/lfu_lru_lfu_lirs.cfg,experiments/data/phases24_c48_seed45.in,LFU LRU LFU LIRS,4,12 12 12 12,48,10000,7178,2822,0.7178,9756,244,0.9756,2578
configs/exp4/lfu_lru_lfu_lru.cfg,experiments/data/phases24_c48_seed45.in,LFU LRU LFU LRU,4,12 12 12 12,48,10000,6415,3585,0.6415,9756,244,0.9756,3341
configs/exp4/lfu_lru_lirs.cfg,experiments/data/phases24_c48_seed45.in,LFU LRU LIRS,3,16 16 16,48,10000,8289,1711,0.8289,9756,244,0.9756,1467
configs/exp4/lfu_lru_lirs_2q.cfg,experiments/data/phases24_c48_seed45.in,LFU LRU LIRS 2Q,4,12 12 12 12,48,10000,7608,2392,0.7608,9756,244,0.9756,2148
configs/exp4/lfu_lru_lirs_arc.cfg,experiments/data/phases24_c48_seed45.in,LFU LRU LIRS ARC,4,12 12 12 12,48,10000,7759,2241,0.7759,9756,244,0.9756,1997
configs/exp4/lfu_lru_lirs_lfu.cfg,experiments/data/phases24_c48_seed45.in,LFU LRU LIRS LFU,4,12 12 12 12,48,10000,7140,2860,0.714,9756,244,0.9756,2616
configs/exp4/lfu_lru_lirs_lirs.cfg,experiments/data/phases24_c48_seed45.in,LFU LRU LIRS LIRS,4,12 12 12 12,48,10000,7671,2329,0.7671,9756,244,0.9756,2085
configs/exp4/lfu_lru_lirs_lru.cfg,experiments/data/phases24_c48_seed45.in,LFU LRU LIRS LRU,4,12 12 12 12,48,10000,7757,2243,0.7757,9756,244,0.9756,1999
configs/exp4/lfu_lru_lru.cfg,experiments/data/phases24_c48_seed45.in,LFU LRU LRU,3,16 16 16,48,10000,7658,2342,0.7658,9756,244,0.9756,2098
configs/exp4/lfu_lru_lru_2q.cfg,experiments/data/phases24_c48_seed45.in,LFU LRU LRU 2Q,4,12 12 12 12,48,10000,6472,3528,0.6472,9756,244,0.9756,3284
configs/exp4/lfu_lru_lru_arc.cfg,experiments/data/phases24_c48_seed45.in,LFU LRU LRU ARC,4,12 12 12 12,48,10000,6804,3196,0.6804,9756,244,0.9756,2952
configs/exp4/lfu_lru_lru_lfu.cfg,experiments/data/phases24_c48_seed45.in,LFU LRU LRU LFU,4,12 12 12 12,48,10000,6228,3772,0.6228,9756,244,0.9756,3528
configs/exp4/lfu_lru_lru_lirs.cfg,experiments/data/phases24_c48_seed45.in,LFU LRU LRU LIRS,4,12 12 12 12,48,10000,7318,2682,0.7318,9756,244,0.9756,2438
configs/exp4/lfu_lru_lru_lru.cfg,experiments/data/phases24_c48_seed45.in,LFU LRU LRU LRU,4,12 12 12 12,48,10000,6385,3615,0.6385,9756,244,0.9756,3371
configs/exp4/lirs_2q.cfg,experiments/data/phases24_c48_seed45.in,LIRS 2Q,2,24 24,48,10000,9394,606,0.9394,9756,244,0.9756,362
configs/exp4/lirs_2q_2q.cfg,experiments/data/phases24_c48_seed45.in,LIRS 2Q 2Q,3,16 16 16,48,10000,8604,1396,0.8604,9756,244,0.9756,1152
configs/exp4/lirs_2q_2q_2q.cfg,experiments/data/phases24_c48_seed45.in,LIRS 2Q 2Q 2Q,4,12 12 12 12,48,10000,7447,2553,0.7447,9756,244,0.9756,2309
configs/exp4/lirs_2q_2q_arc.cfg,experiments/data/phases24_c48_seed45.in,LIRS 2Q 2Q ARC,4,12 12 12 12,48,10000,7719,2281,0.7719,9756,244,0.9756,2037
configs/exp4/lirs_2q_2q_lfu.cfg,experiments/data/phases24_c48_seed45.in,LIRS 2Q 2Q LFU,4,12 12 12 12,48,10000,7261,2739,0.7261,9756,244,0.9756,2495
configs/exp4/lirs_2q_2q_lirs.cfg,experiments/data/phases24_c48_seed45.in,LIRS 2Q 2Q LIRS,4,12 12 12 12,48,10000,7585,2415,0.7585,9756,244,0.9756,2171
configs/exp4/lirs_2q_2q_lru.cfg,experiments/data/phases24_c48_seed45.in,LIRS 2Q 2Q LRU,4,12 12 12 12,48,10000,7777,2223,0.7777,9756,244,0.9756,1979
configs/exp4/lirs_2q_arc.cfg,experiments/data/phases24_c48_seed45.in,LIRS 2Q ARC,3,16 16 16,48,10000,8619,1381,0.8619,9756,244,0.9756,1137
configs/exp4/lirs_2q_arc_2q.cfg,experiments/data/phases24_c48_seed45.in,LIRS 2Q ARC 2Q,4,12 12 12 12,48,10000,7777,2223,0.7777,9756,244,0.9756,1979
configs/exp4/lirs_2q_arc_arc.cfg,experiments/data/phases24_c48_seed45.in,LIRS 2Q ARC ARC,4,12 12 12 12,48,10000,7562,2438,0.7562,9756,244,0.9756,2194
configs/exp4/lirs_2q_arc_lfu.cfg,experiments/data/phases24_c48_seed45.in,LIRS 2Q ARC LFU,4,12 12 12 12,48,10000,7397,2603,0.7397,9756,244,0.9756,2359
configs/exp4/lirs_2q_arc_lirs.cfg,experiments/data/phases24_c48_seed45.in,LIRS 2Q ARC LIRS,4,12 12 12 12,48,10000,7810,2190,0.781,9756,244,0.9756,1946
configs/exp4/lirs_2q_arc_lru.cfg,experiments/data/phases24_c48_seed45.in,LIRS 2Q ARC LRU,4,12 12 12 12,48,10000,7501,2499,0.7501,9756,244,0.9756,2255
configs/exp4/lirs_2q_lfu.cfg,experiments/data/phases24_c48_seed45.in,LIRS 2Q LFU,3,16 16 16,48,10000,8237,1763,0.8237,9756,244,0.9756,1519
configs/exp4/lirs_2q_lfu_2q.cfg,experiments/data/phases24_c48_seed45.in,LIRS 2Q LFU 2Q,4,12 12 12 12,48,10000,7515,2485,0.7515,9756,244,0.9756,2241
configs/exp4/lirs_2q_lfu_arc.cfg,experiments/data/phases24_c48_seed45.in,LIRS 2Q LFU ARC,4,12 12 12 12,48,10000,7612,2388,0.7612,9756,244,0.9756,2144
configs/exp4/lirs_2q_lfu_lfu.cfg,experiments/data/phases24_c48_seed45.in,LIRS 2Q LFU LFU,4,12 12 12 12,48,10000,6930,3070,0.693,9756,244,0.9756,2826
configs/exp4/lirs_2q_lfu_lirs.cfg,experiments/data/phases24_c48_seed45.in,LIRS 2Q LFU LIRS,4,12 12 12 12,48,10000,7566,2434,0.7566,9756,244,0.9756,2190
configs/exp4/lirs_2q_lfu_lru.cfg,experiments/data/phases24_c48_seed45.in,LIRS 2Q LFU LRU,4,12 12 12 12,48,10000,7612,2388,0.7612,9756,244,0.9756,2144
configs/exp4/lirs_2q_lirs.cfg,experiments/data/phases24_c48_seed45.in,LIRS 2Q LIRS,3,16 16 16,48,10000,8708,1292,0.8708,9756,244,0.9756,1048
configs/exp4/lirs_2q_lirs_2q.cfg,experiments/data/phases24_c48_seed45.in,LIRS 2Q LIRS 2Q,4,12 12 12 12,48,10000,7547,2453,0.7547,9756,244,0.9756,2209
configs/exp4/lirs_2q_lirs_arc.cfg,experiments/data/phases24_c48_seed45.in,LIRS 2Q LIRS ARC,4,12 12 12 12,48,10000,7822,2178,0.7822,9756,244,0.9756,1934
configs/exp4/lirs_2q_lirs_lfu.cfg,experiments/data/phases24_c48_seed45.in,LIRS 2Q LIRS LFU,4,12 12 12 12,48,10000,7341,2659,0.7341,9756,244,0.9756,2415
configs/exp4/lirs_2q_lirs_lirs.cfg,experiments/data/phases24_c48_seed45.in,LIRS 2Q LIRS LIRS,4,12 12 12 12,48,10000,7470,2530,0.747,9756,244,0.9756,2286
configs/exp4/lirs_2q_lirs_lru.cfg,experiments/data/phases24_c48_seed45.in,LIRS 2Q LIRS LRU,4,12 12 12 12,48,10000,7873,2127,0.7873,9756,244,0.9756,1883
configs/exp4/lirs_2q_lru.cfg,experiments/data/phases24_c48_seed45.in,LIRS 2Q LRU,3,16 16 16,48,10000,8518,1482,0.8518,9756,244,0.9756,1238
configs/exp4/lirs_2q_lru_2q.cfg,experiments/data/phases24_c48_seed45.in,LIRS 2Q LRU 2Q,4,12 12 12 12,48,10000,7693,2307,0.7693,9756,244,0.9756,2063
configs/exp4/lirs_2q_lru_arc.cfg,experiments/data/phases24_c48_seed45.in,LIRS 2Q LRU ARC,4,12 12 12 12,48,10000,7670,2330,0.767,9756,244,0.9756,2086
configs/exp4/lirs_2q_lru_lfu.cfg,experiments/data/phases24_c48_seed45.in,LIRS 2Q LRU LFU,4,12 12 12 12,48,10000,7326,2674,0.7326,9756,244,0.9756,2430
configs/exp4/lirs_2q_lru_lirs.cfg,experiments/data/phases24_c48_seed45.in,LIRS 2Q LRU LIRS,4,12 12 12 12,48,10000,7942,2058,0.7942,9756,244,0.9756,1814
configs/exp4/lirs_2q_lru_lru.cfg,experiments/data/phases24_c48_seed45.in,LIRS 2Q LRU LRU,4,12 12 12 12,48,10000,7380,2620,0.738,9756,244,0.9756,2376
configs/exp4/lirs_arc.cfg,experiments/data/phases24_c48_seed45.in,LIRS ARC,2,24 24,48,10000,9397,603,0.9397,9756,244,0.9756,359
configs/exp4/lirs_arc_2q.cfg,experiments/data/phases24_c48_seed45.in,LIRS ARC 2Q,3,16 16 16,48,10000,8658,1342,0.8658,9756,244,0.9756,1098
configs/exp4/lirs_arc_2q_2q.cfg,experiments/data/phases24_c48_seed45.in,LIRS ARC 2Q 2Q,4,12 12 12 12,48,10000,7757,2243,0.7757,9756,244,0.9756,1999
configs/exp4/lirs_arc_2q_arc.cfg,experiments/data/phases24_c48_seed45.in,LIRS ARC 2Q ARC,4,12 12 12 12,48,10000,7853,2147,0.7853,9756,244,0.9756,1903
configs/exp4/lirs_arc_2q_lfu.cfg,experiments/data/phases24_c48_seed45.in,LIRS ARC 2Q LFU,4,12 12 12 12,48,10000,7496,2504,0.7496,9756,244,0.9756,2260
configs/exp4/lirs_arc_2q_lirs.cfg,experiments/data/phases24_c48_seed45.in,LIRS ARC 2Q LIRS,4,12 12 12 12,48,10000,7912,2088,0.7912,9756,244,0.9756,1844
configs/exp4/lirs_arc_2q_lru.cfg,experiments/data/phases24_c48_seed45.in,LIRS ARC 2Q LRU,4,12 12 12 12,48,10000,7868,2132,0.7868,9756,244,0.9756,1888
configs/exp4/lirs_arc_arc.cfg,experiments/data/phases24_c48_seed45.in,LIRS ARC ARC,3,16 16 16,48,10000,8601,1399,0.8601,9756,244,0.9756,1155
configs/exp4/lirs_arc_arc_2q.cfg,experiments/data/phases24_c48_seed45.in,LIRS ARC ARC 2Q,4,12 12 12 12,48,10000,7682,2318,0.7682,9756,244,0.9756,2074
configs/exp4/lirs_arc_arc_arc.cfg,experiments/data/phases24_c48_seed45.in,LIRS ARC ARC ARC,4,12 12 12 12,48,10000,7338,2662,0.7338,9756,244,0.9756,2418
configs/exp4/lirs_arc_arc_lfu.cfg,experiments/data/phases24_c48_seed45.in,LIRS ARC ARC LFU,4,12 12 12 12,48,10000,7236,2764,0.7236,9756,244,0.9756,2520
configs/exp4/lirs_arc_arc_lirs.cfg,experiments/data/phases24_c48_seed45.in,LIRS ARC ARC LIRS,4,12 12 12 12,48,10000,7667,2333,0.7667,9756,244,0.9756,2089
configs/exp4/lirs_arc_arc_lru.cfg,experiments/data/phases24_c48_seed45.in,LIRS ARC ARC LRU,4,12 12 12 12,48,10000,7277,2723,0.7277,9756,244,0.9756,2479
configs/exp4/lirs_arc_lfu.cfg,experiments/data/phases24_c48_seed45.in,LIRS ARC LFU,3,16 16 16,48,10000,8306,1694,0.8306,9756,244,0.9756,1450
configs/exp4/lirs_arc_lfu_2q.cfg,experiments/data/phases24_c48_seed45.in,LIRS ARC LFU 2Q,4,12 12 12 12,48,10000,7640,2360,0.764,9756,244,0.9756,2116
configs/exp4/lirs_arc_lfu_arc.cfg,experiments/data/phases24_c48_seed45.in,LIRS ARC LFU ARC,4,12 12 12 12,48,10000,7463,2537,0.7463,9756,244,0.9756,2293
configs/exp4/lirs_arc_lfu_lfu.cfg,experiments/data/phases24_c48_seed45.in,LIRS ARC LFU LFU,4,12 12 12 12,48,10000,7025,2975,0.7025,9756,244,0.9756,2731
configs/exp4/lirs_arc_lfu_lirs.cfg,experiments/data/phases24_c48_seed45.in,LIRS ARC LFU LIRS,4,12 12 12 12,48,10000,7715,2285,0.7715,9756,244,0.9756,2041
configs/exp4/lirs_arc_lfu_lru.cfg,experiments/data/phases24_c48_seed45.in,LIRS ARC LFU LRU,4,12 12 12 12,48,10000,7363,2637,0.7363,9756,244,0.9756,2393
configs/exp4/lirs_arc_lirs.cfg,experiments/data/phases24_c48_seed45.in,LIRS ARC LIRS,3,16 16 16,48,10000,8685,1315,0.8685,9756,244,0.9756,1071
configs/exp4/lirs_arc_lirs_2q.cfg,experiments/data/phases24_c48_seed45.in,LIRS ARC LIRS 2Q,4,12 12 12 12,48,10000,7777,2223,0.7777,9756,244,0.9756,1979
configs/exp4/lirs_arc_lirs_arc.cfg,experiments/data/phases24_c48_seed45.in,LIRS ARC LIRS ARC,4,12 12 12 12,48,10000,7881,2119,0.7881,9756,244,0.9756,1875
configs/exp4/lirs_arc_lirs_lfu.cfg,experiments/data/phases24_c48_seed45.in,LIRS ARC LIRS LFU,4,12 12 12 12,48,10000,7555,2445,0.7555,9756,244,0.9756,2201
configs/exp4/lirs_arc_lirs_lirs.cfg,experiments/data/phases24_c48_seed45.in,LIRS ARC LIRS LIRS,4,12 12 12 12,48,10000,7733,2267,0.7733,9756,244,0.9756,2023
configs/exp4/lirs_arc_lirs_lru.cfg,experiments/data/phases24_c48_seed45.in,LIRS ARC LIRS LRU,4,12 12 12 12,48,10000,7887,2113,0.7887,9756,244,0.9756,1869
configs/exp4/lirs_arc_lru.cfg,experiments/data/phases24_c48_seed45.in,LIRS ARC LRU,3,16 16 16,48,10000,8533,1467,0.8533,9756,244,0.9756,1223
configs/exp4/lirs_arc_lru_2q.cfg,experiments/data/phases24_c48_seed45.in,LIRS ARC LRU 2Q,4,12 12 12 12,48,10000,7254,2746,0.7254,9756,244,0.9756,2502
configs/exp4/lirs_arc_lru_arc.cfg,experiments/data/phases24_c48_seed45.in,LIRS ARC LRU ARC,4,12 12 12 12,48,10000,7353,2647,0.7353,9756,244,0.9756,2403
configs/exp4/lirs_arc_lru_lfu.cfg,experiments/data/phases24_c48_seed45.in,LIRS ARC LRU LFU,4,12 12 12 12,48,10000,7032,2968,0.7032,9756,244,0.9756,2724
configs/exp4/lirs_arc_lru_lirs.cfg,experiments/data/phases24_c48_seed45.in,LIRS ARC LRU LIRS,4,12 12 12 12,48,10000,7775,2225,0.7775,9756,244,0.9756,1981
configs/exp4/lirs_arc_lru_lru.cfg,experiments/data/phases24_c48_seed45.in,LIRS ARC LRU LRU,4,12 12 12 12,48,10000,7034,2966,0.7034,9756,244,0.9756,2722
configs/exp4/lirs_lfu.cfg,experiments/data/phases24_c48_seed45.in,LIRS LFU,2,24 24,48,10000,9228,772,0.9228,9756,244,0.9756,528
configs/exp4/lirs_lfu_2q.cfg,experiments/data/phases24_c48_seed45.in,LIRS LFU 2Q,3,16 16 16,48,10000,8426,1574,0.8426,9756,244,0.9756,1330
configs/exp4/lirs_lfu_2q_2q.cfg,experiments/data/phases24_c48_seed45.in,LIRS LFU 2Q 2Q,4,12 12 12 12,48,10000,7569,2431,0.7569,9756,244,0.9756,2187
configs/exp4/lirs_lfu_2q_arc.cfg,experiments/data/phases24_c48_seed45.in,LIRS LFU 2Q ARC,4,12 12 12 12,48,10000,7683,2317,0.7683,9756,244,0.9756,2073
configs/exp4/lirs_lfu_2q_lfu.cfg,experiments/data/phases24_c48_seed45.in,LIRS LFU 2Q LFU,4,12 12 12 12,48,10000,6995,3005,0.6995,9756,244,0.9756,2761
configs/exp4/lirs_lfu_2q_lirs.cfg,experiments/data/phases24_c48_seed45.in,LIRS LFU 2Q LIRS,4,12 12 12 12,48,10000,7644,2356,0.7644,9756,244,0.9756,2112
configs/exp4/lirs_lfu_2q_lru.cfg,experiments/data/phases24_c48_seed45.in,LIRS LFU 2Q LRU,4,12 12 12 12,48,10000,7701,2299,0.7701,9756,244,0.9756,2055
configs/exp4/lirs_lfu_arc.cfg,experiments/data/phases24_c48_seed45.in,LIRS LFU ARC,3,16 16 16,48,10000,8464,1536,0.8464,9756,244,0.9756,1292
configs/exp4/lirs_lfu_arc_2q.cfg,experiments/data/phases24_c48_seed45.in,LIRS LFU ARC 2Q,4,12 12 12 12,48,10000,7793,2207,0.7793,9756,244,0.9756,1963
configs/exp4/lirs_lfu_arc_arc.cfg,experiments/data/phases24_c48_seed45.in,LIRS LFU ARC ARC,4,12 12 12 12,48,10000,7613,2387,0.7613,9756,244,0.9756,2143
configs/exp4/lirs_lfu_arc_lfu.cfg,experiments/data/phases24_c48_seed45.in,LIRS LFU ARC LFU,4,12 12 12 12,48,10000,7180,2820,0.718,9756,244,0.9756,2576
configs/exp4/lirs_lfu_arc_lirs.cfg,experiments/data/phases24_c48_seed45.in,LIRS LFU ARC LIRS,4,12 12 12 12,48,10000,7846,2154,0.7846,9756,244,0.9756,1910
configs/exp4/lirs_lfu_arc_lru.cfg,experiments/data/phases24_c48_seed45.in,LIRS LFU ARC LRU,4,12 12 12 12,48,10000,7560,2440,0.756,9756,244,0.9756,2196
configs/exp4/lirs_lfu_lfu.cfg,experiments/data/phases24_c48_seed45.in,LIRS LFU LFU,3,16 16 16,48,10000,7163,2837,0.7163,9756,244,0.9756,2593
configs/exp4/lirs_lfu_lfu_2q.cfg,experiments/data/phases24_c48_seed45.in,LIRS LFU LFU 2Q,4,12 12 12 12,48,10000,7064,2936,0.7064,9756,244,0.9756,2692
configs/exp4/lirs_lfu_lfu_arc.cfg,experiments/data/phases24_c48_seed45.in,LIRS LFU LFU ARC,4,12 12 12 12,48,10000,7238,2762,0.7238,9756,244,0.9756,2518
configs/exp4/lirs_lfu_lfu_lfu.cfg,experiments/data/phases24_c48_seed45.in,LIRS LFU LFU LFU,4,12 12 12 12,48,10000,6068,3932,0.6068,9756,244,0.9756,3688
configs/exp4/lirs_lfu_lfu_lirs.cfg,experiments/data/phases24_c48_seed45.in,LIRS LFU LFU LIRS,4,12 12 12 12,48,10000,6989,3011,0.6989,9756,244,0.9756,2767
configs/exp4/lirs_lfu_lfu_lru.cfg,experiments/data/phases24_c48_seed45.in,LIRS LFU LFU LRU,4,12 12 12 12,48,10000,7289,2711,0.7289,9756,244,0.9756,2467
configs/exp4/lirs_lfu_lirs.cfg,experiments/data/phases24_c48_seed45.in,LIRS LFU LIRS,3,16 16 16,48,10000,8358,1642,0.8358,9756,244,0.9756,1398
configs/exp4/lirs_lfu_lirs_2q.cfg,experiments/data/phases24_c48_seed45.in,LIRS LFU LIRS 2Q,4,12 12 12 12,48,10000,7567,2433,0.7567,9756,244,0.9756,2189
configs/exp4/lirs_lfu_lirs_arc.cfg,experiments/data/phases24_c48_seed45.in,LIRS LFU LIRS ARC,4,12 12 12 12,48,10000,7773,2227,0.7773,9756,244,0.9756,1983
configs/exp4/lirs_lfu_lirs_lfu.cfg,experiments/data/phases24_c48_seed45.in,LIRS LFU LIRS LFU,4,12 12 12 12,48,10000,6937,3063,0.6937,9756,244,0.9756,2819
configs/exp4/lirs_lfu_lirs_lirs.cfg,experiments/data/phases24_c48_seed45.in,LIRS LFU LIRS LIRS,4,12 12 12 12,48,10000,7449,2551,0.7449,9756,244,0.9756,2307
configs/exp4/lirs_lfu_lirs_lru.cfg,experiments/data/phases24_c48_seed45.in,LIRS LFU LIRS LRU,4,12 12 12 12,48,10000,7852,2148,0.7852,9756,244,0.9756,1904
configs/exp4/lirs_lfu_lru.cfg,experiments/data/phases24_c48_seed45.in,LIRS LFU LRU,3,16 16 16,48,10000,8439,1561,0.8439,9756,244,0.9756,1317
configs/exp4/lirs_lfu_lru_2q.cfg,experiments/data/phases24_c48_seed45.in,LIRS LFU LRU 2Q,4,12 12 12 12,48,10000,7698,2302,0.7698,9756,244,0.9756,2058
configs/exp4/lirs_lfu_lru_arc.cfg,experiments/data/phases24_c48_seed45.in,LIRS LFU LRU ARC,4,12 12 12 12,48,10000,7623,2377,0.7623,9756,244,0.9756,2133
configs/exp4/lirs_lfu_lru_lfu.cfg,experiments/data/phases24_c48_seed45.in,LIRS LFU LRU LFU,4,12 12 12 12,48,10000,7175,2825,0.7175,9756,244,0.9756,2581
configs/exp4/lirs_lfu_lru_lirs.cfg,experiments/data/phases24_c48_seed45.in,LIRS LFU LRU LIRS,4,12 12 12 12,48,10000,7944,2056,0.7944,9756,244,0.9756,1812
configs/exp4/lirs_lfu_lru_lru.cfg,experiments/data/phases24_c48_seed45.in,LIRS LFU LRU LRU,4,12 12 12 12,48,10000,7325,2675,0.7325,9756,244,0.9756,2431
configs/exp4/lirs_lirs_2q.cfg,experiments/data/phases24_c48_seed45.in,LIRS LIRS 2Q,3,16 16 16,48,10000,8689,1311,0.8689,9756,244,0.9756,1067
configs/exp4/lirs_lirs_2q_2q.cfg,experiments/data/phases24_c48_seed45.in,LIRS LIRS 2Q 2Q,4,12 12 12 12,48,10000,7453,2547,0.7453,9756,244,0.9756,2303
configs/exp4/lirs_lirs_2q_arc.cfg,experiments/data/phases24_c48_seed45.in,LIRS LIRS 2Q ARC,4,12 12 12 12,48,10000,7668,2332,0.7668,9756,244,0.9756,2088
configs/exp4/lirs_lirs_2q_lfu.cfg,experiments/data/phases24_c48_seed45.in,LIRS LIRS 2Q LFU,4,12 12 12 12,48,10000,7233,2767,0.7233,9756,244,0.9756,2523
configs/exp4/lirs_lirs_2q_lirs.cfg,experiments/data/phases24_c48_seed45.in,LIRS LIRS 2Q LIRS,4,12 12 12 12,48,10000,7520,2480,0.752,9756,244,0.9756,2236
configs/exp4/lirs_lirs_2q_lru.cfg,experiments/data/phases24_c48_seed45.in,LIRS LIRS 2Q LRU,4,12 12 12 12,48,10000,7730,2270,0.773,9756,244,0.9756,2026
configs/exp4/lirs_lirs_arc.cfg,experiments/data/phases24_c48_seed45.in,LIRS LIRS ARC,3,16 16 16,48,10000,8686,1314,0.8686,9756,244,0.9756,1070
configs/exp4/lirs_lirs_arc_2q.cfg,experiments/data/phases24_c48_seed45.in,LIRS LIRS ARC 2Q,4,12 12 12 12,48,10000,7819,2181,0.7819,9756,244,0.9756,1937
configs/exp4/lirs_lirs_arc_arc.cfg,experiments/data/phases24_c48_seed45.in,LIRS LIRS ARC ARC,4,12 12 12 12,48,10000,7638,2362,0.7638,9756,244,0.9756,2118
configs/exp4/lirs_lirs_arc_lfu.cfg,experiments/data/phases24_c48_seed45.in,LIRS LIRS ARC LFU,4,12 12 12 12,48,10000,7472,2528,0.7472,9756,244,0.9756,2284
configs/exp4/lirs_lirs_arc_lirs.cfg,experiments/data/phases24_c48_seed45.in,LIRS LIRS ARC LIRS,4,12 12 12 12,48,10000,7829,2171,0.7829,9756,244,0.9756,1927
configs/exp4/lirs_lirs_arc_lru.cfg,experiments/data/phases24_c48_seed45.in,LIRS LIRS ARC LRU,4,12 12 12 12,48,10000,7608,2392,0.7608,9756,244,0.9756,2148
configs/exp4/lirs_lirs_lfu.cfg,experiments/data/phases24_c48_seed45.in,LIRS LIRS LFU,3,16 16 16,48,10000,8197,1803,0.8197,9756,244,0.9756,1559
configs/exp4/lirs_lirs_lfu_2q.cfg,experiments/data/phases24_c48_seed45.in,LIRS LIRS LFU 2Q,4,12 12 12 12,48,10000,7468,2532,0.7468,9756,244,0.9756,2288
configs/exp4/lirs_lirs_lfu_arc.cfg,experiments/data/phases24_c48_seed45.in,LIRS LIRS LFU ARC,4,12 12 12 12,48,10000,7687,2313,0.7687,9756,244,0.9756,2069
configs/exp4/lirs_lirs_lfu_lfu.cfg,experiments/data/phases24_c48_seed45.in,LIRS LIRS LFU LFU,4,12 12 12 12,48,10000,6872,3128,0.6872,9756,244,0.9756,2884
configs/exp4/lirs_lirs_lfu_lirs.cfg,experiments/data/phases24_c48_seed45.in,LIRS LIRS LFU LIRS,4,12 12 12 12,48,10000,7377,2623,0.7377,9756,244,0.9756,2379
configs/exp4/lirs_lirs_lfu_lru.cfg,experiments/data/phases24_c48_seed45.in,LIRS LIRS LFU LRU,4,12 12 12 12,48,10000,7735,2265,0.7735,9756,244,0.9756,2021
configs/exp4/lirs_lirs_lirs_2q.cfg,experiments/data/phases24_c48_seed45.in,LIRS LIRS LIRS 2Q,4,12 12 12 12,48,10000,7407,2593,0.7407,9756,244,0.9756,2349
configs/exp4/lirs_lirs_lirs_arc.cfg,experiments/data/phases24_c48_seed45.in,LIRS LIRS LIRS ARC,4,12 12 12 12,48,10000,7701,2299,0.7701,9756,244,0.9756,2055
configs/exp4/lirs_lirs_lirs_lfu.cfg,experiments/data/phases24_c48_seed45.in,LIRS LIRS LIRS LFU,4,12 12 12 12,48,10000,7138,2862,0.7138,9756,244,0.9756,2618
configs/exp4/lirs_lirs_lirs_lru.cfg,experiments/data/phases24_c48_seed45.in,LIRS LIRS LIRS LRU,4,12 12 12 12,48,10000,7805,2195,0.7805,9756,244,0.9756,1951
configs/exp4/lirs_lirs_lru.cfg,experiments/data/phases24_c48_seed45.in,LIRS LIRS LRU,3,16 16 16,48,10000,8703,1297,0.8703,9756,244,0.9756,1053
configs/exp4/lirs_lirs_lru_2q.cfg,experiments/data/phases24_c48_seed45.in,LIRS LIRS LRU 2Q,4,12 12 12 12,48,10000,7697,2303,0.7697,9756,244,0.9756,2059
configs/exp4/lirs_lirs_lru_arc.cfg,experiments/data/phases24_c48_seed45.in,LIRS LIRS LRU ARC,4,12 12 12 12,48,10000,7742,2258,0.7742,9756,244,0.9756,2014
configs/exp4/lirs_lirs_lru_lfu.cfg,experiments/data/phases24_c48_seed45.in,LIRS LIRS LRU LFU,4,12 12 12 12,48,10000,7452,2548,0.7452,9756,244,0.9756,2304
configs/exp4/lirs_lirs_lru_lirs.cfg,experiments/data/phases24_c48_seed45.in,LIRS LIRS LRU LIRS,4,12 12 12 12,48,10000,8002,1998,0.8002,9756,244,0.9756,1754
configs/exp4/lirs_lirs_lru_lru.cfg,experiments/data/phases24_c48_seed45.in,LIRS LIRS LRU LRU,4,12 12 12 12,48,10000,7501,2499,0.7501,9756,244,0.9756,2255
configs/exp4/lirs_lru.cfg,experiments/data/phases24_c48_seed45.in,LIRS LRU,2,24 24,48,10000,9367,633,0.9367,9756,244,0.9756,389
configs/exp4/lirs_lru_2q.cfg,experiments/data/phases24_c48_seed45.in,LIRS LRU 2Q,3,16 16 16,48,10000,8497,1503,0.8497,9756,244,0.9756,1259
configs/exp4/lirs_lru_2q_2q.cfg,experiments/data/phases24_c48_seed45.in,LIRS LRU 2Q 2Q,4,12 12 12 12,48,10000,7674,2326,0.7674,9756,244,0.9756,2082
configs/exp4/lirs_lru_2q_arc.cfg,experiments/data/phases24_c48_seed45.in,LIRS LRU 2Q ARC,4,12 12 12 12,48,10000,7927,2073,0.7927,9756,244,0.9756,1829
configs/exp4/lirs_lru_2q_lfu.cfg,experiments/data/phases24_c48_seed45.in,LIRS LRU 2Q LFU,4,12 12 12 12,48,10000,7463,2537,0.7463,9756,244,0.9756,2293
configs/exp4/lirs_lru_2q_lirs.cfg,experiments/data/phases24_c48_seed45.in,LIRS LRU 2Q LIRS,4,12 12 12 12,48,10000,8114,1886,0.8114,9756,244,0.9756,1642
configs/exp4/lirs_lru_2q_lru.cfg,experiments/data/phases24_c48_seed45.in,LIRS LRU 2Q LRU,4,12 12 12 12,48,10000,7733,2267,0.7733,9756,244,0.9756,2023
configs/exp4/lirs_lru_arc.cfg,experiments/data/phases24_c48_seed45.in,LIRS LRU ARC,3,16 16 16,48,10000,8510,1490,0.851,9756,244,0.9756,1246
configs/exp4/lirs_lru_arc_2q.cfg,experiments/data/phases24_c48_seed45.in,LIRS LRU ARC 2Q,4,12 12 12 12,48,10000,7655,2345,0.7655,9756,244,0.9756,2101
configs/exp4/lirs_lru_arc_arc.cfg,experiments/data/phases24_c48_seed45.in,LIRS LRU ARC ARC,4,12 12 12 12,48,10000,7380,2620,0.738,9756,244,0.9756,2376
configs/exp4/lirs_lru_arc_lfu.cfg,experiments/data/phases24_c48_seed45.in,LIRS LRU ARC LFU,4,12 12 12 12,48,10000,7285,2715,0.7285,9756,244,0.9756,2471
configs/exp4/lirs_lru_arc_lirs.cfg,experiments/data/phases24_c48_seed45.in,LIRS LRU ARC LIRS,4,12 12 12 12,48,10000,7775,2225,0.7775,9756,244,0.9756,1981
configs/exp4/lirs_lru_arc_lru.cfg,experiments/data/phases24_c48_seed45.in,LIRS LRU ARC LRU,4,12 12 12 12,48,10000,7277,2723,0.7277,9756,244,0.9756,2479
configs/exp4/lirs_lru_lfu.cfg,experiments/data/phases24_c48_seed45.in,LIRS LRU LFU,3,16 16 16,48,10000,8157,1843,0.8157,9756,244,0.9756,1599
configs/exp4/lirs_lru_lfu_2q.cfg,experiments/data/phases24_c48_seed45.in,LIRS LRU LFU 2Q,4,12 12 12 12,48,10000,7437,2563,0.7437,9756,244,0.9756,2319
configs/exp4/lirs_lru_lfu_arc.cfg,experiments/data/phases24_c48_seed45.in,LIRS LRU LFU ARC,4,12 12 12 12,48,10000,7361,2639,0.7361,9756,244,0.9756,2395
configs/exp4/lirs_lru_lfu_lfu.cfg,experiments/data/phases24_c48_seed45.in,LIRS LRU LFU LFU,4,12 12 12 12,48,10000,6904,3096,0.6904,9756,244,0.9756,2852
configs/exp4/lirs_lru_lfu_lirs.cfg,experiments/data/phases24_c48_seed45.in,LIRS LRU LFU LIRS,4,12 12 12 12,48,10000,7743,2257,0.7743,9756,244,0.9756,2013
configs/exp4/lirs_lru_lfu_lru.cfg,experiments/data/phases24_c48_seed45.in,LIRS LRU LFU LRU,4,12 12 12 12,48,10000,7023,2977,0.7023,9756,244,0.9756,2733
configs/exp4/lirs_lru_lirs.cfg,experiments/data/phases24_c48_seed45.in,LIRS LRU LIRS,3,16 16 16,48,10000,8739,1261,0.8739,9756,244,0.9756,1017
configs/exp4/lirs_lru_lirs_2q.cfg,experiments/data/phases24_c48_seed45.in,LIRS LRU LIRS 2Q,4,12 12 12 12,48,10000,7926,2074,0.7926,9756,244,0.9756,1830
configs/exp4/lirs_lru_lirs_arc.cfg,experiments/data/phases24_c48_seed45.in,LIRS LRU LIRS ARC,4,12 12 12 12,48,10000,7949,2051,0.7949,9756,244,0.9756,1807
configs/exp4/lirs_lru_lirs_lfu.cfg,experiments/data/phases24_c48_seed45.in,LIRS LRU LIRS LFU,4,12 12 12 12,48,10000,7695,2305,0.7695,9756,244,0.9756,2061
configs/exp4/lirs_lru_lirs_lirs.cfg,experiments/data/phases24_c48_seed45.in,LIRS LRU LIRS LIRS,4,12 12 12 12,48,10000,7966,2034,0.7966,9756,244,0.9756,1790
configs/exp4/lirs_lru_lirs_lru.cfg,experiments/data/phases24_c48_seed45.in,LIRS LRU LIRS LRU,4,12 12 12 12,48,10000,7906,2094,0.7906,9756,244,0.9756,1850
configs/exp4/lirs_lru_lru.cfg,experiments/data/phases24_c48_seed45.in,LIRS LRU LRU,3,16 16 16,48,10000,8247,1753,0.8247,9756,244,0.9756,1509
configs/exp4/lirs_lru_lru_2q.cfg,experiments/data/phases24_c48_seed45.in,LIRS LRU LRU 2Q,4,12 12 12 12,48,10000,6994,3006,0.6994,9756,244,0.9756,2762
configs/exp4/lirs_lru_lru_arc.cfg,experiments/data/phases24_c48_seed45.in,LIRS LRU LRU ARC,4,12 12 12 12,48,10000,7186,2814,0.7186,9756,244,0.9756,2570
configs/exp4/lirs_lru_lru_lfu.cfg,experiments/data/phases24_c48_seed45.in,LIRS LRU LRU LFU,4,12 12 12 12,48,10000,6805,3195,0.6805,9756,244,0.9756,2951
configs/exp4/lirs_lru_lru_lirs.cfg,experiments/data/phases24_c48_seed45.in,LIRS LRU LRU LIRS,4,12 12 12 12,48,10000,7647,2353,0.7647,9756,244,0.9756,2109
configs/exp4/lirs_lru_lru_lru.cfg,experiments/data/phases24_c48_seed45.in,LIRS LRU LRU LRU,4,12 12 12 12,48,10000,6799,3201,0.6799,9756,244,0.9756,2957
configs/exp4/lru_2q.cfg,experiments/data/phases24_c48_seed45.in,LRU 2Q,2,24 24,48,10000,9224,776,0.9224,9756,244,0.9756,532
configs/exp4/lru_2q_2q.cfg,experiments/data/phases24_c48_seed45.in,LRU 2Q 2Q,3,16 16 16,48,10000,7960,2040,0.796,9756,244,0.9756,1796
configs/exp4/lru_2q_2q_2q.cfg,experiments/data/phases24_c48_seed45.in,LRU 2Q 2Q 2Q,4,12 12 12 12,48,10000,7390,2610,0.739,9756,244,0.9756,2366
configs/exp4/lru_2q_2q_arc.cfg,experiments/data/phases24_c48_seed45.in,LRU 2Q 2Q ARC,4,12 12 12 12,48,10000,7744,2256,0.7744,9756,244,0.9756,2012
configs/exp4/lru_2q_2q_lfu.cfg,experiments/data/phases24_c48_seed45.in,LRU 2Q 2Q LFU,4,12 12 12 12,48,10000,7154,2846,0.7154,9756,244,0.9756,2602
configs/exp4/lru_2q_2q_lirs.cfg,experiments/data/phases24_c48_seed45.in,LRU 2Q 2Q LIRS,4,12 12 12 12,48,10000,7677,2323,0.7677,9756,244,0.9756,2079
configs/exp4/lru_2q_2q_lru.cfg,experiments/data/phases24_c48_seed45.in,LRU 2Q 2Q LRU,4,12 12 12 12,48,10000,7813,2187,0.7813,9756,244,0.9756,1943
configs/exp4/lru_2q_arc.cfg,experiments/data/phases24_c48_seed45.in,LRU 2Q ARC,3,16 16 16,48,10000,8213,1787,0.8213,9756,244,0.9756,1543
configs/exp4/lru_2q_arc_2q.cfg,experiments/data/phases24_c48_seed45.in,LRU 2Q ARC 2Q,4,12 12 12 12,48,10000,7753,2247,0.7753,9756,244,0.9756,2003
configs/exp4/lru_2q_arc_arc.cfg,experiments/data/phases24_c48_seed45.in,LRU 2Q ARC ARC,4,12 12 12 12,48,10000,7724,2276,0.7724,9756,244,0.9756,2032
configs/exp4/lru_2q_arc_lfu.cfg,experiments/data/phases24_c48_seed45.in,LRU 2Q ARC LFU,4,12 12 12 12,48,10000,7411,2589,0.7411,9756,244,0.9756,2345
configs/exp4/lru_2q_arc_lirs.cfg,experiments/data/phases24_c48_seed45.in,LRU 2Q ARC LIRS,4,12 12 12 12,48,10000,7918,2082,0.7918,9756,244,0.9756,1838
configs/exp4/lru_2q_arc_lru.cfg,experiments/data/phases24_c48_seed45.in,LRU 2Q ARC LRU,4,12 12 12 12,48,10000,7719,2281,0.7719,9756,244,0.9756,2037
configs/exp4/lru_2q_lfu.cfg,experiments/data/phases24_c48_seed45.in,LRU 2Q LFU,3,16 16 16,48,10000,7606,2394,0.7606,9756,244,0.9756,2150
configs/exp4/lru_2q_lfu_2q.cfg,experiments/data/phases24_c48_seed45.in,LRU 2Q LFU 2Q,4,12 12 12 12,48,10000,7414,2586,0.7414,9756,244,0.9756,2342
configs/exp4/lru_2q_lfu_arc.cfg,experiments/data/phases24_c48_seed45.in,LRU 2Q LFU ARC,4,12 12 12 12,48,10000,7644,2356,0.7644,9756,244,0.9756,2112
configs/exp4/lru_2q_lfu_lfu.cfg,experiments/data/phases24_c48_seed45.in,LRU 2Q LFU LFU,4,12 12 12 12,48,10000,6698,3302,0.6698,9756,244,0.9756,3058
configs/exp4/lru_2q_lfu_lirs.cfg,experiments/data/phases24_c48_seed45.in,LRU 2Q LFU LIRS,4,12 12 12 12,48,10000,7678,2322,0.7678,9756,244,0.9756,2078
configs/exp4/lru_2q_lfu_lru.cfg,experiments/data/phases24_c48_seed45.in,LRU 2Q LFU LRU,4,12 12 12 12,48,10000,7468,2532,0.7468,9756,244,0.9756,2288
configs/exp4/lru_2q_lirs.cfg,experiments/data/phases24_c48_seed45.in,LRU 2Q LIRS,3,16 16 16,48,10000,8256,1744,0.8256,9756,244,0.9756,1500
configs/exp4/lru_2q_lirs_2q.cfg,experiments/data/phases24_c48_seed45.in,LRU 2Q LIRS 2Q,4,12 12 12 12,48,10000,7747,2253,0.7747,9756,244,0.9756,2009
configs/exp4/lru_2q_lirs_arc.cfg,experiments/data/phases24_c48_seed45.in,LRU 2Q LIRS ARC,4,12 12 12 12,48,10000,8021,1979,0.8021,9756,244,0.9756,1735
configs/exp4/lru_2q_lirs_lfu.cfg,experiments/data/phases24_c48_seed45.in,LRU 2Q LIRS LFU,4,12 12 12 12,48,10000,7488,2512,0.7488,9756,244,0.9756,2268
configs/exp4/lru_2q_lirs_lirs.cfg,experiments/data/phases24_c48_seed45.in,LRU 2Q LIRS LIRS,4,12 12 12 12,48,10000,7791,2209,0.7791,9756,244,0.9756,1965
configs/exp4/lru_2q_lirs_lru.cfg,experiments/data/phases24_c48_seed45.in,LRU 2Q LIRS LRU,4,12 12 12 12,48,10000,8123,1877,0.8123,9756,244,0.9756,1633
configs/exp4/lru_2q_lru.cfg,experiments/data/phases24_c48_seed45.in,LRU 2Q LRU,3,16 16 16,48,10000,8161,1839,0.8161,9756,244,0.9756,1595
configs/exp4/lru_2q_lru_2q.cfg,experiments/data/phases24_c48_seed45.in,LRU 2Q LRU 2Q,4,12 12 12 12,48,10000,7648,2352,0.7648,9756,244,0.9756,2108
configs/exp4/lru_2q_lru_arc.cfg,experiments/data/phases24_c48_seed45.in,LRU 2Q LRU ARC,4,12 12 12 12,48,10000,7732,2268,0.7732,9756,244,0.9756,2024
configs/exp4/lru_2q_lru_lfu.cfg,experiments/data/phases24_c48_seed45.in,LRU 2Q LRU LFU,4,12 12 12 12,48,10000,7193,2807,0.7193,9756,244,0.9756,2563
configs/exp4/lru_2q_lru_lirs.cfg,experiments/data/phases24_c48_seed45.in,LRU 2Q LRU LIRS,4,12 12 12 12,48,10000,8015,1985,0.8015,9756,244,0.9756,1741
configs/exp4/lru_2q_lru_lru.cfg,experiments/data/phases24_c48_seed45.in,LRU 2Q LRU LRU,4,12 12 12 12,48,10000,7409,2591,0.7409,9756,244,0.9756,2347
configs/exp4/lru_arc.cfg,experiments/data/phases24_c48_seed45.in,LRU ARC,2,24 24,48,10000,9261,739,0.9261,9756,244,0.9756,495
configs/exp4/lru_arc_2q.cfg,experiments/data/phases24_c48_seed45.in,LRU ARC 2Q,3,16 16 16,48,10000,8158,1842,0.8158,9756,244,0.9756,1598
configs/exp4/lru_arc_2q_2q.cfg,experiments/data/phases24_c48_seed45.in,LRU ARC 2Q 2Q,4,12 12 12 12,48,10000,7365,2635,0.7365,9756,244,0.9756,2391
configs/exp4/lru_arc_2q_arc.cfg,experiments/data/phases24_c48_seed45.in,LRU ARC 2Q ARC,4,12 12 12 12,48,10000,7530,2470,0.753,9756,244,0.9756,2226
configs/exp4/lru_arc_2q_lfu.cfg,experiments/data/phases24_c48_seed45.in,LRU ARC 2Q LFU,4,12 12 12 12,48,10000,6956,3044,0.6956,9756,244,0.9756,2800
configs/exp4/lru_arc_2q_lirs.cfg,experiments/data/phases24_c48_seed45.in,LRU ARC 2Q LIRS,4,12 12 12 12,48,10000,7626,2374,0.7626,9756,244,0.9756,2130
configs/exp4/lru_arc_2q_lru.cfg,experiments/data/phases24_c48_seed45.in,LRU ARC 2Q LRU,4,12 12 12 12,48,10000,7440,2560,0.744,9756,244,0.9756,2316
configs/exp4/lru_arc_arc.cfg,experiments/data/phases24_c48_seed45.in,LRU ARC ARC,3,16 16 16,48,10000,8195,1805,0.8195,9756,244,0.9756,1561
configs/exp4/lru_arc_arc_2q.cfg,experiments/data/phases24_c48_seed45.in,LRU ARC ARC 2Q,4,12 12 12 12,48,10000,7067,2933,0.7067,9756,244,0.9756,2689
configs/exp4/lru_arc_arc_arc.cfg,experiments/data/phases24_c48_seed45.in,LRU ARC ARC ARC,4,12 12 12 12,48,10000,6646,3354,0.6646,9756,244,0.9756,3110
configs/exp4/lru_arc_arc_lfu.cfg,experiments/data/phases24_c48_seed45.in,LRU ARC ARC LFU,4,12 12 12 12,48,10000,6492,3508,0.6492,9756,244,0.9756,3264
configs/exp4/lru_arc_arc_lirs.cfg,experiments/data/phases24_c48_seed45.in,LRU ARC ARC LIRS,4,12 12 12 12,48,10000,7144,2856,0.7144,9756,244,0.9756,2612
configs/exp4/lru_arc_arc_lru.cfg,experiments/data/phases24_c48_seed45.in,LRU ARC ARC LRU,4,12 12 12 12,48,10000,6547,3453,0.6547,9756,244,0.9756,3209
configs/exp4/lru_arc_lfu.cfg,experiments/data/phases24_c48_seed45.in,LRU ARC LFU,3,16 16 16,48,10000,7733,2267,0.7733,9756,244,0.9756,2023
configs/exp4/lru_arc_lfu_2q.cfg,experiments/data/phases24_c48_seed45.in,LRU ARC LFU 2Q,4,12 12 12 12,48,10000,7007,2993,0.7007,9756,244,0.9756,2749
configs/exp4/lru_arc_lfu_arc.cfg,experiments/data/phases24_c48_seed45.in,LRU ARC LFU ARC,4,12 12 12 12,48,10000,6666,3334,0.6666,9756,244,0.9756,3090
configs/exp4/lru_arc_lfu_lfu.cfg,experiments/data/phases24_c48_seed45.in,LRU ARC LFU LFU,4,12 12 12 12,48,10000,6217,3783,0.6217,9756,244,0.9756,3539
configs/exp4/lru_arc_lfu_lirs.cfg,experiments/data/phases24_c48_seed45.in,LRU ARC LFU LIRS,4,12 12 12 12,48,10000,7161,2839,0.7161,9756,244,0.9756,2595
configs/exp4/lru_arc_lfu_lru.cfg,experiments/data/phases24_c48_seed45.in,LRU ARC LFU LRU,4,12 12 12 12,48,10000,6471,3529,0.6471,9756,244,0.9756,3285
configs/exp4/lru_arc_lirs.cfg,experiments/data/phases24_c48_seed45.in,LRU ARC LIRS,3,16 16 16,48,10000,8396,1604,0.8396,9756,244,0.9756,1360
configs/exp4/lru_arc_lirs_2q.cfg,experiments/data/phases24_c48_seed45.in,LRU ARC LIRS 2Q,4,12 12 12 12,48,10000,7373,2627,0.7373,9756,244,0.9756,2383
configs/exp4/lru_arc_lirs_arc.cfg,experiments/data/phases24_c48_seed45.in,LRU ARC LIRS ARC,4,12 12 12 12,48,10000,7460,2540,0.746,9756,244,0.9756,2296
configs/exp4/lru_arc_lirs_lfu.cfg,experiments/data/phases24_c48_seed45.in,LRU ARC LIRS LFU,4,12 12 12 12,48,10000,7106,2894,0.7106,9756,244,0.9756,2650
configs/exp4/lru_arc_lirs_lirs.cfg,experiments/data/phases24_c48_seed45.in,LRU ARC LIRS LIRS,4,12 12 12 12,48,10000,7408,2592,0.7408,9756,244,0.9756,2348
configs/exp4/lru_arc_lirs_lru.cfg,experiments/data/phases24_c48_seed45.in,LRU ARC LIRS LRU,4,12 12 12 12,48,10000,7466,2534,0.7466,9756,244,0.9756,2290
configs/exp4/lru_arc_lru.cfg,experiments/data/phases24_c48_seed45.in,LRU ARC LRU,3,16 16 16,48,10000,8042,1958,0.8042,9756,244,0.9756,1714
configs/exp4/lru_arc_lru_2q.cfg,experiments/data/phases24_c48_seed45.in,LRU ARC LRU 2Q,4,12 12 12 12,48,10000,6353,3647,0.6353,9756,244,0.9756,3403
configs/exp4/lru_arc_lru_arc.cfg,experiments/data/phases24_c48_seed45.in,LRU ARC LRU ARC,4,12 12 12 12,48,10000,6605,3395,0.6605,9756,244,0.9756,3151
configs/exp4/lru_arc_lru_lfu.cfg,experiments/data/phases24_c48_seed45.in,LRU ARC LRU LFU,4,12 12 12 12,48,10000,6219,3781,0.6219,9756,244,0.9756,3537
configs/exp4/lru_arc_lru_lirs.cfg,experiments/data/phases24_c48_seed45.in,LRU ARC LRU LIRS,4,12 12 12 12,48,10000,7203,2797,0.7203,9756,244,0.9756,2553
configs/exp4/lru_arc_lru_lru.cfg,experiments/data/phases24_c48_seed45.in,LRU ARC LRU LRU,4,12 12 12 12,48,10000,6170,3830,0.617,9756,244,0.9756,3586
configs/exp4/lru_lfu.cfg,experiments/data/phases24_c48_seed45.in,LRU LFU,2,24 24,48,10000,8902,1098,0.8902,9756,244,0.9756,854
configs/exp4/lru_lfu_2q.cfg,experiments/data/phases24_c48_seed45.in,LRU LFU 2Q,3,16 16 16,48,10000,7848,2152,0.7848,9756,244,0.9756,1908
configs/exp4/lru_lfu_2q_2q.cfg,experiments/data/phases24_c48_seed45.in,LRU LFU 2Q 2Q,4,12 12 12 12,48,10000,7281,2719,0.7281,9756,244,0.9756,2475
configs/exp4/lru_lfu_2q_arc.cfg,experiments/data/phases24_c48_seed45.in,LRU LFU 2Q ARC,4,12 12 12 12,48,10000,7545,2455,0.7545,9756,244,0.9756,2211
configs/exp4/lru_lfu_2q_lfu.cfg,experiments/data/phases24_c48_seed45.in,LRU LFU 2Q LFU,4,12 12 12 12,48,10000,6652,3348,0.6652,9756,244,0.9756,3104
configs/exp4/lru_lfu_2q_lirs.cfg,experiments/data/phases24_c48_seed45.in,LRU LFU 2Q LIRS,4,12 12 12 12,48,10000,7559,2441,0.7559,9756,244,0.9756,2197
configs/exp4/lru_lfu_2q_lru.cfg,experiments/data/phases24_c48_seed45.in,LRU LFU 2Q LRU,4,12 12 12 12,48,10000,7394,2606,0.7394,9756,244,0.9756,2362
configs/exp4/lru_lfu_arc.cfg,experiments/data/phases24_c48_seed45.in,LRU LFU ARC,3,16 16 16,48,10000,7944,2056,0.7944,9756,244,0.9756,1812
configs/exp4/lru_lfu_arc_2q.cfg,experiments/data/phases24_c48_seed45.in,LRU LFU ARC 2Q,4,12 12 12 12,48,10000,7138,2862,0.7138,9756,244,0.9756,2618
configs/exp4/lru_lfu_arc_arc.cfg,experiments/data/phases24_c48_seed45.in,LRU LFU ARC ARC,4,12 12 12 12,48,10000,6803,3197,0.6803,9756,244,0.9756,2953
configs/exp4/lru_lfu_arc_lfu.cfg,experiments/data/phases24_c48_seed45.in,LRU LFU ARC LFU,4,12 12 12 12,48,10000,6386,3614,0.6386,9756,244,0.9756,3370
configs/exp4/lru_lfu_arc_lirs.cfg,experiments/data/phases24_c48_seed45.in,LRU LFU ARC LIRS,4,12 12 12 12,48,10000,7288,2712,0.7288,9756,244,0.9756,2468
configs/exp4/lru_lfu_arc_lru.cfg,experiments/data/phases24_c48_seed45.in,LRU LFU ARC LRU,4,12 12 12 12,48,10000,6663,3337,0.6663,9756,244,0.9756,3093
configs/exp4/lru_lfu_lfu.cfg,experiments/data/phases24_c48_seed45.in,LRU LFU LFU,3,16 16 16,48,10000,6879,3121,0.6879,9756,244,0.9756,2877
configs/exp4/lru_lfu_lfu_2q.cfg,experiments/data/phases24_c48_seed45.in,LRU LFU LFU 2Q,4,12 12 12 12,48,10000,6853,3147,0.6853,9756,244,0.9756,2903
configs/exp4/lru_lfu_lfu_arc.cfg,experiments/data/phases24_c48_seed45.in,LRU LFU LFU ARC,4,12 12 12 12,48,10000,6562,3438,0.6562,9756,244,0.9756,3194
configs/exp4/lru_lfu_lfu_lfu.cfg,experiments/data/phases24_c48_seed45.in,LRU LFU LFU LFU,4,12 12 12 12,48,10000,5705,4295,0.5705,9756,244,0.9756,4051
configs/exp4/lru_lfu_lfu_lirs.cfg,experiments/data/phases24_c48_seed45.in,LRU LFU LFU LIRS,4,12 12 12 12,48,10000,7074,2926,0.7074,9756,244,0.9756,2682
configs/exp4/lru_lfu_lfu_lru.cfg,experiments/data/phases24_c48_seed45.in,LRU LFU LFU LRU,4,12 12 12 12,48,10000,6262,3738,0.6262,9756,244,0.9756,3494
configs/exp4/lru_lfu_lirs.cfg,experiments/data/phases24_c48_seed45.in,LRU LFU LIRS,3,16 16 16,48,10000,8243,1757,0.8243,9756,244,0.9756,1513
configs/exp4/lru_lfu_lirs_2q.cfg,experiments/data/phases24_c48_seed45.in,LRU LFU LIRS 2Q,4,12 12 12 12,48,10000,7473,2527,0.7473,9756,244,0.9756,2283
configs/exp4/lru_lfu_lirs_arc.cfg,experiments/data/phases24_c48_seed45.in,LRU LFU LIRS ARC,4,12 12 12 12,48,10000,7637,2363,0.7637,9756,244,0.9756,2119
configs/exp4/lru_lfu_lirs_lfu.cfg,experiments/data/phases24_c48_seed45.in,LRU LFU LIRS LFU,4,12 12 12 12,48,10000,6908,3092,0.6908,9756,244,0.9756,2848
configs/exp4/lru_lfu_lirs_lirs.cfg,experiments/data/phases24_c48_seed45.in,LRU LFU LIRS LIRS,4,12 12 12 12,48,10000,7544,2456,0.7544,9756,244,0.9756,2212
configs/exp4/lru_lfu_lirs_lru.cfg,experiments/data/phases24_c48_seed45.in,LRU LFU LIRS LRU,4,12 12 12 12,48,10000,7605,2395,0.7605,9756,244,0.9756,2151
configs/exp4/lru_lfu_lru.cfg,experiments/data/phases24_c48_seed45.in,LRU LFU LRU,3,16 16 16,48,10000,7591,2409,0.7591,9756,244,0.9756,2165
configs/exp4/lru_lfu_lru_2q.cfg,experiments/data/phases24_c48_seed45.in,LRU LFU LRU 2Q,4,12 12 12 12,48,10000,6113,3887,0.6113,9756,244,0.9756,3643
configs/exp4/lru_lfu_lru_arc.cfg,experiments/data/phases24_c48_seed45.in,LRU LFU LRU ARC,4,12 12 12 12,48,10000,6555,3445,0.6555,9756,244,0.9756,3201
configs/exp4/lru_lfu_lru_lfu.cfg,experiments/data/phases24_c48_seed45.in,LRU LFU LRU LFU,4,12 12 12 12,48,10000,5994,4006,0.5994,9756,244,0.9756,3762
configs/exp4/lru_lfu_lru_lirs.cfg,experiments/data/phases24_c48_seed45.in,LRU LFU LRU LIRS,4,12 12 12 12,48,10000,7122,2878,0.7122,9756,244,0.9756,2634
configs/exp4/lru_lfu_lru_lru.cfg,experiments/data/phases24_c48_seed45.in,LRU LFU LRU LRU,4,12 12 12 12,48,10000,6087,3913,0.6087,9756,244,0.9756,3669
configs/exp4/lru_lirs.cfg,experiments/data/phases24_c48_seed45.in,LRU LIRS,2,24 24,48,10000,9332,668,0.9332,9756,244,0.9756,424
configs/exp4/lru_lirs_2q.cfg,experiments/data/phases24_c48_seed45.in,LRU LIRS 2Q,3,16 16 16,48,10000,8531,1469,0.8531,9756,244,0.9756,1225
configs/exp4/lru_lirs_2q_2q.cfg,experiments/data/phases24_c48_seed45.in,LRU LIRS 2Q 2Q,4,12 12 12 12,48,10000,7366,2634,0.7366,9756,244,0.9756,2390
configs/exp4/lru_lirs_2q_arc.cfg,experiments/data/phases24_c48_seed45.in,LRU LIRS 2Q ARC,4,12 12 12 12,48,10000,7745,2255,0.7745,9756,244,0.9756,2011
configs/exp4/lru_lirs_2q_lfu.cfg,experiments/data/phases24_c48_seed45.in,LRU LIRS 2Q LFU,4,12 12 12 12,48,10000,7264,2736,0.7264,9756,244,0.9756,2492
configs/exp4/lru_lirs_2q_lirs.cfg,experiments/data/phases24_c48_seed45.in,LRU LIRS 2Q LIRS,4,12 12 12 12,48,10000,7584,2416,0.7584,9756,244,0.9756,2172
configs/exp4/lru_lirs_2q_lru.cfg,experiments/data/phases24_c48_seed45.in,LRU LIRS 2Q LRU,4,12 12 12 12,48,10000,7851,2149,0.7851,9756,244,0.9756,1905
configs/exp4/lru_lirs_arc.cfg,experiments/data/phases24_c48_seed45.in,LRU LIRS ARC,3,16 16 16,48,10000,8632,1368,0.8632,9756,244,0.9756,1124
configs/exp4/lru_lirs_arc_2q.cfg,experiments/data/phases24_c48_seed45.in,LRU LIRS ARC 2Q,4,12 12 12 12,48,10000,7694,2306,0.7694,9756,244,0.9756,2062
configs/exp4/lru_lirs_arc_arc.cfg,experiments/data/phases24_c48_seed45.in,LRU LIRS ARC ARC,4,12 12 12 12,48,10000,7579,2421,0.7579,9756,244,0.9756,2177
configs/exp4/lru_lirs_arc_lfu.cfg,experiments/data/phases24_c48_seed45.in,LRU LIRS ARC LFU,4,12 12 12 12,48,10000,7405,2595,0.7405,9756,244,0.9756,2351
configs/exp4/lru_lirs_arc_lirs.cfg,experiments/data/phases24_c48_seed45.in,LRU LIRS ARC LIRS,4,12 12 12 12,48,10000,7784,2216,0.7784,9756,244,0.9756,1972
configs/exp4/lru_lirs_arc_lru.cfg,experiments/data/phases24_c48_seed45.in,LRU LIRS ARC LRU,4,12 12 12 12,48,10000,7593,2407,0.7593,9756,244,0.9756,2163
configs/exp4/lru_lirs_lfu.cfg,experiments/data/phases24_c48_seed45.in,LRU LIRS LFU,3,16 16 16,48,10000,8085,1915,0.8085,9756,244,0.9756,1671
configs/exp4/lru_lirs_lfu_2q.cfg,experiments/data/phases24_c48_seed45.in,LRU LIRS LFU 2Q,4,12 12 12 12,48,10000,7420,2580,0.742,9756,244,0.9756,2336
configs/exp4/lru_lirs_lfu_arc.cfg,experiments/data/phases24_c48_seed45.in,LRU LIRS LFU ARC,4,12 12 12 12,48,10000,7595,2405,0.7595,9756,244,0.9756,2161
configs/exp4/lru_lirs_lfu_lfu.cfg,experiments/data/phases24_c48_seed45.in,LRU LIRS LFU LFU,4,12 12 12 12,48,10000,6932,3068,0.6932,9756,244,0.9756,2824
configs/exp4/lru_lirs_lfu_lirs.cfg,experiments/data/phases24_c48_seed45.in,LRU LIRS LFU LIRS,4,12 12 12 12,48,10000,7514,2486,0.7514,9756,244,0.9756,2242
configs/exp4/lru_lirs_lfu_lru.cfg,experiments/data/phases24_c48_seed45.in,LRU LIRS LFU LRU,4,12 12 12 12,48,10000,7545,2455,0.7545,9756,244,0.9756,2211
configs/exp4/lru_lirs_lirs.cfg,experiments/data/phases24_c48_seed45.in,LRU LIRS LIRS,3,16 16 16,48,10000,8593,1407,0.8593,9756,244,0.9756,1163
configs/exp4/lru_lirs_lirs_2q.cfg,experiments/data/phases24_c48_seed45.in,LRU LIRS LIRS 2Q,4,12 12 12 12,48,10000,7508,2492,0.7508,9756,244,0.9756,2248
configs/exp4/lru_lirs_lirs_arc.cfg,experiments/data/phases24_c48_seed45.in,LRU LIRS LIRS ARC,4,12 12 12 12,48,10000,7848,2152,0.7848,9756,244,0.9756,1908
configs/exp4/lru_lirs_lirs_lfu.cfg,experiments/data/phases24_c48_seed45.in,LRU LIRS LIRS LFU,4,12 12 12 12,48,10000,7355,2645,0.7355,9756,244,0.9756,2401
configs/exp4/lru_lirs_lirs_lirs.cfg,experiments/data/phases24_c48_seed45.in,LRU LIRS LIRS LIRS,4,12 12 12 12,48,10000,7511,2489,0.7511,9756,244,0.9756,2245
configs/exp4/lru_lirs_lirs_lru.cfg,experiments/data/phases24_c48_seed45.in,LRU LIRS LIRS LRU,4,12 12 12 12,48,10000,7918,2082,0.7918,9756,244,0.9756,1838
configs/exp4/lru_lirs_lru.cfg,experiments/data/phases24_c48_seed45.in,LRU LIRS LRU,3,16 16 16,48,10000,8656,1344,0.8656,9756,244,0.9756,1100
configs/exp4/lru_lirs_lru_2q.cfg,experiments/data/phases24_c48_seed45.in,LRU LIRS LRU 2Q,4,12 12 12 12,48,10000,7694,2306,0.7694,9756,244,0.9756,2062
configs/exp4/lru_lirs_lru_arc.cfg,experiments/data/phases24_c48_seed45.in,LRU LIRS LRU ARC,4,12 12 12 12,48,10000,7651,2349,0.7651,9756,244,0.9756,2105
configs/exp4/lru_lirs_lru_lfu.cfg,experiments/data/phases24_c48_seed45.in,LRU LIRS LRU LFU,4,12 12 12 12,48,10000,7263,2737,0.7263,9756,244,0.9756,2493
configs/exp4/lru_lirs_lru_lirs.cfg,experiments/data/phases24_c48_seed45.in,LRU LIRS LRU LIRS,4,12 12 12 12,48,10000,7923,2077,0.7923,9756,244,0.9756,1833
configs/exp4/lru_lirs_lru_lru.cfg,experiments/data/phases24_c48_seed45.in,LRU LIRS LRU LRU,4,12 12 12 12,48,10000,7414,2586,0.7414,9756,244,0.9756,2342
configs/exp4/lru_lru_2q.cfg,experiments/data/phases24_c48_seed45.in,LRU LRU 2Q,3,16 16 16,48,10000,7752,2248,0.7752,9756,244,0.9756,2004
configs/exp4/lru_lru_2q_2q.cfg,experiments/data/phases24_c48_seed45.in,LRU LRU 2Q 2Q,4,12 12 12 12,48,10000,6284,3716,0.6284,9756,244,0.9756,3472
configs/exp4/lru_lru_2q_arc.cfg,experiments/data/phases24_c48_seed45.in,LRU LRU 2Q ARC,4,12 12 12 12,48,10000,6804,3196,0.6804,9756,244,0.9756,2952
configs/exp4/lru_lru_2q_lfu.cfg,experiments/data/phases24_c48_seed45.in,LRU LRU 2Q LFU,4,12 12 12 12,48,10000,6175,3825,0.6175,9756,244,0.9756,3581
configs/exp4/lru_lru_2q_lirs.cfg,experiments/data/phases24_c48_seed45.in,LRU LRU 2Q LIRS,4,12 12 12 12,48,10000,7229,2771,0.7229,9756,244,0.9756,2527
configs/exp4/lru_lru_2q_lru.cfg,experiments/data/phases24_c48_seed45.in,LRU LRU 2Q LRU,4,12 12 12 12,48,10000,6444,3556,0.6444,9756,244,0.9756,3312
configs/exp4/lru_lru_arc.cfg,experiments/data/phases24_c48_seed45.in,LRU LRU ARC,3,16 16 16,48,10000,7789,2211,0.7789,9756,244,0.9756,1967
configs/exp4/lru_lru_arc_2q.cfg,experiments/data/phases24_c48_seed45.in,LRU LRU ARC 2Q,4,12 12 12 12,48,10000,6777,3223,0.6777,9756,244,0.9756,2979
configs/exp4/lru_lru_arc_arc.cfg,experiments/data/phases24_c48_seed45.in,LRU LRU ARC ARC,4,12 12 12 12,48,10000,6387,3613,0.6387,9756,244,0.9756,3369
configs/exp4/lru_lru_arc_lfu.cfg,experiments/data/phases24_c48_seed45.in,LRU LRU ARC LFU,4,12 12 12 12,48,10000,6186,3814,0.6186,9756,244,0.9756,3570
configs/exp4/lru_lru_arc_lirs.cfg,experiments/data/phases24_c48_seed45.in,LRU LRU ARC LIRS,4,12 12 12 12,48,10000,6983,3017,0.6983,9756,244,0.9756,2773
configs/exp4/lru_lru_arc_lru.cfg,experiments/data/phases24_c48_seed45.in,LRU LRU ARC LRU,4,12 12 12 12,48,10000,6194,3806,0.6194,9756,244,0.9756,3562
configs/exp4/lru_lru_lfu.cfg,experiments/data/phases24_c48_seed45.in,LRU LRU LFU,3,16 16 16,48,10000,7216,2784,0.7216,9756,244,0.9756,2540
configs/exp4/lru_lru_lfu_2q.cfg,experiments/data/phases24_c48_seed45.in,LRU LRU LFU 2Q,4,12 12 12 12,48,10000,6142,3858,0.6142,9756,244,0.9756,3614
configs/exp4/lru_lru_lfu_arc.cfg,experiments/data/phases24_c48_seed45.in,LRU LRU LFU ARC,4,12 12 12 12,48,10000,6294,3706,0.6294,9756,244,0.9756,3462
configs/exp4/lru_lru_lfu_lfu.cfg,experiments/data/phases24_c48_seed45.in,LRU LRU LFU LFU,4,12 12 12 12,48,10000,5758,4242,0.5758,9756,244,0.9756,3998
configs/exp4/lru_lru_lfu_lirs.cfg,experiments/data/phases24_c48_seed45.in,LRU LRU LFU LIRS,4,12 12 12 12,48,10000,6911,3089,0.6911,9756,244,0.9756,2845
configs/exp4/lru_lru_lfu_lru.cfg,experiments/data/phases24_c48_seed45.in,LRU LRU LFU LRU,4,12 12 12 12,48,10000,5809,4191,0.5809,9756,244,0.9756,3947
configs/exp4/lru_lru_lirs.cfg,experiments/data/phases24_c48_seed45.in,LRU LRU LIRS,3,16 16 16,48,10000,8192,1808,0.8192,9756,244,0.9756,1564
configs/exp4/lru_lru_lirs_2q.cfg,experiments/data/phases24_c48_seed45.in,LRU LRU LIRS 2Q,4,12 12 12 12,48,10000,7241,2759,0.7241,9756,244,0.9756,2515
configs/exp4/lru_lru_lirs_arc.cfg,experiments/data/phases24_c48_seed45.in,LRU LRU LIRS ARC,4,12 12 12 12,48,10000,7326,2674,0.7326,9756,244,0.9756,2430
configs/exp4/lru_lru_lirs_lfu.cfg,experiments/data/phases24_c48_seed45.in,LRU LRU LIRS LFU,4,12 12 12 12,48,10000,6873,3127,0.6873,9756,244,0.9756,2883
configs/exp4/lru_lru_lirs_lirs.cfg,experiments/data/phases24_c48_seed45.in,LRU LRU LIRS LIRS,4,12 12 12 12,48,10000,7364,2636,0.7364,9756,244,0.9756,2392
configs/exp4/lru_lru_lirs_lru.cfg,experiments/data/phases24_c48_seed45.in,LRU LRU LIRS LRU,4,12 12 12 12,48,10000,7238,2762,0.7238,9756,244,0.9756,2518
configs/exp4/lru_lru_lru_2q.cfg,experiments/data/phases24_c48_seed45.in,LRU LRU LRU 2Q,4,12 12 12 12,48,10000,5774,4226,0.5774,9756,244,0.9756,3982
configs/exp4/lru_lru_lru_arc.cfg,experiments/data/phases24_c48_seed45.in,LRU LRU LRU ARC,4,12 12 12 12,48,10000,6060,3940,0.606,9756,244,0.9756,3696
configs/exp4/lru_lru_lru_lfu.cfg,experiments/data/phases24_c48_seed45.in,LRU LRU LRU LFU,4,12 12 12 12,48,10000,5533,4467,0.5533,9756,244,0.9756,4223
configs/exp4/lru_lru_lru_lirs.cfg,experiments/data/phases24_c48_seed45.in,LRU LRU LRU LIRS,4,12 12 12 12,48,10000,6764,3236,0.6764,9756,244,0.9756,2992
configs/exp4/2q_2q_2q_arc.cfg,experiments/data/phases24_c96_seed45.in,2Q 2Q 2Q ARC,4,24 24 24 24,96,10000,9481,519,0.9481,9861,139,0.9861,380
configs/exp4/2q_2q_2q_lfu.cfg,experiments/data/phases24_c96_seed45.in,2Q 2Q 2Q LFU,4,24 24 24 24,96,10000,9429,571,0.9429,9861,139,0.9861,432
configs/exp4/2q_2q_2q_lirs.cfg,experiments/data/phases24_c96_seed45.in,2Q 2Q 2Q LIRS,4,24 24 24 24,96,10000,9455,545,0.9455,9861,139,0.9861,406
configs/exp4/2q_2q_2q_lru.cfg,experiments/data/phases24_c96_seed45.in,2Q 2Q 2Q LRU,4,24 24 24 24,96,10000,9478,522,0.9478,9861,139,0.9861,383
configs/exp4/2q_2q_arc.cfg,experiments/data/phases24_c96_seed45.in,2Q 2Q ARC,3,32 32 32,96,10000,9620,380,0.962,9861,139,0.9861,241
configs/exp4/2q_2q_arc_2q.cfg,experiments/data/phases24_c96_seed45.in,2Q 2Q ARC 2Q,4,24 24 24 24,96,10000,9456,544,0.9456,9861,139,0.9861,405
configs/exp4/2q_2q_arc_arc.cfg,experiments/data/phases24_c96_seed45.in,2Q 2Q ARC ARC,4,24 24 24 24,96,10000,9429,571,0.9429,9861,139,0.9861,432
configs/exp4/2q_2q_arc_lfu.cfg,experiments/data/phases24_c96_seed45.in,2Q 2Q ARC LFU,4,24 24 24 24,96,10000,9437,563,0.9437,9861,139,0.9861,424
configs/exp4/2q_2q_arc_lirs.cfg,experiments/data/phases24_c96_seed45.in,2Q 2Q ARC LIRS,4,24 24 24 24,96,10000,9487,513,0.9487,9861,139,0.9861,374
configs/exp4/2q_2q_arc_lru.cfg,experiments/data/phases24_c96_seed45.in,2Q 2Q ARC LRU,4,24 24 24 24,96,10000,9430,570,0.943,9861,139,0.9861,431
configs/exp4/2q_2q_lfu.cfg,experiments/data/phases24_c96_seed45.in,2Q 2Q LFU,3,32 32 32,96,10000,9606,394,0.9606,9861,139,0.9861,255
configs/exp4/2q_2q_lfu_2q.cfg,experiments/data/phases24_c96_seed45.in,2Q 2Q LFU 2Q,4,24 24 24 24,96,10000,9468,532,0.9468,9861,139,0.9861,393
configs/exp4/2q_2q_lfu_arc.cfg,experiments/data/phases24_c96_seed45.in,2Q 2Q LFU ARC,4,24 24 24 24,96,10000,9462,538,0.9462,9861,139,0.9861,399
configs/exp4/2q_2q_lfu_lfu.cfg,experiments/data/phases24_c96_seed45.in,2Q 2Q LFU LFU,4,24 24 24 24,96,10000,9394,606,0.9394,9861,139,0.9861,467
configs/exp4/2q_2q_lfu_lirs.cfg,experiments/data/phases24_c96_seed45.in,2Q 2Q LFU LIRS,4,24 24 24 24,96,10000,9498,502,0.9498,9861,139,0.9861,363
configs/exp4/2q_2q_lfu_lru.cfg,experiments/data/phases24_c96_seed45.in,2Q 2Q LFU LRU,4,24 24 24 24,96,10000,9476,524,0.9476,9861,139,0.9861,385
configs/exp4/2q_2q_lirs.cfg,experiments/data/phases24_c96_seed45.in,2Q 2Q LIRS,3,32 32 32,96,10000,9599,401,0.9599,9861,139,0.9861,262
configs/exp4/2q_2q_lirs_2q.cfg,experiments/data/phases24_c96_seed45.in,2Q 2Q LIRS 2Q,4,24 24 24 24,96,10000,9456,544,0.9456,9861,139,0.9861,405
configs/exp4/2q_2q_lirs_arc.cfg,experiments/data/phases24_c96_seed45.in,2Q 2Q LIRS ARC,4,24 24 24 24,96,10000,9532,468,0.9532,9861,139,0.9861,329
configs/exp4/2q_2q_lirs_lfu.cfg,experiments/data/phases24_c96_seed45.in,2Q 2Q LIRS LFU,4,24 24 24 24,96,10000,9481,519,0.9481,9861,139,0.9861,380
configs/exp4/2q_2q_lirs_lirs.cfg,experiments/data/phases24_c96_seed45.in,2Q 2Q LIRS LIRS,4,24 24 24 24,96,10000,9444,556,0.9444,9861,139,0.9861,417
configs/exp4/2q_2q_lirs_lru.cfg,experiments/data/phases24_c96_seed45.in,2Q 2Q LIRS LRU,4,24 24 24 24,96,10000,9516,484,0.9516,9861,139,0.9861,345
configs/exp4/2q_2q_lru.cfg,experiments/data/phases24_c96_seed45.in,2Q 2Q LRU,3,32 32 32,96,10000,9619,381,0.9619,9861,139,0.9861,242
configs/exp4/2q_2q_lru_2q.cfg,experiments/data/phases24_c96_seed45.in,2Q 2Q LRU 2Q,4,24 24 24 24,96,10000,9436,564,0.9436,9861,139,0.9861,425
configs/exp4/2q_2q_lru_arc.cfg,experiments/data/phases24_c96_seed45.in,2Q 2Q LRU ARC,4,24 24 24 24,96,10000,9432,568,0.9432,9861,139,0.9861,429
configs/exp4/2q_2q_lru_lfu.cfg,experiments/data/phases24_c96_seed45.in,2Q 2Q LRU LFU,4,24 24 24 24,96,10000,9398,602,0.9398,9861,139,0.9861,463
configs/exp4/2q_2q_lru_lirs.cfg,experiments/data/phases24_c96_seed45.in,2Q 2Q LRU LIRS,4,24 24 24 24,96,10000,9496,504,0.9496,9861,139,0.9861,365
configs/exp4/2q_2q_lru_lru.cfg,experiments/data/phases24_c96_seed45.in,2Q 2Q LRU LRU,4,24 24 24 24,96,10000,9398,602,0.9398,9861,139,0.9861,463
configs/exp4/2q_arc.cfg,experiments/data/phases24_c96_seed45.in,2Q ARC,2,48 48,96,10000,9696,304,0.9696,9861,139,0.9861,165
configs/exp4/2q_arc_2q.cfg,experiments/data/phases24_c96_seed45.in,2Q ARC 2Q,3,32 32 32,96,10000,9594,406,0.9594,9861,139,0.9861,267
configs/exp4/2q_arc_2q_2q.cfg,experiments/data/phases24_c96_seed45.in,2Q ARC 2Q 2Q,4,24 24 24 24,96,10000,9438,562,0.9438,9861,139,0.9861,423
configs/exp4/2q_arc_2q_arc.cfg,experiments/data/phases24_c96_seed45.in,2Q ARC 2Q ARC,4,24 24 24 24,96,10000,9469,531,0.9469,9861,139,0.9861,392
configs/exp4/2q_arc_2q_lfu.cfg,experiments/data/phases24_c96_seed45.in,2Q ARC 2Q LFU,4,24 24 24 24,96,10000,9450,550,0.945,9861,139,0.9861,411
configs/exp4/2q_arc_2q_lirs.cfg,experiments/data/phases24_c96_seed45.in,2Q ARC 2Q LIRS,4,24 24 24 24,96,10000,9512,488,0.9512,9861,139,0.9861,349
configs/exp4/2q_arc_2q_lru.cfg,experiments/data/phases24_c96_seed45.in,2Q ARC 2Q LRU,4,24 24 24 24,96,10000,9475,525,0.9475,9861,139,0.9861,386
configs/exp4/2q_arc_arc.cfg,experiments/data/phases24_c96_seed45.in,2Q ARC ARC,3,32 32 32,96,10000,9585,415,0.9585,9861,139,0.9861,276
configs/exp4/2q_arc_arc_2q.cfg,experiments/data/phases24_c96_seed45.in,2Q ARC ARC 2Q,4,24 24 24 24,96,10000,9450,550,0.945,9861,139,0.9861,411
configs/exp4/2q_arc_arc_arc.cfg,experiments/data/phases24_c96_seed45.in,2Q ARC ARC ARC,4,24 24 24 24,96,10000,9414,586,0.9414,9861,139,0.9861,447
configs/exp4/2q_arc_arc_lfu.cfg,experiments/data/phases24_c96_seed45.in,2Q ARC ARC LFU,4,24 24 24 24,96,10000,9429,571,0.9429,9861,139,0.9861,432
configs/exp4/2q_arc_arc_lirs.cfg,experiments/data/phases24_c96_seed45.in,2Q ARC ARC LIRS,4,24 24 24 24,96,10000,9500,500,0.95,9861,139,0.9861,361
configs/exp4/2q_arc_arc_lru.cfg,experiments/data/phases24_c96_seed45.in,2Q ARC ARC LRU,4,24 24 24 24,96,10000,9406,594,0.9406,9861,139,0.9861,455
configs/exp4/2q_arc_lfu.cfg,experiments/data/phases24_c96_seed45.in,2Q ARC LFU,3,32 32 32,96,10000,9596,404,0.9596,9861,139,0.9861,265
configs/exp4/2q_arc_lfu_2q.cfg,experiments/data/phases24_c96_seed45.in,2Q ARC LFU 2Q,4,24 24 24 24,96,10000,9478,522,0.9478,9861,139,0.9861,383
configs/exp4/2q_arc_lfu_arc.cfg,experiments/data/phases24_c96_seed45.in,2Q ARC LFU ARC,4,24 24 24 24,96,10000,9446,554,0.9446,9861,139,0.9861,415
configs/exp4/2q_arc_lfu_lfu.cfg,experiments/data/phases24_c96_seed45.in,2Q ARC LFU LFU,4,24 24 24 24,96,10000,9405,595,0.9405,9861,139,0.9861,456
configs/exp4/2q_arc_lfu_lirs.cfg,experiments/data/phases24_c96_seed45.in,2Q ARC LFU LIRS,4,24 24 24 24,96,10000,9525,475,0.9525,9861,139,0.9861,336
configs/exp4/2q_arc_lfu_lru.cfg,experiments/data/phases24_c96_seed45.in,2Q ARC LFU LRU,4,24 24 24 24,96,10000,9443,557,0.9443,9861,139,0.9861,418
configs/exp4/2q_arc_lirs.cfg,experiments/data/phases24_c96_seed45.in,2Q ARC LIRS,3,32 32 32,96,10000,9612,388,0.9612,9861,139,0.9861,249
configs/exp4/2q_arc_lirs_2q.cfg,experiments/data/phases24_c96_seed45.in,2Q ARC LIRS 2Q,4,24 24 24 24,96,10000,9493,507,0.9493,9861,139,0.9861,368
configs/exp4/2q_arc_lirs_arc.cfg,experiments/data/phases24_c96_seed45.in,2Q ARC LIRS ARC,4,24 24 24 24,96,10000,9539,461,0.9539,9861,139,0.9861,322
configs/exp4/2q_arc_lirs_lfu.cfg,experiments/data/phases24_c96_seed45.in,2Q ARC LIRS LFU,4,24 24 24 24,96,10000,9503,497,0.9503,9861,139,0.9861,358
configs/exp4/2q_arc_lirs_lirs.cfg,experiments/data/phases24_c96_seed45.in,2Q ARC LIRS LIRS,4,24 24 24 24,96,10000,9477,523,0.9477,9861,139,0.9861,384
configs/exp4/2q_arc_lirs_lru.cfg,experiments/data/phases24_c96_seed45.in,2Q ARC LIRS LRU,4,24 24 24 24,96,10000,9519,481,0.9519,9861,139,0.9861,342
configs/exp4/2q_arc_lru.cfg,experiments/data/phases24_c96_seed45.in,2Q ARC LRU,3,32 32 32,96,10000,9577,423,0.9577,9861,139,0.9861,284
configs/exp4/2q_arc_lru_2q.cfg,experiments/data/phases24_c96_seed45.in,2Q ARC LRU 2Q,4,24 24 24 24,96,10000,9430,570,0.943,9861,139,0.9861,431
configs/exp4/2q_arc_lru_arc.cfg,experiments/data/phases24_c96_seed45.in,2Q ARC LRU ARC,4,24 24 24 24,96,10000,9379,621,0.9379,9861,139,0.9861,482
configs/exp4/2q_arc_lru_lfu.cfg,experiments/data/phases24_c96_seed45.in,2Q ARC LRU LFU,4,24 24 24 24,96,10000,9381,619,0.9381,9861,139,0.9861,480
configs/exp4/2q_arc_lru_lirs.cfg,experiments/data/phases24_c96_seed45.in,2Q ARC LRU LIRS,4,24 24 24 24,96,10000,9504,496,0.9504,9861,139,0.9861,357
configs/exp4/2q_arc_lru_lru.cfg,experiments/data/phases24_c96_seed45.in,2Q ARC LRU LRU,4,24 24 24 24,96,10000,9373,627,0.9373,9861,139,0.9861,488
configs/exp4/2q_lfu.cfg,experiments/data/phases24_c96_seed45.in,2Q LFU,2,48 48,96,10000,9692,308,0.9692,9861,139,0.9861,169
configs/exp4/2q_lfu_2q.cfg,experiments/data/phases24_c96_seed45.in,2Q LFU 2Q,3,32 32 32,96,10000,9630,370,0.963,9861,139,0.9861,231
configs/exp4/2q_lfu_2q_2q.cfg,experiments/data/phases24_c96_seed45.in,2Q LFU 2Q 2Q,4,24 24 24 24,96,10000,9490,510,0.949,9861,139,0.9861,371
configs/exp4/2q_lfu_2q_arc.cfg,experiments/data/phases24_c96_seed45.in,2Q LFU 2Q ARC,4,24 24 24 24,96,10000,9500,500,0.95,9861,139,0.9861,361
configs/exp4/2q_lfu_2q_lfu.cfg,experiments/data/phases24_c96_seed45.in,2Q LFU 2Q LFU,4,24 24 24 24,96,10000,9459,541,0.9459,9861,139,0.9861,402
configs/exp4/2q_lfu_2q_lirs.cfg,experiments/data/phases24_c96_seed45.in,2Q LFU 2Q LIRS,4,24 24 24 24,96,10000,9527,473,0.9527,9861,139,0.9861,334
configs/exp4/2q_lfu_2q_lru.cfg,experiments/data/phases24_c96_seed45.in,2Q LFU 2Q LRU,4,24 24 24 24,96,10000,9517,483,0.9517,9861,139,0.9861,344
configs/exp4/2q_lfu_arc.cfg,experiments/data/phases24_c96_seed45.in,2Q LFU ARC,3,32 32 32,96,10000,9632,368,0.9632,9861,139,0.9861,229
configs/exp4/2q_lfu_arc_2q.cfg,experiments/data/phases24_c96_seed45.in,2Q LFU ARC 2Q,4,24 24 24 24,96,10000,9519,481,0.9519,9861,139,0.9861,342
configs/exp4/2q_lfu_arc_arc.cfg,experiments/data/phases24_c96_seed45.in,2Q LFU ARC ARC,4,24 24 24 24,96,10000,9517,483,0.9517,9861,139,0.9861,344
configs/exp4/2q_lfu_arc_lfu.cfg,experiments/data/phases24_c96_seed45.in,2Q LFU ARC LFU,4,24 24 24 24,96,10000,9493,507,0.9493,9861,139,0.9861,368
configs/exp4/2q_lfu_arc_lirs.cfg,experiments/data/phases24_c96_seed45.in,2Q LFU ARC LIRS,4,24 24 24 24,96,10000,9558,442,0.9558,9861,139,0.9861,303
configs/exp4/2q_lfu_arc_lru.cfg,experiments/data/phases24_c96_seed45.in,2Q LFU ARC LRU,4,24 24 24 24,96,10000,9522,478,0.9522,9861,139,0.9861,339
configs/exp4/2q_lfu_lfu.cfg,experiments/data/phases24_c96_seed45.in,2Q LFU LFU,3,32 32 32,96,10000,9633,367,0.9633,9861,139,0.9861,228
configs/exp4/2q_lfu_lfu_2q.cfg,experiments/data/phases24_c96_seed45.in,2Q LFU LFU 2Q,4,24 24 24 24,96,10000,9522,478,0.9522,9861,139,0.9861,339
configs/exp4/2q_lfu_lfu_arc.cfg,experiments/data/phases24_c96_seed45.in,2Q LFU LFU ARC,4,24 24 24 24,96,10000,9539,461,0.9539,9861,139,0.9861,322
configs/exp4/2q_lfu_lfu_lfu.cfg,experiments/data/phases24_c96_seed45.in,2Q LFU LFU LFU,4,24 24 24 24,96,10000,9211,789,0.9211,9861,139,0.9861,650
configs/exp4/2q_lfu_lfu_lirs.cfg,experiments/data/phases24_c96_seed45.in,2Q LFU LFU LIRS,4,24 24 24 24,96,10000,9573,427,0.9573,9861,139,0.9861,288
configs/exp4/2q_lfu_lfu_lru.cfg,experiments/data/phases24_c96_seed45.in,2Q LFU LFU LRU,4,24 24 24 24,96,10000,9502,498,0.9502,9861,139,0.9861,359
configs/exp4/2q_lfu_lirs.cfg,experiments/data/phases24_c96_seed45.in,2Q LFU LIRS,3,32 32 32,96,10000,9648,352,0.9648,9861,139,0.9861,213
configs/exp4/2q_lfu_lirs_2q.cfg,experiments/data/phases24_c96_seed45.in,2Q LFU LIRS 2Q,4,24 24 24 24,96,10000,9567,433,0.9567,9861,139,0.9861,294
configs/exp4/2q_lfu_lirs_arc.cfg,experiments/data/phases24_c96_seed45.in,2Q LFU LIRS ARC,4,24 24 24 24,96,10000,9600,400,0.96,9861,139,0.9861,261
configs/exp4/2q_lfu_lirs_lfu.cfg,experiments/data/phases24_c96_seed45.in,2Q LFU LIRS LFU,4,24 24 24 24,96,10000,9541,459,0.9541,9861,139,0.9861,320
configs/exp4/2q_lfu_lirs_lirs.cfg,experiments/data/phases24_c96_seed45.in,2Q LFU LIRS LIRS,4,24 24 24 24,96,10000,9549,451,0.9549,9861,139,0.9861,312
configs/exp4/2q_lfu_lirs_lru.cfg,experiments/data/phases24_c96_seed45.in,2Q LFU LIRS LRU,4,24 24 24 24,96,10000,9604,396,0.9604,9861,139,0.9861,257
configs/exp4/2q_lfu_lru.cfg,experiments/data/phases24_c96_seed45.in,2Q LFU LRU,3,32 32 32,96,10000,9631,369,0.9631,9861,139,0.9861,230
configs/exp4/2q_lfu_lru_2q.cfg,experiments/data/phases24_c96_seed45.in,2Q LFU LRU 2Q,4,24 24 24 24,96,10000,9442,558,0.9442,9861,139,0.9861,419
configs/exp4/2q_lfu_lru_arc.cfg,experiments/data/phases24_c96_seed45.in,2Q LFU LRU ARC,4,24 24 24 24,96,10000,9444,556,0.9444,9861,139,0.9861,417
configs/exp4/2q_lfu_lru_lfu.cfg,experiments/data/phases24_c96_seed45.in,2Q LFU LRU LFU,4,24 24 24 24,96,10000,9387,613,0.9387,9861,139,0.9861,474
configs/exp4/2q_lfu_lru_lirs.cfg,experiments/data/phases24_c96_seed45.in,2Q LFU LRU LIRS,4,24 24 24 24,96,10000,9534,466,0.9534,9861,139,0.9861,327
configs/exp4/2q_lfu_lru_lru.cfg,experiments/data/phases24_c96_seed45.in,2Q LFU LRU LRU,4,24 24 24 24,96,10000,9422,578,0.9422,9861,139,0.9861,439
configs/exp4/2q_lirs.cfg,experiments/data/phases24_c96_seed45.in,2Q LIRS,2,48 48,96,10000,9690,310,0.969,9861,139,0.9861,171
configs/exp4/2q_lirs_2q.cfg,experiments/data/phases24_c96_seed45.in,2Q LIRS 2Q,3,32 32 32,96,10000,9600,400,0.96,9861,139,0.9861,261
configs/exp4/2q_lirs_2q_2q.cfg,experiments/data/phases24_c96_seed45.in,2Q LIRS 2Q 2Q,4,24 24 24 24,96,10000,9472,528,0.9472,9861,139,0.9861,389
configs/exp4/2q_lirs_2q_arc.cfg,experiments/data/phases24_c96_seed45.in,2Q LIRS 2Q ARC,4,24 24 24 24,96,10000,9532,468,0.9532,9861,139,0.9861,329
configs/exp4/2q_lirs_2q_lfu.cfg,experiments/data/phases24_c96_seed45.in,2Q LIRS 2Q LFU,4,24 24 24 24,96,10000,9494,506,0.9494,9861,139,0.9861,367
configs/exp4/2q_lirs_2q_lirs.cfg,experiments/data/phases24_c96_seed45.in,2Q LIRS 2Q LIRS,4,24 24 24 24,96,10000,9499,501,0.9499,9861,139,0.9861,362
configs/exp4/2q_lirs_2q_lru.cfg,experiments/data/phases24_c96_seed45.in,2Q LIRS 2Q LRU,4,24 24 24 24,96,10000,9530,470,0.953,9861,139,0.9861,331
configs/exp4/2q_lirs_arc.cfg,experiments/data/phases24_c96_seed45.in,2Q LIRS ARC,3,32 32 32,96,10000,9631,369,0.9631,9861,139,0.9861,230
configs/exp4/2q_lirs_arc_2q.cfg,experiments/data/phases24_c96_seed45.in,2Q LIRS ARC 2Q,4,24 24 24 24,96,10000,9530,470,0.953,9861,139,0.9861,331
configs/exp4/2q_lirs_arc_arc.cfg,experiments/data/phases24_c96_seed45.in,2Q LIRS ARC ARC,4,24 24 24 24,96,10000,9519,481,0.9519,9861,139,0.9861,342
configs/exp4/2q_lirs_arc_lfu.cfg,experiments/data/phases24_c96_seed45.in,2Q LIRS ARC LFU,4,24 24 24 24,96,10000,9512,488,0.9512,9861,139,0.9861,349
configs/exp4/2q_lirs_arc_lirs.cfg,experiments/data/phases24_c96_seed45.in,2Q LIRS ARC LIRS,4,24 24 24 24,96,10000,9556,444,0.9556,9861,139,0.9861,305
configs/exp4/2q_lirs_arc_lru.cfg,experiments/data/phases24_c96_seed45.in,2Q LIRS ARC LRU,4,24 24 24 24,96,10000,9510,490,0.951,9861,139,0.9861,351
configs/exp4/2q_lirs_lfu.cfg,experiments/data/phases24_c96_seed45.in,2Q LIRS LFU,3,32 32 32,96,10000,9634,366,0.9634,9861,139,0.9861,227
configs/exp4/2q_lirs_lfu_2q.cfg,experiments/data/phases24_c96_seed45.in,2Q LIRS LFU 2Q,4,24 24 24 24,96,10000,9519,481,0.9519,9861,139,0.9861,342
configs/exp4/2q_lirs_lfu_arc.cfg,experiments/data/phases24_c96_seed45.in,2Q LIRS LFU ARC,4,24 24 24 24,96,10000,9553,447,0.9553,9861,139,0.9861,308
configs/exp4/2q_lirs_lfu_lfu.cfg,experiments/data/phases24_c96_seed45.in,2Q LIRS LFU LFU,4,24 24 24 24,96,10000,9486,514,0.9486,9861,139,0.9861,375
configs/exp4/2q_lirs_lfu_lirs.cfg,experiments/data/phases24_c96_seed45.in,2Q LIRS LFU LIRS,4,24 24 24 24,96,10000,9527,473,0.9527,9861,139,0.9861,334
configs/exp4/2q_lirs_lfu_lru.cfg,experiments/data/phases24_c96_seed45.in,2Q LIRS LFU LRU,4,24 24 24 24,96,10000,9562,438,0.9562,9861,139,0.9861,299
configs/exp4/2q_lirs_lirs.cfg,experiments/data/phases24_c96_seed45.in,2Q LIRS LIRS,3,32 32 32,96,10000,9582,418,0.9582,9861,139,0.9861,279
configs/exp4/2q_lirs_lirs_2q.cfg,experiments/data/phases24_c96_seed45.in,2Q LIRS LIRS 2Q,4,24 24 24 24,96,10000,9488,512,0.9488,9861,139,0.9861,373
configs/exp4/2q_lirs_lirs_arc.cfg,experiments/data/phases24_c96_seed45.in,2Q LIRS LIRS ARC,4,24 24 24 24,96,10000,9570,430,0.957,9861,139,0.9861,291
configs/exp4/2q_lirs_lirs_lfu.cfg,experiments/data/phases24_c96_seed45.in,2Q LIRS LIRS LFU,4,24 24 24 24,96,10000,9515,485,0.9515,9861,139,0.9861,346
configs/exp4/2q_lirs_lirs_lirs.cfg,experiments/data/phases24_c96_seed45.in,2Q LIRS LIRS LIRS,4,24 24 24 24,96,10000,9460,540,0.946,9861,139,0.9861,401
configs/exp4/2q_lirs_lirs_lru.cfg,experiments/data/phases24_c96_seed45.in,2Q LIRS LIRS LRU,4,24 24 24 24,96,10000,9556,444,0.9556,9861,139,0.9861,305
configs/exp4/2q_lirs_lru.cfg,experiments/data/phases24_c96_seed45.in,2Q LIRS LRU,3,32 32 32,96,10000,9635,365,0.9635,9861,139,0.9861,226
configs/exp4/2q_lirs_lru_2q.cfg,experiments/data/phases24_c96_seed45.in,2Q LIRS LRU 2Q,4,24 24 24 24,96,10000,9514,486,0.9514,9861,139,0.9861,347
configs/exp4/2q_lirs_lru_arc.cfg,experiments/data/phases24_c96_seed45.in,2Q LIRS LRU ARC,4,24 24 24 24,96,10000,9494,506,0.9494,9861,139,0.9861,367
configs/exp4/2q_lirs_lru_lfu.cfg,experiments/data/phases24_c96_seed45.in,2Q LIRS LRU LFU,4,24 24 24 24,96,10000,9487,513,0.9487,9861,139,0.9861,374
configs/exp4/2q_lirs_lru_lirs.cfg,experiments/data/phases24_c96_seed45.in,2Q LIRS LRU LIRS,4,24 24 24 24,96,10000,9547,453,0.9547,9861,139,0.9861,314
configs/exp4/2q_lirs_lru_lru.cfg,experiments/data/phases24_c96_seed45.in,2Q LIRS LRU LRU,4,24 24 24 24,96,10000,9497,503,0.9497,9861,139,0.9861,364
configs/exp4/2q_lru.cfg,experiments/data/phases24_c96_seed45.in,2Q LRU,2,48 48,96,10000,9699,301,0.9699,9861,139,0.9861,162
configs/exp4/2q_lru_2q.cfg,experiments/data/phases24_c96_seed45.in,2Q LRU 2Q,3,32 32 32,96,10000,9607,393,0.9607,9861,139,0.9861,254
configs/exp4/2q_lru_2q_2q.cfg,experiments/data/phases24_c96_seed45.in,2Q LRU 2Q 2Q,4,24 24 24 24,96,10000,9331,669,0.9331,9861,139,0.9861,530
configs/exp4/2q_lru_2q_arc.cfg,experiments/data/phases24_c96_seed45.in,2Q LRU 2Q ARC,4,24 24 24 24,96,10000,9399,601,0.9399,9861,139,0.9861,462
configs/exp4/2q_lru_2q_lfu.cfg,experiments/data/phases24_c96_seed45.in,2Q LRU 2Q LFU,4,24 24 24 24,96,10000,9357,643,0.9357,9861,139,0.9861,504
configs/exp4/2q_lru_2q_lirs.cfg,experiments/data/phases24_c96_seed45.in,2Q LRU 2Q LIRS,4,24 24 24 24,96,10000,9498,502,0.9498,9861,139,0.9861,363
configs/exp4/2q_lru_2q_lru.cfg,experiments/data/phases24_c96_seed45.in,2Q LRU 2Q LRU,4,24 24 24 24,96,10000,9401,599,0.9401,9861,139,0.9861,460
configs/exp4/2q_lru_arc.cfg,experiments/data/phases24_c96_seed45.in,2Q LRU ARC,3,32 32 32,96,10000,9574,426,0.9574,9861,139,0.9861,287
configs/exp4/2q_lru_arc_2q.cfg,experiments/data/phases24_c96_seed45.in,2Q LRU ARC 2Q,4,24 24 24 24,96,10000,9383,617,0.9383,9861,139,0.9861,478
configs/exp4/2q_lru_arc_arc.cfg,experiments/data/phases24_c96_seed45.in,2Q LRU ARC ARC,4,24 24 24 24,96,10000,9365,635,0.9365,9861,139,0.9861,496
configs/exp4/2q_lru_arc_lfu.cfg,experiments/data/phases24_c96_seed45.in,2Q LRU ARC LFU,4,24 24 24 24,96,10000,9359,641,0.9359,9861,139,0.9861,502
configs/exp4/2q_lru_arc_lirs.cfg,experiments/data/phases24_c96_seed45.in,2Q LRU ARC LIRS,4,24 24 24 24,96,10000,9455,545,0.9455,9861,139,0.9861,406
configs/exp4/2q_lru_arc_lru.cfg,experiments/data/phases24_c96_seed45.in,2Q LRU ARC LRU,4,24 24 24 24,96,10000,9361,639,0.9361,9861,139,0.9861,500
configs/exp4/2q_lru_lfu.cfg,experiments/data/phases24_c96_seed45.in,2Q LRU LFU,3,32 32 32,96,10000,9572,428,0.9572,9861,139,0.9861,289
configs/exp4/2q_lru_lfu_2q.cfg,experiments/data/phases24_c96_seed45.in,2Q LRU LFU 2Q,4,24 24 24 24,96,10000,9357,643,0.9357,9861,139,0.9861,504
configs/exp4/2q_lru_lfu_arc.cfg,experiments/data/phases24_c96_seed45.in,2Q LRU LFU ARC,4,24 24 24 24,96,10000,9366,634,0.9366,9861,139,0.9861,495
configs/exp4/2q_lru_lfu_lfu.cfg,experiments/data/phases24_c96_seed45.in,2Q LRU LFU LFU,4,24 24 24 24,96,10000,9242,758,0.9242,9861,139,0.9861,619
configs/exp4/2q_lru_lfu_lirs.cfg,experiments/data/phases24_c96_seed45.in,2Q LRU LFU LIRS,4,24 24 24 24,96,10000,9471,529,0.9471,9861,139,0.9861,390
configs/exp4/2q_lru_lfu_lru.cfg,experiments/data/phases24_c96_seed45.in,2Q LRU LFU LRU,4,24 24 24 24,96,10000,9303,697,0.9303,9861,139,0.9861,558
configs/exp4/2q_lru_lirs.cfg,experiments/data/phases24_c96_seed45.in,2Q LRU LIRS,3,32 32 32,96,10000,9618,382,0.9618,9861,139,0.9861,243
configs/exp4/2q_lru_lirs_2q.cfg,experiments/data/phases24_c96_seed45.in,2Q LRU LIRS 2Q,4,24 24 24 24,96,10000,9470,530,0.947,9861,139,0.9861,391
configs/exp4/2q_lru_lirs_arc.cfg,experiments/data/phases24_c96_seed45.in,2Q LRU LIRS ARC,4,24 24 24 24,96,10000,9497,503,0.9497,9861,139,0.9861,364
configs/exp4/2q_lru_lirs_lfu.cfg,experiments/data/phases24_c96_seed45.in,2Q LRU LIRS LFU,4,24 24 24 24,96,10000,9479,521,0.9479,9861,139,0.9861,382
configs/exp4/2q_lru_lirs_lirs.cfg,experiments/data/phases24_c96_seed45.in,2Q LRU LIRS LIRS,4,24 24 24 24,96,10000,9484,516,0.9484,9861,139,0.9861,377
configs/exp4/2q_lru_lirs_lru.cfg,experiments/data/phases24_c96_seed45.in,2Q LRU LIRS LRU,4,24 24 24 24,96,10000,9474,526,0.9474,9861,139,0.9861,387
configs/exp4/2q_lru_lru.cfg,experiments/data/phases24_c96_seed45.in,2Q LRU LRU,3,32 32 32,96,10000,9557,443,0.9557,9861,139,0.9861,304
configs/exp4/2q_lru_lru_2q.cfg,experiments/data/phases24_c96_seed45.in,2Q LRU LRU 2Q,4,24 24 24 24,96,10000,9305,695,0.9305,9861,139,0.9861,556
configs/exp4/2q_lru_lru_arc.cfg,experiments/data/phases24_c96_seed45.in,2Q LRU LRU ARC,4,24 24 24 24,96,10000,9302,698,0.9302,9861,139,0.9861,559
configs/exp4/2q_lru_lru_lfu.cfg,experiments/data/phases24_c96_seed45.in,2Q LRU LRU LFU,4,24 24 24 24,96,10000,9234,766,0.9234,9861,139,0.9861,627
configs/exp4/2q_lru_lru_lirs.cfg,experiments/data/phases24_c96_seed45.in,2Q LRU LRU LIRS,4,24 24 24 24,96,10000,9437,563,0.9437,9861,139,0.9861,424
configs/exp4/2q_lru_lru_lru.cfg,experiments/data/phases24_c96_seed45.in,2Q LRU LRU LRU,4,24 24 24 24,96,10000,9244,756,0.9244,9861,139,0.9861,617
configs/exp4/arc_2q.cfg,experiments/data/phases24_c96_seed45.in,ARC 2Q,2,48 48,96,10000,9698,302,0.9698,9861,139,0.9861,163
configs/exp4/arc_2q_2q.cfg,experiments/data/phases24_c96_seed45.in,ARC 2Q 2Q,3,32 32 32,96,10000,9617,383,0.9617,9861,139,0.9861,244
configs/exp4/arc_2q_2q_2q.cfg,experiments/data/phases24_c96_seed45.in,ARC 2Q 2Q 2Q,4,24 24 24 24,96,10000,9421,579,0.9421,9861,139,0.9861,440
configs/exp4/arc_2q_2q_arc.cfg,experiments/data/phases24_c96_seed45.in,ARC 2Q 2Q ARC,4,24 24 24 24,96,10000,9509,491,0.9509,9861,139,0.9861,352
configs/exp4/arc_2q_2q_lfu.cfg,experiments/data/phases24_c96_seed45.in,ARC 2Q 2Q LFU,4,24 24 24 24,96,10000,9465,535,0.9465,9861,139,0.9861,396
configs/exp4/arc_2q_2q_lirs.cfg,experiments/data/phases24_c96_seed45.in,ARC 2Q 2Q LIRS,4,24 24 24 24,96,10000,9500,500,0.95,9861,139,0.9861,361
configs/exp4/arc_2q_2q_lru.cfg,experiments/data/phases24_c96_seed45.in,ARC 2Q 2Q LRU,4,24 24 24 24,96,10000,9515,485,0.9515,9861,139,0.9861,346
configs/exp4/arc_2q_arc.cfg,experiments/data/phases24_c96_seed45.in,ARC 2Q ARC,3,32 32 32,96,10000,9645,355,0.9645,9861,139,0.9861,216
configs/exp4/arc_2q_arc_2q.cfg,experiments/data/phases24_c96_seed45.in,ARC 2Q ARC 2Q,4,24 24 24 24,96,10000,9511,489,0.9511,9861,139,0.9861,350
configs/exp4/arc_2q_arc_arc.cfg,experiments/data/phases24_c96_seed45.in,ARC 2Q ARC ARC,4,24 24 24 24,96,10000,9501,499,0.9501,9861,139,0.9861,360
configs/exp4/arc_2q_arc_lfu.cfg,experiments/data/phases24_c96_seed45.in,ARC 2Q ARC LFU,4,24 24 24 24,96,10000,9495,505,0.9495,9861,139,0.9861,366
configs/exp4/arc_2q_arc_lirs.cfg,experiments/data/phases24_c96_seed45.in,ARC 2Q ARC LIRS,4,24 24 24 24,96,10000,9549,451,0.9549,9861,139,0.9861,312
configs/exp4/arc_2q_arc_lru.cfg,experiments/data/phases24_c96_seed45.in,ARC 2Q ARC LRU,4,24 24 24 24,96,10000,9492,508,0.9492,9861,139,0.9861,369
configs/exp4/arc_2q_lfu.cfg,experiments/data/phases24_c96_seed45.in,ARC 2Q LFU,3,32 32 32,96,10000,9641,359,0.9641,9861,139,0.9861,220
configs/exp4/arc_2q_lfu_2q.cfg,experiments/data/phases24_c96_seed45.in,ARC 2Q LFU 2Q,4,24 24 24 24,96,10000,9503,497,0.9503,9861,139,0.9861,358
configs/exp4/arc_2q_lfu_arc.cfg,experiments/data/phases24_c96_seed45.in,ARC 2Q LFU ARC,4,24 24 24 24,96,10000,9527,473,0.9527,9861,139,0.9861,334
configs/exp4/arc_2q_lfu_lfu.cfg,experiments/data/phases24_c96_seed45.in,ARC 2Q LFU LFU,4,24 24 24 24,96,10000,9498,502,0.9498,9861,139,0.9861,363
configs/exp4/arc_2q_lfu_lirs.cfg,experiments/data/phases24_c96_seed45.in,ARC 2Q LFU LIRS,4,24 24 24 24,96,10000,9554,446,0.9554,9861,139,0.9861,307
configs/exp4/arc_2q_lfu_lru.cfg,experiments/data/phases24_c96_seed45.in,ARC 2Q LFU LRU,4,24 24 24 24,96,10000,9543,457,0.9543,9861,139,0.9861,318
configs/exp4/arc_2q_lirs.cfg,experiments/data/phases24_c96_seed45.in,ARC 2Q LIRS,3,32 32 32,96,10000,9628,372,0.9628,9861,139,0.9861,233
configs/exp4/arc_2q_lirs_2q.cfg,experiments/data/phases24_c96_seed45.in,ARC 2Q LIRS 2Q,4,24 24 24 24,96,10000,9532,468,0.9532,9861,139,0.9861,329
configs/exp4/arc_2q_lirs_arc.cfg,experiments/data/phases24_c96_seed45.in,ARC 2Q LIRS ARC,4,24 24 24 24,96,10000,9564,436,0.9564,9861,139,0.9861,297
configs/exp4/arc_2q_lirs_lfu.cfg,experiments/data/phases24_c96_seed45.in,ARC 2Q LIRS LFU,4,24 24 24 24,96,10000,9550,450,0.955,9861,139,0.9861,311
configs/exp4/arc_2q_lirs_lirs.cfg,experiments/data/phases24_c96_seed45.in,ARC 2Q LIRS LIRS,4,24 24 24 24,96,10000,9498,502,0.9498,9861,139,0.9861,363
configs/exp4/arc_2q_lirs_lru.cfg,experiments/data/phases24_c96_seed45.in,ARC 2Q LIRS LRU,4,24 24 24 24,96,10000,9562,438,0.9562,9861,139,0.9861,299
configs/exp4/arc_2q_lru.cfg,experiments/data/phases24_c96_seed45.in,ARC 2Q LRU,3,32 32 32,96,10000,9662,338,0.9662,9861,139,0.9861,199
configs/exp4/arc_2q_lru_2q.cfg,experiments/data/phases24_c96_seed45.in,ARC 2Q LRU 2Q,4,24 24 24 24,96,10000,9510,490,0.951,9861,139,0.9861,351
configs/exp4/arc_2q_lru_arc.cfg,experiments/data/phases24_c96_seed45.in,ARC 2Q LRU ARC,4,24 24 24 24,96,10000,9501,499,0.9501,9861,139,0.9861,360
configs/exp4/arc_2q_lru_lfu.cfg,experiments/data/phases24_c96_seed45.in,ARC 2Q LRU LFU,4,24 24 24 24,96,10000,9483,517,0.9483,9861,139,0.9861,378
configs/exp4/arc_2q_lru_lirs.cfg,experiments/data/phases24_c96_seed45.in,ARC 2Q LRU LIRS,4,24 24 24 24,96,10000,9557,443,0.9557,9861,139,0.9861,304
configs/exp4/arc_2q_lru_lru.cfg,experiments/data/phases24_c96_seed45.in,ARC 2Q LRU LRU,4,24 24 24 24,96,10000,9487,513,0.9487,9861,139,0.9861,374
configs/exp4/arc_arc_2q.cfg,experiments/data/phases24_c96_seed45.in,ARC ARC 2Q,3,32 32 32,96,10000,9642,358,0.9642,9861,139,0.9861,219
configs/exp4/arc_arc_2q_2q.cfg,experiments/data/phases24_c96_seed45.in,ARC ARC 2Q 2Q,4,24 24 24 24,96,10000,9459,541,0.9459,9861,139,0.9861,402
configs/exp4/arc_arc_2q_arc.cfg,experiments/data/phases24_c96_seed45.in,ARC ARC 2Q ARC,4,24 24 24 24,96,10000,9496,504,0.9496,9861,139,0.9861,365
configs/exp4/arc_arc_2q_lfu.cfg,experiments/data/phases24_c96_seed45.in,ARC ARC 2Q LFU,4,24 24 24 24,96,10000,9480,520,0.948,9861,139,0.9861,381
configs/exp4/arc_arc_2q_lirs.cfg,experiments/data/phases24_c96_seed45.in,ARC ARC 2Q LIRS,4,24 24 24 24,96,10000,9529,471,0.9529,9861,139,0.9861,332
configs/exp4/arc_arc_2q_lru.cfg,experiments/data/phases24_c96_seed45.in,ARC ARC 2Q LRU,4,24 24 24 24,96,10000,9513,487,0.9513,9861,139,0.9861,348
configs/exp4/arc_arc_arc_2q.cfg,experiments/data/phases24_c96_seed45.in,ARC ARC ARC 2Q,4,24 24 24 24,96,10000,9480,520,0.948,9861,139,0.9861,381
configs/exp4/arc_arc_arc_lfu.cfg,experiments/data/phases24_c96_seed45.in,ARC ARC ARC LFU,4,24 24 24 24,96,10000,9462,538,0.9462,9861,139,0.9861,399
configs/exp4/arc_arc_arc_lirs.cfg,experiments/data/phases24_c96_seed45.in,ARC ARC ARC LIRS,4,24 24 24 24,96,10000,9519,481,0.9519,9861,139,0.9861,342
configs/exp4/arc_arc_arc_lru.cfg,experiments/data/phases24_c96_seed45.in,ARC ARC ARC LRU,4,24 24 24 24,96,10000,9458,542,0.9458,9861,139,0.9861,403
configs/exp4/arc_arc_lfu.cfg,experiments/data/phases24_c96_seed45.in,ARC ARC LFU,3,32 32 32,96,10000,9636,364,0.9636,9861,139,0.9861,225
configs/exp4/arc_arc_lfu_2q.cfg,experiments/data/phases24_c96_seed45.in,ARC ARC LFU 2Q,4,24 24 24 24,96,10000,9518,482,0.9518,9861,139,0.9861,343
configs/exp4/arc_arc_lfu_arc.cfg,experiments/data/phases24_c96_seed45.in,ARC ARC LFU ARC,4,24 24 24 24,96,10000,9511,489,0.9511,9861,139,0.9861,350
configs/exp4/arc_arc_lfu_lfu.cfg,experiments/data/phases24_c96_seed45.in,ARC ARC LFU LFU,4,24 24 24 24,96,10000,9501,499,0.9501,9861,139,0.9861,360
configs/exp4/arc_arc_lfu_lirs.cfg,experiments/data/phases24_c96_seed45.in,ARC ARC LFU LIRS,4,24 24 24 24,96,10000,9559,441,0.9559,9861,139,0.9861,302
configs/exp4/arc_arc_lfu_lru.cfg,experiments/data/phases24_c96_seed45.in,ARC ARC LFU LRU,4,24 24 24 24,96,10000,9519,481,0.9519,9861,139,0.9861,342
configs/exp4/arc_arc_lirs.cfg,experiments/data/phases24_c96_seed45.in,ARC ARC LIRS,3,32 32 32,96,10000,9642,358,0.9642,9861,139,0.9861,219
configs/exp4/arc_arc_lirs_2q.cfg,experiments/data/phases24_c96_seed45.in,ARC ARC LIRS 2Q,4,24 24 24 24,96,10000,9517,483,0.9517,9861,139,0.9861,344
configs/exp4/arc_arc_lirs_arc.cfg,experiments/data/phases24_c96_seed45.in,ARC ARC LIRS ARC,4,24 24 24 24,96,10000,9536,464,0.9536,9861,139,0.9861,325
configs/exp4/arc_arc_lirs_lfu.cfg,experiments/data/phases24_c96_seed45.in,ARC ARC LIRS LFU,4,24 24 24 24,96,10000,9533,467,0.9533,9861,139,0.9861,328
configs/exp4/arc_arc_lirs_lirs.cfg,experiments/data/phases24_c96_seed45.in,ARC ARC LIRS LIRS,4,24 24 24 24,96,10000,9496,504,0.9496,9861,139,0.9861,365
configs/exp4/arc_arc_lirs_lru.cfg,experiments/data/phases24_c96_seed45.in,ARC ARC LIRS LRU,4,24 24 24 24,96,10000,9543,457,0.9543,9861,139,0.9861,318
configs/exp4/arc_arc_lru.cfg,experiments/data/phases24_c96_seed45.in,ARC ARC LRU,3,32 32 32,96,10000,9633,367,0.9633,9861,139,0.9861,228
configs/exp4/arc_arc_lru_2q.cfg,experiments/data/phases24_c96_seed45.in,ARC ARC LRU 2Q,4,24 24 24 24,96,10000,9482,518,0.9482,9861,139,0.9861,379
configs/exp4/arc_arc_lru_arc.cfg,experiments/data/phases24_c96_seed45.in,ARC ARC LRU ARC,4,24 24 24 24,96,10000,9458,542,0.9458,9861,139,0.9861,403
configs/exp4/arc_arc_lru_lfu.cfg,experiments/data/phases24_c96_seed45.in,ARC ARC LRU LFU,4,24 24 24 24,96,10000,9450,550,0.945,9861,139,0.9861,411
configs/exp4/arc_arc_lru_lirs.cfg,experiments/data/phases24_c96_seed45.in,ARC ARC LRU LIRS,4,24 24 24 24,96,10000,9525,475,0.9525,9861,139,0.9861,336
configs/exp4/arc_arc_lru_lru.cfg,experiments/data/phases24_c96_seed45.in,ARC ARC LRU LRU,4,24 24 24 24,96,10000,9448,552,0.9448,9861,139,0.9861,413
configs/exp4/arc_lfu.cfg,experiments/data/phases24_c96_seed45.in,ARC LFU,2,48 48,96,10000,9700,300,0.97,9861,139,0.9861,161
configs/exp4/arc_lfu_2q.cfg,experiments/data/phases24_c96_seed45.in,ARC LFU 2Q,3,32 32 32,96,10000,9666,334,0.9666,9861,139,0.9861,195
configs/exp4/arc_lfu_2q_2q.cfg,experiments/data/phases24_c96_seed45.in,ARC LFU 2Q 2Q,4,24 24 24 24,96,10000,9537,463,0.9537,9861,139,0.9861,324
configs/exp4/arc_lfu_2q_arc.cfg,experiments/data/phases24_c96_seed45.in,ARC LFU 2Q ARC,4,24 24 24 24,96,10000,9571,429,0.9571,9861,139,0.9861,290
configs/exp4/arc_lfu_2q_lfu.cfg,experiments/data/phases24_c96_seed45.in,ARC LFU 2Q LFU,4,24 24 24 24,96,10000,9541,459,0.9541,9861,139,0.9861,320
configs/exp4/arc_lfu_2q_lirs.cfg,experiments/data/phases24_c96_seed45.in,ARC LFU 2Q LIRS,4,24 24 24 24,96,10000,9591,409,0.9591,9861,139,0.9861,270
configs/exp4/arc_lfu_2q_lru.cfg,experiments/data/phases24_c96_seed45.in,ARC LFU 2Q LRU,4,24 24 24 24,96,10000,9578,422,0.9578,9861,139,0.9861,283
configs/exp4/arc_lfu_arc.cfg,experiments/data/phases24_c96_seed45.in,ARC LFU ARC,3,32 32 32,96,10000,9679,321,0.9679,9861,139,0.9861,182
configs/exp4/arc_lfu_arc_2q.cfg,experiments/data/phases24_c96_seed45.in,ARC LFU ARC 2Q,4,24 24 24 24,96,10000,9541,459,0.9541,9861,139,0.9861,320
configs/exp4/arc_lfu_arc_arc.cfg,experiments/data/phases24_c96_seed45.in,ARC LFU ARC ARC,4,24 24 24 24,96,10000,9533,467,0.9533,9861,139,0.9861,328
configs/exp4/arc_lfu_arc_lfu.cfg,experiments/data/phases24_c96_seed45.in,ARC LFU ARC LFU,4,24 24 24 24,96,10000,9540,460,0.954,9861,139,0.9861,321
configs/exp4/arc_lfu_arc_lirs.cfg,experiments/data/phases24_c96_seed45.in,ARC LFU ARC LIRS,4,24 24 24 24,96,10000,9580,420,0.958,9861,139,0.9861,281
configs/exp4/arc_lfu_arc_lru.cfg,experiments/data/phases24_c96_seed45.in,ARC LFU ARC LRU,4,24 24 24 24,96,10000,9546,454,0.9546,9861,139,0.9861,315
configs/exp4/arc_lfu_lfu.cfg,experiments/data/phases24_c96_seed45.in,ARC LFU LFU,3,32 32 32,96,10000,9658,342,0.9658,9861,139,0.9861,203
configs/exp4/arc_lfu_lfu_2q.cfg,experiments/data/phases24_c96_seed45.in,ARC LFU LFU 2Q,4,24 24 24 24,96,10000,9578,422,0.9578,9861,139,0.9861,283
configs/exp4/arc_lfu_lfu_arc.cfg,experiments/data/phases24_c96_seed45.in,ARC LFU LFU ARC,4,24 24 24 24,96,10000,9574,426,0.9574,9861,139,0.9861,287
configs/exp4/arc_lfu_lfu_lfu.cfg,experiments/data/phases24_c96_seed45.in,ARC LFU LFU LFU,4,24 24 24 24,96,10000,9464,536,0.9464,9861,139,0.9861,397
configs/exp4/arc_lfu_lfu_lirs.cfg,experiments/data/phases24_c96_seed45.in,ARC LFU LFU LIRS,4,24 24 24 24,96,10000,9608,392,0.9608,9861,139,0.9861,253
configs/exp4/arc_lfu_lfu_lru.cfg,experiments/data/phases24_c96_seed45.in,ARC LFU LFU LRU,4,24 24 24 24,96,10000,9585,415,0.9585,9861,139,0.9861,276
configs/exp4/arc_lfu_lirs.cfg,experiments/data/phases24_c96_seed45.in,ARC LFU LIRS,3,32 32 32,96,10000,9667,333,0.9667,9861,139,0.9861,194
configs/exp4/arc_lfu_lirs_2q.cfg,experiments/data/phases24_c96_seed45.in,ARC LFU LIRS 2Q,4,24 24 24 24,96,10000,9589,411,0.9589,9861,139,0.9861,272
configs/exp4/arc_lfu_lirs_arc.cfg,experiments/data/phases24_c96_seed45.in,ARC LFU LIRS ARC,4,24 24 24 24,96,10000,9621,379,0.9621,9861,139,0.9861,240
configs/exp4/arc_lfu_lirs_lfu.cfg,experiments/data/phases24_c96_seed45.in,ARC LFU LIRS LFU,4,24 24 24 24,96,10000,9595,405,0.9595,9861,139,0.9861,266
configs/exp4/arc_lfu_lirs_lirs.cfg,experiments/data/phases24_c96_seed45.in,ARC LFU LIRS LIRS,4,24 24 24 24,96,10000,9583,417,0.9583,9861,139,0.9861,278
configs/exp4/arc_lfu_lirs_lru.cfg,experiments/data/phases24_c96_seed45.in,ARC LFU LIRS LRU,4,24 24 24 24,96,10000,9627,373,0.9627,9861,139,0.9861,234
configs/exp4/arc_lfu_lru.cfg,experiments/data/phases24_c96_seed45.in,ARC LFU LRU,3,32 32 32,96,10000,9682,318,0.9682,9861,139,0.9861,179
configs/exp4/arc_lfu_lru_2q.cfg,experiments/data/phases24_c96_seed45.in,ARC LFU LRU 2Q,4,24 24 24 24,96,10000,9538,462,0.9538,9861,139,0.9861,323
configs/exp4/arc_lfu_lru_arc.cfg,experiments/data/phases24_c96_seed45.in,ARC LFU LRU ARC,4,24 24 24 24,96,10000,9530,470,0.953,9861,139,0.9861,331
configs/exp4/arc_lfu_lru_lfu.cfg,experiments/data/phases24_c96_seed45.in,ARC LFU LRU LFU,4,24 24 24 24,96,10000,9524,476,0.9524,9861,139,0.9861,337
configs/exp4/arc_lfu_lru_lirs.cfg,experiments/data/phases24_c96_seed45.in,ARC LFU LRU LIRS,4,24 24 24 24,96,10000,9595,405,0.9595,9861,139,0.9861,266
configs/exp4/arc_lfu_lru_lru.cfg,experiments/data/phases24_c96_seed45.in,ARC LFU LRU LRU,4,24 24 24 24,96,10000,9523,477,0.9523,9861,139,0.9861,338
configs/exp4/arc_lirs.cfg,experiments/data/phases24_c96_seed45.in,ARC LIRS,2,48 48,96,10000,9689,311,0.9689,9861,139,0.9861,172
configs/exp4/arc_lirs_2q.cfg,experiments/data/phases24_c96_seed45.in,ARC LIRS 2Q,3,32 32 32,96,10000,9624,376,0.9624,9861,139,0.9861,237
configs/exp4/arc_lirs_2q_2q.cfg,experiments/data/phases24_c96_seed45.in,ARC LIRS 2Q 2Q,4,24 24 24 24,96,10000,9471,529,0.9471,9861,139,0.9861,390
configs/exp4/arc_lirs_2q_arc.cfg,experiments/data/phases24_c96_seed45.in,ARC LIRS 2Q ARC,4,24 24 24 24,96,10000,9527,473,0.9527,9861,139,0.9861,334
configs/exp4/arc_lirs_2q_lfu.cfg,experiments/data/phases24_c96_seed45.in,ARC LIRS 2Q LFU,4,24 24 24 24,96,10000,9496,504,0.9496,9861,139,0.9861,365
configs/exp4/arc_lirs_2q_lirs.cfg,experiments/data/phases24_c96_seed45.in,ARC LIRS 2Q LIRS,4,24 24 24 24,96,10000,9509,491,0.9509,9861,139,0.9861,352
configs/exp4/arc_lirs_2q_lru.cfg,experiments/data/phases24_c96_seed45.in,ARC LIRS 2Q LRU,4,24 24 24 24,96,10000,9532,468,0.9532,9861,139,0.9861,329
configs/exp4/arc_lirs_arc.cfg,experiments/data/phases24_c96_seed45.in,ARC LIRS ARC,3,32 32 32,96,10000,9661,339,0.9661,9861,139,0.9861,200
configs/exp4/arc_lirs_arc_2q.cfg,experiments/data/phases24_c96_seed45.in,ARC LIRS ARC 2Q,4,24 24 24 24,96,10000,9554,446,0.9554,9861,139,0.9861,307
configs/exp4/arc_lirs_arc_arc.cfg,experiments/data/phases24_c96_seed45.in,ARC LIRS ARC ARC,4,24 24 24 24,96,10000,9542,458,0.9542,9861,139,0.9861,319
configs/exp4/arc_lirs_arc_lfu.cfg,experiments/data/phases24_c96_seed45.in,ARC LIRS ARC LFU,4,24 24 24 24,96,10000,9533,467,0.9533,9861,139,0.9861,328
configs/exp4/arc_lirs_arc_lirs.cfg,experiments/data/phases24_c96_seed45.in,ARC LIRS ARC LIRS,4,24 24 24 24,96,10000,9574,426,0.9574,9861,139,0.9861,287
configs/exp4/arc_lirs_arc_lru.cfg,experiments/data/phases24_c96_seed45.in,ARC LIRS ARC LRU,4,24 24 24 24,96,10000,9522,478,0.9522,9861,139,0.9861,339
configs/exp4/arc_lirs_lfu.cfg,experiments/data/phases24_c96_seed45.in,ARC LIRS LFU,3,32 32 32,96,10000,9651,349,0.9651,9861,139,0.9861,210
configs/exp4/arc_lirs_lfu_2q.cfg,experiments/data/phases24_c96_seed45.in,ARC LIRS LFU 2Q,4,24 24 24 24,96,10000,9538,462,0.9538,9861,139,0.9861,323
configs/exp4/arc_lirs_lfu_arc.cfg,experiments/data/phases24_c96_seed45.in,ARC LIRS LFU ARC,4,24 24 24 24,96,10000,9565,435,0.9565,9861,139,0.9861,296
configs/exp4/arc_lirs_lfu_lfu.cfg,experiments/data/phases24_c96_seed45.in,ARC LIRS LFU LFU,4,24 24 24 24,96,10000,9548,452,0.9548,9861,139,0.9861,313
configs/exp4/arc_lirs_lfu_lirs.cfg,experiments/data/phases24_c96_seed45.in,ARC LIRS LFU LIRS,4,24 24 24 24,96,10000,9560,440,0.956,9861,139,0.9861,301
configs/exp4/arc_lirs_lfu_lru.cfg,experiments/data/phases24_c96_seed45.in,ARC LIRS LFU LRU,4,24 24 24 24,96,10000,9566,434,0.9566,9861,139,0.9861,295
configs/exp4/arc_lirs_lirs.cfg,experiments/data/phases24_c96_seed45.in,ARC LIRS LIRS,3,32 32 32,96,10000,9611,389,0.9611,9861,139,0.9861,250
configs/exp4/arc_lirs_lirs_2q.cfg,experiments/data/phases24_c96_seed45.in,ARC LIRS LIRS 2Q,4,24 24 24 24,96,10000,9501,499,0.9501,9861,139,0.9861,360
configs/exp4/arc_lirs_lirs_arc.cfg,experiments/data/phases24_c96_seed45.in,ARC LIRS LIRS ARC,4,24 24 24 24,96,10000,9555,445,0.9555,9861,139,0.9861,306
configs/exp4/arc_lirs_lirs_lfu.cfg,experiments/data/phases24_c96_seed45.in,ARC LIRS LIRS LFU,4,24 24 24 24,96,10000,9533,467,0.9533,9861,139,0.9861,328
configs/exp4/arc_lirs_lirs_lirs.cfg,experiments/data/phases24_c96_seed45.in,ARC LIRS LIRS LIRS,4,24 24 24 24,96,10000,9470,530,0.947,9861,139,0.9861,391
configs/exp4/arc_lirs_lirs_lru.cfg,experiments/data/phases24_c96_seed45.in,ARC LIRS LIRS LRU,4,24 24 24 24,96,10000,9547,453,0.9547,9861,139,0.9861,314
configs/exp4/arc_lirs_lru.cfg,experiments/data/phases24_c96_seed45.in,ARC LIRS LRU,3,32 32 32,96,10000,9663,337,0.9663,9861,139,0.9861,198
configs/exp4/arc_lirs_lru_2q.cfg,experiments/data/phases24_c96_seed45.in,ARC LIRS LRU 2Q,4,24 24 24 24,96,10000,9534,466,0.9534,9861,139,0.9861,327
configs/exp4/arc_lirs_lru_arc.cfg,experiments/data/phases24_c96_seed45.in,ARC LIRS LRU ARC,4,24 24 24 24,96,10000,9528,472,0.9528,9861,139,0.9861,333
configs/exp4/arc_lirs_lru_lfu.cfg,experiments/data/phases24_c96_seed45.in,ARC LIRS LRU LFU,4,24 24 24 24,96,10000,9507,493,0.9507,9861,139,0.9861,354
configs/exp4/arc_lirs_lru_lirs.cfg,experiments/data/phases24_c96_seed45.in,ARC LIRS LRU LIRS,4,24 24 24 24,96,10000,9555,445,0.9555,9861,139,0.9861,306
configs/exp4/arc_lirs_lru_lru.cfg,experiments/data/phases24_c96_seed45.in,ARC LIRS LRU LRU,4,24 24 24 24,96,10000,9502,498,0.9502,9861,139,0.9861,359
configs/exp4/arc_lru.cfg,experiments/data/phases24_c96_seed45.in,ARC LRU,2,48 48,96,10000,9697,303,0.9697,9861,139,0.9861,164
configs/exp4/arc_lru_2q.cfg,experiments/data/phases24_c96_seed45.in,ARC LRU 2Q,3,32 32 32,96,10000,9651,349,0.9651,9861,139,0.9861,210
configs/exp4/arc_lru_2q_2q.cfg,experiments/data/phases24_c96_seed45.in,ARC LRU 2Q 2Q,4,24 24 24 24,96,10000,9440,560,0.944,9861,139,0.9861,421
configs/exp4/arc_lru_2q_arc.cfg,experiments/data/phases24_c96_seed45.in,ARC LRU 2Q ARC,4,24 24 24 24,96,10000,9463,537,0.9463,9861,139,0.9861,398
configs/exp4/arc_lru_2q_lfu.cfg,experiments/data/phases24_c96_seed45.in,ARC LRU 2Q LFU,4,24 24 24 24,96,10000,9436,564,0.9436,9861,139,0.9861,425
configs/exp4/arc_lru_2q_lirs.cfg,experiments/data/phases24_c96_seed45.in,ARC LRU 2Q LIRS,4,24 24 24 24,96,10000,9526,474,0.9526,9861,139,0.9861,335
configs/exp4/arc_lru_2q_lru.cfg,experiments/data/phases24_c96_seed45.in,ARC LRU 2Q LRU,4,24 24 24 24,96,10000,9467,533,0.9467,9861,139,0.9861,394
configs/exp4/arc_lru_arc.cfg,experiments/data/phases24_c96_seed45.in,ARC LRU ARC,3,32 32 32,96,10000,9627,373,0.9627,9861,139,0.9861,234
configs/exp4/arc_lru_arc_2q.cfg,experiments/data/phases24_c96_seed45.in,ARC LRU ARC 2Q,4,24 24 24 24,96,10000,9440,560,0.944,9861,139,0.9861,421
configs/exp4/arc_lru_arc_arc.cfg,experiments/data/phases24_c96_seed45.in,ARC LRU ARC ARC,4,24 24 24 24,96,10000,9423,577,0.9423,9861,139,0.9861,438
configs/exp4/arc_lru_arc_lfu.cfg,experiments/data/phases24_c96_seed45.in,ARC LRU ARC LFU,4,24 24 24 24,96,10000,9413,587,0.9413,9861,139,0.9861,448
configs/exp4/arc_lru_arc_lirs.cfg,experiments/data/phases24_c96_seed45.in,ARC LRU ARC LIRS,4,24 24 24 24,96,10000,9487,513,0.9487,9861,139,0.9861,374
configs/exp4/arc_lru_arc_lru.cfg,experiments/data/phases24_c96_seed45.in,ARC LRU ARC LRU,4,24 24 24 24,96,10000,9414,586,0.9414,9861,139,0.9861,447
configs/exp4/arc_lru_lfu.cfg,experiments/data/phases24_c96_seed45.in,ARC LRU LFU,3,32 32 32,96,10000,9625,375,0.9625,9861,139,0.9861,236
configs/exp4/arc_lru_lfu_2q.cfg,experiments/data/phases24_c96_seed45.in,ARC LRU LFU 2Q,4,24 24 24 24,96,10000,9447,553,0.9447,9861,139,0.9861,414
configs/exp4/arc_lru_lfu_arc.cfg,experiments/data/phases24_c96_seed45.in,ARC LRU LFU ARC,4,24 24 24 24,96,10000,9424,576,0.9424,9861,139,0.9861,437
configs/exp4/arc_lru_lfu_lfu.cfg,experiments/data/phases24_c96_seed45.in,ARC LRU LFU LFU,4,24 24 24 24,96,10000,9411,589,0.9411,9861,139,0.9861,450
configs/exp4/arc_lru_lfu_lirs.cfg,experiments/data/phases24_c96_seed45.in,ARC LRU LFU LIRS,4,24 24 24 24,96,10000,9510,490,0.951,9861,139,0.9861,351
configs/exp4/arc_lru_lfu_lru.cfg,experiments/data/phases24_c96_seed45.in,ARC LRU LFU LRU,4,24 24 24 24,96,10000,9416,584,0.9416,9861,139,0.9861,445
configs/exp4/arc_lru_lirs.cfg,experiments/data/phases24_c96_seed45.in,ARC LRU LIRS,3,32 32 32,96,10000,9654,346,0.9654,9861,139,0.9861,207
configs/exp4/arc_lru_lirs_2q.cfg,experiments/data/phases24_c96_seed45.in,ARC LRU LIRS 2Q,4,24 24 24 24,96,10000,9516,484,0.9516,9861,139,0.9861,345
configs/exp4/arc_lru_lirs_arc.cfg,experiments/data/phases24_c96_seed45.in,ARC LRU LIRS ARC,4,24 24 24 24,96,10000,9509,491,0.9509,9861,139,0.9861,352
configs/exp4/arc_lru_lirs_lfu.cfg,experiments/data/phases24_c96_seed45.in,ARC LRU LIRS LFU,4,24 24 24 24,96,10000,9498,502,0.9498,9861,139,0.9861,363
configs/exp4/arc_lru_lirs_lirs.cfg,experiments/data/phases24_c96_seed45.in,ARC LRU LIRS LIRS,4,24 24 24 24,96,10000,9514,486,0.9514,9861,139,0.9861,347
configs/exp4/arc_lru_lirs_lru.cfg,experiments/data/phases24_c96_seed45.in,ARC LRU LIRS LRU,4,24 24 24 24,96,10000,9516,484,0.9516,9861,139,0.9861,345
configs/exp4/arc_lru_lru.cfg,experiments/data/phases24_c96_seed45.in,ARC LRU LRU,3,32 32 32,96,10000,9623,377,0.9623,9861,139,0.9861,238
configs/exp4/arc_lru_lru_2q.cfg,experiments/data/phases24_c96_seed45.in,ARC LRU LRU 2Q,4,24 24 24 24,96,10000,9434,566,0.9434,9861,139,0.9861,427
configs/exp4/arc_lru_lru_arc.cfg,experiments/data/phases24_c96_seed45.in,ARC LRU LRU ARC,4,24 24 24 24,96,10000,9404,596,0.9404,9861,139,0.9861,457
configs/exp4/arc_lru_lru_lfu.cfg,experiments/data/phases24_c96_seed45.in,ARC LRU LRU LFU,4,24 24 24 24,96,10000,9390,610,0.939,9861,139,0.9861,471
configs/exp4/arc_lru_lru_lirs.cfg,experiments/data/phases24_c96_seed45.in,ARC LRU LRU LIRS,4,24 24 24 24,96,10000,9492,508,0.9492,9861,139,0.9861,369
configs/exp4/arc_lru_lru_lru.cfg,experiments/data/phases24_c96_seed45.in,ARC LRU LRU LRU,4,24 24 24 24,96,10000,9386,614,0.9386,9861,139,0.9861,475
configs/exp4/lfu_2q.cfg,experiments/data/phases24_c96_seed45.in,LFU 2Q,2,48 48,96,10000,9776,224,0.9776,9861,139,0.9861,85
configs/exp4/lfu_2q_2q.cfg,experiments/data/phases24_c96_seed45.in,LFU 2Q 2Q,3,32 32 32,96,10000,9706,294,0.9706,9861,139,0.9861,155
configs/exp4/lfu_2q_2q_2q.cfg,experiments/data/phases24_c96_seed45.in,LFU 2Q 2Q 2Q,4,24 24 24 24,96,10000,9530,470,0.953,9861,139,0.9861,331
configs/exp4/lfu_2q_2q_arc.cfg,experiments/data/phases24_c96_seed45.in,LFU 2Q 2Q ARC,4,24 24 24 24,96,10000,9548,452,0.9548,9861,139,0.9861,313
configs/exp4/lfu_2q_2q_lfu.cfg,experiments/data/phases24_c96_seed45.in,LFU 2Q 2Q LFU,4,24 24 24 24,96,10000,9476,524,0.9476,9861,139,0.9861,385
configs/exp4/lfu_2q_2q_lirs.cfg,experiments/data/phases24_c96_seed45.in,LFU 2Q 2Q LIRS,4,24 24 24 24,96,10000,9545,455,0.9545,9861,139,0.9861,316
configs/exp4/lfu_2q_2q_lru.cfg,experiments/data/phases24_c96_seed45.in,LFU 2Q 2Q LRU,4,24 24 24 24,96,10000,9546,454,0.9546,9861,139,0.9861,315
configs/exp4/lfu_2q_arc.cfg,experiments/data/phases24_c96_seed45.in,LFU 2Q ARC,3,32 32 32,96,10000,9707,293,0.9707,9861,139,0.9861,154
configs/exp4/lfu_2q_arc_2q.cfg,experiments/data/phases24_c96_seed45.in,LFU 2Q ARC 2Q,4,24 24 24 24,96,10000,9544,456,0.9544,9861,139,0.9861,317
configs/exp4/lfu_2q_arc_arc.cfg,experiments/data/phases24_c96_seed45.in,LFU 2Q ARC ARC,4,24 24 24 24,96,10000,9534,466,0.9534,9861,139,0.9861,327
configs/exp4/lfu_2q_arc_lfu.cfg,experiments/data/phases24_c96_seed45.in,LFU 2Q ARC LFU,4,24 24 24 24,96,10000,9507,493,0.9507,9861,139,0.9861,354
configs/exp4/lfu_2q_arc_lirs.cfg,experiments/data/phases24_c96_seed45.in,LFU 2Q ARC LIRS,4,24 24 24 24,96,10000,9561,439,0.9561,9861,139,0.9861,300
configs/exp4/lfu_2q_arc_lru.cfg,experiments/data/phases24_c96_seed45.in,LFU 2Q ARC LRU,4,24 24 24 24,96,10000,9529,471,0.9529,9861,139,0.9861,332
configs/exp4/lfu_2q_lfu.cfg,experiments/data/phases24_c96_seed45.in,LFU 2Q LFU,3,32 32 32,96,10000,9711,289,0.9711,9861,139,0.9861,150
configs/exp4/lfu_2q_lfu_2q.cfg,experiments/data/phases24_c96_seed45.in,LFU 2Q LFU 2Q,4,24 24 24 24,96,10000,9557,443,0.9557,9861,139,0.9861,304
configs/exp4/lfu_2q_lfu_arc.cfg,experiments/data/phases24_c96_seed45.in,LFU 2Q LFU ARC,4,24 24 24 24,96,10000,9571,429,0.9571,9861,139,0.9861,290
configs/exp4/lfu_2q_lfu_lfu.cfg,experiments/data/phases24_c96_seed45.in,LFU 2Q LFU LFU,4,24 24 24 24,96,10000,9323,677,0.9323,9861,139,0.9861,538
configs/exp4/lfu_2q_lfu_lirs.cfg,experiments/data/phases24_c96_seed45.in,LFU 2Q LFU LIRS,4,24 24 24 24,96,10000,9589,411,0.9589,9861,139,0.9861,272
configs/exp4/lfu_2q_lfu_lru.cfg,experiments/data/phases24_c96_seed45.in,LFU 2Q LFU LRU,4,24 24 24 24,96,10000,9546,454,0.9546,9861,139,0.9861,315
configs/exp4/lfu_2q_lirs.cfg,experiments/data/phases24_c96_seed45.in,LFU 2Q LIRS,3,32 32 32,96,10000,9710,290,0.971,9861,139,0.9861,151
configs/exp4/lfu_2q_lirs_2q.cfg,experiments/data/phases24_c96_seed45.in,LFU 2Q LIRS 2Q,4,24 24 24 24,96,10000,9573,427,0.9573,9861,139,0.9861,288
configs/exp4/lfu_2q_lirs_arc.cfg,experiments/data/phases24_c96_seed45.in,LFU 2Q LIRS ARC,4,24 24 24 24,96,10000,9608,392,0.9608,9861,139,0.9861,253
configs/exp4/lfu_2q_lirs_lfu.cfg,experiments/data/phases24_c96_seed45.in,LFU 2Q LIRS LFU,4,24 24 24 24,96,10000,9545,455,0.9545,9861,139,0.9861,316
configs/exp4/lfu_2q_lirs_lirs.cfg,experiments/data/phases24_c96_seed45.in,LFU 2Q LIRS LIRS,4,24 24 24 24,96,10000,9563,437,0.9563,9861,139,0.9861,298
configs/exp4/lfu_2q_lirs_lru.cfg,experiments/data/phases24_c96_seed45.in,LFU 2Q LIRS LRU,4,24 24 24 24,96,10000,9608,392,0.9608,9861,139,0.9861,253
configs/exp4/lfu_2q_lru.cfg,experiments/data/phases24_c96_seed45.in,LFU 2Q LRU,3,32 32 32,96,10000,9703,297,0.9703,9861,139,0.9861,158
configs/exp4/lfu_2q_lru_2q.cfg,experiments/data/phases24_c96_seed45.in,LFU 2Q LRU 2Q,4,24 24 24 24,96,10000,9486,514,0.9486,9861,139,0.9861,375
configs/exp4/lfu_2q_lru_arc.cfg,experiments/data/phases24_c96_seed45.in,LFU 2Q LRU ARC,4,24 24 24 24,96,10000,9478,522,0.9478,9861,139,0.9861,383
configs/exp4/lfu_2q_lru_lfu.cfg,experiments/data/phases24_c96_seed45.in,LFU 2Q LRU LFU,4,24 24 24 24,96,10000,9406,594,0.9406,9861,139,0.9861,455
configs/exp4/lfu_2q_lru_lirs.cfg,experiments/data/phases24_c96_seed45.in,LFU 2Q LRU LIRS,4,24 24 24 24,96,10000,9547,453,0.9547,9861,139,0.9861,314
configs/exp4/lfu_2q_lru_lru.cfg,experiments/data/phases24_c96_seed45.in,LFU 2Q LRU LRU,4,24 24 24 24,96,10000,9434,566,0.9434,9861,139,0.9861,427
configs/exp4/lfu_arc.cfg,experiments/data/phases24_c96_seed45.in,LFU ARC,2,48 48,96,10000,9781,219,0.9781,9861,139,0.9861,80
configs/exp4/lfu_arc_2q.cfg,experiments/data/phases24_c96_seed45.in,LFU ARC 2Q,3,32 32 32,96,10000,9705,295,0.9705,9861,139,0.9861,156
configs/exp4/lfu_arc_2q_2q.cfg,experiments/data/phases24_c96_seed45.in,LFU ARC 2Q 2Q,4,24 24 24 24,96,10000,9559,441,0.9559,9861,139,0.9861,302
configs/exp4/lfu_arc_2q_arc.cfg,experiments/data/phases24_c96_seed45.in,LFU ARC 2Q ARC,4,24 24 24 24,96,10000,9581,419,0.9581,9861,139,0.9861,280
configs/exp4/lfu_arc_2q_lfu.cfg,experiments/data/phases24_c96_seed45.in,LFU ARC 2Q LFU,4,24 24 24 24,96,10000,9566,434,0.9566,9861,139,0.9861,295
configs/exp4/lfu_arc_2q_lirs.cfg,experiments/data/phases24_c96_seed45.in,LFU ARC 2Q LIRS,4,24 24 24 24,96,10000,9581,419,0.9581,9861,139,0.9861,280
configs/exp4/lfu_arc_2q_lru.cfg,experiments/data/phases24_c96_seed45.in,LFU ARC 2Q LRU,4,24 24 24 24,96,10000,9596,404,0.9596,9861,139,0.9861,265
configs/exp4/lfu_arc_arc.cfg,experiments/data/phases24_c96_seed45.in,LFU ARC ARC,3,32 32 32,96,10000,9702,298,0.9702,9861,139,0.9861,159
configs/exp4/lfu_arc_arc_2q.cfg,experiments/data/phases24_c96_seed45.in,LFU ARC ARC 2Q,4,24 24 24 24,96,10000,9576,424,0.9576,9861,139,0.9861,285
configs/exp4/lfu_arc_arc_arc.cfg,experiments/data/phases24_c96_seed45.in,LFU ARC ARC ARC,4,24 24 24 24,96,10000,9566,434,0.9566,9861,139,0.9861,295
configs/exp4/lfu_arc_arc_lfu.cfg,experiments/data/phases24_c96_seed45.in,LFU ARC ARC LFU,4,24 24 24 24,96,10000,9563,437,0.9563,9861,139,0.9861,298
configs/exp4/lfu_arc_arc_lirs.cfg,experiments/data/phases24_c96_seed45.in,LFU ARC ARC LIRS,4,24 24 24 24,96,10000,9584,416,0.9584,9861,139,0.9861,277
configs/exp4/lfu_arc_arc_lru.cfg,experiments/data/phases24_c96_seed45.in,LFU ARC ARC LRU,4,24 24 24 24,96,10000,9563,437,0.9563,9861,139,0.9861,298
configs/exp4/lfu_arc_lfu.cfg,experiments/data/phases24_c96_seed45.in,LFU ARC LFU,3,32 32 32,96,10000,9706,294,0.9706,9861,139,0.9861,155
configs/exp4/lfu_arc_lfu_2q.cfg,experiments/data/phases24_c96_seed45.in,LFU ARC LFU 2Q,4,24 24 24 24,96,10000,9607,393,0.9607,9861,139,0.9861,254
configs/exp4/lfu_arc_lfu_arc.cfg,experiments/data/phases24_c96_seed45.in,LFU ARC LFU ARC,4,24 24 24 24,96,10000,9599,401,0.9599,9861,139,0.9861,262
configs/exp4/lfu_arc_lfu_lfu.cfg,experiments/data/phases24_c96_seed45.in,LFU ARC LFU LFU,4,24 24 24 24,96,10000,9522,478,0.9522,9861,139,0.9861,339
configs/exp4/lfu_arc_lfu_lirs.cfg,experiments/data/phases24_c96_seed45.in,LFU ARC LFU LIRS,4,24 24 24 24,96,10000,9615,385,0.9615,9861,139,0.9861,246
configs/exp4/lfu_arc_lfu_lru.cfg,experiments/data/phases24_c96_seed45.in,LFU ARC LFU LRU,4,24 24 24 24,96,10000,9598,402,0.9598,9861,139,0.9861,263
configs/exp4/lfu_arc_lirs.cfg,experiments/data/phases24_c96_seed45.in,LFU ARC LIRS,3,32 32 32,96,10000,9710,290,0.971,9861,139,0.9861,151
configs/exp4/lfu_arc_lirs_2q.cfg,experiments/data/phases24_c96_seed45.in,LFU ARC LIRS 2Q,4,24 24 24 24,96,10000,9570,430,0.957,9861,139,0.9861,291
configs/exp4/lfu_arc_lirs_arc.cfg,experiments/data/phases24_c96_seed45.in,LFU ARC LIRS ARC,4,24 24 24 24,96,10000,9615,385,0.9615,9861,139,0.9861,246
configs/exp4/lfu_arc_lirs_lfu.cfg,experiments/data/phases24_c96_seed45.in,LFU ARC LIRS LFU,4,24 24 24 24,96,10000,9596,404,0.9596,9861,139,0.9861,265
configs/exp4/lfu_arc_lirs_lirs.cfg,experiments/data/phases24_c96_seed45.in,LFU ARC LIRS LIRS,4,24 24 24 24,96,10000,9564,436,0.9564,9861,139,0.9861,297
configs/exp4/lfu_arc_lirs_lru.cfg,experiments/data/phases24_c96_seed45.in,LFU ARC LIRS LRU,4,24 24 24 24,96,10000,9614,386,0.9614,9861,139,0.9861,247
configs/exp4/lfu_arc_lru.cfg,experiments/data/phases24_c96_seed45.in,LFU ARC LRU,3,32 32 32,96,10000,9700,300,0.97,9861,139,0.9861,161
configs/exp4/lfu_arc_lru_2q.cfg,experiments/data/phases24_c96_seed45.in,LFU ARC LRU 2Q,4,24 24 24 24,96,10000,9571,429,0.9571,9861,139,0.9861,290
configs/exp4/lfu_arc_lru_arc.cfg,experiments/data/phases24_c96_seed45.in,LFU ARC LRU ARC,4,24 24 24 24,96,10000,9552,448,0.9552,9861,139,0.9861,309
configs/exp4/lfu_arc_lru_lfu.cfg,experiments/data/phases24_c96_seed45.in,LFU ARC LRU LFU,4,24 24 24 24,96,10000,9530,470,0.953,9861,139,0.9861,331
configs/exp4/lfu_arc_lru_lirs.cfg,experiments/data/phases24_c96_seed45.in,LFU ARC LRU LIRS,4,24 24 24 24,96,10000,9601,399,0.9601,9861,139,0.9861,260
configs/exp4/lfu_arc_lru_lru.cfg,experiments/data/phases24_c96_seed45.in,LFU ARC LRU LRU,4,24 24 24 24,96,10000,9533,467,0.9533,9861,139,0.9861,328
configs/exp4/lfu_lfu_2q.cfg,experiments/data/phases24_c96_seed45.in,LFU LFU 2Q,3,32 32 32,96,10000,9765,235,0.9765,9861,139,0.9861,96
configs/exp4/lfu_lfu_2q_2q.cfg,experiments/data/phases24_c96_seed45.in,LFU LFU 2Q 2Q,4,24 24 24 24,96,10000,9582,418,0.9582,9861,139,0.9861,279
configs/exp4/lfu_lfu_2q_arc.cfg,experiments/data/phases24_c96_seed45.in,LFU LFU 2Q ARC,4,24 24 24 24,96,10000,9610,390,0.961,9861,139,0.9861,251
configs/exp4/lfu_lfu_2q_lfu.cfg,experiments/data/phases24_c96_seed45.in,LFU LFU 2Q LFU,4,24 24 24 24,96,10000,9430,570,0.943,9861,139,0.9861,431
configs/exp4/lfu_lfu_2q_lirs.cfg,experiments/data/phases24_c96_seed45.in,LFU LFU 2Q LIRS,4,24 24 24 24,96,10000,9614,386,0.9614,9861,139,0.9861,247
configs/exp4/lfu_lfu_2q_lru.cfg,experiments/data/phases24_c96_seed45.in,LFU LFU 2Q LRU,4,24 24 24 24,96,10000,9583,417,0.9583,9861,139,0.9861,278
configs/exp4/lfu_lfu_arc.cfg,experiments/data/phases24_c96_seed45.in,LFU LFU ARC,3,32 32 32,96,10000,9772,228,0.9772,9861,139,0.9861,89
configs/exp4/lfu_lfu_arc_2q.cfg,experiments/data/phases24_c96_seed45.in,LFU LFU ARC 2Q,4,24 24 24 24,96,10000,9651,349,0.9651,9861,139,0.9861,210
configs/exp4/lfu_lfu_arc_arc.cfg,experiments/data/phases24_c96_seed45.in,LFU LFU ARC ARC,4,24 24 24 24,96,10000,9646,354,0.9646,9861,139,0.9861,215
configs/exp4/lfu_lfu_arc_lfu.cfg,experiments/data/phases24_c96_seed45.in,LFU LFU ARC LFU,4,24 24 24 24,96,10000,9634,366,0.9634,9861,139,0.9861,227
configs/exp4/lfu_lfu_arc_lirs.cfg,experiments/data/phases24_c96_seed45.in,LFU LFU ARC LIRS,4,24 24 24 24,96,10000,9659,341,0.9659,9861,139,0.9861,202
configs/exp4/lfu_lfu_arc_lru.cfg,experiments/data/phases24_c96_seed45.in,LFU LFU ARC LRU,4,24 24 24 24,96,10000,9648,352,0.9648,9861,139,0.9861,213
configs/exp4/lfu_lfu_lfu_2q.cfg,experiments/data/phases24_c96_seed45.in,LFU LFU LFU 2Q,4,24 24 24 24,96,10000,9657,343,0.9657,9861,139,0.9861,204
configs/exp4/lfu_lfu_lfu_arc.cfg,experiments/data/phases24_c96_seed45.in,LFU LFU LFU ARC,4,24 24 24 24,96,10000,9726,274,0.9726,9861,139,0.9861,135
configs/exp4/lfu_lfu_lfu_lirs.cfg,experiments/data/phases24_c96_seed45.in,LFU LFU LFU LIRS,4,24 24 24 24,96,10000,9711,289,0.9711,9861,139,0.9861,150
configs/exp4/lfu_lfu_lfu_lru.cfg,experiments/data/phases24_c96_seed45.in,LFU LFU LFU LRU,4,24 24 24 24,96,10000,9739,261,0.9739,9861,139,0.9861,122
configs/exp4/lfu_lfu_lirs.cfg,experiments/data/phases24_c96_seed45.in,LFU LFU LIRS,3,32 32 32,96,10000,9754,246,0.9754,9861,139,0.9861,107
configs/exp4/lfu_lfu_lirs_2q.cfg,experiments/data/phases24_c96_seed45.in,LFU LFU LIRS 2Q,4,24 24 24 24,96,10000,9664,336,0.9664,9861,139,0.9861,197
configs/exp4/lfu_lfu_lirs_arc.cfg,experiments/data/phases24_c96_seed45.in,LFU LFU LIRS ARC,4,24 24 24 24,96,10000,9678,322,0.9678,9861,139,0.9861,183
configs/exp4/lfu_lfu_lirs_lfu.cfg,experiments/data/phases24_c96_seed45.in,LFU LFU LIRS LFU,4,24 24 24 24,96,10000,9629,371,0.9629,9861,139,0.9861,232
configs/exp4/lfu_lfu_lirs_lirs.cfg,experiments/data/phases24_c96_seed45.in,LFU LFU LIRS LIRS,4,24 24 24 24,96,10000,9644,356,0.9644,9861,139,0.9861,217
configs/exp4/lfu_lfu_lirs_lru.cfg,experiments/data/phases24_c96_seed45.in,LFU LFU LIRS LRU,4,24 24 24 24,96,10000,9691,309,0.9691,9861,139,0.9861,170
configs/exp4/lfu_lfu_lru.cfg,experiments/data/phases24_c96_seed45.in,LFU LFU LRU,3,32 32 32,96,10000,9768,232,0.9768,9861,139,0.9861,93
configs/exp4/lfu_lfu_lru_2q.cfg,experiments/data/phases24_c96_seed45.in,LFU LFU LRU 2Q,4,24 24 24 24,96,10000,9631,369,0.9631,9861,139,0.9861,230
configs/exp4/lfu_lfu_lru_arc.cfg,experiments/data/phases24_c96_seed45.in,LFU LFU LRU ARC,4,24 24 24 24,96,10000,9620,380,0.962,9861,139,0.9861,241
configs/exp4/lfu_lfu_lru_lfu.cfg,experiments/data/phases24_c96_seed45.in,LFU LFU LRU LFU,4,24 24 24 24,96,10000,9632,368,0.9632,9861,139,0.9861,229
configs/exp4/lfu_lfu_lru_lirs.cfg,experiments/data/phases24_c96_seed45.in,LFU LFU LRU LIRS,4,24 24 24 24,96,10000,9651,349,0.9651,9861,139,0.9861,210
configs/exp4/lfu_lfu_lru_lru.cfg,experiments/data/phases24_c96_seed45.in,LFU LFU LRU LRU,4,24 24 24 24,96,10000,9625,375,0.9625,9861,139,0.9861,236
configs/exp4/lfu_lirs.cfg,experiments/data/phases24_c96_seed45.in,LFU LIRS,2,48 48,96,10000,9743,257,0.9743,9861,139,0.9861,118
configs/exp4/lfu_lirs_2q.cfg,experiments/data/phases24_c96_seed45.in,LFU LIRS 2Q,3,32 32 32,96,10000,9710,290,0.971,9861,139,0.9861,151
configs/exp4/lfu_lirs_2q_2q.cfg,experiments/data/phases24_c96_seed45.in,LFU LIRS 2Q 2Q,4,24 24 24 24,96,10000,9604,396,0.9604,9861,139,0.9861,257
configs/exp4/lfu_lirs_2q_arc.cfg,experiments/data/phases24_c96_seed45.in,LFU LIRS 2Q ARC,4,24 24 24 24,96,10000,9610,390,0.961,9861,139,0.9861,251
configs/exp4/lfu_lirs_2q_lfu.cfg,experiments/data/phases24_c96_seed45.in,LFU LIRS 2Q LFU,4,24 24 24 24,96,10000,9610,390,0.961,9861,139,0.9861,251
configs/exp4/lfu_lirs_2q_lirs.cfg,experiments/data/phases24_c96_seed45.in,LFU LIRS 2Q LIRS,4,24 24 24 24,96,10000,9617,383,0.9617,9861,139,0.9861,244
configs/exp4/lfu_lirs_2q_lru.cfg,experiments/data/phases24_c96_seed45.in,LFU LIRS 2Q LRU,4,24 24 24 24,96,10000,9618,382,0.9618,9861,139,0.9861,243
configs/exp4/lfu_lirs_arc.cfg,experiments/data/phases24_c96_seed45.in,LFU LIRS ARC,3,32 32 32,96,10000,9736,264,0.9736,9861,139,0.9861,125
configs/exp4/lfu_lirs_arc_2q.cfg,experiments/data/phases24_c96_seed45.in,LFU LIRS ARC 2Q,4,24 24 24 24,96,10000,9605,395,0.9605,9861,139,0.9861,256
configs/exp4/lfu_lirs_arc_arc.cfg,experiments/data/phases24_c96_seed45.in,LFU LIRS ARC ARC,4,24 24 24 24,96,10000,9596,404,0.9596,9861,139,0.9861,265
configs/exp4/lfu_lirs_arc_lfu.cfg,experiments/data/phases24_c96_seed45.in,LFU LIRS ARC LFU,4,24 24 24 24,96,10000,9602,398,0.9602,9861,139,0.9861,259
configs/exp4/lfu_lirs_arc_lirs.cfg,experiments/data/phases24_c96_seed45.in,LFU LIRS ARC LIRS,4,24 24 24 24,96,10000,9606,394,0.9606,9861,139,0.9861,255
configs/exp4/lfu_lirs_arc_lru.cfg,experiments/data/phases24_c96_seed45.in,LFU LIRS ARC LRU,4,24 24 24 24,96,10000,9597,403,0.9597,9861,139,0.9861,264
configs/exp4/lfu_lirs_lfu.cfg,experiments/data/phases24_c96_seed45.in,LFU LIRS LFU,3,32 32 32,96,10000,9712,288,0.9712,9861,139,0.9861,149
configs/exp4/lfu_lirs_lfu_2q.cfg,experiments/data/phases24_c96_seed45.in,LFU LIRS LFU 2Q,4,24 24 24 24,96,10000,9663,337,0.9663,9861,139,0.9861,198
configs/exp4/lfu_lirs_lfu_arc.cfg,experiments/data/phases24_c96_seed45.in,LFU LIRS LFU ARC,4,24 24 24 24,96,10000,9650,350,0.965,9861,139,0.9861,211
configs/exp4/lfu_lirs_lfu_lfu.cfg,experiments/data/phases24_c96_seed45.in,LFU LIRS LFU LFU,4,24 24 24 24,96,10000,9584,416,0.9584,9861,139,0.9861,277
configs/exp4/lfu_lirs_lfu_lirs.cfg,experiments/data/phases24_c96_seed45.in,LFU LIRS LFU LIRS,4,24 24 24 24,96,10000,9654,346,0.9654,9861,139,0.9861,207
configs/exp4/lfu_lirs_lfu_lru.cfg,experiments/data/phases24_c96_seed45.in,LFU LIRS LFU LRU,4,24 24 24 24,96,10000,9645,355,0.9645,9861,139,0.9861,216
configs/exp4/lfu_lirs_lirs.cfg,experiments/data/phases24_c96_seed45.in,LFU LIRS LIRS,3,32 32 32,96,10000,9674,326,0.9674,9861,139,0.9861,187
configs/exp4/lfu_lirs_lirs_2q.cfg,experiments/data/phases24_c96_seed45.in,LFU LIRS LIRS 2Q,4,24 24 24 24,96,10000,9603,397,0.9603,9861,139,0.9861,258
configs/exp4/lfu_lirs_lirs_arc.cfg,experiments/data/phases24_c96_seed45.in,LFU LIRS LIRS ARC,4,24 24 24 24,96,10000,9628,372,0.9628,9861,139,0.9861,233
configs/exp4/lfu_lirs_lirs_lfu.cfg,experiments/data/phases24_c96_seed45.in,LFU LIRS LIRS LFU,4,24 24 24 24,96,10000,9623,377,0.9623,9861,139,0.9861,238
configs/exp4/lfu_lirs_lirs_lirs.cfg,experiments/data/phases24_c96_seed45.in,LFU LIRS LIRS LIRS,4,24 24 24 24,96,10000,9571,429,0.9571,9861,139,0.9861,290
configs/exp4/lfu_lirs_lirs_lru.cfg,experiments/data/phases24_c96_seed45.in,LFU LIRS LIRS LRU,4,24 24 24 24,96,10000,9633,367,0.9633,9861,139,0.9861,228
configs/exp4/lfu_lirs_lru.cfg,experiments/data/phases24_c96_seed45.in,LFU LIRS LRU,3,32 32 32,96,10000,9735,265,0.9735,9861,139,0.9861,126
configs/exp4/lfu_lirs_lru_2q.cfg,experiments/data/phases24_c96_seed45.in,LFU LIRS LRU 2Q,4,24 24 24 24,96,10000,9596,404,0.9596,9861,139,0.9861,265
configs/exp4/lfu_lirs_lru_arc.cfg,experiments/data/phases24_c96_seed45.in,LFU LIRS LRU ARC,4,24 24 24 24,96,10000,9583,417,0.9583,9861,139,0.9861,278
configs/exp4/lfu_lirs_lru_lfu.cfg,experiments/data/phases24_c96_seed45.in,LFU LIRS LRU LFU,4,24 24 24 24,96,10000,9572,428,0.9572,9861,139,0.9861,289
configs/exp4/lfu_lirs_lru_lirs.cfg,experiments/data/phases24_c96_seed45.in,LFU LIRS LRU LIRS,4,24 24 24 24,96,10000,9615,385,0.9615,9861,139,0.9861,246
configs/exp4/lfu_lirs_lru_lru.cfg,experiments/data/phases24_c96_seed45.in,LFU LIRS LRU LRU,4,24 24 24 24,96,10000,9562,438,0.9562,9861,139,0.9861,299
configs/exp4/lfu_lru.cfg,experiments/data/phases24_c96_seed45.in,LFU LRU,2,48 48,96,10000,9779,221,0.9779,9861,139,0.9861,82
configs/exp4/lfu_lru_2q.cfg,experiments/data/phases24_c96_seed45.in,LFU LRU 2Q,3,32 32 32,96,10000,9713,287,0.9713,9861,139,0.9861,148
configs/exp4/lfu_lru_2q_2q.cfg,experiments/data/phases24_c96_seed45.in,LFU LRU 2Q 2Q,4,24 24 24 24,96,10000,9526,474,0.9526,9861,139,0.9861,335
configs/exp4/lfu_lru_2q_arc.cfg,experiments/data/phases24_c96_seed45.in,LFU LRU 2Q ARC,4,24 24 24 24,96,10000,9540,460,0.954,9861,139,0.9861,321
configs/exp4/lfu_lru_2q_lfu.cfg,experiments/data/phases24_c96_seed45.in,LFU LRU 2Q LFU,4,24 24 24 24,96,10000,9505,495,0.9505,9861,139,0.9861,356
configs/exp4/lfu_lru_2q_lirs.cfg,experiments/data/phases24_c96_seed45.in,LFU LRU 2Q LIRS,4,24 24 24 24,96,10000,9567,433,0.9567,9861,139,0.9861,294
configs/exp4/lfu_lru_2q_lru.cfg,experiments/data/phases24_c96_seed45.in,LFU LRU 2Q LRU,4,24 24 24 24,96,10000,9555,445,0.9555,9861,139,0.9861,306
configs/exp4/lfu_lru_arc.cfg,experiments/data/phases24_c96_seed45.in,LFU LRU ARC,3,32 32 32,96,10000,9714,286,0.9714,9861,139,0.9861,147
configs/exp4/lfu_lru_arc_2q.cfg,experiments/data/phases24_c96_seed45.in,LFU LRU ARC 2Q,4,24 24 24 24,96,10000,9535,465,0.9535,9861,139,0.9861,326
configs/exp4/lfu_lru_arc_arc.cfg,experiments/data/phases24_c96_seed45.in,LFU LRU ARC ARC,4,24 24 24 24,96,10000,9509,491,0.9509,9861,139,0.9861,352
configs/exp4/lfu_lru_arc_lfu.cfg,experiments/data/phases24_c96_seed45.in,LFU LRU ARC LFU,4,24 24 24 24,96,10000,9506,494,0.9506,9861,139,0.9861,355
configs/exp4/lfu_lru_arc_lirs.cfg,experiments/data/phases24_c96_seed45.in,LFU LRU ARC LIRS,4,24 24 24 24,96,10000,9558,442,0.9558,9861,139,0.9861,303
configs/exp4/lfu_lru_arc_lru.cfg,experiments/data/phases24_c96_seed45.in,LFU LRU ARC LRU,4,24 24 24 24,96,10000,9525,475,0.9525,9861,139,0.9861,336
configs/exp4/lfu_lru_lfu.cfg,experiments/data/phases24_c96_seed45.in,LFU LRU LFU,3,32 32 32,96,10000,9723,277,0.9723,9861,139,0.9861,138
configs/exp4/lfu_lru_lfu_2q.cfg,experiments/data/phases24_c96_seed45.in,LFU LRU LFU 2Q,4,24 24 24 24,96,10000,9566,434,0.9566,9861,139,0.9861,295
configs/exp4/lfu_lru_lfu_arc.cfg,experiments/data/phases24_c96_seed45.in,LFU LRU LFU ARC,4,24 24 24 24,96,10000,9579,421,0.9579,9861,139,0.9861,282
configs/exp4/lfu_lru_lfu_lfu.cfg,experiments/data/phases24_c96_seed45.in,LFU LRU LFU LFU,4,24 24 24 24,96,10000,9424,576,0.9424,9861,139,0.9861,437
configs/exp4/lfu_lru_lfu_lirs.cfg,experiments/data/phases24_c96_seed45.in,LFU LRU LFU LIRS,4,24 24 24 24,96,10000,9591,409,0.9591,9861,139,0.9861,270
configs/exp4/lfu_lru_lfu_lru.cfg,experiments/data/phases24_c96_seed45.in,LFU LRU LFU LRU,4,24 24 24 24,96,10000,9558,442,0.9558,9861,139,0.9861,303
configs/exp4/lfu_lru_lirs.cfg,experiments/data/phases24_c96_seed45.in,LFU LRU LIRS,3,32 32 32,96,10000,9716,284,0.9716,9861,139,0.9861,145
configs/exp4/lfu_lru_lirs_2q.cfg,experiments/data/phases24_c96_seed45.in,LFU LRU LIRS 2Q,4,24 24 24 24,96,10000,9568,432,0.9568,9861,139,0.9861,293
configs/exp4/lfu_lru_lirs_arc.cfg,experiments/data/phases24_c96_seed45.in,LFU LRU LIRS ARC,4,24 24 24 24,96,10000,9595,405,0.9595,9861,139,0.9861,266
configs/exp4/lfu_lru_lirs_lfu.cfg,experiments/data/phases24_c96_seed45.in,LFU LRU LIRS LFU,4,24 24 24 24,96,10000,9563,437,0.9563,9861,139,0.9861,298
configs/exp4/lfu_lru_lirs_lirs.cfg,experiments/data/phases24_c96_seed45.in,LFU LRU LIRS LIRS,4,24 24 24 24,96,10000,9568,432,0.9568,9861,139,0.9861,293
configs/exp4/lfu_lru_lirs_lru.cfg,experiments/data/phases24_c96_seed45.in,LFU LRU LIRS LRU,4,24 24 24 24,96,10000,9603,397,0.9603,9861,139,0.9861,258
configs/exp4/lfu_lru_lru.cfg,experiments/data/phases24_c96_seed45.in,LFU LRU LRU,3,32 32 32,96,10000,9719,281,0.9719,9861,139,0.9861,142
configs/exp4/lfu_lru_lru_2q.cfg,experiments/data/phases24_c96_seed45.in,LFU LRU LRU 2Q,4,24 24 24 24,96,10000,9500,500,0.95,9861,139,0.9861,361
configs/exp4/lfu_lru_lru_arc.cfg,experiments/data/phases24_c96_seed45.in,LFU LRU LRU ARC,4,24 24 24 24,96,10000,9479,521,0.9479,9861,139,0.9861,382
configs/exp4/lfu_lru_lru_lfu.cfg,experiments/data/phases24_c96_seed45.in,LFU LRU LRU LFU,4,24 24 24 24,96,10000,9442,558,0.9442,9861,139,0.9861,419
configs/exp4/lfu_lru_lru_lirs.cfg,experiments/data/phases24_c96_seed45.in,LFU LRU LRU LIRS,4,24 24 24 24,96,10000,9546,454,0.9546,9861,139,0.9861,315
configs/exp4/lfu_lru_lru_lru.cfg,experiments/data/phases24_c96_seed45.in,LFU LRU LRU LRU,4,24 24 24 24,96,10000,9443,557,0.9443,9861,139,0.9861,418
configs/exp4/lirs_2q.cfg,experiments/data/phases24_c96_seed45.in,LIRS 2Q,2,48 48,96,10000,9706,294,0.9706,9861,139,0.9861,155
configs/exp4/lirs_2q_2q.cfg,experiments/data/phases24_c96_seed45.in,LIRS 2Q 2Q,3,32 32 32,96,10000,9644,356,0.9644,9861,139,0.9861,217
configs/exp4/lirs_2q_2q_2q.cfg,experiments/data/phases24_c96_seed45.in,LIRS 2Q 2Q 2Q,4,24 24 24 24,96,10000,9484,516,0.9484,9861,139,0.9861,377
configs/exp4/lirs_2q_2q_arc.cfg,experiments/data/phases24_c96_seed45.in,LIRS 2Q 2Q ARC,4,24 24 24 24,96,10000,9538,462,0.9538,9861,139,0.9861,323
configs/exp4/lirs_2q_2q_lfu.cfg,experiments/data/phases24_c96_seed45.in,LIRS 2Q 2Q LFU,4,24 24 24 24,96,10000,9515,485,0.9515,9861,139,0.9861,346
configs/exp4/lirs_2q_2q_lirs.cfg,experiments/data/phases24_c96_seed45.in,LIRS 2Q 2Q LIRS,4,24 24 24 24,96,10000,9531,469,0.9531,9861,139,0.9861,330
configs/exp4/lirs_2q_2q_lru.cfg,experiments/data/phases24_c96_seed45.in,LIRS 2Q 2Q LRU,4,24 24 24 24,96,10000,9551,449,0.9551,9861,139,0.9861,310
configs/exp4/lirs_2q_arc.cfg,experiments/data/phases24_c96_seed45.in,LIRS 2Q ARC,3,32 32 32,96,10000,9656,344,0.9656,9861,139,0.9861,205
configs/exp4/lirs_2q_arc_2q.cfg,experiments/data/phases24_c96_seed45.in,LIRS 2Q ARC 2Q,4,24 24 24 24,96,10000,9529,471,0.9529,9861,139,0.9861,332
configs/exp4/lirs_2q_arc_arc.cfg,experiments/data/phases24_c96_seed45.in,LIRS 2Q ARC ARC,4,24 24 24 24,96,10000,9520,480,0.952,9861,139,0.9861,341
configs/exp4/lirs_2q_arc_lfu.cfg,experiments/data/phases24_c96_seed45.in,LIRS 2Q ARC LFU,4,24 24 24 24,96,10000,9513,487,0.9513,9861,139,0.9861,348
configs/exp4/lirs_2q_arc_lirs.cfg,experiments/data/phases24_c96_seed45.in,LIRS 2Q ARC LIRS,4,24 24 24 24,96,10000,9547,453,0.9547,9861,139,0.9861,314
configs/exp4/lirs_2q_arc_lru.cfg,experiments/data/phases24_c96_seed45.in,LIRS 2Q ARC LRU,4,24 24 24 24,96,10000,9512,488,0.9512,9861,139,0.9861,349
configs/exp4/lirs_2q_lfu.cfg,experiments/data/phases24_c96_seed45.in,LIRS 2Q LFU,3,32 32 32,96,10000,9657,343,0.9657,9861,139,0.9861,204
configs/exp4/lirs_2q_lfu_2q.cfg,experiments/data/phases24_c96_seed45.in,LIRS 2Q LFU 2Q,4,24 24 24 24,96,10000,9540,460,0.954,9861,139,0.9861,321
configs/exp4/lirs_2q_lfu_arc.cfg,experiments/data/phases24_c96_seed45.in,LIRS 2Q LFU ARC,4,24 24 24 24,96,10000,9546,454,0.9546,9861,139,0.9861,315
configs/exp4/lirs_2q_lfu_lfu.cfg,experiments/data/phases24_c96_seed45.in,LIRS 2Q LFU LFU,4,24 24 24 24,96,10000,9534,466,0.9534,9861,139,0.9861,327
configs/exp4/lirs_2q_lfu_lirs.cfg,experiments/data/phases24_c96_seed45.in,LIRS 2Q LFU LIRS,4,24 24 24 24,96,10000,9564,436,0.9564,9861,139,0.9861,297
configs/exp4/lirs_2q_lfu_lru.cfg,experiments/data/phases24_c96_seed45.in,LIRS 2Q LFU LRU,4,24 24 24 24,96,10000,9554,446,0.9554,9861,139,0.9861,307
configs/exp4/lirs_2q_lirs.cfg,experiments/data/phases24_c96_seed45.in,LIRS 2Q LIRS,3,32 32 32,96,10000,9644,356,0.9644,9861,139,0.9861,217
configs/exp4/lirs_2q_lirs_2q.cfg,experiments/data/phases24_c96_seed45.in,LIRS 2Q LIRS 2Q,4,24 24 24 24,96,10000,9533,467,0.9533,9861,139,0.9861,328
configs/exp4/lirs_2q_lirs_arc.cfg,experiments/data/phases24_c96_seed45.in,LIRS 2Q LIRS ARC,4,24 24 24 24,96,10000,9534,466,0.9534,9861,139,0.9861,327
configs/exp4/lirs_2q_lirs_lfu.cfg,experiments/data/phases24_c96_seed45.in,LIRS 2Q LIRS LFU,4,24 24 24 24,96,10000,9555,445,0.9555,9861,139,0.9861,306
configs/exp4/lirs_2q_lirs_lirs.cfg,experiments/data/phases24_c96_seed45.in,LIRS 2Q LIRS LIRS,4,24 24 24 24,96,10000,9508,492,0.9508,9861,139,0.9861,353
configs/exp4/lirs_2q_lirs_lru.cfg,experiments/data/phases24_c96_seed45.in,LIRS 2Q LIRS LRU,4,24 24 24 24,96,10000,9562,438,0.9562,9861,139,0.9861,299
configs/exp4/lirs_2q_lru.cfg,experiments/data/phases24_c96_seed45.in,LIRS 2Q LRU,3,32 32 32,96,10000,9666,334,0.9666,9861,139,0.9861,195
configs/exp4/lirs_2q_lru_2q.cfg,experiments/data/phases24_c96_seed45.in,LIRS 2Q LRU 2Q,4,24 24 24 24,96,10000,9535,465,0.9535,9861,139,0.9861,326
configs/exp4/lirs_2q_lru_arc.cfg,experiments/data/phases24_c96_seed45.in,LIRS 2Q LRU ARC,4,24 24 24 24,96,10000,9520,480,0.952,9861,139,0.9861,341
configs/exp4/lirs_2q_lru_lfu.cfg,experiments/data/phases24_c96_seed45.in,LIRS 2Q LRU LFU,4,24 24 24 24,96,10000,9509,491,0.9509,9861,139,0.9861,352
configs/exp4/lirs_2q_lru_lirs.cfg,experiments/data/phases24_c96_seed45.in,LIRS 2Q LRU LIRS,4,24 24 24 24,96,10000,9557,443,0.9557,9861,139,0.9861,304
configs/exp4/lirs_2q_lru_lru.cfg,experiments/data/phases24_c96_seed45.in,LIRS 2Q LRU LRU,4,24 24 24 24,96,10000,9501,499,0.9501,9861,139,0.9861,360
configs/exp4/lirs_arc.cfg,experiments/data/phases24_c96_seed45.in,LIRS ARC,2,48 48,96,10000,9716,284,0.9716,9861,139,0.9861,145
configs/exp4/lirs_arc_2q.cfg,experiments/data/phases24_c96_seed45.in,LIRS ARC 2Q,3,32 32 32,96,10000,9676,324,0.9676,9861,139,0.9861,185
configs/exp4/lirs_arc_2q_2q.cfg,experiments/data/phases24_c96_seed45.in,LIRS ARC 2Q 2Q,4,24 24 24 24,96,10000,9486,514,0.9486,9861,139,0.9861,375
configs/exp4/lirs_arc_2q_arc.cfg,experiments/data/phases24_c96_seed45.in,LIRS ARC 2Q ARC,4,24 24 24 24,96,10000,9521,479,0.9521,9861,139,0.9861,340
configs/exp4/lirs_arc_2q_lfu.cfg,experiments/data/phases24_c96_seed45.in,LIRS ARC 2Q LFU,4,24 24 24 24,96,10000,9503,497,0.9503,9861,139,0.9861,358
configs/exp4/lirs_arc_2q_lirs.cfg,experiments/data/phases24_c96_seed45.in,LIRS ARC 2Q LIRS,4,24 24 24 24,96,10000,9530,470,0.953,9861,139,0.9861,331
configs/exp4/lirs_arc_2q_lru.cfg,experiments/data/phases24_c96_seed45.in,LIRS ARC 2Q LRU,4,24 24 24 24,96,10000,9529,471,0.9529,9861,139,0.9861,332
configs/exp4/lirs_arc_arc.cfg,experiments/data/phases24_c96_seed45.in,LIRS ARC ARC,3,32 32 32,96,10000,9658,342,0.9658,9861,139,0.9861,203
configs/exp4/lirs_arc_arc_2q.cfg,experiments/data/phases24_c96_seed45.in,LIRS ARC ARC 2Q,4,24 24 24 24,96,10000,9508,492,0.9508,9861,139,0.9861,353
configs/exp4/lirs_arc_arc_arc.cfg,experiments/data/phases24_c96_seed45.in,LIRS ARC ARC ARC,4,24 24 24 24,96,10000,9490,510,0.949,9861,139,0.9861,371
configs/exp4/lirs_arc_arc_lfu.cfg,experiments/data/phases24_c96_seed45.in,LIRS ARC ARC LFU,4,24 24 24 24,96,10000,9486,514,0.9486,9861,139,0.9861,375
configs/exp4/lirs_arc_arc_lirs.cfg,experiments/data/phases24_c96_seed45.in,LIRS ARC ARC LIRS,4,24 24 24 24,96,10000,9525,475,0.9525,9861,139,0.9861,336
configs/exp4/lirs_arc_arc_lru.cfg,experiments/data/phases24_c96_seed45.in,LIRS ARC ARC LRU,4,24 24 24 24,96,10000,9476,524,0.9476,9861,139,0.9861,385
configs/exp4/lirs_arc_lfu.cfg,experiments/data/phases24_c96_seed45.in,LIRS ARC LFU,3,32 32 32,96,10000,9654,346,0.9654,9861,139,0.9861,207
configs/exp4/lirs_arc_lfu_2q.cfg,experiments/data/phases24_c96_seed45.in,LIRS ARC LFU 2Q,4,24 24 24 24,96,10000,9533,467,0.9533,9861,139,0.9861,328
configs/exp4/lirs_arc_lfu_arc.cfg,experiments/data/phases24_c96_seed45.in,LIRS ARC LFU ARC,4,24 24 24 24,96,10000,9523,477,0.9523,9861,139,0.9861,338
configs/exp4/lirs_arc_lfu_lfu.cfg,experiments/data/phases24_c96_seed45.in,LIRS ARC LFU LFU,4,24 24 24 24,96,10000,9516,484,0.9516,9861,139,0.9861,345
configs/exp4/lirs_arc_lfu_lirs.cfg,experiments/data/phases24_c96_seed45.in,LIRS ARC LFU LIRS,4,24 24 24 24,96,10000,9552,448,0.9552,9861,139,0.9861,309
configs/exp4/lirs_arc_lfu_lru.cfg,experiments/data/phases24_c96_seed45.in,LIRS ARC LFU LRU,4,24 24 24 24,96,10000,9532,468,0.9532,9861,139,0.9861,329
configs/exp4/lirs_arc_lirs.cfg,experiments/data/phases24_c96_seed45.in,LIRS ARC LIRS,3,32 32 32,96,10000,9675,325,0.9675,9861,139,0.9861,186
configs/exp4/lirs_arc_lirs_2q.cfg,experiments/data/phases24_c96_seed45.in,LIRS ARC LIRS 2Q,4,24 24 24 24,96,10000,9529,471,0.9529,9861,139,0.9861,332
configs/exp4/lirs_arc_lirs_arc.cfg,experiments/data/phases24_c96_seed45.in,LIRS ARC LIRS ARC,4,24 24 24 24,96,10000,9533,467,0.9533,9861,139,0.9861,328
configs/exp4/lirs_arc_lirs_lfu.cfg,experiments/data/phases24_c96_seed45.in,LIRS ARC LIRS LFU,4,24 24 24 24,96,10000,9539,461,0.9539,9861,139,0.9861,322
configs/exp4/lirs_arc_lirs_lirs.cfg,experiments/data/phases24_c96_seed45.in,LIRS ARC LIRS LIRS,4,24 24 24 24,96,10000,9504,496,0.9504,9861,139,0.9861,357
configs/exp4/lirs_arc_lirs_lru.cfg,experiments/data/phases24_c96_seed45.in,LIRS ARC LIRS LRU,4,24 24 24 24,96,10000,9539,461,0.9539,9861,139,0.9861,322
configs/exp4/lirs_arc_lru.cfg,experiments/data/phases24_c96_seed45.in,LIRS ARC LRU,3,32 32 32,96,10000,9657,343,0.9657,9861,139,0.9861,204
configs/exp4/lirs_arc_lru_2q.cfg,experiments/data/phases24_c96_seed45.in,LIRS ARC LRU 2Q,4,24 24 24 24,96,10000,9509,491,0.9509,9861,139,0.9861,352
configs/exp4/lirs_arc_lru_arc.cfg,experiments/data/phases24_c96_seed45.in,LIRS ARC LRU ARC,4,24 24 24 24,96,10000,9478,522,0.9478,9861,139,0.9861,383
configs/exp4/lirs_arc_lru_lfu.cfg,experiments/data/phases24_c96_seed45.in,LIRS ARC LRU LFU,4,24 24 24 24,96,10000,9468,532,0.9468,9861,139,0.9861,393
configs/exp4/lirs_arc_lru_lirs.cfg,experiments/data/phases24_c96_seed45.in,LIRS ARC LRU LIRS,4,24 24 24 24,96,10000,9536,464,0.9536,9861,139,0.9861,325
configs/exp4/lirs_arc_lru_lru.cfg,experiments/data/phases24_c96_seed45.in,LIRS ARC LRU LRU,4,24 24 24 24,96,10000,9472,528,0.9472,9861,139,0.9861,389
configs/exp4/lirs_lfu.cfg,experiments/data/phases24_c96_seed45.in,LIRS LFU,2,48 48,96,10000,9702,298,0.9702,9861,139,0.9861,159
configs/exp4/lirs_lfu_2q.cfg,experiments/data/phases24_c96_seed45.in,LIRS LFU 2Q,3,32 32 32,96,10000,9682,318,0.9682,9861,139,0.9861,179
configs/exp4/lirs_lfu_2q_2q.cfg,experiments/data/phases24_c96_seed45.in,LIRS LFU 2Q 2Q,4,24 24 24 24,96,10000,9560,440,0.956,9861,139,0.9861,301
configs/exp4/lirs_lfu_2q_arc.cfg,experiments/data/phases24_c96_seed45.in,LIRS LFU 2Q ARC,4,24 24 24 24,96,10000,9571,429,0.9571,9861,139,0.9861,290
configs/exp4/lirs_lfu_2q_lfu.cfg,experiments/data/phases24_c96_seed45.in,LIRS LFU 2Q LFU,4,24 24 24 24,96,10000,9561,439,0.9561,9861,139,0.9861,300
configs/exp4/lirs_lfu_2q_lirs.cfg,experiments/data/phases24_c96_seed45.in,LIRS LFU 2Q LIRS,4,24 24 24 24,96,10000,9587,413,0.9587,9861,139,0.9861,274
configs/exp4/lirs_lfu_2q_lru.cfg,experiments/data/phases24_c96_seed45.in,LIRS LFU 2Q LRU,4,24 24 24 24,96,10000,9581,419,0.9581,9861,139,0.9861,280
configs/exp4/lirs_lfu_arc.cfg,experiments/data/phases24_c96_seed45.in,LIRS LFU ARC,3,32 32 32,96,10000,9702,298,0.9702,9861,139,0.9861,159
configs/exp4/lirs_lfu_arc_2q.cfg,experiments/data/phases24_c96_seed45.in,LIRS LFU ARC 2Q,4,24 24 24 24,96,10000,9558,442,0.9558,9861,139,0.9861,303
configs/exp4/lirs_lfu_arc_arc.cfg,experiments/data/phases24_c96_seed45.in,LIRS LFU ARC ARC,4,24 24 24 24,96,10000,9543,457,0.9543,9861,139,0.9861,318
configs/exp4/lirs_lfu_arc_lfu.cfg,experiments/data/phases24_c96_seed45.in,LIRS LFU ARC LFU,4,24 24 24 24,96,10000,9557,443,0.9557,9861,139,0.9861,304
configs/exp4/lirs_lfu_arc_lirs.cfg,experiments/data/phases24_c96_seed45.in,LIRS LFU ARC LIRS,4,24 24 24 24,96,10000,9571,429,0.9571,9861,139,0.9861,290
configs/exp4/lirs_lfu_arc_lru.cfg,experiments/data/phases24_c96_seed45.in,LIRS LFU ARC LRU,4,24 24 24 24,96,10000,9553,447,0.9553,9861,139,0.9861,308
configs/exp4/lirs_lfu_lfu.cfg,experiments/data/phases24_c96_seed45.in,LIRS LFU LFU,3,32 32 32,96,10000,9679,321,0.9679,9861,139,0.9861,182
configs/exp4/lirs_lfu_lfu_2q.cfg,experiments/data/phases24_c96_seed45.in,LIRS LFU LFU 2Q,4,24 24 24 24,96,10000,9602,398,0.9602,9861,139,0.9861,259
configs/exp4/lirs_lfu_lfu_arc.cfg,experiments/data/phases24_c96_seed45.in,LIRS LFU LFU ARC,4,24 24 24 24,96,10000,9588,412,0.9588,9861,139,0.9861,273
configs/exp4/lirs_lfu_lfu_lfu.cfg,experiments/data/phases24_c96_seed45.in,LIRS LFU LFU LFU,4,24 24 24 24,96,10000,9522,478,0.9522,9861,139,0.9861,339
configs/exp4/lirs_lfu_lfu_lirs.cfg,experiments/data/phases24_c96_seed45.in,LIRS LFU LFU LIRS,4,24 24 24 24,96,10000,9609,391,0.9609,9861,139,0.9861,252
configs/exp4/lirs_lfu_lfu_lru.cfg,experiments/data/phases24_c96_seed45.in,LIRS LFU LFU LRU,4,24 24 24 24,96,10000,9602,398,0.9602,9861,139,0.9861,259
configs/exp4/lirs_lfu_lirs.cfg,experiments/data/phases24_c96_seed45.in,LIRS LFU LIRS,3,32 32 32,96,10000,9670,330,0.967,9861,139,0.9861,191
configs/exp4/lirs_lfu_lirs_2q.cfg,experiments/data/phases24_c96_seed45.in,LIRS LFU LIRS 2Q,4,24 24 24 24,96,10000,9587,413,0.9587,9861,139,0.9861,274
configs/exp4/lirs_lfu_lirs_arc.cfg,experiments/data/phases24_c96_seed45.in,LIRS LFU LIRS ARC,4,24 24 24 24,96,10000,9604,396,0.9604,9861,139,0.9861,257
configs/exp4/lirs_lfu_lirs_lfu.cfg,experiments/data/phases24_c96_seed45.in,LIRS LFU LIRS LFU,4,24 24 24 24,96,10000,9589,411,0.9589,9861,139,0.9861,272
configs/exp4/lirs_lfu_lirs_lirs.cfg,experiments/data/phases24_c96_seed45.in,LIRS LFU LIRS LIRS,4,24 24 24 24,96,10000,9562,438,0.9562,9861,139,0.9861,299
configs/exp4/lirs_lfu_lirs_lru.cfg,experiments/data/phases24_c96_seed45.in,LIRS LFU LIRS LRU,4,24 24 24 24,96,10000,9616,384,0.9616,9861,139,0.9861,245
configs/exp4/lirs_lfu_lru.cfg,experiments/data/phases24_c96_seed45.in,LIRS LFU LRU,3,32 32 32,96,10000,9711,289,0.9711,9861,139,0.9861,150
configs/exp4/lirs_lfu_lru_2q.cfg,experiments/data/phases24_c96_seed45.in,LIRS LFU LRU 2Q,4,24 24 24 24,96,10000,9542,458,0.9542,9861,139,0.9861,319
configs/exp4/lirs_lfu_lru_arc.cfg,experiments/data/phases24_c96_seed45.in,LIRS LFU LRU ARC,4,24 24 24 24,96,10000,9558,442,0.9558,9861,139,0.9861,303
configs/exp4/lirs_lfu_lru_lfu.cfg,experiments/data/phases24_c96_seed45.in,LIRS LFU LRU LFU,4,24 24 24 24,96,10000,9518,482,0.9518,9861,139,0.9861,343
configs/exp4/lirs_lfu_lru_lirs.cfg,experiments/data/phases24_c96_seed45.in,LIRS LFU LRU LIRS,4,24 24 24 24,96,10000,9590,410,0.959,9861,139,0.9861,271
configs/exp4/lirs_lfu_lru_lru.cfg,experiments/data/phases24_c96_seed45.in,LIRS LFU LRU LRU,4,24 24 24 24,96,10000,9522,478,0.9522,9861,139,0.9861,339
configs/exp4/lirs_lirs_2q.cfg,experiments/data/phases24_c96_seed45.in,LIRS LIRS 2Q,3,32 32 32,96,10000,9632,368,0.9632,9861,139,0.9861,229
configs/exp4/lirs_lirs_2q_2q.cfg,experiments/data/phases24_c96_seed45.in,LIRS LIRS 2Q 2Q,4,24 24 24 24,96,10000,9516,484,0.9516,9861,139,0.9861,345
configs/exp4/lirs_lirs_2q_arc.cfg,experiments/data/phases24_c96_seed45.in,LIRS LIRS 2Q ARC,4,24 24 24 24,96,10000,9540,460,0.954,9861,139,0.9861,321
configs/exp4/lirs_lirs_2q_lfu.cfg,experiments/data/phases24_c96_seed45.in,LIRS LIRS 2Q LFU,4,24 24 24 24,96,10000,9534,466,0.9534,9861,139,0.9861,327
configs/exp4/lirs_lirs_2q_lirs.cfg,experiments/data/phases24_c96_seed45.in,LIRS LIRS 2Q LIRS,4,24 24 24 24,96,10000,9528,472,0.9528,9861,139,0.9861,333
configs/exp4/lirs_lirs_2q_lru.cfg,experiments/data/phases24_c96_seed45.in,LIRS LIRS 2Q LRU,4,24 24 24 24,96,10000,9549,451,0.9549,9861,139,0.9861,312
configs/exp4/lirs_lirs_arc.cfg,experiments/data/phases24_c96_seed45.in,LIRS LIRS ARC,3,32 32 32,96,10000,9688,312,0.9688,9861,139,0.9861,173
configs/exp4/lirs_lirs_arc_2q.cfg,experiments/data/phases24_c96_seed45.in,LIRS LIRS ARC 2Q,4,24 24 24 24,96,10000,9554,446,0.9554,9861,139,0.9861,307
configs/exp4/lirs_lirs_arc_arc.cfg,experiments/data/phases24_c96_seed45.in,LIRS LIRS ARC ARC,4,24 24 24 24,96,10000,9550,450,0.955,9861,139,0.9861,311
configs/exp4/lirs_lirs_arc_lfu.cfg,experiments/data/phases24_c96_seed45.in,LIRS LIRS ARC LFU,4,24 24 24 24,96,10000,9538,462,0.9538,9861,139,0.9861,323
configs/exp4/lirs_lirs_arc_lirs.cfg,experiments/data/phases24_c96_seed45.in,LIRS LIRS ARC LIRS,4,24 24 24 24,96,10000,9573,427,0.9573,9861,139,0.9861,288
configs/exp4/lirs_lirs_arc_lru.cfg,experiments/data/phases24_c96_seed45.in,LIRS LIRS ARC LRU,4,24 24 24 24,96,10000,9530,470,0.953,9861,139,0.9861,331
configs/exp4/lirs_lirs_lfu.cfg,experiments/data/phases24_c96_seed45.in,LIRS LIRS LFU,3,32 32 32,96,10000,9653,347,0.9653,9861,139,0.9861,208
configs/exp4/lirs_lirs_lfu_2q.cfg,experiments/data/phases24_c96_seed45.in,LIRS LIRS LFU 2Q,4,24 24 24 24,96,10000,9559,441,0.9559,9861,139,0.9861,302
configs/exp4/lirs_lirs_lfu_arc.cfg,experiments/data/phases24_c96_seed45.in,LIRS LIRS LFU ARC,4,24 24 24 24,96,10000,9582,418,0.9582,9861,139,0.9861,279
configs/exp4/lirs_lirs_lfu_lfu.cfg,experiments/data/phases24_c96_seed45.in,LIRS LIRS LFU LFU,4,24 24 24 24,96,10000,9554,446,0.9554,9861,139,0.9861,307
configs/exp4/lirs_lirs_lfu_lirs.cfg,experiments/data/phases24_c96_seed45.in,LIRS LIRS LFU LIRS,4,24 24 24 24,96,10000,9562,438,0.9562,9861,139,0.9861,299
configs/exp4/lirs_lirs_lfu_lru.cfg,experiments/data/phases24_c96_seed45.in,LIRS LIRS LFU LRU,4,24 24 24 24,96,10000,9587,413,0.9587,9861,139,0.9861,274
configs/exp4/lirs_lirs_lirs_2q.cfg,experiments/data/phases24_c96_seed45.in,LIRS LIRS LIRS 2Q,4,24 24 24 24,96,10000,9515,485,0.9515,9861,139,0.9861,346
configs/exp4/lirs_lirs_lirs_arc.cfg,experiments/data/phases24_c96_seed45.in,LIRS LIRS LIRS ARC,4,24 24 24 24,96,10000,9550,450,0.955,9861,139,0.9861,311
configs/exp4/lirs_lirs_lirs_lfu.cfg,experiments/data/phases24_c96_seed45.in,LIRS LIRS LIRS LFU,4,24 24 24 24,96,10000,9542,458,0.9542,9861,139,0.9861,319
configs/exp4/lirs_lirs_lirs_lru.cfg,experiments/data/phases24_c96_seed45.in,LIRS LIRS LIRS LRU,4,24 24 24 24,96,10000,9561,439,0.9561,9861,139,0.9861,300
configs/exp4/lirs_lirs_lru.cfg,experiments/data/phases24_c96_seed45.in,LIRS LIRS LRU,3,32 32 32,96,10000,9670,330,0.967,9861,139,0.9861,191
configs/exp4/lirs_lirs_lru_2q.cfg,experiments/data/phases24_c96_seed45.in,LIRS LIRS LRU 2Q,4,24 24 24 24,96,10000,9551,449,0.9551,9861,139,0.9861,310
configs/exp4/lirs_lirs_lru_arc.cfg,experiments/data/phases24_c96_seed45.in,LIRS LIRS LRU ARC,4,24 24 24 24,96,10000,9535,465,0.9535,9861,139,0.9861,326
configs/exp4/lirs_lirs_lru_lfu.cfg,experiments/data/phases24_c96_seed45.in,LIRS LIRS LRU LFU,4,24 24 24 24,96,10000,9529,471,0.9529,9861,139,0.9861,332
configs/exp4/lirs_lirs_lru_lirs.cfg,experiments/data/phases24_c96_seed45.in,LIRS LIRS LRU LIRS,4,24 24 24 24,96,10000,9576,424,0.9576,9861,139,0.9861,285
configs/exp4/lirs_lirs_lru_lru.cfg,experiments/data/phases24_c96_seed45.in,LIRS LIRS LRU LRU,4,24 24 24 24,96,10000,9525,475,0.9525,9861,139,0.9861,336
configs/exp4/lirs_lru.cfg,experiments/data/phases24_c96_seed45.in,LIRS LRU,2,48 48,96,10000,9717,283,0.9717,9861,139,0.9861,144
configs/exp4/lirs_lru_2q.cfg,experiments/data/phases24_c96_seed45.in,LIRS LRU 2Q,3,32 32 32,96,10000,9673,327,0.9673,9861,139,0.9861,188
configs/exp4/lirs_lru_2q_2q.cfg,experiments/data/phases24_c96_seed45.in,LIRS LRU 2Q 2Q,4,24 24 24 24,96,10000,9455,545,0.9455,9861,139,0.9861,406
configs/exp4/lirs_lru_2q_arc.cfg,experiments/data/phases24_c96_seed45.in,LIRS LRU 2Q ARC,4,24 24 24 24,96,10000,9504,496,0.9504,9861,139,0.9861,357
configs/exp4/lirs_lru_2q_lfu.cfg,experiments/data/phases24_c96_seed45.in,LIRS LRU 2Q LFU,4,24 24 24 24,96,10000,9461,539,0.9461,9861,139,0.9861,400
configs/exp4/lirs_lru_2q_lirs.cfg,experiments/data/phases24_c96_seed45.in,LIRS LRU 2Q LIRS,4,24 24 24 24,96,10000,9552,448,0.9552,9861,139,0.9861,309
configs/exp4/lirs_lru_2q_lru.cfg,experiments/data/phases24_c96_seed45.in,LIRS LRU 2Q LRU,4,24 24 24 24,96,10000,9492,508,0.9492,9861,139,0.9861,369
configs/exp4/lirs_lru_arc.cfg,experiments/data/phases24_c96_seed45.in,LIRS LRU ARC,3,32 32 32,96,10000,9654,346,0.9654,9861,139,0.9861,207
configs/exp4/lirs_lru_arc_2q.cfg,experiments/data/phases24_c96_seed45.in,LIRS LRU ARC 2Q,4,24 24 24 24,96,10000,9473,527,0.9473,9861,139,0.9861,388
configs/exp4/lirs_lru_arc_arc.cfg,experiments/data/phases24_c96_seed45.in,LIRS LRU ARC ARC,4,24 24 24 24,96,10000,9450,550,0.945,9861,139,0.9861,411
configs/exp4/lirs_lru_arc_lfu.cfg,experiments/data/phases24_c96_seed45.in,LIRS LRU ARC LFU,4,24 24 24 24,96,10000,9452,548,0.9452,9861,139,0.9861,409
configs/exp4/lirs_lru_arc_lirs.cfg,experiments/data/phases24_c96_seed45.in,LIRS LRU ARC LIRS,4,24 24 24 24,96,10000,9515,485,0.9515,9861,139,0.9861,346
configs/exp4/lirs_lru_arc_lru.cfg,experiments/data/phases24_c96_seed45.in,LIRS LRU ARC LRU,4,24 24 24 24,96,10000,9457,543,0.9457,9861,139,0.9861,404
configs/exp4/lirs_lru_lfu.cfg,experiments/data/phases24_c96_seed45.in,LIRS LRU LFU,3,32 32 32,96,10000,9650,350,0.965,9861,139,0.9861,211
configs/exp4/lirs_lru_lfu_2q.cfg,experiments/data/phases24_c96_seed45.in,LIRS LRU LFU 2Q,4,24 24 24 24,96,10000,9476,524,0.9476,9861,139,0.9861,385
configs/exp4/lirs_lru_lfu_arc.cfg,experiments/data/phases24_c96_seed45.in,LIRS LRU LFU ARC,4,24 24 24 24,96,10000,9456,544,0.9456,9861,139,0.9861,405
configs/exp4/lirs_lru_lfu_lfu.cfg,experiments/data/phases24_c96_seed45.in,LIRS LRU LFU LFU,4,24 24 24 24,96,10000,9440,560,0.944,9861,139,0.9861,421
configs/exp4/lirs_lru_lfu_lirs.cfg,experiments/data/phases24_c96_seed45.in,LIRS LRU LFU LIRS,4,24 24 24 24,96,10000,9528,472,0.9528,9861,139,0.9861,333
configs/exp4/lirs_lru_lfu_lru.cfg,experiments/data/phases24_c96_seed45.in,LIRS LRU LFU LRU,4,24 24 24 24,96,10000,9440,560,0.944,9861,139,0.9861,421
configs/exp4/lirs_lru_lirs.cfg,experiments/data/phases24_c96_seed45.in,LIRS LRU LIRS,3,32 32 32,96,10000,9671,329,0.9671,9861,139,0.9861,190
configs/exp4/lirs_lru_lirs_2q.cfg,experiments/data/phases24_c96_seed45.in,LIRS LRU LIRS 2Q,4,24 24 24 24,96,10000,9531,469,0.9531,9861,139,0.9861,330
configs/exp4/lirs_lru_lirs_arc.cfg,experiments/data/phases24_c96_seed45.in,LIRS LRU LIRS ARC,4,24 24 24 24,96,10000,9525,475,0.9525,9861,139,0.9861,336
configs/exp4/lirs_lru_lirs_lfu.cfg,experiments/data/phases24_c96_seed45.in,LIRS LRU LIRS LFU,4,24 24 24 24,96,10000,9520,480,0.952,9861,139,0.9861,341
configs/exp4/lirs_lru_lirs_lirs.cfg,experiments/data/phases24_c96_seed45.in,LIRS LRU LIRS LIRS,4,24 24 24 24,96,10000,9518,482,0.9518,9861,139,0.9861,343
configs/exp4/lirs_lru_lirs_lru.cfg,experiments/data/phases24_c96_seed45.in,LIRS LRU LIRS LRU,4,24 24 24 24,96,10000,9531,469,0.9531,9861,139,0.9861,330
configs/exp4/lirs_lru_lru.cfg,experiments/data/phases24_c96_seed45.in,LIRS LRU LRU,3,32 32 32,96,10000,9651,349,0.9651,9861,139,0.9861,210
configs/exp4/lirs_lru_lru_2q.cfg,experiments/data/phases24_c96_seed45.in,LIRS LRU LRU 2Q,4,24 24 24 24,96,10000,9446,554,0.9446,9861,139,0.9861,415
configs/exp4/lirs_lru_lru_arc.cfg,experiments/data/phases24_c96_seed45.in,LIRS LRU LRU ARC,4,24 24 24 24,96,10000,9417,583,0.9417,9861,139,0.9861,444
configs/exp4/lirs_lru_lru_lfu.cfg,experiments/data/phases24_c96_seed45.in,LIRS LRU LRU LFU,4,24 24 24 24,96,10000,9400,600,0.94,9861,139,0.9861,461
configs/exp4/lirs_lru_lru_lirs.cfg,experiments/data/phases24_c96_seed45.in,LIRS LRU LRU LIRS,4,24 24 24 24,96,10000,9505,495,0.9505,9861,139,0.9861,356
configs/exp4/lirs_lru_lru_lru.cfg,experiments/data/phases24_c96_seed45.in,LIRS LRU LRU LRU,4,24 24 24 24,96,10000,9400,600,0.94,9861,139,0.9861,461
configs/exp4/lru_2q.cfg,experiments/data/phases24_c96_seed45.in,LRU 2Q,2,48 48,96,10000,9690,310,0.969,9861,139,0.9861,171
configs/exp4/lru_2q_2q.cfg,experiments/data/phases24_c96_seed45.in,LRU 2Q 2Q,3,32 32 32,96,10000,9639,361,0.9639,9861,139,0.9861,222
configs/exp4/lru_2q_2q_2q.cfg,experiments/data/phases24_c96_seed45.in,LRU 2Q 2Q 2Q,4,24 24 24 24,96,10000,9404,596,0.9404,9861,139,0.9861,457
configs/exp4/lru_2q_2q_arc.cfg,experiments/data/phases24_c96_seed45.in,LRU 2Q 2Q ARC,4,24 24 24 24,96,10000,9483,517,0.9483,9861,139,0.9861,378
configs/exp4/lru_2q_2q_lfu.cfg,experiments/data/phases24_c96_seed45.in,LRU 2Q 2Q LFU,4,24 24 24 24,96,10000,9437,563,0.9437,9861,139,0.9861,424
configs/exp4/lru_2q_2q_lirs.cfg,experiments/data/phases24_c96_seed45.in,LRU 2Q 2Q LIRS,4,24 24 24 24,96,10000,9470,530,0.947,9861,139,0.9861,391
configs/exp4/lru_2q_2q_lru.cfg,experiments/data/phases24_c96_seed45.in,LRU 2Q 2Q LRU,4,24 24 24 24,96,10000,9488,512,0.9488,9861,139,0.9861,373
configs/exp4/lru_2q_arc.cfg,experiments/data/phases24_c96_seed45.in,LRU 2Q ARC,3,32 32 32,96,10000,9666,334,0.9666,9861,139,0.9861,195
configs/exp4/lru_2q_arc_2q.cfg,experiments/data/phases24_c96_seed45.in,LRU 2Q ARC 2Q,4,24 24 24 24,96,10000,9450,550,0.945,9861,139,0.9861,411
configs/exp4/lru_2q_arc_arc.cfg,experiments/data/phases24_c96_seed45.in,LRU 2Q ARC ARC,4,24 24 24 24,96,10000,9443,557,0.9443,9861,139,0.9861,418
configs/exp4/lru_2q_arc_lfu.cfg,experiments/data/phases24_c96_seed45.in,LRU 2Q ARC LFU,4,24 24 24 24,96,10000,9461,539,0.9461,9861,139,0.9861,400
configs/exp4/lru_2q_arc_lirs.cfg,experiments/data/phases24_c96_seed45.in,LRU 2Q ARC LIRS,4,24 24 24 24,96,10000,9514,486,0.9514,9861,139,0.9861,347
configs/exp4/lru_2q_arc_lru.cfg,experiments/data/phases24_c96_seed45.in,LRU 2Q ARC LRU,4,24 24 24 24,96,10000,9454,546,0.9454,9861,139,0.9861,407
configs/exp4/lru_2q_lfu.cfg,experiments/data/phases24_c96_seed45.in,LRU 2Q LFU,3,32 32 32,96,10000,9659,341,0.9659,9861,139,0.9861,202
configs/exp4/lru_2q_lfu_2q.cfg,experiments/data/phases24_c96_seed45.in,LRU 2Q LFU 2Q,4,24 24 24 24,96,10000,9459,541,0.9459,9861,139,0.9861,402
configs/exp4/lru_2q_lfu_arc.cfg,experiments/data/phases24_c96_seed45.in,LRU 2Q LFU ARC,4,24 24 24 24,96,10000,9485,515,0.9485,9861,139,0.9861,376
configs/exp4/lru_2q_lfu_lfu.cfg,experiments/data/phases24_c96_seed45.in,LRU 2Q LFU LFU,4,24 24 24 24,96,10000,9429,571,0.9429,9861,139,0.9861,432
configs/exp4/lru_2q_lfu_lirs.cfg,experiments/data/phases24_c96_seed45.in,LRU 2Q LFU LIRS,4,24 24 24 24,96,10000,9506,494,0.9506,9861,139,0.9861,355
configs/exp4/lru_2q_lfu_lru.cfg,experiments/data/phases24_c96_seed45.in,LRU 2Q LFU LRU,4,24 24 24 24,96,10000,9494,506,0.9494,9861,139,0.9861,367
configs/exp4/lru_2q_lirs.cfg,experiments/data/phases24_c96_seed45.in,LRU 2Q LIRS,3,32 32 32,96,10000,9641,359,0.9641,9861,139,0.9861,220
configs/exp4/lru_2q_lirs_2q.cfg,experiments/data/phases24_c96_seed45.in,LRU 2Q LIRS 2Q,4,24 24 24 24,96,10000,9484,516,0.9484,9861,139,0.9861,377
configs/exp4/lru_2q_lirs_arc.cfg,experiments/data/phases24_c96_seed45.in,LRU 2Q LIRS ARC,4,24 24 24 24,96,10000,9543,457,0.9543,9861,139,0.9861,318
configs/exp4/lru_2q_lirs_lfu.cfg,experiments/data/phases24_c96_seed45.in,LRU 2Q LIRS LFU,4,24 24 24 24,96,10000,9499,501,0.9499,9861,139,0.9861,362
configs/exp4/lru_2q_lirs_lirs.cfg,experiments/data/phases24_c96_seed45.in,LRU 2Q LIRS LIRS,4,24 24 24 24,96,10000,9473,527,0.9473,9861,139,0.9861,388
configs/exp4/lru_2q_lirs_lru.cfg,experiments/data/phases24_c96_seed45.in,LRU 2Q LIRS LRU,4,24 24 24 24,96,10000,9528,472,0.9528,9861,139,0.9861,333
configs/exp4/lru_2q_lru.cfg,experiments/data/phases24_c96_seed45.in,LRU 2Q LRU,3,32 32 32,96,10000,9672,328,0.9672,9861,139,0.9861,189
configs/exp4/lru_2q_lru_2q.cfg,experiments/data/phases24_c96_seed45.in,LRU 2Q LRU 2Q,4,24 24 24 24,96,10000,9451,549,0.9451,9861,139,0.9861,410
configs/exp4/lru_2q_lru_arc.cfg,experiments/data/phases24_c96_seed45.in,LRU 2Q LRU ARC,4,24 24 24 24,96,10000,9438,562,0.9438,9861,139,0.9861,423
configs/exp4/lru_2q_lru_lfu.cfg,experiments/data/phases24_c96_seed45.in,LRU 2Q LRU LFU,4,24 24 24 24,96,10000,9420,580,0.942,9861,139,0.9861,441
configs/exp4/lru_2q_lru_lirs.cfg,experiments/data/phases24_c96_seed45.in,LRU 2Q LRU LIRS,4,24 24 24 24,96,10000,9511,489,0.9511,9861,139,0.9861,350
configs/exp4/lru_2q_lru_lru.cfg,experiments/data/phases24_c96_seed45.in,LRU 2Q LRU LRU,4,24 24 24 24,96,10000,9426,574,0.9426,9861,139,0.9861,435
configs/exp4/lru_arc.cfg,experiments/data/phases24_c96_seed45.in,LRU ARC,2,48 48,96,10000,9697,303,0.9697,9861,139,0.9861,164
configs/exp4/lru_arc_2q.cfg,experiments/data/phases24_c96_seed45.in,LRU ARC 2Q,3,32 32 32,96,10000,9644,356,0.9644,9861,139,0.9861,217
configs/exp4/lru_arc_2q_2q.cfg,experiments/data/phases24_c96_seed45.in,LRU ARC 2Q 2Q,4,24 24 24 24,96,10000,9414,586,0.9414,9861,139,0.9861,447
configs/exp4/lru_arc_2q_arc.cfg,experiments/data/phases24_c96_seed45.in,LRU ARC 2Q ARC,4,24 24 24 24,96,10000,9468,532,0.9468,9861,139,0.9861,393
configs/exp4/lru_arc_2q_lfu.cfg,experiments/data/phases24_c96_seed45.in,LRU ARC 2Q LFU,4,24 24 24 24,96,10000,9442,558,0.9442,9861,139,0.9861,419
configs/exp4/lru_arc_2q_lirs.cfg,experiments/data/phases24_c96_seed45.in,LRU ARC 2Q LIRS,4,24 24 24 24,96,10000,9504,496,0.9504,9861,139,0.9861,357
configs/exp4/lru_arc_2q_lru.cfg,experiments/data/phases24_c96_seed45.in,LRU ARC 2Q LRU,4,24 24 24 24,96,10000,9477,523,0.9477,9861,139,0.9861,384
configs/exp4/lru_arc_arc.cfg,experiments/data/phases24_c96_seed45.in,LRU ARC ARC,3,32 32 32,96,10000,9643,357,0.9643,9861,139,0.9861,218
configs/exp4/lru_arc_arc_2q.cfg,experiments/data/phases24_c96_seed45.in,LRU ARC ARC 2Q,4,24 24 24 24,96,10000,9422,578,0.9422,9861,139,0.9861,439
configs/exp4/lru_arc_arc_arc.cfg,experiments/data/phases24_c96_seed45.in,LRU ARC ARC ARC,4,24 24 24 24,96,10000,9407,593,0.9407,9861,139,0.9861,454
configs/exp4/lru_arc_arc_lfu.cfg,experiments/data/phases24_c96_seed45.in,LRU ARC ARC LFU,4,24 24 24 24,96,10000,9414,586,0.9414,9861,139,0.9861,447
configs/exp4/lru_arc_arc_lirs.cfg,experiments/data/phases24_c96_seed45.in,LRU ARC ARC LIRS,4,24 24 24 24,96,10000,9495,505,0.9495,9861,139,0.9861,366
configs/exp4/lru_arc_arc_lru.cfg,experiments/data/phases24_c96_seed45.in,LRU ARC ARC LRU,4,24 24 24 24,96,10000,9419,581,0.9419,9861,139,0.9861,442
configs/exp4/lru_arc_lfu.cfg,experiments/data/phases24_c96_seed45.in,LRU ARC LFU,3,32 32 32,96,10000,9652,348,0.9652,9861,139,0.9861,209
configs/exp4/lru_arc_lfu_2q.cfg,experiments/data/phases24_c96_seed45.in,LRU ARC LFU 2Q,4,24 24 24 24,96,10000,9461,539,0.9461,9861,139,0.9861,400
configs/exp4/lru_arc_lfu_arc.cfg,experiments/data/phases24_c96_seed45.in,LRU ARC LFU ARC,4,24 24 24 24,96,10000,9456,544,0.9456,9861,139,0.9861,405
configs/exp4/lru_arc_lfu_lfu.cfg,experiments/data/phases24_c96_seed45.in,LRU ARC LFU LFU,4,24 24 24 24,96,10000,9446,554,0.9446,9861,139,0.9861,415
configs/exp4/lru_arc_lfu_lirs.cfg,experiments/data/phases24_c96_seed45.in,LRU ARC LFU LIRS,4,24 24 24 24,96,10000,9526,474,0.9526,9861,139,0.9861,335
configs/exp4/lru_arc_lfu_lru.cfg,experiments/data/phases24_c96_seed45.in,LRU ARC LFU LRU,4,24 24 24 24,96,10000,9470,530,0.947,9861,139,0.9861,391
configs/exp4/lru_arc_lirs.cfg,experiments/data/phases24_c96_seed45.in,LRU ARC LIRS,3,32 32 32,96,10000,9645,355,0.9645,9861,139,0.9861,216
configs/exp4/lru_arc_lirs_2q.cfg,experiments/data/phases24_c96_seed45.in,LRU ARC LIRS 2Q,4,24 24 24 24,96,10000,9496,504,0.9496,9861,139,0.9861,365
configs/exp4/lru_arc_lirs_arc.cfg,experiments/data/phases24_c96_seed45.in,LRU ARC LIRS ARC,4,24 24 24 24,96,10000,9532,468,0.9532,9861,139,0.9861,329
configs/exp4/lru_arc_lirs_lfu.cfg,experiments/data/phases24_c96_seed45.in,LRU ARC LIRS LFU,4,24 24 24 24,96,10000,9508,492,0.9508,9861,139,0.9861,353
configs/exp4/lru_arc_lirs_lirs.cfg,experiments/data/phases24_c96_seed45.in,LRU ARC LIRS LIRS,4,24 24 24 24,96,10000,9484,516,0.9484,9861,139,0.9861,377
configs/exp4/lru_arc_lirs_lru.cfg,experiments/data/phases24_c96_seed45.in,LRU ARC LIRS LRU,4,24 24 24 24,96,10000,9516,484,0.9516,9861,139,0.9861,345
configs/exp4/lru_arc_lru.cfg,experiments/data/phases24_c96_seed45.in,LRU ARC LRU,3,32 32 32,96,10000,9647,353,0.9647,9861,139,0.9861,214
configs/exp4/lru_arc_lru_2q.cfg,experiments/data/phases24_c96_seed45.in,LRU ARC LRU 2Q,4,24 24 24 24,96,10000,9434,566,0.9434,9861,139,0.9861,427
configs/exp4/lru_arc_lru_arc.cfg,experiments/data/phases24_c96_seed45.in,LRU ARC LRU ARC,4,24 24 24 24,96,10000,9409,591,0.9409,9861,139,0.9861,452
configs/exp4/lru_arc_lru_lfu.cfg,experiments/data/phases24_c96_seed45.in,LRU ARC LRU LFU,4,24 24 24 24,96,10000,9395,605,0.9395,9861,139,0.9861,466
configs/exp4/lru_arc_lru_lirs.cfg,experiments/data/phases24_c96_seed45.in,LRU ARC LRU LIRS,4,24 24 24 24,96,10000,9511,489,0.9511,9861,139,0.9861,350
configs/exp4/lru_arc_lru_lru.cfg,experiments/data/phases24_c96_seed45.in,LRU ARC LRU LRU,4,24 24 24 24,96,10000,9396,604,0.9396,9861,139,0.9861,465
configs/exp4/lru_lfu.cfg,experiments/data/phases24_c96_seed45.in,LRU LFU,2,48 48,96,10000,9689,311,0.9689,9861,139,0.9861,172
configs/exp4/lru_lfu_2q.cfg,experiments/data/phases24_c96_seed45.in,LRU LFU 2Q,3,32 32 32,96,10000,9676,324,0.9676,9861,139,0.9861,185
configs/exp4/lru_lfu_2q_2q.cfg,experiments/data/phases24_c96_seed45.in,LRU LFU 2Q 2Q,4,24 24 24 24,96,10000,9484,516,0.9484,9861,139,0.9861,377
configs/exp4/lru_lfu_2q_arc.cfg,experiments/data/phases24_c96_seed45.in,LRU LFU 2Q ARC,4,24 24 24 24,96,10000,9514,486,0.9514,9861,139,0.9861,347
configs/exp4/lru_lfu_2q_lfu.cfg,experiments/data/phases24_c96_seed45.in,LRU LFU 2Q LFU,4,24 24 24 24,96,10000,9466,534,0.9466,9861,139,0.9861,395
configs/exp4/lru_lfu_2q_lirs.cfg,experiments/data/phases24_c96_seed45.in,LRU LFU 2Q LIRS,4,24 24 24 24,96,10000,9532,468,0.9532,9861,139,0.9861,329
configs/exp4/lru_lfu_2q_lru.cfg,experiments/data/phases24_c96_seed45.in,LRU LFU 2Q LRU,4,24 24 24 24,96,10000,9527,473,0.9527,9861,139,0.9861,334
configs/exp4/lru_lfu_arc.cfg,experiments/data/phases24_c96_seed45.in,LRU LFU ARC,3,32 32 32,96,10000,9691,309,0.9691,9861,139,0.9861,170
configs/exp4/lru_lfu_arc_2q.cfg,experiments/data/phases24_c96_seed45.in,LRU LFU ARC 2Q,4,24 24 24 24,96,10000,9496,504,0.9496,9861,139,0.9861,365
configs/exp4/lru_lfu_arc_arc.cfg,experiments/data/phases24_c96_seed45.in,LRU LFU ARC ARC,4,24 24 24 24,96,10000,9499,501,0.9499,9861,139,0.9861,362
configs/exp4/lru_lfu_arc_lfu.cfg,experiments/data/phases24_c96_seed45.in,LRU LFU ARC LFU,4,24 24 24 24,96,10000,9493,507,0.9493,9861,139,0.9861,368
configs/exp4/lru_lfu_arc_lirs.cfg,experiments/data/phases24_c96_seed45.in,LRU LFU ARC LIRS,4,24 24 24 24,96,10000,9551,449,0.9551,9861,139,0.9861,310
configs/exp4/lru_lfu_arc_lru.cfg,experiments/data/phases24_c96_seed45.in,LRU LFU ARC LRU,4,24 24 24 24,96,10000,9510,490,0.951,9861,139,0.9861,351
configs/exp4/lru_lfu_lfu.cfg,experiments/data/phases24_c96_seed45.in,LRU LFU LFU,3,32 32 32,96,10000,9688,312,0.9688,9861,139,0.9861,173
configs/exp4/lru_lfu_lfu_2q.cfg,experiments/data/phases24_c96_seed45.in,LRU LFU LFU 2Q,4,24 24 24 24,96,10000,9500,500,0.95,9861,139,0.9861,361
configs/exp4/lru_lfu_lfu_arc.cfg,experiments/data/phases24_c96_seed45.in,LRU LFU LFU ARC,4,24 24 24 24,96,10000,9525,475,0.9525,9861,139,0.9861,336
configs/exp4/lru_lfu_lfu_lfu.cfg,experiments/data/phases24_c96_seed45.in,LRU LFU LFU LFU,4,24 24 24 24,96,10000,9236,764,0.9236,9861,139,0.9861,625
configs/exp4/lru_lfu_lfu_lirs.cfg,experiments/data/phases24_c96_seed45.in,LRU LFU LFU LIRS,4,24 24 24 24,96,10000,9554,446,0.9554,9861,139,0.9861,307
configs/exp4/lru_lfu_lfu_lru.cfg,experiments/data/phases24_c96_seed45.in,LRU LFU LFU LRU,4,24 24 24 24,96,10000,9476,524,0.9476,9861,139,0.9861,385
configs/exp4/lru_lfu_lirs.cfg,experiments/data/phases24_c96_seed45.in,LRU LFU LIRS,3,32 32 32,96,10000,9675,325,0.9675,9861,139,0.9861,186
configs/exp4/lru_lfu_lirs_2q.cfg,experiments/data/phases24_c96_seed45.in,LRU LFU LIRS 2Q,4,24 24 24 24,96,10000,9555,445,0.9555,9861,139,0.9861,306
configs/exp4/lru_lfu_lirs_arc.cfg,experiments/data/phases24_c96_seed45.in,LRU LFU LIRS ARC,4,24 24 24 24,96,10000,9596,404,0.9596,9861,139,0.9861,265
configs/exp4/lru_lfu_lirs_lfu.cfg,experiments/data/phases24_c96_seed45.in,LRU LFU LIRS LFU,4,24 24 24 24,96,10000,9545,455,0.9545,9861,139,0.9861,316
configs/exp4/lru_lfu_lirs_lirs.cfg,experiments/data/phases24_c96_seed45.in,LRU LFU LIRS LIRS,4,24 24 24 24,96,10000,9555,445,0.9555,9861,139,0.9861,306
configs/exp4/lru_lfu_lirs_lru.cfg,experiments/data/phases24_c96_seed45.in,LRU LFU LIRS LRU,4,24 24 24 24,96,10000,9602,398,0.9602,9861,139,0.9861,259
configs/exp4/lru_lfu_lru.cfg,experiments/data/phases24_c96_seed45.in,LRU LFU LRU,3,32 32 32,96,10000,9694,306,0.9694,9861,139,0.9861,167
configs/exp4/lru_lfu_lru_2q.cfg,experiments/data/phases24_c96_seed45.in,LRU LFU LRU 2Q,4,24 24 24 24,96,10000,9419,581,0.9419,9861,139,0.9861,442
configs/exp4/lru_lfu_lru_arc.cfg,experiments/data/phases24_c96_seed45.in,LRU LFU LRU ARC,4,24 24 24 24,96,10000,9457,543,0.9457,9861,139,0.9861,404
configs/exp4/lru_lfu_lru_lfu.cfg,experiments/data/phases24_c96_seed45.in,LRU LFU LRU LFU,4,24 24 24 24,96,10000,9401,599,0.9401,9861,139,0.9861,460
configs/exp4/lru_lfu_lru_lirs.cfg,experiments/data/phases24_c96_seed45.in,LRU LFU LRU LIRS,4,24 24 24 24,96,10000,9536,464,0.9536,9861,139,0.9861,325
configs/exp4/lru_lfu_lru_lru.cfg,experiments/data/phases24_c96_seed45.in,LRU LFU LRU LRU,4,24 24 24 24,96,10000,9410,590,0.941,9861,139,0.9861,451
configs/exp4/lru_lirs.cfg,experiments/data/phases24_c96_seed45.in,LRU LIRS,2,48 48,96,10000,9693,307,0.9693,9861,139,0.9861,168
configs/exp4/lru_lirs_2q.cfg,experiments/data/phases24_c96_seed45.in,LRU LIRS 2Q,3,32 32 32,96,10000,9643,357,0.9643,9861,139,0.9861,218
configs/exp4/lru_lirs_2q_2q.cfg,experiments/data/phases24_c96_seed45.in,LRU LIRS 2Q 2Q,4,24 24 24 24,96,10000,9464,536,0.9464,9861,139,0.9861,397
configs/exp4/lru_lirs_2q_arc.cfg,experiments/data/phases24_c96_seed45.in,LRU LIRS 2Q ARC,4,24 24 24 24,96,10000,9531,469,0.9531,9861,139,0.9861,330
configs/exp4/lru_lirs_2q_lfu.cfg,experiments/data/phases24_c96_seed45.in,LRU LIRS 2Q LFU,4,24 24 24 24,96,10000,9490,510,0.949,9861,139,0.9861,371
configs/exp4/lru_lirs_2q_lirs.cfg,experiments/data/phases24_c96_seed45.in,LRU LIRS 2Q LIRS,4,24 24 24 24,96,10000,9503,497,0.9503,9861,139,0.9861,358
configs/exp4/lru_lirs_2q_lru.cfg,experiments/data/phases24_c96_seed45.in,LRU LIRS 2Q LRU,4,24 24 24 24,96,10000,9525,475,0.9525,9861,139,0.9861,336
configs/exp4/lru_lirs_arc.cfg,experiments/data/phases24_c96_seed45.in,LRU LIRS ARC,3,32 32 32,96,10000,9673,327,0.9673,9861,139,0.9861,188
configs/exp4/lru_lirs_arc_2q.cfg,experiments/data/phases24_c96_seed45.in,LRU LIRS ARC 2Q,4,24 24 24 24,96,10000,9534,466,0.9534,9861,139,0.9861,327
configs/exp4/lru_lirs_arc_arc.cfg,experiments/data/phases24_c96_seed45.in,LRU LIRS ARC ARC,4,24 24 24 24,96,10000,9537,463,0.9537,9861,139,0.9861,324
configs/exp4/lru_lirs_arc_lfu.cfg,experiments/data/phases24_c96_seed45.in,LRU LIRS ARC LFU,4,24 24 24 24,96,10000,9524,476,0.9524,9861,139,0.9861,337
configs/exp4/lru_lirs_arc_lirs.cfg,experiments/data/phases24_c96_seed45.in,LRU LIRS ARC LIRS,4,24 24 24 24,96,10000,9567,433,0.9567,9861,139,0.9861,294
configs/exp4/lru_lirs_arc_lru.cfg,experiments/data/phases24_c96_seed45.in,LRU LIRS ARC LRU,4,24 24 24 24,96,10000,9510,490,0.951,9861,139,0.9861,351
configs/exp4/lru_lirs_lfu.cfg,experiments/data/phases24_c96_seed45.in,LRU LIRS LFU,3,32 32 32,96,10000,9663,337,0.9663,9861,139,0.9861,198
configs/exp4/lru_lirs_lfu_2q.cfg,experiments/data/phases24_c96_seed45.in,LRU LIRS LFU 2Q,4,24 24 24 24,96,10000,9541,459,0.9541,9861,139,0.9861,320
configs/exp4/lru_lirs_lfu_arc.cfg,experiments/data/phases24_c96_seed45.in,LRU LIRS LFU ARC,4,24 24 24 24,96,10000,9569,431,0.9569,9861,139,0.9861,292
configs/exp4/lru_lirs_lfu_lfu.cfg,experiments/data/phases24_c96_seed45.in,LRU LIRS LFU LFU,4,24 24 24 24,96,10000,9515,485,0.9515,9861,139,0.9861,346
configs/exp4/lru_lirs_lfu_lirs.cfg,experiments/data/phases24_c96_seed45.in,LRU LIRS LFU LIRS,4,24 24 24 24,96,10000,9555,445,0.9555,9861,139,0.9861,306
configs/exp4/lru_lirs_lfu_lru.cfg,experiments/data/phases24_c96_seed45.in,LRU LIRS LFU LRU,4,24 24 24 24,96,10000,9574,426,0.9574,9861,139,0.9861,287
configs/exp4/lru_lirs_lirs.cfg,experiments/data/phases24_c96_seed45.in,LRU LIRS LIRS,3,32 32 32,96,10000,9621,379,0.9621,9861,139,0.9861,240
configs/exp4/lru_lirs_lirs_2q.cfg,experiments/data/phases24_c96_seed45.in,LRU LIRS LIRS 2Q,4,24 24 24 24,96,10000,9505,495,0.9505,9861,139,0.9861,356
configs/exp4/lru_lirs_lirs_arc.cfg,experiments/data/phases24_c96_seed45.in,LRU LIRS LIRS ARC,4,24 24 24 24,96,10000,9569,431,0.9569,9861,139,0.9861,292
configs/exp4/lru_lirs_lirs_lfu.cfg,experiments/data/phases24_c96_seed45.in,LRU LIRS LIRS LFU,4,24 24 24 24,96,10000,9529,471,0.9529,9861,139,0.9861,332
configs/exp4/lru_lirs_lirs_lirs.cfg,experiments/data/phases24_c96_seed45.in,LRU LIRS LIRS LIRS,4,24 24 24 24,96,10000,9474,526,0.9474,9861,139,0.9861,387
configs/exp4/lru_lirs_lirs_lru.cfg,experiments/data/phases24_c96_seed45.in,LRU LIRS LIRS LRU,4,24 24 24 24,96,10000,9556,444,0.9556,9861,139,0.9861,305
configs/exp4/lru_lirs_lru.cfg,experiments/data/phases24_c96_seed45.in,LRU LIRS LRU,3,32 32 32,96,10000,9669,331,0.9669,9861,139,0.9861,192
configs/exp4/lru_lirs_lru_2q.cfg,experiments/data/phases24_c96_seed45.in,LRU LIRS LRU 2Q,4,24 24 24 24,96,10000,9515,485,0.9515,9861,139,0.9861,346
configs/exp4/lru_lirs_lru_arc.cfg,experiments/data/phases24_c96_seed45.in,LRU LIRS LRU ARC,4,24 24 24 24,96,10000,9504,496,0.9504,9861,139,0.9861,357
configs/exp4/lru_lirs_lru_lfu.cfg,experiments/data/phases24_c96_seed45.in,LRU LIRS LRU LFU,4,24 24 24 24,96,10000,9489,511,0.9489,9861,139,0.9861,372
configs/exp4/lru_lirs_lru_lirs.cfg,experiments/data/phases24_c96_seed45.in,LRU LIRS LRU LIRS,4,24 24 24 24,96,10000,9550,450,0.955,9861,139,0.9861,311
configs/exp4/lru_lirs_lru_lru.cfg,experiments/data/phases24_c96_seed45.in,LRU LIRS LRU LRU,4,24 24 24 24,96,10000,9489,511,0.9489,9861,139,0.9861,372
configs/exp4/lru_lru_2q.cfg,experiments/data/phases24_c96_seed45.in,LRU LRU 2Q,3,32 32 32,96,10000,9659,341,0.9659,9861,139,0.9861,202
configs/exp4/lru_lru_2q_2q.cfg,experiments/data/phases24_c96_seed45.in,LRU LRU 2Q 2Q,4,24 24 24 24,96,10000,9324,676,0.9324,9861,139,0.9861,537
configs/exp4/lru_lru_2q_arc.cfg,experiments/data/phases24_c96_seed45.in,LRU LRU 2Q ARC,4,24 24 24 24,96,10000,9406,594,0.9406,9861,139,0.9861,455
configs/exp4/lru_lru_2q_lfu.cfg,experiments/data/phases24_c96_seed45.in,LRU LRU 2Q LFU,4,24 24 24 24,96,10000,9324,676,0.9324,9861,139,0.9861,537
configs/exp4/lru_lru_2q_lirs.cfg,experiments/data/phases24_c96_seed45.in,LRU LRU 2Q LIRS,4,24 24 24 24,96,10000,9493,507,0.9493,9861,139,0.9861,368
configs/exp4/lru_lru_2q_lru.cfg,experiments/data/phases24_c96_seed45.in,LRU LRU 2Q LRU,4,24 24 24 24,96,10000,9393,607,0.9393,9861,139,0.9861,468
configs/exp4/lru_lru_arc.cfg,experiments/data/phases24_c96_seed45.in,LRU LRU ARC,3,32 32 32,96,10000,9639,361,0.9639,9861,139,0.9861,222
configs/exp4/lru_lru_arc_2q.cfg,experiments/data/phases24_c96_seed45.in,LRU LRU ARC 2Q,4,24 24 24 24,96,10000,9382,618,0.9382,9861,139,0.9861,479
configs/exp4/lru_lru_arc_arc.cfg,experiments/data/phases24_c96_seed45.in,LRU LRU ARC ARC,4,24 24 24 24,96,10000,9354,646,0.9354,9861,139,0.9861,507
configs/exp4/lru_lru_arc_lfu.cfg,experiments/data/phases24_c96_seed45.in,LRU LRU ARC LFU,4,24 24 24 24,96,10000,9356,644,0.9356,9861,139,0.9861,505
configs/exp4/lru_lru_arc_lirs.cfg,experiments/data/phases24_c96_seed45.in,LRU LRU ARC LIRS,4,24 24 24 24,96,10000,9459,541,0.9459,9861,139,0.9861,402
configs/exp4/lru_lru_arc_lru.cfg,experiments/data/phases24_c96_seed45.in,LRU LRU ARC LRU,4,24 24 24 24,96,10000,9357,643,0.9357,9861,139,0.9861,504
configs/exp4/lru_lru_lfu.cfg,experiments/data/phases24_c96_seed45.in,LRU LRU LFU,3,32 32 32,96,10000,9635,365,0.9635,9861,139,0.9861,226
configs/exp4/lru_lru_lfu_2q.cfg,experiments/data/phases24_c96_seed45.in,LRU LRU LFU 2Q,4,24 24 24 24,96,10000,9352,648,0.9352,9861,139,0.9861,509
configs/exp4/lru_lru_lfu_arc.cfg,experiments/data/phases24_c96_seed45.in,LRU LRU LFU ARC,4,24 24 24 24,96,10000,9353,647,0.9353,9861,139,0.9861,508
configs/exp4/lru_lru_lfu_lfu.cfg,experiments/data/phases24_c96_seed45.in,LRU LRU LFU LFU,4,24 24 24 24,96,10000,9279,721,0.9279,9861,139,0.9861,582
configs/exp4/lru_lru_lfu_lirs.cfg,experiments/data/phases24_c96_seed45.in,LRU LRU LFU LIRS,4,24 24 24 24,96,10000,9467,533,0.9467,9861,139,0.9861,394
configs/exp4/lru_lru_lfu_lru.cfg,experiments/data/phases24_c96_seed45.in,LRU LRU LFU LRU,4,24 24 24 24,96,10000,9300,700,0.93,9861,139,0.9861,561
configs/exp4/lru_lru_lirs.cfg,experiments/data/phases24_c96_seed45.in,LRU LRU LIRS,3,32 32 32,96,10000,9657,343,0.9657,9861,139,0.9861,204
configs/exp4/lru_lru_lirs_2q.cfg,experiments/data/phases24_c96_seed45.in,LRU LRU LIRS 2Q,4,24 24 24 24,96,10000,9461,539,0.9461,9861,139,0.9861,400
configs/exp4/lru_lru_lirs_arc.cfg,experiments/data/phases24_c96_seed45.in,LRU LRU LIRS ARC,4,24 24 24 24,96,10000,9504,496,0.9504,9861,139,0.9861,357
configs/exp4/lru_lru_lirs_lfu.cfg,experiments/data/phases24_c96_seed45.in,LRU LRU LIRS LFU,4,24 24 24 24,96,10000,9460,540,0.946,9861,139,0.9861,401
configs/exp4/lru_lru_lirs_lirs.cfg,experiments/data/phases24_c96_seed45.in,LRU LRU LIRS LIRS,4,24 24 24 24,96,10000,9487,513,0.9487,9861,139,0.9861,374
configs/exp4/lru_lru_lirs_lru.cfg,experiments/data/phases24_c96_seed45.in,LRU LRU LIRS LRU,4,24 24 24 24,96,10000,9476,524,0.9476,9861,139,0.9861,385
configs/exp4/lru_lru_lru_2q.cfg,experiments/data/phases24_c96_seed45.in,LRU LRU LRU 2Q,4,24 24 24 24,96,10000,9317,683,0.9317,9861,139,0.9861,544
configs/exp4/lru_lru_lru_arc.cfg,experiments/data/phases24_c96_seed45.in,LRU LRU LRU ARC,4,24 24 24 24,96,10000,9292,708,0.9292,9861,139,0.9861,569
configs/exp4/lru_lru_lru_lfu.cfg,experiments/data/phases24_c96_seed45.in,LRU LRU LRU LFU,4,24 24 24 24,96,10000,9259,741,0.9259,9861,139,0.9861,602
configs/exp4/lru_lru_lru_lirs.cfg,experiments/data/phases24_c96_seed45.in,LRU LRU LRU LIRS,4,24 24 24 24,96,10000,9444,556,0.9444,9861,139,0.9861,417
