config,input,policies,levels,capacities,total_capacity,requests,system_hits,source_loads,hit_rate,ideal_hits,ideal_source_loads,ideal_hit_rate,excess_source_loads
configs/exp4/2q_2q_2q_arc.cfg,experiments/data/hot8_scan_c12_seed42.in,2Q 2Q 2Q ARC,4,3 3 3 3,12,10000,5133,4867,0.5133,7992,2008,0.7992,2859
configs/exp4/2q_2q_2q_lfu.cfg,experiments/data/hot8_scan_c12_seed42.in,2Q 2Q 2Q LFU,4,3 3 3 3,12,10000,5239,4761,0.5239,7992,2008,0.7992,2753
configs/exp4/2q_2q_2q_lirs.cfg,experiments/data/hot8_scan_c12_seed42.in,2Q 2Q 2Q LIRS,4,3 3 3 3,12,10000,5270,4730,0.527,7992,2008,0.7992,2722
configs/exp4/2q_2q_2q_lru.cfg,experiments/data/hot8_scan_c12_seed42.in,2Q 2Q 2Q LRU,4,3 3 3 3,12,10000,5139,4861,0.5139,7992,2008,0.7992,2853
configs/exp4/2q_2q_arc.cfg,experiments/data/hot8_scan_c12_seed42.in,2Q 2Q ARC,3,4 4 4,12,10000,5803,4197,0.5803,7992,2008,0.7992,2189
configs/exp4/2q_2q_arc_2q.cfg,experiments/data/hot8_scan_c12_seed42.in,2Q 2Q ARC 2Q,4,3 3 3 3,12,10000,5394,4606,0.5394,7992,2008,0.7992,2598
configs/exp4/2q_2q_arc_arc.cfg,experiments/data/hot8_scan_c12_seed42.in,2Q 2Q ARC ARC,4,3 3 3 3,12,10000,5114,4886,0.5114,7992,2008,0.7992,2878
configs/exp4/2q_2q_arc_lfu.cfg,experiments/data/hot8_scan_c12_seed42.in,2Q 2Q ARC LFU,4,3 3 3 3,12,10000,5543,4457,0.5543,7992,2008,0.7992,2449
configs/exp4/2q_2q_arc_lirs.cfg,experiments/data/hot8_scan_c12_seed42.in,2Q 2Q ARC LIRS,4,3 3 3 3,12,10000,5423,4577,0.5423,7992,2008,0.7992,2569
configs/exp4/2q_2q_arc_lru.cfg,experiments/data/hot8_scan_c12_seed42.in,2Q 2Q ARC LRU,4,3 3 3 3,12,10000,5135,4865,0.5135,7992,2008,0.7992,2857
configs/exp4/2q_2q_lfu.cfg,experiments/data/hot8_scan_c12_seed42.in,2Q 2Q LFU,3,4 4 4,12,10000,5987,4013,0.5987,7992,2008,0.7992,2005
configs/exp4/2q_2q_lfu_2q.cfg,experiments/data/hot8_scan_c12_seed42.in,2Q 2Q LFU 2Q,4,3 3 3 3,12,10000,5631,4369,0.5631,7992,2008,0.7992,2361
configs/exp4/2q_2q_lfu_arc.cfg,experiments/data/hot8_scan_c12_seed42.in,2Q 2Q LFU ARC,4,3 3 3 3,12,10000,5833,4167,0.5833,7992,2008,0.7992,2159
configs/exp4/2q_2q_lfu_lfu.cfg,experiments/data/hot8_scan_c12_seed42.in,2Q 2Q LFU LFU,4,3 3 3 3,12,10000,5916,4084,0.5916,7992,2008,0.7992,2076
configs/exp4/2q_2q_lfu_lirs.cfg,experiments/data/hot8_scan_c12_seed42.in,2Q 2Q LFU LIRS,4,3 3 3 3,12,10000,5925,4075,0.5925,7992,2008,0.7992,2067
configs/exp4/2q_2q_lfu_lru.cfg,experiments/data/hot8_scan_c12_seed42.in,2Q 2Q LFU LRU,4,3 3 3 3,12,10000,5697,4303,0.5697,7992,2008,0.7992,2295
configs/exp4/2q_2q_lirs.cfg,experiments/data/hot8_scan_c12_seed42.in,2Q 2Q LIRS,3,4 4 4,12,10000,5848,4152,0.5848,7992,2008,0.7992,2144
configs/exp4/2q_2q_lirs_2q.cfg,experiments/data/hot8_scan_c12_seed42.in,2Q 2Q LIRS 2Q,4,3 3 3 3,12,10000,5383,4617,0.5383,7992,2008,0.7992,2609
configs/exp4/2q_2q_lirs_arc.cfg,experiments/data/hot8_scan_c12_seed42.in,2Q 2Q LIRS ARC,4,3 3 3 3,12,10000,5380,4620,0.538,7992,2008,0.7992,2612
configs/exp4/2q_2q_lirs_lfu.cfg,experiments/data/hot8_scan_c12_seed42.in,2Q 2Q LIRS LFU,4,3 3 3 3,12,10000,5638,4362,0.5638,7992,2008,0.7992,2354
configs/exp4/2q_2q_lirs_lirs.cfg,experiments/data/hot8_scan_c12_seed42.in,2Q 2Q LIRS LIRS,4,3 3 3 3,12,10000,5175,4825,0.5175,7992,2008,0.7992,2817
configs/exp4/2q_2q_lirs_lru.cfg,experiments/data/hot8_scan_c12_seed42.in,2Q 2Q LIRS LRU,4,3 3 3 3,12,10000,5424,4576,0.5424,7992,2008,0.7992,2568
configs/exp4/2q_2q_lru.cfg,experiments/data/hot8_scan_c12_seed42.in,2Q 2Q LRU,3,4 4 4,12,10000,5867,4133,0.5867,7992,2008,0.7992,2125
configs/exp4/2q_2q_lru_2q.cfg,experiments/data/hot8_scan_c12_seed42.in,2Q 2Q LRU 2Q,4,3 3 3 3,12,10000,5495,4505,0.5495,7992,2008,0.7992,2497
configs/exp4/2q_2q_lru_arc.cfg,experiments/data/hot8_scan_c12_seed42.in,2Q 2Q LRU ARC,4,3 3 3 3,12,10000,5299,4701,0.5299,7992,2008,0.7992,2693
configs/exp4/2q_2q_lru_lfu.cfg,experiments/data/hot8_scan_c12_seed42.in,2Q 2Q LRU LFU,4,3 3 3 3,12,10000,5474,4526,0.5474,7992,2008,0.7992,2518
configs/exp4/2q_2q_lru_lirs.cfg,experiments/data/hot8_scan_c12_seed42.in,2Q 2Q LRU LIRS,4,3 3 3 3,12,10000,5521,4479,0.5521,7992,2008,0.7992,2471
configs/exp4/2q_2q_lru_lru.cfg,experiments/data/hot8_scan_c12_seed42.in,2Q 2Q LRU LRU,4,3 3 3 3,12,10000,4777,5223,0.4777,7992,2008,0.7992,3215
configs/exp4/2q_arc.cfg,experiments/data/hot8_scan_c12_seed42.in,2Q ARC,2,6 6,12,10000,6915,3085,0.6915,7992,2008,0.7992,1077
configs/exp4/2q_arc_2q.cfg,experiments/data/hot8_scan_c12_seed42.in,2Q ARC 2Q,3,4 4 4,12,10000,5861,4139,0.5861,7992,2008,0.7992,2131
configs/exp4/2q_arc_2q_2q.cfg,experiments/data/hot8_scan_c12_seed42.in,2Q ARC 2Q 2Q,4,3 3 3 3,12,10000,5277,4723,0.5277,7992,2008,0.7992,2715
configs/exp4/2q_arc_2q_arc.cfg,experiments/data/hot8_scan_c12_seed42.in,2Q ARC 2Q ARC,4,3 3 3 3,12,10000,5398,4602,0.5398,7992,2008,0.7992,2594
configs/exp4/2q_arc_2q_lfu.cfg,experiments/data/hot8_scan_c12_seed42.in,2Q ARC 2Q LFU,4,3 3 3 3,12,10000,5550,4450,0.555,7992,2008,0.7992,2442
configs/exp4/2q_arc_2q_lirs.cfg,experiments/data/hot8_scan_c12_seed42.in,2Q ARC 2Q LIRS,4,3 3 3 3,12,10000,5602,4398,0.5602,7992,2008,0.7992,2390
configs/exp4/2q_arc_2q_lru.cfg,experiments/data/hot8_scan_c12_seed42.in,2Q ARC 2Q LRU,4,3 3 3 3,12,10000,5267,4733,0.5267,7992,2008,0.7992,2725
configs/exp4/2q_arc_arc.cfg,experiments/data/hot8_scan_c12_seed42.in,2Q ARC ARC,3,4 4 4,12,10000,5466,4534,0.5466,7992,2008,0.7992,2526
configs/exp4/2q_arc_arc_2q.cfg,experiments/data/hot8_scan_c12_seed42.in,2Q ARC ARC 2Q,4,3 3 3 3,12,10000,5153,4847,0.5153,7992,2008,0.7992,2839
configs/exp4/2q_arc_arc_arc.cfg,experiments/data/hot8_scan_c12_seed42.in,2Q ARC ARC ARC,4,3 3 3 3,12,10000,4635,5365,0.4635,7992,2008,0.7992,3357
configs/exp4/2q_arc_arc_lfu.cfg,experiments/data/hot8_scan_c12_seed42.in,2Q ARC ARC LFU,4,3 3 3 3,12,10000,5214,4786,0.5214,7992,2008,0.7992,2778
configs/exp4/2q_arc_arc_lirs.cfg,experiments/data/hot8_scan_c12_seed42.in,2Q ARC ARC LIRS,4,3 3 3 3,12,10000,5058,4942,0.5058,7992,2008,0.7992,2934
configs/exp4/2q_arc_arc_lru.cfg,experiments/data/hot8_scan_c12_seed42.in,2Q ARC ARC LRU,4,3 3 3 3,12,10000,4670,5330,0.467,7992,2008,0.7992,3322
configs/exp4/2q_arc_lfu.cfg,experiments/data/hot8_scan_c12_seed42.in,2Q ARC LFU,3,4 4 4,12,10000,6084,3916,0.6084,7992,2008,0.7992,1908
configs/exp4/2q_arc_lfu_2q.cfg,experiments/data/hot8_scan_c12_seed42.in,2Q ARC LFU 2Q,4,3 3 3 3,12,10000,5819,4181,0.5819,7992,2008,0.7992,2173
configs/exp4/2q_arc_lfu_arc.cfg,experiments/data/hot8_scan_c12_seed42.in,2Q ARC LFU ARC,4,3 3 3 3,12,10000,5572,4428,0.5572,7992,2008,0.7992,2420
configs/exp4/2q_arc_lfu_lfu.cfg,experiments/data/hot8_scan_c12_seed42.in,2Q ARC LFU LFU,4,3 3 3 3,12,10000,5911,4089,0.5911,7992,2008,0.7992,2081
configs/exp4/2q_arc_lfu_lirs.cfg,experiments/data/hot8_scan_c12_seed42.in,2Q ARC LFU LIRS,4,3 3 3 3,12,10000,5763,4237,0.5763,7992,2008,0.7992,2229
configs/exp4/2q_arc_lfu_lru.cfg,experiments/data/hot8_scan_c12_seed42.in,2Q ARC LFU LRU,4,3 3 3 3,12,10000,5374,4626,0.5374,7992,2008,0.7992,2618
configs/exp4/2q_arc_lirs.cfg,experiments/data/hot8_scan_c12_seed42.in,2Q ARC LIRS,3,4 4 4,12,10000,5760,4240,0.576,7992,2008,0.7992,2232
configs/exp4/2q_arc_lirs_2q.cfg,experiments/data/hot8_scan_c12_seed42.in,2Q ARC LIRS 2Q,4,3 3 3 3,12,10000,5433,4567,0.5433,7992,2008,0.7992,2559
configs/exp4/2q_arc_lirs_arc.cfg,experiments/data/hot8_scan_c12_seed42.in,2Q ARC LIRS ARC,4,3 3 3 3,12,10000,5140,4860,0.514,7992,2008,0.7992,2852
configs/exp4/2q_arc_lirs_lfu.cfg,experiments/data/hot8_scan_c12_seed42.in,2Q ARC LIRS LFU,4,3 3 3 3,12,10000,5511,4489,0.5511,7992,2008,0.7992,2481
configs/exp4/2q_arc_lirs_lirs.cfg,experiments/data/hot8_scan_c12_seed42.in,2Q ARC LIRS LIRS,4,3 3 3 3,12,10000,5012,4988,0.5012,7992,2008,0.7992,2980
configs/exp4/2q_arc_lirs_lru.cfg,experiments/data/hot8_scan_c12_seed42.in,2Q ARC LIRS LRU,4,3 3 3 3,12,10000,5103,4897,0.5103,7992,2008,0.7992,2889
configs/exp4/2q_arc_lru.cfg,experiments/data/hot8_scan_c12_seed42.in,2Q ARC LRU,3,4 4 4,12,10000,5429,4571,0.5429,7992,2008,0.7992,2563
configs/exp4/2q_arc_lru_2q.cfg,experiments/data/hot8_scan_c12_seed42.in,2Q ARC LRU 2Q,4,3 3 3 3,12,10000,5209,4791,0.5209,7992,2008,0.7992,2783
configs/exp4/2q_arc_lru_arc.cfg,experiments/data/hot8_scan_c12_seed42.in,2Q ARC LRU ARC,4,3 3 3 3,12,10000,4940,5060,0.494,7992,2008,0.7992,3052
configs/exp4/2q_arc_lru_lfu.cfg,experiments/data/hot8_scan_c12_seed42.in,2Q ARC LRU LFU,4,3 3 3 3,12,10000,5146,4854,0.5146,7992,2008,0.7992,2846
configs/exp4/2q_arc_lru_lirs.cfg,experiments/data/hot8_scan_c12_seed42.in,2Q ARC LRU LIRS,4,3 3 3 3,12,10000,5109,4891,0.5109,7992,2008,0.7992,2883
configs/exp4/2q_arc_lru_lru.cfg,experiments/data/hot8_scan_c12_seed42.in,2Q ARC LRU LRU,4,3 3 3 3,12,10000,4335,5665,0.4335,7992,2008,0.7992,3657
configs/exp4/2q_lfu.cfg,experiments/data/hot8_scan_c12_seed42.in,2Q LFU,2,6 6,12,10000,7051,2949,0.7051,7992,2008,0.7992,941
configs/exp4/2q_lfu_2q.cfg,experiments/data/hot8_scan_c12_seed42.in,2Q LFU 2Q,3,4 4 4,12,10000,6757,3243,0.6757,7992,2008,0.7992,1235
configs/exp4/2q_lfu_2q_2q.cfg,experiments/data/hot8_scan_c12_seed42.in,2Q LFU 2Q 2Q,4,3 3 3 3,12,10000,5837,4163,0.5837,7992,2008,0.7992,2155
configs/exp4/2q_lfu_2q_arc.cfg,experiments/data/hot8_scan_c12_seed42.in,2Q LFU 2Q ARC,4,3 3 3 3,12,10000,6143,3857,0.6143,7992,2008,0.7992,1849
configs/exp4/2q_lfu_2q_lfu.cfg,experiments/data/hot8_scan_c12_seed42.in,2Q LFU 2Q LFU,4,3 3 3 3,12,10000,6153,3847,0.6153,7992,2008,0.7992,1839
configs/exp4/2q_lfu_2q_lirs.cfg,experiments/data/hot8_scan_c12_seed42.in,2Q LFU 2Q LIRS,4,3 3 3 3,12,10000,6200,3800,0.62,7992,2008,0.7992,1792
configs/exp4/2q_lfu_2q_lru.cfg,experiments/data/hot8_scan_c12_seed42.in,2Q LFU 2Q LRU,4,3 3 3 3,12,10000,6016,3984,0.6016,7992,2008,0.7992,1976
configs/exp4/2q_lfu_arc.cfg,experiments/data/hot8_scan_c12_seed42.in,2Q LFU ARC,3,4 4 4,12,10000,6826,3174,0.6826,7992,2008,0.7992,1166
configs/exp4/2q_lfu_arc_2q.cfg,experiments/data/hot8_scan_c12_seed42.in,2Q LFU ARC 2Q,4,3 3 3 3,12,10000,6015,3985,0.6015,7992,2008,0.7992,1977
configs/exp4/2q_lfu_arc_arc.cfg,experiments/data/hot8_scan_c12_seed42.in,2Q LFU ARC ARC,4,3 3 3 3,12,10000,5645,4355,0.5645,7992,2008,0.7992,2347
configs/exp4/2q_lfu_arc_lfu.cfg,experiments/data/hot8_scan_c12_seed42.in,2Q LFU ARC LFU,4,3 3 3 3,12,10000,6157,3843,0.6157,7992,2008,0.7992,1835
configs/exp4/2q_lfu_arc_lirs.cfg,experiments/data/hot8_scan_c12_seed42.in,2Q LFU ARC LIRS,4,3 3 3 3,12,10000,5941,4059,0.5941,7992,2008,0.7992,2051
configs/exp4/2q_lfu_arc_lru.cfg,experiments/data/hot8_scan_c12_seed42.in,2Q LFU ARC LRU,4,3 3 3 3,12,10000,5611,4389,0.5611,7992,2008,0.7992,2381
configs/exp4/2q_lfu_lfu.cfg,experiments/data/hot8_scan_c12_seed42.in,2Q LFU LFU,3,4 4 4,12,10000,5879,4121,0.5879,7992,2008,0.7992,2113
configs/exp4/2q_lfu_lfu_2q.cfg,experiments/data/hot8_scan_c12_seed42.in,2Q LFU LFU 2Q,4,3 3 3 3,12,10000,6721,3279,0.6721,7992,2008,0.7992,1271
configs/exp4/2q_lfu_lfu_arc.cfg,experiments/data/hot8_scan_c12_seed42.in,2Q LFU LFU ARC,4,3 3 3 3,12,10000,6680,3320,0.668,7992,2008,0.7992,1312
configs/exp4/2q_lfu_lfu_lfu.cfg,experiments/data/hot8_scan_c12_seed42.in,2Q LFU LFU LFU,4,3 3 3 3,12,10000,6754,3246,0.6754,7992,2008,0.7992,1238
configs/exp4/2q_lfu_lfu_lirs.cfg,experiments/data/hot8_scan_c12_seed42.in,2Q LFU LFU LIRS,4,3 3 3 3,12,10000,6716,3284,0.6716,7992,2008,0.7992,1276
configs/exp4/2q_lfu_lfu_lru.cfg,experiments/data/hot8_scan_c12_seed42.in,2Q LFU LFU LRU,4,3 3 3 3,12,10000,6286,3714,0.6286,7992,2008,0.7992,1706
configs/exp4/2q_lfu_lirs.cfg,experiments/data/hot8_scan_c12_seed42.in,2Q LFU LIRS,3,4 4 4,12,10000,6801,3199,0.6801,7992,2008,0.7992,1191
configs/exp4/2q_lfu_lirs_2q.cfg,experiments/data/hot8_scan_c12_seed42.in,2Q LFU LIRS 2Q,4,3 3 3 3,12,10000,6015,3985,0.6015,7992,2008,0.7992,1977
configs/exp4/2q_lfu_lirs_arc.cfg,experiments/data/hot8_scan_c12_seed42.in,2Q LFU LIRS ARC,4,3 3 3 3,12,10000,5928,4072,0.5928,7992,2008,0.7992,2064
configs/exp4/2q_lfu_lirs_lfu.cfg,experiments/data/hot8_scan_c12_seed42.in,2Q LFU LIRS LFU,4,3 3 3 3,12,10000,6219,3781,0.6219,7992,2008,0.7992,1773
configs/exp4/2q_lfu_lirs_lirs.cfg,experiments/data/hot8_scan_c12_seed42.in,2Q LFU LIRS LIRS,4,3 3 3 3,12,10000,5738,4262,0.5738,7992,2008,0.7992,2254
configs/exp4/2q_lfu_lirs_lru.cfg,experiments/data/hot8_scan_c12_seed42.in,2Q LFU LIRS LRU,4,3 3 3 3,12,10000,5920,4080,0.592,7992,2008,0.7992,2072
configs/exp4/2q_lfu_lru.cfg,experiments/data/hot8_scan_c12_seed42.in,2Q LFU LRU,3,4 4 4,12,10000,6340,3660,0.634,7992,2008,0.7992,1652
configs/exp4/2q_lfu_lru_2q.cfg,experiments/data/hot8_scan_c12_seed42.in,2Q LFU LRU 2Q,4,3 3 3 3,12,10000,5991,4009,0.5991,7992,2008,0.7992,2001
configs/exp4/2q_lfu_lru_arc.cfg,experiments/data/hot8_scan_c12_seed42.in,2Q LFU LRU ARC,4,3 3 3 3,12,10000,5719,4281,0.5719,7992,2008,0.7992,2273
configs/exp4/2q_lfu_lru_lfu.cfg,experiments/data/hot8_scan_c12_seed42.in,2Q LFU LRU LFU,4,3 3 3 3,12,10000,5920,4080,0.592,7992,2008,0.7992,2072
configs/exp4/2q_lfu_lru_lirs.cfg,experiments/data/hot8_scan_c12_seed42.in,2Q LFU LRU LIRS,4,3 3 3 3,12,10000,5935,4065,0.5935,7992,2008,0.7992,2057
configs/exp4/2q_lfu_lru_lru.cfg,experiments/data/hot8_scan_c12_seed42.in,2Q LFU LRU LRU,4,3 3 3 3,12,10000,5120,4880,0.512,7992,2008,0.7992,2872
configs/exp4/2q_lirs.cfg,experiments/data/hot8_scan_c12_seed42.in,2Q LIRS,2,6 6,12,10000,6868,3132,0.6868,7992,2008,0.7992,1124
configs/exp4/2q_lirs_2q.cfg,experiments/data/hot8_scan_c12_seed42.in,2Q LIRS 2Q,3,4 4 4,12,10000,5702,4298,0.5702,7992,2008,0.7992,2290
configs/exp4/2q_lirs_2q_2q.cfg,experiments/data/hot8_scan_c12_seed42.in,2Q LIRS 2Q 2Q,4,3 3 3 3,12,10000,5128,4872,0.5128,7992,2008,0.7992,2864
configs/exp4/2q_lirs_2q_arc.cfg,experiments/data/hot8_scan_c12_seed42.in,2Q LIRS 2Q ARC,4,3 3 3 3,12,10000,5309,4691,0.5309,7992,2008,0.7992,2683
configs/exp4/2q_lirs_2q_lfu.cfg,experiments/data/hot8_scan_c12_seed42.in,2Q LIRS 2Q LFU,4,3 3 3 3,12,10000,5548,4452,0.5548,7992,2008,0.7992,2444
configs/exp4/2q_lirs_2q_lirs.cfg,experiments/data/hot8_scan_c12_seed42.in,2Q LIRS 2Q LIRS,4,3 3 3 3,12,10000,5227,4773,0.5227,7992,2008,0.7992,2765
configs/exp4/2q_lirs_2q_lru.cfg,experiments/data/hot8_scan_c12_seed42.in,2Q LIRS 2Q LRU,4,3 3 3 3,12,10000,5388,4612,0.5388,7992,2008,0.7992,2604
configs/exp4/2q_lirs_arc.cfg,experiments/data/hot8_scan_c12_seed42.in,2Q LIRS ARC,3,4 4 4,12,10000,5664,4336,0.5664,7992,2008,0.7992,2328
configs/exp4/2q_lirs_arc_2q.cfg,experiments/data/hot8_scan_c12_seed42.in,2Q LIRS ARC 2Q,4,3 3 3 3,12,10000,5358,4642,0.5358,7992,2008,0.7992,2634
configs/exp4/2q_lirs_arc_arc.cfg,experiments/data/hot8_scan_c12_seed42.in,2Q LIRS ARC ARC,4,3 3 3 3,12,10000,4994,5006,0.4994,7992,2008,0.7992,2998
configs/exp4/2q_lirs_arc_lfu.cfg,experiments/data/hot8_scan_c12_seed42.in,2Q LIRS ARC LFU,4,3 3 3 3,12,10000,5460,4540,0.546,7992,2008,0.7992,2532
configs/exp4/2q_lirs_arc_lirs.cfg,experiments/data/hot8_scan_c12_seed42.in,2Q LIRS ARC LIRS,4,3 3 3 3,12,10000,5126,4874,0.5126,7992,2008,0.7992,2866
configs/exp4/2q_lirs_arc_lru.cfg,experiments/data/hot8_scan_c12_seed42.in,2Q LIRS ARC LRU,4,3 3 3 3,12,10000,4944,5056,0.4944,7992,2008,0.7992,3048
configs/exp4/2q_lirs_lfu.cfg,experiments/data/hot8_scan_c12_seed42.in,2Q LIRS LFU,3,4 4 4,12,10000,6081,3919,0.6081,7992,2008,0.7992,1911
configs/exp4/2q_lirs_lfu_2q.cfg,experiments/data/hot8_scan_c12_seed42.in,2Q LIRS LFU 2Q,4,3 3 3 3,12,10000,5784,4216,0.5784,7992,2008,0.7992,2208
configs/exp4/2q_lirs_lfu_arc.cfg,experiments/data/hot8_scan_c12_seed42.in,2Q LIRS LFU ARC,4,3 3 3 3,12,10000,5650,4350,0.565,7992,2008,0.7992,2342
configs/exp4/2q_lirs_lfu_lfu.cfg,experiments/data/hot8_scan_c12_seed42.in,2Q LIRS LFU LFU,4,3 3 3 3,12,10000,5987,4013,0.5987,7992,2008,0.7992,2005
configs/exp4/2q_lirs_lfu_lirs.cfg,experiments/data/hot8_scan_c12_seed42.in,2Q LIRS LFU LIRS,4,3 3 3 3,12,10000,5546,4454,0.5546,7992,2008,0.7992,2446
configs/exp4/2q_lirs_lfu_lru.cfg,experiments/data/hot8_scan_c12_seed42.in,2Q LIRS LFU LRU,4,3 3 3 3,12,10000,5584,4416,0.5584,7992,2008,0.7992,2408
configs/exp4/2q_lirs_lirs.cfg,experiments/data/hot8_scan_c12_seed42.in,2Q LIRS LIRS,3,4 4 4,12,10000,5464,4536,0.5464,7992,2008,0.7992,2528
configs/exp4/2q_lirs_lirs_2q.cfg,experiments/data/hot8_scan_c12_seed42.in,2Q LIRS LIRS 2Q,4,3 3 3 3,12,10000,5028,4972,0.5028,7992,2008,0.7992,2964
configs/exp4/2q_lirs_lirs_arc.cfg,experiments/data/hot8_scan_c12_seed42.in,2Q LIRS LIRS ARC,4,3 3 3 3,12,10000,4910,5090,0.491,7992,2008,0.7992,3082
configs/exp4/2q_lirs_lirs_lfu.cfg,experiments/data/hot8_scan_c12_seed42.in,2Q LIRS LIRS LFU,4,3 3 3 3,12,10000,5262,4738,0.5262,7992,2008,0.7992,2730
configs/exp4/2q_lirs_lirs_lirs.cfg,experiments/data/hot8_scan_c12_seed42.in,2Q LIRS LIRS LIRS,4,3 3 3 3,12,10000,4499,5501,0.4499,7992,2008,0.7992,3493
configs/exp4/2q_lirs_lirs_lru.cfg,experiments/data/hot8_scan_c12_seed42.in,2Q LIRS LIRS LRU,4,3 3 3 3,12,10000,4982,5018,0.4982,7992,2008,0.7992,3010
configs/exp4/2q_lirs_lru.cfg,experiments/data/hot8_scan_c12_seed42.in,2Q LIRS LRU,3,4 4 4,12,10000,5742,4258,0.5742,7992,2008,0.7992,2250
configs/exp4/2q_lirs_lru_2q.cfg,experiments/data/hot8_scan_c12_seed42.in,2Q LIRS LRU 2Q,4,3 3 3 3,12,10000,5470,4530,0.547,7992,2008,0.7992,2522
configs/exp4/2q_lirs_lru_arc.cfg,experiments/data/hot8_scan_c12_seed42.in,2Q LIRS LRU ARC,4,3 3 3 3,12,10000,5123,4877,0.5123,7992,2008,0.7992,2869
configs/exp4/2q_lirs_lru_lfu.cfg,experiments/data/hot8_scan_c12_seed42.in,2Q LIRS LRU LFU,4,3 3 3 3,12,10000,5315,4685,0.5315,7992,2008,0.7992,2677
configs/exp4/2q_lirs_lru_lirs.cfg,experiments/data/hot8_scan_c12_seed42.in,2Q LIRS LRU LIRS,4,3 3 3 3,12,10000,5233,4767,0.5233,7992,2008,0.7992,2759
configs/exp4/2q_lirs_lru_lru.cfg,experiments/data/hot8_scan_c12_seed42.in,2Q LIRS LRU LRU,4,3 3 3 3,12,10000,4689,5311,0.4689,7992,2008,0.7992,3303
configs/exp4/2q_lru.cfg,experiments/data/hot8_scan_c12_seed42.in,2Q LRU,2,6 6,12,10000,6599,3401,0.6599,7992,2008,0.7992,1393
configs/exp4/2q_lru_2q.cfg,experiments/data/hot8_scan_c12_seed42.in,2Q LRU 2Q,3,4 4 4,12,10000,6027,3973,0.6027,7992,2008,0.7992,1965
configs/exp4/2q_lru_2q_2q.cfg,experiments/data/hot8_scan_c12_seed42.in,2Q LRU 2Q 2Q,4,3 3 3 3,12,10000,5580,4420,0.558,7992,2008,0.7992,2412
configs/exp4/2q_lru_2q_arc.cfg,experiments/data/hot8_scan_c12_seed42.in,2Q LRU 2Q ARC,4,3 3 3 3,12,10000,5520,4480,0.552,7992,2008,0.7992,2472
configs/exp4/2q_lru_2q_lfu.cfg,experiments/data/hot8_scan_c12_seed42.in,2Q LRU 2Q LFU,4,3 3 3 3,12,10000,5532,4468,0.5532,7992,2008,0.7992,2460
configs/exp4/2q_lru_2q_lirs.cfg,experiments/data/hot8_scan_c12_seed42.in,2Q LRU 2Q LIRS,4,3 3 3 3,12,10000,5759,4241,0.5759,7992,2008,0.7992,2233
configs/exp4/2q_lru_2q_lru.cfg,experiments/data/hot8_scan_c12_seed42.in,2Q LRU 2Q LRU,4,3 3 3 3,12,10000,5054,4946,0.5054,7992,2008,0.7992,2938
configs/exp4/2q_lru_arc.cfg,experiments/data/hot8_scan_c12_seed42.in,2Q LRU ARC,3,4 4 4,12,10000,5707,4293,0.5707,7992,2008,0.7992,2285
configs/exp4/2q_lru_arc_2q.cfg,experiments/data/hot8_scan_c12_seed42.in,2Q LRU ARC 2Q,4,3 3 3 3,12,10000,5301,4699,0.5301,7992,2008,0.7992,2691
configs/exp4/2q_lru_arc_arc.cfg,experiments/data/hot8_scan_c12_seed42.in,2Q LRU ARC ARC,4,3 3 3 3,12,10000,4801,5199,0.4801,7992,2008,0.7992,3191
configs/exp4/2q_lru_arc_lfu.cfg,experiments/data/hot8_scan_c12_seed42.in,2Q LRU ARC LFU,4,3 3 3 3,12,10000,5306,4694,0.5306,7992,2008,0.7992,2686
configs/exp4/2q_lru_arc_lirs.cfg,experiments/data/hot8_scan_c12_seed42.in,2Q LRU ARC LIRS,4,3 3 3 3,12,10000,5242,4758,0.5242,7992,2008,0.7992,2750
configs/exp4/2q_lru_arc_lru.cfg,experiments/data/hot8_scan_c12_seed42.in,2Q LRU ARC LRU,4,3 3 3 3,12,10000,4631,5369,0.4631,7992,2008,0.7992,3361
configs/exp4/2q_lru_lfu.cfg,experiments/data/hot8_scan_c12_seed42.in,2Q LRU LFU,3,4 4 4,12,10000,5678,4322,0.5678,7992,2008,0.7992,2314
configs/exp4/2q_lru_lfu_2q.cfg,experiments/data/hot8_scan_c12_seed42.in,2Q LRU LFU 2Q,4,3 3 3 3,12,10000,5799,4201,0.5799,7992,2008,0.7992,2193
configs/exp4/2q_lru_lfu_arc.cfg,experiments/data/hot8_scan_c12_seed42.in,2Q LRU LFU ARC,4,3 3 3 3,12,10000,5507,4493,0.5507,7992,2008,0.7992,2485
configs/exp4/2q_lru_lfu_lfu.cfg,experiments/data/hot8_scan_c12_seed42.in,2Q LRU LFU LFU,4,3 3 3 3,12,10000,5763,4237,0.5763,7992,2008,0.7992,2229
configs/exp4/2q_lru_lfu_lirs.cfg,experiments/data/hot8_scan_c12_seed42.in,2Q LRU LFU LIRS,4,3 3 3 3,12,10000,5750,4250,0.575,7992,2008,0.7992,2242
configs/exp4/2q_lru_lfu_lru.cfg,experiments/data/hot8_scan_c12_seed42.in,2Q LRU LFU LRU,4,3 3 3 3,12,10000,5030,4970,0.503,7992,2008,0.7992,2962
configs/exp4/2q_lru_lirs.cfg,experiments/data/hot8_scan_c12_seed42.in,2Q LRU LIRS,3,4 4 4,12,10000,5916,4084,0.5916,7992,2008,0.7992,2076
configs/exp4/2q_lru_lirs_2q.cfg,experiments/data/hot8_scan_c12_seed42.in,2Q LRU LIRS 2Q,4,3 3 3 3,12,10000,5486,4514,0.5486,7992,2008,0.7992,2506
configs/exp4/2q_lru_lirs_arc.cfg,experiments/data/hot8_scan_c12_seed42.in,2Q LRU LIRS ARC,4,3 3 3 3,12,10000,5202,4798,0.5202,7992,2008,0.7992,2790
configs/exp4/2q_lru_lirs_lfu.cfg,experiments/data/hot8_scan_c12_seed42.in,2Q LRU LIRS LFU,4,3 3 3 3,12,10000,5514,4486,0.5514,7992,2008,0.7992,2478
configs/exp4/2q_lru_lirs_lirs.cfg,experiments/data/hot8_scan_c12_seed42.in,2Q LRU LIRS LIRS,4,3 3 3 3,12,10000,5104,4896,0.5104,7992,2008,0.7992,2888
configs/exp4/2q_lru_lirs_lru.cfg,experiments/data/hot8_scan_c12_seed42.in,2Q LRU LIRS LRU,4,3 3 3 3,12,10000,4944,5056,0.4944,7992,2008,0.7992,3048
configs/exp4/2q_lru_lru.cfg,experiments/data/hot8_scan_c12_seed42.in,2Q LRU LRU,3,4 4 4,12,10000,5019,4981,0.5019,7992,2008,0.7992,2973
configs/exp4/2q_lru_lru_2q.cfg,experiments/data/hot8_scan_c12_seed42.in,2Q LRU LRU 2Q,4,3 3 3 3,12,10000,4872,5128,0.4872,7992,2008,0.7992,3120
configs/exp4/2q_lru_lru_arc.cfg,experiments/data/hot8_scan_c12_seed42.in,2Q LRU LRU ARC,4,3 3 3 3,12,10000,4467,5533,0.4467,7992,2008,0.7992,3525
configs/exp4/2q_lru_lru_lfu.cfg,experiments/data/hot8_scan_c12_seed42.in,2Q LRU LRU LFU,4,3 3 3 3,12,10000,4562,5438,0.4562,7992,2008,0.7992,3430
configs/exp4/2q_lru_lru_lirs.cfg,experiments/data/hot8_scan_c12_seed42.in,2Q LRU LRU LIRS,4,3 3 3 3,12,10000,4794,5206,0.4794,7992,2008,0.7992,3198
configs/exp4/2q_lru_lru_lru.cfg,experiments/data/hot8_scan_c12_seed42.in,2Q LRU LRU LRU,4,3 3 3 3,12,10000,3850,6150,0.385,7992,2008,0.7992,4142
configs/exp4/arc_2q.cfg,experiments/data/hot8_scan_c12_seed42.in,ARC 2Q,2,6 6,12,10000,6728,3272,0.6728,7992,2008,0.7992,1264
configs/exp4/arc_2q_2q.cfg,experiments/data/hot8_scan_c12_seed42.in,ARC 2Q 2Q,3,4 4 4,12,10000,5759,4241,0.5759,7992,2008,0.7992,2233
configs/exp4/arc_2q_2q_2q.cfg,experiments/data/hot8_scan_c12_seed42.in,ARC 2Q 2Q 2Q,4,3 3 3 3,12,10000,5071,4929,0.5071,7992,2008,0.7992,2921
configs/exp4/arc_2q_2q_arc.cfg,experiments/data/hot8_scan_c12_seed42.in,ARC 2Q 2Q ARC,4,3 3 3 3,12,10000,5392,4608,0.5392,7992,2008,0.7992,2600
configs/exp4/arc_2q_2q_lfu.cfg,experiments/data/hot8_scan_c12_seed42.in,ARC 2Q 2Q LFU,4,3 3 3 3,12,10000,5462,4538,0.5462,7992,2008,0.7992,2530
configs/exp4/arc_2q_2q_lirs.cfg,experiments/data/hot8_scan_c12_seed42.in,ARC 2Q 2Q LIRS,4,3 3 3 3,12,10000,5553,4447,0.5553,7992,2008,0.7992,2439
configs/exp4/arc_2q_2q_lru.cfg,experiments/data/hot8_scan_c12_seed42.in,ARC 2Q 2Q LRU,4,3 3 3 3,12,10000,5152,4848,0.5152,7992,2008,0.7992,2840
configs/exp4/arc_2q_arc.cfg,experiments/data/hot8_scan_c12_seed42.in,ARC 2Q ARC,3,4 4 4,12,10000,5804,4196,0.5804,7992,2008,0.7992,2188
configs/exp4/arc_2q_arc_2q.cfg,experiments/data/hot8_scan_c12_seed42.in,ARC 2Q ARC 2Q,4,3 3 3 3,12,10000,5268,4732,0.5268,7992,2008,0.7992,2724
configs/exp4/arc_2q_arc_arc.cfg,experiments/data/hot8_scan_c12_seed42.in,ARC 2Q ARC ARC,4,3 3 3 3,12,10000,4948,5052,0.4948,7992,2008,0.7992,3044
configs/exp4/arc_2q_arc_lfu.cfg,experiments/data/hot8_scan_c12_seed42.in,ARC 2Q ARC LFU,4,3 3 3 3,12,10000,5396,4604,0.5396,7992,2008,0.7992,2596
configs/exp4/arc_2q_arc_lirs.cfg,experiments/data/hot8_scan_c12_seed42.in,ARC 2Q ARC LIRS,4,3 3 3 3,12,10000,5329,4671,0.5329,7992,2008,0.7992,2663
configs/exp4/arc_2q_arc_lru.cfg,experiments/data/hot8_scan_c12_seed42.in,ARC 2Q ARC LRU,4,3 3 3 3,12,10000,4889,5111,0.4889,7992,2008,0.7992,3103
configs/exp4/arc_2q_lfu.cfg,experiments/data/hot8_scan_c12_seed42.in,ARC 2Q LFU,3,4 4 4,12,10000,6029,3971,0.6029,7992,2008,0.7992,1963
configs/exp4/arc_2q_lfu_2q.cfg,experiments/data/hot8_scan_c12_seed42.in,ARC 2Q LFU 2Q,4,3 3 3 3,12,10000,5796,4204,0.5796,7992,2008,0.7992,2196
configs/exp4/arc_2q_lfu_arc.cfg,experiments/data/hot8_scan_c12_seed42.in,ARC 2Q LFU ARC,4,3 3 3 3,12,10000,5796,4204,0.5796,7992,2008,0.7992,2196
configs/exp4/arc_2q_lfu_lfu.cfg,experiments/data/hot8_scan_c12_seed42.in,ARC 2Q LFU LFU,4,3 3 3 3,12,10000,5932,4068,0.5932,7992,2008,0.7992,2060
configs/exp4/arc_2q_lfu_lirs.cfg,experiments/data/hot8_scan_c12_seed42.in,ARC 2Q LFU LIRS,4,3 3 3 3,12,10000,5963,4037,0.5963,7992,2008,0.7992,2029
configs/exp4/arc_2q_lfu_lru.cfg,experiments/data/hot8_scan_c12_seed42.in,ARC 2Q LFU LRU,4,3 3 3 3,12,10000,5479,4521,0.5479,7992,2008,0.7992,2513
configs/exp4/arc_2q_lirs.cfg,experiments/data/hot8_scan_c12_seed42.in,ARC 2Q LIRS,3,4 4 4,12,10000,5992,4008,0.5992,7992,2008,0.7992,2000
configs/exp4/arc_2q_lirs_2q.cfg,experiments/data/hot8_scan_c12_seed42.in,ARC 2Q LIRS 2Q,4,3 3 3 3,12,10000,5428,4572,0.5428,7992,2008,0.7992,2564
configs/exp4/arc_2q_lirs_arc.cfg,experiments/data/hot8_scan_c12_seed42.in,ARC 2Q LIRS ARC,4,3 3 3 3,12,10000,5268,4732,0.5268,7992,2008,0.7992,2724
configs/exp4/arc_2q_lirs_lfu.cfg,experiments/data/hot8_scan_c12_seed42.in,ARC 2Q LIRS LFU,4,3 3 3 3,12,10000,5553,4447,0.5553,7992,2008,0.7992,2439
configs/exp4/arc_2q_lirs_lirs.cfg,experiments/data/hot8_scan_c12_seed42.in,ARC 2Q LIRS LIRS,4,3 3 3 3,12,10000,5189,4811,0.5189,7992,2008,0.7992,2803
configs/exp4/arc_2q_lirs_lru.cfg,experiments/data/hot8_scan_c12_seed42.in,ARC 2Q LIRS LRU,4,3 3 3 3,12,10000,5265,4735,0.5265,7992,2008,0.7992,2727
configs/exp4/arc_2q_lru.cfg,experiments/data/hot8_scan_c12_seed42.in,ARC 2Q LRU,3,4 4 4,12,10000,5522,4478,0.5522,7992,2008,0.7992,2470
configs/exp4/arc_2q_lru_2q.cfg,experiments/data/hot8_scan_c12_seed42.in,ARC 2Q LRU 2Q,4,3 3 3 3,12,10000,5242,4758,0.5242,7992,2008,0.7992,2750
configs/exp4/arc_2q_lru_arc.cfg,experiments/data/hot8_scan_c12_seed42.in,ARC 2Q LRU ARC,4,3 3 3 3,12,10000,5050,4950,0.505,7992,2008,0.7992,2942
configs/exp4/arc_2q_lru_lfu.cfg,experiments/data/hot8_scan_c12_seed42.in,ARC 2Q LRU LFU,4,3 3 3 3,12,10000,5253,4747,0.5253,7992,2008,0.7992,2739
configs/exp4/arc_2q_lru_lirs.cfg,experiments/data/hot8_scan_c12_seed42.in,ARC 2Q LRU LIRS,4,3 3 3 3,12,10000,5288,4712,0.5288,7992,2008,0.7992,2704
configs/exp4/arc_2q_lru_lru.cfg,experiments/data/hot8_scan_c12_seed42.in,ARC 2Q LRU LRU,4,3 3 3 3,12,10000,4387,5613,0.4387,7992,2008,0.7992,3605
configs/exp4/arc_arc_2q.cfg,experiments/data/hot8_scan_c12_seed42.in,ARC ARC 2Q,3,4 4 4,12,10000,5385,4615,0.5385,7992,2008,0.7992,2607
configs/exp4/arc_arc_2q_2q.cfg,experiments/data/hot8_scan_c12_seed42.in,ARC ARC 2Q 2Q,4,3 3 3 3,12,10000,4860,5140,0.486,7992,2008,0.7992,3132
configs/exp4/arc_arc_2q_arc.cfg,experiments/data/hot8_scan_c12_seed42.in,ARC ARC 2Q ARC,4,3 3 3 3,12,10000,4872,5128,0.4872,7992,2008,0.7992,3120
configs/exp4/arc_arc_2q_lfu.cfg,experiments/data/hot8_scan_c12_seed42.in,ARC ARC 2Q LFU,4,3 3 3 3,12,10000,5249,4751,0.5249,7992,2008,0.7992,2743
configs/exp4/arc_arc_2q_lirs.cfg,experiments/data/hot8_scan_c12_seed42.in,ARC ARC 2Q LIRS,4,3 3 3 3,12,10000,5198,4802,0.5198,7992,2008,0.7992,2794
configs/exp4/arc_arc_2q_lru.cfg,experiments/data/hot8_scan_c12_seed42.in,ARC ARC 2Q LRU,4,3 3 3 3,12,10000,4724,5276,0.4724,7992,2008,0.7992,3268
configs/exp4/arc_arc_arc_2q.cfg,experiments/data/hot8_scan_c12_seed42.in,ARC ARC ARC 2Q,4,3 3 3 3,12,10000,4530,5470,0.453,7992,2008,0.7992,3462
configs/exp4/arc_arc_arc_lfu.cfg,experiments/data/hot8_scan_c12_seed42.in,ARC ARC ARC LFU,4,3 3 3 3,12,10000,4664,5336,0.4664,7992,2008,0.7992,3328
configs/exp4/arc_arc_arc_lirs.cfg,experiments/data/hot8_scan_c12_seed42.in,ARC ARC ARC LIRS,4,3 3 3 3,12,10000,4433,5567,0.4433,7992,2008,0.7992,3559
configs/exp4/arc_arc_arc_lru.cfg,experiments/data/hot8_scan_c12_seed42.in,ARC ARC ARC LRU,4,3 3 3 3,12,10000,3918,6082,0.3918,7992,2008,0.7992,4074
configs/exp4/arc_arc_lfu.cfg,experiments/data/hot8_scan_c12_seed42.in,ARC ARC LFU,3,4 4 4,12,10000,5664,4336,0.5664,7992,2008,0.7992,2328
configs/exp4/arc_arc_lfu_2q.cfg,experiments/data/hot8_scan_c12_seed42.in,ARC ARC LFU 2Q,4,3 3 3 3,12,10000,5485,4515,0.5485,7992,2008,0.7992,2507
configs/exp4/arc_arc_lfu_arc.cfg,experiments/data/hot8_scan_c12_seed42.in,ARC ARC LFU ARC,4,3 3 3 3,12,10000,5103,4897,0.5103,7992,2008,0.7992,2889
configs/exp4/arc_arc_lfu_lfu.cfg,experiments/data/hot8_scan_c12_seed42.in,ARC ARC LFU LFU,4,3 3 3 3,12,10000,5577,4423,0.5577,7992,2008,0.7992,2415
configs/exp4/arc_arc_lfu_lirs.cfg,experiments/data/hot8_scan_c12_seed42.in,ARC ARC LFU LIRS,4,3 3 3 3,12,10000,5385,4615,0.5385,7992,2008,0.7992,2607
configs/exp4/arc_arc_lfu_lru.cfg,experiments/data/hot8_scan_c12_seed42.in,ARC ARC LFU LRU,4,3 3 3 3,12,10000,4861,5139,0.4861,7992,2008,0.7992,3131
configs/exp4/arc_arc_lirs.cfg,experiments/data/hot8_scan_c12_seed42.in,ARC ARC LIRS,3,4 4 4,12,10000,5233,4767,0.5233,7992,2008,0.7992,2759
configs/exp4/arc_arc_lirs_2q.cfg,experiments/data/hot8_scan_c12_seed42.in,ARC ARC LIRS 2Q,4,3 3 3 3,12,10000,4919,5081,0.4919,7992,2008,0.7992,3073
configs/exp4/arc_arc_lirs_arc.cfg,experiments/data/hot8_scan_c12_seed42.in,ARC ARC LIRS ARC,4,3 3 3 3,12,10000,4587,5413,0.4587,7992,2008,0.7992,3405
configs/exp4/arc_arc_lirs_lfu.cfg,experiments/data/hot8_scan_c12_seed42.in,ARC ARC LIRS LFU,4,3 3 3 3,12,10000,5047,4953,0.5047,7992,2008,0.7992,2945
configs/exp4/arc_arc_lirs_lirs.cfg,experiments/data/hot8_scan_c12_seed42.in,ARC ARC LIRS LIRS,4,3 3 3 3,12,10000,4438,5562,0.4438,7992,2008,0.7992,3554
configs/exp4/arc_arc_lirs_lru.cfg,experiments/data/hot8_scan_c12_seed42.in,ARC ARC LIRS LRU,4,3 3 3 3,12,10000,4432,5568,0.4432,7992,2008,0.7992,3560
configs/exp4/arc_arc_lru.cfg,experiments/data/hot8_scan_c12_seed42.in,ARC ARC LRU,3,4 4 4,12,10000,4699,5301,0.4699,7992,2008,0.7992,3293
configs/exp4/arc_arc_lru_2q.cfg,experiments/data/hot8_scan_c12_seed42.in,ARC ARC LRU 2Q,4,3 3 3 3,12,10000,4657,5343,0.4657,7992,2008,0.7992,3335
configs/exp4/arc_arc_lru_arc.cfg,experiments/data/hot8_scan_c12_seed42.in,ARC ARC LRU ARC,4,3 3 3 3,12,10000,4257,5743,0.4257,7992,2008,0.7992,3735
configs/exp4/arc_arc_lru_lfu.cfg,experiments/data/hot8_scan_c12_seed42.in,ARC ARC LRU LFU,4,3 3 3 3,12,10000,4579,5421,0.4579,7992,2008,0.7992,3413
configs/exp4/arc_arc_lru_lirs.cfg,experiments/data/hot8_scan_c12_seed42.in,ARC ARC LRU LIRS,4,3 3 3 3,12,10000,4448,5552,0.4448,7992,2008,0.7992,3544
configs/exp4/arc_arc_lru_lru.cfg,experiments/data/hot8_scan_c12_seed42.in,ARC ARC LRU LRU,4,3 3 3 3,12,10000,3587,6413,0.3587,7992,2008,0.7992,4405
configs/exp4/arc_lfu.cfg,experiments/data/hot8_scan_c12_seed42.in,ARC LFU,2,6 6,12,10000,6942,3058,0.6942,7992,2008,0.7992,1050
configs/exp4/arc_lfu_2q.cfg,experiments/data/hot8_scan_c12_seed42.in,ARC LFU 2Q,3,4 4 4,12,10000,6645,3355,0.6645,7992,2008,0.7992,1347
configs/exp4/arc_lfu_2q_2q.cfg,experiments/data/hot8_scan_c12_seed42.in,ARC LFU 2Q 2Q,4,3 3 3 3,12,10000,5806,4194,0.5806,7992,2008,0.7992,2186
configs/exp4/arc_lfu_2q_arc.cfg,experiments/data/hot8_scan_c12_seed42.in,ARC LFU 2Q ARC,4,3 3 3 3,12,10000,5978,4022,0.5978,7992,2008,0.7992,2014
configs/exp4/arc_lfu_2q_lfu.cfg,experiments/data/hot8_scan_c12_seed42.in,ARC LFU 2Q LFU,4,3 3 3 3,12,10000,6023,3977,0.6023,7992,2008,0.7992,1969
configs/exp4/arc_lfu_2q_lirs.cfg,experiments/data/hot8_scan_c12_seed42.in,ARC LFU 2Q LIRS,4,3 3 3 3,12,10000,6145,3855,0.6145,7992,2008,0.7992,1847
configs/exp4/arc_lfu_2q_lru.cfg,experiments/data/hot8_scan_c12_seed42.in,ARC LFU 2Q LRU,4,3 3 3 3,12,10000,5752,4248,0.5752,7992,2008,0.7992,2240
configs/exp4/arc_lfu_arc.cfg,experiments/data/hot8_scan_c12_seed42.in,ARC LFU ARC,3,4 4 4,12,10000,6370,3630,0.637,7992,2008,0.7992,1622
configs/exp4/arc_lfu_arc_2q.cfg,experiments/data/hot8_scan_c12_seed42.in,ARC LFU ARC 2Q,4,3 3 3 3,12,10000,5655,4345,0.5655,7992,2008,0.7992,2337
configs/exp4/arc_lfu_arc_arc.cfg,experiments/data/hot8_scan_c12_seed42.in,ARC LFU ARC ARC,4,3 3 3 3,12,10000,5141,4859,0.5141,7992,2008,0.7992,2851
configs/exp4/arc_lfu_arc_lfu.cfg,experiments/data/hot8_scan_c12_seed42.in,ARC LFU ARC LFU,4,3 3 3 3,12,10000,5773,4227,0.5773,7992,2008,0.7992,2219
configs/exp4/arc_lfu_arc_lirs.cfg,experiments/data/hot8_scan_c12_seed42.in,ARC LFU ARC LIRS,4,3 3 3 3,12,10000,5518,4482,0.5518,7992,2008,0.7992,2474
configs/exp4/arc_lfu_arc_lru.cfg,experiments/data/hot8_scan_c12_seed42.in,ARC LFU ARC LRU,4,3 3 3 3,12,10000,5051,4949,0.5051,7992,2008,0.7992,2941
configs/exp4/arc_lfu_lfu.cfg,experiments/data/hot8_scan_c12_seed42.in,ARC LFU LFU,3,4 4 4,12,10000,6832,3168,0.6832,7992,2008,0.7992,1160
configs/exp4/arc_lfu_lfu_2q.cfg,experiments/data/hot8_scan_c12_seed42.in,ARC LFU LFU 2Q,4,3 3 3 3,12,10000,6543,3457,0.6543,7992,2008,0.7992,1449
configs/exp4/arc_lfu_lfu_arc.cfg,experiments/data/hot8_scan_c12_seed42.in,ARC LFU LFU ARC,4,3 3 3 3,12,10000,6293,3707,0.6293,7992,2008,0.7992,1699
configs/exp4/arc_lfu_lfu_lfu.cfg,experiments/data/hot8_scan_c12_seed42.in,ARC LFU LFU LFU,4,3 3 3 3,12,10000,6637,3363,0.6637,7992,2008,0.7992,1355
configs/exp4/arc_lfu_lfu_lirs.cfg,experiments/data/hot8_scan_c12_seed42.in,ARC LFU LFU LIRS,4,3 3 3 3,12,10000,6485,3515,0.6485,7992,2008,0.7992,1507
configs/exp4/arc_lfu_lfu_lru.cfg,experiments/data/hot8_scan_c12_seed42.in,ARC LFU LFU LRU,4,3 3 3 3,12,10000,5879,4121,0.5879,7992,2008,0.7992,2113
configs/exp4/arc_lfu_lirs.cfg,experiments/data/hot8_scan_c12_seed42.in,ARC LFU LIRS,3,4 4 4,12,10000,6592,3408,0.6592,7992,2008,0.7992,1400
configs/exp4/arc_lfu_lirs_2q.cfg,experiments/data/hot8_scan_c12_seed42.in,ARC LFU LIRS 2Q,4,3 3 3 3,12,10000,5821,4179,0.5821,7992,2008,0.7992,2171
configs/exp4/arc_lfu_lirs_arc.cfg,experiments/data/hot8_scan_c12_seed42.in,ARC LFU LIRS ARC,4,3 3 3 3,12,10000,5607,4393,0.5607,7992,2008,0.7992,2385
configs/exp4/arc_lfu_lirs_lfu.cfg,experiments/data/hot8_scan_c12_seed42.in,ARC LFU LIRS LFU,4,3 3 3 3,12,10000,5978,4022,0.5978,7992,2008,0.7992,2014
configs/exp4/arc_lfu_lirs_lirs.cfg,experiments/data/hot8_scan_c12_seed42.in,ARC LFU LIRS LIRS,4,3 3 3 3,12,10000,5496,4504,0.5496,7992,2008,0.7992,2496
configs/exp4/arc_lfu_lirs_lru.cfg,experiments/data/hot8_scan_c12_seed42.in,ARC LFU LIRS LRU,4,3 3 3 3,12,10000,5520,4480,0.552,7992,2008,0.7992,2472
configs/exp4/arc_lfu_lru.cfg,experiments/data/hot8_scan_c12_seed42.in,ARC LFU LRU,3,4 4 4,12,10000,5788,4212,0.5788,7992,2008,0.7992,2204
configs/exp4/arc_lfu_lru_2q.cfg,experiments/data/hot8_scan_c12_seed42.in,ARC LFU LRU 2Q,4,3 3 3 3,12,10000,5594,4406,0.5594,7992,2008,0.7992,2398
configs/exp4/arc_lfu_lru_arc.cfg,experiments/data/hot8_scan_c12_seed42.in,ARC LFU LRU ARC,4,3 3 3 3,12,10000,5118,4882,0.5118,7992,2008,0.7992,2874
configs/exp4/arc_lfu_lru_lfu.cfg,experiments/data/hot8_scan_c12_seed42.in,ARC LFU LRU LFU,4,3 3 3 3,12,10000,5534,4466,0.5534,7992,2008,0.7992,2458
configs/exp4/arc_lfu_lru_lirs.cfg,experiments/data/hot8_scan_c12_seed42.in,ARC LFU LRU LIRS,4,3 3 3 3,12,10000,5413,4587,0.5413,7992,2008,0.7992,2579
configs/exp4/arc_lfu_lru_lru.cfg,experiments/data/hot8_scan_c12_seed42.in,ARC LFU LRU LRU,4,3 3 3 3,12,10000,4482,5518,0.4482,7992,2008,0.7992,3510
configs/exp4/arc_lirs.cfg,experiments/data/hot8_scan_c12_seed42.in,ARC LIRS,2,6 6,12,10000,6626,3374,0.6626,7992,2008,0.7992,1366
configs/exp4/arc_lirs_2q.cfg,experiments/data/hot8_scan_c12_seed42.in,ARC LIRS 2Q,3,4 4 4,12,10000,5568,4432,0.5568,7992,2008,0.7992,2424
configs/exp4/arc_lirs_2q_2q.cfg,experiments/data/hot8_scan_c12_seed42.in,ARC LIRS 2Q 2Q,4,3 3 3 3,12,10000,5161,4839,0.5161,7992,2008,0.7992,2831
configs/exp4/arc_lirs_2q_arc.cfg,experiments/data/hot8_scan_c12_seed42.in,ARC LIRS 2Q ARC,4,3 3 3 3,12,10000,5133,4867,0.5133,7992,2008,0.7992,2859
configs/exp4/arc_lirs_2q_lfu.cfg,experiments/data/hot8_scan_c12_seed42.in,ARC LIRS 2Q LFU,4,3 3 3 3,12,10000,5370,4630,0.537,7992,2008,0.7992,2622
configs/exp4/arc_lirs_2q_lirs.cfg,experiments/data/hot8_scan_c12_seed42.in,ARC LIRS 2Q LIRS,4,3 3 3 3,12,10000,5091,4909,0.5091,7992,2008,0.7992,2901
configs/exp4/arc_lirs_2q_lru.cfg,experiments/data/hot8_scan_c12_seed42.in,ARC LIRS 2Q LRU,4,3 3 3 3,12,10000,5035,4965,0.5035,7992,2008,0.7992,2957
configs/exp4/arc_lirs_arc.cfg,experiments/data/hot8_scan_c12_seed42.in,ARC LIRS ARC,3,4 4 4,12,10000,5301,4699,0.5301,7992,2008,0.7992,2691
configs/exp4/arc_lirs_arc_2q.cfg,experiments/data/hot8_scan_c12_seed42.in,ARC LIRS ARC 2Q,4,3 3 3 3,12,10000,5006,4994,0.5006,7992,2008,0.7992,2986
configs/exp4/arc_lirs_arc_arc.cfg,experiments/data/hot8_scan_c12_seed42.in,ARC LIRS ARC ARC,4,3 3 3 3,12,10000,4586,5414,0.4586,7992,2008,0.7992,3406
configs/exp4/arc_lirs_arc_lfu.cfg,experiments/data/hot8_scan_c12_seed42.in,ARC LIRS ARC LFU,4,3 3 3 3,12,10000,5106,4894,0.5106,7992,2008,0.7992,2886
configs/exp4/arc_lirs_arc_lirs.cfg,experiments/data/hot8_scan_c12_seed42.in,ARC LIRS ARC LIRS,4,3 3 3 3,12,10000,4681,5319,0.4681,7992,2008,0.7992,3311
configs/exp4/arc_lirs_arc_lru.cfg,experiments/data/hot8_scan_c12_seed42.in,ARC LIRS ARC LRU,4,3 3 3 3,12,10000,4443,5557,0.4443,7992,2008,0.7992,3549
configs/exp4/arc_lirs_lfu.cfg,experiments/data/hot8_scan_c12_seed42.in,ARC LIRS LFU,3,4 4 4,12,10000,5896,4104,0.5896,7992,2008,0.7992,2096
configs/exp4/arc_lirs_lfu_2q.cfg,experiments/data/hot8_scan_c12_seed42.in,ARC LIRS LFU 2Q,4,3 3 3 3,12,10000,5633,4367,0.5633,7992,2008,0.7992,2359
configs/exp4/arc_lirs_lfu_arc.cfg,experiments/data/hot8_scan_c12_seed42.in,ARC LIRS LFU ARC,4,3 3 3 3,12,10000,5305,4695,0.5305,7992,2008,0.7992,2687
configs/exp4/arc_lirs_lfu_lfu.cfg,experiments/data/hot8_scan_c12_seed42.in,ARC LIRS LFU LFU,4,3 3 3 3,12,10000,5772,4228,0.5772,7992,2008,0.7992,2220
configs/exp4/arc_lirs_lfu_lirs.cfg,experiments/data/hot8_scan_c12_seed42.in,ARC LIRS LFU LIRS,4,3 3 3 3,12,10000,5298,4702,0.5298,7992,2008,0.7992,2694
configs/exp4/arc_lirs_lfu_lru.cfg,experiments/data/hot8_scan_c12_seed42.in,ARC LIRS LFU LRU,4,3 3 3 3,12,10000,5178,4822,0.5178,7992,2008,0.7992,2814
configs/exp4/arc_lirs_lirs.cfg,experiments/data/hot8_scan_c12_seed42.in,ARC LIRS LIRS,3,4 4 4,12,10000,5253,4747,0.5253,7992,2008,0.7992,2739
configs/exp4/arc_lirs_lirs_2q.cfg,experiments/data/hot8_scan_c12_seed42.in,ARC LIRS LIRS 2Q,4,3 3 3 3,12,10000,4865,5135,0.4865,7992,2008,0.7992,3127
configs/exp4/arc_lirs_lirs_arc.cfg,experiments/data/hot8_scan_c12_seed42.in,ARC LIRS LIRS ARC,4,3 3 3 3,12,10000,4519,5481,0.4519,7992,2008,0.7992,3473
configs/exp4/arc_lirs_lirs_lfu.cfg,experiments/data/hot8_scan_c12_seed42.in,ARC LIRS LIRS LFU,4,3 3 3 3,12,10000,4974,5026,0.4974,7992,2008,0.7992,3018
configs/exp4/arc_lirs_lirs_lirs.cfg,experiments/data/hot8_scan_c12_seed42.in,ARC LIRS LIRS LIRS,4,3 3 3 3,12,10000,4167,5833,0.4167,7992,2008,0.7992,3825
configs/exp4/arc_lirs_lirs_lru.cfg,experiments/data/hot8_scan_c12_seed42.in,ARC LIRS LIRS LRU,4,3 3 3 3,12,10000,4441,5559,0.4441,7992,2008,0.7992,3551
configs/exp4/arc_lirs_lru.cfg,experiments/data/hot8_scan_c12_seed42.in,ARC LIRS LRU,3,4 4 4,12,10000,5232,4768,0.5232,7992,2008,0.7992,2760
configs/exp4/arc_lirs_lru_2q.cfg,experiments/data/hot8_scan_c12_seed42.in,ARC LIRS LRU 2Q,4,3 3 3 3,12,10000,5012,4988,0.5012,7992,2008,0.7992,2980
configs/exp4/arc_lirs_lru_arc.cfg,experiments/data/hot8_scan_c12_seed42.in,ARC LIRS LRU ARC,4,3 3 3 3,12,10000,4672,5328,0.4672,7992,2008,0.7992,3320
configs/exp4/arc_lirs_lru_lfu.cfg,experiments/data/hot8_scan_c12_seed42.in,ARC LIRS LRU LFU,4,3 3 3 3,12,10000,4692,5308,0.4692,7992,2008,0.7992,3300
configs/exp4/arc_lirs_lru_lirs.cfg,experiments/data/hot8_scan_c12_seed42.in,ARC LIRS LRU LIRS,4,3 3 3 3,12,10000,4596,5404,0.4596,7992,2008,0.7992,3396
configs/exp4/arc_lirs_lru_lru.cfg,experiments/data/hot8_scan_c12_seed42.in,ARC LIRS LRU LRU,4,3 3 3 3,12,10000,4049,5951,0.4049,7992,2008,0.7992,3943
configs/exp4/arc_lru.cfg,experiments/data/hot8_scan_c12_seed42.in,ARC LRU,2,6 6,12,10000,5796,4204,0.5796,7992,2008,0.7992,2196
configs/exp4/arc_lru_2q.cfg,experiments/data/hot8_scan_c12_seed42.in,ARC LRU 2Q,3,4 4 4,12,10000,5474,4526,0.5474,7992,2008,0.7992,2518
configs/exp4/arc_lru_2q_2q.cfg,experiments/data/hot8_scan_c12_seed42.in,ARC LRU 2Q 2Q,4,3 3 3 3,12,10000,5170,4830,0.517,7992,2008,0.7992,2822
configs/exp4/arc_lru_2q_arc.cfg,experiments/data/hot8_scan_c12_seed42.in,ARC LRU 2Q ARC,4,3 3 3 3,12,10000,4970,5030,0.497,7992,2008,0.7992,3022
configs/exp4/arc_lru_2q_lfu.cfg,experiments/data/hot8_scan_c12_seed42.in,ARC LRU 2Q LFU,4,3 3 3 3,12,10000,4973,5027,0.4973,7992,2008,0.7992,3019
configs/exp4/arc_lru_2q_lirs.cfg,experiments/data/hot8_scan_c12_seed42.in,ARC LRU 2Q LIRS,4,3 3 3 3,12,10000,5267,4733,0.5267,7992,2008,0.7992,2725
configs/exp4/arc_lru_2q_lru.cfg,experiments/data/hot8_scan_c12_seed42.in,ARC LRU 2Q LRU,4,3 3 3 3,12,10000,4445,5555,0.4445,7992,2008,0.7992,3547
configs/exp4/arc_lru_arc.cfg,experiments/data/hot8_scan_c12_seed42.in,ARC LRU ARC,3,4 4 4,12,10000,4905,5095,0.4905,7992,2008,0.7992,3087
configs/exp4/arc_lru_arc_2q.cfg,experiments/data/hot8_scan_c12_seed42.in,ARC LRU ARC 2Q,4,3 3 3 3,12,10000,4729,5271,0.4729,7992,2008,0.7992,3263
configs/exp4/arc_lru_arc_arc.cfg,experiments/data/hot8_scan_c12_seed42.in,ARC LRU ARC ARC,4,3 3 3 3,12,10000,4203,5797,0.4203,7992,2008,0.7992,3789
configs/exp4/arc_lru_arc_lfu.cfg,experiments/data/hot8_scan_c12_seed42.in,ARC LRU ARC LFU,4,3 3 3 3,12,10000,4755,5245,0.4755,7992,2008,0.7992,3237
configs/exp4/arc_lru_arc_lirs.cfg,experiments/data/hot8_scan_c12_seed42.in,ARC LRU ARC LIRS,4,3 3 3 3,12,10000,4623,5377,0.4623,7992,2008,0.7992,3369
configs/exp4/arc_lru_arc_lru.cfg,experiments/data/hot8_scan_c12_seed42.in,ARC LRU ARC LRU,4,3 3 3 3,12,10000,3903,6097,0.3903,7992,2008,0.7992,4089
configs/exp4/arc_lru_lfu.cfg,experiments/data/hot8_scan_c12_seed42.in,ARC LRU LFU,3,4 4 4,12,10000,5307,4693,0.5307,7992,2008,0.7992,2685
configs/exp4/arc_lru_lfu_2q.cfg,experiments/data/hot8_scan_c12_seed42.in,ARC LRU LFU 2Q,4,3 3 3 3,12,10000,5108,4892,0.5108,7992,2008,0.7992,2884
configs/exp4/arc_lru_lfu_arc.cfg,experiments/data/hot8_scan_c12_seed42.in,ARC LRU LFU ARC,4,3 3 3 3,12,10000,4646,5354,0.4646,7992,2008,0.7992,3346
configs/exp4/arc_lru_lfu_lfu.cfg,experiments/data/hot8_scan_c12_seed42.in,ARC LRU LFU LFU,4,3 3 3 3,12,10000,5160,4840,0.516,7992,2008,0.7992,2832
configs/exp4/arc_lru_lfu_lirs.cfg,experiments/data/hot8_scan_c12_seed42.in,ARC LRU LFU LIRS,4,3 3 3 3,12,10000,4964,5036,0.4964,7992,2008,0.7992,3028
configs/exp4/arc_lru_lfu_lru.cfg,experiments/data/hot8_scan_c12_seed42.in,ARC LRU LFU LRU,4,3 3 3 3,12,10000,4125,5875,0.4125,7992,2008,0.7992,3867
configs/exp4/arc_lru_lirs.cfg,experiments/data/hot8_scan_c12_seed42.in,ARC LRU LIRS,3,4 4 4,12,10000,5209,4791,0.5209,7992,2008,0.7992,2783
configs/exp4/arc_lru_lirs_2q.cfg,experiments/data/hot8_scan_c12_seed42.in,ARC LRU LIRS 2Q,4,3 3 3 3,12,10000,4956,5044,0.4956,7992,2008,0.7992,3036
configs/exp4/arc_lru_lirs_arc.cfg,experiments/data/hot8_scan_c12_seed42.in,ARC LRU LIRS ARC,4,3 3 3 3,12,10000,4603,5397,0.4603,7992,2008,0.7992,3389
configs/exp4/arc_lru_lirs_lfu.cfg,experiments/data/hot8_scan_c12_seed42.in,ARC LRU LIRS LFU,4,3 3 3 3,12,10000,4950,5050,0.495,7992,2008,0.7992,3042
configs/exp4/arc_lru_lirs_lirs.cfg,experiments/data/hot8_scan_c12_seed42.in,ARC LRU LIRS LIRS,4,3 3 3 3,12,10000,4469,5531,0.4469,7992,2008,0.7992,3523
configs/exp4/arc_lru_lirs_lru.cfg,experiments/data/hot8_scan_c12_seed42.in,ARC LRU LIRS LRU,4,3 3 3 3,12,10000,4159,5841,0.4159,7992,2008,0.7992,3833
configs/exp4/arc_lru_lru.cfg,experiments/data/hot8_scan_c12_seed42.in,ARC LRU LRU,3,4 4 4,12,10000,4077,5923,0.4077,7992,2008,0.7992,3915
configs/exp4/arc_lru_lru_2q.cfg,experiments/data/hot8_scan_c12_seed42.in,ARC LRU LRU 2Q,4,3 3 3 3,12,10000,4224,5776,0.4224,7992,2008,0.7992,3768
configs/exp4/arc_lru_lru_arc.cfg,experiments/data/hot8_scan_c12_seed42.in,ARC LRU LRU ARC,4,3 3 3 3,12,10000,3043,6957,0.3043,7992,2008,0.7992,4949
configs/exp4/arc_lru_lru_lfu.cfg,experiments/data/hot8_scan_c12_seed42.in,ARC LRU LRU LFU,4,3 3 3 3,12,10000,3039,6961,0.3039,7992,2008,0.7992,4953
configs/exp4/arc_lru_lru_lirs.cfg,experiments/data/hot8_scan_c12_seed42.in,ARC LRU LRU LIRS,4,3 3 3 3,12,10000,4006,5994,0.4006,7992,2008,0.7992,3986
configs/exp4/arc_lru_lru_lru.cfg,experiments/data/hot8_scan_c12_seed42.in,ARC LRU LRU LRU,4,3 3 3 3,12,10000,2999,7001,0.2999,7992,2008,0.7992,4993
configs/exp4/lfu_2q.cfg,experiments/data/hot8_scan_c12_seed42.in,LFU 2Q,2,6 6,12,10000,7987,2013,0.7987,7992,2008,0.7992,5
configs/exp4/lfu_2q_2q.cfg,experiments/data/hot8_scan_c12_seed42.in,LFU 2Q 2Q,3,4 4 4,12,10000,7137,2863,0.7137,7992,2008,0.7992,855
configs/exp4/lfu_2q_2q_2q.cfg,experiments/data/hot8_scan_c12_seed42.in,LFU 2Q 2Q 2Q,4,3 3 3 3,12,10000,5841,4159,0.5841,7992,2008,0.7992,2151
configs/exp4/lfu_2q_2q_arc.cfg,experiments/data/hot8_scan_c12_seed42.in,LFU 2Q 2Q ARC,4,3 3 3 3,12,10000,6237,3763,0.6237,7992,2008,0.7992,1755
configs/exp4/lfu_2q_2q_lfu.cfg,experiments/data/hot8_scan_c12_seed42.in,LFU 2Q 2Q LFU,4,3 3 3 3,12,10000,6193,3807,0.6193,7992,2008,0.7992,1799
configs/exp4/lfu_2q_2q_lirs.cfg,experiments/data/hot8_scan_c12_seed42.in,LFU 2Q 2Q LIRS,4,3 3 3 3,12,10000,6328,3672,0.6328,7992,2008,0.7992,1664
configs/exp4/lfu_2q_2q_lru.cfg,experiments/data/hot8_scan_c12_seed42.in,LFU 2Q 2Q LRU,4,3 3 3 3,12,10000,6163,3837,0.6163,7992,2008,0.7992,1829
configs/exp4/lfu_2q_arc.cfg,experiments/data/hot8_scan_c12_seed42.in,LFU 2Q ARC,3,4 4 4,12,10000,7341,2659,0.7341,7992,2008,0.7992,651
configs/exp4/lfu_2q_arc_2q.cfg,experiments/data/hot8_scan_c12_seed42.in,LFU 2Q ARC 2Q,4,3 3 3 3,12,10000,6249,3751,0.6249,7992,2008,0.7992,1743
configs/exp4/lfu_2q_arc_arc.cfg,experiments/data/hot8_scan_c12_seed42.in,LFU 2Q ARC ARC,4,3 3 3 3,12,10000,5978,4022,0.5978,7992,2008,0.7992,2014
configs/exp4/lfu_2q_arc_lfu.cfg,experiments/data/hot8_scan_c12_seed42.in,LFU 2Q ARC LFU,4,3 3 3 3,12,10000,6410,3590,0.641,7992,2008,0.7992,1582
configs/exp4/lfu_2q_arc_lirs.cfg,experiments/data/hot8_scan_c12_seed42.in,LFU 2Q ARC LIRS,4,3 3 3 3,12,10000,6297,3703,0.6297,7992,2008,0.7992,1695
configs/exp4/lfu_2q_arc_lru.cfg,experiments/data/hot8_scan_c12_seed42.in,LFU 2Q ARC LRU,4,3 3 3 3,12,10000,6025,3975,0.6025,7992,2008,0.7992,1967
configs/exp4/lfu_2q_lfu.cfg,experiments/data/hot8_scan_c12_seed42.in,LFU 2Q LFU,3,4 4 4,12,10000,7289,2711,0.7289,7992,2008,0.7992,703
configs/exp4/lfu_2q_lfu_2q.cfg,experiments/data/hot8_scan_c12_seed42.in,LFU 2Q LFU 2Q,4,3 3 3 3,12,10000,6790,3210,0.679,7992,2008,0.7992,1202
configs/exp4/lfu_2q_lfu_arc.cfg,experiments/data/hot8_scan_c12_seed42.in,LFU 2Q LFU ARC,4,3 3 3 3,12,10000,6930,3070,0.693,7992,2008,0.7992,1062
configs/exp4/lfu_2q_lfu_lfu.cfg,experiments/data/hot8_scan_c12_seed42.in,LFU 2Q LFU LFU,4,3 3 3 3,12,10000,6878,3122,0.6878,7992,2008,0.7992,1114
configs/exp4/lfu_2q_lfu_lirs.cfg,experiments/data/hot8_scan_c12_seed42.in,LFU 2Q LFU LIRS,4,3 3 3 3,12,10000,6885,3115,0.6885,7992,2008,0.7992,1107
configs/exp4/lfu_2q_lfu_lru.cfg,experiments/data/hot8_scan_c12_seed42.in,LFU 2Q LFU LRU,4,3 3 3 3,12,10000,6499,3501,0.6499,7992,2008,0.7992,1493
configs/exp4/lfu_2q_lirs.cfg,experiments/data/hot8_scan_c12_seed42.in,LFU 2Q LIRS,3,4 4 4,12,10000,7271,2729,0.7271,7992,2008,0.7992,721
configs/exp4/lfu_2q_lirs_2q.cfg,experiments/data/hot8_scan_c12_seed42.in,LFU 2Q LIRS 2Q,4,3 3 3 3,12,10000,6261,3739,0.6261,7992,2008,0.7992,1731
configs/exp4/lfu_2q_lirs_arc.cfg,experiments/data/hot8_scan_c12_seed42.in,LFU 2Q LIRS ARC,4,3 3 3 3,12,10000,6243,3757,0.6243,7992,2008,0.7992,1749
configs/exp4/lfu_2q_lirs_lfu.cfg,experiments/data/hot8_scan_c12_seed42.in,LFU 2Q LIRS LFU,4,3 3 3 3,12,10000,6485,3515,0.6485,7992,2008,0.7992,1507
configs/exp4/lfu_2q_lirs_lirs.cfg,experiments/data/hot8_scan_c12_seed42.in,LFU 2Q LIRS LIRS,4,3 3 3 3,12,10000,6131,3869,0.6131,7992,2008,0.7992,1861
configs/exp4/lfu_2q_lirs_lru.cfg,experiments/data/hot8_scan_c12_seed42.in,LFU 2Q LIRS LRU,4,3 3 3 3,12,10000,6315,3685,0.6315,7992,2008,0.7992,1677
configs/exp4/lfu_2q_lru.cfg,experiments/data/hot8_scan_c12_seed42.in,LFU 2Q LRU,3,4 4 4,12,10000,7056,2944,0.7056,7992,2008,0.7992,936
configs/exp4/lfu_2q_lru_2q.cfg,experiments/data/hot8_scan_c12_seed42.in,LFU 2Q LRU 2Q,4,3 3 3 3,12,10000,6272,3728,0.6272,7992,2008,0.7992,1720
configs/exp4/lfu_2q_lru_arc.cfg,experiments/data/hot8_scan_c12_seed42.in,LFU 2Q LRU ARC,4,3 3 3 3,12,10000,6199,3801,0.6199,7992,2008,0.7992,1793
configs/exp4/lfu_2q_lru_lfu.cfg,experiments/data/hot8_scan_c12_seed42.in,LFU 2Q LRU LFU,4,3 3 3 3,12,10000,6297,3703,0.6297,7992,2008,0.7992,1695
configs/exp4/lfu_2q_lru_lirs.cfg,experiments/data/hot8_scan_c12_seed42.in,LFU 2Q LRU LIRS,4,3 3 3 3,12,10000,6394,3606,0.6394,7992,2008,0.7992,1598
configs/exp4/lfu_2q_lru_lru.cfg,experiments/data/hot8_scan_c12_seed42.in,LFU 2Q LRU LRU,4,3 3 3 3,12,10000,5603,4397,0.5603,7992,2008,0.7992,2389
configs/exp4/lfu_arc.cfg,experiments/data/hot8_scan_c12_seed42.in,LFU ARC,2,6 6,12,10000,7988,2012,0.7988,7992,2008,0.7992,4
configs/exp4/lfu_arc_2q.cfg,experiments/data/hot8_scan_c12_seed42.in,LFU ARC 2Q,3,4 4 4,12,10000,7141,2859,0.7141,7992,2008,0.7992,851
configs/exp4/lfu_arc_2q_2q.cfg,experiments/data/hot8_scan_c12_seed42.in,LFU ARC 2Q 2Q,4,3 3 3 3,12,10000,5996,4004,0.5996,7992,2008,0.7992,1996
configs/exp4/lfu_arc_2q_arc.cfg,experiments/data/hot8_scan_c12_seed42.in,LFU ARC 2Q ARC,4,3 3 3 3,12,10000,6140,3860,0.614,7992,2008,0.7992,1852
configs/exp4/lfu_arc_2q_lfu.cfg,experiments/data/hot8_scan_c12_seed42.in,LFU ARC 2Q LFU,4,3 3 3 3,12,10000,6281,3719,0.6281,7992,2008,0.7992,1711
configs/exp4/lfu_arc_2q_lirs.cfg,experiments/data/hot8_scan_c12_seed42.in,LFU ARC 2Q LIRS,4,3 3 3 3,12,10000,6309,3691,0.6309,7992,2008,0.7992,1683
configs/exp4/lfu_arc_2q_lru.cfg,experiments/data/hot8_scan_c12_seed42.in,LFU ARC 2Q LRU,4,3 3 3 3,12,10000,5929,4071,0.5929,7992,2008,0.7992,2063
configs/exp4/lfu_arc_arc.cfg,experiments/data/hot8_scan_c12_seed42.in,LFU ARC ARC,3,4 4 4,12,10000,6960,3040,0.696,7992,2008,0.7992,1032
configs/exp4/lfu_arc_arc_2q.cfg,experiments/data/hot8_scan_c12_seed42.in,LFU ARC ARC 2Q,4,3 3 3 3,12,10000,5814,4186,0.5814,7992,2008,0.7992,2178
configs/exp4/lfu_arc_arc_arc.cfg,experiments/data/hot8_scan_c12_seed42.in,LFU ARC ARC ARC,4,3 3 3 3,12,10000,5235,4765,0.5235,7992,2008,0.7992,2757
configs/exp4/lfu_arc_arc_lfu.cfg,experiments/data/hot8_scan_c12_seed42.in,LFU ARC ARC LFU,4,3 3 3 3,12,10000,5909,4091,0.5909,7992,2008,0.7992,2083
configs/exp4/lfu_arc_arc_lirs.cfg,experiments/data/hot8_scan_c12_seed42.in,LFU ARC ARC LIRS,4,3 3 3 3,12,10000,5667,4333,0.5667,7992,2008,0.7992,2325
configs/exp4/lfu_arc_arc_lru.cfg,experiments/data/hot8_scan_c12_seed42.in,LFU ARC ARC LRU,4,3 3 3 3,12,10000,5254,4746,0.5254,7992,2008,0.7992,2738
configs/exp4/lfu_arc_lfu.cfg,experiments/data/hot8_scan_c12_seed42.in,LFU ARC LFU,3,4 4 4,12,10000,7237,2763,0.7237,7992,2008,0.7992,755
configs/exp4/lfu_arc_lfu_2q.cfg,experiments/data/hot8_scan_c12_seed42.in,LFU ARC LFU 2Q,4,3 3 3 3,12,10000,6632,3368,0.6632,7992,2008,0.7992,1360
configs/exp4/lfu_arc_lfu_arc.cfg,experiments/data/hot8_scan_c12_seed42.in,LFU ARC LFU ARC,4,3 3 3 3,12,10000,6429,3571,0.6429,7992,2008,0.7992,1563
configs/exp4/lfu_arc_lfu_lfu.cfg,experiments/data/hot8_scan_c12_seed42.in,LFU ARC LFU LFU,4,3 3 3 3,12,10000,6751,3249,0.6751,7992,2008,0.7992,1241
configs/exp4/lfu_arc_lfu_lirs.cfg,experiments/data/hot8_scan_c12_seed42.in,LFU ARC LFU LIRS,4,3 3 3 3,12,10000,6593,3407,0.6593,7992,2008,0.7992,1399
configs/exp4/lfu_arc_lfu_lru.cfg,experiments/data/hot8_scan_c12_seed42.in,LFU ARC LFU LRU,4,3 3 3 3,12,10000,6065,3935,0.6065,7992,2008,0.7992,1927
configs/exp4/lfu_arc_lirs.cfg,experiments/data/hot8_scan_c12_seed42.in,LFU ARC LIRS,3,4 4 4,12,10000,7099,2901,0.7099,7992,2008,0.7992,893
configs/exp4/lfu_arc_lirs_2q.cfg,experiments/data/hot8_scan_c12_seed42.in,LFU ARC LIRS 2Q,4,3 3 3 3,12,10000,6047,3953,0.6047,7992,2008,0.7992,1945
configs/exp4/lfu_arc_lirs_arc.cfg,experiments/data/hot8_scan_c12_seed42.in,LFU ARC LIRS ARC,4,3 3 3 3,12,10000,5776,4224,0.5776,7992,2008,0.7992,2216
configs/exp4/lfu_arc_lirs_lfu.cfg,experiments/data/hot8_scan_c12_seed42.in,LFU ARC LIRS LFU,4,3 3 3 3,12,10000,6174,3826,0.6174,7992,2008,0.7992,1818
configs/exp4/lfu_arc_lirs_lirs.cfg,experiments/data/hot8_scan_c12_seed42.in,LFU ARC LIRS LIRS,4,3 3 3 3,12,10000,5697,4303,0.5697,7992,2008,0.7992,2295
configs/exp4/lfu_arc_lirs_lru.cfg,experiments/data/hot8_scan_c12_seed42.in,LFU ARC LIRS LRU,4,3 3 3 3,12,10000,5724,4276,0.5724,7992,2008,0.7992,2268
configs/exp4/lfu_arc_lru.cfg,experiments/data/hot8_scan_c12_seed42.in,LFU ARC LRU,3,4 4 4,12,10000,6495,3505,0.6495,7992,2008,0.7992,1497
configs/exp4/lfu_arc_lru_2q.cfg,experiments/data/hot8_scan_c12_seed42.in,LFU ARC LRU 2Q,4,3 3 3 3,12,10000,5566,4434,0.5566,7992,2008,0.7992,2426
configs/exp4/lfu_arc_lru_arc.cfg,experiments/data/hot8_scan_c12_seed42.in,LFU ARC LRU ARC,4,3 3 3 3,12,10000,5459,4541,0.5459,7992,2008,0.7992,2533
configs/exp4/lfu_arc_lru_lfu.cfg,experiments/data/hot8_scan_c12_seed42.in,LFU ARC LRU LFU,4,3 3 3 3,12,10000,5561,4439,0.5561,7992,2008,0.7992,2431
configs/exp4/lfu_arc_lru_lirs.cfg,experiments/data/hot8_scan_c12_seed42.in,LFU ARC LRU LIRS,4,3 3 3 3,12,10000,5685,4315,0.5685,7992,2008,0.7992,2307
configs/exp4/lfu_arc_lru_lru.cfg,experiments/data/hot8_scan_c12_seed42.in,LFU ARC LRU LRU,4,3 3 3 3,12,10000,4853,5147,0.4853,7992,2008,0.7992,3139
configs/exp4/lfu_lfu_2q.cfg,experiments/data/hot8_scan_c12_seed42.in,LFU LFU 2Q,3,4 4 4,12,10000,7984,2016,0.7984,7992,2008,0.7992,8
configs/exp4/lfu_lfu_2q_2q.cfg,experiments/data/hot8_scan_c12_seed42.in,LFU LFU 2Q 2Q,4,3 3 3 3,12,10000,6931,3069,0.6931,7992,2008,0.7992,1061
configs/exp4/lfu_lfu_2q_arc.cfg,experiments/data/hot8_scan_c12_seed42.in,LFU LFU 2Q ARC,4,3 3 3 3,12,10000,7253,2747,0.7253,7992,2008,0.7992,739
configs/exp4/lfu_lfu_2q_lfu.cfg,experiments/data/hot8_scan_c12_seed42.in,LFU LFU 2Q LFU,4,3 3 3 3,12,10000,7148,2852,0.7148,7992,2008,0.7992,844
configs/exp4/lfu_lfu_2q_lirs.cfg,experiments/data/hot8_scan_c12_seed42.in,LFU LFU 2Q LIRS,4,3 3 3 3,12,10000,7247,2753,0.7247,7992,2008,0.7992,745
configs/exp4/lfu_lfu_2q_lru.cfg,experiments/data/hot8_scan_c12_seed42.in,LFU LFU 2Q LRU,4,3 3 3 3,12,10000,6938,3062,0.6938,7992,2008,0.7992,1054
configs/exp4/lfu_lfu_arc.cfg,experiments/data/hot8_scan_c12_seed42.in,LFU LFU ARC,3,4 4 4,12,10000,7984,2016,0.7984,7992,2008,0.7992,8
configs/exp4/lfu_lfu_arc_2q.cfg,experiments/data/hot8_scan_c12_seed42.in,LFU LFU ARC 2Q,4,3 3 3 3,12,10000,6966,3034,0.6966,7992,2008,0.7992,1026
configs/exp4/lfu_lfu_arc_arc.cfg,experiments/data/hot8_scan_c12_seed42.in,LFU LFU ARC ARC,4,3 3 3 3,12,10000,6660,3340,0.666,7992,2008,0.7992,1332
configs/exp4/lfu_lfu_arc_lfu.cfg,experiments/data/hot8_scan_c12_seed42.in,LFU LFU ARC LFU,4,3 3 3 3,12,10000,7092,2908,0.7092,7992,2008,0.7992,900
configs/exp4/lfu_lfu_arc_lirs.cfg,experiments/data/hot8_scan_c12_seed42.in,LFU LFU ARC LIRS,4,3 3 3 3,12,10000,6872,3128,0.6872,7992,2008,0.7992,1120
configs/exp4/lfu_lfu_arc_lru.cfg,experiments/data/hot8_scan_c12_seed42.in,LFU LFU ARC LRU,4,3 3 3 3,12,10000,6452,3548,0.6452,7992,2008,0.7992,1540
configs/exp4/lfu_lfu_lfu_2q.cfg,experiments/data/hot8_scan_c12_seed42.in,LFU LFU LFU 2Q,4,3 3 3 3,12,10000,7975,2025,0.7975,7992,2008,0.7992,17
configs/exp4/lfu_lfu_lfu_arc.cfg,experiments/data/hot8_scan_c12_seed42.in,LFU LFU LFU ARC,4,3 3 3 3,12,10000,7976,2024,0.7976,7992,2008,0.7992,16
configs/exp4/lfu_lfu_lfu_lirs.cfg,experiments/data/hot8_scan_c12_seed42.in,LFU LFU LFU LIRS,4,3 3 3 3,12,10000,7981,2019,0.7981,7992,2008,0.7992,11
configs/exp4/lfu_lfu_lfu_lru.cfg,experiments/data/hot8_scan_c12_seed42.in,LFU LFU LFU LRU,4,3 3 3 3,12,10000,7148,2852,0.7148,7992,2008,0.7992,844
configs/exp4/lfu_lfu_lirs.cfg,experiments/data/hot8_scan_c12_seed42.in,LFU LFU LIRS,3,4 4 4,12,10000,7986,2014,0.7986,7992,2008,0.7992,6
configs/exp4/lfu_lfu_lirs_2q.cfg,experiments/data/hot8_scan_c12_seed42.in,LFU LFU LIRS 2Q,4,3 3 3 3,12,10000,6958,3042,0.6958,7992,2008,0.7992,1034
configs/exp4/lfu_lfu_lirs_arc.cfg,experiments/data/hot8_scan_c12_seed42.in,LFU LFU LIRS ARC,4,3 3 3 3,12,10000,7024,2976,0.7024,7992,2008,0.7992,968
configs/exp4/lfu_lfu_lirs_lfu.cfg,experiments/data/hot8_scan_c12_seed42.in,LFU LFU LIRS LFU,4,3 3 3 3,12,10000,7129,2871,0.7129,7992,2008,0.7992,863
configs/exp4/lfu_lfu_lirs_lirs.cfg,experiments/data/hot8_scan_c12_seed42.in,LFU LFU LIRS LIRS,4,3 3 3 3,12,10000,6956,3044,0.6956,7992,2008,0.7992,1036
configs/exp4/lfu_lfu_lirs_lru.cfg,experiments/data/hot8_scan_c12_seed42.in,LFU LFU LIRS LRU,4,3 3 3 3,12,10000,6838,3162,0.6838,7992,2008,0.7992,1154
configs/exp4/lfu_lfu_lru.cfg,experiments/data/hot8_scan_c12_seed42.in,LFU LFU LRU,3,4 4 4,12,10000,7478,2522,0.7478,7992,2008,0.7992,514
configs/exp4/lfu_lfu_lru_2q.cfg,experiments/data/hot8_scan_c12_seed42.in,LFU LFU LRU 2Q,4,3 3 3 3,12,10000,6799,3201,0.6799,7992,2008,0.7992,1193
configs/exp4/lfu_lfu_lru_arc.cfg,experiments/data/hot8_scan_c12_seed42.in,LFU LFU LRU ARC,4,3 3 3 3,12,10000,6474,3526,0.6474,7992,2008,0.7992,1518
configs/exp4/lfu_lfu_lru_lfu.cfg,experiments/data/hot8_scan_c12_seed42.in,LFU LFU LRU LFU,4,3 3 3 3,12,10000,6824,3176,0.6824,7992,2008,0.7992,1168
configs/exp4/lfu_lfu_lru_lirs.cfg,experiments/data/hot8_scan_c12_seed42.in,LFU LFU LRU LIRS,4,3 3 3 3,12,10000,6768,3232,0.6768,7992,2008,0.7992,1224
configs/exp4/lfu_lfu_lru_lru.cfg,experiments/data/hot8_scan_c12_seed42.in,LFU LFU LRU LRU,4,3 3 3 3,12,10000,5792,4208,0.5792,7992,2008,0.7992,2200
configs/exp4/lfu_lirs.cfg,experiments/data/hot8_scan_c12_seed42.in,LFU LIRS,2,6 6,12,10000,7987,2013,0.7987,7992,2008,0.7992,5
configs/exp4/lfu_lirs_2q.cfg,experiments/data/hot8_scan_c12_seed42.in,LFU LIRS 2Q,3,4 4 4,12,10000,7133,2867,0.7133,7992,2008,0.7992,859
configs/exp4/lfu_lirs_2q_2q.cfg,experiments/data/hot8_scan_c12_seed42.in,LFU LIRS 2Q 2Q,4,3 3 3 3,12,10000,5911,4089,0.5911,7992,2008,0.7992,2081
configs/exp4/lfu_lirs_2q_arc.cfg,experiments/data/hot8_scan_c12_seed42.in,LFU LIRS 2Q ARC,4,3 3 3 3,12,10000,6144,3856,0.6144,7992,2008,0.7992,1848
configs/exp4/lfu_lirs_2q_lfu.cfg,experiments/data/hot8_scan_c12_seed42.in,LFU LIRS 2Q LFU,4,3 3 3 3,12,10000,6291,3709,0.6291,7992,2008,0.7992,1701
configs/exp4/lfu_lirs_2q_lirs.cfg,experiments/data/hot8_scan_c12_seed42.in,LFU LIRS 2Q LIRS,4,3 3 3 3,12,10000,6138,3862,0.6138,7992,2008,0.7992,1854
configs/exp4/lfu_lirs_2q_lru.cfg,experiments/data/hot8_scan_c12_seed42.in,LFU LIRS 2Q LRU,4,3 3 3 3,12,10000,6155,3845,0.6155,7992,2008,0.7992,1837
configs/exp4/lfu_lirs_arc.cfg,experiments/data/hot8_scan_c12_seed42.in,LFU LIRS ARC,3,4 4 4,12,10000,7263,2737,0.7263,7992,2008,0.7992,729
configs/exp4/lfu_lirs_arc_2q.cfg,experiments/data/hot8_scan_c12_seed42.in,LFU LIRS ARC 2Q,4,3 3 3 3,12,10000,6086,3914,0.6086,7992,2008,0.7992,1906
configs/exp4/lfu_lirs_arc_arc.cfg,experiments/data/hot8_scan_c12_seed42.in,LFU LIRS ARC ARC,4,3 3 3 3,12,10000,5759,4241,0.5759,7992,2008,0.7992,2233
configs/exp4/lfu_lirs_arc_lfu.cfg,experiments/data/hot8_scan_c12_seed42.in,LFU LIRS ARC LFU,4,3 3 3 3,12,10000,6211,3789,0.6211,7992,2008,0.7992,1781
configs/exp4/lfu_lirs_arc_lirs.cfg,experiments/data/hot8_scan_c12_seed42.in,LFU LIRS ARC LIRS,4,3 3 3 3,12,10000,5968,4032,0.5968,7992,2008,0.7992,2024
configs/exp4/lfu_lirs_arc_lru.cfg,experiments/data/hot8_scan_c12_seed42.in,LFU LIRS ARC LRU,4,3 3 3 3,12,10000,5720,4280,0.572,7992,2008,0.7992,2272
configs/exp4/lfu_lirs_lfu.cfg,experiments/data/hot8_scan_c12_seed42.in,LFU LIRS LFU,3,4 4 4,12,10000,7305,2695,0.7305,7992,2008,0.7992,687
configs/exp4/lfu_lirs_lfu_2q.cfg,experiments/data/hot8_scan_c12_seed42.in,LFU LIRS LFU 2Q,4,3 3 3 3,12,10000,6725,3275,0.6725,7992,2008,0.7992,1267
configs/exp4/lfu_lirs_lfu_arc.cfg,experiments/data/hot8_scan_c12_seed42.in,LFU LIRS LFU ARC,4,3 3 3 3,12,10000,6665,3335,0.6665,7992,2008,0.7992,1327
configs/exp4/lfu_lirs_lfu_lfu.cfg,experiments/data/hot8_scan_c12_seed42.in,LFU LIRS LFU LFU,4,3 3 3 3,12,10000,6875,3125,0.6875,7992,2008,0.7992,1117
configs/exp4/lfu_lirs_lfu_lirs.cfg,experiments/data/hot8_scan_c12_seed42.in,LFU LIRS LFU LIRS,4,3 3 3 3,12,10000,6616,3384,0.6616,7992,2008,0.7992,1376
configs/exp4/lfu_lirs_lfu_lru.cfg,experiments/data/hot8_scan_c12_seed42.in,LFU LIRS LFU LRU,4,3 3 3 3,12,10000,6393,3607,0.6393,7992,2008,0.7992,1599
configs/exp4/lfu_lirs_lirs.cfg,experiments/data/hot8_scan_c12_seed42.in,LFU LIRS LIRS,3,4 4 4,12,10000,7189,2811,0.7189,7992,2008,0.7992,803
configs/exp4/lfu_lirs_lirs_2q.cfg,experiments/data/hot8_scan_c12_seed42.in,LFU LIRS LIRS 2Q,4,3 3 3 3,12,10000,5935,4065,0.5935,7992,2008,0.7992,2057
configs/exp4/lfu_lirs_lirs_arc.cfg,experiments/data/hot8_scan_c12_seed42.in,LFU LIRS LIRS ARC,4,3 3 3 3,12,10000,5803,4197,0.5803,7992,2008,0.7992,2189
configs/exp4/lfu_lirs_lirs_lfu.cfg,experiments/data/hot8_scan_c12_seed42.in,LFU LIRS LIRS LFU,4,3 3 3 3,12,10000,6175,3825,0.6175,7992,2008,0.7992,1817
configs/exp4/lfu_lirs_lirs_lirs.cfg,experiments/data/hot8_scan_c12_seed42.in,LFU LIRS LIRS LIRS,4,3 3 3 3,12,10000,5504,4496,0.5504,7992,2008,0.7992,2488
configs/exp4/lfu_lirs_lirs_lru.cfg,experiments/data/hot8_scan_c12_seed42.in,LFU LIRS LIRS LRU,4,3 3 3 3,12,10000,5853,4147,0.5853,7992,2008,0.7992,2139
configs/exp4/lfu_lirs_lru.cfg,experiments/data/hot8_scan_c12_seed42.in,LFU LIRS LRU,3,4 4 4,12,10000,6984,3016,0.6984,7992,2008,0.7992,1008
configs/exp4/lfu_lirs_lru_2q.cfg,experiments/data/hot8_scan_c12_seed42.in,LFU LIRS LRU 2Q,4,3 3 3 3,12,10000,6090,3910,0.609,7992,2008,0.7992,1902
configs/exp4/lfu_lirs_lru_arc.cfg,experiments/data/hot8_scan_c12_seed42.in,LFU LIRS LRU ARC,4,3 3 3 3,12,10000,5966,4034,0.5966,7992,2008,0.7992,2026
configs/exp4/lfu_lirs_lru_lfu.cfg,experiments/data/hot8_scan_c12_seed42.in,LFU LIRS LRU LFU,4,3 3 3 3,12,10000,6104,3896,0.6104,7992,2008,0.7992,1888
configs/exp4/lfu_lirs_lru_lirs.cfg,experiments/data/hot8_scan_c12_seed42.in,LFU LIRS LRU LIRS,4,3 3 3 3,12,10000,6076,3924,0.6076,7992,2008,0.7992,1916
configs/exp4/lfu_lirs_lru_lru.cfg,experiments/data/hot8_scan_c12_seed42.in,LFU LIRS LRU LRU,4,3 3 3 3,12,10000,5429,4571,0.5429,7992,2008,0.7992,2563
configs/exp4/lfu_lru.cfg,experiments/data/hot8_scan_c12_seed42.in,LFU LRU,2,6 6,12,10000,7560,2440,0.756,7992,2008,0.7992,432
configs/exp4/lfu_lru_2q.cfg,experiments/data/hot8_scan_c12_seed42.in,LFU LRU 2Q,3,4 4 4,12,10000,6957,3043,0.6957,7992,2008,0.7992,1035
configs/exp4/lfu_lru_2q_2q.cfg,experiments/data/hot8_scan_c12_seed42.in,LFU LRU 2Q 2Q,4,3 3 3 3,12,10000,5946,4054,0.5946,7992,2008,0.7992,2046
configs/exp4/lfu_lru_2q_arc.cfg,experiments/data/hot8_scan_c12_seed42.in,LFU LRU 2Q ARC,4,3 3 3 3,12,10000,6121,3879,0.6121,7992,2008,0.7992,1871
configs/exp4/lfu_lru_2q_lfu.cfg,experiments/data/hot8_scan_c12_seed42.in,LFU LRU 2Q LFU,4,3 3 3 3,12,10000,5947,4053,0.5947,7992,2008,0.7992,2045
configs/exp4/lfu_lru_2q_lirs.cfg,experiments/data/hot8_scan_c12_seed42.in,LFU LRU 2Q LIRS,4,3 3 3 3,12,10000,6379,3621,0.6379,7992,2008,0.7992,1613
configs/exp4/lfu_lru_2q_lru.cfg,experiments/data/hot8_scan_c12_seed42.in,LFU LRU 2Q LRU,4,3 3 3 3,12,10000,5513,4487,0.5513,7992,2008,0.7992,2479
configs/exp4/lfu_lru_arc.cfg,experiments/data/hot8_scan_c12_seed42.in,LFU LRU ARC,3,4 4 4,12,10000,6576,3424,0.6576,7992,2008,0.7992,1416
configs/exp4/lfu_lru_arc_2q.cfg,experiments/data/hot8_scan_c12_seed42.in,LFU LRU ARC 2Q,4,3 3 3 3,12,10000,5851,4149,0.5851,7992,2008,0.7992,2141
configs/exp4/lfu_lru_arc_arc.cfg,experiments/data/hot8_scan_c12_seed42.in,LFU LRU ARC ARC,4,3 3 3 3,12,10000,5371,4629,0.5371,7992,2008,0.7992,2621
configs/exp4/lfu_lru_arc_lfu.cfg,experiments/data/hot8_scan_c12_seed42.in,LFU LRU ARC LFU,4,3 3 3 3,12,10000,5918,4082,0.5918,7992,2008,0.7992,2074
configs/exp4/lfu_lru_arc_lirs.cfg,experiments/data/hot8_scan_c12_seed42.in,LFU LRU ARC LIRS,4,3 3 3 3,12,10000,5741,4259,0.5741,7992,2008,0.7992,2251
configs/exp4/lfu_lru_arc_lru.cfg,experiments/data/hot8_scan_c12_seed42.in,LFU LRU ARC LRU,4,3 3 3 3,12,10000,5097,4903,0.5097,7992,2008,0.7992,2895
configs/exp4/lfu_lru_lfu.cfg,experiments/data/hot8_scan_c12_seed42.in,LFU LRU LFU,3,4 4 4,12,10000,6914,3086,0.6914,7992,2008,0.7992,1078
configs/exp4/lfu_lru_lfu_2q.cfg,experiments/data/hot8_scan_c12_seed42.in,LFU LRU LFU 2Q,4,3 3 3 3,12,10000,6491,3509,0.6491,7992,2008,0.7992,1501
configs/exp4/lfu_lru_lfu_arc.cfg,experiments/data/hot8_scan_c12_seed42.in,LFU LRU LFU ARC,4,3 3 3 3,12,10000,6237,3763,0.6237,7992,2008,0.7992,1755
configs/exp4/lfu_lru_lfu_lfu.cfg,experiments/data/hot8_scan_c12_seed42.in,LFU LRU LFU LFU,4,3 3 3 3,12,10000,6536,3464,0.6536,7992,2008,0.7992,1456
configs/exp4/lfu_lru_lfu_lirs.cfg,experiments/data/hot8_scan_c12_seed42.in,LFU LRU LFU LIRS,4,3 3 3 3,12,10000,6482,3518,0.6482,7992,2008,0.7992,1510
configs/exp4/lfu_lru_lfu_lru.cfg,experiments/data/hot8_scan_c12_seed42.in,LFU LRU LFU LRU,4,3 3 3 3,12,10000,5599,4401,0.5599,7992,2008,0.7992,2393
configs/exp4/lfu_lru_lirs.cfg,experiments/data/hot8_scan_c12_seed42.in,LFU LRU LIRS,3,4 4 4,12,10000,6891,3109,0.6891,7992,2008,0.7992,1101
configs/exp4/lfu_lru_lirs_2q.cfg,experiments/data/hot8_scan_c12_seed42.in,LFU LRU LIRS 2Q,4,3 3 3 3,12,10000,6073,3927,0.6073,7992,2008,0.7992,1919
configs/exp4/lfu_lru_lirs_arc.cfg,experiments/data/hot8_scan_c12_seed42.in,LFU LRU LIRS ARC,4,3 3 3 3,12,10000,5812,4188,0.5812,7992,2008,0.7992,2180
configs/exp4/lfu_lru_lirs_lfu.cfg,experiments/data/hot8_scan_c12_seed42.in,LFU LRU LIRS LFU,4,3 3 3 3,12,10000,6107,3893,0.6107,7992,2008,0.7992,1885
configs/exp4/lfu_lru_lirs_lirs.cfg,experiments/data/hot8_scan_c12_seed42.in,LFU LRU LIRS LIRS,4,3 3 3 3,12,10000,5810,4190,0.581,7992,2008,0.7992,2182
configs/exp4/lfu_lru_lirs_lru.cfg,experiments/data/hot8_scan_c12_seed42.in,LFU LRU LIRS LRU,4,3 3 3 3,12,10000,5473,4527,0.5473,7992,2008,0.7992,2519
configs/exp4/lfu_lru_lru.cfg,experiments/data/hot8_scan_c12_seed42.in,LFU LRU LRU,3,4 4 4,12,10000,5689,4311,0.5689,7992,2008,0.7992,2303
configs/exp4/lfu_lru_lru_2q.cfg,experiments/data/hot8_scan_c12_seed42.in,LFU LRU LRU 2Q,4,3 3 3 3,12,10000,5205,4795,0.5205,7992,2008,0.7992,2787
configs/exp4/lfu_lru_lru_arc.cfg,experiments/data/hot8_scan_c12_seed42.in,LFU LRU LRU ARC,4,3 3 3 3,12,10000,4921,5079,0.4921,7992,2008,0.7992,3071
configs/exp4/lfu_lru_lru_lfu.cfg,experiments/data/hot8_scan_c12_seed42.in,LFU LRU LRU LFU,4,3 3 3 3,12,10000,5188,4812,0.5188,7992,2008,0.7992,2804
configs/exp4/lfu_lru_lru_lirs.cfg,experiments/data/hot8_scan_c12_seed42.in,LFU LRU LRU LIRS,4,3 3 3 3,12,10000,5273,4727,0.5273,7992,2008,0.7992,2719
configs/exp4/lfu_lru_lru_lru.cfg,experiments/data/hot8_scan_c12_seed42.in,LFU LRU LRU LRU,4,3 3 3 3,12,10000,4159,5841,0.4159,7992,2008,0.7992,3833
configs/exp4/lirs_2q.cfg,experiments/data/hot8_scan_c12_seed42.in,LIRS 2Q,2,6 6,12,10000,6758,3242,0.6758,7992,2008,0.7992,1234
configs/exp4/lirs_2q_2q.cfg,experiments/data/hot8_scan_c12_seed42.in,LIRS 2Q 2Q,3,4 4 4,12,10000,5482,4518,0.5482,7992,2008,0.7992,2510
configs/exp4/lirs_2q_2q_2q.cfg,experiments/data/hot8_scan_c12_seed42.in,LIRS 2Q 2Q 2Q,4,3 3 3 3,12,10000,4712,5288,0.4712,7992,2008,0.7992,3280
configs/exp4/lirs_2q_2q_arc.cfg,experiments/data/hot8_scan_c12_seed42.in,LIRS 2Q 2Q ARC,4,3 3 3 3,12,10000,5093,4907,0.5093,7992,2008,0.7992,2899
configs/exp4/lirs_2q_2q_lfu.cfg,experiments/data/hot8_scan_c12_seed42.in,LIRS 2Q 2Q LFU,4,3 3 3 3,12,10000,5266,4734,0.5266,7992,2008,0.7992,2726
configs/exp4/lirs_2q_2q_lirs.cfg,experiments/data/hot8_scan_c12_seed42.in,LIRS 2Q 2Q LIRS,4,3 3 3 3,12,10000,5148,4852,0.5148,7992,2008,0.7992,2844
configs/exp4/lirs_2q_2q_lru.cfg,experiments/data/hot8_scan_c12_seed42.in,LIRS 2Q 2Q LRU,4,3 3 3 3,12,10000,5099,4901,0.5099,7992,2008,0.7992,2893
configs/exp4/lirs_2q_arc.cfg,experiments/data/hot8_scan_c12_seed42.in,LIRS 2Q ARC,3,4 4 4,12,10000,5724,4276,0.5724,7992,2008,0.7992,2268
configs/exp4/lirs_2q_arc_2q.cfg,experiments/data/hot8_scan_c12_seed42.in,LIRS 2Q ARC 2Q,4,3 3 3 3,12,10000,5297,4703,0.5297,7992,2008,0.7992,2695
configs/exp4/lirs_2q_arc_arc.cfg,experiments/data/hot8_scan_c12_seed42.in,LIRS 2Q ARC ARC,4,3 3 3 3,12,10000,5028,4972,0.5028,7992,2008,0.7992,2964
configs/exp4/lirs_2q_arc_lfu.cfg,experiments/data/hot8_scan_c12_seed42.in,LIRS 2Q ARC LFU,4,3 3 3 3,12,10000,5454,4546,0.5454,7992,2008,0.7992,2538
configs/exp4/lirs_2q_arc_lirs.cfg,experiments/data/hot8_scan_c12_seed42.in,LIRS 2Q ARC LIRS,4,3 3 3 3,12,10000,5268,4732,0.5268,7992,2008,0.7992,2724
configs/exp4/lirs_2q_arc_lru.cfg,experiments/data/hot8_scan_c12_seed42.in,LIRS 2Q ARC LRU,4,3 3 3 3,12,10000,4952,5048,0.4952,7992,2008,0.7992,3040
configs/exp4/lirs_2q_lfu.cfg,experiments/data/hot8_scan_c12_seed42.in,LIRS 2Q LFU,3,4 4 4,12,10000,6090,3910,0.609,7992,2008,0.7992,1902
configs/exp4/lirs_2q_lfu_2q.cfg,experiments/data/hot8_scan_c12_seed42.in,LIRS 2Q LFU 2Q,4,3 3 3 3,12,10000,5602,4398,0.5602,7992,2008,0.7992,2390
configs/exp4/lirs_2q_lfu_arc.cfg,experiments/data/hot8_scan_c12_seed42.in,LIRS 2Q LFU ARC,4,3 3 3 3,12,10000,5632,4368,0.5632,7992,2008,0.7992,2360
configs/exp4/lirs_2q_lfu_lfu.cfg,experiments/data/hot8_scan_c12_seed42.in,LIRS 2Q LFU LFU,4,3 3 3 3,12,10000,5906,4094,0.5906,7992,2008,0.7992,2086
configs/exp4/lirs_2q_lfu_lirs.cfg,experiments/data/hot8_scan_c12_seed42.in,LIRS 2Q LFU LIRS,4,3 3 3 3,12,10000,5692,4308,0.5692,7992,2008,0.7992,2300
configs/exp4/lirs_2q_lfu_lru.cfg,experiments/data/hot8_scan_c12_seed42.in,LIRS 2Q LFU LRU,4,3 3 3 3,12,10000,5557,4443,0.5557,7992,2008,0.7992,2435
configs/exp4/lirs_2q_lirs.cfg,experiments/data/hot8_scan_c12_seed42.in,LIRS 2Q LIRS,3,4 4 4,12,10000,5732,4268,0.5732,7992,2008,0.7992,2260
configs/exp4/lirs_2q_lirs_2q.cfg,experiments/data/hot8_scan_c12_seed42.in,LIRS 2Q LIRS 2Q,4,3 3 3 3,12,10000,5182,4818,0.5182,7992,2008,0.7992,2810
configs/exp4/lirs_2q_lirs_arc.cfg,experiments/data/hot8_scan_c12_seed42.in,LIRS 2Q LIRS ARC,4,3 3 3 3,12,10000,5175,4825,0.5175,7992,2008,0.7992,2817
configs/exp4/lirs_2q_lirs_lfu.cfg,experiments/data/hot8_scan_c12_seed42.in,LIRS 2Q LIRS LFU,4,3 3 3 3,12,10000,5410,4590,0.541,7992,2008,0.7992,2582
configs/exp4/lirs_2q_lirs_lirs.cfg,experiments/data/hot8_scan_c12_seed42.in,LIRS 2Q LIRS LIRS,4,3 3 3 3,12,10000,4927,5073,0.4927,7992,2008,0.7992,3065
configs/exp4/lirs_2q_lirs_lru.cfg,experiments/data/hot8_scan_c12_seed42.in,LIRS 2Q LIRS LRU,4,3 3 3 3,12,10000,5237,4763,0.5237,7992,2008,0.7992,2755
configs/exp4/lirs_2q_lru.cfg,experiments/data/hot8_scan_c12_seed42.in,LIRS 2Q LRU,3,4 4 4,12,10000,5738,4262,0.5738,7992,2008,0.7992,2254
configs/exp4/lirs_2q_lru_2q.cfg,experiments/data/hot8_scan_c12_seed42.in,LIRS 2Q LRU 2Q,4,3 3 3 3,12,10000,5394,4606,0.5394,7992,2008,0.7992,2598
configs/exp4/lirs_2q_lru_arc.cfg,experiments/data/hot8_scan_c12_seed42.in,LIRS 2Q LRU ARC,4,3 3 3 3,12,10000,5252,4748,0.5252,7992,2008,0.7992,2740
configs/exp4/lirs_2q_lru_lfu.cfg,experiments/data/hot8_scan_c12_seed42.in,LIRS 2Q LRU LFU,4,3 3 3 3,12,10000,5363,4637,0.5363,7992,2008,0.7992,2629
configs/exp4/lirs_2q_lru_lirs.cfg,experiments/data/hot8_scan_c12_seed42.in,LIRS 2Q LRU LIRS,4,3 3 3 3,12,10000,5387,4613,0.5387,7992,2008,0.7992,2605
configs/exp4/lirs_2q_lru_lru.cfg,experiments/data/hot8_scan_c12_seed42.in,LIRS 2Q LRU LRU,4,3 3 3 3,12,10000,4648,5352,0.4648,7992,2008,0.7992,3344
configs/exp4/lirs_arc.cfg,experiments/data/hot8_scan_c12_seed42.in,LIRS ARC,2,6 6,12,10000,6813,3187,0.6813,7992,2008,0.7992,1179
configs/exp4/lirs_arc_2q.cfg,experiments/data/hot8_scan_c12_seed42.in,LIRS ARC 2Q,3,4 4 4,12,10000,5677,4323,0.5677,7992,2008,0.7992,2315
configs/exp4/lirs_arc_2q_2q.cfg,experiments/data/hot8_scan_c12_seed42.in,LIRS ARC 2Q 2Q,4,3 3 3 3,12,10000,5077,4923,0.5077,7992,2008,0.7992,2915
configs/exp4/lirs_arc_2q_arc.cfg,experiments/data/hot8_scan_c12_seed42.in,LIRS ARC 2Q ARC,4,3 3 3 3,12,10000,5182,4818,0.5182,7992,2008,0.7992,2810
configs/exp4/lirs_arc_2q_lfu.cfg,experiments/data/hot8_scan_c12_seed42.in,LIRS ARC 2Q LFU,4,3 3 3 3,12,10000,5432,4568,0.5432,7992,2008,0.7992,2560
configs/exp4/lirs_arc_2q_lirs.cfg,experiments/data/hot8_scan_c12_seed42.in,LIRS ARC 2Q LIRS,4,3 3 3 3,12,10000,5351,4649,0.5351,7992,2008,0.7992,2641
configs/exp4/lirs_arc_2q_lru.cfg,experiments/data/hot8_scan_c12_seed42.in,LIRS ARC 2Q LRU,4,3 3 3 3,12,10000,4998,5002,0.4998,7992,2008,0.7992,2994
configs/exp4/lirs_arc_arc.cfg,experiments/data/hot8_scan_c12_seed42.in,LIRS ARC ARC,3,4 4 4,12,10000,5265,4735,0.5265,7992,2008,0.7992,2727
configs/exp4/lirs_arc_arc_2q.cfg,experiments/data/hot8_scan_c12_seed42.in,LIRS ARC ARC 2Q,4,3 3 3 3,12,10000,4896,5104,0.4896,7992,2008,0.7992,3096
configs/exp4/lirs_arc_arc_arc.cfg,experiments/data/hot8_scan_c12_seed42.in,LIRS ARC ARC ARC,4,3 3 3 3,12,10000,4351,5649,0.4351,7992,2008,0.7992,3641
configs/exp4/lirs_arc_arc_lfu.cfg,experiments/data/hot8_scan_c12_seed42.in,LIRS ARC ARC LFU,4,3 3 3 3,12,10000,5037,4963,0.5037,7992,2008,0.7992,2955
configs/exp4/lirs_arc_arc_lirs.cfg,experiments/data/hot8_scan_c12_seed42.in,LIRS ARC ARC LIRS,4,3 3 3 3,12,10000,4729,5271,0.4729,7992,2008,0.7992,3263
configs/exp4/lirs_arc_arc_lru.cfg,experiments/data/hot8_scan_c12_seed42.in,LIRS ARC ARC LRU,4,3 3 3 3,12,10000,4395,5605,0.4395,7992,2008,0.7992,3597
configs/exp4/lirs_arc_lfu.cfg,experiments/data/hot8_scan_c12_seed42.in,LIRS ARC LFU,3,4 4 4,12,10000,5895,4105,0.5895,7992,2008,0.7992,2097
configs/exp4/lirs_arc_lfu_2q.cfg,experiments/data/hot8_scan_c12_seed42.in,LIRS ARC LFU 2Q,4,3 3 3 3,12,10000,5655,4345,0.5655,7992,2008,0.7992,2337
configs/exp4/lirs_arc_lfu_arc.cfg,experiments/data/hot8_scan_c12_seed42.in,LIRS ARC LFU ARC,4,3 3 3 3,12,10000,5313,4687,0.5313,7992,2008,0.7992,2679
configs/exp4/lirs_arc_lfu_lfu.cfg,experiments/data/hot8_scan_c12_seed42.in,LIRS ARC LFU LFU,4,3 3 3 3,12,10000,5771,4229,0.5771,7992,2008,0.7992,2221
configs/exp4/lirs_arc_lfu_lirs.cfg,experiments/data/hot8_scan_c12_seed42.in,LIRS ARC LFU LIRS,4,3 3 3 3,12,10000,5491,4509,0.5491,7992,2008,0.7992,2501
configs/exp4/lirs_arc_lfu_lru.cfg,experiments/data/hot8_scan_c12_seed42.in,LIRS ARC LFU LRU,4,3 3 3 3,12,10000,5117,4883,0.5117,7992,2008,0.7992,2875
configs/exp4/lirs_arc_lirs.cfg,experiments/data/hot8_scan_c12_seed42.in,LIRS ARC LIRS,3,4 4 4,12,10000,5535,4465,0.5535,7992,2008,0.7992,2457
configs/exp4/lirs_arc_lirs_2q.cfg,experiments/data/hot8_scan_c12_seed42.in,LIRS ARC LIRS 2Q,4,3 3 3 3,12,10000,5127,4873,0.5127,7992,2008,0.7992,2865
configs/exp4/lirs_arc_lirs_arc.cfg,experiments/data/hot8_scan_c12_seed42.in,LIRS ARC LIRS ARC,4,3 3 3 3,12,10000,4812,5188,0.4812,7992,2008,0.7992,3180
configs/exp4/lirs_arc_lirs_lfu.cfg,experiments/data/hot8_scan_c12_seed42.in,LIRS ARC LIRS LFU,4,3 3 3 3,12,10000,5248,4752,0.5248,7992,2008,0.7992,2744
configs/exp4/lirs_arc_lirs_lirs.cfg,experiments/data/hot8_scan_c12_seed42.in,LIRS ARC LIRS LIRS,4,3 3 3 3,12,10000,4645,5355,0.4645,7992,2008,0.7992,3347
configs/exp4/lirs_arc_lirs_lru.cfg,experiments/data/hot8_scan_c12_seed42.in,LIRS ARC LIRS LRU,4,3 3 3 3,12,10000,4704,5296,0.4704,7992,2008,0.7992,3288
configs/exp4/lirs_arc_lru.cfg,experiments/data/hot8_scan_c12_seed42.in,LIRS ARC LRU,3,4 4 4,12,10000,5168,4832,0.5168,7992,2008,0.7992,2824
configs/exp4/lirs_arc_lru_2q.cfg,experiments/data/hot8_scan_c12_seed42.in,LIRS ARC LRU 2Q,4,3 3 3 3,12,10000,4979,5021,0.4979,7992,2008,0.7992,3013
configs/exp4/lirs_arc_lru_arc.cfg,experiments/data/hot8_scan_c12_seed42.in,LIRS ARC LRU ARC,4,3 3 3 3,12,10000,4584,5416,0.4584,7992,2008,0.7992,3408
configs/exp4/lirs_arc_lru_lfu.cfg,experiments/data/hot8_scan_c12_seed42.in,LIRS ARC LRU LFU,4,3 3 3 3,12,10000,4858,5142,0.4858,7992,2008,0.7992,3134
configs/exp4/lirs_arc_lru_lirs.cfg,experiments/data/hot8_scan_c12_seed42.in,LIRS ARC LRU LIRS,4,3 3 3 3,12,10000,4735,5265,0.4735,7992,2008,0.7992,3257
configs/exp4/lirs_arc_lru_lru.cfg,experiments/data/hot8_scan_c12_seed42.in,LIRS ARC LRU LRU,4,3 3 3 3,12,10000,4001,5999,0.4001,7992,2008,0.7992,3991
configs/exp4/lirs_lfu.cfg,experiments/data/hot8_scan_c12_seed42.in,LIRS LFU,2,6 6,12,10000,7023,2977,0.7023,7992,2008,0.7992,969
configs/exp4/lirs_lfu_2q.cfg,experiments/data/hot8_scan_c12_seed42.in,LIRS LFU 2Q,3,4 4 4,12,10000,6680,3320,0.668,7992,2008,0.7992,1312
configs/exp4/lirs_lfu_2q_2q.cfg,experiments/data/hot8_scan_c12_seed42.in,LIRS LFU 2Q 2Q,4,3 3 3 3,12,10000,5780,4220,0.578,7992,2008,0.7992,2212
configs/exp4/lirs_lfu_2q_arc.cfg,experiments/data/hot8_scan_c12_seed42.in,LIRS LFU 2Q ARC,4,3 3 3 3,12,10000,6007,3993,0.6007,7992,2008,0.7992,1985
configs/exp4/lirs_lfu_2q_lfu.cfg,experiments/data/hot8_scan_c12_seed42.in,LIRS LFU 2Q LFU,4,3 3 3 3,12,10000,6102,3898,0.6102,7992,2008,0.7992,1890
configs/exp4/lirs_lfu_2q_lirs.cfg,experiments/data/hot8_scan_c12_seed42.in,LIRS LFU 2Q LIRS,4,3 3 3 3,12,10000,6076,3924,0.6076,7992,2008,0.7992,1916
configs/exp4/lirs_lfu_2q_lru.cfg,experiments/data/hot8_scan_c12_seed42.in,LIRS LFU 2Q LRU,4,3 3 3 3,12,10000,5896,4104,0.5896,7992,2008,0.7992,2096
configs/exp4/lirs_lfu_arc.cfg,experiments/data/hot8_scan_c12_seed42.in,LIRS LFU ARC,3,4 4 4,12,10000,6621,3379,0.6621,7992,2008,0.7992,1371
configs/exp4/lirs_lfu_arc_2q.cfg,experiments/data/hot8_scan_c12_seed42.in,LIRS LFU ARC 2Q,4,3 3 3 3,12,10000,5871,4129,0.5871,7992,2008,0.7992,2121
configs/exp4/lirs_lfu_arc_arc.cfg,experiments/data/hot8_scan_c12_seed42.in,LIRS LFU ARC ARC,4,3 3 3 3,12,10000,5420,4580,0.542,7992,2008,0.7992,2572
configs/exp4/lirs_lfu_arc_lfu.cfg,experiments/data/hot8_scan_c12_seed42.in,LIRS LFU ARC LFU,4,3 3 3 3,12,10000,5989,4011,0.5989,7992,2008,0.7992,2003
configs/exp4/lirs_lfu_arc_lirs.cfg,experiments/data/hot8_scan_c12_seed42.in,LIRS LFU ARC LIRS,4,3 3 3 3,12,10000,5698,4302,0.5698,7992,2008,0.7992,2294
configs/exp4/lirs_lfu_arc_lru.cfg,experiments/data/hot8_scan_c12_seed42.in,LIRS LFU ARC LRU,4,3 3 3 3,12,10000,5340,4660,0.534,7992,2008,0.7992,2652
configs/exp4/lirs_lfu_lfu.cfg,experiments/data/hot8_scan_c12_seed42.in,LIRS LFU LFU,3,4 4 4,12,10000,6922,3078,0.6922,7992,2008,0.7992,1070
configs/exp4/lirs_lfu_lfu_2q.cfg,experiments/data/hot8_scan_c12_seed42.in,LIRS LFU LFU 2Q,4,3 3 3 3,12,10000,6553,3447,0.6553,7992,2008,0.7992,1439
configs/exp4/lirs_lfu_lfu_arc.cfg,experiments/data/hot8_scan_c12_seed42.in,LIRS LFU LFU ARC,4,3 3 3 3,12,10000,6457,3543,0.6457,7992,2008,0.7992,1535
configs/exp4/lirs_lfu_lfu_lfu.cfg,experiments/data/hot8_scan_c12_seed42.in,LIRS LFU LFU LFU,4,3 3 3 3,12,10000,6713,3287,0.6713,7992,2008,0.7992,1279
configs/exp4/lirs_lfu_lfu_lirs.cfg,experiments/data/hot8_scan_c12_seed42.in,LIRS LFU LFU LIRS,4,3 3 3 3,12,10000,6507,3493,0.6507,7992,2008,0.7992,1485
configs/exp4/lirs_lfu_lfu_lru.cfg,experiments/data/hot8_scan_c12_seed42.in,LIRS LFU LFU LRU,4,3 3 3 3,12,10000,6075,3925,0.6075,7992,2008,0.7992,1917
configs/exp4/lirs_lfu_lirs.cfg,experiments/data/hot8_scan_c12_seed42.in,LIRS LFU LIRS,3,4 4 4,12,10000,6688,3312,0.6688,7992,2008,0.7992,1304
configs/exp4/lirs_lfu_lirs_2q.cfg,experiments/data/hot8_scan_c12_seed42.in,LIRS LFU LIRS 2Q,4,3 3 3 3,12,10000,5773,4227,0.5773,7992,2008,0.7992,2219
configs/exp4/lirs_lfu_lirs_arc.cfg,experiments/data/hot8_scan_c12_seed42.in,LIRS LFU LIRS ARC,4,3 3 3 3,12,10000,5614,4386,0.5614,7992,2008,0.7992,2378
configs/exp4/lirs_lfu_lirs_lfu.cfg,experiments/data/hot8_scan_c12_seed42.in,LIRS LFU LIRS LFU,4,3 3 3 3,12,10000,6020,3980,0.602,7992,2008,0.7992,1972
configs/exp4/lirs_lfu_lirs_lirs.cfg,experiments/data/hot8_scan_c12_seed42.in,LIRS LFU LIRS LIRS,4,3 3 3 3,12,10000,5417,4583,0.5417,7992,2008,0.7992,2575
configs/exp4/lirs_lfu_lirs_lru.cfg,experiments/data/hot8_scan_c12_seed42.in,LIRS LFU LIRS LRU,4,3 3 3 3,12,10000,5617,4383,0.5617,7992,2008,0.7992,2375
configs/exp4/lirs_lfu_lru.cfg,experiments/data/hot8_scan_c12_seed42.in,LIRS LFU LRU,3,4 4 4,12,10000,6186,3814,0.6186,7992,2008,0.7992,1806
configs/exp4/lirs_lfu_lru_2q.cfg,experiments/data/hot8_scan_c12_seed42.in,LIRS LFU LRU 2Q,4,3 3 3 3,12,10000,5897,4103,0.5897,7992,2008,0.7992,2095
configs/exp4/lirs_lfu_lru_arc.cfg,experiments/data/hot8_scan_c12_seed42.in,LIRS LFU LRU ARC,4,3 3 3 3,12,10000,5528,4472,0.5528,7992,2008,0.7992,2464
configs/exp4/lirs_lfu_lru_lfu.cfg,experiments/data/hot8_scan_c12_seed42.in,LIRS LFU LRU LFU,4,3 3 3 3,12,10000,5816,4184,0.5816,7992,2008,0.7992,2176
configs/exp4/lirs_lfu_lru_lirs.cfg,experiments/data/hot8_scan_c12_seed42.in,LIRS LFU LRU LIRS,4,3 3 3 3,12,10000,5726,4274,0.5726,7992,2008,0.7992,2266
configs/exp4/lirs_lfu_lru_lru.cfg,experiments/data/hot8_scan_c12_seed42.in,LIRS LFU LRU LRU,4,3 3 3 3,12,10000,4923,5077,0.4923,7992,2008,0.7992,3069
configs/exp4/lirs_lirs_2q.cfg,experiments/data/hot8_scan_c12_seed42.in,LIRS LIRS 2Q,3,4 4 4,12,10000,5483,4517,0.5483,7992,2008,0.7992,2509
configs/exp4/lirs_lirs_2q_2q.cfg,experiments/data/hot8_scan_c12_seed42.in,LIRS LIRS 2Q 2Q,4,3 3 3 3,12,10000,4815,5185,0.4815,7992,2008,0.7992,3177
configs/exp4/lirs_lirs_2q_arc.cfg,experiments/data/hot8_scan_c12_seed42.in,LIRS LIRS 2Q ARC,4,3 3 3 3,12,10000,4978,5022,0.4978,7992,2008,0.7992,3014
configs/exp4/lirs_lirs_2q_lfu.cfg,experiments/data/hot8_scan_c12_seed42.in,LIRS LIRS 2Q LFU,4,3 3 3 3,12,10000,5272,4728,0.5272,7992,2008,0.7992,2720
configs/exp4/lirs_lirs_2q_lirs.cfg,experiments/data/hot8_scan_c12_seed42.in,LIRS LIRS 2Q LIRS,4,3 3 3 3,12,10000,4855,5145,0.4855,7992,2008,0.7992,3137
configs/exp4/lirs_lirs_2q_lru.cfg,experiments/data/hot8_scan_c12_seed42.in,LIRS LIRS 2Q LRU,4,3 3 3 3,12,10000,5032,4968,0.5032,7992,2008,0.7992,2960
configs/exp4/lirs_lirs_arc.cfg,experiments/data/hot8_scan_c12_seed42.in,LIRS LIRS ARC,3,4 4 4,12,10000,5390,4610,0.539,7992,2008,0.7992,2602
configs/exp4/lirs_lirs_arc_2q.cfg,experiments/data/hot8_scan_c12_seed42.in,LIRS LIRS ARC 2Q,4,3 3 3 3,12,10000,5035,4965,0.5035,7992,2008,0.7992,2957
configs/exp4/lirs_lirs_arc_arc.cfg,experiments/data/hot8_scan_c12_seed42.in,LIRS LIRS ARC ARC,4,3 3 3 3,12,10000,4573,5427,0.4573,7992,2008,0.7992,3419
configs/exp4/lirs_lirs_arc_lfu.cfg,experiments/data/hot8_scan_c12_seed42.in,LIRS LIRS ARC LFU,4,3 3 3 3,12,10000,5133,4867,0.5133,7992,2008,0.7992,2859
configs/exp4/lirs_lirs_arc_lirs.cfg,experiments/data/hot8_scan_c12_seed42.in,LIRS LIRS ARC LIRS,4,3 3 3 3,12,10000,4664,5336,0.4664,7992,2008,0.7992,3328
configs/exp4/lirs_lirs_arc_lru.cfg,experiments/data/hot8_scan_c12_seed42.in,LIRS LIRS ARC LRU,4,3 3 3 3,12,10000,4498,5502,0.4498,7992,2008,0.7992,3494
configs/exp4/lirs_lirs_lfu.cfg,experiments/data/hot8_scan_c12_seed42.in,LIRS LIRS LFU,3,4 4 4,12,10000,5936,4064,0.5936,7992,2008,0.7992,2056
configs/exp4/lirs_lirs_lfu_2q.cfg,experiments/data/hot8_scan_c12_seed42.in,LIRS LIRS LFU 2Q,4,3 3 3 3,12,10000,5555,4445,0.5555,7992,2008,0.7992,2437
configs/exp4/lirs_lirs_lfu_arc.cfg,experiments/data/hot8_scan_c12_seed42.in,LIRS LIRS LFU ARC,4,3 3 3 3,12,10000,5319,4681,0.5319,7992,2008,0.7992,2673
configs/exp4/lirs_lirs_lfu_lfu.cfg,experiments/data/hot8_scan_c12_seed42.in,LIRS LIRS LFU LFU,4,3 3 3 3,12,10000,5804,4196,0.5804,7992,2008,0.7992,2188
configs/exp4/lirs_lirs_lfu_lirs.cfg,experiments/data/hot8_scan_c12_seed42.in,LIRS LIRS LFU LIRS,4,3 3 3 3,12,10000,5220,4780,0.522,7992,2008,0.7992,2772
configs/exp4/lirs_lirs_lfu_lru.cfg,experiments/data/hot8_scan_c12_seed42.in,LIRS LIRS LFU LRU,4,3 3 3 3,12,10000,5294,4706,0.5294,7992,2008,0.7992,2698
configs/exp4/lirs_lirs_lirs_2q.cfg,experiments/data/hot8_scan_c12_seed42.in,LIRS LIRS LIRS 2Q,4,3 3 3 3,12,10000,4657,5343,0.4657,7992,2008,0.7992,3335
configs/exp4/lirs_lirs_lirs_arc.cfg,experiments/data/hot8_scan_c12_seed42.in,LIRS LIRS LIRS ARC,4,3 3 3 3,12,10000,4419,5581,0.4419,7992,2008,0.7992,3573
configs/exp4/lirs_lirs_lirs_lfu.cfg,experiments/data/hot8_scan_c12_seed42.in,LIRS LIRS LIRS LFU,4,3 3 3 3,12,10000,4885,5115,0.4885,7992,2008,0.7992,3107
configs/exp4/lirs_lirs_lirs_lru.cfg,experiments/data/hot8_scan_c12_seed42.in,LIRS LIRS LIRS LRU,4,3 3 3 3,12,10000,4463,5537,0.4463,7992,2008,0.7992,3529
configs/exp4/lirs_lirs_lru.cfg,experiments/data/hot8_scan_c12_seed42.in,LIRS LIRS LRU,3,4 4 4,12,10000,5454,4546,0.5454,7992,2008,0.7992,2538
configs/exp4/lirs_lirs_lru_2q.cfg,experiments/data/hot8_scan_c12_seed42.in,LIRS LIRS LRU 2Q,4,3 3 3 3,12,10000,5132,4868,0.5132,7992,2008,0.7992,2860
configs/exp4/lirs_lirs_lru_arc.cfg,experiments/data/hot8_scan_c12_seed42.in,LIRS LIRS LRU ARC,4,3 3 3 3,12,10000,4773,5227,0.4773,7992,2008,0.7992,3219
configs/exp4/lirs_lirs_lru_lfu.cfg,experiments/data/hot8_scan_c12_seed42.in,LIRS LIRS LRU LFU,4,3 3 3 3,12,10000,5023,4977,0.5023,7992,2008,0.7992,2969
configs/exp4/lirs_lirs_lru_lirs.cfg,experiments/data/hot8_scan_c12_seed42.in,LIRS LIRS LRU LIRS,4,3 3 3 3,12,10000,4747,5253,0.4747,7992,2008,0.7992,3245
configs/exp4/lirs_lirs_lru_lru.cfg,experiments/data/hot8_scan_c12_seed42.in,LIRS LIRS LRU LRU,4,3 3 3 3,12,10000,4217,5783,0.4217,7992,2008,0.7992,3775
configs/exp4/lirs_lru.cfg,experiments/data/hot8_scan_c12_seed42.in,LIRS LRU,2,6 6,12,10000,6496,3504,0.6496,7992,2008,0.7992,1496
configs/exp4/lirs_lru_2q.cfg,experiments/data/hot8_scan_c12_seed42.in,LIRS LRU 2Q,3,4 4 4,12,10000,5928,4072,0.5928,7992,2008,0.7992,2064
configs/exp4/lirs_lru_2q_2q.cfg,experiments/data/hot8_scan_c12_seed42.in,LIRS LRU 2Q 2Q,4,3 3 3 3,12,10000,5345,4655,0.5345,7992,2008,0.7992,2647
configs/exp4/lirs_lru_2q_arc.cfg,experiments/data/hot8_scan_c12_seed42.in,LIRS LRU 2Q ARC,4,3 3 3 3,12,10000,5264,4736,0.5264,7992,2008,0.7992,2728
configs/exp4/lirs_lru_2q_lfu.cfg,experiments/data/hot8_scan_c12_seed42.in,LIRS LRU 2Q LFU,4,3 3 3 3,12,10000,5427,4573,0.5427,7992,2008,0.7992,2565
configs/exp4/lirs_lru_2q_lirs.cfg,experiments/data/hot8_scan_c12_seed42.in,LIRS LRU 2Q LIRS,4,3 3 3 3,12,10000,5496,4504,0.5496,7992,2008,0.7992,2496
configs/exp4/lirs_lru_2q_lru.cfg,experiments/data/hot8_scan_c12_seed42.in,LIRS LRU 2Q LRU,4,3 3 3 3,12,10000,4859,5141,0.4859,7992,2008,0.7992,3133
configs/exp4/lirs_lru_arc.cfg,experiments/data/hot8_scan_c12_seed42.in,LIRS LRU ARC,3,4 4 4,12,10000,5556,4444,0.5556,7992,2008,0.7992,2436
configs/exp4/lirs_lru_arc_2q.cfg,experiments/data/hot8_scan_c12_seed42.in,LIRS LRU ARC 2Q,4,3 3 3 3,12,10000,5086,4914,0.5086,7992,2008,0.7992,2906
configs/exp4/lirs_lru_arc_arc.cfg,experiments/data/hot8_scan_c12_seed42.in,LIRS LRU ARC ARC,4,3 3 3 3,12,10000,4592,5408,0.4592,7992,2008,0.7992,3400
configs/exp4/lirs_lru_arc_lfu.cfg,experiments/data/hot8_scan_c12_seed42.in,LIRS LRU ARC LFU,4,3 3 3 3,12,10000,5057,4943,0.5057,7992,2008,0.7992,2935
configs/exp4/lirs_lru_arc_lirs.cfg,experiments/data/hot8_scan_c12_seed42.in,LIRS LRU ARC LIRS,4,3 3 3 3,12,10000,4909,5091,0.4909,7992,2008,0.7992,3083
configs/exp4/lirs_lru_arc_lru.cfg,experiments/data/hot8_scan_c12_seed42.in,LIRS LRU ARC LRU,4,3 3 3 3,12,10000,4342,5658,0.4342,7992,2008,0.7992,3650
configs/exp4/lirs_lru_lfu.cfg,experiments/data/hot8_scan_c12_seed42.in,LIRS LRU LFU,3,4 4 4,12,10000,5516,4484,0.5516,7992,2008,0.7992,2476
configs/exp4/lirs_lru_lfu_2q.cfg,experiments/data/hot8_scan_c12_seed42.in,LIRS LRU LFU 2Q,4,3 3 3 3,12,10000,5488,4512,0.5488,7992,2008,0.7992,2504
configs/exp4/lirs_lru_lfu_arc.cfg,experiments/data/hot8_scan_c12_seed42.in,LIRS LRU LFU ARC,4,3 3 3 3,12,10000,5100,4900,0.51,7992,2008,0.7992,2892
configs/exp4/lirs_lru_lfu_lfu.cfg,experiments/data/hot8_scan_c12_seed42.in,LIRS LRU LFU LFU,4,3 3 3 3,12,10000,5487,4513,0.5487,7992,2008,0.7992,2505
configs/exp4/lirs_lru_lfu_lirs.cfg,experiments/data/hot8_scan_c12_seed42.in,LIRS LRU LFU LIRS,4,3 3 3 3,12,10000,5330,4670,0.533,7992,2008,0.7992,2662
configs/exp4/lirs_lru_lfu_lru.cfg,experiments/data/hot8_scan_c12_seed42.in,LIRS LRU LFU LRU,4,3 3 3 3,12,10000,4634,5366,0.4634,7992,2008,0.7992,3358
configs/exp4/lirs_lru_lirs.cfg,experiments/data/hot8_scan_c12_seed42.in,LIRS LRU LIRS,3,4 4 4,12,10000,5700,4300,0.57,7992,2008,0.7992,2292
configs/exp4/lirs_lru_lirs_2q.cfg,experiments/data/hot8_scan_c12_seed42.in,LIRS LRU LIRS 2Q,4,3 3 3 3,12,10000,5211,4789,0.5211,7992,2008,0.7992,2781
configs/exp4/lirs_lru_lirs_arc.cfg,experiments/data/hot8_scan_c12_seed42.in,LIRS LRU LIRS ARC,4,3 3 3 3,12,10000,4851,5149,0.4851,7992,2008,0.7992,3141
configs/exp4/lirs_lru_lirs_lfu.cfg,experiments/data/hot8_scan_c12_seed42.in,LIRS LRU LIRS LFU,4,3 3 3 3,12,10000,5247,4753,0.5247,7992,2008,0.7992,2745
configs/exp4/lirs_lru_lirs_lirs.cfg,experiments/data/hot8_scan_c12_seed42.in,LIRS LRU LIRS LIRS,4,3 3 3 3,12,10000,4710,5290,0.471,7992,2008,0.7992,3282
configs/exp4/lirs_lru_lirs_lru.cfg,experiments/data/hot8_scan_c12_seed42.in,LIRS LRU LIRS LRU,4,3 3 3 3,12,10000,4502,5498,0.4502,7992,2008,0.7992,3490
configs/exp4/lirs_lru_lru.cfg,experiments/data/hot8_scan_c12_seed42.in,LIRS LRU LRU,3,4 4 4,12,10000,4820,5180,0.482,7992,2008,0.7992,3172
configs/exp4/lirs_lru_lru_2q.cfg,experiments/data/hot8_scan_c12_seed42.in,LIRS LRU LRU 2Q,4,3 3 3 3,12,10000,4664,5336,0.4664,7992,2008,0.7992,3328
configs/exp4/lirs_lru_lru_arc.cfg,experiments/data/hot8_scan_c12_seed42.in,LIRS LRU LRU ARC,4,3 3 3 3,12,10000,4261,5739,0.4261,7992,2008,0.7992,3731
configs/exp4/lirs_lru_lru_lfu.cfg,experiments/data/hot8_scan_c12_seed42.in,LIRS LRU LRU LFU,4,3 3 3 3,12,10000,4106,5894,0.4106,7992,2008,0.7992,3886
configs/exp4/lirs_lru_lru_lirs.cfg,experiments/data/hot8_scan_c12_seed42.in,LIRS LRU LRU LIRS,4,3 3 3 3,12,10000,4396,5604,0.4396,7992,2008,0.7992,3596
configs/exp4/lirs_lru_lru_lru.cfg,experiments/data/hot8_scan_c12_seed42.in,LIRS LRU LRU LRU,4,3 3 3 3,12,10000,3591,6409,0.3591,7992,2008,0.7992,4401
configs/exp4/lru_2q.cfg,experiments/data/hot8_scan_c12_seed42.in,LRU 2Q,2,6 6,12,10000,6501,3499,0.6501,7992,2008,0.7992,1491
configs/exp4/lru_2q_2q.cfg,experiments/data/hot8_scan_c12_seed42.in,LRU 2Q 2Q,3,4 4 4,12,10000,5959,4041,0.5959,7992,2008,0.7992,2033
configs/exp4/lru_2q_2q_2q.cfg,experiments/data/hot8_scan_c12_seed42.in,LRU 2Q 2Q 2Q,4,3 3 3 3,12,10000,5372,4628,0.5372,7992,2008,0.7992,2620
configs/exp4/lru_2q_2q_arc.cfg,experiments/data/hot8_scan_c12_seed42.in,LRU 2Q 2Q ARC,4,3 3 3 3,12,10000,5527,4473,0.5527,7992,2008,0.7992,2465
configs/exp4/lru_2q_2q_lfu.cfg,experiments/data/hot8_scan_c12_seed42.in,LRU 2Q 2Q LFU,4,3 3 3 3,12,10000,5494,4506,0.5494,7992,2008,0.7992,2498
configs/exp4/lru_2q_2q_lirs.cfg,experiments/data/hot8_scan_c12_seed42.in,LRU 2Q 2Q LIRS,4,3 3 3 3,12,10000,5824,4176,0.5824,7992,2008,0.7992,2168
configs/exp4/lru_2q_2q_lru.cfg,experiments/data/hot8_scan_c12_seed42.in,LRU 2Q 2Q LRU,4,3 3 3 3,12,10000,5120,4880,0.512,7992,2008,0.7992,2872
configs/exp4/lru_2q_arc.cfg,experiments/data/hot8_scan_c12_seed42.in,LRU 2Q ARC,3,4 4 4,12,10000,5996,4004,0.5996,7992,2008,0.7992,1996
configs/exp4/lru_2q_arc_2q.cfg,experiments/data/hot8_scan_c12_seed42.in,LRU 2Q ARC 2Q,4,3 3 3 3,12,10000,5434,4566,0.5434,7992,2008,0.7992,2558
configs/exp4/lru_2q_arc_arc.cfg,experiments/data/hot8_scan_c12_seed42.in,LRU 2Q ARC ARC,4,3 3 3 3,12,10000,4981,5019,0.4981,7992,2008,0.7992,3011
configs/exp4/lru_2q_arc_lfu.cfg,experiments/data/hot8_scan_c12_seed42.in,LRU 2Q ARC LFU,4,3 3 3 3,12,10000,5328,4672,0.5328,7992,2008,0.7992,2664
configs/exp4/lru_2q_arc_lirs.cfg,experiments/data/hot8_scan_c12_seed42.in,LRU 2Q ARC LIRS,4,3 3 3 3,12,10000,5387,4613,0.5387,7992,2008,0.7992,2605
configs/exp4/lru_2q_arc_lru.cfg,experiments/data/hot8_scan_c12_seed42.in,LRU 2Q ARC LRU,4,3 3 3 3,12,10000,4848,5152,0.4848,7992,2008,0.7992,3144
configs/exp4/lru_2q_lfu.cfg,experiments/data/hot8_scan_c12_seed42.in,LRU 2Q LFU,3,4 4 4,12,10000,5948,4052,0.5948,7992,2008,0.7992,2044
configs/exp4/lru_2q_lfu_2q.cfg,experiments/data/hot8_scan_c12_seed42.in,LRU 2Q LFU 2Q,4,3 3 3 3,12,10000,6034,3966,0.6034,7992,2008,0.7992,1958
configs/exp4/lru_2q_lfu_arc.cfg,experiments/data/hot8_scan_c12_seed42.in,LRU 2Q LFU ARC,4,3 3 3 3,12,10000,5878,4122,0.5878,7992,2008,0.7992,2114
configs/exp4/lru_2q_lfu_lfu.cfg,experiments/data/hot8_scan_c12_seed42.in,LRU 2Q LFU LFU,4,3 3 3 3,12,10000,5226,4774,0.5226,7992,2008,0.7992,2766
configs/exp4/lru_2q_lfu_lirs.cfg,experiments/data/hot8_scan_c12_seed42.in,LRU 2Q LFU LIRS,4,3 3 3 3,12,10000,6156,3844,0.6156,7992,2008,0.7992,1836
configs/exp4/lru_2q_lfu_lru.cfg,experiments/data/hot8_scan_c12_seed42.in,LRU 2Q LFU LRU,4,3 3 3 3,12,10000,5358,4642,0.5358,7992,2008,0.7992,2634
configs/exp4/lru_2q_lirs.cfg,experiments/data/hot8_scan_c12_seed42.in,LRU 2Q LIRS,3,4 4 4,12,10000,6276,3724,0.6276,7992,2008,0.7992,1716
configs/exp4/lru_2q_lirs_2q.cfg,experiments/data/hot8_scan_c12_seed42.in,LRU 2Q LIRS 2Q,4,3 3 3 3,12,10000,5646,4354,0.5646,7992,2008,0.7992,2346
configs/exp4/lru_2q_lirs_arc.cfg,experiments/data/hot8_scan_c12_seed42.in,LRU 2Q LIRS ARC,4,3 3 3 3,12,10000,5482,4518,0.5482,7992,2008,0.7992,2510
configs/exp4/lru_2q_lirs_lfu.cfg,experiments/data/hot8_scan_c12_seed42.in,LRU 2Q LIRS LFU,4,3 3 3 3,12,10000,5732,4268,0.5732,7992,2008,0.7992,2260
configs/exp4/lru_2q_lirs_lirs.cfg,experiments/data/hot8_scan_c12_seed42.in,LRU 2Q LIRS LIRS,4,3 3 3 3,12,10000,5520,4480,0.552,7992,2008,0.7992,2472
configs/exp4/lru_2q_lirs_lru.cfg,experiments/data/hot8_scan_c12_seed42.in,LRU 2Q LIRS LRU,4,3 3 3 3,12,10000,5332,4668,0.5332,7992,2008,0.7992,2660
configs/exp4/lru_2q_lru.cfg,experiments/data/hot8_scan_c12_seed42.in,LRU 2Q LRU,3,4 4 4,12,10000,5378,4622,0.5378,7992,2008,0.7992,2614
configs/exp4/lru_2q_lru_2q.cfg,experiments/data/hot8_scan_c12_seed42.in,LRU 2Q LRU 2Q,4,3 3 3 3,12,10000,4862,5138,0.4862,7992,2008,0.7992,3130
configs/exp4/lru_2q_lru_arc.cfg,experiments/data/hot8_scan_c12_seed42.in,LRU 2Q LRU ARC,4,3 3 3 3,12,10000,4761,5239,0.4761,7992,2008,0.7992,3231
configs/exp4/lru_2q_lru_lfu.cfg,experiments/data/hot8_scan_c12_seed42.in,LRU 2Q LRU LFU,4,3 3 3 3,12,10000,4916,5084,0.4916,7992,2008,0.7992,3076
configs/exp4/lru_2q_lru_lirs.cfg,experiments/data/hot8_scan_c12_seed42.in,LRU 2Q LRU LIRS,4,3 3 3 3,12,10000,5131,4869,0.5131,7992,2008,0.7992,2861
configs/exp4/lru_2q_lru_lru.cfg,experiments/data/hot8_scan_c12_seed42.in,LRU 2Q LRU LRU,4,3 3 3 3,12,10000,4006,5994,0.4006,7992,2008,0.7992,3986
configs/exp4/lru_arc.cfg,experiments/data/hot8_scan_c12_seed42.in,LRU ARC,2,6 6,12,10000,5899,4101,0.5899,7992,2008,0.7992,2093
configs/exp4/lru_arc_2q.cfg,experiments/data/hot8_scan_c12_seed42.in,LRU ARC 2Q,3,4 4 4,12,10000,5397,4603,0.5397,7992,2008,0.7992,2595
configs/exp4/lru_arc_2q_2q.cfg,experiments/data/hot8_scan_c12_seed42.in,LRU ARC 2Q 2Q,4,3 3 3 3,12,10000,4906,5094,0.4906,7992,2008,0.7992,3086
configs/exp4/lru_arc_2q_arc.cfg,experiments/data/hot8_scan_c12_seed42.in,LRU ARC 2Q ARC,4,3 3 3 3,12,10000,4926,5074,0.4926,7992,2008,0.7992,3066
configs/exp4/lru_arc_2q_lfu.cfg,experiments/data/hot8_scan_c12_seed42.in,LRU ARC 2Q LFU,4,3 3 3 3,12,10000,5214,4786,0.5214,7992,2008,0.7992,2778
configs/exp4/lru_arc_2q_lirs.cfg,experiments/data/hot8_scan_c12_seed42.in,LRU ARC 2Q LIRS,4,3 3 3 3,12,10000,5257,4743,0.5257,7992,2008,0.7992,2735
configs/exp4/lru_arc_2q_lru.cfg,experiments/data/hot8_scan_c12_seed42.in,LRU ARC 2Q LRU,4,3 3 3 3,12,10000,4592,5408,0.4592,7992,2008,0.7992,3400
configs/exp4/lru_arc_arc.cfg,experiments/data/hot8_scan_c12_seed42.in,LRU ARC ARC,3,4 4 4,12,10000,4804,5196,0.4804,7992,2008,0.7992,3188
configs/exp4/lru_arc_arc_2q.cfg,experiments/data/hot8_scan_c12_seed42.in,LRU ARC ARC 2Q,4,3 3 3 3,12,10000,4555,5445,0.4555,7992,2008,0.7992,3437
configs/exp4/lru_arc_arc_arc.cfg,experiments/data/hot8_scan_c12_seed42.in,LRU ARC ARC ARC,4,3 3 3 3,12,10000,3897,6103,0.3897,7992,2008,0.7992,4095
configs/exp4/lru_arc_arc_lfu.cfg,experiments/data/hot8_scan_c12_seed42.in,LRU ARC ARC LFU,4,3 3 3 3,12,10000,4638,5362,0.4638,7992,2008,0.7992,3354
configs/exp4/lru_arc_arc_lirs.cfg,experiments/data/hot8_scan_c12_seed42.in,LRU ARC ARC LIRS,4,3 3 3 3,12,10000,4499,5501,0.4499,7992,2008,0.7992,3493
configs/exp4/lru_arc_arc_lru.cfg,experiments/data/hot8_scan_c12_seed42.in,LRU ARC ARC LRU,4,3 3 3 3,12,10000,3813,6187,0.3813,7992,2008,0.7992,4179
configs/exp4/lru_arc_lfu.cfg,experiments/data/hot8_scan_c12_seed42.in,LRU ARC LFU,3,4 4 4,12,10000,5499,4501,0.5499,7992,2008,0.7992,2493
configs/exp4/lru_arc_lfu_2q.cfg,experiments/data/hot8_scan_c12_seed42.in,LRU ARC LFU 2Q,4,3 3 3 3,12,10000,5385,4615,0.5385,7992,2008,0.7992,2607
configs/exp4/lru_arc_lfu_arc.cfg,experiments/data/hot8_scan_c12_seed42.in,LRU ARC LFU ARC,4,3 3 3 3,12,10000,5023,4977,0.5023,7992,2008,0.7992,2969
configs/exp4/lru_arc_lfu_lfu.cfg,experiments/data/hot8_scan_c12_seed42.in,LRU ARC LFU LFU,4,3 3 3 3,12,10000,5473,4527,0.5473,7992,2008,0.7992,2519
configs/exp4/lru_arc_lfu_lirs.cfg,experiments/data/hot8_scan_c12_seed42.in,LRU ARC LFU LIRS,4,3 3 3 3,12,10000,5372,4628,0.5372,7992,2008,0.7992,2620
configs/exp4/lru_arc_lfu_lru.cfg,experiments/data/hot8_scan_c12_seed42.in,LRU ARC LFU LRU,4,3 3 3 3,12,10000,4629,5371,0.4629,7992,2008,0.7992,3363
configs/exp4/lru_arc_lirs.cfg,experiments/data/hot8_scan_c12_seed42.in,LRU ARC LIRS,3,4 4 4,12,10000,5268,4732,0.5268,7992,2008,0.7992,2724
configs/exp4/lru_arc_lirs_2q.cfg,experiments/data/hot8_scan_c12_seed42.in,LRU ARC LIRS 2Q,4,3 3 3 3,12,10000,5009,4991,0.5009,7992,2008,0.7992,2983
configs/exp4/lru_arc_lirs_arc.cfg,experiments/data/hot8_scan_c12_seed42.in,LRU ARC LIRS ARC,4,3 3 3 3,12,10000,4580,5420,0.458,7992,2008,0.7992,3412
configs/exp4/lru_arc_lirs_lfu.cfg,experiments/data/hot8_scan_c12_seed42.in,LRU ARC LIRS LFU,4,3 3 3 3,12,10000,5083,4917,0.5083,7992,2008,0.7992,2909
configs/exp4/lru_arc_lirs_lirs.cfg,experiments/data/hot8_scan_c12_seed42.in,LRU ARC LIRS LIRS,4,3 3 3 3,12,10000,4543,5457,0.4543,7992,2008,0.7992,3449
configs/exp4/lru_arc_lirs_lru.cfg,experiments/data/hot8_scan_c12_seed42.in,LRU ARC LIRS LRU,4,3 3 3 3,12,10000,4403,5597,0.4403,7992,2008,0.7992,3589
configs/exp4/lru_arc_lru.cfg,experiments/data/hot8_scan_c12_seed42.in,LRU ARC LRU,3,4 4 4,12,10000,4386,5614,0.4386,7992,2008,0.7992,3606
configs/exp4/lru_arc_lru_2q.cfg,experiments/data/hot8_scan_c12_seed42.in,LRU ARC LRU 2Q,4,3 3 3 3,12,10000,4475,5525,0.4475,7992,2008,0.7992,3517
configs/exp4/lru_arc_lru_arc.cfg,experiments/data/hot8_scan_c12_seed42.in,LRU ARC LRU ARC,4,3 3 3 3,12,10000,4023,5977,0.4023,7992,2008,0.7992,3969
configs/exp4/lru_arc_lru_lfu.cfg,experiments/data/hot8_scan_c12_seed42.in,LRU ARC LRU LFU,4,3 3 3 3,12,10000,4407,5593,0.4407,7992,2008,0.7992,3585
configs/exp4/lru_arc_lru_lirs.cfg,experiments/data/hot8_scan_c12_seed42.in,LRU ARC LRU LIRS,4,3 3 3 3,12,10000,4329,5671,0.4329,7992,2008,0.7992,3663
configs/exp4/lru_arc_lru_lru.cfg,experiments/data/hot8_scan_c12_seed42.in,LRU ARC LRU LRU,4,3 3 3 3,12,10000,3341,6659,0.3341,7992,2008,0.7992,4651
configs/exp4/lru_lfu.cfg,experiments/data/hot8_scan_c12_seed42.in,LRU LFU,2,6 6,12,10000,6387,3613,0.6387,7992,2008,0.7992,1605
configs/exp4/lru_lfu_2q.cfg,experiments/data/hot8_scan_c12_seed42.in,LRU LFU 2Q,3,4 4 4,12,10000,6583,3417,0.6583,7992,2008,0.7992,1409
configs/exp4/lru_lfu_2q_2q.cfg,experiments/data/hot8_scan_c12_seed42.in,LRU LFU 2Q 2Q,4,3 3 3 3,12,10000,5744,4256,0.5744,7992,2008,0.7992,2248
configs/exp4/lru_lfu_2q_arc.cfg,experiments/data/hot8_scan_c12_seed42.in,LRU LFU 2Q ARC,4,3 3 3 3,12,10000,5999,4001,0.5999,7992,2008,0.7992,1993
configs/exp4/lru_lfu_2q_lfu.cfg,experiments/data/hot8_scan_c12_seed42.in,LRU LFU 2Q LFU,4,3 3 3 3,12,10000,6003,3997,0.6003,7992,2008,0.7992,1989
configs/exp4/lru_lfu_2q_lirs.cfg,experiments/data/hot8_scan_c12_seed42.in,LRU LFU 2Q LIRS,4,3 3 3 3,12,10000,6214,3786,0.6214,7992,2008,0.7992,1778
configs/exp4/lru_lfu_2q_lru.cfg,experiments/data/hot8_scan_c12_seed42.in,LRU LFU 2Q LRU,4,3 3 3 3,12,10000,5561,4439,0.5561,7992,2008,0.7992,2431
configs/exp4/lru_lfu_arc.cfg,experiments/data/hot8_scan_c12_seed42.in,LRU LFU ARC,3,4 4 4,12,10000,6236,3764,0.6236,7992,2008,0.7992,1756
configs/exp4/lru_lfu_arc_2q.cfg,experiments/data/hot8_scan_c12_seed42.in,LRU LFU ARC 2Q,4,3 3 3 3,12,10000,5566,4434,0.5566,7992,2008,0.7992,2426
configs/exp4/lru_lfu_arc_arc.cfg,experiments/data/hot8_scan_c12_seed42.in,LRU LFU ARC ARC,4,3 3 3 3,12,10000,4980,5020,0.498,7992,2008,0.7992,3012
configs/exp4/lru_lfu_arc_lfu.cfg,experiments/data/hot8_scan_c12_seed42.in,LRU LFU ARC LFU,4,3 3 3 3,12,10000,5620,4380,0.562,7992,2008,0.7992,2372
configs/exp4/lru_lfu_arc_lirs.cfg,experiments/data/hot8_scan_c12_seed42.in,LRU LFU ARC LIRS,4,3 3 3 3,12,10000,5411,4589,0.5411,7992,2008,0.7992,2581
configs/exp4/lru_lfu_arc_lru.cfg,experiments/data/hot8_scan_c12_seed42.in,LRU LFU ARC LRU,4,3 3 3 3,12,10000,4826,5174,0.4826,7992,2008,0.7992,3166
configs/exp4/lru_lfu_lfu.cfg,experiments/data/hot8_scan_c12_seed42.in,LRU LFU LFU,3,4 4 4,12,10000,6682,3318,0.6682,7992,2008,0.7992,1310
configs/exp4/lru_lfu_lfu_2q.cfg,experiments/data/hot8_scan_c12_seed42.in,LRU LFU LFU 2Q,4,3 3 3 3,12,10000,6390,3610,0.639,7992,2008,0.7992,1602
configs/exp4/lru_lfu_lfu_arc.cfg,experiments/data/hot8_scan_c12_seed42.in,LRU LFU LFU ARC,4,3 3 3 3,12,10000,6142,3858,0.6142,7992,2008,0.7992,1850
configs/exp4/lru_lfu_lfu_lfu.cfg,experiments/data/hot8_scan_c12_seed42.in,LRU LFU LFU LFU,4,3 3 3 3,12,10000,6400,3600,0.64,7992,2008,0.7992,1592
configs/exp4/lru_lfu_lfu_lirs.cfg,experiments/data/hot8_scan_c12_seed42.in,LRU LFU LFU LIRS,4,3 3 3 3,12,10000,6390,3610,0.639,7992,2008,0.7992,1602
configs/exp4/lru_lfu_lfu_lru.cfg,experiments/data/hot8_scan_c12_seed42.in,LRU LFU LFU LRU,4,3 3 3 3,12,10000,5608,4392,0.5608,7992,2008,0.7992,2384
configs/exp4/lru_lfu_lirs.cfg,experiments/data/hot8_scan_c12_seed42.in,LRU LFU LIRS,3,4 4 4,12,10000,6569,3431,0.6569,7992,2008,0.7992,1423
configs/exp4/lru_lfu_lirs_2q.cfg,experiments/data/hot8_scan_c12_seed42.in,LRU LFU LIRS 2Q,4,3 3 3 3,12,10000,5829,4171,0.5829,7992,2008,0.7992,2163
configs/exp4/lru_lfu_lirs_arc.cfg,experiments/data/hot8_scan_c12_seed42.in,LRU LFU LIRS ARC,4,3 3 3 3,12,10000,5551,4449,0.5551,7992,2008,0.7992,2441
configs/exp4/lru_lfu_lirs_lfu.cfg,experiments/data/hot8_scan_c12_seed42.in,LRU LFU LIRS LFU,4,3 3 3 3,12,10000,5917,4083,0.5917,7992,2008,0.7992,2075
configs/exp4/lru_lfu_lirs_lirs.cfg,experiments/data/hot8_scan_c12_seed42.in,LRU LFU LIRS LIRS,4,3 3 3 3,12,10000,5561,4439,0.5561,7992,2008,0.7992,2431
configs/exp4/lru_lfu_lirs_lru.cfg,experiments/data/hot8_scan_c12_seed42.in,LRU LFU LIRS LRU,4,3 3 3 3,12,10000,5398,4602,0.5398,7992,2008,0.7992,2594
configs/exp4/lru_lfu_lru.cfg,experiments/data/hot8_scan_c12_seed42.in,LRU LFU LRU,3,4 4 4,12,10000,5368,4632,0.5368,7992,2008,0.7992,2624
configs/exp4/lru_lfu_lru_2q.cfg,experiments/data/hot8_scan_c12_seed42.in,LRU LFU LRU 2Q,4,3 3 3 3,12,10000,5274,4726,0.5274,7992,2008,0.7992,2718
configs/exp4/lru_lfu_lru_arc.cfg,experiments/data/hot8_scan_c12_seed42.in,LRU LFU LRU ARC,4,3 3 3 3,12,10000,4798,5202,0.4798,7992,2008,0.7992,3194
configs/exp4/lru_lfu_lru_lfu.cfg,experiments/data/hot8_scan_c12_seed42.in,LRU LFU LRU LFU,4,3 3 3 3,12,10000,4004,5996,0.4004,7992,2008,0.7992,3988
configs/exp4/lru_lfu_lru_lirs.cfg,experiments/data/hot8_scan_c12_seed42.in,LRU LFU LRU LIRS,4,3 3 3 3,12,10000,5158,4842,0.5158,7992,2008,0.7992,2834
configs/exp4/lru_lfu_lru_lru.cfg,experiments/data/hot8_scan_c12_seed42.in,LRU LFU LRU LRU,4,3 3 3 3,12,10000,4035,5965,0.4035,7992,2008,0.7992,3957
configs/exp4/lru_lirs.cfg,experiments/data/hot8_scan_c12_seed42.in,LRU LIRS,2,6 6,12,10000,6402,3598,0.6402,7992,2008,0.7992,1590
configs/exp4/lru_lirs_2q.cfg,experiments/data/hot8_scan_c12_seed42.in,LRU LIRS 2Q,3,4 4 4,12,10000,5707,4293,0.5707,7992,2008,0.7992,2285
configs/exp4/lru_lirs_2q_2q.cfg,experiments/data/hot8_scan_c12_seed42.in,LRU LIRS 2Q 2Q,4,3 3 3 3,12,10000,5147,4853,0.5147,7992,2008,0.7992,2845
configs/exp4/lru_lirs_2q_arc.cfg,experiments/data/hot8_scan_c12_seed42.in,LRU LIRS 2Q ARC,4,3 3 3 3,12,10000,5156,4844,0.5156,7992,2008,0.7992,2836
configs/exp4/lru_lirs_2q_lfu.cfg,experiments/data/hot8_scan_c12_seed42.in,LRU LIRS 2Q LFU,4,3 3 3 3,12,10000,5399,4601,0.5399,7992,2008,0.7992,2593
configs/exp4/lru_lirs_2q_lirs.cfg,experiments/data/hot8_scan_c12_seed42.in,LRU LIRS 2Q LIRS,4,3 3 3 3,12,10000,5231,4769,0.5231,7992,2008,0.7992,2761
configs/exp4/lru_lirs_2q_lru.cfg,experiments/data/hot8_scan_c12_seed42.in,LRU LIRS 2Q LRU,4,3 3 3 3,12,10000,4978,5022,0.4978,7992,2008,0.7992,3014
configs/exp4/lru_lirs_arc.cfg,experiments/data/hot8_scan_c12_seed42.in,LRU LIRS ARC,3,4 4 4,12,10000,5357,4643,0.5357,7992,2008,0.7992,2635
configs/exp4/lru_lirs_arc_2q.cfg,experiments/data/hot8_scan_c12_seed42.in,LRU LIRS ARC 2Q,4,3 3 3 3,12,10000,4963,5037,0.4963,7992,2008,0.7992,3029
configs/exp4/lru_lirs_arc_arc.cfg,experiments/data/hot8_scan_c12_seed42.in,LRU LIRS ARC ARC,4,3 3 3 3,12,10000,4481,5519,0.4481,7992,2008,0.7992,3511
configs/exp4/lru_lirs_arc_lfu.cfg,experiments/data/hot8_scan_c12_seed42.in,LRU LIRS ARC LFU,4,3 3 3 3,12,10000,5082,4918,0.5082,7992,2008,0.7992,2910
configs/exp4/lru_lirs_arc_lirs.cfg,experiments/data/hot8_scan_c12_seed42.in,LRU LIRS ARC LIRS,4,3 3 3 3,12,10000,4711,5289,0.4711,7992,2008,0.7992,3281
configs/exp4/lru_lirs_arc_lru.cfg,experiments/data/hot8_scan_c12_seed42.in,LRU LIRS ARC LRU,4,3 3 3 3,12,10000,4393,5607,0.4393,7992,2008,0.7992,3599
configs/exp4/lru_lirs_lfu.cfg,experiments/data/hot8_scan_c12_seed42.in,LRU LIRS LFU,3,4 4 4,12,10000,5816,4184,0.5816,7992,2008,0.7992,2176
configs/exp4/lru_lirs_lfu_2q.cfg,experiments/data/hot8_scan_c12_seed42.in,LRU LIRS LFU 2Q,4,3 3 3 3,12,10000,5617,4383,0.5617,7992,2008,0.7992,2375
configs/exp4/lru_lirs_lfu_arc.cfg,experiments/data/hot8_scan_c12_seed42.in,LRU LIRS LFU ARC,4,3 3 3 3,12,10000,5245,4755,0.5245,7992,2008,0.7992,2747
configs/exp4/lru_lirs_lfu_lfu.cfg,experiments/data/hot8_scan_c12_seed42.in,LRU LIRS LFU LFU,4,3 3 3 3,12,10000,5706,4294,0.5706,7992,2008,0.7992,2286
configs/exp4/lru_lirs_lfu_lirs.cfg,experiments/data/hot8_scan_c12_seed42.in,LRU LIRS LFU LIRS,4,3 3 3 3,12,10000,5338,4662,0.5338,7992,2008,0.7992,2654
configs/exp4/lru_lirs_lfu_lru.cfg,experiments/data/hot8_scan_c12_seed42.in,LRU LIRS LFU LRU,4,3 3 3 3,12,10000,5021,4979,0.5021,7992,2008,0.7992,2971
configs/exp4/lru_lirs_lirs.cfg,experiments/data/hot8_scan_c12_seed42.in,LRU LIRS LIRS,3,4 4 4,12,10000,5419,4581,0.5419,7992,2008,0.7992,2573
configs/exp4/lru_lirs_lirs_2q.cfg,experiments/data/hot8_scan_c12_seed42.in,LRU LIRS LIRS 2Q,4,3 3 3 3,12,10000,4934,5066,0.4934,7992,2008,0.7992,3058
configs/exp4/lru_lirs_lirs_arc.cfg,experiments/data/hot8_scan_c12_seed42.in,LRU LIRS LIRS ARC,4,3 3 3 3,12,10000,4593,5407,0.4593,7992,2008,0.7992,3399
configs/exp4/lru_lirs_lirs_lfu.cfg,experiments/data/hot8_scan_c12_seed42.in,LRU LIRS LIRS LFU,4,3 3 3 3,12,10000,5033,4967,0.5033,7992,2008,0.7992,2959
configs/exp4/lru_lirs_lirs_lirs.cfg,experiments/data/hot8_scan_c12_seed42.in,LRU LIRS LIRS LIRS,4,3 3 3 3,12,10000,4323,5677,0.4323,7992,2008,0.7992,3669
configs/exp4/lru_lirs_lirs_lru.cfg,experiments/data/hot8_scan_c12_seed42.in,LRU LIRS LIRS LRU,4,3 3 3 3,12,10000,4393,5607,0.4393,7992,2008,0.7992,3599
configs/exp4/lru_lirs_lru.cfg,experiments/data/hot8_scan_c12_seed42.in,LRU LIRS LRU,3,4 4 4,12,10000,5002,4998,0.5002,7992,2008,0.7992,2990
configs/exp4/lru_lirs_lru_2q.cfg,experiments/data/hot8_scan_c12_seed42.in,LRU LIRS LRU 2Q,4,3 3 3 3,12,10000,4803,5197,0.4803,7992,2008,0.7992,3189
configs/exp4/lru_lirs_lru_arc.cfg,experiments/data/hot8_scan_c12_seed42.in,LRU LIRS LRU ARC,4,3 3 3 3,12,10000,4388,5612,0.4388,7992,2008,0.7992,3604
configs/exp4/lru_lirs_lru_lfu.cfg,experiments/data/hot8_scan_c12_seed42.in,LRU LIRS LRU LFU,4,3 3 3 3,12,10000,4602,5398,0.4602,7992,2008,0.7992,3390
configs/exp4/lru_lirs_lru_lirs.cfg,experiments/data/hot8_scan_c12_seed42.in,LRU LIRS LRU LIRS,4,3 3 3 3,12,10000,4410,5590,0.441,7992,2008,0.7992,3582
configs/exp4/lru_lirs_lru_lru.cfg,experiments/data/hot8_scan_c12_seed42.in,LRU LIRS LRU LRU,4,3 3 3 3,12,10000,3789,6211,0.3789,7992,2008,0.7992,4203
configs/exp4/lru_lru_2q.cfg,experiments/data/hot8_scan_c12_seed42.in,LRU LRU 2Q,3,4 4 4,12,10000,4972,5028,0.4972,7992,2008,0.7992,3020
configs/exp4/lru_lru_2q_2q.cfg,experiments/data/hot8_scan_c12_seed42.in,LRU LRU 2Q 2Q,4,3 3 3 3,12,10000,4614,5386,0.4614,7992,2008,0.7992,3378
configs/exp4/lru_lru_2q_arc.cfg,experiments/data/hot8_scan_c12_seed42.in,LRU LRU 2Q ARC,4,3 3 3 3,12,10000,4598,5402,0.4598,7992,2008,0.7992,3394
configs/exp4/lru_lru_2q_lfu.cfg,experiments/data/hot8_scan_c12_seed42.in,LRU LRU 2Q LFU,4,3 3 3 3,12,10000,4760,5240,0.476,7992,2008,0.7992,3232
configs/exp4/lru_lru_2q_lirs.cfg,experiments/data/hot8_scan_c12_seed42.in,LRU LRU 2Q LIRS,4,3 3 3 3,12,10000,4961,5039,0.4961,7992,2008,0.7992,3031
configs/exp4/lru_lru_2q_lru.cfg,experiments/data/hot8_scan_c12_seed42.in,LRU LRU 2Q LRU,4,3 3 3 3,12,10000,3979,6021,0.3979,7992,2008,0.7992,4013
configs/exp4/lru_lru_arc.cfg,experiments/data/hot8_scan_c12_seed42.in,LRU LRU ARC,3,4 4 4,12,10000,4327,5673,0.4327,7992,2008,0.7992,3665
configs/exp4/lru_lru_arc_2q.cfg,experiments/data/hot8_scan_c12_seed42.in,LRU LRU ARC 2Q,4,3 3 3 3,12,10000,4195,5805,0.4195,7992,2008,0.7992,3797
configs/exp4/lru_lru_arc_arc.cfg,experiments/data/hot8_scan_c12_seed42.in,LRU LRU ARC ARC,4,3 3 3 3,12,10000,3434,6566,0.3434,7992,2008,0.7992,4558
configs/exp4/lru_lru_arc_lfu.cfg,experiments/data/hot8_scan_c12_seed42.in,LRU LRU ARC LFU,4,3 3 3 3,12,10000,4041,5959,0.4041,7992,2008,0.7992,3951
configs/exp4/lru_lru_arc_lirs.cfg,experiments/data/hot8_scan_c12_seed42.in,LRU LRU ARC LIRS,4,3 3 3 3,12,10000,4127,5873,0.4127,7992,2008,0.7992,3865
configs/exp4/lru_lru_arc_lru.cfg,experiments/data/hot8_scan_c12_seed42.in,LRU LRU ARC LRU,4,3 3 3 3,12,10000,3227,6773,0.3227,7992,2008,0.7992,4765
configs/exp4/lru_lru_lfu.cfg,experiments/data/hot8_scan_c12_seed42.in,LRU LRU LFU,3,4 4 4,12,10000,4335,5665,0.4335,7992,2008,0.7992,3657
configs/exp4/lru_lru_lfu_2q.cfg,experiments/data/hot8_scan_c12_seed42.in,LRU LRU LFU 2Q,4,3 3 3 3,12,10000,4253,5747,0.4253,7992,2008,0.7992,3739
configs/exp4/lru_lru_lfu_arc.cfg,experiments/data/hot8_scan_c12_seed42.in,LRU LRU LFU ARC,4,3 3 3 3,12,10000,3605,6395,0.3605,7992,2008,0.7992,4387
configs/exp4/lru_lru_lfu_lfu.cfg,experiments/data/hot8_scan_c12_seed42.in,LRU LRU LFU LFU,4,3 3 3 3,12,10000,3987,6013,0.3987,7992,2008,0.7992,4005
configs/exp4/lru_lru_lfu_lirs.cfg,experiments/data/hot8_scan_c12_seed42.in,LRU LRU LFU LIRS,4,3 3 3 3,12,10000,4147,5853,0.4147,7992,2008,0.7992,3845
configs/exp4/lru_lru_lfu_lru.cfg,experiments/data/hot8_scan_c12_seed42.in,LRU LRU LFU LRU,4,3 3 3 3,12,10000,3012,6988,0.3012,7992,2008,0.7992,4980
configs/exp4/lru_lru_lirs.cfg,experiments/data/hot8_scan_c12_seed42.in,LRU LRU LIRS,3,4 4 4,12,10000,4739,5261,0.4739,7992,2008,0.7992,3253
configs/exp4/lru_lru_lirs_2q.cfg,experiments/data/hot8_scan_c12_seed42.in,LRU LRU LIRS 2Q,4,3 3 3 3,12,10000,4634,5366,0.4634,7992,2008,0.7992,3358
configs/exp4/lru_lru_lirs_arc.cfg,experiments/data/hot8_scan_c12_seed42.in,LRU LRU LIRS ARC,4,3 3 3 3,12,10000,4191,5809,0.4191,7992,2008,0.7992,3801
configs/exp4/lru_lru_lirs_lfu.cfg,experiments/data/hot8_scan_c12_seed42.in,LRU LRU LIRS LFU,4,3 3 3 3,12,10000,4626,5374,0.4626,7992,2008,0.7992,3366
configs/exp4/lru_lru_lirs_lirs.cfg,experiments/data/hot8_scan_c12_seed42.in,LRU LRU LIRS LIRS,4,3 3 3 3,12,10000,4138,5862,0.4138,7992,2008,0.7992,3854
configs/exp4/lru_lru_lirs_lru.cfg,experiments/data/hot8_scan_c12_seed42.in,LRU LRU LIRS LRU,4,3 3 3 3,12,10000,3772,6228,0.3772,7992,2008,0.7992,4220
configs/exp4/lru_lru_lru_2q.cfg,experiments/data/hot8_scan_c12_seed42.in,LRU LRU LRU 2Q,4,3 3 3 3,12,10000,3661,6339,0.3661,7992,2008,0.7992,4331
configs/exp4/lru_lru_lru_arc.cfg,experiments/data/hot8_scan_c12_seed42.in,LRU LRU LRU ARC,4,3 3 3 3,12,10000,2302,7698,0.2302,7992,2008,0.7992,5690
configs/exp4/lru_lru_lru_lfu.cfg,experiments/data/hot8_scan_c12_seed42.in,LRU LRU LRU LFU,4,3 3 3 3,12,10000,2302,7698,0.2302,7992,2008,0.7992,5690
configs/exp4/lru_lru_lru_lirs.cfg,experiments/data/hot8_scan_c12_seed42.in,LRU LRU LRU LIRS,4,3 3 3 3,12,10000,3551,6449,0.3551,7992,2008,0.7992,4441
configs/exp4/2q_2q_2q_arc.cfg,experiments/data/hot8_scan_c24_seed42.in,2Q 2Q 2Q ARC,4,6 6 6 6,24,10000,7655,2345,0.7655,7992,2008,0.7992,337
configs/exp4/2q_2q_2q_lfu.cfg,experiments/data/hot8_scan_c24_seed42.in,2Q 2Q 2Q LFU,4,6 6 6 6,24,10000,7719,2281,0.7719,7992,2008,0.7992,273
configs/exp4/2q_2q_2q_lirs.cfg,experiments/data/hot8_scan_c24_seed42.in,2Q 2Q 2Q LIRS,4,6 6 6 6,24,10000,7643,2357,0.7643,7992,2008,0.7992,349
configs/exp4/2q_2q_2q_lru.cfg,experiments/data/hot8_scan_c24_seed42.in,2Q 2Q 2Q LRU,4,6 6 6 6,24,10000,7634,2366,0.7634,7992,2008,0.7992,358
configs/exp4/2q_2q_arc.cfg,experiments/data/hot8_scan_c24_seed42.in,2Q 2Q ARC,3,8 8 8,24,10000,7925,2075,0.7925,7992,2008,0.7992,67
configs/exp4/2q_2q_arc_2q.cfg,experiments/data/hot8_scan_c24_seed42.in,2Q 2Q ARC 2Q,4,6 6 6 6,24,10000,7719,2281,0.7719,7992,2008,0.7992,273
configs/exp4/2q_2q_arc_arc.cfg,experiments/data/hot8_scan_c24_seed42.in,2Q 2Q ARC ARC,4,6 6 6 6,24,10000,7674,2326,0.7674,7992,2008,0.7992,318
configs/exp4/2q_2q_arc_lfu.cfg,experiments/data/hot8_scan_c24_seed42.in,2Q 2Q ARC LFU,4,6 6 6 6,24,10000,7762,2238,0.7762,7992,2008,0.7992,230
configs/exp4/2q_2q_arc_lirs.cfg,experiments/data/hot8_scan_c24_seed42.in,2Q 2Q ARC LIRS,4,6 6 6 6,24,10000,7703,2297,0.7703,7992,2008,0.7992,289
configs/exp4/2q_2q_arc_lru.cfg,experiments/data/hot8_scan_c24_seed42.in,2Q 2Q ARC LRU,4,6 6 6 6,24,10000,7575,2425,0.7575,7992,2008,0.7992,417
configs/exp4/2q_2q_lfu.cfg,experiments/data/hot8_scan_c24_seed42.in,2Q 2Q LFU,3,8 8 8,24,10000,7902,2098,0.7902,7992,2008,0.7992,90
configs/exp4/2q_2q_lfu_2q.cfg,experiments/data/hot8_scan_c24_seed42.in,2Q 2Q LFU 2Q,4,6 6 6 6,24,10000,7981,2019,0.7981,7992,2008,0.7992,11
configs/exp4/2q_2q_lfu_arc.cfg,experiments/data/hot8_scan_c24_seed42.in,2Q 2Q LFU ARC,4,6 6 6 6,24,10000,7979,2021,0.7979,7992,2008,0.7992,13
configs/exp4/2q_2q_lfu_lfu.cfg,experiments/data/hot8_scan_c24_seed42.in,2Q 2Q LFU LFU,4,6 6 6 6,24,10000,7979,2021,0.7979,7992,2008,0.7992,13
configs/exp4/2q_2q_lfu_lirs.cfg,experiments/data/hot8_scan_c24_seed42.in,2Q 2Q LFU LIRS,4,6 6 6 6,24,10000,7986,2014,0.7986,7992,2008,0.7992,6
configs/exp4/2q_2q_lfu_lru.cfg,experiments/data/hot8_scan_c24_seed42.in,2Q 2Q LFU LRU,4,6 6 6 6,24,10000,7769,2231,0.7769,7992,2008,0.7992,223
configs/exp4/2q_2q_lirs.cfg,experiments/data/hot8_scan_c24_seed42.in,2Q 2Q LIRS,3,8 8 8,24,10000,7917,2083,0.7917,7992,2008,0.7992,75
configs/exp4/2q_2q_lirs_2q.cfg,experiments/data/hot8_scan_c24_seed42.in,2Q 2Q LIRS 2Q,4,6 6 6 6,24,10000,7680,2320,0.768,7992,2008,0.7992,312
configs/exp4/2q_2q_lirs_arc.cfg,experiments/data/hot8_scan_c24_seed42.in,2Q 2Q LIRS ARC,4,6 6 6 6,24,10000,7689,2311,0.7689,7992,2008,0.7992,303
configs/exp4/2q_2q_lirs_lfu.cfg,experiments/data/hot8_scan_c24_seed42.in,2Q 2Q LIRS LFU,4,6 6 6 6,24,10000,7786,2214,0.7786,7992,2008,0.7992,206
configs/exp4/2q_2q_lirs_lirs.cfg,experiments/data/hot8_scan_c24_seed42.in,2Q 2Q LIRS LIRS,4,6 6 6 6,24,10000,7616,2384,0.7616,7992,2008,0.7992,376
configs/exp4/2q_2q_lirs_lru.cfg,experiments/data/hot8_scan_c24_seed42.in,2Q 2Q LIRS LRU,4,6 6 6 6,24,10000,7647,2353,0.7647,7992,2008,0.7992,345
configs/exp4/2q_2q_lru.cfg,experiments/data/hot8_scan_c24_seed42.in,2Q 2Q LRU,3,8 8 8,24,10000,7725,2275,0.7725,7992,2008,0.7992,267
configs/exp4/2q_2q_lru_2q.cfg,experiments/data/hot8_scan_c24_seed42.in,2Q 2Q LRU 2Q,4,6 6 6 6,24,10000,7669,2331,0.7669,7992,2008,0.7992,323
configs/exp4/2q_2q_lru_arc.cfg,experiments/data/hot8_scan_c24_seed42.in,2Q 2Q LRU ARC,4,6 6 6 6,24,10000,7617,2383,0.7617,7992,2008,0.7992,375
configs/exp4/2q_2q_lru_lfu.cfg,experiments/data/hot8_scan_c24_seed42.in,2Q 2Q LRU LFU,4,6 6 6 6,24,10000,7431,2569,0.7431,7992,2008,0.7992,561
configs/exp4/2q_2q_lru_lirs.cfg,experiments/data/hot8_scan_c24_seed42.in,2Q 2Q LRU LIRS,4,6 6 6 6,24,10000,7729,2271,0.7729,7992,2008,0.7992,263
configs/exp4/2q_2q_lru_lru.cfg,experiments/data/hot8_scan_c24_seed42.in,2Q 2Q LRU LRU,4,6 6 6 6,24,10000,7355,2645,0.7355,7992,2008,0.7992,637
configs/exp4/2q_arc.cfg,experiments/data/hot8_scan_c24_seed42.in,2Q ARC,2,12 12,24,10000,7992,2008,0.7992,7992,2008,0.7992,0
configs/exp4/2q_arc_2q.cfg,experiments/data/hot8_scan_c24_seed42.in,2Q ARC 2Q,3,8 8 8,24,10000,7905,2095,0.7905,7992,2008,0.7992,87
configs/exp4/2q_arc_2q_2q.cfg,experiments/data/hot8_scan_c24_seed42.in,2Q ARC 2Q 2Q,4,6 6 6 6,24,10000,7740,2260,0.774,7992,2008,0.7992,252
configs/exp4/2q_arc_2q_arc.cfg,experiments/data/hot8_scan_c24_seed42.in,2Q ARC 2Q ARC,4,6 6 6 6,24,10000,7779,2221,0.7779,7992,2008,0.7992,213
configs/exp4/2q_arc_2q_lfu.cfg,experiments/data/hot8_scan_c24_seed42.in,2Q ARC 2Q LFU,4,6 6 6 6,24,10000,7788,2212,0.7788,7992,2008,0.7992,204
configs/exp4/2q_arc_2q_lirs.cfg,experiments/data/hot8_scan_c24_seed42.in,2Q ARC 2Q LIRS,4,6 6 6 6,24,10000,7837,2163,0.7837,7992,2008,0.7992,155
configs/exp4/2q_arc_2q_lru.cfg,experiments/data/hot8_scan_c24_seed42.in,2Q ARC 2Q LRU,4,6 6 6 6,24,10000,7610,2390,0.761,7992,2008,0.7992,382
configs/exp4/2q_arc_arc.cfg,experiments/data/hot8_scan_c24_seed42.in,2Q ARC ARC,3,8 8 8,24,10000,7880,2120,0.788,7992,2008,0.7992,112
configs/exp4/2q_arc_arc_2q.cfg,experiments/data/hot8_scan_c24_seed42.in,2Q ARC ARC 2Q,4,6 6 6 6,24,10000,7681,2319,0.7681,7992,2008,0.7992,311
configs/exp4/2q_arc_arc_arc.cfg,experiments/data/hot8_scan_c24_seed42.in,2Q ARC ARC ARC,4,6 6 6 6,24,10000,7655,2345,0.7655,7992,2008,0.7992,337
configs/exp4/2q_arc_arc_lfu.cfg,experiments/data/hot8_scan_c24_seed42.in,2Q ARC ARC LFU,4,6 6 6 6,24,10000,7738,2262,0.7738,7992,2008,0.7992,254
configs/exp4/2q_arc_arc_lirs.cfg,experiments/data/hot8_scan_c24_seed42.in,2Q ARC ARC LIRS,4,6 6 6 6,24,10000,7722,2278,0.7722,7992,2008,0.7992,270
configs/exp4/2q_arc_arc_lru.cfg,experiments/data/hot8_scan_c24_seed42.in,2Q ARC ARC LRU,4,6 6 6 6,24,10000,7467,2533,0.7467,7992,2008,0.7992,525
configs/exp4/2q_arc_lfu.cfg,experiments/data/hot8_scan_c24_seed42.in,2Q ARC LFU,3,8 8 8,24,10000,7880,2120,0.788,7992,2008,0.7992,112
configs/exp4/2q_arc_lfu_2q.cfg,experiments/data/hot8_scan_c24_seed42.in,2Q ARC LFU 2Q,4,6 6 6 6,24,10000,7963,2037,0.7963,7992,2008,0.7992,29
configs/exp4/2q_arc_lfu_arc.cfg,experiments/data/hot8_scan_c24_seed42.in,2Q ARC LFU ARC,4,6 6 6 6,24,10000,7954,2046,0.7954,7992,2008,0.7992,38
configs/exp4/2q_arc_lfu_lfu.cfg,experiments/data/hot8_scan_c24_seed42.in,2Q ARC LFU LFU,4,6 6 6 6,24,10000,7954,2046,0.7954,7992,2008,0.7992,38
configs/exp4/2q_arc_lfu_lirs.cfg,experiments/data/hot8_scan_c24_seed42.in,2Q ARC LFU LIRS,4,6 6 6 6,24,10000,7986,2014,0.7986,7992,2008,0.7992,6
configs/exp4/2q_arc_lfu_lru.cfg,experiments/data/hot8_scan_c24_seed42.in,2Q ARC LFU LRU,4,6 6 6 6,24,10000,7676,2324,0.7676,7992,2008,0.7992,316
configs/exp4/2q_arc_lirs.cfg,experiments/data/hot8_scan_c24_seed42.in,2Q ARC LIRS,3,8 8 8,24,10000,7967,2033,0.7967,7992,2008,0.7992,25
configs/exp4/2q_arc_lirs_2q.cfg,experiments/data/hot8_scan_c24_seed42.in,2Q ARC LIRS 2Q,4,6 6 6 6,24,10000,7717,2283,0.7717,7992,2008,0.7992,275
configs/exp4/2q_arc_lirs_arc.cfg,experiments/data/hot8_scan_c24_seed42.in,2Q ARC LIRS ARC,4,6 6 6 6,24,10000,7711,2289,0.7711,7992,2008,0.7992,281
configs/exp4/2q_arc_lirs_lfu.cfg,experiments/data/hot8_scan_c24_seed42.in,2Q ARC LIRS LFU,4,6 6 6 6,24,10000,7748,2252,0.7748,7992,2008,0.7992,244
configs/exp4/2q_arc_lirs_lirs.cfg,experiments/data/hot8_scan_c24_seed42.in,2Q ARC LIRS LIRS,4,6 6 6 6,24,10000,7682,2318,0.7682,7992,2008,0.7992,310
configs/exp4/2q_arc_lirs_lru.cfg,experiments/data/hot8_scan_c24_seed42.in,2Q ARC LIRS LRU,4,6 6 6 6,24,10000,7559,2441,0.7559,7992,2008,0.7992,433
configs/exp4/2q_arc_lru.cfg,experiments/data/hot8_scan_c24_seed42.in,2Q ARC LRU,3,8 8 8,24,10000,7823,2177,0.7823,7992,2008,0.7992,169
configs/exp4/2q_arc_lru_2q.cfg,experiments/data/hot8_scan_c24_seed42.in,2Q ARC LRU 2Q,4,6 6 6 6,24,10000,7594,2406,0.7594,7992,2008,0.7992,398
configs/exp4/2q_arc_lru_arc.cfg,experiments/data/hot8_scan_c24_seed42.in,2Q ARC LRU ARC,4,6 6 6 6,24,10000,7426,2574,0.7426,7992,2008,0.7992,566
configs/exp4/2q_arc_lru_lfu.cfg,experiments/data/hot8_scan_c24_seed42.in,2Q ARC LRU LFU,4,6 6 6 6,24,10000,7251,2749,0.7251,7992,2008,0.7992,741
configs/exp4/2q_arc_lru_lirs.cfg,experiments/data/hot8_scan_c24_seed42.in,2Q ARC LRU LIRS,4,6 6 6 6,24,10000,7591,2409,0.7591,7992,2008,0.7992,401
configs/exp4/2q_arc_lru_lru.cfg,experiments/data/hot8_scan_c24_seed42.in,2Q ARC LRU LRU,4,6 6 6 6,24,10000,7163,2837,0.7163,7992,2008,0.7992,829
configs/exp4/2q_lfu.cfg,experiments/data/hot8_scan_c24_seed42.in,2Q LFU,2,12 12,24,10000,7992,2008,0.7992,7992,2008,0.7992,0
configs/exp4/2q_lfu_2q.cfg,experiments/data/hot8_scan_c24_seed42.in,2Q LFU 2Q,3,8 8 8,24,10000,7979,2021,0.7979,7992,2008,0.7992,13
configs/exp4/2q_lfu_2q_2q.cfg,experiments/data/hot8_scan_c24_seed42.in,2Q LFU 2Q 2Q,4,6 6 6 6,24,10000,7984,2016,0.7984,7992,2008,0.7992,8
configs/exp4/2q_lfu_2q_arc.cfg,experiments/data/hot8_scan_c24_seed42.in,2Q LFU 2Q ARC,4,6 6 6 6,24,10000,7985,2015,0.7985,7992,2008,0.7992,7
configs/exp4/2q_lfu_2q_lfu.cfg,experiments/data/hot8_scan_c24_seed42.in,2Q LFU 2Q LFU,4,6 6 6 6,24,10000,7985,2015,0.7985,7992,2008,0.7992,7
configs/exp4/2q_lfu_2q_lirs.cfg,experiments/data/hot8_scan_c24_seed42.in,2Q LFU 2Q LIRS,4,6 6 6 6,24,10000,7990,2010,0.799,7992,2008,0.7992,2
configs/exp4/2q_lfu_2q_lru.cfg,experiments/data/hot8_scan_c24_seed42.in,2Q LFU 2Q LRU,4,6 6 6 6,24,10000,7985,2015,0.7985,7992,2008,0.7992,7
configs/exp4/2q_lfu_arc.cfg,experiments/data/hot8_scan_c24_seed42.in,2Q LFU ARC,3,8 8 8,24,10000,7979,2021,0.7979,7992,2008,0.7992,13
configs/exp4/2q_lfu_arc_2q.cfg,experiments/data/hot8_scan_c24_seed42.in,2Q LFU ARC 2Q,4,6 6 6 6,24,10000,7985,2015,0.7985,7992,2008,0.7992,7
configs/exp4/2q_lfu_arc_arc.cfg,experiments/data/hot8_scan_c24_seed42.in,2Q LFU ARC ARC,4,6 6 6 6,24,10000,7983,2017,0.7983,7992,2008,0.7992,9
configs/exp4/2q_lfu_arc_lfu.cfg,experiments/data/hot8_scan_c24_seed42.in,2Q LFU ARC LFU,4,6 6 6 6,24,10000,7983,2017,0.7983,7992,2008,0.7992,9
configs/exp4/2q_lfu_arc_lirs.cfg,experiments/data/hot8_scan_c24_seed42.in,2Q LFU ARC LIRS,4,6 6 6 6,24,10000,7990,2010,0.799,7992,2008,0.7992,2
configs/exp4/2q_lfu_arc_lru.cfg,experiments/data/hot8_scan_c24_seed42.in,2Q LFU ARC LRU,4,6 6 6 6,24,10000,7983,2017,0.7983,7992,2008,0.7992,9
configs/exp4/2q_lfu_lfu.cfg,experiments/data/hot8_scan_c24_seed42.in,2Q LFU LFU,3,8 8 8,24,10000,7979,2021,0.7979,7992,2008,0.7992,13
configs/exp4/2q_lfu_lfu_2q.cfg,experiments/data/hot8_scan_c24_seed42.in,2Q LFU LFU 2Q,4,6 6 6 6,24,10000,7985,2015,0.7985,7992,2008,0.7992,7
configs/exp4/2q_lfu_lfu_arc.cfg,experiments/data/hot8_scan_c24_seed42.in,2Q LFU LFU ARC,4,6 6 6 6,24,10000,7983,2017,0.7983,7992,2008,0.7992,9
configs/exp4/2q_lfu_lfu_lfu.cfg,experiments/data/hot8_scan_c24_seed42.in,2Q LFU LFU LFU,4,6 6 6 6,24,10000,7983,2017,0.7983,7992,2008,0.7992,9
configs/exp4/2q_lfu_lfu_lirs.cfg,experiments/data/hot8_scan_c24_seed42.in,2Q LFU LFU LIRS,4,6 6 6 6,24,10000,7990,2010,0.799,7992,2008,0.7992,2
configs/exp4/2q_lfu_lfu_lru.cfg,experiments/data/hot8_scan_c24_seed42.in,2Q LFU LFU LRU,4,6 6 6 6,24,10000,7983,2017,0.7983,7992,2008,0.7992,9
configs/exp4/2q_lfu_lirs.cfg,experiments/data/hot8_scan_c24_seed42.in,2Q LFU LIRS,3,8 8 8,24,10000,7988,2012,0.7988,7992,2008,0.7992,4
configs/exp4/2q_lfu_lirs_2q.cfg,experiments/data/hot8_scan_c24_seed42.in,2Q LFU LIRS 2Q,4,6 6 6 6,24,10000,7989,2011,0.7989,7992,2008,0.7992,3
configs/exp4/2q_lfu_lirs_arc.cfg,experiments/data/hot8_scan_c24_seed42.in,2Q LFU LIRS ARC,4,6 6 6 6,24,10000,7989,2011,0.7989,7992,2008,0.7992,3
configs/exp4/2q_lfu_lirs_lfu.cfg,experiments/data/hot8_scan_c24_seed42.in,2Q LFU LIRS LFU,4,6 6 6 6,24,10000,7989,2011,0.7989,7992,2008,0.7992,3
configs/exp4/2q_lfu_lirs_lirs.cfg,experiments/data/hot8_scan_c24_seed42.in,2Q LFU LIRS LIRS,4,6 6 6 6,24,10000,7988,2012,0.7988,7992,2008,0.7992,4
configs/exp4/2q_lfu_lirs_lru.cfg,experiments/data/hot8_scan_c24_seed42.in,2Q LFU LIRS LRU,4,6 6 6 6,24,10000,7989,2011,0.7989,7992,2008,0.7992,3
configs/exp4/2q_lfu_lru.cfg,experiments/data/hot8_scan_c24_seed42.in,2Q LFU LRU,3,8 8 8,24,10000,7877,2123,0.7877,7992,2008,0.7992,115
configs/exp4/2q_lfu_lru_2q.cfg,experiments/data/hot8_scan_c24_seed42.in,2Q LFU LRU 2Q,4,6 6 6 6,24,10000,7979,2021,0.7979,7992,2008,0.7992,13
configs/exp4/2q_lfu_lru_arc.cfg,experiments/data/hot8_scan_c24_seed42.in,2Q LFU LRU ARC,4,6 6 6 6,24,10000,7933,2067,0.7933,7992,2008,0.7992,59
configs/exp4/2q_lfu_lru_lfu.cfg,experiments/data/hot8_scan_c24_seed42.in,2Q LFU LRU LFU,4,6 6 6 6,24,10000,7703,2297,0.7703,7992,2008,0.7992,289
configs/exp4/2q_lfu_lru_lirs.cfg,experiments/data/hot8_scan_c24_seed42.in,2Q LFU LRU LIRS,4,6 6 6 6,24,10000,7988,2012,0.7988,7992,2008,0.7992,4
configs/exp4/2q_lfu_lru_lru.cfg,experiments/data/hot8_scan_c24_seed42.in,2Q LFU LRU LRU,4,6 6 6 6,24,10000,7584,2416,0.7584,7992,2008,0.7992,408
configs/exp4/2q_lirs.cfg,experiments/data/hot8_scan_c24_seed42.in,2Q LIRS,2,12 12,24,10000,7992,2008,0.7992,7992,2008,0.7992,0
configs/exp4/2q_lirs_2q.cfg,experiments/data/hot8_scan_c24_seed42.in,2Q LIRS 2Q,3,8 8 8,24,10000,7914,2086,0.7914,7992,2008,0.7992,78
configs/exp4/2q_lirs_2q_2q.cfg,experiments/data/hot8_scan_c24_seed42.in,2Q LIRS 2Q 2Q,4,6 6 6 6,24,10000,7616,2384,0.7616,7992,2008,0.7992,376
configs/exp4/2q_lirs_2q_arc.cfg,experiments/data/hot8_scan_c24_seed42.in,2Q LIRS 2Q ARC,4,6 6 6 6,24,10000,7682,2318,0.7682,7992,2008,0.7992,310
configs/exp4/2q_lirs_2q_lfu.cfg,experiments/data/hot8_scan_c24_seed42.in,2Q LIRS 2Q LFU,4,6 6 6 6,24,10000,7736,2264,0.7736,7992,2008,0.7992,256
configs/exp4/2q_lirs_2q_lirs.cfg,experiments/data/hot8_scan_c24_seed42.in,2Q LIRS 2Q LIRS,4,6 6 6 6,24,10000,7666,2334,0.7666,7992,2008,0.7992,326
configs/exp4/2q_lirs_2q_lru.cfg,experiments/data/hot8_scan_c24_seed42.in,2Q LIRS 2Q LRU,4,6 6 6 6,24,10000,7626,2374,0.7626,7992,2008,0.7992,366
configs/exp4/2q_lirs_arc.cfg,experiments/data/hot8_scan_c24_seed42.in,2Q LIRS ARC,3,8 8 8,24,10000,7953,2047,0.7953,7992,2008,0.7992,39
configs/exp4/2q_lirs_arc_2q.cfg,experiments/data/hot8_scan_c24_seed42.in,2Q LIRS ARC 2Q,4,6 6 6 6,24,10000,7676,2324,0.7676,7992,2008,0.7992,316
configs/exp4/2q_lirs_arc_arc.cfg,experiments/data/hot8_scan_c24_seed42.in,2Q LIRS ARC ARC,4,6 6 6 6,24,10000,7666,2334,0.7666,7992,2008,0.7992,326
configs/exp4/2q_lirs_arc_lfu.cfg,experiments/data/hot8_scan_c24_seed42.in,2Q LIRS ARC LFU,4,6 6 6 6,24,10000,7753,2247,0.7753,7992,2008,0.7992,239
configs/exp4/2q_lirs_arc_lirs.cfg,experiments/data/hot8_scan_c24_seed42.in,2Q LIRS ARC LIRS,4,6 6 6 6,24,10000,7664,2336,0.7664,7992,2008,0.7992,328
configs/exp4/2q_lirs_arc_lru.cfg,experiments/data/hot8_scan_c24_seed42.in,2Q LIRS ARC LRU,4,6 6 6 6,24,10000,7536,2464,0.7536,7992,2008,0.7992,456
configs/exp4/2q_lirs_lfu.cfg,experiments/data/hot8_scan_c24_seed42.in,2Q LIRS LFU,3,8 8 8,24,10000,7948,2052,0.7948,7992,2008,0.7992,44
configs/exp4/2q_lirs_lfu_2q.cfg,experiments/data/hot8_scan_c24_seed42.in,2Q LIRS LFU 2Q,4,6 6 6 6,24,10000,7981,2019,0.7981,7992,2008,0.7992,11
configs/exp4/2q_lirs_lfu_arc.cfg,experiments/data/hot8_scan_c24_seed42.in,2Q LIRS LFU ARC,4,6 6 6 6,24,10000,7981,2019,0.7981,7992,2008,0.7992,11
configs/exp4/2q_lirs_lfu_lfu.cfg,experiments/data/hot8_scan_c24_seed42.in,2Q LIRS LFU LFU,4,6 6 6 6,24,10000,7981,2019,0.7981,7992,2008,0.7992,11
configs/exp4/2q_lirs_lfu_lirs.cfg,experiments/data/hot8_scan_c24_seed42.in,2Q LIRS LFU LIRS,4,6 6 6 6,24,10000,7984,2016,0.7984,7992,2008,0.7992,8
configs/exp4/2q_lirs_lfu_lru.cfg,experiments/data/hot8_scan_c24_seed42.in,2Q LIRS LFU LRU,4,6 6 6 6,24,10000,7733,2267,0.7733,7992,2008,0.7992,259
configs/exp4/2q_lirs_lirs.cfg,experiments/data/hot8_scan_c24_seed42.in,2Q LIRS LIRS,3,8 8 8,24,10000,7950,2050,0.795,7992,2008,0.7992,42
configs/exp4/2q_lirs_lirs_2q.cfg,experiments/data/hot8_scan_c24_seed42.in,2Q LIRS LIRS 2Q,4,6 6 6 6,24,10000,7601,2399,0.7601,7992,2008,0.7992,391
configs/exp4/2q_lirs_lirs_arc.cfg,experiments/data/hot8_scan_c24_seed42.in,2Q LIRS LIRS ARC,4,6 6 6 6,24,10000,7614,2386,0.7614,7992,2008,0.7992,378
configs/exp4/2q_lirs_lirs_lfu.cfg,experiments/data/hot8_scan_c24_seed42.in,2Q LIRS LIRS LFU,4,6 6 6 6,24,10000,7740,2260,0.774,7992,2008,0.7992,252
configs/exp4/2q_lirs_lirs_lirs.cfg,experiments/data/hot8_scan_c24_seed42.in,2Q LIRS LIRS LIRS,4,6 6 6 6,24,10000,7531,2469,0.7531,7992,2008,0.7992,461
configs/exp4/2q_lirs_lirs_lru.cfg,experiments/data/hot8_scan_c24_seed42.in,2Q LIRS LIRS LRU,4,6 6 6 6,24,10000,7584,2416,0.7584,7992,2008,0.7992,408
configs/exp4/2q_lirs_lru.cfg,experiments/data/hot8_scan_c24_seed42.in,2Q LIRS LRU,3,8 8 8,24,10000,7853,2147,0.7853,7992,2008,0.7992,139
configs/exp4/2q_lirs_lru_2q.cfg,experiments/data/hot8_scan_c24_seed42.in,2Q LIRS LRU 2Q,4,6 6 6 6,24,10000,7644,2356,0.7644,7992,2008,0.7992,348
configs/exp4/2q_lirs_lru_arc.cfg,experiments/data/hot8_scan_c24_seed42.in,2Q LIRS LRU ARC,4,6 6 6 6,24,10000,7491,2509,0.7491,7992,2008,0.7992,501
configs/exp4/2q_lirs_lru_lfu.cfg,experiments/data/hot8_scan_c24_seed42.in,2Q LIRS LRU LFU,4,6 6 6 6,24,10000,7387,2613,0.7387,7992,2008,0.7992,605
configs/exp4/2q_lirs_lru_lirs.cfg,experiments/data/hot8_scan_c24_seed42.in,2Q LIRS LRU LIRS,4,6 6 6 6,24,10000,7680,2320,0.768,7992,2008,0.7992,312
configs/exp4/2q_lirs_lru_lru.cfg,experiments/data/hot8_scan_c24_seed42.in,2Q LIRS LRU LRU,4,6 6 6 6,24,10000,7320,2680,0.732,7992,2008,0.7992,672
configs/exp4/2q_lru.cfg,experiments/data/hot8_scan_c24_seed42.in,2Q LRU,2,12 12,24,10000,7992,2008,0.7992,7992,2008,0.7992,0
configs/exp4/2q_lru_2q.cfg,experiments/data/hot8_scan_c24_seed42.in,2Q LRU 2Q,3,8 8 8,24,10000,7722,2278,0.7722,7992,2008,0.7992,270
configs/exp4/2q_lru_2q_2q.cfg,experiments/data/hot8_scan_c24_seed42.in,2Q LRU 2Q 2Q,4,6 6 6 6,24,10000,7794,2206,0.7794,7992,2008,0.7992,198
configs/exp4/2q_lru_2q_arc.cfg,experiments/data/hot8_scan_c24_seed42.in,2Q LRU 2Q ARC,4,6 6 6 6,24,10000,7926,2074,0.7926,7992,2008,0.7992,66
configs/exp4/2q_lru_2q_lfu.cfg,experiments/data/hot8_scan_c24_seed42.in,2Q LRU 2Q LFU,4,6 6 6 6,24,10000,7716,2284,0.7716,7992,2008,0.7992,276
configs/exp4/2q_lru_2q_lirs.cfg,experiments/data/hot8_scan_c24_seed42.in,2Q LRU 2Q LIRS,4,6 6 6 6,24,10000,7974,2026,0.7974,7992,2008,0.7992,18
configs/exp4/2q_lru_2q_lru.cfg,experiments/data/hot8_scan_c24_seed42.in,2Q LRU 2Q LRU,4,6 6 6 6,24,10000,7530,2470,0.753,7992,2008,0.7992,462
configs/exp4/2q_lru_arc.cfg,experiments/data/hot8_scan_c24_seed42.in,2Q LRU ARC,3,8 8 8,24,10000,7657,2343,0.7657,7992,2008,0.7992,335
configs/exp4/2q_lru_arc_2q.cfg,experiments/data/hot8_scan_c24_seed42.in,2Q LRU ARC 2Q,4,6 6 6 6,24,10000,7715,2285,0.7715,7992,2008,0.7992,277
configs/exp4/2q_lru_arc_arc.cfg,experiments/data/hot8_scan_c24_seed42.in,2Q LRU ARC ARC,4,6 6 6 6,24,10000,7620,2380,0.762,7992,2008,0.7992,372
configs/exp4/2q_lru_arc_lfu.cfg,experiments/data/hot8_scan_c24_seed42.in,2Q LRU ARC LFU,4,6 6 6 6,24,10000,7510,2490,0.751,7992,2008,0.7992,482
configs/exp4/2q_lru_arc_lirs.cfg,experiments/data/hot8_scan_c24_seed42.in,2Q LRU ARC LIRS,4,6 6 6 6,24,10000,7765,2235,0.7765,7992,2008,0.7992,227
configs/exp4/2q_lru_arc_lru.cfg,experiments/data/hot8_scan_c24_seed42.in,2Q LRU ARC LRU,4,6 6 6 6,24,10000,7348,2652,0.7348,7992,2008,0.7992,644
configs/exp4/2q_lru_lfu.cfg,experiments/data/hot8_scan_c24_seed42.in,2Q LRU LFU,3,8 8 8,24,10000,7238,2762,0.7238,7992,2008,0.7992,754
configs/exp4/2q_lru_lfu_2q.cfg,experiments/data/hot8_scan_c24_seed42.in,2Q LRU LFU 2Q,4,6 6 6 6,24,10000,7859,2141,0.7859,7992,2008,0.7992,133
configs/exp4/2q_lru_lfu_arc.cfg,experiments/data/hot8_scan_c24_seed42.in,2Q LRU LFU ARC,4,6 6 6 6,24,10000,7881,2119,0.7881,7992,2008,0.7992,111
configs/exp4/2q_lru_lfu_lfu.cfg,experiments/data/hot8_scan_c24_seed42.in,2Q LRU LFU LFU,4,6 6 6 6,24,10000,7404,2596,0.7404,7992,2008,0.7992,588
configs/exp4/2q_lru_lfu_lirs.cfg,experiments/data/hot8_scan_c24_seed42.in,2Q LRU LFU LIRS,4,6 6 6 6,24,10000,7962,2038,0.7962,7992,2008,0.7992,30
configs/exp4/2q_lru_lfu_lru.cfg,experiments/data/hot8_scan_c24_seed42.in,2Q LRU LFU LRU,4,6 6 6 6,24,10000,7172,2828,0.7172,7992,2008,0.7992,820
configs/exp4/2q_lru_lirs.cfg,experiments/data/hot8_scan_c24_seed42.in,2Q LRU LIRS,3,8 8 8,24,10000,7848,2152,0.7848,7992,2008,0.7992,144
configs/exp4/2q_lru_lirs_2q.cfg,experiments/data/hot8_scan_c24_seed42.in,2Q LRU LIRS 2Q,4,6 6 6 6,24,10000,7731,2269,0.7731,7992,2008,0.7992,261
configs/exp4/2q_lru_lirs_arc.cfg,experiments/data/hot8_scan_c24_seed42.in,2Q LRU LIRS ARC,4,6 6 6 6,24,10000,7718,2282,0.7718,7992,2008,0.7992,274
configs/exp4/2q_lru_lirs_lfu.cfg,experiments/data/hot8_scan_c24_seed42.in,2Q LRU LIRS LFU,4,6 6 6 6,24,10000,7611,2389,0.7611,7992,2008,0.7992,381
configs/exp4/2q_lru_lirs_lirs.cfg,experiments/data/hot8_scan_c24_seed42.in,2Q LRU LIRS LIRS,4,6 6 6 6,24,10000,7727,2273,0.7727,7992,2008,0.7992,265
configs/exp4/2q_lru_lirs_lru.cfg,experiments/data/hot8_scan_c24_seed42.in,2Q LRU LIRS LRU,4,6 6 6 6,24,10000,7437,2563,0.7437,7992,2008,0.7992,555
configs/exp4/2q_lru_lru.cfg,experiments/data/hot8_scan_c24_seed42.in,2Q LRU LRU,3,8 8 8,24,10000,7132,2868,0.7132,7992,2008,0.7992,860
configs/exp4/2q_lru_lru_2q.cfg,experiments/data/hot8_scan_c24_seed42.in,2Q LRU LRU 2Q,4,6 6 6 6,24,10000,7427,2573,0.7427,7992,2008,0.7992,565
configs/exp4/2q_lru_lru_arc.cfg,experiments/data/hot8_scan_c24_seed42.in,2Q LRU LRU ARC,4,6 6 6 6,24,10000,7196,2804,0.7196,7992,2008,0.7992,796
configs/exp4/2q_lru_lru_lfu.cfg,experiments/data/hot8_scan_c24_seed42.in,2Q LRU LRU LFU,4,6 6 6 6,24,10000,6909,3091,0.6909,7992,2008,0.7992,1083
configs/exp4/2q_lru_lru_lirs.cfg,experiments/data/hot8_scan_c24_seed42.in,2Q LRU LRU LIRS,4,6 6 6 6,24,10000,7412,2588,0.7412,7992,2008,0.7992,580
configs/exp4/2q_lru_lru_lru.cfg,experiments/data/hot8_scan_c24_seed42.in,2Q LRU LRU LRU,4,6 6 6 6,24,10000,6654,3346,0.6654,7992,2008,0.7992,1338
configs/exp4/arc_2q.cfg,experiments/data/hot8_scan_c24_seed42.in,ARC 2Q,2,12 12,24,10000,7992,2008,0.7992,7992,2008,0.7992,0
configs/exp4/arc_2q_2q.cfg,experiments/data/hot8_scan_c24_seed42.in,ARC 2Q 2Q,3,8 8 8,24,10000,7886,2114,0.7886,7992,2008,0.7992,106
configs/exp4/arc_2q_2q_2q.cfg,experiments/data/hot8_scan_c24_seed42.in,ARC 2Q 2Q 2Q,4,6 6 6 6,24,10000,7718,2282,0.7718,7992,2008,0.7992,274
configs/exp4/arc_2q_2q_arc.cfg,experiments/data/hot8_scan_c24_seed42.in,ARC 2Q 2Q ARC,4,6 6 6 6,24,10000,7776,2224,0.7776,7992,2008,0.7992,216
configs/exp4/arc_2q_2q_lfu.cfg,experiments/data/hot8_scan_c24_seed42.in,ARC 2Q 2Q LFU,4,6 6 6 6,24,10000,7802,2198,0.7802,7992,2008,0.7992,190
configs/exp4/arc_2q_2q_lirs.cfg,experiments/data/hot8_scan_c24_seed42.in,ARC 2Q 2Q LIRS,4,6 6 6 6,24,10000,7806,2194,0.7806,7992,2008,0.7992,186
configs/exp4/arc_2q_2q_lru.cfg,experiments/data/hot8_scan_c24_seed42.in,ARC 2Q 2Q LRU,4,6 6 6 6,24,10000,7668,2332,0.7668,7992,2008,0.7992,324
configs/exp4/arc_2q_arc.cfg,experiments/data/hot8_scan_c24_seed42.in,ARC 2Q ARC,3,8 8 8,24,10000,7882,2118,0.7882,7992,2008,0.7992,110
configs/exp4/arc_2q_arc_2q.cfg,experiments/data/hot8_scan_c24_seed42.in,ARC 2Q ARC 2Q,4,6 6 6 6,24,10000,7801,2199,0.7801,7992,2008,0.7992,191
configs/exp4/arc_2q_arc_arc.cfg,experiments/data/hot8_scan_c24_seed42.in,ARC 2Q ARC ARC,4,6 6 6 6,24,10000,7789,2211,0.7789,7992,2008,0.7992,203
configs/exp4/arc_2q_arc_lfu.cfg,experiments/data/hot8_scan_c24_seed42.in,ARC 2Q ARC LFU,4,6 6 6 6,24,10000,7840,2160,0.784,7992,2008,0.7992,152
configs/exp4/arc_2q_arc_lirs.cfg,experiments/data/hot8_scan_c24_seed42.in,ARC 2Q ARC LIRS,4,6 6 6 6,24,10000,7806,2194,0.7806,7992,2008,0.7992,186
configs/exp4/arc_2q_arc_lru.cfg,experiments/data/hot8_scan_c24_seed42.in,ARC 2Q ARC LRU,4,6 6 6 6,24,10000,7676,2324,0.7676,7992,2008,0.7992,316
configs/exp4/arc_2q_lfu.cfg,experiments/data/hot8_scan_c24_seed42.in,ARC 2Q LFU,3,8 8 8,24,10000,7823,2177,0.7823,7992,2008,0.7992,169
configs/exp4/arc_2q_lfu_2q.cfg,experiments/data/hot8_scan_c24_seed42.in,ARC 2Q LFU 2Q,4,6 6 6 6,24,10000,7979,2021,0.7979,7992,2008,0.7992,13
configs/exp4/arc_2q_lfu_arc.cfg,experiments/data/hot8_scan_c24_seed42.in,ARC 2Q LFU ARC,4,6 6 6 6,24,10000,7979,2021,0.7979,7992,2008,0.7992,13
configs/exp4/arc_2q_lfu_lfu.cfg,experiments/data/hot8_scan_c24_seed42.in,ARC 2Q LFU LFU,4,6 6 6 6,24,10000,7973,2027,0.7973,7992,2008,0.7992,19
configs/exp4/arc_2q_lfu_lirs.cfg,experiments/data/hot8_scan_c24_seed42.in,ARC 2Q LFU LIRS,4,6 6 6 6,24,10000,7984,2016,0.7984,7992,2008,0.7992,8
configs/exp4/arc_2q_lfu_lru.cfg,experiments/data/hot8_scan_c24_seed42.in,ARC 2Q LFU LRU,4,6 6 6 6,24,10000,7720,2280,0.772,7992,2008,0.7992,272
configs/exp4/arc_2q_lirs.cfg,experiments/data/hot8_scan_c24_seed42.in,ARC 2Q LIRS,3,8 8 8,24,10000,7988,2012,0.7988,7992,2008,0.7992,4
configs/exp4/arc_2q_lirs_2q.cfg,experiments/data/hot8_scan_c24_seed42.in,ARC 2Q LIRS 2Q,4,6 6 6 6,24,10000,7833,2167,0.7833,7992,2008,0.7992,159
configs/exp4/arc_2q_lirs_arc.cfg,experiments/data/hot8_scan_c24_seed42.in,ARC 2Q LIRS ARC,4,6 6 6 6,24,10000,7802,2198,0.7802,7992,2008,0.7992,190
configs/exp4/arc_2q_lirs_lfu.cfg,experiments/data/hot8_scan_c24_seed42.in,ARC 2Q LIRS LFU,4,6 6 6 6,24,10000,7853,2147,0.7853,7992,2008,0.7992,139
configs/exp4/arc_2q_lirs_lirs.cfg,experiments/data/hot8_scan_c24_seed42.in,ARC 2Q LIRS LIRS,4,6 6 6 6,24,10000,7759,2241,0.7759,7992,2008,0.7992,233
configs/exp4/arc_2q_lirs_lru.cfg,experiments/data/hot8_scan_c24_seed42.in,ARC 2Q LIRS LRU,4,6 6 6 6,24,10000,7729,2271,0.7729,7992,2008,0.7992,263
configs/exp4/arc_2q_lru.cfg,experiments/data/hot8_scan_c24_seed42.in,ARC 2Q LRU,3,8 8 8,24,10000,7786,2214,0.7786,7992,2008,0.7992,206
configs/exp4/arc_2q_lru_2q.cfg,experiments/data/hot8_scan_c24_seed42.in,ARC 2Q LRU 2Q,4,6 6 6 6,24,10000,7681,2319,0.7681,7992,2008,0.7992,311
configs/exp4/arc_2q_lru_arc.cfg,experiments/data/hot8_scan_c24_seed42.in,ARC 2Q LRU ARC,4,6 6 6 6,24,10000,7667,2333,0.7667,7992,2008,0.7992,325
configs/exp4/arc_2q_lru_lfu.cfg,experiments/data/hot8_scan_c24_seed42.in,ARC 2Q LRU LFU,4,6 6 6 6,24,10000,7376,2624,0.7376,7992,2008,0.7992,616
configs/exp4/arc_2q_lru_lirs.cfg,experiments/data/hot8_scan_c24_seed42.in,ARC 2Q LRU LIRS,4,6 6 6 6,24,10000,7739,2261,0.7739,7992,2008,0.7992,253
configs/exp4/arc_2q_lru_lru.cfg,experiments/data/hot8_scan_c24_seed42.in,ARC 2Q LRU LRU,4,6 6 6 6,24,10000,7215,2785,0.7215,7992,2008,0.7992,777
configs/exp4/arc_arc_2q.cfg,experiments/data/hot8_scan_c24_seed42.in,ARC ARC 2Q,3,8 8 8,24,10000,7910,2090,0.791,7992,2008,0.7992,82
configs/exp4/arc_arc_2q_2q.cfg,experiments/data/hot8_scan_c24_seed42.in,ARC ARC 2Q 2Q,4,6 6 6 6,24,10000,7661,2339,0.7661,7992,2008,0.7992,331
configs/exp4/arc_arc_2q_arc.cfg,experiments/data/hot8_scan_c24_seed42.in,ARC ARC 2Q ARC,4,6 6 6 6,24,10000,7774,2226,0.7774,7992,2008,0.7992,218
configs/exp4/arc_arc_2q_lfu.cfg,experiments/data/hot8_scan_c24_seed42.in,ARC ARC 2Q LFU,4,6 6 6 6,24,10000,7668,2332,0.7668,7992,2008,0.7992,324
configs/exp4/arc_arc_2q_lirs.cfg,experiments/data/hot8_scan_c24_seed42.in,ARC ARC 2Q LIRS,4,6 6 6 6,24,10000,7838,2162,0.7838,7992,2008,0.7992,154
configs/exp4/arc_arc_2q_lru.cfg,experiments/data/hot8_scan_c24_seed42.in,ARC ARC 2Q LRU,4,6 6 6 6,24,10000,7479,2521,0.7479,7992,2008,0.7992,513
configs/exp4/arc_arc_arc_2q.cfg,experiments/data/hot8_scan_c24_seed42.in,ARC ARC ARC 2Q,4,6 6 6 6,24,10000,7620,2380,0.762,7992,2008,0.7992,372
configs/exp4/arc_arc_arc_lfu.cfg,experiments/data/hot8_scan_c24_seed42.in,ARC ARC ARC LFU,4,6 6 6 6,24,10000,7643,2357,0.7643,7992,2008,0.7992,349
configs/exp4/arc_arc_arc_lirs.cfg,experiments/data/hot8_scan_c24_seed42.in,ARC ARC ARC LIRS,4,6 6 6 6,24,10000,7625,2375,0.7625,7992,2008,0.7992,367
configs/exp4/arc_arc_arc_lru.cfg,experiments/data/hot8_scan_c24_seed42.in,ARC ARC ARC LRU,4,6 6 6 6,24,10000,7259,2741,0.7259,7992,2008,0.7992,733
configs/exp4/arc_arc_lfu.cfg,experiments/data/hot8_scan_c24_seed42.in,ARC ARC LFU,3,8 8 8,24,10000,7851,2149,0.7851,7992,2008,0.7992,141
configs/exp4/arc_arc_lfu_2q.cfg,experiments/data/hot8_scan_c24_seed42.in,ARC ARC LFU 2Q,4,6 6 6 6,24,10000,7976,2024,0.7976,7992,2008,0.7992,16
configs/exp4/arc_arc_lfu_arc.cfg,experiments/data/hot8_scan_c24_seed42.in,ARC ARC LFU ARC,4,6 6 6 6,24,10000,7972,2028,0.7972,7992,2008,0.7992,20
configs/exp4/arc_arc_lfu_lfu.cfg,experiments/data/hot8_scan_c24_seed42.in,ARC ARC LFU LFU,4,6 6 6 6,24,10000,7961,2039,0.7961,7992,2008,0.7992,31
configs/exp4/arc_arc_lfu_lirs.cfg,experiments/data/hot8_scan_c24_seed42.in,ARC ARC LFU LIRS,4,6 6 6 6,24,10000,7988,2012,0.7988,7992,2008,0.7992,4
configs/exp4/arc_arc_lfu_lru.cfg,experiments/data/hot8_scan_c24_seed42.in,ARC ARC LFU LRU,4,6 6 6 6,24,10000,7545,2455,0.7545,7992,2008,0.7992,447
configs/exp4/arc_arc_lirs.cfg,experiments/data/hot8_scan_c24_seed42.in,ARC ARC LIRS,3,8 8 8,24,10000,7975,2025,0.7975,7992,2008,0.7992,17
configs/exp4/arc_arc_lirs_2q.cfg,experiments/data/hot8_scan_c24_seed42.in,ARC ARC LIRS 2Q,4,6 6 6 6,24,10000,7686,2314,0.7686,7992,2008,0.7992,306
configs/exp4/arc_arc_lirs_arc.cfg,experiments/data/hot8_scan_c24_seed42.in,ARC ARC LIRS ARC,4,6 6 6 6,24,10000,7683,2317,0.7683,7992,2008,0.7992,309
configs/exp4/arc_arc_lirs_lfu.cfg,experiments/data/hot8_scan_c24_seed42.in,ARC ARC LIRS LFU,4,6 6 6 6,24,10000,7705,2295,0.7705,7992,2008,0.7992,287
configs/exp4/arc_arc_lirs_lirs.cfg,experiments/data/hot8_scan_c24_seed42.in,ARC ARC LIRS LIRS,4,6 6 6 6,24,10000,7638,2362,0.7638,7992,2008,0.7992,354
configs/exp4/arc_arc_lirs_lru.cfg,experiments/data/hot8_scan_c24_seed42.in,ARC ARC LIRS LRU,4,6 6 6 6,24,10000,7393,2607,0.7393,7992,2008,0.7992,599
configs/exp4/arc_arc_lru.cfg,experiments/data/hot8_scan_c24_seed42.in,ARC ARC LRU,3,8 8 8,24,10000,7812,2188,0.7812,7992,2008,0.7992,180
configs/exp4/arc_arc_lru_2q.cfg,experiments/data/hot8_scan_c24_seed42.in,ARC ARC LRU 2Q,4,6 6 6 6,24,10000,7504,2496,0.7504,7992,2008,0.7992,488
configs/exp4/arc_arc_lru_arc.cfg,experiments/data/hot8_scan_c24_seed42.in,ARC ARC LRU ARC,4,6 6 6 6,24,10000,7311,2689,0.7311,7992,2008,0.7992,681
configs/exp4/arc_arc_lru_lfu.cfg,experiments/data/hot8_scan_c24_seed42.in,ARC ARC LRU LFU,4,6 6 6 6,24,10000,7013,2987,0.7013,7992,2008,0.7992,979
configs/exp4/arc_arc_lru_lirs.cfg,experiments/data/hot8_scan_c24_seed42.in,ARC ARC LRU LIRS,4,6 6 6 6,24,10000,7408,2592,0.7408,7992,2008,0.7992,584
configs/exp4/arc_arc_lru_lru.cfg,experiments/data/hot8_scan_c24_seed42.in,ARC ARC LRU LRU,4,6 6 6 6,24,10000,6720,3280,0.672,7992,2008,0.7992,1272
configs/exp4/arc_lfu.cfg,experiments/data/hot8_scan_c24_seed42.in,ARC LFU,2,12 12,24,10000,7992,2008,0.7992,7992,2008,0.7992,0
configs/exp4/arc_lfu_2q.cfg,experiments/data/hot8_scan_c24_seed42.in,ARC LFU 2Q,3,8 8 8,24,10000,7945,2055,0.7945,7992,2008,0.7992,47
configs/exp4/arc_lfu_2q_2q.cfg,experiments/data/hot8_scan_c24_seed42.in,ARC LFU 2Q 2Q,4,6 6 6 6,24,10000,7984,2016,0.7984,7992,2008,0.7992,8
configs/exp4/arc_lfu_2q_arc.cfg,experiments/data/hot8_scan_c24_seed42.in,ARC LFU 2Q ARC,4,6 6 6 6,24,10000,7985,2015,0.7985,7992,2008,0.7992,7
configs/exp4/arc_lfu_2q_lfu.cfg,experiments/data/hot8_scan_c24_seed42.in,ARC LFU 2Q LFU,4,6 6 6 6,24,10000,7985,2015,0.7985,7992,2008,0.7992,7
configs/exp4/arc_lfu_2q_lirs.cfg,experiments/data/hot8_scan_c24_seed42.in,ARC LFU 2Q LIRS,4,6 6 6 6,24,10000,7990,2010,0.799,7992,2008,0.7992,2
configs/exp4/arc_lfu_2q_lru.cfg,experiments/data/hot8_scan_c24_seed42.in,ARC LFU 2Q LRU,4,6 6 6 6,24,10000,7985,2015,0.7985,7992,2008,0.7992,7
configs/exp4/arc_lfu_arc.cfg,experiments/data/hot8_scan_c24_seed42.in,ARC LFU ARC,3,8 8 8,24,10000,7919,2081,0.7919,7992,2008,0.7992,73
configs/exp4/arc_lfu_arc_2q.cfg,experiments/data/hot8_scan_c24_seed42.in,ARC LFU ARC 2Q,4,6 6 6 6,24,10000,7985,2015,0.7985,7992,2008,0.7992,7
configs/exp4/arc_lfu_arc_arc.cfg,experiments/data/hot8_scan_c24_seed42.in,ARC LFU ARC ARC,4,6 6 6 6,24,10000,7983,2017,0.7983,7992,2008,0.7992,9
configs/exp4/arc_lfu_arc_lfu.cfg,experiments/data/hot8_scan_c24_seed42.in,ARC LFU ARC LFU,4,6 6 6 6,24,10000,7983,2017,0.7983,7992,2008,0.7992,9
configs/exp4/arc_lfu_arc_lirs.cfg,experiments/data/hot8_scan_c24_seed42.in,ARC LFU ARC LIRS,4,6 6 6 6,24,10000,7990,2010,0.799,7992,2008,0.7992,2
configs/exp4/arc_lfu_arc_lru.cfg,experiments/data/hot8_scan_c24_seed42.in,ARC LFU ARC LRU,4,6 6 6 6,24,10000,7983,2017,0.7983,7992,2008,0.7992,9
configs/exp4/arc_lfu_lfu.cfg,experiments/data/hot8_scan_c24_seed42.in,ARC LFU LFU,3,8 8 8,24,10000,7786,2214,0.7786,7992,2008,0.7992,206
configs/exp4/arc_lfu_lfu_2q.cfg,experiments/data/hot8_scan_c24_seed42.in,ARC LFU LFU 2Q,4,6 6 6 6,24,10000,7985,2015,0.7985,7992,2008,0.7992,7
configs/exp4/arc_lfu_lfu_arc.cfg,experiments/data/hot8_scan_c24_seed42.in,ARC LFU LFU ARC,4,6 6 6 6,24,10000,7983,2017,0.7983,7992,2008,0.7992,9
configs/exp4/arc_lfu_lfu_lfu.cfg,experiments/data/hot8_scan_c24_seed42.in,ARC LFU LFU LFU,4,6 6 6 6,24,10000,7983,2017,0.7983,7992,2008,0.7992,9
configs/exp4/arc_lfu_lfu_lirs.cfg,experiments/data/hot8_scan_c24_seed42.in,ARC LFU LFU LIRS,4,6 6 6 6,24,10000,7990,2010,0.799,7992,2008,0.7992,2
configs/exp4/arc_lfu_lfu_lru.cfg,experiments/data/hot8_scan_c24_seed42.in,ARC LFU LFU LRU,4,6 6 6 6,24,10000,7983,2017,0.7983,7992,2008,0.7992,9
configs/exp4/arc_lfu_lirs.cfg,experiments/data/hot8_scan_c24_seed42.in,ARC LFU LIRS,3,8 8 8,24,10000,7991,2009,0.7991,7992,2008,0.7992,1
configs/exp4/arc_lfu_lirs_2q.cfg,experiments/data/hot8_scan_c24_seed42.in,ARC LFU LIRS 2Q,4,6 6 6 6,24,10000,7989,2011,0.7989,7992,2008,0.7992,3
configs/exp4/arc_lfu_lirs_arc.cfg,experiments/data/hot8_scan_c24_seed42.in,ARC LFU LIRS ARC,4,6 6 6 6,24,10000,7989,2011,0.7989,7992,2008,0.7992,3
configs/exp4/arc_lfu_lirs_lfu.cfg,experiments/data/hot8_scan_c24_seed42.in,ARC LFU LIRS LFU,4,6 6 6 6,24,10000,7989,2011,0.7989,7992,2008,0.7992,3
configs/exp4/arc_lfu_lirs_lirs.cfg,experiments/data/hot8_scan_c24_seed42.in,ARC LFU LIRS LIRS,4,6 6 6 6,24,10000,7988,2012,0.7988,7992,2008,0.7992,4
configs/exp4/arc_lfu_lirs_lru.cfg,experiments/data/hot8_scan_c24_seed42.in,ARC LFU LIRS LRU,4,6 6 6 6,24,10000,7989,2011,0.7989,7992,2008,0.7992,3
configs/exp4/arc_lfu_lru.cfg,experiments/data/hot8_scan_c24_seed42.in,ARC LFU LRU,3,8 8 8,24,10000,7611,2389,0.7611,7992,2008,0.7992,381
configs/exp4/arc_lfu_lru_2q.cfg,experiments/data/hot8_scan_c24_seed42.in,ARC LFU LRU 2Q,4,6 6 6 6,24,10000,7970,2030,0.797,7992,2008,0.7992,22
configs/exp4/arc_lfu_lru_arc.cfg,experiments/data/hot8_scan_c24_seed42.in,ARC LFU LRU ARC,4,6 6 6 6,24,10000,7962,2038,0.7962,7992,2008,0.7992,30
configs/exp4/arc_lfu_lru_lfu.cfg,experiments/data/hot8_scan_c24_seed42.in,ARC LFU LRU LFU,4,6 6 6 6,24,10000,7739,2261,0.7739,7992,2008,0.7992,253
configs/exp4/arc_lfu_lru_lirs.cfg,experiments/data/hot8_scan_c24_seed42.in,ARC LFU LRU LIRS,4,6 6 6 6,24,10000,7988,2012,0.7988,7992,2008,0.7992,4
configs/exp4/arc_lfu_lru_lru.cfg,experiments/data/hot8_scan_c24_seed42.in,ARC LFU LRU LRU,4,6 6 6 6,24,10000,7407,2593,0.7407,7992,2008,0.7992,585
configs/exp4/arc_lirs.cfg,experiments/data/hot8_scan_c24_seed42.in,ARC LIRS,2,12 12,24,10000,7992,2008,0.7992,7992,2008,0.7992,0
configs/exp4/arc_lirs_2q.cfg,experiments/data/hot8_scan_c24_seed42.in,ARC LIRS 2Q,3,8 8 8,24,10000,7933,2067,0.7933,7992,2008,0.7992,59
configs/exp4/arc_lirs_2q_2q.cfg,experiments/data/hot8_scan_c24_seed42.in,ARC LIRS 2Q 2Q,4,6 6 6 6,24,10000,7681,2319,0.7681,7992,2008,0.7992,311
configs/exp4/arc_lirs_2q_arc.cfg,experiments/data/hot8_scan_c24_seed42.in,ARC LIRS 2Q ARC,4,6 6 6 6,24,10000,7792,2208,0.7792,7992,2008,0.7992,200
configs/exp4/arc_lirs_2q_lfu.cfg,experiments/data/hot8_scan_c24_seed42.in,ARC LIRS 2Q LFU,4,6 6 6 6,24,10000,7762,2238,0.7762,7992,2008,0.7992,230
configs/exp4/arc_lirs_2q_lirs.cfg,experiments/data/hot8_scan_c24_seed42.in,ARC LIRS 2Q LIRS,4,6 6 6 6,24,10000,7805,2195,0.7805,7992,2008,0.7992,187
configs/exp4/arc_lirs_2q_lru.cfg,experiments/data/hot8_scan_c24_seed42.in,ARC LIRS 2Q LRU,4,6 6 6 6,24,10000,7570,2430,0.757,7992,2008,0.7992,422
configs/exp4/arc_lirs_arc.cfg,experiments/data/hot8_scan_c24_seed42.in,ARC LIRS ARC,3,8 8 8,24,10000,7930,2070,0.793,7992,2008,0.7992,62
configs/exp4/arc_lirs_arc_2q.cfg,experiments/data/hot8_scan_c24_seed42.in,ARC LIRS ARC 2Q,4,6 6 6 6,24,10000,7704,2296,0.7704,7992,2008,0.7992,288
configs/exp4/arc_lirs_arc_arc.cfg,experiments/data/hot8_scan_c24_seed42.in,ARC LIRS ARC ARC,4,6 6 6 6,24,10000,7630,2370,0.763,7992,2008,0.7992,362
configs/exp4/arc_lirs_arc_lfu.cfg,experiments/data/hot8_scan_c24_seed42.in,ARC LIRS ARC LFU,4,6 6 6 6,24,10000,7707,2293,0.7707,7992,2008,0.7992,285
configs/exp4/arc_lirs_arc_lirs.cfg,experiments/data/hot8_scan_c24_seed42.in,ARC LIRS ARC LIRS,4,6 6 6 6,24,10000,7687,2313,0.7687,7992,2008,0.7992,305
configs/exp4/arc_lirs_arc_lru.cfg,experiments/data/hot8_scan_c24_seed42.in,ARC LIRS ARC LRU,4,6 6 6 6,24,10000,7456,2544,0.7456,7992,2008,0.7992,536
configs/exp4/arc_lirs_lfu.cfg,experiments/data/hot8_scan_c24_seed42.in,ARC LIRS LFU,3,8 8 8,24,10000,7921,2079,0.7921,7992,2008,0.7992,71
configs/exp4/arc_lirs_lfu_2q.cfg,experiments/data/hot8_scan_c24_seed42.in,ARC LIRS LFU 2Q,4,6 6 6 6,24,10000,7982,2018,0.7982,7992,2008,0.7992,10
configs/exp4/arc_lirs_lfu_arc.cfg,experiments/data/hot8_scan_c24_seed42.in,ARC LIRS LFU ARC,4,6 6 6 6,24,10000,7981,2019,0.7981,7992,2008,0.7992,11
configs/exp4/arc_lirs_lfu_lfu.cfg,experiments/data/hot8_scan_c24_seed42.in,ARC LIRS LFU LFU,4,6 6 6 6,24,10000,7981,2019,0.7981,7992,2008,0.7992,11
configs/exp4/arc_lirs_lfu_lirs.cfg,experiments/data/hot8_scan_c24_seed42.in,ARC LIRS LFU LIRS,4,6 6 6 6,24,10000,7984,2016,0.7984,7992,2008,0.7992,8
configs/exp4/arc_lirs_lfu_lru.cfg,experiments/data/hot8_scan_c24_seed42.in,ARC LIRS LFU LRU,4,6 6 6 6,24,10000,7664,2336,0.7664,7992,2008,0.7992,328
configs/exp4/arc_lirs_lirs.cfg,experiments/data/hot8_scan_c24_seed42.in,ARC LIRS LIRS,3,8 8 8,24,10000,7972,2028,0.7972,7992,2008,0.7992,20
configs/exp4/arc_lirs_lirs_2q.cfg,experiments/data/hot8_scan_c24_seed42.in,ARC LIRS LIRS 2Q,4,6 6 6 6,24,10000,7658,2342,0.7658,7992,2008,0.7992,334
configs/exp4/arc_lirs_lirs_arc.cfg,experiments/data/hot8_scan_c24_seed42.in,ARC LIRS LIRS ARC,4,6 6 6 6,24,10000,7648,2352,0.7648,7992,2008,0.7992,344
configs/exp4/arc_lirs_lirs_lfu.cfg,experiments/data/hot8_scan_c24_seed42.in,ARC LIRS LIRS LFU,4,6 6 6 6,24,10000,7720,2280,0.772,7992,2008,0.7992,272
configs/exp4/arc_lirs_lirs_lirs.cfg,experiments/data/hot8_scan_c24_seed42.in,ARC LIRS LIRS LIRS,4,6 6 6 6,24,10000,7566,2434,0.7566,7992,2008,0.7992,426
configs/exp4/arc_lirs_lirs_lru.cfg,experiments/data/hot8_scan_c24_seed42.in,ARC LIRS LIRS LRU,4,6 6 6 6,24,10000,7495,2505,0.7495,7992,2008,0.7992,497
configs/exp4/arc_lirs_lru.cfg,experiments/data/hot8_scan_c24_seed42.in,ARC LIRS LRU,3,8 8 8,24,10000,7889,2111,0.7889,7992,2008,0.7992,103
configs/exp4/arc_lirs_lru_2q.cfg,experiments/data/hot8_scan_c24_seed42.in,ARC LIRS LRU 2Q,4,6 6 6 6,24,10000,7579,2421,0.7579,7992,2008,0.7992,413
configs/exp4/arc_lirs_lru_arc.cfg,experiments/data/hot8_scan_c24_seed42.in,ARC LIRS LRU ARC,4,6 6 6 6,24,10000,7521,2479,0.7521,7992,2008,0.7992,471
configs/exp4/arc_lirs_lru_lfu.cfg,experiments/data/hot8_scan_c24_seed42.in,ARC LIRS LRU LFU,4,6 6 6 6,24,10000,7244,2756,0.7244,7992,2008,0.7992,748
configs/exp4/arc_lirs_lru_lirs.cfg,experiments/data/hot8_scan_c24_seed42.in,ARC LIRS LRU LIRS,4,6 6 6 6,24,10000,7581,2419,0.7581,7992,2008,0.7992,411
configs/exp4/arc_lirs_lru_lru.cfg,experiments/data/hot8_scan_c24_seed42.in,ARC LIRS LRU LRU,4,6 6 6 6,24,10000,7040,2960,0.704,7992,2008,0.7992,952
configs/exp4/arc_lru.cfg,experiments/data/hot8_scan_c24_seed42.in,ARC LRU,2,12 12,24,10000,7992,2008,0.7992,7992,2008,0.7992,0
configs/exp4/arc_lru_2q.cfg,experiments/data/hot8_scan_c24_seed42.in,ARC LRU 2Q,3,8 8 8,24,10000,7743,2257,0.7743,7992,2008,0.7992,249
configs/exp4/arc_lru_2q_2q.cfg,experiments/data/hot8_scan_c24_seed42.in,ARC LRU 2Q 2Q,4,6 6 6 6,24,10000,7738,2262,0.7738,7992,2008,0.7992,254
configs/exp4/arc_lru_2q_arc.cfg,experiments/data/hot8_scan_c24_seed42.in,ARC LRU 2Q ARC,4,6 6 6 6,24,10000,7914,2086,0.7914,7992,2008,0.7992,78
configs/exp4/arc_lru_2q_lfu.cfg,experiments/data/hot8_scan_c24_seed42.in,ARC LRU 2Q LFU,4,6 6 6 6,24,10000,7524,2476,0.7524,7992,2008,0.7992,468
configs/exp4/arc_lru_2q_lirs.cfg,experiments/data/hot8_scan_c24_seed42.in,ARC LRU 2Q LIRS,4,6 6 6 6,24,10000,7951,2049,0.7951,7992,2008,0.7992,41
configs/exp4/arc_lru_2q_lru.cfg,experiments/data/hot8_scan_c24_seed42.in,ARC LRU 2Q LRU,4,6 6 6 6,24,10000,7323,2677,0.7323,7992,2008,0.7992,669
configs/exp4/arc_lru_arc.cfg,experiments/data/hot8_scan_c24_seed42.in,ARC LRU ARC,3,8 8 8,24,10000,7738,2262,0.7738,7992,2008,0.7992,254
configs/exp4/arc_lru_arc_2q.cfg,experiments/data/hot8_scan_c24_seed42.in,ARC LRU ARC 2Q,4,6 6 6 6,24,10000,7495,2505,0.7495,7992,2008,0.7992,497
configs/exp4/arc_lru_arc_arc.cfg,experiments/data/hot8_scan_c24_seed42.in,ARC LRU ARC ARC,4,6 6 6 6,24,10000,7321,2679,0.7321,7992,2008,0.7992,671
configs/exp4/arc_lru_arc_lfu.cfg,experiments/data/hot8_scan_c24_seed42.in,ARC LRU ARC LFU,4,6 6 6 6,24,10000,7260,2740,0.726,7992,2008,0.7992,732
configs/exp4/arc_lru_arc_lirs.cfg,experiments/data/hot8_scan_c24_seed42.in,ARC LRU ARC LIRS,4,6 6 6 6,24,10000,7499,2501,0.7499,7992,2008,0.7992,493
configs/exp4/arc_lru_arc_lru.cfg,experiments/data/hot8_scan_c24_seed42.in,ARC LRU ARC LRU,4,6 6 6 6,24,10000,6829,3171,0.6829,7992,2008,0.7992,1163
configs/exp4/arc_lru_lfu.cfg,experiments/data/hot8_scan_c24_seed42.in,ARC LRU LFU,3,8 8 8,24,10000,7319,2681,0.7319,7992,2008,0.7992,673
configs/exp4/arc_lru_lfu_2q.cfg,experiments/data/hot8_scan_c24_seed42.in,ARC LRU LFU 2Q,4,6 6 6 6,24,10000,7883,2117,0.7883,7992,2008,0.7992,109
configs/exp4/arc_lru_lfu_arc.cfg,experiments/data/hot8_scan_c24_seed42.in,ARC LRU LFU ARC,4,6 6 6 6,24,10000,7807,2193,0.7807,7992,2008,0.7992,185
configs/exp4/arc_lru_lfu_lfu.cfg,experiments/data/hot8_scan_c24_seed42.in,ARC LRU LFU LFU,4,6 6 6 6,24,10000,7418,2582,0.7418,7992,2008,0.7992,574
configs/exp4/arc_lru_lfu_lirs.cfg,experiments/data/hot8_scan_c24_seed42.in,ARC LRU LFU LIRS,4,6 6 6 6,24,10000,7889,2111,0.7889,7992,2008,0.7992,103
configs/exp4/arc_lru_lfu_lru.cfg,experiments/data/hot8_scan_c24_seed42.in,ARC LRU LFU LRU,4,6 6 6 6,24,10000,6700,3300,0.67,7992,2008,0.7992,1292
configs/exp4/arc_lru_lirs.cfg,experiments/data/hot8_scan_c24_seed42.in,ARC LRU LIRS,3,8 8 8,24,10000,7888,2112,0.7888,7992,2008,0.7992,104
configs/exp4/arc_lru_lirs_2q.cfg,experiments/data/hot8_scan_c24_seed42.in,ARC LRU LIRS 2Q,4,6 6 6 6,24,10000,7605,2395,0.7605,7992,2008,0.7992,387
configs/exp4/arc_lru_lirs_arc.cfg,experiments/data/hot8_scan_c24_seed42.in,ARC LRU LIRS ARC,4,6 6 6 6,24,10000,7600,2400,0.76,7992,2008,0.7992,392
configs/exp4/arc_lru_lirs_lfu.cfg,experiments/data/hot8_scan_c24_seed42.in,ARC LRU LIRS LFU,4,6 6 6 6,24,10000,7440,2560,0.744,7992,2008,0.7992,552
configs/exp4/arc_lru_lirs_lirs.cfg,experiments/data/hot8_scan_c24_seed42.in,ARC LRU LIRS LIRS,4,6 6 6 6,24,10000,7631,2369,0.7631,7992,2008,0.7992,361
configs/exp4/arc_lru_lirs_lru.cfg,experiments/data/hot8_scan_c24_seed42.in,ARC LRU LIRS LRU,4,6 6 6 6,24,10000,7142,2858,0.7142,7992,2008,0.7992,850
configs/exp4/arc_lru_lru.cfg,experiments/data/hot8_scan_c24_seed42.in,ARC LRU LRU,3,8 8 8,24,10000,7243,2757,0.7243,7992,2008,0.7992,749
configs/exp4/arc_lru_lru_2q.cfg,experiments/data/hot8_scan_c24_seed42.in,ARC LRU LRU 2Q,4,6 6 6 6,24,10000,7169,2831,0.7169,7992,2008,0.7992,823
configs/exp4/arc_lru_lru_arc.cfg,experiments/data/hot8_scan_c24_seed42.in,ARC LRU LRU ARC,4,6 6 6 6,24,10000,6544,3456,0.6544,7992,2008,0.7992,1448
configs/exp4/arc_lru_lru_lfu.cfg,experiments/data/hot8_scan_c24_seed42.in,ARC LRU LRU LFU,4,6 6 6 6,24,10000,6047,3953,0.6047,7992,2008,0.7992,1945
configs/exp4/arc_lru_lru_lirs.cfg,experiments/data/hot8_scan_c24_seed42.in,ARC LRU LRU LIRS,4,6 6 6 6,24,10000,7038,2962,0.7038,7992,2008,0.7992,954
configs/exp4/arc_lru_lru_lru.cfg,experiments/data/hot8_scan_c24_seed42.in,ARC LRU LRU LRU,4,6 6 6 6,24,10000,5855,4145,0.5855,7992,2008,0.7992,2137
configs/exp4/lfu_2q.cfg,experiments/data/hot8_scan_c24_seed42.in,LFU 2Q,2,12 12,24,10000,7992,2008,0.7992,7992,2008,0.7992,0
configs/exp4/lfu_2q_2q.cfg,experiments/data/hot8_scan_c24_seed42.in,LFU 2Q 2Q,3,8 8 8,24,10000,7991,2009,0.7991,7992,2008,0.7992,1
configs/exp4/lfu_2q_2q_2q.cfg,experiments/data/hot8_scan_c24_seed42.in,LFU 2Q 2Q 2Q,4,6 6 6 6,24,10000,7988,2012,0.7988,7992,2008,0.7992,4
configs/exp4/lfu_2q_2q_arc.cfg,experiments/data/hot8_scan_c24_seed42.in,LFU 2Q 2Q ARC,4,6 6 6 6,24,10000,7988,2012,0.7988,7992,2008,0.7992,4
configs/exp4/lfu_2q_2q_lfu.cfg,experiments/data/hot8_scan_c24_seed42.in,LFU 2Q 2Q LFU,4,6 6 6 6,24,10000,7988,2012,0.7988,7992,2008,0.7992,4
configs/exp4/lfu_2q_2q_lirs.cfg,experiments/data/hot8_scan_c24_seed42.in,LFU 2Q 2Q LIRS,4,6 6 6 6,24,10000,7991,2009,0.7991,7992,2008,0.7992,1
configs/exp4/lfu_2q_2q_lru.cfg,experiments/data/hot8_scan_c24_seed42.in,LFU 2Q 2Q LRU,4,6 6 6 6,24,10000,7988,2012,0.7988,7992,2008,0.7992,4
configs/exp4/lfu_2q_arc.cfg,experiments/data/hot8_scan_c24_seed42.in,LFU 2Q ARC,3,8 8 8,24,10000,7991,2009,0.7991,7992,2008,0.7992,1
configs/exp4/lfu_2q_arc_2q.cfg,experiments/data/hot8_scan_c24_seed42.in,LFU 2Q ARC 2Q,4,6 6 6 6,24,10000,7988,2012,0.7988,7992,2008,0.7992,4
configs/exp4/lfu_2q_arc_arc.cfg,experiments/data/hot8_scan_c24_seed42.in,LFU 2Q ARC ARC,4,6 6 6 6,24,10000,7988,2012,0.7988,7992,2008,0.7992,4
configs/exp4/lfu_2q_arc_lfu.cfg,experiments/data/hot8_scan_c24_seed42.in,LFU 2Q ARC LFU,4,6 6 6 6,24,10000,7988,2012,0.7988,7992,2008,0.7992,4
configs/exp4/lfu_2q_arc_lirs.cfg,experiments/data/hot8_scan_c24_seed42.in,LFU 2Q ARC LIRS,4,6 6 6 6,24,10000,7991,2009,0.7991,7992,2008,0.7992,1
configs/exp4/lfu_2q_arc_lru.cfg,experiments/data/hot8_scan_c24_seed42.in,LFU 2Q ARC LRU,4,6 6 6 6,24,10000,7988,2012,0.7988,7992,2008,0.7992,4
configs/exp4/lfu_2q_lfu.cfg,experiments/data/hot8_scan_c24_seed42.in,LFU 2Q LFU,3,8 8 8,24,10000,7991,2009,0.7991,7992,2008,0.7992,1
configs/exp4/lfu_2q_lfu_2q.cfg,experiments/data/hot8_scan_c24_seed42.in,LFU 2Q LFU 2Q,4,6 6 6 6,24,10000,7988,2012,0.7988,7992,2008,0.7992,4
configs/exp4/lfu_2q_lfu_arc.cfg,experiments/data/hot8_scan_c24_seed42.in,LFU 2Q LFU ARC,4,6 6 6 6,24,10000,7988,2012,0.7988,7992,2008,0.7992,4
configs/exp4/lfu_2q_lfu_lfu.cfg,experiments/data/hot8_scan_c24_seed42.in,LFU 2Q LFU LFU,4,6 6 6 6,24,10000,7988,2012,0.7988,7992,2008,0.7992,4
configs/exp4/lfu_2q_lfu_lirs.cfg,experiments/data/hot8_scan_c24_seed42.in,LFU 2Q LFU LIRS,4,6 6 6 6,24,10000,7991,2009,0.7991,7992,2008,0.7992,1
configs/exp4/lfu_2q_lfu_lru.cfg,experiments/data/hot8_scan_c24_seed42.in,LFU 2Q LFU LRU,4,6 6 6 6,24,10000,7988,2012,0.7988,7992,2008,0.7992,4
configs/exp4/lfu_2q_lirs.cfg,experiments/data/hot8_scan_c24_seed42.in,LFU 2Q LIRS,3,8 8 8,24,10000,7992,2008,0.7992,7992,2008,0.7992,0
configs/exp4/lfu_2q_lirs_2q.cfg,experiments/data/hot8_scan_c24_seed42.in,LFU 2Q LIRS 2Q,4,6 6 6 6,24,10000,7991,2009,0.7991,7992,2008,0.7992,1
configs/exp4/lfu_2q_lirs_arc.cfg,experiments/data/hot8_scan_c24_seed42.in,LFU 2Q LIRS ARC,4,6 6 6 6,24,10000,7991,2009,0.7991,7992,2008,0.7992,1
configs/exp4/lfu_2q_lirs_lfu.cfg,experiments/data/hot8_scan_c24_seed42.in,LFU 2Q LIRS LFU,4,6 6 6 6,24,10000,7991,2009,0.7991,7992,2008,0.7992,1
configs/exp4/lfu_2q_lirs_lirs.cfg,experiments/data/hot8_scan_c24_seed42.in,LFU 2Q LIRS LIRS,4,6 6 6 6,24,10000,7990,2010,0.799,7992,2008,0.7992,2
configs/exp4/lfu_2q_lirs_lru.cfg,experiments/data/hot8_scan_c24_seed42.in,LFU 2Q LIRS LRU,4,6 6 6 6,24,10000,7991,2009,0.7991,7992,2008,0.7992,1
configs/exp4/lfu_2q_lru.cfg,experiments/data/hot8_scan_c24_seed42.in,LFU 2Q LRU,3,8 8 8,24,10000,7991,2009,0.7991,7992,2008,0.7992,1
configs/exp4/lfu_2q_lru_2q.cfg,experiments/data/hot8_scan_c24_seed42.in,LFU 2Q LRU 2Q,4,6 6 6 6,24,10000,7988,2012,0.7988,7992,2008,0.7992,4
configs/exp4/lfu_2q_lru_arc.cfg,experiments/data/hot8_scan_c24_seed42.in,LFU 2Q LRU ARC,4,6 6 6 6,24,10000,7988,2012,0.7988,7992,2008,0.7992,4
configs/exp4/lfu_2q_lru_lfu.cfg,experiments/data/hot8_scan_c24_seed42.in,LFU 2Q LRU LFU,4,6 6 6 6,24,10000,7988,2012,0.7988,7992,2008,0.7992,4
configs/exp4/lfu_2q_lru_lirs.cfg,experiments/data/hot8_scan_c24_seed42.in,LFU 2Q LRU LIRS,4,6 6 6 6,24,10000,7991,2009,0.7991,7992,2008,0.7992,1
configs/exp4/lfu_2q_lru_lru.cfg,experiments/data/hot8_scan_c24_seed42.in,LFU 2Q LRU LRU,4,6 6 6 6,24,10000,7988,2012,0.7988,7992,2008,0.7992,4
configs/exp4/lfu_arc.cfg,experiments/data/hot8_scan_c24_seed42.in,LFU ARC,2,12 12,24,10000,7992,2008,0.7992,7992,2008,0.7992,0
configs/exp4/lfu_arc_2q.cfg,experiments/data/hot8_scan_c24_seed42.in,LFU ARC 2Q,3,8 8 8,24,10000,7991,2009,0.7991,7992,2008,0.7992,1
configs/exp4/lfu_arc_2q_2q.cfg,experiments/data/hot8_scan_c24_seed42.in,LFU ARC 2Q 2Q,4,6 6 6 6,24,10000,7988,2012,0.7988,7992,2008,0.7992,4
configs/exp4/lfu_arc_2q_arc.cfg,experiments/data/hot8_scan_c24_seed42.in,LFU ARC 2Q ARC,4,6 6 6 6,24,10000,7988,2012,0.7988,7992,2008,0.7992,4
configs/exp4/lfu_arc_2q_lfu.cfg,experiments/data/hot8_scan_c24_seed42.in,LFU ARC 2Q LFU,4,6 6 6 6,24,10000,7988,2012,0.7988,7992,2008,0.7992,4
configs/exp4/lfu_arc_2q_lirs.cfg,experiments/data/hot8_scan_c24_seed42.in,LFU ARC 2Q LIRS,4,6 6 6 6,24,10000,7991,2009,0.7991,7992,2008,0.7992,1
configs/exp4/lfu_arc_2q_lru.cfg,experiments/data/hot8_scan_c24_seed42.in,LFU ARC 2Q LRU,4,6 6 6 6,24,10000,7988,2012,0.7988,7992,2008,0.7992,4
configs/exp4/lfu_arc_arc.cfg,experiments/data/hot8_scan_c24_seed42.in,LFU ARC ARC,3,8 8 8,24,10000,7991,2009,0.7991,7992,2008,0.7992,1
configs/exp4/lfu_arc_arc_2q.cfg,experiments/data/hot8_scan_c24_seed42.in,LFU ARC ARC 2Q,4,6 6 6 6,24,10000,7988,2012,0.7988,7992,2008,0.7992,4
configs/exp4/lfu_arc_arc_arc.cfg,experiments/data/hot8_scan_c24_seed42.in,LFU ARC ARC ARC,4,6 6 6 6,24,10000,7988,2012,0.7988,7992,2008,0.7992,4
configs/exp4/lfu_arc_arc_lfu.cfg,experiments/data/hot8_scan_c24_seed42.in,LFU ARC ARC LFU,4,6 6 6 6,24,10000,7988,2012,0.7988,7992,2008,0.7992,4
configs/exp4/lfu_arc_arc_lirs.cfg,experiments/data/hot8_scan_c24_seed42.in,LFU ARC ARC LIRS,4,6 6 6 6,24,10000,7991,2009,0.7991,7992,2008,0.7992,1
configs/exp4/lfu_arc_arc_lru.cfg,experiments/data/hot8_scan_c24_seed42.in,LFU ARC ARC LRU,4,6 6 6 6,24,10000,7988,2012,0.7988,7992,2008,0.7992,4
configs/exp4/lfu_arc_lfu.cfg,experiments/data/hot8_scan_c24_seed42.in,LFU ARC LFU,3,8 8 8,24,10000,7991,2009,0.7991,7992,2008,0.7992,1
configs/exp4/lfu_arc_lfu_2q.cfg,experiments/data/hot8_scan_c24_seed42.in,LFU ARC LFU 2Q,4,6 6 6 6,24,10000,7988,2012,0.7988,7992,2008,0.7992,4
configs/exp4/lfu_arc_lfu_arc.cfg,experiments/data/hot8_scan_c24_seed42.in,LFU ARC LFU ARC,4,6 6 6 6,24,10000,7988,2012,0.7988,7992,2008,0.7992,4
configs/exp4/lfu_arc_lfu_lfu.cfg,experiments/data/hot8_scan_c24_seed42.in,LFU ARC LFU LFU,4,6 6 6 6,24,10000,7988,2012,0.7988,7992,2008,0.7992,4
configs/exp4/lfu_arc_lfu_lirs.cfg,experiments/data/hot8_scan_c24_seed42.in,LFU ARC LFU LIRS,4,6 6 6 6,24,10000,7991,2009,0.7991,7992,2008,0.7992,1
configs/exp4/lfu_arc_lfu_lru.cfg,experiments/data/hot8_scan_c24_seed42.in,LFU ARC LFU LRU,4,6 6 6 6,24,10000,7988,2012,0.7988,7992,2008,0.7992,4
configs/exp4/lfu_arc_lirs.cfg,experiments/data/hot8_scan_c24_seed42.in,LFU ARC LIRS,3,8 8 8,24,10000,7992,2008,0.7992,7992,2008,0.7992,0
configs/exp4/lfu_arc_lirs_2q.cfg,experiments/data/hot8_scan_c24_seed42.in,LFU ARC LIRS 2Q,4,6 6 6 6,24,10000,7991,2009,0.7991,7992,2008,0.7992,1
configs/exp4/lfu_arc_lirs_arc.cfg,experiments/data/hot8_scan_c24_seed42.in,LFU ARC LIRS ARC,4,6 6 6 6,24,10000,7991,2009,0.7991,7992,2008,0.7992,1
configs/exp4/lfu_arc_lirs_lfu.cfg,experiments/data/hot8_scan_c24_seed42.in,LFU ARC LIRS LFU,4,6 6 6 6,24,10000,7991,2009,0.7991,7992,2008,0.7992,1
configs/exp4/lfu_arc_lirs_lirs.cfg,experiments/data/hot8_scan_c24_seed42.in,LFU ARC LIRS LIRS,4,6 6 6 6,24,10000,7991,2009,0.7991,7992,2008,0.7992,1
configs/exp4/lfu_arc_lirs_lru.cfg,experiments/data/hot8_scan_c24_seed42.in,LFU ARC LIRS LRU,4,6 6 6 6,24,10000,7991,2009,0.7991,7992,2008,0.7992,1
configs/exp4/lfu_arc_lru.cfg,experiments/data/hot8_scan_c24_seed42.in,LFU ARC LRU,3,8 8 8,24,10000,7991,2009,0.7991,7992,2008,0.7992,1
configs/exp4/lfu_arc_lru_2q.cfg,experiments/data/hot8_scan_c24_seed42.in,LFU ARC LRU 2Q,4,6 6 6 6,24,10000,7988,2012,0.7988,7992,2008,0.7992,4
configs/exp4/lfu_arc_lru_arc.cfg,experiments/data/hot8_scan_c24_seed42.in,LFU ARC LRU ARC,4,6 6 6 6,24,10000,7988,2012,0.7988,7992,2008,0.7992,4
configs/exp4/lfu_arc_lru_lfu.cfg,experiments/data/hot8_scan_c24_seed42.in,LFU ARC LRU LFU,4,6 6 6 6,24,10000,7988,2012,0.7988,7992,2008,0.7992,4
configs/exp4/lfu_arc_lru_lirs.cfg,experiments/data/hot8_scan_c24_seed42.in,LFU ARC LRU LIRS,4,6 6 6 6,24,10000,7991,2009,0.7991,7992,2008,0.7992,1
configs/exp4/lfu_arc_lru_lru.cfg,experiments/data/hot8_scan_c24_seed42.in,LFU ARC LRU LRU,4,6 6 6 6,24,10000,7988,2012,0.7988,7992,2008,0.7992,4
configs/exp4/lfu_lfu_2q.cfg,experiments/data/hot8_scan_c24_seed42.in,LFU LFU 2Q,3,8 8 8,24,10000,7991,2009,0.7991,7992,2008,0.7992,1
configs/exp4/lfu_lfu_2q_2q.cfg,experiments/data/hot8_scan_c24_seed42.in,LFU LFU 2Q 2Q,4,6 6 6 6,24,10000,7988,2012,0.7988,7992,2008,0.7992,4
configs/exp4/lfu_lfu_2q_arc.cfg,experiments/data/hot8_scan_c24_seed42.in,LFU LFU 2Q ARC,4,6 6 6 6,24,10000,7988,2012,0.7988,7992,2008,0.7992,4
configs/exp4/lfu_lfu_2q_lfu.cfg,experiments/data/hot8_scan_c24_seed42.in,LFU LFU 2Q LFU,4,6 6 6 6,24,10000,7988,2012,0.7988,7992,2008,0.7992,4
configs/exp4/lfu_lfu_2q_lirs.cfg,experiments/data/hot8_scan_c24_seed42.in,LFU LFU 2Q LIRS,4,6 6 6 6,24,10000,7991,2009,0.7991,7992,2008,0.7992,1
configs/exp4/lfu_lfu_2q_lru.cfg,experiments/data/hot8_scan_c24_seed42.in,LFU LFU 2Q LRU,4,6 6 6 6,24,10000,7988,2012,0.7988,7992,2008,0.7992,4
configs/exp4/lfu_lfu_arc.cfg,experiments/data/hot8_scan_c24_seed42.in,LFU LFU ARC,3,8 8 8,24,10000,7991,2009,0.7991,7992,2008,0.7992,1
configs/exp4/lfu_lfu_arc_2q.cfg,experiments/data/hot8_scan_c24_seed42.in,LFU LFU ARC 2Q,4,6 6 6 6,24,10000,7988,2012,0.7988,7992,2008,0.7992,4
configs/exp4/lfu_lfu_arc_arc.cfg,experiments/data/hot8_scan_c24_seed42.in,LFU LFU ARC ARC,4,6 6 6 6,24,10000,7988,2012,0.7988,7992,2008,0.7992,4
configs/exp4/lfu_lfu_arc_lfu.cfg,experiments/data/hot8_scan_c24_seed42.in,LFU LFU ARC LFU,4,6 6 6 6,24,10000,7988,2012,0.7988,7992,2008,0.7992,4
configs/exp4/lfu_lfu_arc_lirs.cfg,experiments/data/hot8_scan_c24_seed42.in,LFU LFU ARC LIRS,4,6 6 6 6,24,10000,7991,2009,0.7991,7992,2008,0.7992,1
configs/exp4/lfu_lfu_arc_lru.cfg,experiments/data/hot8_scan_c24_seed42.in,LFU LFU ARC LRU,4,6 6 6 6,24,10000,7988,2012,0.7988,7992,2008,0.7992,4
configs/exp4/lfu_lfu_lfu_2q.cfg,experiments/data/hot8_scan_c24_seed42.in,LFU LFU LFU 2Q,4,6 6 6 6,24,10000,7988,2012,0.7988,7992,2008,0.7992,4
configs/exp4/lfu_lfu_lfu_arc.cfg,experiments/data/hot8_scan_c24_seed42.in,LFU LFU LFU ARC,4,6 6 6 6,24,10000,7988,2012,0.7988,7992,2008,0.7992,4
configs/exp4/lfu_lfu_lfu_lirs.cfg,experiments/data/hot8_scan_c24_seed42.in,LFU LFU LFU LIRS,4,6 6 6 6,24,10000,7991,2009,0.7991,7992,2008,0.7992,1
configs/exp4/lfu_lfu_lfu_lru.cfg,experiments/data/hot8_scan_c24_seed42.in,LFU LFU LFU LRU,4,6 6 6 6,24,10000,7988,2012,0.7988,7992,2008,0.7992,4
configs/exp4/lfu_lfu_lirs.cfg,experiments/data/hot8_scan_c24_seed42.in,LFU LFU LIRS,3,8 8 8,24,10000,7992,2008,0.7992,7992,2008,0.7992,0
configs/exp4/lfu_lfu_lirs_2q.cfg,experiments/data/hot8_scan_c24_seed42.in,LFU LFU LIRS 2Q,4,6 6 6 6,24,10000,7991,2009,0.7991,7992,2008,0.7992,1
configs/exp4/lfu_lfu_lirs_arc.cfg,experiments/data/hot8_scan_c24_seed42.in,LFU LFU LIRS ARC,4,6 6 6 6,24,10000,7991,2009,0.7991,7992,2008,0.7992,1
configs/exp4/lfu_lfu_lirs_lfu.cfg,experiments/data/hot8_scan_c24_seed42.in,LFU LFU LIRS LFU,4,6 6 6 6,24,10000,7991,2009,0.7991,7992,2008,0.7992,1
configs/exp4/lfu_lfu_lirs_lirs.cfg,experiments/data/hot8_scan_c24_seed42.in,LFU LFU LIRS LIRS,4,6 6 6 6,24,10000,7991,2009,0.7991,7992,2008,0.7992,1
configs/exp4/lfu_lfu_lirs_lru.cfg,experiments/data/hot8_scan_c24_seed42.in,LFU LFU LIRS LRU,4,6 6 6 6,24,10000,7991,2009,0.7991,7992,2008,0.7992,1
configs/exp4/lfu_lfu_lru.cfg,experiments/data/hot8_scan_c24_seed42.in,LFU LFU LRU,3,8 8 8,24,10000,7991,2009,0.7991,7992,2008,0.7992,1
configs/exp4/lfu_lfu_lru_2q.cfg,experiments/data/hot8_scan_c24_seed42.in,LFU LFU LRU 2Q,4,6 6 6 6,24,10000,7988,2012,0.7988,7992,2008,0.7992,4
configs/exp4/lfu_lfu_lru_arc.cfg,experiments/data/hot8_scan_c24_seed42.in,LFU LFU LRU ARC,4,6 6 6 6,24,10000,7988,2012,0.7988,7992,2008,0.7992,4
configs/exp4/lfu_lfu_lru_lfu.cfg,experiments/data/hot8_scan_c24_seed42.in,LFU LFU LRU LFU,4,6 6 6 6,24,10000,7988,2012,0.7988,7992,2008,0.7992,4
configs/exp4/lfu_lfu_lru_lirs.cfg,experiments/data/hot8_scan_c24_seed42.in,LFU LFU LRU LIRS,4,6 6 6 6,24,10000,7991,2009,0.7991,7992,2008,0.7992,1
configs/exp4/lfu_lfu_lru_lru.cfg,experiments/data/hot8_scan_c24_seed42.in,LFU LFU LRU LRU,4,6 6 6 6,24,10000,7988,2012,0.7988,7992,2008,0.7992,4
configs/exp4/lfu_lirs.cfg,experiments/data/hot8_scan_c24_seed42.in,LFU LIRS,2,12 12,24,10000,7992,2008,0.7992,7992,2008,0.7992,0
configs/exp4/lfu_lirs_2q.cfg,experiments/data/hot8_scan_c24_seed42.in,LFU LIRS 2Q,3,8 8 8,24,10000,7992,2008,0.7992,7992,2008,0.7992,0
configs/exp4/lfu_lirs_2q_2q.cfg,experiments/data/hot8_scan_c24_seed42.in,LFU LIRS 2Q 2Q,4,6 6 6 6,24,10000,7990,2010,0.799,7992,2008,0.7992,2
configs/exp4/lfu_lirs_2q_arc.cfg,experiments/data/hot8_scan_c24_seed42.in,LFU LIRS 2Q ARC,4,6 6 6 6,24,10000,7990,2010,0.799,7992,2008,0.7992,2
configs/exp4/lfu_lirs_2q_lfu.cfg,experiments/data/hot8_scan_c24_seed42.in,LFU LIRS 2Q LFU,4,6 6 6 6,24,10000,7990,2010,0.799,7992,2008,0.7992,2
configs/exp4/lfu_lirs_2q_lirs.cfg,experiments/data/hot8_scan_c24_seed42.in,LFU LIRS 2Q LIRS,4,6 6 6 6,24,10000,7991,2009,0.7991,7992,2008,0.7992,1
configs/exp4/lfu_lirs_2q_lru.cfg,experiments/data/hot8_scan_c24_seed42.in,LFU LIRS 2Q LRU,4,6 6 6 6,24,10000,7990,2010,0.799,7992,2008,0.7992,2
configs/exp4/lfu_lirs_arc.cfg,experiments/data/hot8_scan_c24_seed42.in,LFU LIRS ARC,3,8 8 8,24,10000,7992,2008,0.7992,7992,2008,0.7992,0
configs/exp4/lfu_lirs_arc_2q.cfg,experiments/data/hot8_scan_c24_seed42.in,LFU LIRS ARC 2Q,4,6 6 6 6,24,10000,7990,2010,0.799,7992,2008,0.7992,2
configs/exp4/lfu_lirs_arc_arc.cfg,experiments/data/hot8_scan_c24_seed42.in,LFU LIRS ARC ARC,4,6 6 6 6,24,10000,7990,2010,0.799,7992,2008,0.7992,2
configs/exp4/lfu_lirs_arc_lfu.cfg,experiments/data/hot8_scan_c24_seed42.in,LFU LIRS ARC LFU,4,6 6 6 6,24,10000,7990,2010,0.799,7992,2008,0.7992,2
configs/exp4/lfu_lirs_arc_lirs.cfg,experiments/data/hot8_scan_c24_seed42.in,LFU LIRS ARC LIRS,4,6 6 6 6,24,10000,7991,2009,0.7991,7992,2008,0.7992,1
configs/exp4/lfu_lirs_arc_lru.cfg,experiments/data/hot8_scan_c24_seed42.in,LFU LIRS ARC LRU,4,6 6 6 6,24,10000,7990,2010,0.799,7992,2008,0.7992,2
configs/exp4/lfu_lirs_lfu.cfg,experiments/data/hot8_scan_c24_seed42.in,LFU LIRS LFU,3,8 8 8,24,10000,7992,2008,0.7992,7992,2008,0.7992,0
configs/exp4/lfu_lirs_lfu_2q.cfg,experiments/data/hot8_scan_c24_seed42.in,LFU LIRS LFU 2Q,4,6 6 6 6,24,10000,7990,2010,0.799,7992,2008,0.7992,2
configs/exp4/lfu_lirs_lfu_arc.cfg,experiments/data/hot8_scan_c24_seed42.in,LFU LIRS LFU ARC,4,6 6 6 6,24,10000,7990,2010,0.799,7992,2008,0.7992,2
configs/exp4/lfu_lirs_lfu_lfu.cfg,experiments/data/hot8_scan_c24_seed42.in,LFU LIRS LFU LFU,4,6 6 6 6,24,10000,7990,2010,0.799,7992,2008,0.7992,2
configs/exp4/lfu_lirs_lfu_lirs.cfg,experiments/data/hot8_scan_c24_seed42.in,LFU LIRS LFU LIRS,4,6 6 6 6,24,10000,7991,2009,0.7991,7992,2008,0.7992,1
configs/exp4/lfu_lirs_lfu_lru.cfg,experiments/data/hot8_scan_c24_seed42.in,LFU LIRS LFU LRU,4,6 6 6 6,24,10000,7990,2010,0.799,7992,2008,0.7992,2
configs/exp4/lfu_lirs_lirs.cfg,experiments/data/hot8_scan_c24_seed42.in,LFU LIRS LIRS,3,8 8 8,24,10000,7991,2009,0.7991,7992,2008,0.7992,1
configs/exp4/lfu_lirs_lirs_2q.cfg,experiments/data/hot8_scan_c24_seed42.in,LFU LIRS LIRS 2Q,4,6 6 6 6,24,10000,7991,2009,0.7991,7992,2008,0.7992,1
configs/exp4/lfu_lirs_lirs_arc.cfg,experiments/data/hot8_scan_c24_seed42.in,LFU LIRS LIRS ARC,4,6 6 6 6,24,10000,7991,2009,0.7991,7992,2008,0.7992,1
configs/exp4/lfu_lirs_lirs_lfu.cfg,experiments/data/hot8_scan_c24_seed42.in,LFU LIRS LIRS LFU,4,6 6 6 6,24,10000,7991,2009,0.7991,7992,2008,0.7992,1
configs/exp4/lfu_lirs_lirs_lirs.cfg,experiments/data/hot8_scan_c24_seed42.in,LFU LIRS LIRS LIRS,4,6 6 6 6,24,10000,7989,2011,0.7989,7992,2008,0.7992,3
configs/exp4/lfu_lirs_lirs_lru.cfg,experiments/data/hot8_scan_c24_seed42.in,LFU LIRS LIRS LRU,4,6 6 6 6,24,10000,7991,2009,0.7991,7992,2008,0.7992,1
configs/exp4/lfu_lirs_lru.cfg,experiments/data/hot8_scan_c24_seed42.in,LFU LIRS LRU,3,8 8 8,24,10000,7992,2008,0.7992,7992,2008,0.7992,0
configs/exp4/lfu_lirs_lru_2q.cfg,experiments/data/hot8_scan_c24_seed42.in,LFU LIRS LRU 2Q,4,6 6 6 6,24,10000,7990,2010,0.799,7992,2008,0.7992,2
configs/exp4/lfu_lirs_lru_arc.cfg,experiments/data/hot8_scan_c24_seed42.in,LFU LIRS LRU ARC,4,6 6 6 6,24,10000,7990,2010,0.799,7992,2008,0.7992,2
configs/exp4/lfu_lirs_lru_lfu.cfg,experiments/data/hot8_scan_c24_seed42.in,LFU LIRS LRU LFU,4,6 6 6 6,24,10000,7990,2010,0.799,7992,2008,0.7992,2
configs/exp4/lfu_lirs_lru_lirs.cfg,experiments/data/hot8_scan_c24_seed42.in,LFU LIRS LRU LIRS,4,6 6 6 6,24,10000,7991,2009,0.7991,7992,2008,0.7992,1
configs/exp4/lfu_lirs_lru_lru.cfg,experiments/data/hot8_scan_c24_seed42.in,LFU LIRS LRU LRU,4,6 6 6 6,24,10000,7990,2010,0.799,7992,2008,0.7992,2
configs/exp4/lfu_lru.cfg,experiments/data/hot8_scan_c24_seed42.in,LFU LRU,2,12 12,24,10000,7992,2008,0.7992,7992,2008,0.7992,0
configs/exp4/lfu_lru_2q.cfg,experiments/data/hot8_scan_c24_seed42.in,LFU LRU 2Q,3,8 8 8,24,10000,7968,2032,0.7968,7992,2008,0.7992,24
configs/exp4/lfu_lru_2q_2q.cfg,experiments/data/hot8_scan_c24_seed42.in,LFU LRU 2Q 2Q,4,6 6 6 6,24,10000,7955,2045,0.7955,7992,2008,0.7992,37
configs/exp4/lfu_lru_2q_arc.cfg,experiments/data/hot8_scan_c24_seed42.in,LFU LRU 2Q ARC,4,6 6 6 6,24,10000,7982,2018,0.7982,7992,2008,0.7992,10
configs/exp4/lfu_lru_2q_lfu.cfg,experiments/data/hot8_scan_c24_seed42.in,LFU LRU 2Q LFU,4,6 6 6 6,24,10000,7957,2043,0.7957,7992,2008,0.7992,35
configs/exp4/lfu_lru_2q_lirs.cfg,experiments/data/hot8_scan_c24_seed42.in,LFU LRU 2Q LIRS,4,6 6 6 6,24,10000,7990,2010,0.799,7992,2008,0.7992,2
configs/exp4/lfu_lru_2q_lru.cfg,experiments/data/hot8_scan_c24_seed42.in,LFU LRU 2Q LRU,4,6 6 6 6,24,10000,7961,2039,0.7961,7992,2008,0.7992,31
configs/exp4/lfu_lru_arc.cfg,experiments/data/hot8_scan_c24_seed42.in,LFU LRU ARC,3,8 8 8,24,10000,7968,2032,0.7968,7992,2008,0.7992,24
configs/exp4/lfu_lru_arc_2q.cfg,experiments/data/hot8_scan_c24_seed42.in,LFU LRU ARC 2Q,4,6 6 6 6,24,10000,7982,2018,0.7982,7992,2008,0.7992,10
configs/exp4/lfu_lru_arc_arc.cfg,experiments/data/hot8_scan_c24_seed42.in,LFU LRU ARC ARC,4,6 6 6 6,24,10000,7945,2055,0.7945,7992,2008,0.7992,47
configs/exp4/lfu_lru_arc_lfu.cfg,experiments/data/hot8_scan_c24_seed42.in,LFU LRU ARC LFU,4,6 6 6 6,24,10000,7945,2055,0.7945,7992,2008,0.7992,47
configs/exp4/lfu_lru_arc_lirs.cfg,experiments/data/hot8_scan_c24_seed42.in,LFU LRU ARC LIRS,4,6 6 6 6,24,10000,7990,2010,0.799,7992,2008,0.7992,2
configs/exp4/lfu_lru_arc_lru.cfg,experiments/data/hot8_scan_c24_seed42.in,LFU LRU ARC LRU,4,6 6 6 6,24,10000,7945,2055,0.7945,7992,2008,0.7992,47
configs/exp4/lfu_lru_lfu.cfg,experiments/data/hot8_scan_c24_seed42.in,LFU LRU LFU,3,8 8 8,24,10000,7968,2032,0.7968,7992,2008,0.7992,24
configs/exp4/lfu_lru_lfu_2q.cfg,experiments/data/hot8_scan_c24_seed42.in,LFU LRU LFU 2Q,4,6 6 6 6,24,10000,7982,2018,0.7982,7992,2008,0.7992,10
configs/exp4/lfu_lru_lfu_arc.cfg,experiments/data/hot8_scan_c24_seed42.in,LFU LRU LFU ARC,4,6 6 6 6,24,10000,7945,2055,0.7945,7992,2008,0.7992,47
configs/exp4/lfu_lru_lfu_lfu.cfg,experiments/data/hot8_scan_c24_seed42.in,LFU LRU LFU LFU,4,6 6 6 6,24,10000,7945,2055,0.7945,7992,2008,0.7992,47
configs/exp4/lfu_lru_lfu_lirs.cfg,experiments/data/hot8_scan_c24_seed42.in,LFU LRU LFU LIRS,4,6 6 6 6,24,10000,7990,2010,0.799,7992,2008,0.7992,2
configs/exp4/lfu_lru_lfu_lru.cfg,experiments/data/hot8_scan_c24_seed42.in,LFU LRU LFU LRU,4,6 6 6 6,24,10000,7832,2168,0.7832,7992,2008,0.7992,160
configs/exp4/lfu_lru_lirs.cfg,experiments/data/hot8_scan_c24_seed42.in,LFU LRU LIRS,3,8 8 8,24,10000,7991,2009,0.7991,7992,2008,0.7992,1
configs/exp4/lfu_lru_lirs_2q.cfg,experiments/data/hot8_scan_c24_seed42.in,LFU LRU LIRS 2Q,4,6 6 6 6,24,10000,7990,2010,0.799,7992,2008,0.7992,2
configs/exp4/lfu_lru_lirs_arc.cfg,experiments/data/hot8_scan_c24_seed42.in,LFU LRU LIRS ARC,4,6 6 6 6,24,10000,7990,2010,0.799,7992,2008,0.7992,2
configs/exp4/lfu_lru_lirs_lfu.cfg,experiments/data/hot8_scan_c24_seed42.in,LFU LRU LIRS LFU,4,6 6 6 6,24,10000,7990,2010,0.799,7992,2008,0.7992,2
configs/exp4/lfu_lru_lirs_lirs.cfg,experiments/data/hot8_scan_c24_seed42.in,LFU LRU LIRS LIRS,4,6 6 6 6,24,10000,7990,2010,0.799,7992,2008,0.7992,2
configs/exp4/lfu_lru_lirs_lru.cfg,experiments/data/hot8_scan_c24_seed42.in,LFU LRU LIRS LRU,4,6 6 6 6,24,10000,7990,2010,0.799,7992,2008,0.7992,2
configs/exp4/lfu_lru_lru.cfg,experiments/data/hot8_scan_c24_seed42.in,LFU LRU LRU,3,8 8 8,24,10000,7968,2032,0.7968,7992,2008,0.7992,24
configs/exp4/lfu_lru_lru_2q.cfg,experiments/data/hot8_scan_c24_seed42.in,LFU LRU LRU 2Q,4,6 6 6 6,24,10000,7851,2149,0.7851,7992,2008,0.7992,141
configs/exp4/lfu_lru_lru_arc.cfg,experiments/data/hot8_scan_c24_seed42.in,LFU LRU LRU ARC,4,6 6 6 6,24,10000,7590,2410,0.759,7992,2008,0.7992,402
configs/exp4/lfu_lru_lru_lfu.cfg,experiments/data/hot8_scan_c24_seed42.in,LFU LRU LRU LFU,4,6 6 6 6,24,10000,7590,2410,0.759,7992,2008,0.7992,402
configs/exp4/lfu_lru_lru_lirs.cfg,experiments/data/hot8_scan_c24_seed42.in,LFU LRU LRU LIRS,4,6 6 6 6,24,10000,7990,2010,0.799,7992,2008,0.7992,2
configs/exp4/lfu_lru_lru_lru.cfg,experiments/data/hot8_scan_c24_seed42.in,LFU LRU LRU LRU,4,6 6 6 6,24,10000,7590,2410,0.759,7992,2008,0.7992,402
configs/exp4/lirs_2q.cfg,experiments/data/hot8_scan_c24_seed42.in,LIRS 2Q,2,12 12,24,10000,7992,2008,0.7992,7992,2008,0.7992,0
configs/exp4/lirs_2q_2q.cfg,experiments/data/hot8_scan_c24_seed42.in,LIRS 2Q 2Q,3,8 8 8,24,10000,7930,2070,0.793,7992,2008,0.7992,62
configs/exp4/lirs_2q_2q_2q.cfg,experiments/data/hot8_scan_c24_seed42.in,LIRS 2Q 2Q 2Q,4,6 6 6 6,24,10000,7592,2408,0.7592,7992,2008,0.7992,400
configs/exp4/lirs_2q_2q_arc.cfg,experiments/data/hot8_scan_c24_seed42.in,LIRS 2Q 2Q ARC,4,6 6 6 6,24,10000,7690,2310,0.769,7992,2008,0.7992,302
configs/exp4/lirs_2q_2q_lfu.cfg,experiments/data/hot8_scan_c24_seed42.in,LIRS 2Q 2Q LFU,4,6 6 6 6,24,10000,7753,2247,0.7753,7992,2008,0.7992,239
configs/exp4/lirs_2q_2q_lirs.cfg,experiments/data/hot8_scan_c24_seed42.in,LIRS 2Q 2Q LIRS,4,6 6 6 6,24,10000,7672,2328,0.7672,7992,2008,0.7992,320
configs/exp4/lirs_2q_2q_lru.cfg,experiments/data/hot8_scan_c24_seed42.in,LIRS 2Q 2Q LRU,4,6 6 6 6,24,10000,7646,2354,0.7646,7992,2008,0.7992,346
configs/exp4/lirs_2q_arc.cfg,experiments/data/hot8_scan_c24_seed42.in,LIRS 2Q ARC,3,8 8 8,24,10000,7945,2055,0.7945,7992,2008,0.7992,47
configs/exp4/lirs_2q_arc_2q.cfg,experiments/data/hot8_scan_c24_seed42.in,LIRS 2Q ARC 2Q,4,6 6 6 6,24,10000,7723,2277,0.7723,7992,2008,0.7992,269
configs/exp4/lirs_2q_arc_arc.cfg,experiments/data/hot8_scan_c24_seed42.in,LIRS 2Q ARC ARC,4,6 6 6 6,24,10000,7691,2309,0.7691,7992,2008,0.7992,301
configs/exp4/lirs_2q_arc_lfu.cfg,experiments/data/hot8_scan_c24_seed42.in,LIRS 2Q ARC LFU,4,6 6 6 6,24,10000,7773,2227,0.7773,7992,2008,0.7992,219
configs/exp4/lirs_2q_arc_lirs.cfg,experiments/data/hot8_scan_c24_seed42.in,LIRS 2Q ARC LIRS,4,6 6 6 6,24,10000,7698,2302,0.7698,7992,2008,0.7992,294
configs/exp4/lirs_2q_arc_lru.cfg,experiments/data/hot8_scan_c24_seed42.in,LIRS 2Q ARC LRU,4,6 6 6 6,24,10000,7584,2416,0.7584,7992,2008,0.7992,408
configs/exp4/lirs_2q_lfu.cfg,experiments/data/hot8_scan_c24_seed42.in,LIRS 2Q LFU,3,8 8 8,24,10000,7918,2082,0.7918,7992,2008,0.7992,74
configs/exp4/lirs_2q_lfu_2q.cfg,experiments/data/hot8_scan_c24_seed42.in,LIRS 2Q LFU 2Q,4,6 6 6 6,24,10000,7980,2020,0.798,7992,2008,0.7992,12
configs/exp4/lirs_2q_lfu_arc.cfg,experiments/data/hot8_scan_c24_seed42.in,LIRS 2Q LFU ARC,4,6 6 6 6,24,10000,7979,2021,0.7979,7992,2008,0.7992,13
configs/exp4/lirs_2q_lfu_lfu.cfg,experiments/data/hot8_scan_c24_seed42.in,LIRS 2Q LFU LFU,4,6 6 6 6,24,10000,7979,2021,0.7979,7992,2008,0.7992,13
configs/exp4/lirs_2q_lfu_lirs.cfg,experiments/data/hot8_scan_c24_seed42.in,LIRS 2Q LFU LIRS,4,6 6 6 6,24,10000,7985,2015,0.7985,7992,2008,0.7992,7
configs/exp4/lirs_2q_lfu_lru.cfg,experiments/data/hot8_scan_c24_seed42.in,LIRS 2Q LFU LRU,4,6 6 6 6,24,10000,7753,2247,0.7753,7992,2008,0.7992,239
configs/exp4/lirs_2q_lirs.cfg,experiments/data/hot8_scan_c24_seed42.in,LIRS 2Q LIRS,3,8 8 8,24,10000,7977,2023,0.7977,7992,2008,0.7992,15
configs/exp4/lirs_2q_lirs_2q.cfg,experiments/data/hot8_scan_c24_seed42.in,LIRS 2Q LIRS 2Q,4,6 6 6 6,24,10000,7698,2302,0.7698,7992,2008,0.7992,294
configs/exp4/lirs_2q_lirs_arc.cfg,experiments/data/hot8_scan_c24_seed42.in,LIRS 2Q LIRS ARC,4,6 6 6 6,24,10000,7702,2298,0.7702,7992,2008,0.7992,290
configs/exp4/lirs_2q_lirs_lfu.cfg,experiments/data/hot8_scan_c24_seed42.in,LIRS 2Q LIRS LFU,4,6 6 6 6,24,10000,7782,2218,0.7782,7992,2008,0.7992,210
configs/exp4/lirs_2q_lirs_lirs.cfg,experiments/data/hot8_scan_c24_seed42.in,LIRS 2Q LIRS LIRS,4,6 6 6 6,24,10000,7635,2365,0.7635,7992,2008,0.7992,357
configs/exp4/lirs_2q_lirs_lru.cfg,experiments/data/hot8_scan_c24_seed42.in,LIRS 2Q LIRS LRU,4,6 6 6 6,24,10000,7659,2341,0.7659,7992,2008,0.7992,333
configs/exp4/lirs_2q_lru.cfg,experiments/data/hot8_scan_c24_seed42.in,LIRS 2Q LRU,3,8 8 8,24,10000,7853,2147,0.7853,7992,2008,0.7992,139
configs/exp4/lirs_2q_lru_2q.cfg,experiments/data/hot8_scan_c24_seed42.in,LIRS 2Q LRU 2Q,4,6 6 6 6,24,10000,7593,2407,0.7593,7992,2008,0.7992,399
configs/exp4/lirs_2q_lru_arc.cfg,experiments/data/hot8_scan_c24_seed42.in,LIRS 2Q LRU ARC,4,6 6 6 6,24,10000,7511,2489,0.7511,7992,2008,0.7992,481
configs/exp4/lirs_2q_lru_lfu.cfg,experiments/data/hot8_scan_c24_seed42.in,LIRS 2Q LRU LFU,4,6 6 6 6,24,10000,7423,2577,0.7423,7992,2008,0.7992,569
configs/exp4/lirs_2q_lru_lirs.cfg,experiments/data/hot8_scan_c24_seed42.in,LIRS 2Q LRU LIRS,4,6 6 6 6,24,10000,7690,2310,0.769,7992,2008,0.7992,302
configs/exp4/lirs_2q_lru_lru.cfg,experiments/data/hot8_scan_c24_seed42.in,LIRS 2Q LRU LRU,4,6 6 6 6,24,10000,7312,2688,0.7312,7992,2008,0.7992,680
configs/exp4/lirs_arc.cfg,experiments/data/hot8_scan_c24_seed42.in,LIRS ARC,2,12 12,24,10000,7992,2008,0.7992,7992,2008,0.7992,0
configs/exp4/lirs_arc_2q.cfg,experiments/data/hot8_scan_c24_seed42.in,LIRS ARC 2Q,3,8 8 8,24,10000,7939,2061,0.7939,7992,2008,0.7992,53
configs/exp4/lirs_arc_2q_2q.cfg,experiments/data/hot8_scan_c24_seed42.in,LIRS ARC 2Q 2Q,4,6 6 6 6,24,10000,7708,2292,0.7708,7992,2008,0.7992,284
configs/exp4/lirs_arc_2q_arc.cfg,experiments/data/hot8_scan_c24_seed42.in,LIRS ARC 2Q ARC,4,6 6 6 6,24,10000,7773,2227,0.7773,7992,2008,0.7992,219
configs/exp4/lirs_arc_2q_lfu.cfg,experiments/data/hot8_scan_c24_seed42.in,LIRS ARC 2Q LFU,4,6 6 6 6,24,10000,7790,2210,0.779,7992,2008,0.7992,202
configs/exp4/lirs_arc_2q_lirs.cfg,experiments/data/hot8_scan_c24_seed42.in,LIRS ARC 2Q LIRS,4,6 6 6 6,24,10000,7828,2172,0.7828,7992,2008,0.7992,164
configs/exp4/lirs_arc_2q_lru.cfg,experiments/data/hot8_scan_c24_seed42.in,LIRS ARC 2Q LRU,4,6 6 6 6,24,10000,7582,2418,0.7582,7992,2008,0.7992,410
configs/exp4/lirs_arc_arc.cfg,experiments/data/hot8_scan_c24_seed42.in,LIRS ARC ARC,3,8 8 8,24,10000,7921,2079,0.7921,7992,2008,0.7992,71
configs/exp4/lirs_arc_arc_2q.cfg,experiments/data/hot8_scan_c24_seed42.in,LIRS ARC ARC 2Q,4,6 6 6 6,24,10000,7724,2276,0.7724,7992,2008,0.7992,268
configs/exp4/lirs_arc_arc_arc.cfg,experiments/data/hot8_scan_c24_seed42.in,LIRS ARC ARC ARC,4,6 6 6 6,24,10000,7705,2295,0.7705,7992,2008,0.7992,287
configs/exp4/lirs_arc_arc_lfu.cfg,experiments/data/hot8_scan_c24_seed42.in,LIRS ARC ARC LFU,4,6 6 6 6,24,10000,7740,2260,0.774,7992,2008,0.7992,252
configs/exp4/lirs_arc_arc_lirs.cfg,experiments/data/hot8_scan_c24_seed42.in,LIRS ARC ARC LIRS,4,6 6 6 6,24,10000,7724,2276,0.7724,7992,2008,0.7992,268
configs/exp4/lirs_arc_arc_lru.cfg,experiments/data/hot8_scan_c24_seed42.in,LIRS ARC ARC LRU,4,6 6 6 6,24,10000,7447,2553,0.7447,7992,2008,0.7992,545
configs/exp4/lirs_arc_lfu.cfg,experiments/data/hot8_scan_c24_seed42.in,LIRS ARC LFU,3,8 8 8,24,10000,7921,2079,0.7921,7992,2008,0.7992,71
configs/exp4/lirs_arc_lfu_2q.cfg,experiments/data/hot8_scan_c24_seed42.in,LIRS ARC LFU 2Q,4,6 6 6 6,24,10000,7973,2027,0.7973,7992,2008,0.7992,19
configs/exp4/lirs_arc_lfu_arc.cfg,experiments/data/hot8_scan_c24_seed42.in,LIRS ARC LFU ARC,4,6 6 6 6,24,10000,7972,2028,0.7972,7992,2008,0.7992,20
configs/exp4/lirs_arc_lfu_lfu.cfg,experiments/data/hot8_scan_c24_seed42.in,LIRS ARC LFU LFU,4,6 6 6 6,24,10000,7968,2032,0.7968,7992,2008,0.7992,24
configs/exp4/lirs_arc_lfu_lirs.cfg,experiments/data/hot8_scan_c24_seed42.in,LIRS ARC LFU LIRS,4,6 6 6 6,24,10000,7982,2018,0.7982,7992,2008,0.7992,10
configs/exp4/lirs_arc_lfu_lru.cfg,experiments/data/hot8_scan_c24_seed42.in,LIRS ARC LFU LRU,4,6 6 6 6,24,10000,7643,2357,0.7643,7992,2008,0.7992,349
configs/exp4/lirs_arc_lirs.cfg,experiments/data/hot8_scan_c24_seed42.in,LIRS ARC LIRS,3,8 8 8,24,10000,7979,2021,0.7979,7992,2008,0.7992,13
configs/exp4/lirs_arc_lirs_2q.cfg,experiments/data/hot8_scan_c24_seed42.in,LIRS ARC LIRS 2Q,4,6 6 6 6,24,10000,7731,2269,0.7731,7992,2008,0.7992,261
configs/exp4/lirs_arc_lirs_arc.cfg,experiments/data/hot8_scan_c24_seed42.in,LIRS ARC LIRS ARC,4,6 6 6 6,24,10000,7730,2270,0.773,7992,2008,0.7992,262
configs/exp4/lirs_arc_lirs_lfu.cfg,experiments/data/hot8_scan_c24_seed42.in,LIRS ARC LIRS LFU,4,6 6 6 6,24,10000,7764,2236,0.7764,7992,2008,0.7992,228
configs/exp4/lirs_arc_lirs_lirs.cfg,experiments/data/hot8_scan_c24_seed42.in,LIRS ARC LIRS LIRS,4,6 6 6 6,24,10000,7696,2304,0.7696,7992,2008,0.7992,296
configs/exp4/lirs_arc_lirs_lru.cfg,experiments/data/hot8_scan_c24_seed42.in,LIRS ARC LIRS LRU,4,6 6 6 6,24,10000,7522,2478,0.7522,7992,2008,0.7992,470
configs/exp4/lirs_arc_lru.cfg,experiments/data/hot8_scan_c24_seed42.in,LIRS ARC LRU,3,8 8 8,24,10000,7910,2090,0.791,7992,2008,0.7992,82
configs/exp4/lirs_arc_lru_2q.cfg,experiments/data/hot8_scan_c24_seed42.in,LIRS ARC LRU 2Q,4,6 6 6 6,24,10000,7581,2419,0.7581,7992,2008,0.7992,411
configs/exp4/lirs_arc_lru_arc.cfg,experiments/data/hot8_scan_c24_seed42.in,LIRS ARC LRU ARC,4,6 6 6 6,24,10000,7350,2650,0.735,7992,2008,0.7992,642
configs/exp4/lirs_arc_lru_lfu.cfg,experiments/data/hot8_scan_c24_seed42.in,LIRS ARC LRU LFU,4,6 6 6 6,24,10000,7171,2829,0.7171,7992,2008,0.7992,821
configs/exp4/lirs_arc_lru_lirs.cfg,experiments/data/hot8_scan_c24_seed42.in,LIRS ARC LRU LIRS,4,6 6 6 6,24,10000,7545,2455,0.7545,7992,2008,0.7992,447
configs/exp4/lirs_arc_lru_lru.cfg,experiments/data/hot8_scan_c24_seed42.in,LIRS ARC LRU LRU,4,6 6 6 6,24,10000,7070,2930,0.707,7992,2008,0.7992,922
configs/exp4/lirs_lfu.cfg,experiments/data/hot8_scan_c24_seed42.in,LIRS LFU,2,12 12,24,10000,7992,2008,0.7992,7992,2008,0.7992,0
configs/exp4/lirs_lfu_2q.cfg,experiments/data/hot8_scan_c24_seed42.in,LIRS LFU 2Q,3,8 8 8,24,10000,7978,2022,0.7978,7992,2008,0.7992,14
configs/exp4/lirs_lfu_2q_2q.cfg,experiments/data/hot8_scan_c24_seed42.in,LIRS LFU 2Q 2Q,4,6 6 6 6,24,10000,7986,2014,0.7986,7992,2008,0.7992,6
configs/exp4/lirs_lfu_2q_arc.cfg,experiments/data/hot8_scan_c24_seed42.in,LIRS LFU 2Q ARC,4,6 6 6 6,24,10000,7987,2013,0.7987,7992,2008,0.7992,5
configs/exp4/lirs_lfu_2q_lfu.cfg,experiments/data/hot8_scan_c24_seed42.in,LIRS LFU 2Q LFU,4,6 6 6 6,24,10000,7987,2013,0.7987,7992,2008,0.7992,5
configs/exp4/lirs_lfu_2q_lirs.cfg,experiments/data/hot8_scan_c24_seed42.in,LIRS LFU 2Q LIRS,4,6 6 6 6,24,10000,7992,2008,0.7992,7992,2008,0.7992,0
configs/exp4/lirs_lfu_2q_lru.cfg,experiments/data/hot8_scan_c24_seed42.in,LIRS LFU 2Q LRU,4,6 6 6 6,24,10000,7987,2013,0.7987,7992,2008,0.7992,5
configs/exp4/lirs_lfu_arc.cfg,experiments/data/hot8_scan_c24_seed42.in,LIRS LFU ARC,3,8 8 8,24,10000,7979,2021,0.7979,7992,2008,0.7992,13
configs/exp4/lirs_lfu_arc_2q.cfg,experiments/data/hot8_scan_c24_seed42.in,LIRS LFU ARC 2Q,4,6 6 6 6,24,10000,7987,2013,0.7987,7992,2008,0.7992,5
configs/exp4/lirs_lfu_arc_arc.cfg,experiments/data/hot8_scan_c24_seed42.in,LIRS LFU ARC ARC,4,6 6 6 6,24,10000,7987,2013,0.7987,7992,2008,0.7992,5
configs/exp4/lirs_lfu_arc_lfu.cfg,experiments/data/hot8_scan_c24_seed42.in,LIRS LFU ARC LFU,4,6 6 6 6,24,10000,7987,2013,0.7987,7992,2008,0.7992,5
configs/exp4/lirs_lfu_arc_lirs.cfg,experiments/data/hot8_scan_c24_seed42.in,LIRS LFU ARC LIRS,4,6 6 6 6,24,10000,7992,2008,0.7992,7992,2008,0.7992,0
configs/exp4/lirs_lfu_arc_lru.cfg,experiments/data/hot8_scan_c24_seed42.in,LIRS LFU ARC LRU,4,6 6 6 6,24,10000,7987,2013,0.7987,7992,2008,0.7992,5
configs/exp4/lirs_lfu_lfu.cfg,experiments/data/hot8_scan_c24_seed42.in,LIRS LFU LFU,3,8 8 8,24,10000,7979,2021,0.7979,7992,2008,0.7992,13
configs/exp4/lirs_lfu_lfu_2q.cfg,experiments/data/hot8_scan_c24_seed42.in,LIRS LFU LFU 2Q,4,6 6 6 6,24,10000,7987,2013,0.7987,7992,2008,0.7992,5
configs/exp4/lirs_lfu_lfu_arc.cfg,experiments/data/hot8_scan_c24_seed42.in,LIRS LFU LFU ARC,4,6 6 6 6,24,10000,7987,2013,0.7987,7992,2008,0.7992,5
configs/exp4/lirs_lfu_lfu_lfu.cfg,experiments/data/hot8_scan_c24_seed42.in,LIRS LFU LFU LFU,4,6 6 6 6,24,10000,7987,2013,0.7987,7992,2008,0.7992,5
configs/exp4/lirs_lfu_lfu_lirs.cfg,experiments/data/hot8_scan_c24_seed42.in,LIRS LFU LFU LIRS,4,6 6 6 6,24,10000,7992,2008,0.7992,7992,2008,0.7992,0
configs/exp4/lirs_lfu_lfu_lru.cfg,experiments/data/hot8_scan_c24_seed42.in,LIRS LFU LFU LRU,4,6 6 6 6,24,10000,7987,2013,0.7987,7992,2008,0.7992,5
configs/exp4/lirs_lfu_lirs.cfg,experiments/data/hot8_scan_c24_seed42.in,LIRS LFU LIRS,3,8 8 8,24,10000,7989,2011,0.7989,7992,2008,0.7992,3
configs/exp4/lirs_lfu_lirs_2q.cfg,experiments/data/hot8_scan_c24_seed42.in,LIRS LFU LIRS 2Q,4,6 6 6 6,24,10000,7992,2008,0.7992,7992,2008,0.7992,0
configs/exp4/lirs_lfu_lirs_arc.cfg,experiments/data/hot8_scan_c24_seed42.in,LIRS LFU LIRS ARC,4,6 6 6 6,24,10000,7992,2008,0.7992,7992,2008,0.7992,0
configs/exp4/lirs_lfu_lirs_lfu.cfg,experiments/data/hot8_scan_c24_seed42.in,LIRS LFU LIRS LFU,4,6 6 6 6,24,10000,7992,2008,0.7992,7992,2008,0.7992,0
configs/exp4/lirs_lfu_lirs_lirs.cfg,experiments/data/hot8_scan_c24_seed42.in,LIRS LFU LIRS LIRS,4,6 6 6 6,24,10000,7991,2009,0.7991,7992,2008,0.7992,1
configs/exp4/lirs_lfu_lirs_lru.cfg,experiments/data/hot8_scan_c24_seed42.in,LIRS LFU LIRS LRU,4,6 6 6 6,24,10000,7992,2008,0.7992,7992,2008,0.7992,0
configs/exp4/lirs_lfu_lru.cfg,experiments/data/hot8_scan_c24_seed42.in,LIRS LFU LRU,3,8 8 8,24,10000,7924,2076,0.7924,7992,2008,0.7992,68
configs/exp4/lirs_lfu_lru_2q.cfg,experiments/data/hot8_scan_c24_seed42.in,LIRS LFU LRU 2Q,4,6 6 6 6,24,10000,7967,2033,0.7967,7992,2008,0.7992,25
configs/exp4/lirs_lfu_lru_arc.cfg,experiments/data/hot8_scan_c24_seed42.in,LIRS LFU LRU ARC,4,6 6 6 6,24,10000,7946,2054,0.7946,7992,2008,0.7992,46
configs/exp4/lirs_lfu_lru_lfu.cfg,experiments/data/hot8_scan_c24_seed42.in,LIRS LFU LRU LFU,4,6 6 6 6,24,10000,7677,2323,0.7677,7992,2008,0.7992,315
configs/exp4/lirs_lfu_lru_lirs.cfg,experiments/data/hot8_scan_c24_seed42.in,LIRS LFU LRU LIRS,4,6 6 6 6,24,10000,7991,2009,0.7991,7992,2008,0.7992,1
configs/exp4/lirs_lfu_lru_lru.cfg,experiments/data/hot8_scan_c24_seed42.in,LIRS LFU LRU LRU,4,6 6 6 6,24,10000,7528,2472,0.7528,7992,2008,0.7992,464
configs/exp4/lirs_lirs_2q.cfg,experiments/data/hot8_scan_c24_seed42.in,LIRS LIRS 2Q,3,8 8 8,24,10000,7959,2041,0.7959,7992,2008,0.7992,33
configs/exp4/lirs_lirs_2q_2q.cfg,experiments/data/hot8_scan_c24_seed42.in,LIRS LIRS 2Q 2Q,4,6 6 6 6,24,10000,7645,2355,0.7645,7992,2008,0.7992,347
configs/exp4/lirs_lirs_2q_arc.cfg,experiments/data/hot8_scan_c24_seed42.in,LIRS LIRS 2Q ARC,4,6 6 6 6,24,10000,7707,2293,0.7707,7992,2008,0.7992,285
configs/exp4/lirs_lirs_2q_lfu.cfg,experiments/data/hot8_scan_c24_seed42.in,LIRS LIRS 2Q LFU,4,6 6 6 6,24,10000,7762,2238,0.7762,7992,2008,0.7992,230
configs/exp4/lirs_lirs_2q_lirs.cfg,experiments/data/hot8_scan_c24_seed42.in,LIRS LIRS 2Q LIRS,4,6 6 6 6,24,10000,7711,2289,0.7711,7992,2008,0.7992,281
configs/exp4/lirs_lirs_2q_lru.cfg,experiments/data/hot8_scan_c24_seed42.in,LIRS LIRS 2Q LRU,4,6 6 6 6,24,10000,7624,2376,0.7624,7992,2008,0.7992,368
configs/exp4/lirs_lirs_arc.cfg,experiments/data/hot8_scan_c24_seed42.in,LIRS LIRS ARC,3,8 8 8,24,10000,7967,2033,0.7967,7992,2008,0.7992,25
configs/exp4/lirs_lirs_arc_2q.cfg,experiments/data/hot8_scan_c24_seed42.in,LIRS LIRS ARC 2Q,4,6 6 6 6,24,10000,7737,2263,0.7737,7992,2008,0.7992,255
configs/exp4/lirs_lirs_arc_arc.cfg,experiments/data/hot8_scan_c24_seed42.in,LIRS LIRS ARC ARC,4,6 6 6 6,24,10000,7671,2329,0.7671,7992,2008,0.7992,321
configs/exp4/lirs_lirs_arc_lfu.cfg,experiments/data/hot8_scan_c24_seed42.in,LIRS LIRS ARC LFU,4,6 6 6 6,24,10000,7751,2249,0.7751,7992,2008,0.7992,241
configs/exp4/lirs_lirs_arc_lirs.cfg,experiments/data/hot8_scan_c24_seed42.in,LIRS LIRS ARC LIRS,4,6 6 6 6,24,10000,7673,2327,0.7673,7992,2008,0.7992,319
configs/exp4/lirs_lirs_arc_lru.cfg,experiments/data/hot8_scan_c24_seed42.in,LIRS LIRS ARC LRU,4,6 6 6 6,24,10000,7514,2486,0.7514,7992,2008,0.7992,478
configs/exp4/lirs_lirs_lfu.cfg,experiments/data/hot8_scan_c24_seed42.in,LIRS LIRS LFU,3,8 8 8,24,10000,7956,2044,0.7956,7992,2008,0.7992,36
configs/exp4/lirs_lirs_lfu_2q.cfg,experiments/data/hot8_scan_c24_seed42.in,LIRS LIRS LFU 2Q,4,6 6 6 6,24,10000,7987,2013,0.7987,7992,2008,0.7992,5
configs/exp4/lirs_lirs_lfu_arc.cfg,experiments/data/hot8_scan_c24_seed42.in,LIRS LIRS LFU ARC,4,6 6 6 6,24,10000,7987,2013,0.7987,7992,2008,0.7992,5
configs/exp4/lirs_lirs_lfu_lfu.cfg,experiments/data/hot8_scan_c24_seed42.in,LIRS LIRS LFU LFU,4,6 6 6 6,24,10000,7987,2013,0.7987,7992,2008,0.7992,5
configs/exp4/lirs_lirs_lfu_lirs.cfg,experiments/data/hot8_scan_c24_seed42.in,LIRS LIRS LFU LIRS,4,6 6 6 6,24,10000,7992,2008,0.7992,7992,2008,0.7992,0
configs/exp4/lirs_lirs_lfu_lru.cfg,experiments/data/hot8_scan_c24_seed42.in,LIRS LIRS LFU LRU,4,6 6 6 6,24,10000,7720,2280,0.772,7992,2008,0.7992,272
configs/exp4/lirs_lirs_lirs_2q.cfg,experiments/data/hot8_scan_c24_seed42.in,LIRS LIRS LIRS 2Q,4,6 6 6 6,24,10000,7645,2355,0.7645,7992,2008,0.7992,347
configs/exp4/lirs_lirs_lirs_arc.cfg,experiments/data/hot8_scan_c24_seed42.in,LIRS LIRS LIRS ARC,4,6 6 6 6,24,10000,7656,2344,0.7656,7992,2008,0.7992,336
configs/exp4/lirs_lirs_lirs_lfu.cfg,experiments/data/hot8_scan_c24_seed42.in,LIRS LIRS LIRS LFU,4,6 6 6 6,24,10000,7755,2245,0.7755,7992,2008,0.7992,237
configs/exp4/lirs_lirs_lirs_lru.cfg,experiments/data/hot8_scan_c24_seed42.in,LIRS LIRS LIRS LRU,4,6 6 6 6,24,10000,7567,2433,0.7567,7992,2008,0.7992,425
configs/exp4/lirs_lirs_lru.cfg,experiments/data/hot8_scan_c24_seed42.in,LIRS LIRS LRU,3,8 8 8,24,10000,7926,2074,0.7926,7992,2008,0.7992,66
configs/exp4/lirs_lirs_lru_2q.cfg,experiments/data/hot8_scan_c24_seed42.in,LIRS LIRS LRU 2Q,4,6 6 6 6,24,10000,7588,2412,0.7588,7992,2008,0.7992,404
configs/exp4/lirs_lirs_lru_arc.cfg,experiments/data/hot8_scan_c24_seed42.in,LIRS LIRS LRU ARC,4,6 6 6 6,24,10000,7390,2610,0.739,7992,2008,0.7992,602
configs/exp4/lirs_lirs_lru_lfu.cfg,experiments/data/hot8_scan_c24_seed42.in,LIRS LIRS LRU LFU,4,6 6 6 6,24,10000,7313,2687,0.7313,7992,2008,0.7992,679
configs/exp4/lirs_lirs_lru_lirs.cfg,experiments/data/hot8_scan_c24_seed42.in,LIRS LIRS LRU LIRS,4,6 6 6 6,24,10000,7642,2358,0.7642,7992,2008,0.7992,350
configs/exp4/lirs_lirs_lru_lru.cfg,experiments/data/hot8_scan_c24_seed42.in,LIRS LIRS LRU LRU,4,6 6 6 6,24,10000,7252,2748,0.7252,7992,2008,0.7992,740
configs/exp4/lirs_lru.cfg,experiments/data/hot8_scan_c24_seed42.in,LIRS LRU,2,12 12,24,10000,7992,2008,0.7992,7992,2008,0.7992,0
configs/exp4/lirs_lru_2q.cfg,experiments/data/hot8_scan_c24_seed42.in,LIRS LRU 2Q,3,8 8 8,24,10000,7730,2270,0.773,7992,2008,0.7992,262
configs/exp4/lirs_lru_2q_2q.cfg,experiments/data/hot8_scan_c24_seed42.in,LIRS LRU 2Q 2Q,4,6 6 6 6,24,10000,7769,2231,0.7769,7992,2008,0.7992,223
configs/exp4/lirs_lru_2q_arc.cfg,experiments/data/hot8_scan_c24_seed42.in,LIRS LRU 2Q ARC,4,6 6 6 6,24,10000,7892,2108,0.7892,7992,2008,0.7992,100
configs/exp4/lirs_lru_2q_lfu.cfg,experiments/data/hot8_scan_c24_seed42.in,LIRS LRU 2Q LFU,4,6 6 6 6,24,10000,7532,2468,0.7532,7992,2008,0.7992,460
configs/exp4/lirs_lru_2q_lirs.cfg,experiments/data/hot8_scan_c24_seed42.in,LIRS LRU 2Q LIRS,4,6 6 6 6,24,10000,7970,2030,0.797,7992,2008,0.7992,22
configs/exp4/lirs_lru_2q_lru.cfg,experiments/data/hot8_scan_c24_seed42.in,LIRS LRU 2Q LRU,4,6 6 6 6,24,10000,7477,2523,0.7477,7992,2008,0.7992,515
configs/exp4/lirs_lru_arc.cfg,experiments/data/hot8_scan_c24_seed42.in,LIRS LRU ARC,3,8 8 8,24,10000,7539,2461,0.7539,7992,2008,0.7992,453
configs/exp4/lirs_lru_arc_2q.cfg,experiments/data/hot8_scan_c24_seed42.in,LIRS LRU ARC 2Q,4,6 6 6 6,24,10000,7683,2317,0.7683,7992,2008,0.7992,309
configs/exp4/lirs_lru_arc_arc.cfg,experiments/data/hot8_scan_c24_seed42.in,LIRS LRU ARC ARC,4,6 6 6 6,24,10000,7602,2398,0.7602,7992,2008,0.7992,390
configs/exp4/lirs_lru_arc_lfu.cfg,experiments/data/hot8_scan_c24_seed42.in,LIRS LRU ARC LFU,4,6 6 6 6,24,10000,7465,2535,0.7465,7992,2008,0.7992,527
configs/exp4/lirs_lru_arc_lirs.cfg,experiments/data/hot8_scan_c24_seed42.in,LIRS LRU ARC LIRS,4,6 6 6 6,24,10000,7729,2271,0.7729,7992,2008,0.7992,263
configs/exp4/lirs_lru_arc_lru.cfg,experiments/data/hot8_scan_c24_seed42.in,LIRS LRU ARC LRU,4,6 6 6 6,24,10000,7254,2746,0.7254,7992,2008,0.7992,738
configs/exp4/lirs_lru_lfu.cfg,experiments/data/hot8_scan_c24_seed42.in,LIRS LRU LFU,3,8 8 8,24,10000,7539,2461,0.7539,7992,2008,0.7992,453
configs/exp4/lirs_lru_lfu_2q.cfg,experiments/data/hot8_scan_c24_seed42.in,LIRS LRU LFU 2Q,4,6 6 6 6,24,10000,7900,2100,0.79,7992,2008,0.7992,92
configs/exp4/lirs_lru_lfu_arc.cfg,experiments/data/hot8_scan_c24_seed42.in,LIRS LRU LFU ARC,4,6 6 6 6,24,10000,7857,2143,0.7857,7992,2008,0.7992,135
configs/exp4/lirs_lru_lfu_lfu.cfg,experiments/data/hot8_scan_c24_seed42.in,LIRS LRU LFU LFU,4,6 6 6 6,24,10000,7514,2486,0.7514,7992,2008,0.7992,478
configs/exp4/lirs_lru_lfu_lirs.cfg,experiments/data/hot8_scan_c24_seed42.in,LIRS LRU LFU LIRS,4,6 6 6 6,24,10000,7917,2083,0.7917,7992,2008,0.7992,75
configs/exp4/lirs_lru_lfu_lru.cfg,experiments/data/hot8_scan_c24_seed42.in,LIRS LRU LFU LRU,4,6 6 6 6,24,10000,7071,2929,0.7071,7992,2008,0.7992,921
configs/exp4/lirs_lru_lirs.cfg,experiments/data/hot8_scan_c24_seed42.in,LIRS LRU LIRS,3,8 8 8,24,10000,7926,2074,0.7926,7992,2008,0.7992,66
configs/exp4/lirs_lru_lirs_2q.cfg,experiments/data/hot8_scan_c24_seed42.in,LIRS LRU LIRS 2Q,4,6 6 6 6,24,10000,7733,2267,0.7733,7992,2008,0.7992,259
configs/exp4/lirs_lru_lirs_arc.cfg,experiments/data/hot8_scan_c24_seed42.in,LIRS LRU LIRS ARC,4,6 6 6 6,24,10000,7724,2276,0.7724,7992,2008,0.7992,268
configs/exp4/lirs_lru_lirs_lfu.cfg,experiments/data/hot8_scan_c24_seed42.in,LIRS LRU LIRS LFU,4,6 6 6 6,24,10000,7646,2354,0.7646,7992,2008,0.7992,346
configs/exp4/lirs_lru_lirs_lirs.cfg,experiments/data/hot8_scan_c24_seed42.in,LIRS LRU LIRS LIRS,4,6 6 6 6,24,10000,7698,2302,0.7698,7992,2008,0.7992,294
configs/exp4/lirs_lru_lirs_lru.cfg,experiments/data/hot8_scan_c24_seed42.in,LIRS LRU LIRS LRU,4,6 6 6 6,24,10000,7381,2619,0.7381,7992,2008,0.7992,611
configs/exp4/lirs_lru_lru.cfg,experiments/data/hot8_scan_c24_seed42.in,LIRS LRU LRU,3,8 8 8,24,10000,7539,2461,0.7539,7992,2008,0.7992,453
configs/exp4/lirs_lru_lru_2q.cfg,experiments/data/hot8_scan_c24_seed42.in,LIRS LRU LRU 2Q,4,6 6 6 6,24,10000,7428,2572,0.7428,7992,2008,0.7992,564
configs/exp4/lirs_lru_lru_arc.cfg,experiments/data/hot8_scan_c24_seed42.in,LIRS LRU LRU ARC,4,6 6 6 6,24,10000,7085,2915,0.7085,7992,2008,0.7992,907
configs/exp4/lirs_lru_lru_lfu.cfg,experiments/data/hot8_scan_c24_seed42.in,LIRS LRU LRU LFU,4,6 6 6 6,24,10000,6685,3315,0.6685,7992,2008,0.7992,1307
configs/exp4/lirs_lru_lru_lirs.cfg,experiments/data/hot8_scan_c24_seed42.in,LIRS LRU LRU LIRS,4,6 6 6 6,24,10000,7361,2639,0.7361,7992,2008,0.7992,631
configs/exp4/lirs_lru_lru_lru.cfg,experiments/data/hot8_scan_c24_seed42.in,LIRS LRU LRU LRU,4,6 6 6 6,24,10000,6541,3459,0.6541,7992,2008,0.7992,1451
configs/exp4/lru_2q.cfg,experiments/data/hot8_scan_c24_seed42.in,LRU 2Q,2,12 12,24,10000,7973,2027,0.7973,7992,2008,0.7992,19
configs/exp4/lru_2q_2q.cfg,experiments/data/hot8_scan_c24_seed42.in,LRU 2Q 2Q,3,8 8 8,24,10000,7767,2233,0.7767,7992,2008,0.7992,225
configs/exp4/lru_2q_2q_2q.cfg,experiments/data/hot8_scan_c24_seed42.in,LRU 2Q 2Q 2Q,4,6 6 6 6,24,10000,7722,2278,0.7722,7992,2008,0.7992,270
configs/exp4/lru_2q_2q_arc.cfg,experiments/data/hot8_scan_c24_seed42.in,LRU 2Q 2Q ARC,4,6 6 6 6,24,10000,7798,2202,0.7798,7992,2008,0.7992,194
configs/exp4/lru_2q_2q_lfu.cfg,experiments/data/hot8_scan_c24_seed42.in,LRU 2Q 2Q LFU,4,6 6 6 6,24,10000,7813,2187,0.7813,7992,2008,0.7992,179
configs/exp4/lru_2q_2q_lirs.cfg,experiments/data/hot8_scan_c24_seed42.in,LRU 2Q 2Q LIRS,4,6 6 6 6,24,10000,7836,2164,0.7836,7992,2008,0.7992,156
configs/exp4/lru_2q_2q_lru.cfg,experiments/data/hot8_scan_c24_seed42.in,LRU 2Q 2Q LRU,4,6 6 6 6,24,10000,7749,2251,0.7749,7992,2008,0.7992,243
configs/exp4/lru_2q_arc.cfg,experiments/data/hot8_scan_c24_seed42.in,LRU 2Q ARC,3,8 8 8,24,10000,7949,2051,0.7949,7992,2008,0.7992,43
configs/exp4/lru_2q_arc_2q.cfg,experiments/data/hot8_scan_c24_seed42.in,LRU 2Q ARC 2Q,4,6 6 6 6,24,10000,7843,2157,0.7843,7992,2008,0.7992,149
configs/exp4/lru_2q_arc_arc.cfg,experiments/data/hot8_scan_c24_seed42.in,LRU 2Q ARC ARC,4,6 6 6 6,24,10000,7799,2201,0.7799,7992,2008,0.7992,193
configs/exp4/lru_2q_arc_lfu.cfg,experiments/data/hot8_scan_c24_seed42.in,LRU 2Q ARC LFU,4,6 6 6 6,24,10000,7827,2173,0.7827,7992,2008,0.7992,165
configs/exp4/lru_2q_arc_lirs.cfg,experiments/data/hot8_scan_c24_seed42.in,LRU 2Q ARC LIRS,4,6 6 6 6,24,10000,7821,2179,0.7821,7992,2008,0.7992,171
configs/exp4/lru_2q_arc_lru.cfg,experiments/data/hot8_scan_c24_seed42.in,LRU 2Q ARC LRU,4,6 6 6 6,24,10000,7756,2244,0.7756,7992,2008,0.7992,236
configs/exp4/lru_2q_lfu.cfg,experiments/data/hot8_scan_c24_seed42.in,LRU 2Q LFU,3,8 8 8,24,10000,7763,2237,0.7763,7992,2008,0.7992,229
configs/exp4/lru_2q_lfu_2q.cfg,experiments/data/hot8_scan_c24_seed42.in,LRU 2Q LFU 2Q,4,6 6 6 6,24,10000,7975,2025,0.7975,7992,2008,0.7992,17
configs/exp4/lru_2q_lfu_arc.cfg,experiments/data/hot8_scan_c24_seed42.in,LRU 2Q LFU ARC,4,6 6 6 6,24,10000,7972,2028,0.7972,7992,2008,0.7992,20
configs/exp4/lru_2q_lfu_lfu.cfg,experiments/data/hot8_scan_c24_seed42.in,LRU 2Q LFU LFU,4,6 6 6 6,24,10000,7804,2196,0.7804,7992,2008,0.7992,188
configs/exp4/lru_2q_lfu_lirs.cfg,experiments/data/hot8_scan_c24_seed42.in,LRU 2Q LFU LIRS,4,6 6 6 6,24,10000,7983,2017,0.7983,7992,2008,0.7992,9
configs/exp4/lru_2q_lfu_lru.cfg,experiments/data/hot8_scan_c24_seed42.in,LRU 2Q LFU LRU,4,6 6 6 6,24,10000,7685,2315,0.7685,7992,2008,0.7992,307
configs/exp4/lru_2q_lirs.cfg,experiments/data/hot8_scan_c24_seed42.in,LRU 2Q LIRS,3,8 8 8,24,10000,7946,2054,0.7946,7992,2008,0.7992,46
configs/exp4/lru_2q_lirs_2q.cfg,experiments/data/hot8_scan_c24_seed42.in,LRU 2Q LIRS 2Q,4,6 6 6 6,24,10000,7848,2152,0.7848,7992,2008,0.7992,144
configs/exp4/lru_2q_lirs_arc.cfg,experiments/data/hot8_scan_c24_seed42.in,LRU 2Q LIRS ARC,4,6 6 6 6,24,10000,7832,2168,0.7832,7992,2008,0.7992,160
configs/exp4/lru_2q_lirs_lfu.cfg,experiments/data/hot8_scan_c24_seed42.in,LRU 2Q LIRS LFU,4,6 6 6 6,24,10000,7848,2152,0.7848,7992,2008,0.7992,144
configs/exp4/lru_2q_lirs_lirs.cfg,experiments/data/hot8_scan_c24_seed42.in,LRU 2Q LIRS LIRS,4,6 6 6 6,24,10000,7803,2197,0.7803,7992,2008,0.7992,189
configs/exp4/lru_2q_lirs_lru.cfg,experiments/data/hot8_scan_c24_seed42.in,LRU 2Q LIRS LRU,4,6 6 6 6,24,10000,7807,2193,0.7807,7992,2008,0.7992,185
configs/exp4/lru_2q_lru.cfg,experiments/data/hot8_scan_c24_seed42.in,LRU 2Q LRU,3,8 8 8,24,10000,7608,2392,0.7608,7992,2008,0.7992,384
configs/exp4/lru_2q_lru_2q.cfg,experiments/data/hot8_scan_c24_seed42.in,LRU 2Q LRU 2Q,4,6 6 6 6,24,10000,7654,2346,0.7654,7992,2008,0.7992,338
configs/exp4/lru_2q_lru_arc.cfg,experiments/data/hot8_scan_c24_seed42.in,LRU 2Q LRU ARC,4,6 6 6 6,24,10000,7713,2287,0.7713,7992,2008,0.7992,279
configs/exp4/lru_2q_lru_lfu.cfg,experiments/data/hot8_scan_c24_seed42.in,LRU 2Q LRU LFU,4,6 6 6 6,24,10000,7349,2651,0.7349,7992,2008,0.7992,643
configs/exp4/lru_2q_lru_lirs.cfg,experiments/data/hot8_scan_c24_seed42.in,LRU 2Q LRU LIRS,4,6 6 6 6,24,10000,7776,2224,0.7776,7992,2008,0.7992,216
configs/exp4/lru_2q_lru_lru.cfg,experiments/data/hot8_scan_c24_seed42.in,LRU 2Q LRU LRU,4,6 6 6 6,24,10000,7186,2814,0.7186,7992,2008,0.7992,806
configs/exp4/lru_arc.cfg,experiments/data/hot8_scan_c24_seed42.in,LRU ARC,2,12 12,24,10000,7967,2033,0.7967,7992,2008,0.7992,25
configs/exp4/lru_arc_2q.cfg,experiments/data/hot8_scan_c24_seed42.in,LRU ARC 2Q,3,8 8 8,24,10000,7846,2154,0.7846,7992,2008,0.7992,146
configs/exp4/lru_arc_2q_2q.cfg,experiments/data/hot8_scan_c24_seed42.in,LRU ARC 2Q 2Q,4,6 6 6 6,24,10000,7677,2323,0.7677,7992,2008,0.7992,315
configs/exp4/lru_arc_2q_arc.cfg,experiments/data/hot8_scan_c24_seed42.in,LRU ARC 2Q ARC,4,6 6 6 6,24,10000,7812,2188,0.7812,7992,2008,0.7992,180
configs/exp4/lru_arc_2q_lfu.cfg,experiments/data/hot8_scan_c24_seed42.in,LRU ARC 2Q LFU,4,6 6 6 6,24,10000,7717,2283,0.7717,7992,2008,0.7992,275
configs/exp4/lru_arc_2q_lirs.cfg,experiments/data/hot8_scan_c24_seed42.in,LRU ARC 2Q LIRS,4,6 6 6 6,24,10000,7846,2154,0.7846,7992,2008,0.7992,146
configs/exp4/lru_arc_2q_lru.cfg,experiments/data/hot8_scan_c24_seed42.in,LRU ARC 2Q LRU,4,6 6 6 6,24,10000,7365,2635,0.7365,7992,2008,0.7992,627
configs/exp4/lru_arc_arc.cfg,experiments/data/hot8_scan_c24_seed42.in,LRU ARC ARC,3,8 8 8,24,10000,7830,2170,0.783,7992,2008,0.7992,162
configs/exp4/lru_arc_arc_2q.cfg,experiments/data/hot8_scan_c24_seed42.in,LRU ARC ARC 2Q,4,6 6 6 6,24,10000,7512,2488,0.7512,7992,2008,0.7992,480
configs/exp4/lru_arc_arc_arc.cfg,experiments/data/hot8_scan_c24_seed42.in,LRU ARC ARC ARC,4,6 6 6 6,24,10000,7367,2633,0.7367,7992,2008,0.7992,625
configs/exp4/lru_arc_arc_lfu.cfg,experiments/data/hot8_scan_c24_seed42.in,LRU ARC ARC LFU,4,6 6 6 6,24,10000,7387,2613,0.7387,7992,2008,0.7992,605
configs/exp4/lru_arc_arc_lirs.cfg,experiments/data/hot8_scan_c24_seed42.in,LRU ARC ARC LIRS,4,6 6 6 6,24,10000,7496,2504,0.7496,7992,2008,0.7992,496
configs/exp4/lru_arc_arc_lru.cfg,experiments/data/hot8_scan_c24_seed42.in,LRU ARC ARC LRU,4,6 6 6 6,24,10000,6988,3012,0.6988,7992,2008,0.7992,1004
configs/exp4/lru_arc_lfu.cfg,experiments/data/hot8_scan_c24_seed42.in,LRU ARC LFU,3,8 8 8,24,10000,7730,2270,0.773,7992,2008,0.7992,262
configs/exp4/lru_arc_lfu_2q.cfg,experiments/data/hot8_scan_c24_seed42.in,LRU ARC LFU 2Q,4,6 6 6 6,24,10000,7971,2029,0.7971,7992,2008,0.7992,21
configs/exp4/lru_arc_lfu_arc.cfg,experiments/data/hot8_scan_c24_seed42.in,LRU ARC LFU ARC,4,6 6 6 6,24,10000,7958,2042,0.7958,7992,2008,0.7992,34
configs/exp4/lru_arc_lfu_lfu.cfg,experiments/data/hot8_scan_c24_seed42.in,LRU ARC LFU LFU,4,6 6 6 6,24,10000,7956,2044,0.7956,7992,2008,0.7992,36
configs/exp4/lru_arc_lfu_lirs.cfg,experiments/data/hot8_scan_c24_seed42.in,LRU ARC LFU LIRS,4,6 6 6 6,24,10000,7985,2015,0.7985,7992,2008,0.7992,7
configs/exp4/lru_arc_lfu_lru.cfg,experiments/data/hot8_scan_c24_seed42.in,LRU ARC LFU LRU,4,6 6 6 6,24,10000,7415,2585,0.7415,7992,2008,0.7992,577
configs/exp4/lru_arc_lirs.cfg,experiments/data/hot8_scan_c24_seed42.in,LRU ARC LIRS,3,8 8 8,24,10000,7912,2088,0.7912,7992,2008,0.7992,80
configs/exp4/lru_arc_lirs_2q.cfg,experiments/data/hot8_scan_c24_seed42.in,LRU ARC LIRS 2Q,4,6 6 6 6,24,10000,7587,2413,0.7587,7992,2008,0.7992,405
configs/exp4/lru_arc_lirs_arc.cfg,experiments/data/hot8_scan_c24_seed42.in,LRU ARC LIRS ARC,4,6 6 6 6,24,10000,7558,2442,0.7558,7992,2008,0.7992,434
configs/exp4/lru_arc_lirs_lfu.cfg,experiments/data/hot8_scan_c24_seed42.in,LRU ARC LIRS LFU,4,6 6 6 6,24,10000,7518,2482,0.7518,7992,2008,0.7992,474
configs/exp4/lru_arc_lirs_lirs.cfg,experiments/data/hot8_scan_c24_seed42.in,LRU ARC LIRS LIRS,4,6 6 6 6,24,10000,7568,2432,0.7568,7992,2008,0.7992,424
configs/exp4/lru_arc_lirs_lru.cfg,experiments/data/hot8_scan_c24_seed42.in,LRU ARC LIRS LRU,4,6 6 6 6,24,10000,7228,2772,0.7228,7992,2008,0.7992,764
configs/exp4/lru_arc_lru.cfg,experiments/data/hot8_scan_c24_seed42.in,LRU ARC LRU,3,8 8 8,24,10000,7468,2532,0.7468,7992,2008,0.7992,524
configs/exp4/lru_arc_lru_2q.cfg,experiments/data/hot8_scan_c24_seed42.in,LRU ARC LRU 2Q,4,6 6 6 6,24,10000,7305,2695,0.7305,7992,2008,0.7992,687
configs/exp4/lru_arc_lru_arc.cfg,experiments/data/hot8_scan_c24_seed42.in,LRU ARC LRU ARC,4,6 6 6 6,24,10000,7060,2940,0.706,7992,2008,0.7992,932
configs/exp4/lru_arc_lru_lfu.cfg,experiments/data/hot8_scan_c24_seed42.in,LRU ARC LRU LFU,4,6 6 6 6,24,10000,6657,3343,0.6657,7992,2008,0.7992,1335
configs/exp4/lru_arc_lru_lirs.cfg,experiments/data/hot8_scan_c24_seed42.in,LRU ARC LRU LIRS,4,6 6 6 6,24,10000,7201,2799,0.7201,7992,2008,0.7992,791
configs/exp4/lru_arc_lru_lru.cfg,experiments/data/hot8_scan_c24_seed42.in,LRU ARC LRU LRU,4,6 6 6 6,24,10000,6207,3793,0.6207,7992,2008,0.7992,1785
configs/exp4/lru_lfu.cfg,experiments/data/hot8_scan_c24_seed42.in,LRU LFU,2,12 12,24,10000,7865,2135,0.7865,7992,2008,0.7992,127
configs/exp4/lru_lfu_2q.cfg,experiments/data/hot8_scan_c24_seed42.in,LRU LFU 2Q,3,8 8 8,24,10000,7979,2021,0.7979,7992,2008,0.7992,13
configs/exp4/lru_lfu_2q_2q.cfg,experiments/data/hot8_scan_c24_seed42.in,LRU LFU 2Q 2Q,4,6 6 6 6,24,10000,7978,2022,0.7978,7992,2008,0.7992,14
configs/exp4/lru_lfu_2q_arc.cfg,experiments/data/hot8_scan_c24_seed42.in,LRU LFU 2Q ARC,4,6 6 6 6,24,10000,7980,2020,0.798,7992,2008,0.7992,12
configs/exp4/lru_lfu_2q_lfu.cfg,experiments/data/hot8_scan_c24_seed42.in,LRU LFU 2Q LFU,4,6 6 6 6,24,10000,7981,2019,0.7981,7992,2008,0.7992,11
configs/exp4/lru_lfu_2q_lirs.cfg,experiments/data/hot8_scan_c24_seed42.in,LRU LFU 2Q LIRS,4,6 6 6 6,24,10000,7987,2013,0.7987,7992,2008,0.7992,5
configs/exp4/lru_lfu_2q_lru.cfg,experiments/data/hot8_scan_c24_seed42.in,LRU LFU 2Q LRU,4,6 6 6 6,24,10000,7983,2017,0.7983,7992,2008,0.7992,9
configs/exp4/lru_lfu_arc.cfg,experiments/data/hot8_scan_c24_seed42.in,LRU LFU ARC,3,8 8 8,24,10000,7980,2020,0.798,7992,2008,0.7992,12
configs/exp4/lru_lfu_arc_2q.cfg,experiments/data/hot8_scan_c24_seed42.in,LRU LFU ARC 2Q,4,6 6 6 6,24,10000,7979,2021,0.7979,7992,2008,0.7992,13
configs/exp4/lru_lfu_arc_arc.cfg,experiments/data/hot8_scan_c24_seed42.in,LRU LFU ARC ARC,4,6 6 6 6,24,10000,7970,2030,0.797,7992,2008,0.7992,22
configs/exp4/lru_lfu_arc_lfu.cfg,experiments/data/hot8_scan_c24_seed42.in,LRU LFU ARC LFU,4,6 6 6 6,24,10000,7970,2030,0.797,7992,2008,0.7992,22
configs/exp4/lru_lfu_arc_lirs.cfg,experiments/data/hot8_scan_c24_seed42.in,LRU LFU ARC LIRS,4,6 6 6 6,24,10000,7987,2013,0.7987,7992,2008,0.7992,5
configs/exp4/lru_lfu_arc_lru.cfg,experiments/data/hot8_scan_c24_seed42.in,LRU LFU ARC LRU,4,6 6 6 6,24,10000,7967,2033,0.7967,7992,2008,0.7992,25
configs/exp4/lru_lfu_lfu.cfg,experiments/data/hot8_scan_c24_seed42.in,LRU LFU LFU,3,8 8 8,24,10000,7980,2020,0.798,7992,2008,0.7992,12
configs/exp4/lru_lfu_lfu_2q.cfg,experiments/data/hot8_scan_c24_seed42.in,LRU LFU LFU 2Q,4,6 6 6 6,24,10000,7982,2018,0.7982,7992,2008,0.7992,10
configs/exp4/lru_lfu_lfu_arc.cfg,experiments/data/hot8_scan_c24_seed42.in,LRU LFU LFU ARC,4,6 6 6 6,24,10000,7976,2024,0.7976,7992,2008,0.7992,16
configs/exp4/lru_lfu_lfu_lfu.cfg,experiments/data/hot8_scan_c24_seed42.in,LRU LFU LFU LFU,4,6 6 6 6,24,10000,7976,2024,0.7976,7992,2008,0.7992,16
configs/exp4/lru_lfu_lfu_lirs.cfg,experiments/data/hot8_scan_c24_seed42.in,LRU LFU LFU LIRS,4,6 6 6 6,24,10000,7989,2011,0.7989,7992,2008,0.7992,3
configs/exp4/lru_lfu_lfu_lru.cfg,experiments/data/hot8_scan_c24_seed42.in,LRU LFU LFU LRU,4,6 6 6 6,24,10000,7952,2048,0.7952,7992,2008,0.7992,40
configs/exp4/lru_lfu_lirs.cfg,experiments/data/hot8_scan_c24_seed42.in,LRU LFU LIRS,3,8 8 8,24,10000,7990,2010,0.799,7992,2008,0.7992,2
configs/exp4/lru_lfu_lirs_2q.cfg,experiments/data/hot8_scan_c24_seed42.in,LRU LFU LIRS 2Q,4,6 6 6 6,24,10000,7989,2011,0.7989,7992,2008,0.7992,3
configs/exp4/lru_lfu_lirs_arc.cfg,experiments/data/hot8_scan_c24_seed42.in,LRU LFU LIRS ARC,4,6 6 6 6,24,10000,7989,2011,0.7989,7992,2008,0.7992,3
configs/exp4/lru_lfu_lirs_lfu.cfg,experiments/data/hot8_scan_c24_seed42.in,LRU LFU LIRS LFU,4,6 6 6 6,24,10000,7989,2011,0.7989,7992,2008,0.7992,3
configs/exp4/lru_lfu_lirs_lirs.cfg,experiments/data/hot8_scan_c24_seed42.in,LRU LFU LIRS LIRS,4,6 6 6 6,24,10000,7989,2011,0.7989,7992,2008,0.7992,3
configs/exp4/lru_lfu_lirs_lru.cfg,experiments/data/hot8_scan_c24_seed42.in,LRU LFU LIRS LRU,4,6 6 6 6,24,10000,7989,2011,0.7989,7992,2008,0.7992,3
configs/exp4/lru_lfu_lru.cfg,experiments/data/hot8_scan_c24_seed42.in,LRU LFU LRU,3,8 8 8,24,10000,7711,2289,0.7711,7992,2008,0.7992,281
configs/exp4/lru_lfu_lru_2q.cfg,experiments/data/hot8_scan_c24_seed42.in,LRU LFU LRU 2Q,4,6 6 6 6,24,10000,7979,2021,0.7979,7992,2008,0.7992,13
configs/exp4/lru_lfu_lru_arc.cfg,experiments/data/hot8_scan_c24_seed42.in,LRU LFU LRU ARC,4,6 6 6 6,24,10000,7954,2046,0.7954,7992,2008,0.7992,38
configs/exp4/lru_lfu_lru_lfu.cfg,experiments/data/hot8_scan_c24_seed42.in,LRU LFU LRU LFU,4,6 6 6 6,24,10000,7462,2538,0.7462,7992,2008,0.7992,530
configs/exp4/lru_lfu_lru_lirs.cfg,experiments/data/hot8_scan_c24_seed42.in,LRU LFU LRU LIRS,4,6 6 6 6,24,10000,7986,2014,0.7986,7992,2008,0.7992,6
configs/exp4/lru_lfu_lru_lru.cfg,experiments/data/hot8_scan_c24_seed42.in,LRU LFU LRU LRU,4,6 6 6 6,24,10000,7208,2792,0.7208,7992,2008,0.7992,784
configs/exp4/lru_lirs.cfg,experiments/data/hot8_scan_c24_seed42.in,LRU LIRS,2,12 12,24,10000,7989,2011,0.7989,7992,2008,0.7992,3
configs/exp4/lru_lirs_2q.cfg,experiments/data/hot8_scan_c24_seed42.in,LRU LIRS 2Q,3,8 8 8,24,10000,7913,2087,0.7913,7992,2008,0.7992,79
configs/exp4/lru_lirs_2q_2q.cfg,experiments/data/hot8_scan_c24_seed42.in,LRU LIRS 2Q 2Q,4,6 6 6 6,24,10000,7713,2287,0.7713,7992,2008,0.7992,279
configs/exp4/lru_lirs_2q_arc.cfg,experiments/data/hot8_scan_c24_seed42.in,LRU LIRS 2Q ARC,4,6 6 6 6,24,10000,7789,2211,0.7789,7992,2008,0.7992,203
configs/exp4/lru_lirs_2q_lfu.cfg,experiments/data/hot8_scan_c24_seed42.in,LRU LIRS 2Q LFU,4,6 6 6 6,24,10000,7717,2283,0.7717,7992,2008,0.7992,275
configs/exp4/lru_lirs_2q_lirs.cfg,experiments/data/hot8_scan_c24_seed42.in,LRU LIRS 2Q LIRS,4,6 6 6 6,24,10000,7818,2182,0.7818,7992,2008,0.7992,174
configs/exp4/lru_lirs_2q_lru.cfg,experiments/data/hot8_scan_c24_seed42.in,LRU LIRS 2Q LRU,4,6 6 6 6,24,10000,7566,2434,0.7566,7992,2008,0.7992,426
configs/exp4/lru_lirs_arc.cfg,experiments/data/hot8_scan_c24_seed42.in,LRU LIRS ARC,3,8 8 8,24,10000,7953,2047,0.7953,7992,2008,0.7992,39
configs/exp4/lru_lirs_arc_2q.cfg,experiments/data/hot8_scan_c24_seed42.in,LRU LIRS ARC 2Q,4,6 6 6 6,24,10000,7675,2325,0.7675,7992,2008,0.7992,317
configs/exp4/lru_lirs_arc_arc.cfg,experiments/data/hot8_scan_c24_seed42.in,LRU LIRS ARC ARC,4,6 6 6 6,24,10000,7573,2427,0.7573,7992,2008,0.7992,419
configs/exp4/lru_lirs_arc_lfu.cfg,experiments/data/hot8_scan_c24_seed42.in,LRU LIRS ARC LFU,4,6 6 6 6,24,10000,7645,2355,0.7645,7992,2008,0.7992,347
configs/exp4/lru_lirs_arc_lirs.cfg,experiments/data/hot8_scan_c24_seed42.in,LRU LIRS ARC LIRS,4,6 6 6 6,24,10000,7649,2351,0.7649,7992,2008,0.7992,343
configs/exp4/lru_lirs_arc_lru.cfg,experiments/data/hot8_scan_c24_seed42.in,LRU LIRS ARC LRU,4,6 6 6 6,24,10000,7437,2563,0.7437,7992,2008,0.7992,555
configs/exp4/lru_lirs_lfu.cfg,experiments/data/hot8_scan_c24_seed42.in,LRU LIRS LFU,3,8 8 8,24,10000,7885,2115,0.7885,7992,2008,0.7992,107
configs/exp4/lru_lirs_lfu_2q.cfg,experiments/data/hot8_scan_c24_seed42.in,LRU LIRS LFU 2Q,4,6 6 6 6,24,10000,7979,2021,0.7979,7992,2008,0.7992,13
configs/exp4/lru_lirs_lfu_arc.cfg,experiments/data/hot8_scan_c24_seed42.in,LRU LIRS LFU ARC,4,6 6 6 6,24,10000,7978,2022,0.7978,7992,2008,0.7992,14
configs/exp4/lru_lirs_lfu_lfu.cfg,experiments/data/hot8_scan_c24_seed42.in,LRU LIRS LFU LFU,4,6 6 6 6,24,10000,7789,2211,0.7789,7992,2008,0.7992,203
configs/exp4/lru_lirs_lfu_lirs.cfg,experiments/data/hot8_scan_c24_seed42.in,LRU LIRS LFU LIRS,4,6 6 6 6,24,10000,7985,2015,0.7985,7992,2008,0.7992,7
configs/exp4/lru_lirs_lfu_lru.cfg,experiments/data/hot8_scan_c24_seed42.in,LRU LIRS LFU LRU,4,6 6 6 6,24,10000,7523,2477,0.7523,7992,2008,0.7992,469
configs/exp4/lru_lirs_lirs.cfg,experiments/data/hot8_scan_c24_seed42.in,LRU LIRS LIRS,3,8 8 8,24,10000,7942,2058,0.7942,7992,2008,0.7992,50
configs/exp4/lru_lirs_lirs_2q.cfg,experiments/data/hot8_scan_c24_seed42.in,LRU LIRS LIRS 2Q,4,6 6 6 6,24,10000,7714,2286,0.7714,7992,2008,0.7992,278
configs/exp4/lru_lirs_lirs_arc.cfg,experiments/data/hot8_scan_c24_seed42.in,LRU LIRS LIRS ARC,4,6 6 6 6,24,10000,7666,2334,0.7666,7992,2008,0.7992,326
configs/exp4/lru_lirs_lirs_lfu.cfg,experiments/data/hot8_scan_c24_seed42.in,LRU LIRS LIRS LFU,4,6 6 6 6,24,10000,7672,2328,0.7672,7992,2008,0.7992,320
configs/exp4/lru_lirs_lirs_lirs.cfg,experiments/data/hot8_scan_c24_seed42.in,LRU LIRS LIRS LIRS,4,6 6 6 6,24,10000,7593,2407,0.7593,7992,2008,0.7992,399
configs/exp4/lru_lirs_lirs_lru.cfg,experiments/data/hot8_scan_c24_seed42.in,LRU LIRS LIRS LRU,4,6 6 6 6,24,10000,7539,2461,0.7539,7992,2008,0.7992,453
configs/exp4/lru_lirs_lru.cfg,experiments/data/hot8_scan_c24_seed42.in,LRU LIRS LRU,3,8 8 8,24,10000,7773,2227,0.7773,7992,2008,0.7992,219
configs/exp4/lru_lirs_lru_2q.cfg,experiments/data/hot8_scan_c24_seed42.in,LRU LIRS LRU 2Q,4,6 6 6 6,24,10000,7539,2461,0.7539,7992,2008,0.7992,453
configs/exp4/lru_lirs_lru_arc.cfg,experiments/data/hot8_scan_c24_seed42.in,LRU LIRS LRU ARC,4,6 6 6 6,24,10000,7521,2479,0.7521,7992,2008,0.7992,471
configs/exp4/lru_lirs_lru_lfu.cfg,experiments/data/hot8_scan_c24_seed42.in,LRU LIRS LRU LFU,4,6 6 6 6,24,10000,7250,2750,0.725,7992,2008,0.7992,742
configs/exp4/lru_lirs_lru_lirs.cfg,experiments/data/hot8_scan_c24_seed42.in,LRU LIRS LRU LIRS,4,6 6 6 6,24,10000,7550,2450,0.755,7992,2008,0.7992,442
configs/exp4/lru_lirs_lru_lru.cfg,experiments/data/hot8_scan_c24_seed42.in,LRU LIRS LRU LRU,4,6 6 6 6,24,10000,6908,3092,0.6908,7992,2008,0.7992,1084
configs/exp4/lru_lru_2q.cfg,experiments/data/hot8_scan_c24_seed42.in,LRU LRU 2Q,3,8 8 8,24,10000,7446,2554,0.7446,7992,2008,0.7992,546
configs/exp4/lru_lru_2q_2q.cfg,experiments/data/hot8_scan_c24_seed42.in,LRU LRU 2Q 2Q,4,6 6 6 6,24,10000,7650,2350,0.765,7992,2008,0.7992,342
configs/exp4/lru_lru_2q_arc.cfg,experiments/data/hot8_scan_c24_seed42.in,LRU LRU 2Q ARC,4,6 6 6 6,24,10000,7794,2206,0.7794,7992,2008,0.7992,198
configs/exp4/lru_lru_2q_lfu.cfg,experiments/data/hot8_scan_c24_seed42.in,LRU LRU 2Q LFU,4,6 6 6 6,24,10000,7519,2481,0.7519,7992,2008,0.7992,473
configs/exp4/lru_lru_2q_lirs.cfg,experiments/data/hot8_scan_c24_seed42.in,LRU LRU 2Q LIRS,4,6 6 6 6,24,10000,7835,2165,0.7835,7992,2008,0.7992,157
configs/exp4/lru_lru_2q_lru.cfg,experiments/data/hot8_scan_c24_seed42.in,LRU LRU 2Q LRU,4,6 6 6 6,24,10000,7170,2830,0.717,7992,2008,0.7992,822
configs/exp4/lru_lru_arc.cfg,experiments/data/hot8_scan_c24_seed42.in,LRU LRU ARC,3,8 8 8,24,10000,7466,2534,0.7466,7992,2008,0.7992,526
configs/exp4/lru_lru_arc_2q.cfg,experiments/data/hot8_scan_c24_seed42.in,LRU LRU ARC 2Q,4,6 6 6 6,24,10000,7223,2777,0.7223,7992,2008,0.7992,769
configs/exp4/lru_lru_arc_arc.cfg,experiments/data/hot8_scan_c24_seed42.in,LRU LRU ARC ARC,4,6 6 6 6,24,10000,6924,3076,0.6924,7992,2008,0.7992,1068
configs/exp4/lru_lru_arc_lfu.cfg,experiments/data/hot8_scan_c24_seed42.in,LRU LRU ARC LFU,4,6 6 6 6,24,10000,6979,3021,0.6979,7992,2008,0.7992,1013
configs/exp4/lru_lru_arc_lirs.cfg,experiments/data/hot8_scan_c24_seed42.in,LRU LRU ARC LIRS,4,6 6 6 6,24,10000,7125,2875,0.7125,7992,2008,0.7992,867
configs/exp4/lru_lru_arc_lru.cfg,experiments/data/hot8_scan_c24_seed42.in,LRU LRU ARC LRU,4,6 6 6 6,24,10000,6259,3741,0.6259,7992,2008,0.7992,1733
configs/exp4/lru_lru_lfu.cfg,experiments/data/hot8_scan_c24_seed42.in,LRU LRU LFU,3,8 8 8,24,10000,6926,3074,0.6926,7992,2008,0.7992,1066
configs/exp4/lru_lru_lfu_2q.cfg,experiments/data/hot8_scan_c24_seed42.in,LRU LRU LFU 2Q,4,6 6 6 6,24,10000,7949,2051,0.7949,7992,2008,0.7992,43
configs/exp4/lru_lru_lfu_arc.cfg,experiments/data/hot8_scan_c24_seed42.in,LRU LRU LFU ARC,4,6 6 6 6,24,10000,7897,2103,0.7897,7992,2008,0.7992,95
configs/exp4/lru_lru_lfu_lfu.cfg,experiments/data/hot8_scan_c24_seed42.in,LRU LRU LFU LFU,4,6 6 6 6,24,10000,7495,2505,0.7495,7992,2008,0.7992,497
configs/exp4/lru_lru_lfu_lirs.cfg,experiments/data/hot8_scan_c24_seed42.in,LRU LRU LFU LIRS,4,6 6 6 6,24,10000,7953,2047,0.7953,7992,2008,0.7992,39
configs/exp4/lru_lru_lfu_lru.cfg,experiments/data/hot8_scan_c24_seed42.in,LRU LRU LFU LRU,4,6 6 6 6,24,10000,6737,3263,0.6737,7992,2008,0.7992,1255
configs/exp4/lru_lru_lirs.cfg,experiments/data/hot8_scan_c24_seed42.in,LRU LRU LIRS,3,8 8 8,24,10000,7694,2306,0.7694,7992,2008,0.7992,298
configs/exp4/lru_lru_lirs_2q.cfg,experiments/data/hot8_scan_c24_seed42.in,LRU LRU LIRS 2Q,4,6 6 6 6,24,10000,7413,2587,0.7413,7992,2008,0.7992,579
configs/exp4/lru_lru_lirs_arc.cfg,experiments/data/hot8_scan_c24_seed42.in,LRU LRU LIRS ARC,4,6 6 6 6,24,10000,7423,2577,0.7423,7992,2008,0.7992,569
configs/exp4/lru_lru_lirs_lfu.cfg,experiments/data/hot8_scan_c24_seed42.in,LRU LRU LIRS LFU,4,6 6 6 6,24,10000,7296,2704,0.7296,7992,2008,0.7992,696
configs/exp4/lru_lru_lirs_lirs.cfg,experiments/data/hot8_scan_c24_seed42.in,LRU LRU LIRS LIRS,4,6 6 6 6,24,10000,7467,2533,0.7467,7992,2008,0.7992,525
configs/exp4/lru_lru_lirs_lru.cfg,experiments/data/hot8_scan_c24_seed42.in,LRU LRU LIRS LRU,4,6 6 6 6,24,10000,6920,3080,0.692,7992,2008,0.7992,1072
configs/exp4/lru_lru_lru_2q.cfg,experiments/data/hot8_scan_c24_seed42.in,LRU LRU LRU 2Q,4,6 6 6 6,24,10000,6753,3247,0.6753,7992,2008,0.7992,1239
configs/exp4/lru_lru_lru_arc.cfg,experiments/data/hot8_scan_c24_seed42.in,LRU LRU LRU ARC,4,6 6 6 6,24,10000,6074,3926,0.6074,7992,2008,0.7992,1918
configs/exp4/lru_lru_lru_lfu.cfg,experiments/data/hot8_scan_c24_seed42.in,LRU LRU LRU LFU,4,6 6 6 6,24,10000,5757,4243,0.5757,7992,2008,0.7992,2235
configs/exp4/lru_lru_lru_lirs.cfg,experiments/data/hot8_scan_c24_seed42.in,LRU LRU LRU LIRS,4,6 6 6 6,24,10000,6632,3368,0.6632,7992,2008,0.7992,1360
configs/exp4/2q_2q_2q_arc.cfg,experiments/data/hot8_scan_c48_seed42.in,2Q 2Q 2Q ARC,4,12 12 12 12,48,10000,7992,2008,0.7992,7992,2008,0.7992,0
configs/exp4/2q_2q_2q_lfu.cfg,experiments/data/hot8_scan_c48_seed42.in,2Q 2Q 2Q LFU,4,12 12 12 12,48,10000,7992,2008,0.7992,7992,2008,0.7992,0
configs/exp4/2q_2q_2q_lirs.cfg,experiments/data/hot8_scan_c48_seed42.in,2Q 2Q 2Q LIRS,4,12 12 12 12,48,10000,7992,2008,0.7992,7992,2008,0.7992,0
configs/exp4/2q_2q_2q_lru.cfg,experiments/data/hot8_scan_c48_seed42.in,2Q 2Q 2Q LRU,4,12 12 12 12,48,10000,7992,2008,0.7992,7992,2008,0.7992,0
configs/exp4/2q_2q_arc.cfg,experiments/data/hot8_scan_c48_seed42.in,2Q 2Q ARC,3,16 16 16,48,10000,7992,2008,0.7992,7992,2008,0.7992,0
configs/exp4/2q_2q_arc_2q.cfg,experiments/data/hot8_scan_c48_seed42.in,2Q 2Q ARC 2Q,4,12 12 12 12,48,10000,7992,2008,0.7992,7992,2008,0.7992,0
configs/exp4/2q_2q_arc_arc.cfg,experiments/data/hot8_scan_c48_seed42.in,2Q 2Q ARC ARC,4,12 12 12 12,48,10000,7992,2008,0.7992,7992,2008,0.7992,0
configs/exp4/2q_2q_arc_lfu.cfg,experiments/data/hot8_scan_c48_seed42.in,2Q 2Q ARC LFU,4,12 12 12 12,48,10000,7992,2008,0.7992,7992,2008,0.7992,0
configs/exp4/2q_2q_arc_lirs.cfg,experiments/data/hot8_scan_c48_seed42.in,2Q 2Q ARC LIRS,4,12 12 12 12,48,10000,7992,2008,0.7992,7992,2008,0.7992,0
configs/exp4/2q_2q_arc_lru.cfg,experiments/data/hot8_scan_c48_seed42.in,2Q 2Q ARC LRU,4,12 12 12 12,48,10000,7992,2008,0.7992,7992,2008,0.7992,0
configs/exp4/2q_2q_lfu.cfg,experiments/data/hot8_scan_c48_seed42.in,2Q 2Q LFU,3,16 16 16,48,10000,7992,2008,0.7992,7992,2008,0.7992,0
configs/exp4/2q_2q_lfu_2q.cfg,experiments/data/hot8_scan_c48_seed42.in,2Q 2Q LFU 2Q,4,12 12 12 12,48,10000,7992,2008,0.7992,7992,2008,0.7992,0
configs/exp4/2q_2q_lfu_arc.cfg,experiments/data/hot8_scan_c48_seed42.in,2Q 2Q LFU ARC,4,12 12 12 12,48,10000,7992,2008,0.7992,7992,2008,0.7992,0
configs/exp4/2q_2q_lfu_lfu.cfg,experiments/data/hot8_scan_c48_seed42.in,2Q 2Q LFU LFU,4,12 12 12 12,48,10000,7992,2008,0.7992,7992,2008,0.7992,0
configs/exp4/2q_2q_lfu_lirs.cfg,experiments/data/hot8_scan_c48_seed42.in,2Q 2Q LFU LIRS,4,12 12 12 12,48,10000,7992,2008,0.7992,7992,2008,0.7992,0
configs/exp4/2q_2q_lfu_lru.cfg,experiments/data/hot8_scan_c48_seed42.in,2Q 2Q LFU LRU,4,12 12 12 12,48,10000,7992,2008,0.7992,7992,2008,0.7992,0
configs/exp4/2q_2q_lirs.cfg,experiments/data/hot8_scan_c48_seed42.in,2Q 2Q LIRS,3,16 16 16,48,10000,7992,2008,0.7992,7992,2008,0.7992,0
configs/exp4/2q_2q_lirs_2q.cfg,experiments/data/hot8_scan_c48_seed42.in,2Q 2Q LIRS 2Q,4,12 12 12 12,48,10000,7992,2008,0.7992,7992,2008,0.7992,0
configs/exp4/2q_2q_lirs_arc.cfg,experiments/data/hot8_scan_c48_seed42.in,2Q 2Q LIRS ARC,4,12 12 12 12,48,10000,7992,2008,0.7992,7992,2008,0.7992,0
configs/exp4/2q_2q_lirs_lfu.cfg,experiments/data/hot8_scan_c48_seed42.in,2Q 2Q LIRS LFU,4,12 12 12 12,48,10000,7992,2008,0.7992,7992,2008,0.7992,0
configs/exp4/2q_2q_lirs_lirs.cfg,experiments/data/hot8_scan_c48_seed42.in,2Q 2Q LIRS LIRS,4,12 12 12 12,48,10000,7992,2008,0.7992,7992,2008,0.7992,0
configs/exp4/2q_2q_lirs_lru.cfg,experiments/data/hot8_scan_c48_seed42.in,2Q 2Q LIRS LRU,4,12 12 12 12,48,10000,7992,2008,0.7992,7992,2008,0.7992,0
configs/exp4/2q_2q_lru.cfg,experiments/data/hot8_scan_c48_seed42.in,2Q 2Q LRU,3,16 16 16,48,10000,7992,2008,0.7992,7992,2008,0.7992,0
configs/exp4/2q_2q_lru_2q.cfg,experiments/data/hot8_scan_c48_seed42.in,2Q 2Q LRU 2Q,4,12 12 12 12,48,10000,7992,2008,0.7992,7992,2008,0.7992,0
configs/exp4/2q_2q_lru_arc.cfg,experiments/data/hot8_scan_c48_seed42.in,2Q 2Q LRU ARC,4,12 12 12 12,48,10000,7992,2008,0.7992,7992,2008,0.7992,0
configs/exp4/2q_2q_lru_lfu.cfg,experiments/data/hot8_scan_c48_seed42.in,2Q 2Q LRU LFU,4,12 12 12 12,48,10000,7992,2008,0.7992,7992,2008,0.7992,0
configs/exp4/2q_2q_lru_lirs.cfg,experiments/data/hot8_scan_c48_seed42.in,2Q 2Q LRU LIRS,4,12 12 12 12,48,10000,7992,2008,0.7992,7992,2008,0.7992,0
configs/exp4/2q_2q_lru_lru.cfg,experiments/data/hot8_scan_c48_seed42.in,2Q 2Q LRU LRU,4,12 12 12 12,48,10000,7992,2008,0.7992,7992,2008,0.7992,0
configs/exp4/2q_arc.cfg,experiments/data/hot8_scan_c48_seed42.in,2Q ARC,2,24 24,48,10000,7992,2008,0.7992,7992,2008,0.7992,0
configs/exp4/2q_arc_2q.cfg,experiments/data/hot8_scan_c48_seed42.in,2Q ARC 2Q,3,16 16 16,48,10000,7992,2008,0.7992,7992,2008,0.7992,0
configs/exp4/2q_arc_2q_2q.cfg,experiments/data/hot8_scan_c48_seed42.in,2Q ARC 2Q 2Q,4,12 12 12 12,48,10000,7992,2008,0.7992,7992,2008,0.7992,0
configs/exp4/2q_arc_2q_arc.cfg,experiments/data/hot8_scan_c48_seed42.in,2Q ARC 2Q ARC,4,12 12 12 12,48,10000,7992,2008,0.7992,7992,2008,0.7992,0
configs/exp4/2q_arc_2q_lfu.cfg,experiments/data/hot8_scan_c48_seed42.in,2Q ARC 2Q LFU,4,12 12 12 12,48,10000,7992,2008,0.7992,7992,2008,0.7992,0
configs/exp4/2q_arc_2q_lirs.cfg,experiments/data/hot8_scan_c48_seed42.in,2Q ARC 2Q LIRS,4,12 12 12 12,48,10000,7992,2008,0.7992,7992,2008,0.7992,0
configs/exp4/2q_arc_2q_lru.cfg,experiments/data/hot8_scan_c48_seed42.in,2Q ARC 2Q LRU,4,12 12 12 12,48,10000,7992,2008,0.7992,7992,2008,0.7992,0
configs/exp4/2q_arc_arc.cfg,experiments/data/hot8_scan_c48_seed42.in,2Q ARC ARC,3,16 16 16,48,10000,7992,2008,0.7992,7992,2008,0.7992,0
configs/exp4/2q_arc_arc_2q.cfg,experiments/data/hot8_scan_c48_seed42.in,2Q ARC ARC 2Q,4,12 12 12 12,48,10000,7992,2008,0.7992,7992,2008,0.7992,0
configs/exp4/2q_arc_arc_arc.cfg,experiments/data/hot8_scan_c48_seed42.in,2Q ARC ARC ARC,4,12 12 12 12,48,10000,7992,2008,0.7992,7992,2008,0.7992,0
configs/exp4/2q_arc_arc_lfu.cfg,experiments/data/hot8_scan_c48_seed42.in,2Q ARC ARC LFU,4,12 12 12 12,48,10000,7992,2008,0.7992,7992,2008,0.7992,0
configs/exp4/2q_arc_arc_lirs.cfg,experiments/data/hot8_scan_c48_seed42.in,2Q ARC ARC LIRS,4,12 12 12 12,48,10000,7992,2008,0.7992,7992,2008,0.7992,0
configs/exp4/2q_arc_arc_lru.cfg,experiments/data/hot8_scan_c48_seed42.in,2Q ARC ARC LRU,4,12 12 12 12,48,10000,7992,2008,0.7992,7992,2008,0.7992,0
configs/exp4/2q_arc_lfu.cfg,experiments/data/hot8_scan_c48_seed42.in,2Q ARC LFU,3,16 16 16,48,10000,7992,2008,0.7992,7992,2008,0.7992,0
configs/exp4/2q_arc_lfu_2q.cfg,experiments/data/hot8_scan_c48_seed42.in,2Q ARC LFU 2Q,4,12 12 12 12,48,10000,7992,2008,0.7992,7992,2008,0.7992,0
configs/exp4/2q_arc_lfu_arc.cfg,experiments/data/hot8_scan_c48_seed42.in,2Q ARC LFU ARC,4,12 12 12 12,48,10000,7992,2008,0.7992,7992,2008,0.7992,0
configs/exp4/2q_arc_lfu_lfu.cfg,experiments/data/hot8_scan_c48_seed42.in,2Q ARC LFU LFU,4,12 12 12 12,48,10000,7992,2008,0.7992,7992,2008,0.7992,0
configs/exp4/2q_arc_lfu_lirs.cfg,experiments/data/hot8_scan_c48_seed42.in,2Q ARC LFU LIRS,4,12 12 12 12,48,10000,7992,2008,0.7992,7992,2008,0.7992,0
configs/exp4/2q_arc_lfu_lru.cfg,experiments/data/hot8_scan_c48_seed42.in,2Q ARC LFU LRU,4,12 12 12 12,48,10000,7992,2008,0.7992,7992,2008,0.7992,0
configs/exp4/2q_arc_lirs.cfg,experiments/data/hot8_scan_c48_seed42.in,2Q ARC LIRS,3,16 16 16,48,10000,7992,2008,0.7992,7992,2008,0.7992,0
configs/exp4/2q_arc_lirs_2q.cfg,experiments/data/hot8_scan_c48_seed42.in,2Q ARC LIRS 2Q,4,12 12 12 12,48,10000,7992,2008,0.7992,7992,2008,0.7992,0
configs/exp4/2q_arc_lirs_arc.cfg,experiments/data/hot8_scan_c48_seed42.in,2Q ARC LIRS ARC,4,12 12 12 12,48,10000,7992,2008,0.7992,7992,2008,0.7992,0
configs/exp4/2q_arc_lirs_lfu.cfg,experiments/data/hot8_scan_c48_seed42.in,2Q ARC LIRS LFU,4,12 12 12 12,48,10000,7992,2008,0.7992,7992,2008,0.7992,0
configs/exp4/2q_arc_lirs_lirs.cfg,experiments/data/hot8_scan_c48_seed42.in,2Q ARC LIRS LIRS,4,12 12 12 12,48,10000,7992,2008,0.7992,7992,2008,0.7992,0
configs/exp4/2q_arc_lirs_lru.cfg,experiments/data/hot8_scan_c48_seed42.in,2Q ARC LIRS LRU,4,12 12 12 12,48,10000,7992,2008,0.7992,7992,2008,0.7992,0
configs/exp4/2q_arc_lru.cfg,experiments/data/hot8_scan_c48_seed42.in,2Q ARC LRU,3,16 16 16,48,10000,7992,2008,0.7992,7992,2008,0.7992,0
configs/exp4/2q_arc_lru_2q.cfg,experiments/data/hot8_scan_c48_seed42.in,2Q ARC LRU 2Q,4,12 12 12 12,48,10000,7992,2008,0.7992,7992,2008,0.7992,0
configs/exp4/2q_arc_lru_arc.cfg,experiments/data/hot8_scan_c48_seed42.in,2Q ARC LRU ARC,4,12 12 12 12,48,10000,7992,2008,0.7992,7992,2008,0.7992,0
configs/exp4/2q_arc_lru_lfu.cfg,experiments/data/hot8_scan_c48_seed42.in,2Q ARC LRU LFU,4,12 12 12 12,48,10000,7992,2008,0.7992,7992,2008,0.7992,0
configs/exp4/2q_arc_lru_lirs.cfg,experiments/data/hot8_scan_c48_seed42.in,2Q ARC LRU LIRS,4,12 12 12 12,48,10000,7992,2008,0.7992,7992,2008,0.7992,0
configs/exp4/2q_arc_lru_lru.cfg,experiments/data/hot8_scan_c48_seed42.in,2Q ARC LRU LRU,4,12 12 12 12,48,10000,7992,2008,0.7992,7992,2008,0.7992,0
configs/exp4/2q_lfu.cfg,experiments/data/hot8_scan_c48_seed42.in,2Q LFU,2,24 24,48,10000,7992,2008,0.7992,7992,2008,0.7992,0
configs/exp4/2q_lfu_2q.cfg,experiments/data/hot8_scan_c48_seed42.in,2Q LFU 2Q,3,16 16 16,48,10000,7992,2008,0.7992,7992,2008,0.7992,0
configs/exp4/2q_lfu_2q_2q.cfg,experiments/data/hot8_scan_c48_seed42.in,2Q LFU 2Q 2Q,4,12 12 12 12,48,10000,7992,2008,0.7992,7992,2008,0.7992,0
configs/exp4/2q_lfu_2q_arc.cfg,experiments/data/hot8_scan_c48_seed42.in,2Q LFU 2Q ARC,4,12 12 12 12,48,10000,7992,2008,0.7992,7992,2008,0.7992,0
configs/exp4/2q_lfu_2q_lfu.cfg,experiments/data/hot8_scan_c48_seed42.in,2Q LFU 2Q LFU,4,12 12 12 12,48,10000,7992,2008,0.7992,7992,2008,0.7992,0
configs/exp4/2q_lfu_2q_lirs.cfg,experiments/data/hot8_scan_c48_seed42.in,2Q LFU 2Q LIRS,4,12 12 12 12,48,10000,7992,2008,0.7992,7992,2008,0.7992,0
configs/exp4/2q_lfu_2q_lru.cfg,experiments/data/hot8_scan_c48_seed42.in,2Q LFU 2Q LRU,4,12 12 12 12,48,10000,7992,2008,0.7992,7992,2008,0.7992,0
configs/exp4/2q_lfu_arc.cfg,experiments/data/hot8_scan_c48_seed42.in,2Q LFU ARC,3,16 16 16,48,10000,7992,2008,0.7992,7992,2008,0.7992,0
configs/exp4/2q_lfu_arc_2q.cfg,experiments/data/hot8_scan_c48_seed42.in,2Q LFU ARC 2Q,4,12 12 12 12,48,10000,7992,2008,0.7992,7992,2008,0.7992,0
configs/exp4/2q_lfu_arc_arc.cfg,experiments/data/hot8_scan_c48_seed42.in,2Q LFU ARC ARC,4,12 12 12 12,48,10000,7992,2008,0.7992,7992,2008,0.7992,0
configs/exp4/2q_lfu_arc_lfu.cfg,experiments/data/hot8_scan_c48_seed42.in,2Q LFU ARC LFU,4,12 12 12 12,48,10000,7992,2008,0.7992,7992,2008,0.7992,0
configs/exp4/2q_lfu_arc_lirs.cfg,experiments/data/hot8_scan_c48_seed42.in,2Q LFU ARC LIRS,4,12 12 12 12,48,10000,7992,2008,0.7992,7992,2008,0.7992,0
configs/exp4/2q_lfu_arc_lru.cfg,experiments/data/hot8_scan_c48_seed42.in,2Q LFU ARC LRU,4,12 12 12 12,48,10000,7992,2008,0.7992,7992,2008,0.7992,0
configs/exp4/2q_lfu_lfu.cfg,experiments/data/hot8_scan_c48_seed42.in,2Q LFU LFU,3,16 16 16,48,10000,7992,2008,0.7992,7992,2008,0.7992,0
configs/exp4/2q_lfu_lfu_2q.cfg,experiments/data/hot8_scan_c48_seed42.in,2Q LFU LFU 2Q,4,12 12 12 12,48,10000,7992,2008,0.7992,7992,2008,0.7992,0
configs/exp4/2q_lfu_lfu_arc.cfg,experiments/data/hot8_scan_c48_seed42.in,2Q LFU LFU ARC,4,12 12 12 12,48,10000,7992,2008,0.7992,7992,2008,0.7992,0
configs/exp4/2q_lfu_lfu_lfu.cfg,experiments/data/hot8_scan_c48_seed42.in,2Q LFU LFU LFU,4,12 12 12 12,48,10000,7992,2008,0.7992,7992,2008,0.7992,0
configs/exp4/2q_lfu_lfu_lirs.cfg,experiments/data/hot8_scan_c48_seed42.in,2Q LFU LFU LIRS,4,12 12 12 12,48,10000,7992,2008,0.7992,7992,2008,0.7992,0
configs/exp4/2q_lfu_lfu_lru.cfg,experiments/data/hot8_scan_c48_seed42.in,2Q LFU LFU LRU,4,12 12 12 12,48,10000,7992,2008,0.7992,7992,2008,0.7992,0
configs/exp4/2q_lfu_lirs.cfg,experiments/data/hot8_scan_c48_seed42.in,2Q LFU LIRS,3,16 16 16,48,10000,7992,2008,0.7992,7992,2008,0.7992,0
configs/exp4/2q_lfu_lirs_2q.cfg,experiments/data/hot8_scan_c48_seed42.in,2Q LFU LIRS 2Q,4,12 12 12 12,48,10000,7992,2008,0.7992,7992,2008,0.7992,0
configs/exp4/2q_lfu_lirs_arc.cfg,experiments/data/hot8_scan_c48_seed42.in,2Q LFU LIRS ARC,4,12 12 12 12,48,10000,7992,2008,0.7992,7992,2008,0.7992,0
configs/exp4/2q_lfu_lirs_lfu.cfg,experiments/data/hot8_scan_c48_seed42.in,2Q LFU LIRS LFU,4,12 12 12 12,48,10000,7992,2008,0.7992,7992,2008,0.7992,0
configs/exp4/2q_lfu_lirs_lirs.cfg,experiments/data/hot8_scan_c48_seed42.in,2Q LFU LIRS LIRS,4,12 12 12 12,48,10000,7992,2008,0.7992,7992,2008,0.7992,0
configs/exp4/2q_lfu_lirs_lru.cfg,experiments/data/hot8_scan_c48_seed42.in,2Q LFU LIRS LRU,4,12 12 12 12,48,10000,7992,2008,0.7992,7992,2008,0.7992,0
configs/exp4/2q_lfu_lru.cfg,experiments/data/hot8_scan_c48_seed42.in,2Q LFU LRU,3,16 16 16,48,10000,7992,2008,0.7992,7992,2008,0.7992,0
configs/exp4/2q_lfu_lru_2q.cfg,experiments/data/hot8_scan_c48_seed42.in,2Q LFU LRU 2Q,4,12 12 12 12,48,10000,7992,2008,0.7992,7992,2008,0.7992,0
configs/exp4/2q_lfu_lru_arc.cfg,experiments/data/hot8_scan_c48_seed42.in,2Q LFU LRU ARC,4,12 12 12 12,48,10000,7992,2008,0.7992,7992,2008,0.7992,0
configs/exp4/2q_lfu_lru_lfu.cfg,experiments/data/hot8_scan_c48_seed42.in,2Q LFU LRU LFU,4,12 12 12 12,48,10000,7992,2008,0.7992,7992,2008,0.7992,0
configs/exp4/2q_lfu_lru_lirs.cfg,experiments/data/hot8_scan_c48_seed42.in,2Q LFU LRU LIRS,4,12 12 12 12,48,10000,7992,2008,0.7992,7992,2008,0.7992,0
configs/exp4/2q_lfu_lru_lru.cfg,experiments/data/hot8_scan_c48_seed42.in,2Q LFU LRU LRU,4,12 12 12 12,48,10000,7992,2008,0.7992,7992,2008,0.7992,0
configs/exp4/2q_lirs.cfg,experiments/data/hot8_scan_c48_seed42.in,2Q LIRS,2,24 24,48,10000,7992,2008,0.7992,7992,2008,0.7992,0
configs/exp4/2q_lirs_2q.cfg,experiments/data/hot8_scan_c48_seed42.in,2Q LIRS 2Q,3,16 16 16,48,10000,7992,2008,0.7992,7992,2008,0.7992,0
configs/exp4/2q_lirs_2q_2q.cfg,experiments/data/hot8_scan_c48_seed42.in,2Q LIRS 2Q 2Q,4,12 12 12 12,48,10000,7992,2008,0.7992,7992,2008,0.7992,0
configs/exp4/2q_lirs_2q_arc.cfg,experiments/data/hot8_scan_c48_seed42.in,2Q LIRS 2Q ARC,4,12 12 12 12,48,10000,7992,2008,0.7992,7992,2008,0.7992,0
configs/exp4/2q_lirs_2q_lfu.cfg,experiments/data/hot8_scan_c48_seed42.in,2Q LIRS 2Q LFU,4,12 12 12 12,48,10000,7992,2008,0.7992,7992,2008,0.7992,0
configs/exp4/2q_lirs_2q_lirs.cfg,experiments/data/hot8_scan_c48_seed42.in,2Q LIRS 2Q LIRS,4,12 12 12 12,48,10000,7992,2008,0.7992,7992,2008,0.7992,0
configs/exp4/2q_lirs_2q_lru.cfg,experiments/data/hot8_scan_c48_seed42.in,2Q LIRS 2Q LRU,4,12 12 12 12,48,10000,7992,2008,0.7992,7992,2008,0.7992,0
configs/exp4/2q_lirs_arc.cfg,experiments/data/hot8_scan_c48_seed42.in,2Q LIRS ARC,3,16 16 16,48,10000,7992,2008,0.7992,7992,2008,0.7992,0
configs/exp4/2q_lirs_arc_2q.cfg,experiments/data/hot8_scan_c48_seed42.in,2Q LIRS ARC 2Q,4,12 12 12 12,48,10000,7992,2008,0.7992,7992,2008,0.7992,0
configs/exp4/2q_lirs_arc_arc.cfg,experiments/data/hot8_scan_c48_seed42.in,2Q LIRS ARC ARC,4,12 12 12 12,48,10000,7992,2008,0.7992,7992,2008,0.7992,0
configs/exp4/2q_lirs_arc_lfu.cfg,experiments/data/hot8_scan_c48_seed42.in,2Q LIRS ARC LFU,4,12 12 12 12,48,10000,7992,2008,0.7992,7992,2008,0.7992,0
configs/exp4/2q_lirs_arc_lirs.cfg,experiments/data/hot8_scan_c48_seed42.in,2Q LIRS ARC LIRS,4,12 12 12 12,48,10000,7992,2008,0.7992,7992,2008,0.7992,0
configs/exp4/2q_lirs_arc_lru.cfg,experiments/data/hot8_scan_c48_seed42.in,2Q LIRS ARC LRU,4,12 12 12 12,48,10000,7992,2008,0.7992,7992,2008,0.7992,0
configs/exp4/2q_lirs_lfu.cfg,experiments/data/hot8_scan_c48_seed42.in,2Q LIRS LFU,3,16 16 16,48,10000,7992,2008,0.7992,7992,2008,0.7992,0
configs/exp4/2q_lirs_lfu_2q.cfg,experiments/data/hot8_scan_c48_seed42.in,2Q LIRS LFU 2Q,4,12 12 12 12,48,10000,7992,2008,0.7992,7992,2008,0.7992,0
configs/exp4/2q_lirs_lfu_arc.cfg,experiments/data/hot8_scan_c48_seed42.in,2Q LIRS LFU ARC,4,12 12 12 12,48,10000,7992,2008,0.7992,7992,2008,0.7992,0
configs/exp4/2q_lirs_lfu_lfu.cfg,experiments/data/hot8_scan_c48_seed42.in,2Q LIRS LFU LFU,4,12 12 12 12,48,10000,7992,2008,0.7992,7992,2008,0.7992,0
configs/exp4/2q_lirs_lfu_lirs.cfg,experiments/data/hot8_scan_c48_seed42.in,2Q LIRS LFU LIRS,4,12 12 12 12,48,10000,7992,2008,0.7992,7992,2008,0.7992,0
configs/exp4/2q_lirs_lfu_lru.cfg,experiments/data/hot8_scan_c48_seed42.in,2Q LIRS LFU LRU,4,12 12 12 12,48,10000,7992,2008,0.7992,7992,2008,0.7992,0
configs/exp4/2q_lirs_lirs.cfg,experiments/data/hot8_scan_c48_seed42.in,2Q LIRS LIRS,3,16 16 16,48,10000,7992,2008,0.7992,7992,2008,0.7992,0
configs/exp4/2q_lirs_lirs_2q.cfg,experiments/data/hot8_scan_c48_seed42.in,2Q LIRS LIRS 2Q,4,12 12 12 12,48,10000,7992,2008,0.7992,7992,2008,0.7992,0
configs/exp4/2q_lirs_lirs_arc.cfg,experiments/data/hot8_scan_c48_seed42.in,2Q LIRS LIRS ARC,4,12 12 12 12,48,10000,7992,2008,0.7992,7992,2008,0.7992,0
configs/exp4/2q_lirs_lirs_lfu.cfg,experiments/data/hot8_scan_c48_seed42.in,2Q LIRS LIRS LFU,4,12 12 12 12,48,10000,7992,2008,0.7992,7992,2008,0.7992,0
configs/exp4/2q_lirs_lirs_lirs.cfg,experiments/data/hot8_scan_c48_seed42.in,2Q LIRS LIRS LIRS,4,12 12 12 12,48,10000,7992,2008,0.7992,7992,2008,0.7992,0
configs/exp4/2q_lirs_lirs_lru.cfg,experiments/data/hot8_scan_c48_seed42.in,2Q LIRS LIRS LRU,4,12 12 12 12,48,10000,7992,2008,0.7992,7992,2008,0.7992,0
configs/exp4/2q_lirs_lru.cfg,experiments/data/hot8_scan_c48_seed42.in,2Q LIRS LRU,3,16 16 16,48,10000,7992,2008,0.7992,7992,2008,0.7992,0
configs/exp4/2q_lirs_lru_2q.cfg,experiments/data/hot8_scan_c48_seed42.in,2Q LIRS LRU 2Q,4,12 12 12 12,48,10000,7992,2008,0.7992,7992,2008,0.7992,0
configs/exp4/2q_lirs_lru_arc.cfg,experiments/data/hot8_scan_c48_seed42.in,2Q LIRS LRU ARC,4,12 12 12 12,48,10000,7992,2008,0.7992,7992,2008,0.7992,0
configs/exp4/2q_lirs_lru_lfu.cfg,experiments/data/hot8_scan_c48_seed42.in,2Q LIRS LRU LFU,4,12 12 12 12,48,10000,7992,2008,0.7992,7992,2008,0.7992,0
configs/exp4/2q_lirs_lru_lirs.cfg,experiments/data/hot8_scan_c48_seed42.in,2Q LIRS LRU LIRS,4,12 12 12 12,48,10000,7992,2008,0.7992,7992,2008,0.7992,0
configs/exp4/2q_lirs_lru_lru.cfg,experiments/data/hot8_scan_c48_seed42.in,2Q LIRS LRU LRU,4,12 12 12 12,48,10000,7992,2008,0.7992,7992,2008,0.7992,0
configs/exp4/2q_lru.cfg,experiments/data/hot8_scan_c48_seed42.in,2Q LRU,2,24 24,48,10000,7992,2008,0.7992,7992,2008,0.7992,0
configs/exp4/2q_lru_2q.cfg,experiments/data/hot8_scan_c48_seed42.in,2Q LRU 2Q,3,16 16 16,48,10000,7992,2008,0.7992,7992,2008,0.7992,0
configs/exp4/2q_lru_2q_2q.cfg,experiments/data/hot8_scan_c48_seed42.in,2Q LRU 2Q 2Q,4,12 12 12 12,48,10000,7992,2008,0.7992,7992,2008,0.7992,0
configs/exp4/2q_lru_2q_arc.cfg,experiments/data/hot8_scan_c48_seed42.in,2Q LRU 2Q ARC,4,12 12 12 12,48,10000,7992,2008,0.7992,7992,2008,0.7992,0
configs/exp4/2q_lru_2q_lfu.cfg,experiments/data/hot8_scan_c48_seed42.in,2Q LRU 2Q LFU,4,12 12 12 12,48,10000,7992,2008,0.7992,7992,2008,0.7992,0
configs/exp4/2q_lru_2q_lirs.cfg,experiments/data/hot8_scan_c48_seed42.in,2Q LRU 2Q LIRS,4,12 12 12 12,48,10000,7992,2008,0.7992,7992,2008,0.7992,0
configs/exp4/2q_lru_2q_lru.cfg,experiments/data/hot8_scan_c48_seed42.in,2Q LRU 2Q LRU,4,12 12 12 12,48,10000,7992,2008,0.7992,7992,2008,0.7992,0
configs/exp4/2q_lru_arc.cfg,experiments/data/hot8_scan_c48_seed42.in,2Q LRU ARC,3,16 16 16,48,10000,7992,2008,0.7992,7992,2008,0.7992,0
configs/exp4/2q_lru_arc_2q.cfg,experiments/data/hot8_scan_c48_seed42.in,2Q LRU ARC 2Q,4,12 12 12 12,48,10000,7992,2008,0.7992,7992,2008,0.7992,0
configs/exp4/2q_lru_arc_arc.cfg,experiments/data/hot8_scan_c48_seed42.in,2Q LRU ARC ARC,4,12 12 12 12,48,10000,7992,2008,0.7992,7992,2008,0.7992,0
configs/exp4/2q_lru_arc_lfu.cfg,experiments/data/hot8_scan_c48_seed42.in,2Q LRU ARC LFU,4,12 12 12 12,48,10000,7992,2008,0.7992,7992,2008,0.7992,0
configs/exp4/2q_lru_arc_lirs.cfg,experiments/data/hot8_scan_c48_seed42.in,2Q LRU ARC LIRS,4,12 12 12 12,48,10000,7992,2008,0.7992,7992,2008,0.7992,0
configs/exp4/2q_lru_arc_lru.cfg,experiments/data/hot8_scan_c48_seed42.in,2Q LRU ARC LRU,4,12 12 12 12,48,10000,7992,2008,0.7992,7992,2008,0.7992,0
configs/exp4/2q_lru_lfu.cfg,experiments/data/hot8_scan_c48_seed42.in,2Q LRU LFU,3,16 16 16,48,10000,7992,2008,0.7992,7992,2008,0.7992,0
configs/exp4/2q_lru_lfu_2q.cfg,experiments/data/hot8_scan_c48_seed42.in,2Q LRU LFU 2Q,4,12 12 12 12,48,10000,7992,2008,0.7992,7992,2008,0.7992,0
configs/exp4/2q_lru_lfu_arc.cfg,experiments/data/hot8_scan_c48_seed42.in,2Q LRU LFU ARC,4,12 12 12 12,48,10000,7992,2008,0.7992,7992,2008,0.7992,0
configs/exp4/2q_lru_lfu_lfu.cfg,experiments/data/hot8_scan_c48_seed42.in,2Q LRU LFU LFU,4,12 12 12 12,48,10000,7992,2008,0.7992,7992,2008,0.7992,0
configs/exp4/2q_lru_lfu_lirs.cfg,experiments/data/hot8_scan_c48_seed42.in,2Q LRU LFU LIRS,4,12 12 12 12,48,10000,7992,2008,0.7992,7992,2008,0.7992,0
configs/exp4/2q_lru_lfu_lru.cfg,experiments/data/hot8_scan_c48_seed42.in,2Q LRU LFU LRU,4,12 12 12 12,48,10000,7992,2008,0.7992,7992,2008,0.7992,0
configs/exp4/2q_lru_lirs.cfg,experiments/data/hot8_scan_c48_seed42.in,2Q LRU LIRS,3,16 16 16,48,10000,7992,2008,0.7992,7992,2008,0.7992,0
configs/exp4/2q_lru_lirs_2q.cfg,experiments/data/hot8_scan_c48_seed42.in,2Q LRU LIRS 2Q,4,12 12 12 12,48,10000,7992,2008,0.7992,7992,2008,0.7992,0
configs/exp4/2q_lru_lirs_arc.cfg,experiments/data/hot8_scan_c48_seed42.in,2Q LRU LIRS ARC,4,12 12 12 12,48,10000,7992,2008,0.7992,7992,2008,0.7992,0
configs/exp4/2q_lru_lirs_lfu.cfg,experiments/data/hot8_scan_c48_seed42.in,2Q LRU LIRS LFU,4,12 12 12 12,48,10000,7992,2008,0.7992,7992,2008,0.7992,0
configs/exp4/2q_lru_lirs_lirs.cfg,experiments/data/hot8_scan_c48_seed42.in,2Q LRU LIRS LIRS,4,12 12 12 12,48,10000,7992,2008,0.7992,7992,2008,0.7992,0
configs/exp4/2q_lru_lirs_lru.cfg,experiments/data/hot8_scan_c48_seed42.in,2Q LRU LIRS LRU,4,12 12 12 12,48,10000,7992,2008,0.7992,7992,2008,0.7992,0
configs/exp4/2q_lru_lru.cfg,experiments/data/hot8_scan_c48_seed42.in,2Q LRU LRU,3,16 16 16,48,10000,7992,2008,0.7992,7992,2008,0.7992,0
configs/exp4/2q_lru_lru_2q.cfg,experiments/data/hot8_scan_c48_seed42.in,2Q LRU LRU 2Q,4,12 12 12 12,48,10000,7992,2008,0.7992,7992,2008,0.7992,0
configs/exp4/2q_lru_lru_arc.cfg,experiments/data/hot8_scan_c48_seed42.in,2Q LRU LRU ARC,4,12 12 12 12,48,10000,7992,2008,0.7992,7992,2008,0.7992,0
configs/exp4/2q_lru_lru_lfu.cfg,experiments/data/hot8_scan_c48_seed42.in,2Q LRU LRU LFU,4,12 12 12 12,48,10000,7992,2008,0.7992,7992,2008,0.7992,0
configs/exp4/2q_lru_lru_lirs.cfg,experiments/data/hot8_scan_c48_seed42.in,2Q LRU LRU LIRS,4,12 12 12 12,48,10000,7992,2008,0.7992,7992,2008,0.7992,0
configs/exp4/2q_lru_lru_lru.cfg,experiments/data/hot8_scan_c48_seed42.in,2Q LRU LRU LRU,4,12 12 12 12,48,10000,7992,2008,0.7992,7992,2008,0.7992,0
configs/exp4/arc_2q.cfg,experiments/data/hot8_scan_c48_seed42.in,ARC 2Q,2,24 24,48,10000,7992,2008,0.7992,7992,2008,0.7992,0
configs/exp4/arc_2q_2q.cfg,experiments/data/hot8_scan_c48_seed42.in,ARC 2Q 2Q,3,16 16 16,48,10000,7992,2008,0.7992,7992,2008,0.7992,0
configs/exp4/arc_2q_2q_2q.cfg,experiments/data/hot8_scan_c48_seed42.in,ARC 2Q 2Q 2Q,4,12 12 12 12,48,10000,7992,2008,0.7992,7992,2008,0.7992,0
configs/exp4/arc_2q_2q_arc.cfg,experiments/data/hot8_scan_c48_seed42.in,ARC 2Q 2Q ARC,4,12 12 12 12,48,10000,7992,2008,0.7992,7992,2008,0.7992,0
configs/exp4/arc_2q_2q_lfu.cfg,experiments/data/hot8_scan_c48_seed42.in,ARC 2Q 2Q LFU,4,12 12 12 12,48,10000,7992,2008,0.7992,7992,2008,0.7992,0
configs/exp4/arc_2q_2q_lirs.cfg,experiments/data/hot8_scan_c48_seed42.in,ARC 2Q 2Q LIRS,4,12 12 12 12,48,10000,7992,2008,0.7992,7992,2008,0.7992,0
configs/exp4/arc_2q_2q_lru.cfg,experiments/data/hot8_scan_c48_seed42.in,ARC 2Q 2Q LRU,4,12 12 12 12,48,10000,7992,2008,0.7992,7992,2008,0.7992,0
configs/exp4/arc_2q_arc.cfg,experiments/data/hot8_scan_c48_seed42.in,ARC 2Q ARC,3,16 16 16,48,10000,7992,2008,0.7992,7992,2008,0.7992,0
configs/exp4/arc_2q_arc_2q.cfg,experiments/data/hot8_scan_c48_seed42.in,ARC 2Q ARC 2Q,4,12 12 12 12,48,10000,7992,2008,0.7992,7992,2008,0.7992,0
configs/exp4/arc_2q_arc_arc.cfg,experiments/data/hot8_scan_c48_seed42.in,ARC 2Q ARC ARC,4,12 12 12 12,48,10000,7992,2008,0.7992,7992,2008,0.7992,0
configs/exp4/arc_2q_arc_lfu.cfg,experiments/data/hot8_scan_c48_seed42.in,ARC 2Q ARC LFU,4,12 12 12 12,48,10000,7992,2008,0.7992,7992,2008,0.7992,0
configs/exp4/arc_2q_arc_lirs.cfg,experiments/data/hot8_scan_c48_seed42.in,ARC 2Q ARC LIRS,4,12 12 12 12,48,10000,7992,2008,0.7992,7992,2008,0.7992,0
configs/exp4/arc_2q_arc_lru.cfg,experiments/data/hot8_scan_c48_seed42.in,ARC 2Q ARC LRU,4,12 12 12 12,48,10000,7992,2008,0.7992,7992,2008,0.7992,0
configs/exp4/arc_2q_lfu.cfg,experiments/data/hot8_scan_c48_seed42.in,ARC 2Q LFU,3,16 16 16,48,10000,7992,2008,0.7992,7992,2008,0.7992,0
configs/exp4/arc_2q_lfu_2q.cfg,experiments/data/hot8_scan_c48_seed42.in,ARC 2Q LFU 2Q,4,12 12 12 12,48,10000,7992,2008,0.7992,7992,2008,0.7992,0
configs/exp4/arc_2q_lfu_arc.cfg,experiments/data/hot8_scan_c48_seed42.in,ARC 2Q LFU ARC,4,12 12 12 12,48,10000,7992,2008,0.7992,7992,2008,0.7992,0
configs/exp4/arc_2q_lfu_lfu.cfg,experiments/data/hot8_scan_c48_seed42.in,ARC 2Q LFU LFU,4,12 12 12 12,48,10000,7992,2008,0.7992,7992,2008,0.7992,0
configs/exp4/arc_2q_lfu_lirs.cfg,experiments/data/hot8_scan_c48_seed42.in,ARC 2Q LFU LIRS,4,12 12 12 12,48,10000,7992,2008,0.7992,7992,2008,0.7992,0
configs/exp4/arc_2q_lfu_lru.cfg,experiments/data/hot8_scan_c48_seed42.in,ARC 2Q LFU LRU,4,12 12 12 12,48,10000,7992,2008,0.7992,7992,2008,0.7992,0
configs/exp4/arc_2q_lirs.cfg,experiments/data/hot8_scan_c48_seed42.in,ARC 2Q LIRS,3,16 16 16,48,10000,7992,2008,0.7992,7992,2008,0.7992,0
configs/exp4/arc_2q_lirs_2q.cfg,experiments/data/hot8_scan_c48_seed42.in,ARC 2Q LIRS 2Q,4,12 12 12 12,48,10000,7992,2008,0.7992,7992,2008,0.7992,0
configs/exp4/arc_2q_lirs_arc.cfg,experiments/data/hot8_scan_c48_seed42.in,ARC 2Q LIRS ARC,4,12 12 12 12,48,10000,7992,2008,0.7992,7992,2008,0.7992,0
configs/exp4/arc_2q_lirs_lfu.cfg,experiments/data/hot8_scan_c48_seed42.in,ARC 2Q LIRS LFU,4,12 12 12 12,48,10000,7992,2008,0.7992,7992,2008,0.7992,0
configs/exp4/arc_2q_lirs_lirs.cfg,experiments/data/hot8_scan_c48_seed42.in,ARC 2Q LIRS LIRS,4,12 12 12 12,48,10000,7992,2008,0.7992,7992,2008,0.7992,0
configs/exp4/arc_2q_lirs_lru.cfg,experiments/data/hot8_scan_c48_seed42.in,ARC 2Q LIRS LRU,4,12 12 12 12,48,10000,7992,2008,0.7992,7992,2008,0.7992,0
configs/exp4/arc_2q_lru.cfg,experiments/data/hot8_scan_c48_seed42.in,ARC 2Q LRU,3,16 16 16,48,10000,7992,2008,0.7992,7992,2008,0.7992,0
configs/exp4/arc_2q_lru_2q.cfg,experiments/data/hot8_scan_c48_seed42.in,ARC 2Q LRU 2Q,4,12 12 12 12,48,10000,7992,2008,0.7992,7992,2008,0.7992,0
configs/exp4/arc_2q_lru_arc.cfg,experiments/data/hot8_scan_c48_seed42.in,ARC 2Q LRU ARC,4,12 12 12 12,48,10000,7992,2008,0.7992,7992,2008,0.7992,0
configs/exp4/arc_2q_lru_lfu.cfg,experiments/data/hot8_scan_c48_seed42.in,ARC 2Q LRU LFU,4,12 12 12 12,48,10000,7992,2008,0.7992,7992,2008,0.7992,0
configs/exp4/arc_2q_lru_lirs.cfg,experiments/data/hot8_scan_c48_seed42.in,ARC 2Q LRU LIRS,4,12 12 12 12,48,10000,7992,2008,0.7992,7992,2008,0.7992,0
configs/exp4/arc_2q_lru_lru.cfg,experiments/data/hot8_scan_c48_seed42.in,ARC 2Q LRU LRU,4,12 12 12 12,48,10000,7992,2008,0.7992,7992,2008,0.7992,0
configs/exp4/arc_arc_2q.cfg,experiments/data/hot8_scan_c48_seed42.in,ARC ARC 2Q,3,16 16 16,48,10000,7992,2008,0.7992,7992,2008,0.7992,0
configs/exp4/arc_arc_2q_2q.cfg,experiments/data/hot8_scan_c48_seed42.in,ARC ARC 2Q 2Q,4,12 12 12 12,48,10000,7992,2008,0.7992,7992,2008,0.7992,0
configs/exp4/arc_arc_2q_arc.cfg,experiments/data/hot8_scan_c48_seed42.in,ARC ARC 2Q ARC,4,12 12 12 12,48,10000,7992,2008,0.7992,7992,2008,0.7992,0
configs/exp4/arc_arc_2q_lfu.cfg,experiments/data/hot8_scan_c48_seed42.in,ARC ARC 2Q LFU,4,12 12 12 12,48,10000,7992,2008,0.7992,7992,2008,0.7992,0
configs/exp4/arc_arc_2q_lirs.cfg,experiments/data/hot8_scan_c48_seed42.in,ARC ARC 2Q LIRS,4,12 12 12 12,48,10000,7992,2008,0.7992,7992,2008,0.7992,0
configs/exp4/arc_arc_2q_lru.cfg,experiments/data/hot8_scan_c48_seed42.in,ARC ARC 2Q LRU,4,12 12 12 12,48,10000,7992,2008,0.7992,7992,2008,0.7992,0
configs/exp4/arc_arc_arc_2q.cfg,experiments/data/hot8_scan_c48_seed42.in,ARC ARC ARC 2Q,4,12 12 12 12,48,10000,7992,2008,0.7992,7992,2008,0.7992,0
configs/exp4/arc_arc_arc_lfu.cfg,experiments/data/hot8_scan_c48_seed42.in,ARC ARC ARC LFU,4,12 12 12 12,48,10000,7992,2008,0.7992,7992,2008,0.7992,0
configs/exp4/arc_arc_arc_lirs.cfg,experiments/data/hot8_scan_c48_seed42.in,ARC ARC ARC LIRS,4,12 12 12 12,48,10000,7992,2008,0.7992,7992,2008,0.7992,0
configs/exp4/arc_arc_arc_lru.cfg,experiments/data/hot8_scan_c48_seed42.in,ARC ARC ARC LRU,4,12 12 12 12,48,10000,7992,2008,0.7992,7992,2008,0.7992,0
configs/exp4/arc_arc_lfu.cfg,experiments/data/hot8_scan_c48_seed42.in,ARC ARC LFU,3,16 16 16,48,10000,7992,2008,0.7992,7992,2008,0.7992,0
configs/exp4/arc_arc_lfu_2q.cfg,experiments/data/hot8_scan_c48_seed42.in,ARC ARC LFU 2Q,4,12 12 12 12,48,10000,7992,2008,0.7992,7992,2008,0.7992,0
configs/exp4/arc_arc_lfu_arc.cfg,experiments/data/hot8_scan_c48_seed42.in,ARC ARC LFU ARC,4,12 12 12 12,48,10000,7992,2008,0.7992,7992,2008,0.7992,0
configs/exp4/arc_arc_lfu_lfu.cfg,experiments/data/hot8_scan_c48_seed42.in,ARC ARC LFU LFU,4,12 12 12 12,48,10000,7992,2008,0.7992,7992,2008,0.7992,0
configs/exp4/arc_arc_lfu_lirs.cfg,experiments/data/hot8_scan_c48_seed42.in,ARC ARC LFU LIRS,4,12 12 12 12,48,10000,7992,2008,0.7992,7992,2008,0.7992,0
configs/exp4/arc_arc_lfu_lru.cfg,experiments/data/hot8_scan_c48_seed42.in,ARC ARC LFU LRU,4,12 12 12 12,48,10000,7992,2008,0.7992,7992,2008,0.7992,0
configs/exp4/arc_arc_lirs.cfg,experiments/data/hot8_scan_c48_seed42.in,ARC ARC LIRS,3,16 16 16,48,10000,7992,2008,0.7992,7992,2008,0.7992,0
configs/exp4/arc_arc_lirs_2q.cfg,experiments/data/hot8_scan_c48_seed42.in,ARC ARC LIRS 2Q,4,12 12 12 12,48,10000,7992,2008,0.7992,7992,2008,0.7992,0
configs/exp4/arc_arc_lirs_arc.cfg,experiments/data/hot8_scan_c48_seed42.in,ARC ARC LIRS ARC,4,12 12 12 12,48,10000,7992,2008,0.7992,7992,2008,0.7992,0
configs/exp4/arc_arc_lirs_lfu.cfg,experiments/data/hot8_scan_c48_seed42.in,ARC ARC LIRS LFU,4,12 12 12 12,48,10000,7992,2008,0.7992,7992,2008,0.7992,0
configs/exp4/arc_arc_lirs_lirs.cfg,experiments/data/hot8_scan_c48_seed42.in,ARC ARC LIRS LIRS,4,12 12 12 12,48,10000,7992,2008,0.7992,7992,2008,0.7992,0
configs/exp4/arc_arc_lirs_lru.cfg,experiments/data/hot8_scan_c48_seed42.in,ARC ARC LIRS LRU,4,12 12 12 12,48,10000,7992,2008,0.7992,7992,2008,0.7992,0
configs/exp4/arc_arc_lru.cfg,experiments/data/hot8_scan_c48_seed42.in,ARC ARC LRU,3,16 16 16,48,10000,7992,2008,0.7992,7992,2008,0.7992,0
configs/exp4/arc_arc_lru_2q.cfg,experiments/data/hot8_scan_c48_seed42.in,ARC ARC LRU 2Q,4,12 12 12 12,48,10000,7992,2008,0.7992,7992,2008,0.7992,0
configs/exp4/arc_arc_lru_arc.cfg,experiments/data/hot8_scan_c48_seed42.in,ARC ARC LRU ARC,4,12 12 12 12,48,10000,7992,2008,0.7992,7992,2008,0.7992,0
configs/exp4/arc_arc_lru_lfu.cfg,experiments/data/hot8_scan_c48_seed42.in,ARC ARC LRU LFU,4,12 12 12 12,48,10000,7992,2008,0.7992,7992,2008,0.7992,0
configs/exp4/arc_arc_lru_lirs.cfg,experiments/data/hot8_scan_c48_seed42.in,ARC ARC LRU LIRS,4,12 12 12 12,48,10000,7992,2008,0.7992,7992,2008,0.7992,0
configs/exp4/arc_arc_lru_lru.cfg,experiments/data/hot8_scan_c48_seed42.in,ARC ARC LRU LRU,4,12 12 12 12,48,10000,7992,2008,0.7992,7992,2008,0.7992,0
configs/exp4/arc_lfu.cfg,experiments/data/hot8_scan_c48_seed42.in,ARC LFU,2,24 24,48,10000,7992,2008,0.7992,7992,2008,0.7992,0
configs/exp4/arc_lfu_2q.cfg,experiments/data/hot8_scan_c48_seed42.in,ARC LFU 2Q,3,16 16 16,48,10000,7992,2008,0.7992,7992,2008,0.7992,0
configs/exp4/arc_lfu_2q_2q.cfg,experiments/data/hot8_scan_c48_seed42.in,ARC LFU 2Q 2Q,4,12 12 12 12,48,10000,7992,2008,0.7992,7992,2008,0.7992,0
configs/exp4/arc_lfu_2q_arc.cfg,experiments/data/hot8_scan_c48_seed42.in,ARC LFU 2Q ARC,4,12 12 12 12,48,10000,7992,2008,0.7992,7992,2008,0.7992,0
configs/exp4/arc_lfu_2q_lfu.cfg,experiments/data/hot8_scan_c48_seed42.in,ARC LFU 2Q LFU,4,12 12 12 12,48,10000,7992,2008,0.7992,7992,2008,0.7992,0
configs/exp4/arc_lfu_2q_lirs.cfg,experiments/data/hot8_scan_c48_seed42.in,ARC LFU 2Q LIRS,4,12 12 12 12,48,10000,7992,2008,0.7992,7992,2008,0.7992,0
configs/exp4/arc_lfu_2q_lru.cfg,experiments/data/hot8_scan_c48_seed42.in,ARC LFU 2Q LRU,4,12 12 12 12,48,10000,7992,2008,0.7992,7992,2008,0.7992,0
configs/exp4/arc_lfu_arc.cfg,experiments/data/hot8_scan_c48_seed42.in,ARC LFU ARC,3,16 16 16,48,10000,7992,2008,0.7992,7992,2008,0.7992,0
configs/exp4/arc_lfu_arc_2q.cfg,experiments/data/hot8_scan_c48_seed42.in,ARC LFU ARC 2Q,4,12 12 12 12,48,10000,7992,2008,0.7992,7992,2008,0.7992,0
configs/exp4/arc_lfu_arc_arc.cfg,experiments/data/hot8_scan_c48_seed42.in,ARC LFU ARC ARC,4,12 12 12 12,48,10000,7992,2008,0.7992,7992,2008,0.7992,0
configs/exp4/arc_lfu_arc_lfu.cfg,experiments/data/hot8_scan_c48_seed42.in,ARC LFU ARC LFU,4,12 12 12 12,48,10000,7992,2008,0.7992,7992,2008,0.7992,0
configs/exp4/arc_lfu_arc_lirs.cfg,experiments/data/hot8_scan_c48_seed42.in,ARC LFU ARC LIRS,4,12 12 12 12,48,10000,7992,2008,0.7992,7992,2008,0.7992,0
configs/exp4/arc_lfu_arc_lru.cfg,experiments/data/hot8_scan_c48_seed42.in,ARC LFU ARC LRU,4,12 12 12 12,48,10000,7992,2008,0.7992,7992,2008,0.7992,0
configs/exp4/arc_lfu_lfu.cfg,experiments/data/hot8_scan_c48_seed42.in,ARC LFU LFU,3,16 16 16,48,10000,7992,2008,0.7992,7992,2008,0.7992,0
configs/exp4/arc_lfu_lfu_2q.cfg,experiments/data/hot8_scan_c48_seed42.in,ARC LFU LFU 2Q,4,12 12 12 12,48,10000,7992,2008,0.7992,7992,2008,0.7992,0
configs/exp4/arc_lfu_lfu_arc.cfg,experiments/data/hot8_scan_c48_seed42.in,ARC LFU LFU ARC,4,12 12 12 12,48,10000,7992,2008,0.7992,7992,2008,0.7992,0
configs/exp4/arc_lfu_lfu_lfu.cfg,experiments/data/hot8_scan_c48_seed42.in,ARC LFU LFU LFU,4,12 12 12 12,48,10000,7992,2008,0.7992,7992,2008,0.7992,0
configs/exp4/arc_lfu_lfu_lirs.cfg,experiments/data/hot8_scan_c48_seed42.in,ARC LFU LFU LIRS,4,12 12 12 12,48,10000,7992,2008,0.7992,7992,2008,0.7992,0
configs/exp4/arc_lfu_lfu_lru.cfg,experiments/data/hot8_scan_c48_seed42.in,ARC LFU LFU LRU,4,12 12 12 12,48,10000,7992,2008,0.7992,7992,2008,0.7992,0
configs/exp4/arc_lfu_lirs.cfg,experiments/data/hot8_scan_c48_seed42.in,ARC LFU LIRS,3,16 16 16,48,10000,7992,2008,0.7992,7992,2008,0.7992,0
configs/exp4/arc_lfu_lirs_2q.cfg,experiments/data/hot8_scan_c48_seed42.in,ARC LFU LIRS 2Q,4,12 12 12 12,48,10000,7992,2008,0.7992,7992,2008,0.7992,0
configs/exp4/arc_lfu_lirs_arc.cfg,experiments/data/hot8_scan_c48_seed42.in,ARC LFU LIRS ARC,4,12 12 12 12,48,10000,7992,2008,0.7992,7992,2008,0.7992,0
configs/exp4/arc_lfu_lirs_lfu.cfg,experiments/data/hot8_scan_c48_seed42.in,ARC LFU LIRS LFU,4,12 12 12 12,48,10000,7992,2008,0.7992,7992,2008,0.7992,0
configs/exp4/arc_lfu_lirs_lirs.cfg,experiments/data/hot8_scan_c48_seed42.in,ARC LFU LIRS LIRS,4,12 12 12 12,48,10000,7992,2008,0.7992,7992,2008,0.7992,0
configs/exp4/arc_lfu_lirs_lru.cfg,experiments/data/hot8_scan_c48_seed42.in,ARC LFU LIRS LRU,4,12 12 12 12,48,10000,7992,2008,0.7992,7992,2008,0.7992,0
configs/exp4/arc_lfu_lru.cfg,experiments/data/hot8_scan_c48_seed42.in,ARC LFU LRU,3,16 16 16,48,10000,7992,2008,0.7992,7992,2008,0.7992,0
configs/exp4/arc_lfu_lru_2q.cfg,experiments/data/hot8_scan_c48_seed42.in,ARC LFU LRU 2Q,4,12 12 12 12,48,10000,7992,2008,0.7992,7992,2008,0.7992,0
configs/exp4/arc_lfu_lru_arc.cfg,experiments/data/hot8_scan_c48_seed42.in,ARC LFU LRU ARC,4,12 12 12 12,48,10000,7992,2008,0.7992,7992,2008,0.7992,0
configs/exp4/arc_lfu_lru_lfu.cfg,experiments/data/hot8_scan_c48_seed42.in,ARC LFU LRU LFU,4,12 12 12 12,48,10000,7992,2008,0.7992,7992,2008,0.7992,0
configs/exp4/arc_lfu_lru_lirs.cfg,experiments/data/hot8_scan_c48_seed42.in,ARC LFU LRU LIRS,4,12 12 12 12,48,10000,7992,2008,0.7992,7992,2008,0.7992,0
configs/exp4/arc_lfu_lru_lru.cfg,experiments/data/hot8_scan_c48_seed42.in,ARC LFU LRU LRU,4,12 12 12 12,48,10000,7992,2008,0.7992,7992,2008,0.7992,0
configs/exp4/arc_lirs.cfg,experiments/data/hot8_scan_c48_seed42.in,ARC LIRS,2,24 24,48,10000,7992,2008,0.7992,7992,2008,0.7992,0
configs/exp4/arc_lirs_2q.cfg,experiments/data/hot8_scan_c48_seed42.in,ARC LIRS 2Q,3,16 16 16,48,10000,7992,2008,0.7992,7992,2008,0.7992,0
configs/exp4/arc_lirs_2q_2q.cfg,experiments/data/hot8_scan_c48_seed42.in,ARC LIRS 2Q 2Q,4,12 12 12 12,48,10000,7992,2008,0.7992,7992,2008,0.7992,0
configs/exp4/arc_lirs_2q_arc.cfg,experiments/data/hot8_scan_c48_seed42.in,ARC LIRS 2Q ARC,4,12 12 12 12,48,10000,7992,2008,0.7992,7992,2008,0.7992,0
configs/exp4/arc_lirs_2q_lfu.cfg,experiments/data/hot8_scan_c48_seed42.in,ARC LIRS 2Q LFU,4,12 12 12 12,48,10000,7992,2008,0.7992,7992,2008,0.7992,0
configs/exp4/arc_lirs_2q_lirs.cfg,experiments/data/hot8_scan_c48_seed42.in,ARC LIRS 2Q LIRS,4,12 12 12 12,48,10000,7992,2008,0.7992,7992,2008,0.7992,0
configs/exp4/arc_lirs_2q_lru.cfg,experiments/data/hot8_scan_c48_seed42.in,ARC LIRS 2Q LRU,4,12 12 12 12,48,10000,7992,2008,0.7992,7992,2008,0.7992,0
configs/exp4/arc_lirs_arc.cfg,experiments/data/hot8_scan_c48_seed42.in,ARC LIRS ARC,3,16 16 16,48,10000,7992,2008,0.7992,7992,2008,0.7992,0
configs/exp4/arc_lirs_arc_2q.cfg,experiments/data/hot8_scan_c48_seed42.in,ARC LIRS ARC 2Q,4,12 12 12 12,48,10000,7992,2008,0.7992,7992,2008,0.7992,0
configs/exp4/arc_lirs_arc_arc.cfg,experiments/data/hot8_scan_c48_seed42.in,ARC LIRS ARC ARC,4,12 12 12 12,48,10000,7992,2008,0.7992,7992,2008,0.7992,0
configs/exp4/arc_lirs_arc_lfu.cfg,experiments/data/hot8_scan_c48_seed42.in,ARC LIRS ARC LFU,4,12 12 12 12,48,10000,7992,2008,0.7992,7992,2008,0.7992,0
configs/exp4/arc_lirs_arc_lirs.cfg,experiments/data/hot8_scan_c48_seed42.in,ARC LIRS ARC LIRS,4,12 12 12 12,48,10000,7992,2008,0.7992,7992,2008,0.7992,0
configs/exp4/arc_lirs_arc_lru.cfg,experiments/data/hot8_scan_c48_seed42.in,ARC LIRS ARC LRU,4,12 12 12 12,48,10000,7992,2008,0.7992,7992,2008,0.7992,0
configs/exp4/arc_lirs_lfu.cfg,experiments/data/hot8_scan_c48_seed42.in,ARC LIRS LFU,3,16 16 16,48,10000,7992,2008,0.7992,7992,2008,0.7992,0
configs/exp4/arc_lirs_lfu_2q.cfg,experiments/data/hot8_scan_c48_seed42.in,ARC LIRS LFU 2Q,4,12 12 12 12,48,10000,7992,2008,0.7992,7992,2008,0.7992,0
configs/exp4/arc_lirs_lfu_arc.cfg,experiments/data/hot8_scan_c48_seed42.in,ARC LIRS LFU ARC,4,12 12 12 12,48,10000,7992,2008,0.7992,7992,2008,0.7992,0
configs/exp4/arc_lirs_lfu_lfu.cfg,experiments/data/hot8_scan_c48_seed42.in,ARC LIRS LFU LFU,4,12 12 12 12,48,10000,7992,2008,0.7992,7992,2008,0.7992,0
configs/exp4/arc_lirs_lfu_lirs.cfg,experiments/data/hot8_scan_c48_seed42.in,ARC LIRS LFU LIRS,4,12 12 12 12,48,10000,7992,2008,0.7992,7992,2008,0.7992,0
configs/exp4/arc_lirs_lfu_lru.cfg,experiments/data/hot8_scan_c48_seed42.in,ARC LIRS LFU LRU,4,12 12 12 12,48,10000,7992,2008,0.7992,7992,2008,0.7992,0
configs/exp4/arc_lirs_lirs.cfg,experiments/data/hot8_scan_c48_seed42.in,ARC LIRS LIRS,3,16 16 16,48,10000,7992,2008,0.7992,7992,2008,0.7992,0
configs/exp4/arc_lirs_lirs_2q.cfg,experiments/data/hot8_scan_c48_seed42.in,ARC LIRS LIRS 2Q,4,12 12 12 12,48,10000,7992,2008,0.7992,7992,2008,0.7992,0
configs/exp4/arc_lirs_lirs_arc.cfg,experiments/data/hot8_scan_c48_seed42.in,ARC LIRS LIRS ARC,4,12 12 12 12,48,10000,7992,2008,0.7992,7992,2008,0.7992,0
configs/exp4/arc_lirs_lirs_lfu.cfg,experiments/data/hot8_scan_c48_seed42.in,ARC LIRS LIRS LFU,4,12 12 12 12,48,10000,7992,2008,0.7992,7992,2008,0.7992,0
configs/exp4/arc_lirs_lirs_lirs.cfg,experiments/data/hot8_scan_c48_seed42.in,ARC LIRS LIRS LIRS,4,12 12 12 12,48,10000,7992,2008,0.7992,7992,2008,0.7992,0
configs/exp4/arc_lirs_lirs_lru.cfg,experiments/data/hot8_scan_c48_seed42.in,ARC LIRS LIRS LRU,4,12 12 12 12,48,10000,7992,2008,0.7992,7992,2008,0.7992,0
configs/exp4/arc_lirs_lru.cfg,experiments/data/hot8_scan_c48_seed42.in,ARC LIRS LRU,3,16 16 16,48,10000,7992,2008,0.7992,7992,2008,0.7992,0
configs/exp4/arc_lirs_lru_2q.cfg,experiments/data/hot8_scan_c48_seed42.in,ARC LIRS LRU 2Q,4,12 12 12 12,48,10000,7992,2008,0.7992,7992,2008,0.7992,0
configs/exp4/arc_lirs_lru_arc.cfg,experiments/data/hot8_scan_c48_seed42.in,ARC LIRS LRU ARC,4,12 12 12 12,48,10000,7992,2008,0.7992,7992,2008,0.7992,0
configs/exp4/arc_lirs_lru_lfu.cfg,experiments/data/hot8_scan_c48_seed42.in,ARC LIRS LRU LFU,4,12 12 12 12,48,10000,7992,2008,0.7992,7992,2008,0.7992,0
configs/exp4/arc_lirs_lru_lirs.cfg,experiments/data/hot8_scan_c48_seed42.in,ARC LIRS LRU LIRS,4,12 12 12 12,48,10000,7992,2008,0.7992,7992,2008,0.7992,0
configs/exp4/arc_lirs_lru_lru.cfg,experiments/data/hot8_scan_c48_seed42.in,ARC LIRS LRU LRU,4,12 12 12 12,48,10000,7992,2008,0.7992,7992,2008,0.7992,0
configs/exp4/arc_lru.cfg,experiments/data/hot8_scan_c48_seed42.in,ARC LRU,2,24 24,48,10000,7992,2008,0.7992,7992,2008,0.7992,0
configs/exp4/arc_lru_2q.cfg,experiments/data/hot8_scan_c48_seed42.in,ARC LRU 2Q,3,16 16 16,48,10000,7992,2008,0.7992,7992,2008,0.7992,0
configs/exp4/arc_lru_2q_2q.cfg,experiments/data/hot8_scan_c48_seed42.in,ARC LRU 2Q 2Q,4,12 12 12 12,48,10000,7992,2008,0.7992,7992,2008,0.7992,0
configs/exp4/arc_lru_2q_arc.cfg,experiments/data/hot8_scan_c48_seed42.in,ARC LRU 2Q ARC,4,12 12 12 12,48,10000,7992,2008,0.7992,7992,2008,0.7992,0
configs/exp4/arc_lru_2q_lfu.cfg,experiments/data/hot8_scan_c48_seed42.in,ARC LRU 2Q LFU,4,12 12 12 12,48,10000,7992,2008,0.7992,7992,2008,0.7992,0
configs/exp4/arc_lru_2q_lirs.cfg,experiments/data/hot8_scan_c48_seed42.in,ARC LRU 2Q LIRS,4,12 12 12 12,48,10000,7992,2008,0.7992,7992,2008,0.7992,0
configs/exp4/arc_lru_2q_lru.cfg,experiments/data/hot8_scan_c48_seed42.in,ARC LRU 2Q LRU,4,12 12 12 12,48,10000,7992,2008,0.7992,7992,2008,0.7992,0
configs/exp4/arc_lru_arc.cfg,experiments/data/hot8_scan_c48_seed42.in,ARC LRU ARC,3,16 16 16,48,10000,7992,2008,0.7992,7992,2008,0.7992,0
configs/exp4/arc_lru_arc_2q.cfg,experiments/data/hot8_scan_c48_seed42.in,ARC LRU ARC 2Q,4,12 12 12 12,48,10000,7992,2008,0.7992,7992,2008,0.7992,0
configs/exp4/arc_lru_arc_arc.cfg,experiments/data/hot8_scan_c48_seed42.in,ARC LRU ARC ARC,4,12 12 12 12,48,10000,7992,2008,0.7992,7992,2008,0.7992,0
configs/exp4/arc_lru_arc_lfu.cfg,experiments/data/hot8_scan_c48_seed42.in,ARC LRU ARC LFU,4,12 12 12 12,48,10000,7992,2008,0.7992,7992,2008,0.7992,0
configs/exp4/arc_lru_arc_lirs.cfg,experiments/data/hot8_scan_c48_seed42.in,ARC LRU ARC LIRS,4,12 12 12 12,48,10000,7992,2008,0.7992,7992,2008,0.7992,0
configs/exp4/arc_lru_arc_lru.cfg,experiments/data/hot8_scan_c48_seed42.in,ARC LRU ARC LRU,4,12 12 12 12,48,10000,7992,2008,0.7992,7992,2008,0.7992,0
configs/exp4/arc_lru_lfu.cfg,experiments/data/hot8_scan_c48_seed42.in,ARC LRU LFU,3,16 16 16,48,10000,7992,2008,0.7992,7992,2008,0.7992,0
configs/exp4/arc_lru_lfu_2q.cfg,experiments/data/hot8_scan_c48_seed42.in,ARC LRU LFU 2Q,4,12 12 12 12,48,10000,7992,2008,0.7992,7992,2008,0.7992,0
configs/exp4/arc_lru_lfu_arc.cfg,experiments/data/hot8_scan_c48_seed42.in,ARC LRU LFU ARC,4,12 12 12 12,48,10000,7992,2008,0.7992,7992,2008,0.7992,0
configs/exp4/arc_lru_lfu_lfu.cfg,experiments/data/hot8_scan_c48_seed42.in,ARC LRU LFU LFU,4,12 12 12 12,48,10000,7992,2008,0.7992,7992,2008,0.7992,0
configs/exp4/arc_lru_lfu_lirs.cfg,experiments/data/hot8_scan_c48_seed42.in,ARC LRU LFU LIRS,4,12 12 12 12,48,10000,7992,2008,0.7992,7992,2008,0.7992,0
configs/exp4/arc_lru_lfu_lru.cfg,experiments/data/hot8_scan_c48_seed42.in,ARC LRU LFU LRU,4,12 12 12 12,48,10000,7992,2008,0.7992,7992,2008,0.7992,0
configs/exp4/arc_lru_lirs.cfg,experiments/data/hot8_scan_c48_seed42.in,ARC LRU LIRS,3,16 16 16,48,10000,7992,2008,0.7992,7992,2008,0.7992,0
configs/exp4/arc_lru_lirs_2q.cfg,experiments/data/hot8_scan_c48_seed42.in,ARC LRU LIRS 2Q,4,12 12 12 12,48,10000,7992,2008,0.7992,7992,2008,0.7992,0
configs/exp4/arc_lru_lirs_arc.cfg,experiments/data/hot8_scan_c48_seed42.in,ARC LRU LIRS ARC,4,12 12 12 12,48,10000,7992,2008,0.7992,7992,2008,0.7992,0
configs/exp4/arc_lru_lirs_lfu.cfg,experiments/data/hot8_scan_c48_seed42.in,ARC LRU LIRS LFU,4,12 12 12 12,48,10000,7992,2008,0.7992,7992,2008,0.7992,0
configs/exp4/arc_lru_lirs_lirs.cfg,experiments/data/hot8_scan_c48_seed42.in,ARC LRU LIRS LIRS,4,12 12 12 12,48,10000,7992,2008,0.7992,7992,2008,0.7992,0
configs/exp4/arc_lru_lirs_lru.cfg,experiments/data/hot8_scan_c48_seed42.in,ARC LRU LIRS LRU,4,12 12 12 12,48,10000,7992,2008,0.7992,7992,2008,0.7992,0
configs/exp4/arc_lru_lru.cfg,experiments/data/hot8_scan_c48_seed42.in,ARC LRU LRU,3,16 16 16,48,10000,7992,2008,0.7992,7992,2008,0.7992,0
configs/exp4/arc_lru_lru_2q.cfg,experiments/data/hot8_scan_c48_seed42.in,ARC LRU LRU 2Q,4,12 12 12 12,48,10000,7992,2008,0.7992,7992,2008,0.7992,0
configs/exp4/arc_lru_lru_arc.cfg,experiments/data/hot8_scan_c48_seed42.in,ARC LRU LRU ARC,4,12 12 12 12,48,10000,7992,2008,0.7992,7992,2008,0.7992,0
configs/exp4/arc_lru_lru_lfu.cfg,experiments/data/hot8_scan_c48_seed42.in,ARC LRU LRU LFU,4,12 12 12 12,48,10000,7992,2008,0.7992,7992,2008,0.7992,0
configs/exp4/arc_lru_lru_lirs.cfg,experiments/data/hot8_scan_c48_seed42.in,ARC LRU LRU LIRS,4,12 12 12 12,48,10000,7992,2008,0.7992,7992,2008,0.7992,0
configs/exp4/arc_lru_lru_lru.cfg,experiments/data/hot8_scan_c48_seed42.in,ARC LRU LRU LRU,4,12 12 12 12,48,10000,7992,2008,0.7992,7992,2008,0.7992,0
configs/exp4/lfu_2q.cfg,experiments/data/hot8_scan_c48_seed42.in,LFU 2Q,2,24 24,48,10000,7992,2008,0.7992,7992,2008,0.7992,0
configs/exp4/lfu_2q_2q.cfg,experiments/data/hot8_scan_c48_seed42.in,LFU 2Q 2Q,3,16 16 16,48,10000,7992,2008,0.7992,7992,2008,0.7992,0
configs/exp4/lfu_2q_2q_2q.cfg,experiments/data/hot8_scan_c48_seed42.in,LFU 2Q 2Q 2Q,4,12 12 12 12,48,10000,7992,2008,0.7992,7992,2008,0.7992,0
configs/exp4/lfu_2q_2q_arc.cfg,experiments/data/hot8_scan_c48_seed42.in,LFU 2Q 2Q ARC,4,12 12 12 12,48,10000,7992,2008,0.7992,7992,2008,0.7992,0
configs/exp4/lfu_2q_2q_lfu.cfg,experiments/data/hot8_scan_c48_seed42.in,LFU 2Q 2Q LFU,4,12 12 12 12,48,10000,7992,2008,0.7992,7992,2008,0.7992,0
configs/exp4/lfu_2q_2q_lirs.cfg,experiments/data/hot8_scan_c48_seed42.in,LFU 2Q 2Q LIRS,4,12 12 12 12,48,10000,7992,2008,0.7992,7992,2008,0.7992,0
configs/exp4/lfu_2q_2q_lru.cfg,experiments/data/hot8_scan_c48_seed42.in,LFU 2Q 2Q LRU,4,12 12 12 12,48,10000,7992,2008,0.7992,7992,2008,0.7992,0
configs/exp4/lfu_2q_arc.cfg,experiments/data/hot8_scan_c48_seed42.in,LFU 2Q ARC,3,16 16 16,48,10000,7992,2008,0.7992,7992,2008,0.7992,0
configs/exp4/lfu_2q_arc_2q.cfg,experiments/data/hot8_scan_c48_seed42.in,LFU 2Q ARC 2Q,4,12 12 12 12,48,10000,7992,2008,0.7992,7992,2008,0.7992,0
configs/exp4/lfu_2q_arc_arc.cfg,experiments/data/hot8_scan_c48_seed42.in,LFU 2Q ARC ARC,4,12 12 12 12,48,10000,7992,2008,0.7992,7992,2008,0.7992,0
configs/exp4/lfu_2q_arc_lfu.cfg,experiments/data/hot8_scan_c48_seed42.in,LFU 2Q ARC LFU,4,12 12 12 12,48,10000,7992,2008,0.7992,7992,2008,0.7992,0
configs/exp4/lfu_2q_arc_lirs.cfg,experiments/data/hot8_scan_c48_seed42.in,LFU 2Q ARC LIRS,4,12 12 12 12,48,10000,7992,2008,0.7992,7992,2008,0.7992,0
configs/exp4/lfu_2q_arc_lru.cfg,experiments/data/hot8_scan_c48_seed42.in,LFU 2Q ARC LRU,4,12 12 12 12,48,10000,7992,2008,0.7992,7992,2008,0.7992,0
configs/exp4/lfu_2q_lfu.cfg,experiments/data/hot8_scan_c48_seed42.in,LFU 2Q LFU,3,16 16 16,48,10000,7992,2008,0.7992,7992,2008,0.7992,0
configs/exp4/lfu_2q_lfu_2q.cfg,experiments/data/hot8_scan_c48_seed42.in,LFU 2Q LFU 2Q,4,12 12 12 12,48,10000,7992,2008,0.7992,7992,2008,0.7992,0
configs/exp4/lfu_2q_lfu_arc.cfg,experiments/data/hot8_scan_c48_seed42.in,LFU 2Q LFU ARC,4,12 12 12 12,48,10000,7992,2008,0.7992,7992,2008,0.7992,0
configs/exp4/lfu_2q_lfu_lfu.cfg,experiments/data/hot8_scan_c48_seed42.in,LFU 2Q LFU LFU,4,12 12 12 12,48,10000,7992,2008,0.7992,7992,2008,0.7992,0
configs/exp4/lfu_2q_lfu_lirs.cfg,experiments/data/hot8_scan_c48_seed42.in,LFU 2Q LFU LIRS,4,12 12 12 12,48,10000,7992,2008,0.7992,7992,2008,0.7992,0
configs/exp4/lfu_2q_lfu_lru.cfg,experiments/data/hot8_scan_c48_seed42.in,LFU 2Q LFU LRU,4,12 12 12 12,48,10000,7992,2008,0.7992,7992,2008,0.7992,0
configs/exp4/lfu_2q_lirs.cfg,experiments/data/hot8_scan_c48_seed42.in,LFU 2Q LIRS,3,16 16 16,48,10000,7992,2008,0.7992,7992,2008,0.7992,0
configs/exp4/lfu_2q_lirs_2q.cfg,experiments/data/hot8_scan_c48_seed42.in,LFU 2Q LIRS 2Q,4,12 12 12 12,48,10000,7992,2008,0.7992,7992,2008,0.7992,0
configs/exp4/lfu_2q_lirs_arc.cfg,experiments/data/hot8_scan_c48_seed42.in,LFU 2Q LIRS ARC,4,12 12 12 12,48,10000,7992,2008,0.7992,7992,2008,0.7992,0
configs/exp4/lfu_2q_lirs_lfu.cfg,experiments/data/hot8_scan_c48_seed42.in,LFU 2Q LIRS LFU,4,12 12 12 12,48,10000,7992,2008,0.7992,7992,2008,0.7992,0
configs/exp4/lfu_2q_lirs_lirs.cfg,experiments/data/hot8_scan_c48_seed42.in,LFU 2Q LIRS LIRS,4,12 12 12 12,48,10000,7992,2008,0.7992,7992,2008,0.7992,0
configs/exp4/lfu_2q_lirs_lru.cfg,experiments/data/hot8_scan_c48_seed42.in,LFU 2Q LIRS LRU,4,12 12 12 12,48,10000,7992,2008,0.7992,7992,2008,0.7992,0
configs/exp4/lfu_2q_lru.cfg,experiments/data/hot8_scan_c48_seed42.in,LFU 2Q LRU,3,16 16 16,48,10000,7992,2008,0.7992,7992,2008,0.7992,0
configs/exp4/lfu_2q_lru_2q.cfg,experiments/data/hot8_scan_c48_seed42.in,LFU 2Q LRU 2Q,4,12 12 12 12,48,10000,7992,2008,0.7992,7992,2008,0.7992,0
configs/exp4/lfu_2q_lru_arc.cfg,experiments/data/hot8_scan_c48_seed42.in,LFU 2Q LRU ARC,4,12 12 12 12,48,10000,7992,2008,0.7992,7992,2008,0.7992,0
configs/exp4/lfu_2q_lru_lfu.cfg,experiments/data/hot8_scan_c48_seed42.in,LFU 2Q LRU LFU,4,12 12 12 12,48,10000,7992,2008,0.7992,7992,2008,0.7992,0
configs/exp4/lfu_2q_lru_lirs.cfg,experiments/data/hot8_scan_c48_seed42.in,LFU 2Q LRU LIRS,4,12 12 12 12,48,10000,7992,2008,0.7992,7992,2008,0.7992,0
configs/exp4/lfu_2q_lru_lru.cfg,experiments/data/hot8_scan_c48_seed42.in,LFU 2Q LRU LRU,4,12 12 12 12,48,10000,7992,2008,0.7992,7992,2008,0.7992,0
configs/exp4/lfu_arc.cfg,experiments/data/hot8_scan_c48_seed42.in,LFU ARC,2,24 24,48,10000,7992,2008,0.7992,7992,2008,0.7992,0
configs/exp4/lfu_arc_2q.cfg,experiments/data/hot8_scan_c48_seed42.in,LFU ARC 2Q,3,16 16 16,48,10000,7992,2008,0.7992,7992,2008,0.7992,0
configs/exp4/lfu_arc_2q_2q.cfg,experiments/data/hot8_scan_c48_seed42.in,LFU ARC 2Q 2Q,4,12 12 12 12,48,10000,7992,2008,0.7992,7992,2008,0.7992,0
configs/exp4/lfu_arc_2q_arc.cfg,experiments/data/hot8_scan_c48_seed42.in,LFU ARC 2Q ARC,4,12 12 12 12,48,10000,7992,2008,0.7992,7992,2008,0.7992,0
configs/exp4/lfu_arc_2q_lfu.cfg,experiments/data/hot8_scan_c48_seed42.in,LFU ARC 2Q LFU,4,12 12 12 12,48,10000,7992,2008,0.7992,7992,2008,0.7992,0
configs/exp4/lfu_arc_2q_lirs.cfg,experiments/data/hot8_scan_c48_seed42.in,LFU ARC 2Q LIRS,4,12 12 12 12,48,10000,7992,2008,0.7992,7992,2008,0.7992,0
configs/exp4/lfu_arc_2q_lru.cfg,experiments/data/hot8_scan_c48_seed42.in,LFU ARC 2Q LRU,4,12 12 12 12,48,10000,7992,2008,0.7992,7992,2008,0.7992,0
configs/exp4/lfu_arc_arc.cfg,experiments/data/hot8_scan_c48_seed42.in,LFU ARC ARC,3,16 16 16,48,10000,7992,2008,0.7992,7992,2008,0.7992,0
configs/exp4/lfu_arc_arc_2q.cfg,experiments/data/hot8_scan_c48_seed42.in,LFU ARC ARC 2Q,4,12 12 12 12,48,10000,7992,2008,0.7992,7992,2008,0.7992,0
configs/exp4/lfu_arc_arc_arc.cfg,experiments/data/hot8_scan_c48_seed42.in,LFU ARC ARC ARC,4,12 12 12 12,48,10000,7992,2008,0.7992,7992,2008,0.7992,0
configs/exp4/lfu_arc_arc_lfu.cfg,experiments/data/hot8_scan_c48_seed42.in,LFU ARC ARC LFU,4,12 12 12 12,48,10000,7992,2008,0.7992,7992,2008,0.7992,0
configs/exp4/lfu_arc_arc_lirs.cfg,experiments/data/hot8_scan_c48_seed42.in,LFU ARC ARC LIRS,4,12 12 12 12,48,10000,7992,2008,0.7992,7992,2008,0.7992,0
configs/exp4/lfu_arc_arc_lru.cfg,experiments/data/hot8_scan_c48_seed42.in,LFU ARC ARC LRU,4,12 12 12 12,48,10000,7992,2008,0.7992,7992,2008,0.7992,0
configs/exp4/lfu_arc_lfu.cfg,experiments/data/hot8_scan_c48_seed42.in,LFU ARC LFU,3,16 16 16,48,10000,7992,2008,0.7992,7992,2008,0.7992,0
configs/exp4/lfu_arc_lfu_2q.cfg,experiments/data/hot8_scan_c48_seed42.in,LFU ARC LFU 2Q,4,12 12 12 12,48,10000,7992,2008,0.7992,7992,2008,0.7992,0
configs/exp4/lfu_arc_lfu_arc.cfg,experiments/data/hot8_scan_c48_seed42.in,LFU ARC LFU ARC,4,12 12 12 12,48,10000,7992,2008,0.7992,7992,2008,0.7992,0
configs/exp4/lfu_arc_lfu_lfu.cfg,experiments/data/hot8_scan_c48_seed42.in,LFU ARC LFU LFU,4,12 12 12 12,48,10000,7992,2008,0.7992,7992,2008,0.7992,0
configs/exp4/lfu_arc_lfu_lirs.cfg,experiments/data/hot8_scan_c48_seed42.in,LFU ARC LFU LIRS,4,12 12 12 12,48,10000,7992,2008,0.7992,7992,2008,0.7992,0
configs/exp4/lfu_arc_lfu_lru.cfg,experiments/data/hot8_scan_c48_seed42.in,LFU ARC LFU LRU,4,12 12 12 12,48,10000,7992,2008,0.7992,7992,2008,0.7992,0
configs/exp4/lfu_arc_lirs.cfg,experiments/data/hot8_scan_c48_seed42.in,LFU ARC LIRS,3,16 16 16,48,10000,7992,2008,0.7992,7992,2008,0.7992,0
configs/exp4/lfu_arc_lirs_2q.cfg,experiments/data/hot8_scan_c48_seed42.in,LFU ARC LIRS 2Q,4,12 12 12 12,48,10000,7992,2008,0.7992,7992,2008,0.7992,0
configs/exp4/lfu_arc_lirs_arc.cfg,experiments/data/hot8_scan_c48_seed42.in,LFU ARC LIRS ARC,4,12 12 12 12,48,10000,7992,2008,0.7992,7992,2008,0.7992,0
configs/exp4/lfu_arc_lirs_lfu.cfg,experiments/data/hot8_scan_c48_seed42.in,LFU ARC LIRS LFU,4,12 12 12 12,48,10000,7992,2008,0.7992,7992,2008,0.7992,0
configs/exp4/lfu_arc_lirs_lirs.cfg,experiments/data/hot8_scan_c48_seed42.in,LFU ARC LIRS LIRS,4,12 12 12 12,48,10000,7992,2008,0.7992,7992,2008,0.7992,0
configs/exp4/lfu_arc_lirs_lru.cfg,experiments/data/hot8_scan_c48_seed42.in,LFU ARC LIRS LRU,4,12 12 12 12,48,10000,7992,2008,0.7992,7992,2008,0.7992,0
configs/exp4/lfu_arc_lru.cfg,experiments/data/hot8_scan_c48_seed42.in,LFU ARC LRU,3,16 16 16,48,10000,7992,2008,0.7992,7992,2008,0.7992,0
configs/exp4/lfu_arc_lru_2q.cfg,experiments/data/hot8_scan_c48_seed42.in,LFU ARC LRU 2Q,4,12 12 12 12,48,10000,7992,2008,0.7992,7992,2008,0.7992,0
configs/exp4/lfu_arc_lru_arc.cfg,experiments/data/hot8_scan_c48_seed42.in,LFU ARC LRU ARC,4,12 12 12 12,48,10000,7992,2008,0.7992,7992,2008,0.7992,0
configs/exp4/lfu_arc_lru_lfu.cfg,experiments/data/hot8_scan_c48_seed42.in,LFU ARC LRU LFU,4,12 12 12 12,48,10000,7992,2008,0.7992,7992,2008,0.7992,0
configs/exp4/lfu_arc_lru_lirs.cfg,experiments/data/hot8_scan_c48_seed42.in,LFU ARC LRU LIRS,4,12 12 12 12,48,10000,7992,2008,0.7992,7992,2008,0.7992,0
configs/exp4/lfu_arc_lru_lru.cfg,experiments/data/hot8_scan_c48_seed42.in,LFU ARC LRU LRU,4,12 12 12 12,48,10000,7992,2008,0.7992,7992,2008,0.7992,0
configs/exp4/lfu_lfu_2q.cfg,experiments/data/hot8_scan_c48_seed42.in,LFU LFU 2Q,3,16 16 16,48,10000,7992,2008,0.7992,7992,2008,0.7992,0
configs/exp4/lfu_lfu_2q_2q.cfg,experiments/data/hot8_scan_c48_seed42.in,LFU LFU 2Q 2Q,4,12 12 12 12,48,10000,7992,2008,0.7992,7992,2008,0.7992,0
configs/exp4/lfu_lfu_2q_arc.cfg,experiments/data/hot8_scan_c48_seed42.in,LFU LFU 2Q ARC,4,12 12 12 12,48,10000,7992,2008,0.7992,7992,2008,0.7992,0
configs/exp4/lfu_lfu_2q_lfu.cfg,experiments/data/hot8_scan_c48_seed42.in,LFU LFU 2Q LFU,4,12 12 12 12,48,10000,7992,2008,0.7992,7992,2008,0.7992,0
configs/exp4/lfu_lfu_2q_lirs.cfg,experiments/data/hot8_scan_c48_seed42.in,LFU LFU 2Q LIRS,4,12 12 12 12,48,10000,7992,2008,0.7992,7992,2008,0.7992,0
configs/exp4/lfu_lfu_2q_lru.cfg,experiments/data/hot8_scan_c48_seed42.in,LFU LFU 2Q LRU,4,12 12 12 12,48,10000,7992,2008,0.7992,7992,2008,0.7992,0
configs/exp4/lfu_lfu_arc.cfg,experiments/data/hot8_scan_c48_seed42.in,LFU LFU ARC,3,16 16 16,48,10000,7992,2008,0.7992,7992,2008,0.7992,0
configs/exp4/lfu_lfu_arc_2q.cfg,experiments/data/hot8_scan_c48_seed42.in,LFU LFU ARC 2Q,4,12 12 12 12,48,10000,7992,2008,0.7992,7992,2008,0.7992,0
configs/exp4/lfu_lfu_arc_arc.cfg,experiments/data/hot8_scan_c48_seed42.in,LFU LFU ARC ARC,4,12 12 12 12,48,10000,7992,2008,0.7992,7992,2008,0.7992,0
configs/exp4/lfu_lfu_arc_lfu.cfg,experiments/data/hot8_scan_c48_seed42.in,LFU LFU ARC LFU,4,12 12 12 12,48,10000,7992,2008,0.7992,7992,2008,0.7992,0
configs/exp4/lfu_lfu_arc_lirs.cfg,experiments/data/hot8_scan_c48_seed42.in,LFU LFU ARC LIRS,4,12 12 12 12,48,10000,7992,2008,0.7992,7992,2008,0.7992,0
configs/exp4/lfu_lfu_arc_lru.cfg,experiments/data/hot8_scan_c48_seed42.in,LFU LFU ARC LRU,4,12 12 12 12,48,10000,7992,2008,0.7992,7992,2008,0.7992,0
configs/exp4/lfu_lfu_lfu_2q.cfg,experiments/data/hot8_scan_c48_seed42.in,LFU LFU LFU 2Q,4,12 12 12 12,48,10000,7992,2008,0.7992,7992,2008,0.7992,0
configs/exp4/lfu_lfu_lfu_arc.cfg,experiments/data/hot8_scan_c48_seed42.in,LFU LFU LFU ARC,4,12 12 12 12,48,10000,7992,2008,0.7992,7992,2008,0.7992,0
configs/exp4/lfu_lfu_lfu_lirs.cfg,experiments/data/hot8_scan_c48_seed42.in,LFU LFU LFU LIRS,4,12 12 12 12,48,10000,7992,2008,0.7992,7992,2008,0.7992,0
configs/exp4/lfu_lfu_lfu_lru.cfg,experiments/data/hot8_scan_c48_seed42.in,LFU LFU LFU LRU,4,12 12 12 12,48,10000,7992,2008,0.7992,7992,2008,0.7992,0
configs/exp4/lfu_lfu_lirs.cfg,experiments/data/hot8_scan_c48_seed42.in,LFU LFU LIRS,3,16 16 16,48,10000,7992,2008,0.7992,7992,2008,0.7992,0
configs/exp4/lfu_lfu_lirs_2q.cfg,experiments/data/hot8_scan_c48_seed42.in,LFU LFU LIRS 2Q,4,12 12 12 12,48,10000,7992,2008,0.7992,7992,2008,0.7992,0
configs/exp4/lfu_lfu_lirs_arc.cfg,experiments/data/hot8_scan_c48_seed42.in,LFU LFU LIRS ARC,4,12 12 12 12,48,10000,7992,2008,0.7992,7992,2008,0.7992,0
configs/exp4/lfu_lfu_lirs_lfu.cfg,experiments/data/hot8_scan_c48_seed42.in,LFU LFU LIRS LFU,4,12 12 12 12,48,10000,7992,2008,0.7992,7992,2008,0.7992,0
configs/exp4/lfu_lfu_lirs_lirs.cfg,experiments/data/hot8_scan_c48_seed42.in,LFU LFU LIRS LIRS,4,12 12 12 12,48,10000,7992,2008,0.7992,7992,2008,0.7992,0
configs/exp4/lfu_lfu_lirs_lru.cfg,experiments/data/hot8_scan_c48_seed42.in,LFU LFU LIRS LRU,4,12 12 12 12,48,10000,7992,2008,0.7992,7992,2008,0.7992,0
configs/exp4/lfu_lfu_lru.cfg,experiments/data/hot8_scan_c48_seed42.in,LFU LFU LRU,3,16 16 16,48,10000,7992,2008,0.7992,7992,2008,0.7992,0
configs/exp4/lfu_lfu_lru_2q.cfg,experiments/data/hot8_scan_c48_seed42.in,LFU LFU LRU 2Q,4,12 12 12 12,48,10000,7992,2008,0.7992,7992,2008,0.7992,0
configs/exp4/lfu_lfu_lru_arc.cfg,experiments/data/hot8_scan_c48_seed42.in,LFU LFU LRU ARC,4,12 12 12 12,48,10000,7992,2008,0.7992,7992,2008,0.7992,0
configs/exp4/lfu_lfu_lru_lfu.cfg,experiments/data/hot8_scan_c48_seed42.in,LFU LFU LRU LFU,4,12 12 12 12,48,10000,7992,2008,0.7992,7992,2008,0.7992,0
configs/exp4/lfu_lfu_lru_lirs.cfg,experiments/data/hot8_scan_c48_seed42.in,LFU LFU LRU LIRS,4,12 12 12 12,48,10000,7992,2008,0.7992,7992,2008,0.7992,0
configs/exp4/lfu_lfu_lru_lru.cfg,experiments/data/hot8_scan_c48_seed42.in,LFU LFU LRU LRU,4,12 12 12 12,48,10000,7992,2008,0.7992,7992,2008,0.7992,0
configs/exp4/lfu_lirs.cfg,experiments/data/hot8_scan_c48_seed42.in,LFU LIRS,2,24 24,48,10000,7992,2008,0.7992,7992,2008,0.7992,0
configs/exp4/lfu_lirs_2q.cfg,experiments/data/hot8_scan_c48_seed42.in,LFU LIRS 2Q,3,16 16 16,48,10000,7992,2008,0.7992,7992,2008,0.7992,0
configs/exp4/lfu_lirs_2q_2q.cfg,experiments/data/hot8_scan_c48_seed42.in,LFU LIRS 2Q 2Q,4,12 12 12 12,48,10000,7992,2008,0.7992,7992,2008,0.7992,0
configs/exp4/lfu_lirs_2q_arc.cfg,experiments/data/hot8_scan_c48_seed42.in,LFU LIRS 2Q ARC,4,12 12 12 12,48,10000,7992,2008,0.7992,7992,2008,0.7992,0
configs/exp4/lfu_lirs_2q_lfu.cfg,experiments/data/hot8_scan_c48_seed42.in,LFU LIRS 2Q LFU,4,12 12 12 12,48,10000,7992,2008,0.7992,7992,2008,0.7992,0
configs/exp4/lfu_lirs_2q_lirs.cfg,experiments/data/hot8_scan_c48_seed42.in,LFU LIRS 2Q LIRS,4,12 12 12 12,48,10000,7992,2008,0.7992,7992,2008,0.7992,0
configs/exp4/lfu_lirs_2q_lru.cfg,experiments/data/hot8_scan_c48_seed42.in,LFU LIRS 2Q LRU,4,12 12 12 12,48,10000,7992,2008,0.7992,7992,2008,0.7992,0
configs/exp4/lfu_lirs_arc.cfg,experiments/data/hot8_scan_c48_seed42.in,LFU LIRS ARC,3,16 16 16,48,10000,7992,2008,0.7992,7992,2008,0.7992,0
configs/exp4/lfu_lirs_arc_2q.cfg,experiments/data/hot8_scan_c48_seed42.in,LFU LIRS ARC 2Q,4,12 12 12 12,48,10000,7992,2008,0.7992,7992,2008,0.7992,0
configs/exp4/lfu_lirs_arc_arc.cfg,experiments/data/hot8_scan_c48_seed42.in,LFU LIRS ARC ARC,4,12 12 12 12,48,10000,7992,2008,0.7992,7992,2008,0.7992,0
configs/exp4/lfu_lirs_arc_lfu.cfg,experiments/data/hot8_scan_c48_seed42.in,LFU LIRS ARC LFU,4,12 12 12 12,48,10000,7992,2008,0.7992,7992,2008,0.7992,0
configs/exp4/lfu_lirs_arc_lirs.cfg,experiments/data/hot8_scan_c48_seed42.in,LFU LIRS ARC LIRS,4,12 12 12 12,48,10000,7992,2008,0.7992,7992,2008,0.7992,0
configs/exp4/lfu_lirs_arc_lru.cfg,experiments/data/hot8_scan_c48_seed42.in,LFU LIRS ARC LRU,4,12 12 12 12,48,10000,7992,2008,0.7992,7992,2008,0.7992,0
configs/exp4/lfu_lirs_lfu.cfg,experiments/data/hot8_scan_c48_seed42.in,LFU LIRS LFU,3,16 16 16,48,10000,7992,2008,0.7992,7992,2008,0.7992,0
configs/exp4/lfu_lirs_lfu_2q.cfg,experiments/data/hot8_scan_c48_seed42.in,LFU LIRS LFU 2Q,4,12 12 12 12,48,10000,7992,2008,0.7992,7992,2008,0.7992,0
configs/exp4/lfu_lirs_lfu_arc.cfg,experiments/data/hot8_scan_c48_seed42.in,LFU LIRS LFU ARC,4,12 12 12 12,48,10000,7992,2008,0.7992,7992,2008,0.7992,0
configs/exp4/lfu_lirs_lfu_lfu.cfg,experiments/data/hot8_scan_c48_seed42.in,LFU LIRS LFU LFU,4,12 12 12 12,48,10000,7992,2008,0.7992,7992,2008,0.7992,0
configs/exp4/lfu_lirs_lfu_lirs.cfg,experiments/data/hot8_scan_c48_seed42.in,LFU LIRS LFU LIRS,4,12 12 12 12,48,10000,7992,2008,0.7992,7992,2008,0.7992,0
configs/exp4/lfu_lirs_lfu_lru.cfg,experiments/data/hot8_scan_c48_seed42.in,LFU LIRS LFU LRU,4,12 12 12 12,48,10000,7992,2008,0.7992,7992,2008,0.7992,0
configs/exp4/lfu_lirs_lirs.cfg,experiments/data/hot8_scan_c48_seed42.in,LFU LIRS LIRS,3,16 16 16,48,10000,7992,2008,0.7992,7992,2008,0.7992,0
configs/exp4/lfu_lirs_lirs_2q.cfg,experiments/data/hot8_scan_c48_seed42.in,LFU LIRS LIRS 2Q,4,12 12 12 12,48,10000,7992,2008,0.7992,7992,2008,0.7992,0
configs/exp4/lfu_lirs_lirs_arc.cfg,experiments/data/hot8_scan_c48_seed42.in,LFU LIRS LIRS ARC,4,12 12 12 12,48,10000,7992,2008,0.7992,7992,2008,0.7992,0
configs/exp4/lfu_lirs_lirs_lfu.cfg,experiments/data/hot8_scan_c48_seed42.in,LFU LIRS LIRS LFU,4,12 12 12 12,48,10000,7992,2008,0.7992,7992,2008,0.7992,0
configs/exp4/lfu_lirs_lirs_lirs.cfg,experiments/data/hot8_scan_c48_seed42.in,LFU LIRS LIRS LIRS,4,12 12 12 12,48,10000,7992,2008,0.7992,7992,2008,0.7992,0
configs/exp4/lfu_lirs_lirs_lru.cfg,experiments/data/hot8_scan_c48_seed42.in,LFU LIRS LIRS LRU,4,12 12 12 12,48,10000,7992,2008,0.7992,7992,2008,0.7992,0
configs/exp4/lfu_lirs_lru.cfg,experiments/data/hot8_scan_c48_seed42.in,LFU LIRS LRU,3,16 16 16,48,10000,7992,2008,0.7992,7992,2008,0.7992,0
configs/exp4/lfu_lirs_lru_2q.cfg,experiments/data/hot8_scan_c48_seed42.in,LFU LIRS LRU 2Q,4,12 12 12 12,48,10000,7992,2008,0.7992,7992,2008,0.7992,0
configs/exp4/lfu_lirs_lru_arc.cfg,experiments/data/hot8_scan_c48_seed42.in,LFU LIRS LRU ARC,4,12 12 12 12,48,10000,7992,2008,0.7992,7992,2008,0.7992,0
configs/exp4/lfu_lirs_lru_lfu.cfg,experiments/data/hot8_scan_c48_seed42.in,LFU LIRS LRU LFU,4,12 12 12 12,48,10000,7992,2008,0.7992,7992,2008,0.7992,0
configs/exp4/lfu_lirs_lru_lirs.cfg,experiments/data/hot8_scan_c48_seed42.in,LFU LIRS LRU LIRS,4,12 12 12 12,48,10000,7992,2008,0.7992,7992,2008,0.7992,0
configs/exp4/lfu_lirs_lru_lru.cfg,experiments/data/hot8_scan_c48_seed42.in,LFU LIRS LRU LRU,4,12 12 12 12,48,10000,7992,2008,0.7992,7992,2008,0.7992,0
configs/exp4/lfu_lru.cfg,experiments/data/hot8_scan_c48_seed42.in,LFU LRU,2,24 24,48,10000,7992,2008,0.7992,7992,2008,0.7992,0
configs/exp4/lfu_lru_2q.cfg,experiments/data/hot8_scan_c48_seed42.in,LFU LRU 2Q,3,16 16 16,48,10000,7992,2008,0.7992,7992,2008,0.7992,0
configs/exp4/lfu_lru_2q_2q.cfg,experiments/data/hot8_scan_c48_seed42.in,LFU LRU 2Q 2Q,4,12 12 12 12,48,10000,7992,2008,0.7992,7992,2008,0.7992,0
configs/exp4/lfu_lru_2q_arc.cfg,experiments/data/hot8_scan_c48_seed42.in,LFU LRU 2Q ARC,4,12 12 12 12,48,10000,7992,2008,0.7992,7992,2008,0.7992,0
configs/exp4/lfu_lru_2q_lfu.cfg,experiments/data/hot8_scan_c48_seed42.in,LFU LRU 2Q LFU,4,12 12 12 12,48,10000,7992,2008,0.7992,7992,2008,0.7992,0
configs/exp4/lfu_lru_2q_lirs.cfg,experiments/data/hot8_scan_c48_seed42.in,LFU LRU 2Q LIRS,4,12 12 12 12,48,10000,7992,2008,0.7992,7992,2008,0.7992,0
configs/exp4/lfu_lru_2q_lru.cfg,experiments/data/hot8_scan_c48_seed42.in,LFU LRU 2Q LRU,4,12 12 12 12,48,10000,7992,2008,0.7992,7992,2008,0.7992,0
configs/exp4/lfu_lru_arc.cfg,experiments/data/hot8_scan_c48_seed42.in,LFU LRU ARC,3,16 16 16,48,10000,7992,2008,0.7992,7992,2008,0.7992,0
configs/exp4/lfu_lru_arc_2q.cfg,experiments/data/hot8_scan_c48_seed42.in,LFU LRU ARC 2Q,4,12 12 12 12,48,10000,7992,2008,0.7992,7992,2008,0.7992,0
configs/exp4/lfu_lru_arc_arc.cfg,experiments/data/hot8_scan_c48_seed42.in,LFU LRU ARC ARC,4,12 12 12 12,48,10000,7992,2008,0.7992,7992,2008,0.7992,0
configs/exp4/lfu_lru_arc_lfu.cfg,experiments/data/hot8_scan_c48_seed42.in,LFU LRU ARC LFU,4,12 12 12 12,48,10000,7992,2008,0.7992,7992,2008,0.7992,0
configs/exp4/lfu_lru_arc_lirs.cfg,experiments/data/hot8_scan_c48_seed42.in,LFU LRU ARC LIRS,4,12 12 12 12,48,10000,7992,2008,0.7992,7992,2008,0.7992,0
configs/exp4/lfu_lru_arc_lru.cfg,experiments/data/hot8_scan_c48_seed42.in,LFU LRU ARC LRU,4,12 12 12 12,48,10000,7992,2008,0.7992,7992,2008,0.7992,0
configs/exp4/lfu_lru_lfu.cfg,experiments/data/hot8_scan_c48_seed42.in,LFU LRU LFU,3,16 16 16,48,10000,7992,2008,0.7992,7992,2008,0.7992,0
configs/exp4/lfu_lru_lfu_2q.cfg,experiments/data/hot8_scan_c48_seed42.in,LFU LRU LFU 2Q,4,12 12 12 12,48,10000,7992,2008,0.7992,7992,2008,0.7992,0
configs/exp4/lfu_lru_lfu_arc.cfg,experiments/data/hot8_scan_c48_seed42.in,LFU LRU LFU ARC,4,12 12 12 12,48,10000,7992,2008,0.7992,7992,2008,0.7992,0
configs/exp4/lfu_lru_lfu_lfu.cfg,experiments/data/hot8_scan_c48_seed42.in,LFU LRU LFU LFU,4,12 12 12 12,48,10000,7992,2008,0.7992,7992,2008,0.7992,0
configs/exp4/lfu_lru_lfu_lirs.cfg,experiments/data/hot8_scan_c48_seed42.in,LFU LRU LFU LIRS,4,12 12 12 12,48,10000,7992,2008,0.7992,7992,2008,0.7992,0
configs/exp4/lfu_lru_lfu_lru.cfg,experiments/data/hot8_scan_c48_seed42.in,LFU LRU LFU LRU,4,12 12 12 12,48,10000,7992,2008,0.7992,7992,2008,0.7992,0
configs/exp4/lfu_lru_lirs.cfg,experiments/data/hot8_scan_c48_seed42.in,LFU LRU LIRS,3,16 16 16,48,10000,7992,2008,0.7992,7992,2008,0.7992,0
configs/exp4/lfu_lru_lirs_2q.cfg,experiments/data/hot8_scan_c48_seed42.in,LFU LRU LIRS 2Q,4,12 12 12 12,48,10000,7992,2008,0.7992,7992,2008,0.7992,0
configs/exp4/lfu_lru_lirs_arc.cfg,experiments/data/hot8_scan_c48_seed42.in,LFU LRU LIRS ARC,4,12 12 12 12,48,10000,7992,2008,0.7992,7992,2008,0.7992,0
configs/exp4/lfu_lru_lirs_lfu.cfg,experiments/data/hot8_scan_c48_seed42.in,LFU LRU LIRS LFU,4,12 12 12 12,48,10000,7992,2008,0.7992,7992,2008,0.7992,0
configs/exp4/lfu_lru_lirs_lirs.cfg,experiments/data/hot8_scan_c48_seed42.in,LFU LRU LIRS LIRS,4,12 12 12 12,48,10000,7992,2008,0.7992,7992,2008,0.7992,0
configs/exp4/lfu_lru_lirs_lru.cfg,experiments/data/hot8_scan_c48_seed42.in,LFU LRU LIRS LRU,4,12 12 12 12,48,10000,7992,2008,0.7992,7992,2008,0.7992,0
configs/exp4/lfu_lru_lru.cfg,experiments/data/hot8_scan_c48_seed42.in,LFU LRU LRU,3,16 16 16,48,10000,7992,2008,0.7992,7992,2008,0.7992,0
configs/exp4/lfu_lru_lru_2q.cfg,experiments/data/hot8_scan_c48_seed42.in,LFU LRU LRU 2Q,4,12 12 12 12,48,10000,7992,2008,0.7992,7992,2008,0.7992,0
configs/exp4/lfu_lru_lru_arc.cfg,experiments/data/hot8_scan_c48_seed42.in,LFU LRU LRU ARC,4,12 12 12 12,48,10000,7992,2008,0.7992,7992,2008,0.7992,0
configs/exp4/lfu_lru_lru_lfu.cfg,experiments/data/hot8_scan_c48_seed42.in,LFU LRU LRU LFU,4,12 12 12 12,48,10000,7992,2008,0.7992,7992,2008,0.7992,0
configs/exp4/lfu_lru_lru_lirs.cfg,experiments/data/hot8_scan_c48_seed42.in,LFU LRU LRU LIRS,4,12 12 12 12,48,10000,7992,2008,0.7992,7992,2008,0.7992,0
configs/exp4/lfu_lru_lru_lru.cfg,experiments/data/hot8_scan_c48_seed42.in,LFU LRU LRU LRU,4,12 12 12 12,48,10000,7992,2008,0.7992,7992,2008,0.7992,0
configs/exp4/lirs_2q.cfg,experiments/data/hot8_scan_c48_seed42.in,LIRS 2Q,2,24 24,48,10000,7992,2008,0.7992,7992,2008,0.7992,0
configs/exp4/lirs_2q_2q.cfg,experiments/data/hot8_scan_c48_seed42.in,LIRS 2Q 2Q,3,16 16 16,48,10000,7992,2008,0.7992,7992,2008,0.7992,0
configs/exp4/lirs_2q_2q_2q.cfg,experiments/data/hot8_scan_c48_seed42.in,LIRS 2Q 2Q 2Q,4,12 12 12 12,48,10000,7992,2008,0.7992,7992,2008,0.7992,0
configs/exp4/lirs_2q_2q_arc.cfg,experiments/data/hot8_scan_c48_seed42.in,LIRS 2Q 2Q ARC,4,12 12 12 12,48,10000,7992,2008,0.7992,7992,2008,0.7992,0
configs/exp4/lirs_2q_2q_lfu.cfg,experiments/data/hot8_scan_c48_seed42.in,LIRS 2Q 2Q LFU,4,12 12 12 12,48,10000,7992,2008,0.7992,7992,2008,0.7992,0
configs/exp4/lirs_2q_2q_lirs.cfg,experiments/data/hot8_scan_c48_seed42.in,LIRS 2Q 2Q LIRS,4,12 12 12 12,48,10000,7992,2008,0.7992,7992,2008,0.7992,0
configs/exp4/lirs_2q_2q_lru.cfg,experiments/data/hot8_scan_c48_seed42.in,LIRS 2Q 2Q LRU,4,12 12 12 12,48,10000,7992,2008,0.7992,7992,2008,0.7992,0
configs/exp4/lirs_2q_arc.cfg,experiments/data/hot8_scan_c48_seed42.in,LIRS 2Q ARC,3,16 16 16,48,10000,7992,2008,0.7992,7992,2008,0.7992,0
configs/exp4/lirs_2q_arc_2q.cfg,experiments/data/hot8_scan_c48_seed42.in,LIRS 2Q ARC 2Q,4,12 12 12 12,48,10000,7992,2008,0.7992,7992,2008,0.7992,0
configs/exp4/lirs_2q_arc_arc.cfg,experiments/data/hot8_scan_c48_seed42.in,LIRS 2Q ARC ARC,4,12 12 12 12,48,10000,7992,2008,0.7992,7992,2008,0.7992,0
configs/exp4/lirs_2q_arc_lfu.cfg,experiments/data/hot8_scan_c48_seed42.in,LIRS 2Q ARC LFU,4,12 12 12 12,48,10000,7992,2008,0.7992,7992,2008,0.7992,0
configs/exp4/lirs_2q_arc_lirs.cfg,experiments/data/hot8_scan_c48_seed42.in,LIRS 2Q ARC LIRS,4,12 12 12 12,48,10000,7992,2008,0.7992,7992,2008,0.7992,0
configs/exp4/lirs_2q_arc_lru.cfg,experiments/data/hot8_scan_c48_seed42.in,LIRS 2Q ARC LRU,4,12 12 12 12,48,10000,7992,2008,0.7992,7992,2008,0.7992,0
configs/exp4/lirs_2q_lfu.cfg,experiments/data/hot8_scan_c48_seed42.in,LIRS 2Q LFU,3,16 16 16,48,10000,7992,2008,0.7992,7992,2008,0.7992,0
configs/exp4/lirs_2q_lfu_2q.cfg,experiments/data/hot8_scan_c48_seed42.in,LIRS 2Q LFU 2Q,4,12 12 12 12,48,10000,7992,2008,0.7992,7992,2008,0.7992,0
configs/exp4/lirs_2q_lfu_arc.cfg,experiments/data/hot8_scan_c48_seed42.in,LIRS 2Q LFU ARC,4,12 12 12 12,48,10000,7992,2008,0.7992,7992,2008,0.7992,0
configs/exp4/lirs_2q_lfu_lfu.cfg,experiments/data/hot8_scan_c48_seed42.in,LIRS 2Q LFU LFU,4,12 12 12 12,48,10000,7992,2008,0.7992,7992,2008,0.7992,0
configs/exp4/lirs_2q_lfu_lirs.cfg,experiments/data/hot8_scan_c48_seed42.in,LIRS 2Q LFU LIRS,4,12 12 12 12,48,10000,7992,2008,0.7992,7992,2008,0.7992,0
configs/exp4/lirs_2q_lfu_lru.cfg,experiments/data/hot8_scan_c48_seed42.in,LIRS 2Q LFU LRU,4,12 12 12 12,48,10000,7992,2008,0.7992,7992,2008,0.7992,0
configs/exp4/lirs_2q_lirs.cfg,experiments/data/hot8_scan_c48_seed42.in,LIRS 2Q LIRS,3,16 16 16,48,10000,7992,2008,0.7992,7992,2008,0.7992,0
configs/exp4/lirs_2q_lirs_2q.cfg,experiments/data/hot8_scan_c48_seed42.in,LIRS 2Q LIRS 2Q,4,12 12 12 12,48,10000,7992,2008,0.7992,7992,2008,0.7992,0
configs/exp4/lirs_2q_lirs_arc.cfg,experiments/data/hot8_scan_c48_seed42.in,LIRS 2Q LIRS ARC,4,12 12 12 12,48,10000,7992,2008,0.7992,7992,2008,0.7992,0
configs/exp4/lirs_2q_lirs_lfu.cfg,experiments/data/hot8_scan_c48_seed42.in,LIRS 2Q LIRS LFU,4,12 12 12 12,48,10000,7992,2008,0.7992,7992,2008,0.7992,0
configs/exp4/lirs_2q_lirs_lirs.cfg,experiments/data/hot8_scan_c48_seed42.in,LIRS 2Q LIRS LIRS,4,12 12 12 12,48,10000,7992,2008,0.7992,7992,2008,0.7992,0
configs/exp4/lirs_2q_lirs_lru.cfg,experiments/data/hot8_scan_c48_seed42.in,LIRS 2Q LIRS LRU,4,12 12 12 12,48,10000,7992,2008,0.7992,7992,2008,0.7992,0
configs/exp4/lirs_2q_lru.cfg,experiments/data/hot8_scan_c48_seed42.in,LIRS 2Q LRU,3,16 16 16,48,10000,7992,2008,0.7992,7992,2008,0.7992,0
configs/exp4/lirs_2q_lru_2q.cfg,experiments/data/hot8_scan_c48_seed42.in,LIRS 2Q LRU 2Q,4,12 12 12 12,48,10000,7992,2008,0.7992,7992,2008,0.7992,0
configs/exp4/lirs_2q_lru_arc.cfg,experiments/data/hot8_scan_c48_seed42.in,LIRS 2Q LRU ARC,4,12 12 12 12,48,10000,7992,2008,0.7992,7992,2008,0.7992,0
configs/exp4/lirs_2q_lru_lfu.cfg,experiments/data/hot8_scan_c48_seed42.in,LIRS 2Q LRU LFU,4,12 12 12 12,48,10000,7992,2008,0.7992,7992,2008,0.7992,0
configs/exp4/lirs_2q_lru_lirs.cfg,experiments/data/hot8_scan_c48_seed42.in,LIRS 2Q LRU LIRS,4,12 12 12 12,48,10000,7992,2008,0.7992,7992,2008,0.7992,0
configs/exp4/lirs_2q_lru_lru.cfg,experiments/data/hot8_scan_c48_seed42.in,LIRS 2Q LRU LRU,4,12 12 12 12,48,10000,7992,2008,0.7992,7992,2008,0.7992,0
configs/exp4/lirs_arc.cfg,experiments/data/hot8_scan_c48_seed42.in,LIRS ARC,2,24 24,48,10000,7992,2008,0.7992,7992,2008,0.7992,0
configs/exp4/lirs_arc_2q.cfg,experiments/data/hot8_scan_c48_seed42.in,LIRS ARC 2Q,3,16 16 16,48,10000,7992,2008,0.7992,7992,2008,0.7992,0
configs/exp4/lirs_arc_2q_2q.cfg,experiments/data/hot8_scan_c48_seed42.in,LIRS ARC 2Q 2Q,4,12 12 12 12,48,10000,7992,2008,0.7992,7992,2008,0.7992,0
configs/exp4/lirs_arc_2q_arc.cfg,experiments/data/hot8_scan_c48_seed42.in,LIRS ARC 2Q ARC,4,12 12 12 12,48,10000,7992,2008,0.7992,7992,2008,0.7992,0
configs/exp4/lirs_arc_2q_lfu.cfg,experiments/data/hot8_scan_c48_seed42.in,LIRS ARC 2Q LFU,4,12 12 12 12,48,10000,7992,2008,0.7992,7992,2008,0.7992,0
configs/exp4/lirs_arc_2q_lirs.cfg,experiments/data/hot8_scan_c48_seed42.in,LIRS ARC 2Q LIRS,4,12 12 12 12,48,10000,7992,2008,0.7992,7992,2008,0.7992,0
configs/exp4/lirs_arc_2q_lru.cfg,experiments/data/hot8_scan_c48_seed42.in,LIRS ARC 2Q LRU,4,12 12 12 12,48,10000,7992,2008,0.7992,7992,2008,0.7992,0
configs/exp4/lirs_arc_arc.cfg,experiments/data/hot8_scan_c48_seed42.in,LIRS ARC ARC,3,16 16 16,48,10000,7992,2008,0.7992,7992,2008,0.7992,0
configs/exp4/lirs_arc_arc_2q.cfg,experiments/data/hot8_scan_c48_seed42.in,LIRS ARC ARC 2Q,4,12 12 12 12,48,10000,7992,2008,0.7992,7992,2008,0.7992,0
configs/exp4/lirs_arc_arc_arc.cfg,experiments/data/hot8_scan_c48_seed42.in,LIRS ARC ARC ARC,4,12 12 12 12,48,10000,7992,2008,0.7992,7992,2008,0.7992,0
configs/exp4/lirs_arc_arc_lfu.cfg,experiments/data/hot8_scan_c48_seed42.in,LIRS ARC ARC LFU,4,12 12 12 12,48,10000,7992,2008,0.7992,7992,2008,0.7992,0
configs/exp4/lirs_arc_arc_lirs.cfg,experiments/data/hot8_scan_c48_seed42.in,LIRS ARC ARC LIRS,4,12 12 12 12,48,10000,7992,2008,0.7992,7992,2008,0.7992,0
configs/exp4/lirs_arc_arc_lru.cfg,experiments/data/hot8_scan_c48_seed42.in,LIRS ARC ARC LRU,4,12 12 12 12,48,10000,7992,2008,0.7992,7992,2008,0.7992,0
configs/exp4/lirs_arc_lfu.cfg,experiments/data/hot8_scan_c48_seed42.in,LIRS ARC LFU,3,16 16 16,48,10000,7992,2008,0.7992,7992,2008,0.7992,0
configs/exp4/lirs_arc_lfu_2q.cfg,experiments/data/hot8_scan_c48_seed42.in,LIRS ARC LFU 2Q,4,12 12 12 12,48,10000,7992,2008,0.7992,7992,2008,0.7992,0
configs/exp4/lirs_arc_lfu_arc.cfg,experiments/data/hot8_scan_c48_seed42.in,LIRS ARC LFU ARC,4,12 12 12 12,48,10000,7992,2008,0.7992,7992,2008,0.7992,0
configs/exp4/lirs_arc_lfu_lfu.cfg,experiments/data/hot8_scan_c48_seed42.in,LIRS ARC LFU LFU,4,12 12 12 12,48,10000,7992,2008,0.7992,7992,2008,0.7992,0
configs/exp4/lirs_arc_lfu_lirs.cfg,experiments/data/hot8_scan_c48_seed42.in,LIRS ARC LFU LIRS,4,12 12 12 12,48,10000,7992,2008,0.7992,7992,2008,0.7992,0
configs/exp4/lirs_arc_lfu_lru.cfg,experiments/data/hot8_scan_c48_seed42.in,LIRS ARC LFU LRU,4,12 12 12 12,48,10000,7992,2008,0.7992,7992,2008,0.7992,0
configs/exp4/lirs_arc_lirs.cfg,experiments/data/hot8_scan_c48_seed42.in,LIRS ARC LIRS,3,16 16 16,48,10000,7992,2008,0.7992,7992,2008,0.7992,0
configs/exp4/lirs_arc_lirs_2q.cfg,experiments/data/hot8_scan_c48_seed42.in,LIRS ARC LIRS 2Q,4,12 12 12 12,48,10000,7992,2008,0.7992,7992,2008,0.7992,0
configs/exp4/lirs_arc_lirs_arc.cfg,experiments/data/hot8_scan_c48_seed42.in,LIRS ARC LIRS ARC,4,12 12 12 12,48,10000,7992,2008,0.7992,7992,2008,0.7992,0
configs/exp4/lirs_arc_lirs_lfu.cfg,experiments/data/hot8_scan_c48_seed42.in,LIRS ARC LIRS LFU,4,12 12 12 12,48,10000,7992,2008,0.7992,7992,2008,0.7992,0
configs/exp4/lirs_arc_lirs_lirs.cfg,experiments/data/hot8_scan_c48_seed42.in,LIRS ARC LIRS LIRS,4,12 12 12 12,48,10000,7992,2008,0.7992,7992,2008,0.7992,0
configs/exp4/lirs_arc_lirs_lru.cfg,experiments/data/hot8_scan_c48_seed42.in,LIRS ARC LIRS LRU,4,12 12 12 12,48,10000,7992,2008,0.7992,7992,2008,0.7992,0
configs/exp4/lirs_arc_lru.cfg,experiments/data/hot8_scan_c48_seed42.in,LIRS ARC LRU,3,16 16 16,48,10000,7992,2008,0.7992,7992,2008,0.7992,0
configs/exp4/lirs_arc_lru_2q.cfg,experiments/data/hot8_scan_c48_seed42.in,LIRS ARC LRU 2Q,4,12 12 12 12,48,10000,7992,2008,0.7992,7992,2008,0.7992,0
configs/exp4/lirs_arc_lru_arc.cfg,experiments/data/hot8_scan_c48_seed42.in,LIRS ARC LRU ARC,4,12 12 12 12,48,10000,7992,2008,0.7992,7992,2008,0.7992,0
configs/exp4/lirs_arc_lru_lfu.cfg,experiments/data/hot8_scan_c48_seed42.in,LIRS ARC LRU LFU,4,12 12 12 12,48,10000,7992,2008,0.7992,7992,2008,0.7992,0
configs/exp4/lirs_arc_lru_lirs.cfg,experiments/data/hot8_scan_c48_seed42.in,LIRS ARC LRU LIRS,4,12 12 12 12,48,10000,7992,2008,0.7992,7992,2008,0.7992,0
configs/exp4/lirs_arc_lru_lru.cfg,experiments/data/hot8_scan_c48_seed42.in,LIRS ARC LRU LRU,4,12 12 12 12,48,10000,7992,2008,0.7992,7992,2008,0.7992,0
configs/exp4/lirs_lfu.cfg,experiments/data/hot8_scan_c48_seed42.in,LIRS LFU,2,24 24,48,10000,7992,2008,0.7992,7992,2008,0.7992,0
configs/exp4/lirs_lfu_2q.cfg,experiments/data/hot8_scan_c48_seed42.in,LIRS LFU 2Q,3,16 16 16,48,10000,7992,2008,0.7992,7992,2008,0.7992,0
configs/exp4/lirs_lfu_2q_2q.cfg,experiments/data/hot8_scan_c48_seed42.in,LIRS LFU 2Q 2Q,4,12 12 12 12,48,10000,7992,2008,0.7992,7992,2008,0.7992,0
configs/exp4/lirs_lfu_2q_arc.cfg,experiments/data/hot8_scan_c48_seed42.in,LIRS LFU 2Q ARC,4,12 12 12 12,48,10000,7992,2008,0.7992,7992,2008,0.7992,0
configs/exp4/lirs_lfu_2q_lfu.cfg,experiments/data/hot8_scan_c48_seed42.in,LIRS LFU 2Q LFU,4,12 12 12 12,48,10000,7992,2008,0.7992,7992,2008,0.7992,0
configs/exp4/lirs_lfu_2q_lirs.cfg,experiments/data/hot8_scan_c48_seed42.in,LIRS LFU 2Q LIRS,4,12 12 12 12,48,10000,7992,2008,0.7992,7992,2008,0.7992,0
configs/exp4/lirs_lfu_2q_lru.cfg,experiments/data/hot8_scan_c48_seed42.in,LIRS LFU 2Q LRU,4,12 12 12 12,48,10000,7992,2008,0.7992,7992,2008,0.7992,0
configs/exp4/lirs_lfu_arc.cfg,experiments/data/hot8_scan_c48_seed42.in,LIRS LFU ARC,3,16 16 16,48,10000,7992,2008,0.7992,7992,2008,0.7992,0
configs/exp4/lirs_lfu_arc_2q.cfg,experiments/data/hot8_scan_c48_seed42.in,LIRS LFU ARC 2Q,4,12 12 12 12,48,10000,7992,2008,0.7992,7992,2008,0.7992,0
configs/exp4/lirs_lfu_arc_arc.cfg,experiments/data/hot8_scan_c48_seed42.in,LIRS LFU ARC ARC,4,12 12 12 12,48,10000,7992,2008,0.7992,7992,2008,0.7992,0
configs/exp4/lirs_lfu_arc_lfu.cfg,experiments/data/hot8_scan_c48_seed42.in,LIRS LFU ARC LFU,4,12 12 12 12,48,10000,7992,2008,0.7992,7992,2008,0.7992,0
configs/exp4/lirs_lfu_arc_lirs.cfg,experiments/data/hot8_scan_c48_seed42.in,LIRS LFU ARC LIRS,4,12 12 12 12,48,10000,7992,2008,0.7992,7992,2008,0.7992,0
configs/exp4/lirs_lfu_arc_lru.cfg,experiments/data/hot8_scan_c48_seed42.in,LIRS LFU ARC LRU,4,12 12 12 12,48,10000,7992,2008,0.7992,7992,2008,0.7992,0
configs/exp4/lirs_lfu_lfu.cfg,experiments/data/hot8_scan_c48_seed42.in,LIRS LFU LFU,3,16 16 16,48,10000,7992,2008,0.7992,7992,2008,0.7992,0
configs/exp4/lirs_lfu_lfu_2q.cfg,experiments/data/hot8_scan_c48_seed42.in,LIRS LFU LFU 2Q,4,12 12 12 12,48,10000,7992,2008,0.7992,7992,2008,0.7992,0
configs/exp4/lirs_lfu_lfu_arc.cfg,experiments/data/hot8_scan_c48_seed42.in,LIRS LFU LFU ARC,4,12 12 12 12,48,10000,7992,2008,0.7992,7992,2008,0.7992,0
configs/exp4/lirs_lfu_lfu_lfu.cfg,experiments/data/hot8_scan_c48_seed42.in,LIRS LFU LFU LFU,4,12 12 12 12,48,10000,7992,2008,0.7992,7992,2008,0.7992,0
configs/exp4/lirs_lfu_lfu_lirs.cfg,experiments/data/hot8_scan_c48_seed42.in,LIRS LFU LFU LIRS,4,12 12 12 12,48,10000,7992,2008,0.7992,7992,2008,0.7992,0
configs/exp4/lirs_lfu_lfu_lru.cfg,experiments/data/hot8_scan_c48_seed42.in,LIRS LFU LFU LRU,4,12 12 12 12,48,10000,7992,2008,0.7992,7992,2008,0.7992,0
configs/exp4/lirs_lfu_lirs.cfg,experiments/data/hot8_scan_c48_seed42.in,LIRS LFU LIRS,3,16 16 16,48,10000,7992,2008,0.7992,7992,2008,0.7992,0
configs/exp4/lirs_lfu_lirs_2q.cfg,experiments/data/hot8_scan_c48_seed42.in,LIRS LFU LIRS 2Q,4,12 12 12 12,48,10000,7992,2008,0.7992,7992,2008,0.7992,0
configs/exp4/lirs_lfu_lirs_arc.cfg,experiments/data/hot8_scan_c48_seed42.in,LIRS LFU LIRS ARC,4,12 12 12 12,48,10000,7992,2008,0.7992,7992,2008,0.7992,0
configs/exp4/lirs_lfu_lirs_lfu.cfg,experiments/data/hot8_scan_c48_seed42.in,LIRS LFU LIRS LFU,4,12 12 12 12,48,10000,7992,2008,0.7992,7992,2008,0.7992,0
configs/exp4/lirs_lfu_lirs_lirs.cfg,experiments/data/hot8_scan_c48_seed42.in,LIRS LFU LIRS LIRS,4,12 12 12 12,48,10000,7992,2008,0.7992,7992,2008,0.7992,0
configs/exp4/lirs_lfu_lirs_lru.cfg,experiments/data/hot8_scan_c48_seed42.in,LIRS LFU LIRS LRU,4,12 12 12 12,48,10000,7992,2008,0.7992,7992,2008,0.7992,0
configs/exp4/lirs_lfu_lru.cfg,experiments/data/hot8_scan_c48_seed42.in,LIRS LFU LRU,3,16 16 16,48,10000,7992,2008,0.7992,7992,2008,0.7992,0
configs/exp4/lirs_lfu_lru_2q.cfg,experiments/data/hot8_scan_c48_seed42.in,LIRS LFU LRU 2Q,4,12 12 12 12,48,10000,7992,2008,0.7992,7992,2008,0.7992,0
configs/exp4/lirs_lfu_lru_arc.cfg,experiments/data/hot8_scan_c48_seed42.in,LIRS LFU LRU ARC,4,12 12 12 12,48,10000,7992,2008,0.7992,7992,2008,0.7992,0
configs/exp4/lirs_lfu_lru_lfu.cfg,experiments/data/hot8_scan_c48_seed42.in,LIRS LFU LRU LFU,4,12 12 12 12,48,10000,7992,2008,0.7992,7992,2008,0.7992,0
configs/exp4/lirs_lfu_lru_lirs.cfg,experiments/data/hot8_scan_c48_seed42.in,LIRS LFU LRU LIRS,4,12 12 12 12,48,10000,7992,2008,0.7992,7992,2008,0.7992,0
configs/exp4/lirs_lfu_lru_lru.cfg,experiments/data/hot8_scan_c48_seed42.in,LIRS LFU LRU LRU,4,12 12 12 12,48,10000,7992,2008,0.7992,7992,2008,0.7992,0
configs/exp4/lirs_lirs_2q.cfg,experiments/data/hot8_scan_c48_seed42.in,LIRS LIRS 2Q,3,16 16 16,48,10000,7992,2008,0.7992,7992,2008,0.7992,0
configs/exp4/lirs_lirs_2q_2q.cfg,experiments/data/hot8_scan_c48_seed42.in,LIRS LIRS 2Q 2Q,4,12 12 12 12,48,10000,7992,2008,0.7992,7992,2008,0.7992,0
configs/exp4/lirs_lirs_2q_arc.cfg,experiments/data/hot8_scan_c48_seed42.in,LIRS LIRS 2Q ARC,4,12 12 12 12,48,10000,7992,2008,0.7992,7992,2008,0.7992,0
configs/exp4/lirs_lirs_2q_lfu.cfg,experiments/data/hot8_scan_c48_seed42.in,LIRS LIRS 2Q LFU,4,12 12 12 12,48,10000,7992,2008,0.7992,7992,2008,0.7992,0
configs/exp4/lirs_lirs_2q_lirs.cfg,experiments/data/hot8_scan_c48_seed42.in,LIRS LIRS 2Q LIRS,4,12 12 12 12,48,10000,7992,2008,0.7992,7992,2008,0.7992,0
configs/exp4/lirs_lirs_2q_lru.cfg,experiments/data/hot8_scan_c48_seed42.in,LIRS LIRS 2Q LRU,4,12 12 12 12,48,10000,7992,2008,0.7992,7992,2008,0.7992,0
configs/exp4/lirs_lirs_arc.cfg,experiments/data/hot8_scan_c48_seed42.in,LIRS LIRS ARC,3,16 16 16,48,10000,7992,2008,0.7992,7992,2008,0.7992,0
configs/exp4/lirs_lirs_arc_2q.cfg,experiments/data/hot8_scan_c48_seed42.in,LIRS LIRS ARC 2Q,4,12 12 12 12,48,10000,7992,2008,0.7992,7992,2008,0.7992,0
configs/exp4/lirs_lirs_arc_arc.cfg,experiments/data/hot8_scan_c48_seed42.in,LIRS LIRS ARC ARC,4,12 12 12 12,48,10000,7992,2008,0.7992,7992,2008,0.7992,0
configs/exp4/lirs_lirs_arc_lfu.cfg,experiments/data/hot8_scan_c48_seed42.in,LIRS LIRS ARC LFU,4,12 12 12 12,48,10000,7992,2008,0.7992,7992,2008,0.7992,0
configs/exp4/lirs_lirs_arc_lirs.cfg,experiments/data/hot8_scan_c48_seed42.in,LIRS LIRS ARC LIRS,4,12 12 12 12,48,10000,7992,2008,0.7992,7992,2008,0.7992,0
configs/exp4/lirs_lirs_arc_lru.cfg,experiments/data/hot8_scan_c48_seed42.in,LIRS LIRS ARC LRU,4,12 12 12 12,48,10000,7992,2008,0.7992,7992,2008,0.7992,0
configs/exp4/lirs_lirs_lfu.cfg,experiments/data/hot8_scan_c48_seed42.in,LIRS LIRS LFU,3,16 16 16,48,10000,7992,2008,0.7992,7992,2008,0.7992,0
configs/exp4/lirs_lirs_lfu_2q.cfg,experiments/data/hot8_scan_c48_seed42.in,LIRS LIRS LFU 2Q,4,12 12 12 12,48,10000,7992,2008,0.7992,7992,2008,0.7992,0
configs/exp4/lirs_lirs_lfu_arc.cfg,experiments/data/hot8_scan_c48_seed42.in,LIRS LIRS LFU ARC,4,12 12 12 12,48,10000,7992,2008,0.7992,7992,2008,0.7992,0
configs/exp4/lirs_lirs_lfu_lfu.cfg,experiments/data/hot8_scan_c48_seed42.in,LIRS LIRS LFU LFU,4,12 12 12 12,48,10000,7992,2008,0.7992,7992,2008,0.7992,0
configs/exp4/lirs_lirs_lfu_lirs.cfg,experiments/data/hot8_scan_c48_seed42.in,LIRS LIRS LFU LIRS,4,12 12 12 12,48,10000,7992,2008,0.7992,7992,2008,0.7992,0
configs/exp4/lirs_lirs_lfu_lru.cfg,experiments/data/hot8_scan_c48_seed42.in,LIRS LIRS LFU LRU,4,12 12 12 12,48,10000,7992,2008,0.7992,7992,2008,0.7992,0
configs/exp4/lirs_lirs_lirs_2q.cfg,experiments/data/hot8_scan_c48_seed42.in,LIRS LIRS LIRS 2Q,4,12 12 12 12,48,10000,7992,2008,0.7992,7992,2008,0.7992,0
configs/exp4/lirs_lirs_lirs_arc.cfg,experiments/data/hot8_scan_c48_seed42.in,LIRS LIRS LIRS ARC,4,12 12 12 12,48,10000,7992,2008,0.7992,7992,2008,0.7992,0
configs/exp4/lirs_lirs_lirs_lfu.cfg,experiments/data/hot8_scan_c48_seed42.in,LIRS LIRS LIRS LFU,4,12 12 12 12,48,10000,7992,2008,0.7992,7992,2008,0.7992,0
configs/exp4/lirs_lirs_lirs_lru.cfg,experiments/data/hot8_scan_c48_seed42.in,LIRS LIRS LIRS LRU,4,12 12 12 12,48,10000,7992,2008,0.7992,7992,2008,0.7992,0
configs/exp4/lirs_lirs_lru.cfg,experiments/data/hot8_scan_c48_seed42.in,LIRS LIRS LRU,3,16 16 16,48,10000,7992,2008,0.7992,7992,2008,0.7992,0
configs/exp4/lirs_lirs_lru_2q.cfg,experiments/data/hot8_scan_c48_seed42.in,LIRS LIRS LRU 2Q,4,12 12 12 12,48,10000,7992,2008,0.7992,7992,2008,0.7992,0
configs/exp4/lirs_lirs_lru_arc.cfg,experiments/data/hot8_scan_c48_seed42.in,LIRS LIRS LRU ARC,4,12 12 12 12,48,10000,7992,2008,0.7992,7992,2008,0.7992,0
configs/exp4/lirs_lirs_lru_lfu.cfg,experiments/data/hot8_scan_c48_seed42.in,LIRS LIRS LRU LFU,4,12 12 12 12,48,10000,7992,2008,0.7992,7992,2008,0.7992,0
configs/exp4/lirs_lirs_lru_lirs.cfg,experiments/data/hot8_scan_c48_seed42.in,LIRS LIRS LRU LIRS,4,12 12 12 12,48,10000,7992,2008,0.7992,7992,2008,0.7992,0
configs/exp4/lirs_lirs_lru_lru.cfg,experiments/data/hot8_scan_c48_seed42.in,LIRS LIRS LRU LRU,4,12 12 12 12,48,10000,7992,2008,0.7992,7992,2008,0.7992,0
configs/exp4/lirs_lru.cfg,experiments/data/hot8_scan_c48_seed42.in,LIRS LRU,2,24 24,48,10000,7992,2008,0.7992,7992,2008,0.7992,0
configs/exp4/lirs_lru_2q.cfg,experiments/data/hot8_scan_c48_seed42.in,LIRS LRU 2Q,3,16 16 16,48,10000,7992,2008,0.7992,7992,2008,0.7992,0
configs/exp4/lirs_lru_2q_2q.cfg,experiments/data/hot8_scan_c48_seed42.in,LIRS LRU 2Q 2Q,4,12 12 12 12,48,10000,7992,2008,0.7992,7992,2008,0.7992,0
configs/exp4/lirs_lru_2q_arc.cfg,experiments/data/hot8_scan_c48_seed42.in,LIRS LRU 2Q ARC,4,12 12 12 12,48,10000,7992,2008,0.7992,7992,2008,0.7992,0
configs/exp4/lirs_lru_2q_lfu.cfg,experiments/data/hot8_scan_c48_seed42.in,LIRS LRU 2Q LFU,4,12 12 12 12,48,10000,7992,2008,0.7992,7992,2008,0.7992,0
configs/exp4/lirs_lru_2q_lirs.cfg,experiments/data/hot8_scan_c48_seed42.in,LIRS LRU 2Q LIRS,4,12 12 12 12,48,10000,7992,2008,0.7992,7992,2008,0.7992,0
configs/exp4/lirs_lru_2q_lru.cfg,experiments/data/hot8_scan_c48_seed42.in,LIRS LRU 2Q LRU,4,12 12 12 12,48,10000,7992,2008,0.7992,7992,2008,0.7992,0
configs/exp4/lirs_lru_arc.cfg,experiments/data/hot8_scan_c48_seed42.in,LIRS LRU ARC,3,16 16 16,48,10000,7992,2008,0.7992,7992,2008,0.7992,0
configs/exp4/lirs_lru_arc_2q.cfg,experiments/data/hot8_scan_c48_seed42.in,LIRS LRU ARC 2Q,4,12 12 12 12,48,10000,7992,2008,0.7992,7992,2008,0.7992,0
configs/exp4/lirs_lru_arc_arc.cfg,experiments/data/hot8_scan_c48_seed42.in,LIRS LRU ARC ARC,4,12 12 12 12,48,10000,7992,2008,0.7992,7992,2008,0.7992,0
configs/exp4/lirs_lru_arc_lfu.cfg,experiments/data/hot8_scan_c48_seed42.in,LIRS LRU ARC LFU,4,12 12 12 12,48,10000,7992,2008,0.7992,7992,2008,0.7992,0
configs/exp4/lirs_lru_arc_lirs.cfg,experiments/data/hot8_scan_c48_seed42.in,LIRS LRU ARC LIRS,4,12 12 12 12,48,10000,7992,2008,0.7992,7992,2008,0.7992,0
configs/exp4/lirs_lru_arc_lru.cfg,experiments/data/hot8_scan_c48_seed42.in,LIRS LRU ARC LRU,4,12 12 12 12,48,10000,7992,2008,0.7992,7992,2008,0.7992,0
configs/exp4/lirs_lru_lfu.cfg,experiments/data/hot8_scan_c48_seed42.in,LIRS LRU LFU,3,16 16 16,48,10000,7992,2008,0.7992,7992,2008,0.7992,0
configs/exp4/lirs_lru_lfu_2q.cfg,experiments/data/hot8_scan_c48_seed42.in,LIRS LRU LFU 2Q,4,12 12 12 12,48,10000,7992,2008,0.7992,7992,2008,0.7992,0
configs/exp4/lirs_lru_lfu_arc.cfg,experiments/data/hot8_scan_c48_seed42.in,LIRS LRU LFU ARC,4,12 12 12 12,48,10000,7992,2008,0.7992,7992,2008,0.7992,0
configs/exp4/lirs_lru_lfu_lfu.cfg,experiments/data/hot8_scan_c48_seed42.in,LIRS LRU LFU LFU,4,12 12 12 12,48,10000,7992,2008,0.7992,7992,2008,0.7992,0
configs/exp4/lirs_lru_lfu_lirs.cfg,experiments/data/hot8_scan_c48_seed42.in,LIRS LRU LFU LIRS,4,12 12 12 12,48,10000,7992,2008,0.7992,7992,2008,0.7992,0
configs/exp4/lirs_lru_lfu_lru.cfg,experiments/data/hot8_scan_c48_seed42.in,LIRS LRU LFU LRU,4,12 12 12 12,48,10000,7992,2008,0.7992,7992,2008,0.7992,0
configs/exp4/lirs_lru_lirs.cfg,experiments/data/hot8_scan_c48_seed42.in,LIRS LRU LIRS,3,16 16 16,48,10000,7992,2008,0.7992,7992,2008,0.7992,0
configs/exp4/lirs_lru_lirs_2q.cfg,experiments/data/hot8_scan_c48_seed42.in,LIRS LRU LIRS 2Q,4,12 12 12 12,48,10000,7992,2008,0.7992,7992,2008,0.7992,0
configs/exp4/lirs_lru_lirs_arc.cfg,experiments/data/hot8_scan_c48_seed42.in,LIRS LRU LIRS ARC,4,12 12 12 12,48,10000,7992,2008,0.7992,7992,2008,0.7992,0
configs/exp4/lirs_lru_lirs_lfu.cfg,experiments/data/hot8_scan_c48_seed42.in,LIRS LRU LIRS LFU,4,12 12 12 12,48,10000,7992,2008,0.7992,7992,2008,0.7992,0
configs/exp4/lirs_lru_lirs_lirs.cfg,experiments/data/hot8_scan_c48_seed42.in,LIRS LRU LIRS LIRS,4,12 12 12 12,48,10000,7992,2008,0.7992,7992,2008,0.7992,0
configs/exp4/lirs_lru_lirs_lru.cfg,experiments/data/hot8_scan_c48_seed42.in,LIRS LRU LIRS LRU,4,12 12 12 12,48,10000,7992,2008,0.7992,7992,2008,0.7992,0
configs/exp4/lirs_lru_lru.cfg,experiments/data/hot8_scan_c48_seed42.in,LIRS LRU LRU,3,16 16 16,48,10000,7992,2008,0.7992,7992,2008,0.7992,0
configs/exp4/lirs_lru_lru_2q.cfg,experiments/data/hot8_scan_c48_seed42.in,LIRS LRU LRU 2Q,4,12 12 12 12,48,10000,7992,2008,0.7992,7992,2008,0.7992,0
configs/exp4/lirs_lru_lru_arc.cfg,experiments/data/hot8_scan_c48_seed42.in,LIRS LRU LRU ARC,4,12 12 12 12,48,10000,7992,2008,0.7992,7992,2008,0.7992,0
configs/exp4/lirs_lru_lru_lfu.cfg,experiments/data/hot8_scan_c48_seed42.in,LIRS LRU LRU LFU,4,12 12 12 12,48,10000,7992,2008,0.7992,7992,2008,0.7992,0
configs/exp4/lirs_lru_lru_lirs.cfg,experiments/data/hot8_scan_c48_seed42.in,LIRS LRU LRU LIRS,4,12 12 12 12,48,10000,7992,2008,0.7992,7992,2008,0.7992,0
configs/exp4/lirs_lru_lru_lru.cfg,experiments/data/hot8_scan_c48_seed42.in,LIRS LRU LRU LRU,4,12 12 12 12,48,10000,7992,2008,0.7992,7992,2008,0.7992,0
configs/exp4/lru_2q.cfg,experiments/data/hot8_scan_c48_seed42.in,LRU 2Q,2,24 24,48,10000,7991,2009,0.7991,7992,2008,0.7992,1
configs/exp4/lru_2q_2q.cfg,experiments/data/hot8_scan_c48_seed42.in,LRU 2Q 2Q,3,16 16 16,48,10000,7945,2055,0.7945,7992,2008,0.7992,47
configs/exp4/lru_2q_2q_2q.cfg,experiments/data/hot8_scan_c48_seed42.in,LRU 2Q 2Q 2Q,4,12 12 12 12,48,10000,7983,2017,0.7983,7992,2008,0.7992,9
configs/exp4/lru_2q_2q_arc.cfg,experiments/data/hot8_scan_c48_seed42.in,LRU 2Q 2Q ARC,4,12 12 12 12,48,10000,7984,2016,0.7984,7992,2008,0.7992,8
configs/exp4/lru_2q_2q_lfu.cfg,experiments/data/hot8_scan_c48_seed42.in,LRU 2Q 2Q LFU,4,12 12 12 12,48,10000,7984,2016,0.7984,7992,2008,0.7992,8
configs/exp4/lru_2q_2q_lirs.cfg,experiments/data/hot8_scan_c48_seed42.in,LRU 2Q 2Q LIRS,4,12 12 12 12,48,10000,7990,2010,0.799,7992,2008,0.7992,2
configs/exp4/lru_2q_2q_lru.cfg,experiments/data/hot8_scan_c48_seed42.in,LRU 2Q 2Q LRU,4,12 12 12 12,48,10000,7984,2016,0.7984,7992,2008,0.7992,8
configs/exp4/lru_2q_arc.cfg,experiments/data/hot8_scan_c48_seed42.in,LRU 2Q ARC,3,16 16 16,48,10000,7938,2062,0.7938,7992,2008,0.7992,54
configs/exp4/lru_2q_arc_2q.cfg,experiments/data/hot8_scan_c48_seed42.in,LRU 2Q ARC 2Q,4,12 12 12 12,48,10000,7983,2017,0.7983,7992,2008,0.7992,9
configs/exp4/lru_2q_arc_arc.cfg,experiments/data/hot8_scan_c48_seed42.in,LRU 2Q ARC ARC,4,12 12 12 12,48,10000,7980,2020,0.798,7992,2008,0.7992,12
configs/exp4/lru_2q_arc_lfu.cfg,experiments/data/hot8_scan_c48_seed42.in,LRU 2Q ARC LFU,4,12 12 12 12,48,10000,7980,2020,0.798,7992,2008,0.7992,12
configs/exp4/lru_2q_arc_lirs.cfg,experiments/data/hot8_scan_c48_seed42.in,LRU 2Q ARC LIRS,4,12 12 12 12,48,10000,7990,2010,0.799,7992,2008,0.7992,2
configs/exp4/lru_2q_arc_lru.cfg,experiments/data/hot8_scan_c48_seed42.in,LRU 2Q ARC LRU,4,12 12 12 12,48,10000,7981,2019,0.7981,7992,2008,0.7992,11
configs/exp4/lru_2q_lfu.cfg,experiments/data/hot8_scan_c48_seed42.in,LRU 2Q LFU,3,16 16 16,48,10000,7938,2062,0.7938,7992,2008,0.7992,54
configs/exp4/lru_2q_lfu_2q.cfg,experiments/data/hot8_scan_c48_seed42.in,LRU 2Q LFU 2Q,4,12 12 12 12,48,10000,7983,2017,0.7983,7992,2008,0.7992,9
configs/exp4/lru_2q_lfu_arc.cfg,experiments/data/hot8_scan_c48_seed42.in,LRU 2Q LFU ARC,4,12 12 12 12,48,10000,7980,2020,0.798,7992,2008,0.7992,12
configs/exp4/lru_2q_lfu_lfu.cfg,experiments/data/hot8_scan_c48_seed42.in,LRU 2Q LFU LFU,4,12 12 12 12,48,10000,7977,2023,0.7977,7992,2008,0.7992,15
configs/exp4/lru_2q_lfu_lirs.cfg,experiments/data/hot8_scan_c48_seed42.in,LRU 2Q LFU LIRS,4,12 12 12 12,48,10000,7990,2010,0.799,7992,2008,0.7992,2
configs/exp4/lru_2q_lfu_lru.cfg,experiments/data/hot8_scan_c48_seed42.in,LRU 2Q LFU LRU,4,12 12 12 12,48,10000,7978,2022,0.7978,7992,2008,0.7992,14
configs/exp4/lru_2q_lirs.cfg,experiments/data/hot8_scan_c48_seed42.in,LRU 2Q LIRS,3,16 16 16,48,10000,7987,2013,0.7987,7992,2008,0.7992,5
configs/exp4/lru_2q_lirs_2q.cfg,experiments/data/hot8_scan_c48_seed42.in,LRU 2Q LIRS 2Q,4,12 12 12 12,48,10000,7990,2010,0.799,7992,2008,0.7992,2
configs/exp4/lru_2q_lirs_arc.cfg,experiments/data/hot8_scan_c48_seed42.in,LRU 2Q LIRS ARC,4,12 12 12 12,48,10000,7990,2010,0.799,7992,2008,0.7992,2
configs/exp4/lru_2q_lirs_lfu.cfg,experiments/data/hot8_scan_c48_seed42.in,LRU 2Q LIRS LFU,4,12 12 12 12,48,10000,7990,2010,0.799,7992,2008,0.7992,2
configs/exp4/lru_2q_lirs_lirs.cfg,experiments/data/hot8_scan_c48_seed42.in,LRU 2Q LIRS LIRS,4,12 12 12 12,48,10000,7989,2011,0.7989,7992,2008,0.7992,3
configs/exp4/lru_2q_lirs_lru.cfg,experiments/data/hot8_scan_c48_seed42.in,LRU 2Q LIRS LRU,4,12 12 12 12,48,10000,7990,2010,0.799,7992,2008,0.7992,2
configs/exp4/lru_2q_lru.cfg,experiments/data/hot8_scan_c48_seed42.in,LRU 2Q LRU,3,16 16 16,48,10000,7938,2062,0.7938,7992,2008,0.7992,54
configs/exp4/lru_2q_lru_2q.cfg,experiments/data/hot8_scan_c48_seed42.in,LRU 2Q LRU 2Q,4,12 12 12 12,48,10000,7984,2016,0.7984,7992,2008,0.7992,8
configs/exp4/lru_2q_lru_arc.cfg,experiments/data/hot8_scan_c48_seed42.in,LRU 2Q LRU ARC,4,12 12 12 12,48,10000,7978,2022,0.7978,7992,2008,0.7992,14
configs/exp4/lru_2q_lru_lfu.cfg,experiments/data/hot8_scan_c48_seed42.in,LRU 2Q LRU LFU,4,12 12 12 12,48,10000,7978,2022,0.7978,7992,2008,0.7992,14
configs/exp4/lru_2q_lru_lirs.cfg,experiments/data/hot8_scan_c48_seed42.in,LRU 2Q LRU LIRS,4,12 12 12 12,48,10000,7990,2010,0.799,7992,2008,0.7992,2
configs/exp4/lru_2q_lru_lru.cfg,experiments/data/hot8_scan_c48_seed42.in,LRU 2Q LRU LRU,4,12 12 12 12,48,10000,7978,2022,0.7978,7992,2008,0.7992,14
configs/exp4/lru_arc.cfg,experiments/data/hot8_scan_c48_seed42.in,LRU ARC,2,24 24,48,10000,7991,2009,0.7991,7992,2008,0.7992,1
configs/exp4/lru_arc_2q.cfg,experiments/data/hot8_scan_c48_seed42.in,LRU ARC 2Q,3,16 16 16,48,10000,7945,2055,0.7945,7992,2008,0.7992,47
configs/exp4/lru_arc_2q_2q.cfg,experiments/data/hot8_scan_c48_seed42.in,LRU ARC 2Q 2Q,4,12 12 12 12,48,10000,7983,2017,0.7983,7992,2008,0.7992,9
configs/exp4/lru_arc_2q_arc.cfg,experiments/data/hot8_scan_c48_seed42.in,LRU ARC 2Q ARC,4,12 12 12 12,48,10000,7984,2016,0.7984,7992,2008,0.7992,8
configs/exp4/lru_arc_2q_lfu.cfg,experiments/data/hot8_scan_c48_seed42.in,LRU ARC 2Q LFU,4,12 12 12 12,48,10000,7984,2016,0.7984,7992,2008,0.7992,8
configs/exp4/lru_arc_2q_lirs.cfg,experiments/data/hot8_scan_c48_seed42.in,LRU ARC 2Q LIRS,4,12 12 12 12,48,10000,7990,2010,0.799,7992,2008,0.7992,2
configs/exp4/lru_arc_2q_lru.cfg,experiments/data/hot8_scan_c48_seed42.in,LRU ARC 2Q LRU,4,12 12 12 12,48,10000,7984,2016,0.7984,7992,2008,0.7992,8
configs/exp4/lru_arc_arc.cfg,experiments/data/hot8_scan_c48_seed42.in,LRU ARC ARC,3,16 16 16,48,10000,7936,2064,0.7936,7992,2008,0.7992,56
configs/exp4/lru_arc_arc_2q.cfg,experiments/data/hot8_scan_c48_seed42.in,LRU ARC ARC 2Q,4,12 12 12 12,48,10000,7983,2017,0.7983,7992,2008,0.7992,9
configs/exp4/lru_arc_arc_arc.cfg,experiments/data/hot8_scan_c48_seed42.in,LRU ARC ARC ARC,4,12 12 12 12,48,10000,7971,2029,0.7971,7992,2008,0.7992,21
configs/exp4/lru_arc_arc_lfu.cfg,experiments/data/hot8_scan_c48_seed42.in,LRU ARC ARC LFU,4,12 12 12 12,48,10000,7971,2029,0.7971,7992,2008,0.7992,21
configs/exp4/lru_arc_arc_lirs.cfg,experiments/data/hot8_scan_c48_seed42.in,LRU ARC ARC LIRS,4,12 12 12 12,48,10000,7990,2010,0.799,7992,2008,0.7992,2
configs/exp4/lru_arc_arc_lru.cfg,experiments/data/hot8_scan_c48_seed42.in,LRU ARC ARC LRU,4,12 12 12 12,48,10000,7972,2028,0.7972,7992,2008,0.7992,20
configs/exp4/lru_arc_lfu.cfg,experiments/data/hot8_scan_c48_seed42.in,LRU ARC LFU,3,16 16 16,48,10000,7936,2064,0.7936,7992,2008,0.7992,56
configs/exp4/lru_arc_lfu_2q.cfg,experiments/data/hot8_scan_c48_seed42.in,LRU ARC LFU 2Q,4,12 12 12 12,48,10000,7983,2017,0.7983,7992,2008,0.7992,9
configs/exp4/lru_arc_lfu_arc.cfg,experiments/data/hot8_scan_c48_seed42.in,LRU ARC LFU ARC,4,12 12 12 12,48,10000,7971,2029,0.7971,7992,2008,0.7992,21
configs/exp4/lru_arc_lfu_lfu.cfg,experiments/data/hot8_scan_c48_seed42.in,LRU ARC LFU LFU,4,12 12 12 12,48,10000,7970,2030,0.797,7992,2008,0.7992,22
configs/exp4/lru_arc_lfu_lirs.cfg,experiments/data/hot8_scan_c48_seed42.in,LRU ARC LFU LIRS,4,12 12 12 12,48,10000,7990,2010,0.799,7992,2008,0.7992,2
configs/exp4/lru_arc_lfu_lru.cfg,experiments/data/hot8_scan_c48_seed42.in,LRU ARC LFU LRU,4,12 12 12 12,48,10000,7971,2029,0.7971,7992,2008,0.7992,21
configs/exp4/lru_arc_lirs.cfg,experiments/data/hot8_scan_c48_seed42.in,LRU ARC LIRS,3,16 16 16,48,10000,7987,2013,0.7987,7992,2008,0.7992,5
configs/exp4/lru_arc_lirs_2q.cfg,experiments/data/hot8_scan_c48_seed42.in,LRU ARC LIRS 2Q,4,12 12 12 12,48,10000,7990,2010,0.799,7992,2008,0.7992,2
configs/exp4/lru_arc_lirs_arc.cfg,experiments/data/hot8_scan_c48_seed42.in,LRU ARC LIRS ARC,4,12 12 12 12,48,10000,7990,2010,0.799,7992,2008,0.7992,2
configs/exp4/lru_arc_lirs_lfu.cfg,experiments/data/hot8_scan_c48_seed42.in,LRU ARC LIRS LFU,4,12 12 12 12,48,10000,7990,2010,0.799,7992,2008,0.7992,2
configs/exp4/lru_arc_lirs_lirs.cfg,experiments/data/hot8_scan_c48_seed42.in,LRU ARC LIRS LIRS,4,12 12 12 12,48,10000,7990,2010,0.799,7992,2008,0.7992,2
configs/exp4/lru_arc_lirs_lru.cfg,experiments/data/hot8_scan_c48_seed42.in,LRU ARC LIRS LRU,4,12 12 12 12,48,10000,7990,2010,0.799,7992,2008,0.7992,2
configs/exp4/lru_arc_lru.cfg,experiments/data/hot8_scan_c48_seed42.in,LRU ARC LRU,3,16 16 16,48,10000,7936,2064,0.7936,7992,2008,0.7992,56
configs/exp4/lru_arc_lru_2q.cfg,experiments/data/hot8_scan_c48_seed42.in,LRU ARC LRU 2Q,4,12 12 12 12,48,10000,7984,2016,0.7984,7992,2008,0.7992,8
configs/exp4/lru_arc_lru_arc.cfg,experiments/data/hot8_scan_c48_seed42.in,LRU ARC LRU ARC,4,12 12 12 12,48,10000,7971,2029,0.7971,7992,2008,0.7992,21
configs/exp4/lru_arc_lru_lfu.cfg,experiments/data/hot8_scan_c48_seed42.in,LRU ARC LRU LFU,4,12 12 12 12,48,10000,7971,2029,0.7971,7992,2008,0.7992,21
configs/exp4/lru_arc_lru_lirs.cfg,experiments/data/hot8_scan_c48_seed42.in,LRU ARC LRU LIRS,4,12 12 12 12,48,10000,7990,2010,0.799,7992,2008,0.7992,2
configs/exp4/lru_arc_lru_lru.cfg,experiments/data/hot8_scan_c48_seed42.in,LRU ARC LRU LRU,4,12 12 12 12,48,10000,7971,2029,0.7971,7992,2008,0.7992,21
configs/exp4/lru_lfu.cfg,experiments/data/hot8_scan_c48_seed42.in,LRU LFU,2,24 24,48,10000,7991,2009,0.7991,7992,2008,0.7992,1
configs/exp4/lru_lfu_2q.cfg,experiments/data/hot8_scan_c48_seed42.in,LRU LFU 2Q,3,16 16 16,48,10000,7945,2055,0.7945,7992,2008,0.7992,47
configs/exp4/lru_lfu_2q_2q.cfg,experiments/data/hot8_scan_c48_seed42.in,LRU LFU 2Q 2Q,4,12 12 12 12,48,10000,7983,2017,0.7983,7992,2008,0.7992,9
configs/exp4/lru_lfu_2q_arc.cfg,experiments/data/hot8_scan_c48_seed42.in,LRU LFU 2Q ARC,4,12 12 12 12,48,10000,7984,2016,0.7984,7992,2008,0.7992,8
configs/exp4/lru_lfu_2q_lfu.cfg,experiments/data/hot8_scan_c48_seed42.in,LRU LFU 2Q LFU,4,12 12 12 12,48,10000,7984,2016,0.7984,7992,2008,0.7992,8
configs/exp4/lru_lfu_2q_lirs.cfg,experiments/data/hot8_scan_c48_seed42.in,LRU LFU 2Q LIRS,4,12 12 12 12,48,10000,7990,2010,0.799,7992,2008,0.7992,2
configs/exp4/lru_lfu_2q_lru.cfg,experiments/data/hot8_scan_c48_seed42.in,LRU LFU 2Q LRU,4,12 12 12 12,48,10000,7984,2016,0.7984,7992,2008,0.7992,8
configs/exp4/lru_lfu_arc.cfg,experiments/data/hot8_scan_c48_seed42.in,LRU LFU ARC,3,16 16 16,48,10000,7936,2064,0.7936,7992,2008,0.7992,56
configs/exp4/lru_lfu_arc_2q.cfg,experiments/data/hot8_scan_c48_seed42.in,LRU LFU ARC 2Q,4,12 12 12 12,48,10000,7983,2017,0.7983,7992,2008,0.7992,9
configs/exp4/lru_lfu_arc_arc.cfg,experiments/data/hot8_scan_c48_seed42.in,LRU LFU ARC ARC,4,12 12 12 12,48,10000,7971,2029,0.7971,7992,2008,0.7992,21
configs/exp4/lru_lfu_arc_lfu.cfg,experiments/data/hot8_scan_c48_seed42.in,LRU LFU ARC LFU,4,12 12 12 12,48,10000,7971,2029,0.7971,7992,2008,0.7992,21
configs/exp4/lru_lfu_arc_lirs.cfg,experiments/data/hot8_scan_c48_seed42.in,LRU LFU ARC LIRS,4,12 12 12 12,48,10000,7990,2010,0.799,7992,2008,0.7992,2
configs/exp4/lru_lfu_arc_lru.cfg,experiments/data/hot8_scan_c48_seed42.in,LRU LFU ARC LRU,4,12 12 12 12,48,10000,7972,2028,0.7972,7992,2008,0.7992,20
configs/exp4/lru_lfu_lfu.cfg,experiments/data/hot8_scan_c48_seed42.in,LRU LFU LFU,3,16 16 16,48,10000,7936,2064,0.7936,7992,2008,0.7992,56
configs/exp4/lru_lfu_lfu_2q.cfg,experiments/data/hot8_scan_c48_seed42.in,LRU LFU LFU 2Q,4,12 12 12 12,48,10000,7983,2017,0.7983,7992,2008,0.7992,9
configs/exp4/lru_lfu_lfu_arc.cfg,experiments/data/hot8_scan_c48_seed42.in,LRU LFU LFU ARC,4,12 12 12 12,48,10000,7971,2029,0.7971,7992,2008,0.7992,21
configs/exp4/lru_lfu_lfu_lfu.cfg,experiments/data/hot8_scan_c48_seed42.in,LRU LFU LFU LFU,4,12 12 12 12,48,10000,7970,2030,0.797,7992,2008,0.7992,22
configs/exp4/lru_lfu_lfu_lirs.cfg,experiments/data/hot8_scan_c48_seed42.in,LRU LFU LFU LIRS,4,12 12 12 12,48,10000,7990,2010,0.799,7992,2008,0.7992,2
configs/exp4/lru_lfu_lfu_lru.cfg,experiments/data/hot8_scan_c48_seed42.in,LRU LFU LFU LRU,4,12 12 12 12,48,10000,7970,2030,0.797,7992,2008,0.7992,22
configs/exp4/lru_lfu_lirs.cfg,experiments/data/hot8_scan_c48_seed42.in,LRU LFU LIRS,3,16 16 16,48,10000,7987,2013,0.7987,7992,2008,0.7992,5
configs/exp4/lru_lfu_lirs_2q.cfg,experiments/data/hot8_scan_c48_seed42.in,LRU LFU LIRS 2Q,4,12 12 12 12,48,10000,7990,2010,0.799,7992,2008,0.7992,2
configs/exp4/lru_lfu_lirs_arc.cfg,experiments/data/hot8_scan_c48_seed42.in,LRU LFU LIRS ARC,4,12 12 12 12,48,10000,7990,2010,0.799,7992,2008,0.7992,2
configs/exp4/lru_lfu_lirs_lfu.cfg,experiments/data/hot8_scan_c48_seed42.in,LRU LFU LIRS LFU,4,12 12 12 12,48,10000,7990,2010,0.799,7992,2008,0.7992,2
configs/exp4/lru_lfu_lirs_lirs.cfg,experiments/data/hot8_scan_c48_seed42.in,LRU LFU LIRS LIRS,4,12 12 12 12,48,10000,7990,2010,0.799,7992,2008,0.7992,2
configs/exp4/lru_lfu_lirs_lru.cfg,experiments/data/hot8_scan_c48_seed42.in,LRU LFU LIRS LRU,4,12 12 12 12,48,10000,7990,2010,0.799,7992,2008,0.7992,2
configs/exp4/lru_lfu_lru.cfg,experiments/data/hot8_scan_c48_seed42.in,LRU LFU LRU,3,16 16 16,48,10000,7936,2064,0.7936,7992,2008,0.7992,56
configs/exp4/lru_lfu_lru_2q.cfg,experiments/data/hot8_scan_c48_seed42.in,LRU LFU LRU 2Q,4,12 12 12 12,48,10000,7981,2019,0.7981,7992,2008,0.7992,11
configs/exp4/lru_lfu_lru_arc.cfg,experiments/data/hot8_scan_c48_seed42.in,LRU LFU LRU ARC,4,12 12 12 12,48,10000,7895,2105,0.7895,7992,2008,0.7992,97
configs/exp4/lru_lfu_lru_lfu.cfg,experiments/data/hot8_scan_c48_seed42.in,LRU LFU LRU LFU,4,12 12 12 12,48,10000,7895,2105,0.7895,7992,2008,0.7992,97
configs/exp4/lru_lfu_lru_lirs.cfg,experiments/data/hot8_scan_c48_seed42.in,LRU LFU LRU LIRS,4,12 12 12 12,48,10000,7990,2010,0.799,7992,2008,0.7992,2
configs/exp4/lru_lfu_lru_lru.cfg,experiments/data/hot8_scan_c48_seed42.in,LRU LFU LRU LRU,4,12 12 12 12,48,10000,7895,2105,0.7895,7992,2008,0.7992,97
configs/exp4/lru_lirs.cfg,experiments/data/hot8_scan_c48_seed42.in,LRU LIRS,2,24 24,48,10000,7992,2008,0.7992,7992,2008,0.7992,0
configs/exp4/lru_lirs_2q.cfg,experiments/data/hot8_scan_c48_seed42.in,LRU LIRS 2Q,3,16 16 16,48,10000,7987,2013,0.7987,7992,2008,0.7992,5
configs/exp4/lru_lirs_2q_2q.cfg,experiments/data/hot8_scan_c48_seed42.in,LRU LIRS 2Q 2Q,4,12 12 12 12,48,10000,7990,2010,0.799,7992,2008,0.7992,2
configs/exp4/lru_lirs_2q_arc.cfg,experiments/data/hot8_scan_c48_seed42.in,LRU LIRS 2Q ARC,4,12 12 12 12,48,10000,7990,2010,0.799,7992,2008,0.7992,2
configs/exp4/lru_lirs_2q_lfu.cfg,experiments/data/hot8_scan_c48_seed42.in,LRU LIRS 2Q LFU,4,12 12 12 12,48,10000,7990,2010,0.799,7992,2008,0.7992,2
configs/exp4/lru_lirs_2q_lirs.cfg,experiments/data/hot8_scan_c48_seed42.in,LRU LIRS 2Q LIRS,4,12 12 12 12,48,10000,7990,2010,0.799,7992,2008,0.7992,2
configs/exp4/lru_lirs_2q_lru.cfg,experiments/data/hot8_scan_c48_seed42.in,LRU LIRS 2Q LRU,4,12 12 12 12,48,10000,7990,2010,0.799,7992,2008,0.7992,2
configs/exp4/lru_lirs_arc.cfg,experiments/data/hot8_scan_c48_seed42.in,LRU LIRS ARC,3,16 16 16,48,10000,7987,2013,0.7987,7992,2008,0.7992,5
configs/exp4/lru_lirs_arc_2q.cfg,experiments/data/hot8_scan_c48_seed42.in,LRU LIRS ARC 2Q,4,12 12 12 12,48,10000,7990,2010,0.799,7992,2008,0.7992,2
configs/exp4/lru_lirs_arc_arc.cfg,experiments/data/hot8_scan_c48_seed42.in,LRU LIRS ARC ARC,4,12 12 12 12,48,10000,7990,2010,0.799,7992,2008,0.7992,2
configs/exp4/lru_lirs_arc_lfu.cfg,experiments/data/hot8_scan_c48_seed42.in,LRU LIRS ARC LFU,4,12 12 12 12,48,10000,7990,2010,0.799,7992,2008,0.7992,2
configs/exp4/lru_lirs_arc_lirs.cfg,experiments/data/hot8_scan_c48_seed42.in,LRU LIRS ARC LIRS,4,12 12 12 12,48,10000,7990,2010,0.799,7992,2008,0.7992,2
configs/exp4/lru_lirs_arc_lru.cfg,experiments/data/hot8_scan_c48_seed42.in,LRU LIRS ARC LRU,4,12 12 12 12,48,10000,7990,2010,0.799,7992,2008,0.7992,2
configs/exp4/lru_lirs_lfu.cfg,experiments/data/hot8_scan_c48_seed42.in,LRU LIRS LFU,3,16 16 16,48,10000,7987,2013,0.7987,7992,2008,0.7992,5
configs/exp4/lru_lirs_lfu_2q.cfg,experiments/data/hot8_scan_c48_seed42.in,LRU LIRS LFU 2Q,4,12 12 12 12,48,10000,7990,2010,0.799,7992,2008,0.7992,2
configs/exp4/lru_lirs_lfu_arc.cfg,experiments/data/hot8_scan_c48_seed42.in,LRU LIRS LFU ARC,4,12 12 12 12,48,10000,7990,2010,0.799,7992,2008,0.7992,2
configs/exp4/lru_lirs_lfu_lfu.cfg,experiments/data/hot8_scan_c48_seed42.in,LRU LIRS LFU LFU,4,12 12 12 12,48,10000,7990,2010,0.799,7992,2008,0.7992,2
configs/exp4/lru_lirs_lfu_lirs.cfg,experiments/data/hot8_scan_c48_seed42.in,LRU LIRS LFU LIRS,4,12 12 12 12,48,10000,7990,2010,0.799,7992,2008,0.7992,2
configs/exp4/lru_lirs_lfu_lru.cfg,experiments/data/hot8_scan_c48_seed42.in,LRU LIRS LFU LRU,4,12 12 12 12,48,10000,7990,2010,0.799,7992,2008,0.7992,2
configs/exp4/lru_lirs_lirs.cfg,experiments/data/hot8_scan_c48_seed42.in,LRU LIRS LIRS,3,16 16 16,48,10000,7989,2011,0.7989,7992,2008,0.7992,3
configs/exp4/lru_lirs_lirs_2q.cfg,experiments/data/hot8_scan_c48_seed42.in,LRU LIRS LIRS 2Q,4,12 12 12 12,48,10000,7990,2010,0.799,7992,2008,0.7992,2
configs/exp4/lru_lirs_lirs_arc.cfg,experiments/data/hot8_scan_c48_seed42.in,LRU LIRS LIRS ARC,4,12 12 12 12,48,10000,7990,2010,0.799,7992,2008,0.7992,2
configs/exp4/lru_lirs_lirs_lfu.cfg,experiments/data/hot8_scan_c48_seed42.in,LRU LIRS LIRS LFU,4,12 12 12 12,48,10000,7990,2010,0.799,7992,2008,0.7992,2
configs/exp4/lru_lirs_lirs_lirs.cfg,experiments/data/hot8_scan_c48_seed42.in,LRU LIRS LIRS LIRS,4,12 12 12 12,48,10000,7989,2011,0.7989,7992,2008,0.7992,3
configs/exp4/lru_lirs_lirs_lru.cfg,experiments/data/hot8_scan_c48_seed42.in,LRU LIRS LIRS LRU,4,12 12 12 12,48,10000,7990,2010,0.799,7992,2008,0.7992,2
configs/exp4/lru_lirs_lru.cfg,experiments/data/hot8_scan_c48_seed42.in,LRU LIRS LRU,3,16 16 16,48,10000,7987,2013,0.7987,7992,2008,0.7992,5
configs/exp4/lru_lirs_lru_2q.cfg,experiments/data/hot8_scan_c48_seed42.in,LRU LIRS LRU 2Q,4,12 12 12 12,48,10000,7990,2010,0.799,7992,2008,0.7992,2
configs/exp4/lru_lirs_lru_arc.cfg,experiments/data/hot8_scan_c48_seed42.in,LRU LIRS LRU ARC,4,12 12 12 12,48,10000,7990,2010,0.799,7992,2008,0.7992,2
configs/exp4/lru_lirs_lru_lfu.cfg,experiments/data/hot8_scan_c48_seed42.in,LRU LIRS LRU LFU,4,12 12 12 12,48,10000,7990,2010,0.799,7992,2008,0.7992,2
configs/exp4/lru_lirs_lru_lirs.cfg,experiments/data/hot8_scan_c48_seed42.in,LRU LIRS LRU LIRS,4,12 12 12 12,48,10000,7990,2010,0.799,7992,2008,0.7992,2
configs/exp4/lru_lirs_lru_lru.cfg,experiments/data/hot8_scan_c48_seed42.in,LRU LIRS LRU LRU,4,12 12 12 12,48,10000,7990,2010,0.799,7992,2008,0.7992,2
configs/exp4/lru_lru_2q.cfg,experiments/data/hot8_scan_c48_seed42.in,LRU LRU 2Q,3,16 16 16,48,10000,7927,2073,0.7927,7992,2008,0.7992,65
configs/exp4/lru_lru_2q_2q.cfg,experiments/data/hot8_scan_c48_seed42.in,LRU LRU 2Q 2Q,4,12 12 12 12,48,10000,7970,2030,0.797,7992,2008,0.7992,22
configs/exp4/lru_lru_2q_arc.cfg,experiments/data/hot8_scan_c48_seed42.in,LRU LRU 2Q ARC,4,12 12 12 12,48,10000,7968,2032,0.7968,7992,2008,0.7992,24
configs/exp4/lru_lru_2q_lfu.cfg,experiments/data/hot8_scan_c48_seed42.in,LRU LRU 2Q LFU,4,12 12 12 12,48,10000,7960,2040,0.796,7992,2008,0.7992,32
configs/exp4/lru_lru_2q_lirs.cfg,experiments/data/hot8_scan_c48_seed42.in,LRU LRU 2Q LIRS,4,12 12 12 12,48,10000,7989,2011,0.7989,7992,2008,0.7992,3
configs/exp4/lru_lru_2q_lru.cfg,experiments/data/hot8_scan_c48_seed42.in,LRU LRU 2Q LRU,4,12 12 12 12,48,10000,7963,2037,0.7963,7992,2008,0.7992,29
configs/exp4/lru_lru_arc.cfg,experiments/data/hot8_scan_c48_seed42.in,LRU LRU ARC,3,16 16 16,48,10000,7914,2086,0.7914,7992,2008,0.7992,78
configs/exp4/lru_lru_arc_2q.cfg,experiments/data/hot8_scan_c48_seed42.in,LRU LRU ARC 2Q,4,12 12 12 12,48,10000,7969,2031,0.7969,7992,2008,0.7992,23
configs/exp4/lru_lru_arc_arc.cfg,experiments/data/hot8_scan_c48_seed42.in,LRU LRU ARC ARC,4,12 12 12 12,48,10000,7931,2069,0.7931,7992,2008,0.7992,61
configs/exp4/lru_lru_arc_lfu.cfg,experiments/data/hot8_scan_c48_seed42.in,LRU LRU ARC LFU,4,12 12 12 12,48,10000,7930,2070,0.793,7992,2008,0.7992,62
configs/exp4/lru_lru_arc_lirs.cfg,experiments/data/hot8_scan_c48_seed42.in,LRU LRU ARC LIRS,4,12 12 12 12,48,10000,7989,2011,0.7989,7992,2008,0.7992,3
configs/exp4/lru_lru_arc_lru.cfg,experiments/data/hot8_scan_c48_seed42.in,LRU LRU ARC LRU,4,12 12 12 12,48,10000,7933,2067,0.7933,7992,2008,0.7992,59
configs/exp4/lru_lru_lfu.cfg,experiments/data/hot8_scan_c48_seed42.in,LRU LRU LFU,3,16 16 16,48,10000,7914,2086,0.7914,7992,2008,0.7992,78
configs/exp4/lru_lru_lfu_2q.cfg,experiments/data/hot8_scan_c48_seed42.in,LRU LRU LFU 2Q,4,12 12 12 12,48,10000,7970,2030,0.797,7992,2008,0.7992,22
configs/exp4/lru_lru_lfu_arc.cfg,experiments/data/hot8_scan_c48_seed42.in,LRU LRU LFU ARC,4,12 12 12 12,48,10000,7933,2067,0.7933,7992,2008,0.7992,59
configs/exp4/lru_lru_lfu_lfu.cfg,experiments/data/hot8_scan_c48_seed42.in,LRU LRU LFU LFU,4,12 12 12 12,48,10000,7678,2322,0.7678,7992,2008,0.7992,314
configs/exp4/lru_lru_lfu_lirs.cfg,experiments/data/hot8_scan_c48_seed42.in,LRU LRU LFU LIRS,4,12 12 12 12,48,10000,7989,2011,0.7989,7992,2008,0.7992,3
configs/exp4/lru_lru_lfu_lru.cfg,experiments/data/hot8_scan_c48_seed42.in,LRU LRU LFU LRU,4,12 12 12 12,48,10000,7567,2433,0.7567,7992,2008,0.7992,425
configs/exp4/lru_lru_lirs.cfg,experiments/data/hot8_scan_c48_seed42.in,LRU LRU LIRS,3,16 16 16,48,10000,7987,2013,0.7987,7992,2008,0.7992,5
configs/exp4/lru_lru_lirs_2q.cfg,experiments/data/hot8_scan_c48_seed42.in,LRU LRU LIRS 2Q,4,12 12 12 12,48,10000,7989,2011,0.7989,7992,2008,0.7992,3
configs/exp4/lru_lru_lirs_arc.cfg,experiments/data/hot8_scan_c48_seed42.in,LRU LRU LIRS ARC,4,12 12 12 12,48,10000,7989,2011,0.7989,7992,2008,0.7992,3
configs/exp4/lru_lru_lirs_lfu.cfg,experiments/data/hot8_scan_c48_seed42.in,LRU LRU LIRS LFU,4,12 12 12 12,48,10000,7989,2011,0.7989,7992,2008,0.7992,3
configs/exp4/lru_lru_lirs_lirs.cfg,experiments/data/hot8_scan_c48_seed42.in,LRU LRU LIRS LIRS,4,12 12 12 12,48,10000,7989,2011,0.7989,7992,2008,0.7992,3
configs/exp4/lru_lru_lirs_lru.cfg,experiments/data/hot8_scan_c48_seed42.in,LRU LRU LIRS LRU,4,12 12 12 12,48,10000,7989,2011,0.7989,7992,2008,0.7992,3
configs/exp4/lru_lru_lru_2q.cfg,experiments/data/hot8_scan_c48_seed42.in,LRU LRU LRU 2Q,4,12 12 12 12,48,10000,7956,2044,0.7956,7992,2008,0.7992,36
configs/exp4/lru_lru_lru_arc.cfg,experiments/data/hot8_scan_c48_seed42.in,LRU LRU LRU ARC,4,12 12 12 12,48,10000,7451,2549,0.7451,7992,2008,0.7992,541
configs/exp4/lru_lru_lru_lfu.cfg,experiments/data/hot8_scan_c48_seed42.in,LRU LRU LRU LFU,4,12 12 12 12,48,10000,7451,2549,0.7451,7992,2008,0.7992,541
configs/exp4/lru_lru_lru_lirs.cfg,experiments/data/hot8_scan_c48_seed42.in,LRU LRU LRU LIRS,4,12 12 12 12,48,10000,7989,2011,0.7989,7992,2008,0.7992,3
configs/exp4/2q_2q_2q_arc.cfg,experiments/data/hot8_scan_c96_seed42.in,2Q 2Q 2Q ARC,4,24 24 24 24,96,10000,7992,2008,0.7992,7992,2008,0.7992,0
configs/exp4/2q_2q_2q_lfu.cfg,experiments/data/hot8_scan_c96_seed42.in,2Q 2Q 2Q LFU,4,24 24 24 24,96,10000,7992,2008,0.7992,7992,2008,0.7992,0
configs/exp4/2q_2q_2q_lirs.cfg,experiments/data/hot8_scan_c96_seed42.in,2Q 2Q 2Q LIRS,4,24 24 24 24,96,10000,7992,2008,0.7992,7992,2008,0.7992,0
configs/exp4/2q_2q_2q_lru.cfg,experiments/data/hot8_scan_c96_seed42.in,2Q 2Q 2Q LRU,4,24 24 24 24,96,10000,7992,2008,0.7992,7992,2008,0.7992,0
configs/exp4/2q_2q_arc.cfg,experiments/data/hot8_scan_c96_seed42.in,2Q 2Q ARC,3,32 32 32,96,10000,7992,2008,0.7992,7992,2008,0.7992,0
configs/exp4/2q_2q_arc_2q.cfg,experiments/data/hot8_scan_c96_seed42.in,2Q 2Q ARC 2Q,4,24 24 24 24,96,10000,7992,2008,0.7992,7992,2008,0.7992,0
configs/exp4/2q_2q_arc_arc.cfg,experiments/data/hot8_scan_c96_seed42.in,2Q 2Q ARC ARC,4,24 24 24 24,96,10000,7992,2008,0.7992,7992,2008,0.7992,0
configs/exp4/2q_2q_arc_lfu.cfg,experiments/data/hot8_scan_c96_seed42.in,2Q 2Q ARC LFU,4,24 24 24 24,96,10000,7992,2008,0.7992,7992,2008,0.7992,0
configs/exp4/2q_2q_arc_lirs.cfg,experiments/data/hot8_scan_c96_seed42.in,2Q 2Q ARC LIRS,4,24 24 24 24,96,10000,7992,2008,0.7992,7992,2008,0.7992,0
configs/exp4/2q_2q_arc_lru.cfg,experiments/data/hot8_scan_c96_seed42.in,2Q 2Q ARC LRU,4,24 24 24 24,96,10000,7992,2008,0.7992,7992,2008,0.7992,0
configs/exp4/2q_2q_lfu.cfg,experiments/data/hot8_scan_c96_seed42.in,2Q 2Q LFU,3,32 32 32,96,10000,7992,2008,0.7992,7992,2008,0.7992,0
configs/exp4/2q_2q_lfu_2q.cfg,experiments/data/hot8_scan_c96_seed42.in,2Q 2Q LFU 2Q,4,24 24 24 24,96,10000,7992,2008,0.7992,7992,2008,0.7992,0
configs/exp4/2q_2q_lfu_arc.cfg,experiments/data/hot8_scan_c96_seed42.in,2Q 2Q LFU ARC,4,24 24 24 24,96,10000,7992,2008,0.7992,7992,2008,0.7992,0
configs/exp4/2q_2q_lfu_lfu.cfg,experiments/data/hot8_scan_c96_seed42.in,2Q 2Q LFU LFU,4,24 24 24 24,96,10000,7992,2008,0.7992,7992,2008,0.7992,0
configs/exp4/2q_2q_lfu_lirs.cfg,experiments/data/hot8_scan_c96_seed42.in,2Q 2Q LFU LIRS,4,24 24 24 24,96,10000,7992,2008,0.7992,7992,2008,0.7992,0
configs/exp4/2q_2q_lfu_lru.cfg,experiments/data/hot8_scan_c96_seed42.in,2Q 2Q LFU LRU,4,24 24 24 24,96,10000,7992,2008,0.7992,7992,2008,0.7992,0
configs/exp4/2q_2q_lirs.cfg,experiments/data/hot8_scan_c96_seed42.in,2Q 2Q LIRS,3,32 32 32,96,10000,7992,2008,0.7992,7992,2008,0.7992,0
configs/exp4/2q_2q_lirs_2q.cfg,experiments/data/hot8_scan_c96_seed42.in,2Q 2Q LIRS 2Q,4,24 24 24 24,96,10000,7992,2008,0.7992,7992,2008,0.7992,0
configs/exp4/2q_2q_lirs_arc.cfg,experiments/data/hot8_scan_c96_seed42.in,2Q 2Q LIRS ARC,4,24 24 24 24,96,10000,7992,2008,0.7992,7992,2008,0.7992,0
configs/exp4/2q_2q_lirs_lfu.cfg,experiments/data/hot8_scan_c96_seed42.in,2Q 2Q LIRS LFU,4,24 24 24 24,96,10000,7992,2008,0.7992,7992,2008,0.7992,0
configs/exp4/2q_2q_lirs_lirs.cfg,experiments/data/hot8_scan_c96_seed42.in,2Q 2Q LIRS LIRS,4,24 24 24 24,96,10000,7992,2008,0.7992,7992,2008,0.7992,0
configs/exp4/2q_2q_lirs_lru.cfg,experiments/data/hot8_scan_c96_seed42.in,2Q 2Q LIRS LRU,4,24 24 24 24,96,10000,7992,2008,0.7992,7992,2008,0.7992,0
configs/exp4/2q_2q_lru.cfg,experiments/data/hot8_scan_c96_seed42.in,2Q 2Q LRU,3,32 32 32,96,10000,7992,2008,0.7992,7992,2008,0.7992,0
configs/exp4/2q_2q_lru_2q.cfg,experiments/data/hot8_scan_c96_seed42.in,2Q 2Q LRU 2Q,4,24 24 24 24,96,10000,7992,2008,0.7992,7992,2008,0.7992,0
configs/exp4/2q_2q_lru_arc.cfg,experiments/data/hot8_scan_c96_seed42.in,2Q 2Q LRU ARC,4,24 24 24 24,96,10000,7992,2008,0.7992,7992,2008,0.7992,0
configs/exp4/2q_2q_lru_lfu.cfg,experiments/data/hot8_scan_c96_seed42.in,2Q 2Q LRU LFU,4,24 24 24 24,96,10000,7992,2008,0.7992,7992,2008,0.7992,0
configs/exp4/2q_2q_lru_lirs.cfg,experiments/data/hot8_scan_c96_seed42.in,2Q 2Q LRU LIRS,4,24 24 24 24,96,10000,7992,2008,0.7992,7992,2008,0.7992,0
configs/exp4/2q_2q_lru_lru.cfg,experiments/data/hot8_scan_c96_seed42.in,2Q 2Q LRU LRU,4,24 24 24 24,96,10000,7992,2008,0.7992,7992,2008,0.7992,0
configs/exp4/2q_arc.cfg,experiments/data/hot8_scan_c96_seed42.in,2Q ARC,2,48 48,96,10000,7992,2008,0.7992,7992,2008,0.7992,0
configs/exp4/2q_arc_2q.cfg,experiments/data/hot8_scan_c96_seed42.in,2Q ARC 2Q,3,32 32 32,96,10000,7992,2008,0.7992,7992,2008,0.7992,0
configs/exp4/2q_arc_2q_2q.cfg,experiments/data/hot8_scan_c96_seed42.in,2Q ARC 2Q 2Q,4,24 24 24 24,96,10000,7992,2008,0.7992,7992,2008,0.7992,0
configs/exp4/2q_arc_2q_arc.cfg,experiments/data/hot8_scan_c96_seed42.in,2Q ARC 2Q ARC,4,24 24 24 24,96,10000,7992,2008,0.7992,7992,2008,0.7992,0
configs/exp4/2q_arc_2q_lfu.cfg,experiments/data/hot8_scan_c96_seed42.in,2Q ARC 2Q LFU,4,24 24 24 24,96,10000,7992,2008,0.7992,7992,2008,0.7992,0
configs/exp4/2q_arc_2q_lirs.cfg,experiments/data/hot8_scan_c96_seed42.in,2Q ARC 2Q LIRS,4,24 24 24 24,96,10000,7992,2008,0.7992,7992,2008,0.7992,0
configs/exp4/2q_arc_2q_lru.cfg,experiments/data/hot8_scan_c96_seed42.in,2Q ARC 2Q LRU,4,24 24 24 24,96,10000,7992,2008,0.7992,7992,2008,0.7992,0
configs/exp4/2q_arc_arc.cfg,experiments/data/hot8_scan_c96_seed42.in,2Q ARC ARC,3,32 32 32,96,10000,7992,2008,0.7992,7992,2008,0.7992,0
configs/exp4/2q_arc_arc_2q.cfg,experiments/data/hot8_scan_c96_seed42.in,2Q ARC ARC 2Q,4,24 24 24 24,96,10000,7992,2008,0.7992,7992,2008,0.7992,0
configs/exp4/2q_arc_arc_arc.cfg,experiments/data/hot8_scan_c96_seed42.in,2Q ARC ARC ARC,4,24 24 24 24,96,10000,7992,2008,0.7992,7992,2008,0.7992,0
configs/exp4/2q_arc_arc_lfu.cfg,experiments/data/hot8_scan_c96_seed42.in,2Q ARC ARC LFU,4,24 24 24 24,96,10000,7992,2008,0.7992,7992,2008,0.7992,0
configs/exp4/2q_arc_arc_lirs.cfg,experiments/data/hot8_scan_c96_seed42.in,2Q ARC ARC LIRS,4,24 24 24 24,96,10000,7992,2008,0.7992,7992,2008,0.7992,0
configs/exp4/2q_arc_arc_lru.cfg,experiments/data/hot8_scan_c96_seed42.in,2Q ARC ARC LRU,4,24 24 24 24,96,10000,7992,2008,0.7992,7992,2008,0.7992,0
configs/exp4/2q_arc_lfu.cfg,experiments/data/hot8_scan_c96_seed42.in,2Q ARC LFU,3,32 32 32,96,10000,7992,2008,0.7992,7992,2008,0.7992,0
configs/exp4/2q_arc_lfu_2q.cfg,experiments/data/hot8_scan_c96_seed42.in,2Q ARC LFU 2Q,4,24 24 24 24,96,10000,7992,2008,0.7992,7992,2008,0.7992,0
configs/exp4/2q_arc_lfu_arc.cfg,experiments/data/hot8_scan_c96_seed42.in,2Q ARC LFU ARC,4,24 24 24 24,96,10000,7992,2008,0.7992,7992,2008,0.7992,0
configs/exp4/2q_arc_lfu_lfu.cfg,experiments/data/hot8_scan_c96_seed42.in,2Q ARC LFU LFU,4,24 24 24 24,96,10000,7992,2008,0.7992,7992,2008,0.7992,0
configs/exp4/2q_arc_lfu_lirs.cfg,experiments/data/hot8_scan_c96_seed42.in,2Q ARC LFU LIRS,4,24 24 24 24,96,10000,7992,2008,0.7992,7992,2008,0.7992,0
configs/exp4/2q_arc_lfu_lru.cfg,experiments/data/hot8_scan_c96_seed42.in,2Q ARC LFU LRU,4,24 24 24 24,96,10000,7992,2008,0.7992,7992,2008,0.7992,0
configs/exp4/2q_arc_lirs.cfg,experiments/data/hot8_scan_c96_seed42.in,2Q ARC LIRS,3,32 32 32,96,10000,7992,2008,0.7992,7992,2008,0.7992,0
configs/exp4/2q_arc_lirs_2q.cfg,experiments/data/hot8_scan_c96_seed42.in,2Q ARC LIRS 2Q,4,24 24 24 24,96,10000,7992,2008,0.7992,7992,2008,0.7992,0
configs/exp4/2q_arc_lirs_arc.cfg,experiments/data/hot8_scan_c96_seed42.in,2Q ARC LIRS ARC,4,24 24 24 24,96,10000,7992,2008,0.7992,7992,2008,0.7992,0
configs/exp4/2q_arc_lirs_lfu.cfg,experiments/data/hot8_scan_c96_seed42.in,2Q ARC LIRS LFU,4,24 24 24 24,96,10000,7992,2008,0.7992,7992,2008,0.7992,0
configs/exp4/2q_arc_lirs_lirs.cfg,experiments/data/hot8_scan_c96_seed42.in,2Q ARC LIRS LIRS,4,24 24 24 24,96,10000,7992,2008,0.7992,7992,2008,0.7992,0
configs/exp4/2q_arc_lirs_lru.cfg,experiments/data/hot8_scan_c96_seed42.in,2Q ARC LIRS LRU,4,24 24 24 24,96,10000,7992,2008,0.7992,7992,2008,0.7992,0
configs/exp4/2q_arc_lru.cfg,experiments/data/hot8_scan_c96_seed42.in,2Q ARC LRU,3,32 32 32,96,10000,7992,2008,0.7992,7992,2008,0.7992,0
configs/exp4/2q_arc_lru_2q.cfg,experiments/data/hot8_scan_c96_seed42.in,2Q ARC LRU 2Q,4,24 24 24 24,96,10000,7992,2008,0.7992,7992,2008,0.7992,0
configs/exp4/2q_arc_lru_arc.cfg,experiments/data/hot8_scan_c96_seed42.in,2Q ARC LRU ARC,4,24 24 24 24,96,10000,7992,2008,0.7992,7992,2008,0.7992,0
configs/exp4/2q_arc_lru_lfu.cfg,experiments/data/hot8_scan_c96_seed42.in,2Q ARC LRU LFU,4,24 24 24 24,96,10000,7992,2008,0.7992,7992,2008,0.7992,0
configs/exp4/2q_arc_lru_lirs.cfg,experiments/data/hot8_scan_c96_seed42.in,2Q ARC LRU LIRS,4,24 24 24 24,96,10000,7992,2008,0.7992,7992,2008,0.7992,0
configs/exp4/2q_arc_lru_lru.cfg,experiments/data/hot8_scan_c96_seed42.in,2Q ARC LRU LRU,4,24 24 24 24,96,10000,7992,2008,0.7992,7992,2008,0.7992,0
configs/exp4/2q_lfu.cfg,experiments/data/hot8_scan_c96_seed42.in,2Q LFU,2,48 48,96,10000,7992,2008,0.7992,7992,2008,0.7992,0
configs/exp4/2q_lfu_2q.cfg,experiments/data/hot8_scan_c96_seed42.in,2Q LFU 2Q,3,32 32 32,96,10000,7992,2008,0.7992,7992,2008,0.7992,0
configs/exp4/2q_lfu_2q_2q.cfg,experiments/data/hot8_scan_c96_seed42.in,2Q LFU 2Q 2Q,4,24 24 24 24,96,10000,7992,2008,0.7992,7992,2008,0.7992,0
configs/exp4/2q_lfu_2q_arc.cfg,experiments/data/hot8_scan_c96_seed42.in,2Q LFU 2Q ARC,4,24 24 24 24,96,10000,7992,2008,0.7992,7992,2008,0.7992,0
configs/exp4/2q_lfu_2q_lfu.cfg,experiments/data/hot8_scan_c96_seed42.in,2Q LFU 2Q LFU,4,24 24 24 24,96,10000,7992,2008,0.7992,7992,2008,0.7992,0
configs/exp4/2q_lfu_2q_lirs.cfg,experiments/data/hot8_scan_c96_seed42.in,2Q LFU 2Q LIRS,4,24 24 24 24,96,10000,7992,2008,0.7992,7992,2008,0.7992,0
configs/exp4/2q_lfu_2q_lru.cfg,experiments/data/hot8_scan_c96_seed42.in,2Q LFU 2Q LRU,4,24 24 24 24,96,10000,7992,2008,0.7992,7992,2008,0.7992,0
configs/exp4/2q_lfu_arc.cfg,experiments/data/hot8_scan_c96_seed42.in,2Q LFU ARC,3,32 32 32,96,10000,7992,2008,0.7992,7992,2008,0.7992,0
configs/exp4/2q_lfu_arc_2q.cfg,experiments/data/hot8_scan_c96_seed42.in,2Q LFU ARC 2Q,4,24 24 24 24,96,10000,7992,2008,0.7992,7992,2008,0.7992,0
configs/exp4/2q_lfu_arc_arc.cfg,experiments/data/hot8_scan_c96_seed42.in,2Q LFU ARC ARC,4,24 24 24 24,96,10000,7992,2008,0.7992,7992,2008,0.7992,0
configs/exp4/2q_lfu_arc_lfu.cfg,experiments/data/hot8_scan_c96_seed42.in,2Q LFU ARC LFU,4,24 24 24 24,96,10000,7992,2008,0.7992,7992,2008,0.7992,0
configs/exp4/2q_lfu_arc_lirs.cfg,experiments/data/hot8_scan_c96_seed42.in,2Q LFU ARC LIRS,4,24 24 24 24,96,10000,7992,2008,0.7992,7992,2008,0.7992,0
configs/exp4/2q_lfu_arc_lru.cfg,experiments/data/hot8_scan_c96_seed42.in,2Q LFU ARC LRU,4,24 24 24 24,96,10000,7992,2008,0.7992,7992,2008,0.7992,0
configs/exp4/2q_lfu_lfu.cfg,experiments/data/hot8_scan_c96_seed42.in,2Q LFU LFU,3,32 32 32,96,10000,7992,2008,0.7992,7992,2008,0.7992,0
configs/exp4/2q_lfu_lfu_2q.cfg,experiments/data/hot8_scan_c96_seed42.in,2Q LFU LFU 2Q,4,24 24 24 24,96,10000,7992,2008,0.7992,7992,2008,0.7992,0
configs/exp4/2q_lfu_lfu_arc.cfg,experiments/data/hot8_scan_c96_seed42.in,2Q LFU LFU ARC,4,24 24 24 24,96,10000,7992,2008,0.7992,7992,2008,0.7992,0
configs/exp4/2q_lfu_lfu_lfu.cfg,experiments/data/hot8_scan_c96_seed42.in,2Q LFU LFU LFU,4,24 24 24 24,96,10000,7992,2008,0.7992,7992,2008,0.7992,0
configs/exp4/2q_lfu_lfu_lirs.cfg,experiments/data/hot8_scan_c96_seed42.in,2Q LFU LFU LIRS,4,24 24 24 24,96,10000,7992,2008,0.7992,7992,2008,0.7992,0
configs/exp4/2q_lfu_lfu_lru.cfg,experiments/data/hot8_scan_c96_seed42.in,2Q LFU LFU LRU,4,24 24 24 24,96,10000,7992,2008,0.7992,7992,2008,0.7992,0
configs/exp4/2q_lfu_lirs.cfg,experiments/data/hot8_scan_c96_seed42.in,2Q LFU LIRS,3,32 32 32,96,10000,7992,2008,0.7992,7992,2008,0.7992,0
configs/exp4/2q_lfu_lirs_2q.cfg,experiments/data/hot8_scan_c96_seed42.in,2Q LFU LIRS 2Q,4,24 24 24 24,96,10000,7992,2008,0.7992,7992,2008,0.7992,0
configs/exp4/2q_lfu_lirs_arc.cfg,experiments/data/hot8_scan_c96_seed42.in,2Q LFU LIRS ARC,4,24 24 24 24,96,10000,7992,2008,0.7992,7992,2008,0.7992,0
configs/exp4/2q_lfu_lirs_lfu.cfg,experiments/data/hot8_scan_c96_seed42.in,2Q LFU LIRS LFU,4,24 24 24 24,96,10000,7992,2008,0.7992,7992,2008,0.7992,0
configs/exp4/2q_lfu_lirs_lirs.cfg,experiments/data/hot8_scan_c96_seed42.in,2Q LFU LIRS LIRS,4,24 24 24 24,96,10000,7992,2008,0.7992,7992,2008,0.7992,0
configs/exp4/2q_lfu_lirs_lru.cfg,experiments/data/hot8_scan_c96_seed42.in,2Q LFU LIRS LRU,4,24 24 24 24,96,10000,7992,2008,0.7992,7992,2008,0.7992,0
configs/exp4/2q_lfu_lru.cfg,experiments/data/hot8_scan_c96_seed42.in,2Q LFU LRU,3,32 32 32,96,10000,7992,2008,0.7992,7992,2008,0.7992,0
configs/exp4/2q_lfu_lru_2q.cfg,experiments/data/hot8_scan_c96_seed42.in,2Q LFU LRU 2Q,4,24 24 24 24,96,10000,7992,2008,0.7992,7992,2008,0.7992,0
configs/exp4/2q_lfu_lru_arc.cfg,experiments/data/hot8_scan_c96_seed42.in,2Q LFU LRU ARC,4,24 24 24 24,96,10000,7992,2008,0.7992,7992,2008,0.7992,0
configs/exp4/2q_lfu_lru_lfu.cfg,experiments/data/hot8_scan_c96_seed42.in,2Q LFU LRU LFU,4,24 24 24 24,96,10000,7992,2008,0.7992,7992,2008,0.7992,0
configs/exp4/2q_lfu_lru_lirs.cfg,experiments/data/hot8_scan_c96_seed42.in,2Q LFU LRU LIRS,4,24 24 24 24,96,10000,7992,2008,0.7992,7992,2008,0.7992,0
configs/exp4/2q_lfu_lru_lru.cfg,experiments/data/hot8_scan_c96_seed42.in,2Q LFU LRU LRU,4,24 24 24 24,96,10000,7992,2008,0.7992,7992,2008,0.7992,0
configs/exp4/2q_lirs.cfg,experiments/data/hot8_scan_c96_seed42.in,2Q LIRS,2,48 48,96,10000,7992,2008,0.7992,7992,2008,0.7992,0
configs/exp4/2q_lirs_2q.cfg,experiments/data/hot8_scan_c96_seed42.in,2Q LIRS 2Q,3,32 32 32,96,10000,7992,2008,0.7992,7992,2008,0.7992,0
configs/exp4/2q_lirs_2q_2q.cfg,experiments/data/hot8_scan_c96_seed42.in,2Q LIRS 2Q 2Q,4,24 24 24 24,96,10000,7992,2008,0.7992,7992,2008,0.7992,0
configs/exp4/2q_lirs_2q_arc.cfg,experiments/data/hot8_scan_c96_seed42.in,2Q LIRS 2Q ARC,4,24 24 24 24,96,10000,7992,2008,0.7992,7992,2008,0.7992,0
configs/exp4/2q_lirs_2q_lfu.cfg,experiments/data/hot8_scan_c96_seed42.in,2Q LIRS 2Q LFU,4,24 24 24 24,96,10000,7992,2008,0.7992,7992,2008,0.7992,0
configs/exp4/2q_lirs_2q_lirs.cfg,experiments/data/hot8_scan_c96_seed42.in,2Q LIRS 2Q LIRS,4,24 24 24 24,96,10000,7992,2008,0.7992,7992,2008,0.7992,0
configs/exp4/2q_lirs_2q_lru.cfg,experiments/data/hot8_scan_c96_seed42.in,2Q LIRS 2Q LRU,4,24 24 24 24,96,10000,7992,2008,0.7992,7992,2008,0.7992,0
configs/exp4/2q_lirs_arc.cfg,experiments/data/hot8_scan_c96_seed42.in,2Q LIRS ARC,3,32 32 32,96,10000,7992,2008,0.7992,7992,2008,0.7992,0
configs/exp4/2q_lirs_arc_2q.cfg,experiments/data/hot8_scan_c96_seed42.in,2Q LIRS ARC 2Q,4,24 24 24 24,96,10000,7992,2008,0.7992,7992,2008,0.7992,0
configs/exp4/2q_lirs_arc_arc.cfg,experiments/data/hot8_scan_c96_seed42.in,2Q LIRS ARC ARC,4,24 24 24 24,96,10000,7992,2008,0.7992,7992,2008,0.7992,0
configs/exp4/2q_lirs_arc_lfu.cfg,experiments/data/hot8_scan_c96_seed42.in,2Q LIRS ARC LFU,4,24 24 24 24,96,10000,7992,2008,0.7992,7992,2008,0.7992,0
configs/exp4/2q_lirs_arc_lirs.cfg,experiments/data/hot8_scan_c96_seed42.in,2Q LIRS ARC LIRS,4,24 24 24 24,96,10000,7992,2008,0.7992,7992,2008,0.7992,0
configs/exp4/2q_lirs_arc_lru.cfg,experiments/data/hot8_scan_c96_seed42.in,2Q LIRS ARC LRU,4,24 24 24 24,96,10000,7992,2008,0.7992,7992,2008,0.7992,0
configs/exp4/2q_lirs_lfu.cfg,experiments/data/hot8_scan_c96_seed42.in,2Q LIRS LFU,3,32 32 32,96,10000,7992,2008,0.7992,7992,2008,0.7992,0
configs/exp4/2q_lirs_lfu_2q.cfg,experiments/data/hot8_scan_c96_seed42.in,2Q LIRS LFU 2Q,4,24 24 24 24,96,10000,7992,2008,0.7992,7992,2008,0.7992,0
configs/exp4/2q_lirs_lfu_arc.cfg,experiments/data/hot8_scan_c96_seed42.in,2Q LIRS LFU ARC,4,24 24 24 24,96,10000,7992,2008,0.7992,7992,2008,0.7992,0
configs/exp4/2q_lirs_lfu_lfu.cfg,experiments/data/hot8_scan_c96_seed42.in,2Q LIRS LFU LFU,4,24 24 24 24,96,10000,7992,2008,0.7992,7992,2008,0.7992,0
configs/exp4/2q_lirs_lfu_lirs.cfg,experiments/data/hot8_scan_c96_seed42.in,2Q LIRS LFU LIRS,4,24 24 24 24,96,10000,7992,2008,0.7992,7992,2008,0.7992,0
configs/exp4/2q_lirs_lfu_lru.cfg,experiments/data/hot8_scan_c96_seed42.in,2Q LIRS LFU LRU,4,24 24 24 24,96,10000,7992,2008,0.7992,7992,2008,0.7992,0
configs/exp4/2q_lirs_lirs.cfg,experiments/data/hot8_scan_c96_seed42.in,2Q LIRS LIRS,3,32 32 32,96,10000,7992,2008,0.7992,7992,2008,0.7992,0
configs/exp4/2q_lirs_lirs_2q.cfg,experiments/data/hot8_scan_c96_seed42.in,2Q LIRS LIRS 2Q,4,24 24 24 24,96,10000,7992,2008,0.7992,7992,2008,0.7992,0
configs/exp4/2q_lirs_lirs_arc.cfg,experiments/data/hot8_scan_c96_seed42.in,2Q LIRS LIRS ARC,4,24 24 24 24,96,10000,7992,2008,0.7992,7992,2008,0.7992,0
configs/exp4/2q_lirs_lirs_lfu.cfg,experiments/data/hot8_scan_c96_seed42.in,2Q LIRS LIRS LFU,4,24 24 24 24,96,10000,7992,2008,0.7992,7992,2008,0.7992,0
configs/exp4/2q_lirs_lirs_lirs.cfg,experiments/data/hot8_scan_c96_seed42.in,2Q LIRS LIRS LIRS,4,24 24 24 24,96,10000,7992,2008,0.7992,7992,2008,0.7992,0
configs/exp4/2q_lirs_lirs_lru.cfg,experiments/data/hot8_scan_c96_seed42.in,2Q LIRS LIRS LRU,4,24 24 24 24,96,10000,7992,2008,0.7992,7992,2008,0.7992,0
configs/exp4/2q_lirs_lru.cfg,experiments/data/hot8_scan_c96_seed42.in,2Q LIRS LRU,3,32 32 32,96,10000,7992,2008,0.7992,7992,2008,0.7992,0
configs/exp4/2q_lirs_lru_2q.cfg,experiments/data/hot8_scan_c96_seed42.in,2Q LIRS LRU 2Q,4,24 24 24 24,96,10000,7992,2008,0.7992,7992,2008,0.7992,0
configs/exp4/2q_lirs_lru_arc.cfg,experiments/data/hot8_scan_c96_seed42.in,2Q LIRS LRU ARC,4,24 24 24 24,96,10000,7992,2008,0.7992,7992,2008,0.7992,0
configs/exp4/2q_lirs_lru_lfu.cfg,experiments/data/hot8_scan_c96_seed42.in,2Q LIRS LRU LFU,4,24 24 24 24,96,10000,7992,2008,0.7992,7992,2008,0.7992,0
configs/exp4/2q_lirs_lru_lirs.cfg,experiments/data/hot8_scan_c96_seed42.in,2Q LIRS LRU LIRS,4,24 24 24 24,96,10000,7992,2008,0.7992,7992,2008,0.7992,0
configs/exp4/2q_lirs_lru_lru.cfg,experiments/data/hot8_scan_c96_seed42.in,2Q LIRS LRU LRU,4,24 24 24 24,96,10000,7992,2008,0.7992,7992,2008,0.7992,0
configs/exp4/2q_lru.cfg,experiments/data/hot8_scan_c96_seed42.in,2Q LRU,2,48 48,96,10000,7992,2008,0.7992,7992,2008,0.7992,0
configs/exp4/2q_lru_2q.cfg,experiments/data/hot8_scan_c96_seed42.in,2Q LRU 2Q,3,32 32 32,96,10000,7992,2008,0.7992,7992,2008,0.7992,0
configs/exp4/2q_lru_2q_2q.cfg,experiments/data/hot8_scan_c96_seed42.in,2Q LRU 2Q 2Q,4,24 24 24 24,96,10000,7992,2008,0.7992,7992,2008,0.7992,0
configs/exp4/2q_lru_2q_arc.cfg,experiments/data/hot8_scan_c96_seed42.in,2Q LRU 2Q ARC,4,24 24 24 24,96,10000,7992,2008,0.7992,7992,2008,0.7992,0
configs/exp4/2q_lru_2q_lfu.cfg,experiments/data/hot8_scan_c96_seed42.in,2Q LRU 2Q LFU,4,24 24 24 24,96,10000,7992,2008,0.7992,7992,2008,0.7992,0
configs/exp4/2q_lru_2q_lirs.cfg,experiments/data/hot8_scan_c96_seed42.in,2Q LRU 2Q LIRS,4,24 24 24 24,96,10000,7992,2008,0.7992,7992,2008,0.7992,0
configs/exp4/2q_lru_2q_lru.cfg,experiments/data/hot8_scan_c96_seed42.in,2Q LRU 2Q LRU,4,24 24 24 24,96,10000,7992,2008,0.7992,7992,2008,0.7992,0
configs/exp4/2q_lru_arc.cfg,experiments/data/hot8_scan_c96_seed42.in,2Q LRU ARC,3,32 32 32,96,10000,7992,2008,0.7992,7992,2008,0.7992,0
configs/exp4/2q_lru_arc_2q.cfg,experiments/data/hot8_scan_c96_seed42.in,2Q LRU ARC 2Q,4,24 24 24 24,96,10000,7992,2008,0.7992,7992,2008,0.7992,0
configs/exp4/2q_lru_arc_arc.cfg,experiments/data/hot8_scan_c96_seed42.in,2Q LRU ARC ARC,4,24 24 24 24,96,10000,7992,2008,0.7992,7992,2008,0.7992,0
configs/exp4/2q_lru_arc_lfu.cfg,experiments/data/hot8_scan_c96_seed42.in,2Q LRU ARC LFU,4,24 24 24 24,96,10000,7992,2008,0.7992,7992,2008,0.7992,0
configs/exp4/2q_lru_arc_lirs.cfg,experiments/data/hot8_scan_c96_seed42.in,2Q LRU ARC LIRS,4,24 24 24 24,96,10000,7992,2008,0.7992,7992,2008,0.7992,0
configs/exp4/2q_lru_arc_lru.cfg,experiments/data/hot8_scan_c96_seed42.in,2Q LRU ARC LRU,4,24 24 24 24,96,10000,7992,2008,0.7992,7992,2008,0.7992,0
configs/exp4/2q_lru_lfu.cfg,experiments/data/hot8_scan_c96_seed42.in,2Q LRU LFU,3,32 32 32,96,10000,7992,2008,0.7992,7992,2008,0.7992,0
configs/exp4/2q_lru_lfu_2q.cfg,experiments/data/hot8_scan_c96_seed42.in,2Q LRU LFU 2Q,4,24 24 24 24,96,10000,7992,2008,0.7992,7992,2008,0.7992,0
configs/exp4/2q_lru_lfu_arc.cfg,experiments/data/hot8_scan_c96_seed42.in,2Q LRU LFU ARC,4,24 24 24 24,96,10000,7992,2008,0.7992,7992,2008,0.7992,0
configs/exp4/2q_lru_lfu_lfu.cfg,experiments/data/hot8_scan_c96_seed42.in,2Q LRU LFU LFU,4,24 24 24 24,96,10000,7992,2008,0.7992,7992,2008,0.7992,0
configs/exp4/2q_lru_lfu_lirs.cfg,experiments/data/hot8_scan_c96_seed42.in,2Q LRU LFU LIRS,4,24 24 24 24,96,10000,7992,2008,0.7992,7992,2008,0.7992,0
configs/exp4/2q_lru_lfu_lru.cfg,experiments/data/hot8_scan_c96_seed42.in,2Q LRU LFU LRU,4,24 24 24 24,96,10000,7992,2008,0.7992,7992,2008,0.7992,0
configs/exp4/2q_lru_lirs.cfg,experiments/data/hot8_scan_c96_seed42.in,2Q LRU LIRS,3,32 32 32,96,10000,7992,2008,0.7992,7992,2008,0.7992,0
configs/exp4/2q_lru_lirs_2q.cfg,experiments/data/hot8_scan_c96_seed42.in,2Q LRU LIRS 2Q,4,24 24 24 24,96,10000,7992,2008,0.7992,7992,2008,0.7992,0
configs/exp4/2q_lru_lirs_arc.cfg,experiments/data/hot8_scan_c96_seed42.in,2Q LRU LIRS ARC,4,24 24 24 24,96,10000,7992,2008,0.7992,7992,2008,0.7992,0
configs/exp4/2q_lru_lirs_lfu.cfg,experiments/data/hot8_scan_c96_seed42.in,2Q LRU LIRS LFU,4,24 24 24 24,96,10000,7992,2008,0.7992,7992,2008,0.7992,0
configs/exp4/2q_lru_lirs_lirs.cfg,experiments/data/hot8_scan_c96_seed42.in,2Q LRU LIRS LIRS,4,24 24 24 24,96,10000,7992,2008,0.7992,7992,2008,0.7992,0
configs/exp4/2q_lru_lirs_lru.cfg,experiments/data/hot8_scan_c96_seed42.in,2Q LRU LIRS LRU,4,24 24 24 24,96,10000,7992,2008,0.7992,7992,2008,0.7992,0
configs/exp4/2q_lru_lru.cfg,experiments/data/hot8_scan_c96_seed42.in,2Q LRU LRU,3,32 32 32,96,10000,7992,2008,0.7992,7992,2008,0.7992,0
configs/exp4/2q_lru_lru_2q.cfg,experiments/data/hot8_scan_c96_seed42.in,2Q LRU LRU 2Q,4,24 24 24 24,96,10000,7992,2008,0.7992,7992,2008,0.7992,0
configs/exp4/2q_lru_lru_arc.cfg,experiments/data/hot8_scan_c96_seed42.in,2Q LRU LRU ARC,4,24 24 24 24,96,10000,7992,2008,0.7992,7992,2008,0.7992,0
configs/exp4/2q_lru_lru_lfu.cfg,experiments/data/hot8_scan_c96_seed42.in,2Q LRU LRU LFU,4,24 24 24 24,96,10000,7992,2008,0.7992,7992,2008,0.7992,0
configs/exp4/2q_lru_lru_lirs.cfg,experiments/data/hot8_scan_c96_seed42.in,2Q LRU LRU LIRS,4,24 24 24 24,96,10000,7992,2008,0.7992,7992,2008,0.7992,0
configs/exp4/2q_lru_lru_lru.cfg,experiments/data/hot8_scan_c96_seed42.in,2Q LRU LRU LRU,4,24 24 24 24,96,10000,7992,2008,0.7992,7992,2008,0.7992,0
configs/exp4/arc_2q.cfg,experiments/data/hot8_scan_c96_seed42.in,ARC 2Q,2,48 48,96,10000,7992,2008,0.7992,7992,2008,0.7992,0
configs/exp4/arc_2q_2q.cfg,experiments/data/hot8_scan_c96_seed42.in,ARC 2Q 2Q,3,32 32 32,96,10000,7992,2008,0.7992,7992,2008,0.7992,0
configs/exp4/arc_2q_2q_2q.cfg,experiments/data/hot8_scan_c96_seed42.in,ARC 2Q 2Q 2Q,4,24 24 24 24,96,10000,7992,2008,0.7992,7992,2008,0.7992,0
configs/exp4/arc_2q_2q_arc.cfg,experiments/data/hot8_scan_c96_seed42.in,ARC 2Q 2Q ARC,4,24 24 24 24,96,10000,7992,2008,0.7992,7992,2008,0.7992,0
configs/exp4/arc_2q_2q_lfu.cfg,experiments/data/hot8_scan_c96_seed42.in,ARC 2Q 2Q LFU,4,24 24 24 24,96,10000,7992,2008,0.7992,7992,2008,0.7992,0
configs/exp4/arc_2q_2q_lirs.cfg,experiments/data/hot8_scan_c96_seed42.in,ARC 2Q 2Q LIRS,4,24 24 24 24,96,10000,7992,2008,0.7992,7992,2008,0.7992,0
configs/exp4/arc_2q_2q_lru.cfg,experiments/data/hot8_scan_c96_seed42.in,ARC 2Q 2Q LRU,4,24 24 24 24,96,10000,7992,2008,0.7992,7992,2008,0.7992,0
configs/exp4/arc_2q_arc.cfg,experiments/data/hot8_scan_c96_seed42.in,ARC 2Q ARC,3,32 32 32,96,10000,7992,2008,0.7992,7992,2008,0.7992,0
configs/exp4/arc_2q_arc_2q.cfg,experiments/data/hot8_scan_c96_seed42.in,ARC 2Q ARC 2Q,4,24 24 24 24,96,10000,7992,2008,0.7992,7992,2008,0.7992,0
configs/exp4/arc_2q_arc_arc.cfg,experiments/data/hot8_scan_c96_seed42.in,ARC 2Q ARC ARC,4,24 24 24 24,96,10000,7992,2008,0.7992,7992,2008,0.7992,0
configs/exp4/arc_2q_arc_lfu.cfg,experiments/data/hot8_scan_c96_seed42.in,ARC 2Q ARC LFU,4,24 24 24 24,96,10000,7992,2008,0.7992,7992,2008,0.7992,0
configs/exp4/arc_2q_arc_lirs.cfg,experiments/data/hot8_scan_c96_seed42.in,ARC 2Q ARC LIRS,4,24 24 24 24,96,10000,7992,2008,0.7992,7992,2008,0.7992,0
configs/exp4/arc_2q_arc_lru.cfg,experiments/data/hot8_scan_c96_seed42.in,ARC 2Q ARC LRU,4,24 24 24 24,96,10000,7992,2008,0.7992,7992,2008,0.7992,0
configs/exp4/arc_2q_lfu.cfg,experiments/data/hot8_scan_c96_seed42.in,ARC 2Q LFU,3,32 32 32,96,10000,7992,2008,0.7992,7992,2008,0.7992,0
configs/exp4/arc_2q_lfu_2q.cfg,experiments/data/hot8_scan_c96_seed42.in,ARC 2Q LFU 2Q,4,24 24 24 24,96,10000,7992,2008,0.7992,7992,2008,0.7992,0
configs/exp4/arc_2q_lfu_arc.cfg,experiments/data/hot8_scan_c96_seed42.in,ARC 2Q LFU ARC,4,24 24 24 24,96,10000,7992,2008,0.7992,7992,2008,0.7992,0
configs/exp4/arc_2q_lfu_lfu.cfg,experiments/data/hot8_scan_c96_seed42.in,ARC 2Q LFU LFU,4,24 24 24 24,96,10000,7992,2008,0.7992,7992,2008,0.7992,0
configs/exp4/arc_2q_lfu_lirs.cfg,experiments/data/hot8_scan_c96_seed42.in,ARC 2Q LFU LIRS,4,24 24 24 24,96,10000,7992,2008,0.7992,7992,2008,0.7992,0
configs/exp4/arc_2q_lfu_lru.cfg,experiments/data/hot8_scan_c96_seed42.in,ARC 2Q LFU LRU,4,24 24 24 24,96,10000,7992,2008,0.7992,7992,2008,0.7992,0
configs/exp4/arc_2q_lirs.cfg,experiments/data/hot8_scan_c96_seed42.in,ARC 2Q LIRS,3,32 32 32,96,10000,7992,2008,0.7992,7992,2008,0.7992,0
configs/exp4/arc_2q_lirs_2q.cfg,experiments/data/hot8_scan_c96_seed42.in,ARC 2Q LIRS 2Q,4,24 24 24 24,96,10000,7992,2008,0.7992,7992,2008,0.7992,0
configs/exp4/arc_2q_lirs_arc.cfg,experiments/data/hot8_scan_c96_seed42.in,ARC 2Q LIRS ARC,4,24 24 24 24,96,10000,7992,2008,0.7992,7992,2008,0.7992,0
configs/exp4/arc_2q_lirs_lfu.cfg,experiments/data/hot8_scan_c96_seed42.in,ARC 2Q LIRS LFU,4,24 24 24 24,96,10000,7992,2008,0.7992,7992,2008,0.7992,0
configs/exp4/arc_2q_lirs_lirs.cfg,experiments/data/hot8_scan_c96_seed42.in,ARC 2Q LIRS LIRS,4,24 24 24 24,96,10000,7992,2008,0.7992,7992,2008,0.7992,0
configs/exp4/arc_2q_lirs_lru.cfg,experiments/data/hot8_scan_c96_seed42.in,ARC 2Q LIRS LRU,4,24 24 24 24,96,10000,7992,2008,0.7992,7992,2008,0.7992,0
configs/exp4/arc_2q_lru.cfg,experiments/data/hot8_scan_c96_seed42.in,ARC 2Q LRU,3,32 32 32,96,10000,7992,2008,0.7992,7992,2008,0.7992,0
configs/exp4/arc_2q_lru_2q.cfg,experiments/data/hot8_scan_c96_seed42.in,ARC 2Q LRU 2Q,4,24 24 24 24,96,10000,7992,2008,0.7992,7992,2008,0.7992,0
configs/exp4/arc_2q_lru_arc.cfg,experiments/data/hot8_scan_c96_seed42.in,ARC 2Q LRU ARC,4,24 24 24 24,96,10000,7992,2008,0.7992,7992,2008,0.7992,0
configs/exp4/arc_2q_lru_lfu.cfg,experiments/data/hot8_scan_c96_seed42.in,ARC 2Q LRU LFU,4,24 24 24 24,96,10000,7992,2008,0.7992,7992,2008,0.7992,0
configs/exp4/arc_2q_lru_lirs.cfg,experiments/data/hot8_scan_c96_seed42.in,ARC 2Q LRU LIRS,4,24 24 24 24,96,10000,7992,2008,0.7992,7992,2008,0.7992,0
configs/exp4/arc_2q_lru_lru.cfg,experiments/data/hot8_scan_c96_seed42.in,ARC 2Q LRU LRU,4,24 24 24 24,96,10000,7992,2008,0.7992,7992,2008,0.7992,0
configs/exp4/arc_arc_2q.cfg,experiments/data/hot8_scan_c96_seed42.in,ARC ARC 2Q,3,32 32 32,96,10000,7992,2008,0.7992,7992,2008,0.7992,0
configs/exp4/arc_arc_2q_2q.cfg,experiments/data/hot8_scan_c96_seed42.in,ARC ARC 2Q 2Q,4,24 24 24 24,96,10000,7992,2008,0.7992,7992,2008,0.7992,0
configs/exp4/arc_arc_2q_arc.cfg,experiments/data/hot8_scan_c96_seed42.in,ARC ARC 2Q ARC,4,24 24 24 24,96,10000,7992,2008,0.7992,7992,2008,0.7992,0
configs/exp4/arc_arc_2q_lfu.cfg,experiments/data/hot8_scan_c96_seed42.in,ARC ARC 2Q LFU,4,24 24 24 24,96,10000,7992,2008,0.7992,7992,2008,0.7992,0
configs/exp4/arc_arc_2q_lirs.cfg,experiments/data/hot8_scan_c96_seed42.in,ARC ARC 2Q LIRS,4,24 24 24 24,96,10000,7992,2008,0.7992,7992,2008,0.7992,0
configs/exp4/arc_arc_2q_lru.cfg,experiments/data/hot8_scan_c96_seed42.in,ARC ARC 2Q LRU,4,24 24 24 24,96,10000,7992,2008,0.7992,7992,2008,0.7992,0
configs/exp4/arc_arc_arc_2q.cfg,experiments/data/hot8_scan_c96_seed42.in,ARC ARC ARC 2Q,4,24 24 24 24,96,10000,7992,2008,0.7992,7992,2008,0.7992,0
configs/exp4/arc_arc_arc_lfu.cfg,experiments/data/hot8_scan_c96_seed42.in,ARC ARC ARC LFU,4,24 24 24 24,96,10000,7992,2008,0.7992,7992,2008,0.7992,0
configs/exp4/arc_arc_arc_lirs.cfg,experiments/data/hot8_scan_c96_seed42.in,ARC ARC ARC LIRS,4,24 24 24 24,96,10000,7992,2008,0.7992,7992,2008,0.7992,0
configs/exp4/arc_arc_arc_lru.cfg,experiments/data/hot8_scan_c96_seed42.in,ARC ARC ARC LRU,4,24 24 24 24,96,10000,7992,2008,0.7992,7992,2008,0.7992,0
configs/exp4/arc_arc_lfu.cfg,experiments/data/hot8_scan_c96_seed42.in,ARC ARC LFU,3,32 32 32,96,10000,7992,2008,0.7992,7992,2008,0.7992,0
configs/exp4/arc_arc_lfu_2q.cfg,experiments/data/hot8_scan_c96_seed42.in,ARC ARC LFU 2Q,4,24 24 24 24,96,10000,7992,2008,0.7992,7992,2008,0.7992,0
configs/exp4/arc_arc_lfu_arc.cfg,experiments/data/hot8_scan_c96_seed42.in,ARC ARC LFU ARC,4,24 24 24 24,96,10000,7992,2008,0.7992,7992,2008,0.7992,0
configs/exp4/arc_arc_lfu_lfu.cfg,experiments/data/hot8_scan_c96_seed42.in,ARC ARC LFU LFU,4,24 24 24 24,96,10000,7992,2008,0.7992,7992,2008,0.7992,0
configs/exp4/arc_arc_lfu_lirs.cfg,experiments/data/hot8_scan_c96_seed42.in,ARC ARC LFU LIRS,4,24 24 24 24,96,10000,7992,2008,0.7992,7992,2008,0.7992,0
configs/exp4/arc_arc_lfu_lru.cfg,experiments/data/hot8_scan_c96_seed42.in,ARC ARC LFU LRU,4,24 24 24 24,96,10000,7992,2008,0.7992,7992,2008,0.7992,0
configs/exp4/arc_arc_lirs.cfg,experiments/data/hot8_scan_c96_seed42.in,ARC ARC LIRS,3,32 32 32,96,10000,7992,2008,0.7992,7992,2008,0.7992,0
configs/exp4/arc_arc_lirs_2q.cfg,experiments/data/hot8_scan_c96_seed42.in,ARC ARC LIRS 2Q,4,24 24 24 24,96,10000,7992,2008,0.7992,7992,2008,0.7992,0
configs/exp4/arc_arc_lirs_arc.cfg,experiments/data/hot8_scan_c96_seed42.in,ARC ARC LIRS ARC,4,24 24 24 24,96,10000,7992,2008,0.7992,7992,2008,0.7992,0
configs/exp4/arc_arc_lirs_lfu.cfg,experiments/data/hot8_scan_c96_seed42.in,ARC ARC LIRS LFU,4,24 24 24 24,96,10000,7992,2008,0.7992,7992,2008,0.7992,0
configs/exp4/arc_arc_lirs_lirs.cfg,experiments/data/hot8_scan_c96_seed42.in,ARC ARC LIRS LIRS,4,24 24 24 24,96,10000,7992,2008,0.7992,7992,2008,0.7992,0
configs/exp4/arc_arc_lirs_lru.cfg,experiments/data/hot8_scan_c96_seed42.in,ARC ARC LIRS LRU,4,24 24 24 24,96,10000,7992,2008,0.7992,7992,2008,0.7992,0
configs/exp4/arc_arc_lru.cfg,experiments/data/hot8_scan_c96_seed42.in,ARC ARC LRU,3,32 32 32,96,10000,7992,2008,0.7992,7992,2008,0.7992,0
configs/exp4/arc_arc_lru_2q.cfg,experiments/data/hot8_scan_c96_seed42.in,ARC ARC LRU 2Q,4,24 24 24 24,96,10000,7992,2008,0.7992,7992,2008,0.7992,0
configs/exp4/arc_arc_lru_arc.cfg,experiments/data/hot8_scan_c96_seed42.in,ARC ARC LRU ARC,4,24 24 24 24,96,10000,7992,2008,0.7992,7992,2008,0.7992,0
configs/exp4/arc_arc_lru_lfu.cfg,experiments/data/hot8_scan_c96_seed42.in,ARC ARC LRU LFU,4,24 24 24 24,96,10000,7992,2008,0.7992,7992,2008,0.7992,0
configs/exp4/arc_arc_lru_lirs.cfg,experiments/data/hot8_scan_c96_seed42.in,ARC ARC LRU LIRS,4,24 24 24 24,96,10000,7992,2008,0.7992,7992,2008,0.7992,0
configs/exp4/arc_arc_lru_lru.cfg,experiments/data/hot8_scan_c96_seed42.in,ARC ARC LRU LRU,4,24 24 24 24,96,10000,7992,2008,0.7992,7992,2008,0.7992,0
configs/exp4/arc_lfu.cfg,experiments/data/hot8_scan_c96_seed42.in,ARC LFU,2,48 48,96,10000,7992,2008,0.7992,7992,2008,0.7992,0
configs/exp4/arc_lfu_2q.cfg,experiments/data/hot8_scan_c96_seed42.in,ARC LFU 2Q,3,32 32 32,96,10000,7992,2008,0.7992,7992,2008,0.7992,0
configs/exp4/arc_lfu_2q_2q.cfg,experiments/data/hot8_scan_c96_seed42.in,ARC LFU 2Q 2Q,4,24 24 24 24,96,10000,7992,2008,0.7992,7992,2008,0.7992,0
configs/exp4/arc_lfu_2q_arc.cfg,experiments/data/hot8_scan_c96_seed42.in,ARC LFU 2Q ARC,4,24 24 24 24,96,10000,7992,2008,0.7992,7992,2008,0.7992,0
configs/exp4/arc_lfu_2q_lfu.cfg,experiments/data/hot8_scan_c96_seed42.in,ARC LFU 2Q LFU,4,24 24 24 24,96,10000,7992,2008,0.7992,7992,2008,0.7992,0
configs/exp4/arc_lfu_2q_lirs.cfg,experiments/data/hot8_scan_c96_seed42.in,ARC LFU 2Q LIRS,4,24 24 24 24,96,10000,7992,2008,0.7992,7992,2008,0.7992,0
configs/exp4/arc_lfu_2q_lru.cfg,experiments/data/hot8_scan_c96_seed42.in,ARC LFU 2Q LRU,4,24 24 24 24,96,10000,7992,2008,0.7992,7992,2008,0.7992,0
configs/exp4/arc_lfu_arc.cfg,experiments/data/hot8_scan_c96_seed42.in,ARC LFU ARC,3,32 32 32,96,10000,7992,2008,0.7992,7992,2008,0.7992,0
configs/exp4/arc_lfu_arc_2q.cfg,experiments/data/hot8_scan_c96_seed42.in,ARC LFU ARC 2Q,4,24 24 24 24,96,10000,7992,2008,0.7992,7992,2008,0.7992,0
configs/exp4/arc_lfu_arc_arc.cfg,experiments/data/hot8_scan_c96_seed42.in,ARC LFU ARC ARC,4,24 24 24 24,96,10000,7992,2008,0.7992,7992,2008,0.7992,0
configs/exp4/arc_lfu_arc_lfu.cfg,experiments/data/hot8_scan_c96_seed42.in,ARC LFU ARC LFU,4,24 24 24 24,96,10000,7992,2008,0.7992,7992,2008,0.7992,0
configs/exp4/arc_lfu_arc_lirs.cfg,experiments/data/hot8_scan_c96_seed42.in,ARC LFU ARC LIRS,4,24 24 24 24,96,10000,7992,2008,0.7992,7992,2008,0.7992,0
configs/exp4/arc_lfu_arc_lru.cfg,experiments/data/hot8_scan_c96_seed42.in,ARC LFU ARC LRU,4,24 24 24 24,96,10000,7992,2008,0.7992,7992,2008,0.7992,0
configs/exp4/arc_lfu_lfu.cfg,experiments/data/hot8_scan_c96_seed42.in,ARC LFU LFU,3,32 32 32,96,10000,7992,2008,0.7992,7992,2008,0.7992,0
configs/exp4/arc_lfu_lfu_2q.cfg,experiments/data/hot8_scan_c96_seed42.in,ARC LFU LFU 2Q,4,24 24 24 24,96,10000,7992,2008,0.7992,7992,2008,0.7992,0
configs/exp4/arc_lfu_lfu_arc.cfg,experiments/data/hot8_scan_c96_seed42.in,ARC LFU LFU ARC,4,24 24 24 24,96,10000,7992,2008,0.7992,7992,2008,0.7992,0
configs/exp4/arc_lfu_lfu_lfu.cfg,experiments/data/hot8_scan_c96_seed42.in,ARC LFU LFU LFU,4,24 24 24 24,96,10000,7992,2008,0.7992,7992,2008,0.7992,0
configs/exp4/arc_lfu_lfu_lirs.cfg,experiments/data/hot8_scan_c96_seed42.in,ARC LFU LFU LIRS,4,24 24 24 24,96,10000,7992,2008,0.7992,7992,2008,0.7992,0
configs/exp4/arc_lfu_lfu_lru.cfg,experiments/data/hot8_scan_c96_seed42.in,ARC LFU LFU LRU,4,24 24 24 24,96,10000,7992,2008,0.7992,7992,2008,0.7992,0
configs/exp4/arc_lfu_lirs.cfg,experiments/data/hot8_scan_c96_seed42.in,ARC LFU LIRS,3,32 32 32,96,10000,7992,2008,0.7992,7992,2008,0.7992,0
configs/exp4/arc_lfu_lirs_2q.cfg,experiments/data/hot8_scan_c96_seed42.in,ARC LFU LIRS 2Q,4,24 24 24 24,96,10000,7992,2008,0.7992,7992,2008,0.7992,0
configs/exp4/arc_lfu_lirs_arc.cfg,experiments/data/hot8_scan_c96_seed42.in,ARC LFU LIRS ARC,4,24 24 24 24,96,10000,7992,2008,0.7992,7992,2008,0.7992,0
configs/exp4/arc_lfu_lirs_lfu.cfg,experiments/data/hot8_scan_c96_seed42.in,ARC LFU LIRS LFU,4,24 24 24 24,96,10000,7992,2008,0.7992,7992,2008,0.7992,0
configs/exp4/arc_lfu_lirs_lirs.cfg,experiments/data/hot8_scan_c96_seed42.in,ARC LFU LIRS LIRS,4,24 24 24 24,96,10000,7992,2008,0.7992,7992,2008,0.7992,0
configs/exp4/arc_lfu_lirs_lru.cfg,experiments/data/hot8_scan_c96_seed42.in,ARC LFU LIRS LRU,4,24 24 24 24,96,10000,7992,2008,0.7992,7992,2008,0.7992,0
configs/exp4/arc_lfu_lru.cfg,experiments/data/hot8_scan_c96_seed42.in,ARC LFU LRU,3,32 32 32,96,10000,7992,2008,0.7992,7992,2008,0.7992,0
configs/exp4/arc_lfu_lru_2q.cfg,experiments/data/hot8_scan_c96_seed42.in,ARC LFU LRU 2Q,4,24 24 24 24,96,10000,7992,2008,0.7992,7992,2008,0.7992,0
configs/exp4/arc_lfu_lru_arc.cfg,experiments/data/hot8_scan_c96_seed42.in,ARC LFU LRU ARC,4,24 24 24 24,96,10000,7992,2008,0.7992,7992,2008,0.7992,0
configs/exp4/arc_lfu_lru_lfu.cfg,experiments/data/hot8_scan_c96_seed42.in,ARC LFU LRU LFU,4,24 24 24 24,96,10000,7992,2008,0.7992,7992,2008,0.7992,0
configs/exp4/arc_lfu_lru_lirs.cfg,experiments/data/hot8_scan_c96_seed42.in,ARC LFU LRU LIRS,4,24 24 24 24,96,10000,7992,2008,0.7992,7992,2008,0.7992,0
configs/exp4/arc_lfu_lru_lru.cfg,experiments/data/hot8_scan_c96_seed42.in,ARC LFU LRU LRU,4,24 24 24 24,96,10000,7992,2008,0.7992,7992,2008,0.7992,0
configs/exp4/arc_lirs.cfg,experiments/data/hot8_scan_c96_seed42.in,ARC LIRS,2,48 48,96,10000,7992,2008,0.7992,7992,2008,0.7992,0
configs/exp4/arc_lirs_2q.cfg,experiments/data/hot8_scan_c96_seed42.in,ARC LIRS 2Q,3,32 32 32,96,10000,7992,2008,0.7992,7992,2008,0.7992,0
configs/exp4/arc_lirs_2q_2q.cfg,experiments/data/hot8_scan_c96_seed42.in,ARC LIRS 2Q 2Q,4,24 24 24 24,96,10000,7992,2008,0.7992,7992,2008,0.7992,0
configs/exp4/arc_lirs_2q_arc.cfg,experiments/data/hot8_scan_c96_seed42.in,ARC LIRS 2Q ARC,4,24 24 24 24,96,10000,7992,2008,0.7992,7992,2008,0.7992,0
configs/exp4/arc_lirs_2q_lfu.cfg,experiments/data/hot8_scan_c96_seed42.in,ARC LIRS 2Q LFU,4,24 24 24 24,96,10000,7992,2008,0.7992,7992,2008,0.7992,0
configs/exp4/arc_lirs_2q_lirs.cfg,experiments/data/hot8_scan_c96_seed42.in,ARC LIRS 2Q LIRS,4,24 24 24 24,96,10000,7992,2008,0.7992,7992,2008,0.7992,0
configs/exp4/arc_lirs_2q_lru.cfg,experiments/data/hot8_scan_c96_seed42.in,ARC LIRS 2Q LRU,4,24 24 24 24,96,10000,7992,2008,0.7992,7992,2008,0.7992,0
configs/exp4/arc_lirs_arc.cfg,experiments/data/hot8_scan_c96_seed42.in,ARC LIRS ARC,3,32 32 32,96,10000,7992,2008,0.7992,7992,2008,0.7992,0
configs/exp4/arc_lirs_arc_2q.cfg,experiments/data/hot8_scan_c96_seed42.in,ARC LIRS ARC 2Q,4,24 24 24 24,96,10000,7992,2008,0.7992,7992,2008,0.7992,0
configs/exp4/arc_lirs_arc_arc.cfg,experiments/data/hot8_scan_c96_seed42.in,ARC LIRS ARC ARC,4,24 24 24 24,96,10000,7992,2008,0.7992,7992,2008,0.7992,0
configs/exp4/arc_lirs_arc_lfu.cfg,experiments/data/hot8_scan_c96_seed42.in,ARC LIRS ARC LFU,4,24 24 24 24,96,10000,7992,2008,0.7992,7992,2008,0.7992,0
configs/exp4/arc_lirs_arc_lirs.cfg,experiments/data/hot8_scan_c96_seed42.in,ARC LIRS ARC LIRS,4,24 24 24 24,96,10000,7992,2008,0.7992,7992,2008,0.7992,0
configs/exp4/arc_lirs_arc_lru.cfg,experiments/data/hot8_scan_c96_seed42.in,ARC LIRS ARC LRU,4,24 24 24 24,96,10000,7992,2008,0.7992,7992,2008,0.7992,0
configs/exp4/arc_lirs_lfu.cfg,experiments/data/hot8_scan_c96_seed42.in,ARC LIRS LFU,3,32 32 32,96,10000,7992,2008,0.7992,7992,2008,0.7992,0
configs/exp4/arc_lirs_lfu_2q.cfg,experiments/data/hot8_scan_c96_seed42.in,ARC LIRS LFU 2Q,4,24 24 24 24,96,10000,7992,2008,0.7992,7992,2008,0.7992,0
configs/exp4/arc_lirs_lfu_arc.cfg,experiments/data/hot8_scan_c96_seed42.in,ARC LIRS LFU ARC,4,24 24 24 24,96,10000,7992,2008,0.7992,7992,2008,0.7992,0
configs/exp4/arc_lirs_lfu_lfu.cfg,experiments/data/hot8_scan_c96_seed42.in,ARC LIRS LFU LFU,4,24 24 24 24,96,10000,7992,2008,0.7992,7992,2008,0.7992,0
configs/exp4/arc_lirs_lfu_lirs.cfg,experiments/data/hot8_scan_c96_seed42.in,ARC LIRS LFU LIRS,4,24 24 24 24,96,10000,7992,2008,0.7992,7992,2008,0.7992,0
configs/exp4/arc_lirs_lfu_lru.cfg,experiments/data/hot8_scan_c96_seed42.in,ARC LIRS LFU LRU,4,24 24 24 24,96,10000,7992,2008,0.7992,7992,2008,0.7992,0
configs/exp4/arc_lirs_lirs.cfg,experiments/data/hot8_scan_c96_seed42.in,ARC LIRS LIRS,3,32 32 32,96,10000,7992,2008,0.7992,7992,2008,0.7992,0
configs/exp4/arc_lirs_lirs_2q.cfg,experiments/data/hot8_scan_c96_seed42.in,ARC LIRS LIRS 2Q,4,24 24 24 24,96,10000,7992,2008,0.7992,7992,2008,0.7992,0
configs/exp4/arc_lirs_lirs_arc.cfg,experiments/data/hot8_scan_c96_seed42.in,ARC LIRS LIRS ARC,4,24 24 24 24,96,10000,7992,2008,0.7992,7992,2008,0.7992,0
configs/exp4/arc_lirs_lirs_lfu.cfg,experiments/data/hot8_scan_c96_seed42.in,ARC LIRS LIRS LFU,4,24 24 24 24,96,10000,7992,2008,0.7992,7992,2008,0.7992,0
configs/exp4/arc_lirs_lirs_lirs.cfg,experiments/data/hot8_scan_c96_seed42.in,ARC LIRS LIRS LIRS,4,24 24 24 24,96,10000,7992,2008,0.7992,7992,2008,0.7992,0
configs/exp4/arc_lirs_lirs_lru.cfg,experiments/data/hot8_scan_c96_seed42.in,ARC LIRS LIRS LRU,4,24 24 24 24,96,10000,7992,2008,0.7992,7992,2008,0.7992,0
configs/exp4/arc_lirs_lru.cfg,experiments/data/hot8_scan_c96_seed42.in,ARC LIRS LRU,3,32 32 32,96,10000,7992,2008,0.7992,7992,2008,0.7992,0
configs/exp4/arc_lirs_lru_2q.cfg,experiments/data/hot8_scan_c96_seed42.in,ARC LIRS LRU 2Q,4,24 24 24 24,96,10000,7992,2008,0.7992,7992,2008,0.7992,0
configs/exp4/arc_lirs_lru_arc.cfg,experiments/data/hot8_scan_c96_seed42.in,ARC LIRS LRU ARC,4,24 24 24 24,96,10000,7992,2008,0.7992,7992,2008,0.7992,0
configs/exp4/arc_lirs_lru_lfu.cfg,experiments/data/hot8_scan_c96_seed42.in,ARC LIRS LRU LFU,4,24 24 24 24,96,10000,7992,2008,0.7992,7992,2008,0.7992,0
configs/exp4/arc_lirs_lru_lirs.cfg,experiments/data/hot8_scan_c96_seed42.in,ARC LIRS LRU LIRS,4,24 24 24 24,96,10000,7992,2008,0.7992,7992,2008,0.7992,0
configs/exp4/arc_lirs_lru_lru.cfg,experiments/data/hot8_scan_c96_seed42.in,ARC LIRS LRU LRU,4,24 24 24 24,96,10000,7992,2008,0.7992,7992,2008,0.7992,0
configs/exp4/arc_lru.cfg,experiments/data/hot8_scan_c96_seed42.in,ARC LRU,2,48 48,96,10000,7992,2008,0.7992,7992,2008,0.7992,0
configs/exp4/arc_lru_2q.cfg,experiments/data/hot8_scan_c96_seed42.in,ARC LRU 2Q,3,32 32 32,96,10000,7992,2008,0.7992,7992,2008,0.7992,0
configs/exp4/arc_lru_2q_2q.cfg,experiments/data/hot8_scan_c96_seed42.in,ARC LRU 2Q 2Q,4,24 24 24 24,96,10000,7992,2008,0.7992,7992,2008,0.7992,0
configs/exp4/arc_lru_2q_arc.cfg,experiments/data/hot8_scan_c96_seed42.in,ARC LRU 2Q ARC,4,24 24 24 24,96,10000,7992,2008,0.7992,7992,2008,0.7992,0
configs/exp4/arc_lru_2q_lfu.cfg,experiments/data/hot8_scan_c96_seed42.in,ARC LRU 2Q LFU,4,24 24 24 24,96,10000,7992,2008,0.7992,7992,2008,0.7992,0
configs/exp4/arc_lru_2q_lirs.cfg,experiments/data/hot8_scan_c96_seed42.in,ARC LRU 2Q LIRS,4,24 24 24 24,96,10000,7992,2008,0.7992,7992,2008,0.7992,0
configs/exp4/arc_lru_2q_lru.cfg,experiments/data/hot8_scan_c96_seed42.in,ARC LRU 2Q LRU,4,24 24 24 24,96,10000,7992,2008,0.7992,7992,2008,0.7992,0
configs/exp4/arc_lru_arc.cfg,experiments/data/hot8_scan_c96_seed42.in,ARC LRU ARC,3,32 32 32,96,10000,7992,2008,0.7992,7992,2008,0.7992,0
configs/exp4/arc_lru_arc_2q.cfg,experiments/data/hot8_scan_c96_seed42.in,ARC LRU ARC 2Q,4,24 24 24 24,96,10000,7992,2008,0.7992,7992,2008,0.7992,0
configs/exp4/arc_lru_arc_arc.cfg,experiments/data/hot8_scan_c96_seed42.in,ARC LRU ARC ARC,4,24 24 24 24,96,10000,7992,2008,0.7992,7992,2008,0.7992,0
configs/exp4/arc_lru_arc_lfu.cfg,experiments/data/hot8_scan_c96_seed42.in,ARC LRU ARC LFU,4,24 24 24 24,96,10000,7992,2008,0.7992,7992,2008,0.7992,0
configs/exp4/arc_lru_arc_lirs.cfg,experiments/data/hot8_scan_c96_seed42.in,ARC LRU ARC LIRS,4,24 24 24 24,96,10000,7992,2008,0.7992,7992,2008,0.7992,0
configs/exp4/arc_lru_arc_lru.cfg,experiments/data/hot8_scan_c96_seed42.in,ARC LRU ARC LRU,4,24 24 24 24,96,10000,7992,2008,0.7992,7992,2008,0.7992,0
configs/exp4/arc_lru_lfu.cfg,experiments/data/hot8_scan_c96_seed42.in,ARC LRU LFU,3,32 32 32,96,10000,7992,2008,0.7992,7992,2008,0.7992,0
configs/exp4/arc_lru_lfu_2q.cfg,experiments/data/hot8_scan_c96_seed42.in,ARC LRU LFU 2Q,4,24 24 24 24,96,10000,7992,2008,0.7992,7992,2008,0.7992,0
configs/exp4/arc_lru_lfu_arc.cfg,experiments/data/hot8_scan_c96_seed42.in,ARC LRU LFU ARC,4,24 24 24 24,96,10000,7992,2008,0.7992,7992,2008,0.7992,0
configs/exp4/arc_lru_lfu_lfu.cfg,experiments/data/hot8_scan_c96_seed42.in,ARC LRU LFU LFU,4,24 24 24 24,96,10000,7992,2008,0.7992,7992,2008,0.7992,0
configs/exp4/arc_lru_lfu_lirs.cfg,experiments/data/hot8_scan_c96_seed42.in,ARC LRU LFU LIRS,4,24 24 24 24,96,10000,7992,2008,0.7992,7992,2008,0.7992,0
configs/exp4/arc_lru_lfu_lru.cfg,experiments/data/hot8_scan_c96_seed42.in,ARC LRU LFU LRU,4,24 24 24 24,96,10000,7992,2008,0.7992,7992,2008,0.7992,0
configs/exp4/arc_lru_lirs.cfg,experiments/data/hot8_scan_c96_seed42.in,ARC LRU LIRS,3,32 32 32,96,10000,7992,2008,0.7992,7992,2008,0.7992,0
configs/exp4/arc_lru_lirs_2q.cfg,experiments/data/hot8_scan_c96_seed42.in,ARC LRU LIRS 2Q,4,24 24 24 24,96,10000,7992,2008,0.7992,7992,2008,0.7992,0
configs/exp4/arc_lru_lirs_arc.cfg,experiments/data/hot8_scan_c96_seed42.in,ARC LRU LIRS ARC,4,24 24 24 24,96,10000,7992,2008,0.7992,7992,2008,0.7992,0
configs/exp4/arc_lru_lirs_lfu.cfg,experiments/data/hot8_scan_c96_seed42.in,ARC LRU LIRS LFU,4,24 24 24 24,96,10000,7992,2008,0.7992,7992,2008,0.7992,0
configs/exp4/arc_lru_lirs_lirs.cfg,experiments/data/hot8_scan_c96_seed42.in,ARC LRU LIRS LIRS,4,24 24 24 24,96,10000,7992,2008,0.7992,7992,2008,0.7992,0
configs/exp4/arc_lru_lirs_lru.cfg,experiments/data/hot8_scan_c96_seed42.in,ARC LRU LIRS LRU,4,24 24 24 24,96,10000,7992,2008,0.7992,7992,2008,0.7992,0
configs/exp4/arc_lru_lru.cfg,experiments/data/hot8_scan_c96_seed42.in,ARC LRU LRU,3,32 32 32,96,10000,7992,2008,0.7992,7992,2008,0.7992,0
configs/exp4/arc_lru_lru_2q.cfg,experiments/data/hot8_scan_c96_seed42.in,ARC LRU LRU 2Q,4,24 24 24 24,96,10000,7992,2008,0.7992,7992,2008,0.7992,0
configs/exp4/arc_lru_lru_arc.cfg,experiments/data/hot8_scan_c96_seed42.in,ARC LRU LRU ARC,4,24 24 24 24,96,10000,7992,2008,0.7992,7992,2008,0.7992,0
configs/exp4/arc_lru_lru_lfu.cfg,experiments/data/hot8_scan_c96_seed42.in,ARC LRU LRU LFU,4,24 24 24 24,96,10000,7992,2008,0.7992,7992,2008,0.7992,0
configs/exp4/arc_lru_lru_lirs.cfg,experiments/data/hot8_scan_c96_seed42.in,ARC LRU LRU LIRS,4,24 24 24 24,96,10000,7992,2008,0.7992,7992,2008,0.7992,0
configs/exp4/arc_lru_lru_lru.cfg,experiments/data/hot8_scan_c96_seed42.in,ARC LRU LRU LRU,4,24 24 24 24,96,10000,7992,2008,0.7992,7992,2008,0.7992,0
configs/exp4/lfu_2q.cfg,experiments/data/hot8_scan_c96_seed42.in,LFU 2Q,2,48 48,96,10000,7992,2008,0.7992,7992,2008,0.7992,0
configs/exp4/lfu_2q_2q.cfg,experiments/data/hot8_scan_c96_seed42.in,LFU 2Q 2Q,3,32 32 32,96,10000,7992,2008,0.7992,7992,2008,0.7992,0
configs/exp4/lfu_2q_2q_2q.cfg,experiments/data/hot8_scan_c96_seed42.in,LFU 2Q 2Q 2Q,4,24 24 24 24,96,10000,7992,2008,0.7992,7992,2008,0.7992,0
configs/exp4/lfu_2q_2q_arc.cfg,experiments/data/hot8_scan_c96_seed42.in,LFU 2Q 2Q ARC,4,24 24 24 24,96,10000,7992,2008,0.7992,7992,2008,0.7992,0
configs/exp4/lfu_2q_2q_lfu.cfg,experiments/data/hot8_scan_c96_seed42.in,LFU 2Q 2Q LFU,4,24 24 24 24,96,10000,7992,2008,0.7992,7992,2008,0.7992,0
configs/exp4/lfu_2q_2q_lirs.cfg,experiments/data/hot8_scan_c96_seed42.in,LFU 2Q 2Q LIRS,4,24 24 24 24,96,10000,7992,2008,0.7992,7992,2008,0.7992,0
configs/exp4/lfu_2q_2q_lru.cfg,experiments/data/hot8_scan_c96_seed42.in,LFU 2Q 2Q LRU,4,24 24 24 24,96,10000,7992,2008,0.7992,7992,2008,0.7992,0
configs/exp4/lfu_2q_arc.cfg,experiments/data/hot8_scan_c96_seed42.in,LFU 2Q ARC,3,32 32 32,96,10000,7992,2008,0.7992,7992,2008,0.7992,0
configs/exp4/lfu_2q_arc_2q.cfg,experiments/data/hot8_scan_c96_seed42.in,LFU 2Q ARC 2Q,4,24 24 24 24,96,10000,7992,2008,0.7992,7992,2008,0.7992,0
configs/exp4/lfu_2q_arc_arc.cfg,experiments/data/hot8_scan_c96_seed42.in,LFU 2Q ARC ARC,4,24 24 24 24,96,10000,7992,2008,0.7992,7992,2008,0.7992,0
configs/exp4/lfu_2q_arc_lfu.cfg,experiments/data/hot8_scan_c96_seed42.in,LFU 2Q ARC LFU,4,24 24 24 24,96,10000,7992,2008,0.7992,7992,2008,0.7992,0
configs/exp4/lfu_2q_arc_lirs.cfg,experiments/data/hot8_scan_c96_seed42.in,LFU 2Q ARC LIRS,4,24 24 24 24,96,10000,7992,2008,0.7992,7992,2008,0.7992,0
configs/exp4/lfu_2q_arc_lru.cfg,experiments/data/hot8_scan_c96_seed42.in,LFU 2Q ARC LRU,4,24 24 24 24,96,10000,7992,2008,0.7992,7992,2008,0.7992,0
configs/exp4/lfu_2q_lfu.cfg,experiments/data/hot8_scan_c96_seed42.in,LFU 2Q LFU,3,32 32 32,96,10000,7992,2008,0.7992,7992,2008,0.7992,0
configs/exp4/lfu_2q_lfu_2q.cfg,experiments/data/hot8_scan_c96_seed42.in,LFU 2Q LFU 2Q,4,24 24 24 24,96,10000,7992,2008,0.7992,7992,2008,0.7992,0
configs/exp4/lfu_2q_lfu_arc.cfg,experiments/data/hot8_scan_c96_seed42.in,LFU 2Q LFU ARC,4,24 24 24 24,96,10000,7992,2008,0.7992,7992,2008,0.7992,0
configs/exp4/lfu_2q_lfu_lfu.cfg,experiments/data/hot8_scan_c96_seed42.in,LFU 2Q LFU LFU,4,24 24 24 24,96,10000,7992,2008,0.7992,7992,2008,0.7992,0
configs/exp4/lfu_2q_lfu_lirs.cfg,experiments/data/hot8_scan_c96_seed42.in,LFU 2Q LFU LIRS,4,24 24 24 24,96,10000,7992,2008,0.7992,7992,2008,0.7992,0
configs/exp4/lfu_2q_lfu_lru.cfg,experiments/data/hot8_scan_c96_seed42.in,LFU 2Q LFU LRU,4,24 24 24 24,96,10000,7992,2008,0.7992,7992,2008,0.7992,0
configs/exp4/lfu_2q_lirs.cfg,experiments/data/hot8_scan_c96_seed42.in,LFU 2Q LIRS,3,32 32 32,96,10000,7992,2008,0.7992,7992,2008,0.7992,0
configs/exp4/lfu_2q_lirs_2q.cfg,experiments/data/hot8_scan_c96_seed42.in,LFU 2Q LIRS 2Q,4,24 24 24 24,96,10000,7992,2008,0.7992,7992,2008,0.7992,0
configs/exp4/lfu_2q_lirs_arc.cfg,experiments/data/hot8_scan_c96_seed42.in,LFU 2Q LIRS ARC,4,24 24 24 24,96,10000,7992,2008,0.7992,7992,2008,0.7992,0
configs/exp4/lfu_2q_lirs_lfu.cfg,experiments/data/hot8_scan_c96_seed42.in,LFU 2Q LIRS LFU,4,24 24 24 24,96,10000,7992,2008,0.7992,7992,2008,0.7992,0
configs/exp4/lfu_2q_lirs_lirs.cfg,experiments/data/hot8_scan_c96_seed42.in,LFU 2Q LIRS LIRS,4,24 24 24 24,96,10000,7992,2008,0.7992,7992,2008,0.7992,0
configs/exp4/lfu_2q_lirs_lru.cfg,experiments/data/hot8_scan_c96_seed42.in,LFU 2Q LIRS LRU,4,24 24 24 24,96,10000,7992,2008,0.7992,7992,2008,0.7992,0
configs/exp4/lfu_2q_lru.cfg,experiments/data/hot8_scan_c96_seed42.in,LFU 2Q LRU,3,32 32 32,96,10000,7992,2008,0.7992,7992,2008,0.7992,0
configs/exp4/lfu_2q_lru_2q.cfg,experiments/data/hot8_scan_c96_seed42.in,LFU 2Q LRU 2Q,4,24 24 24 24,96,10000,7992,2008,0.7992,7992,2008,0.7992,0
configs/exp4/lfu_2q_lru_arc.cfg,experiments/data/hot8_scan_c96_seed42.in,LFU 2Q LRU ARC,4,24 24 24 24,96,10000,7992,2008,0.7992,7992,2008,0.7992,0
configs/exp4/lfu_2q_lru_lfu.cfg,experiments/data/hot8_scan_c96_seed42.in,LFU 2Q LRU LFU,4,24 24 24 24,96,10000,7992,2008,0.7992,7992,2008,0.7992,0
configs/exp4/lfu_2q_lru_lirs.cfg,experiments/data/hot8_scan_c96_seed42.in,LFU 2Q LRU LIRS,4,24 24 24 24,96,10000,7992,2008,0.7992,7992,2008,0.7992,0
configs/exp4/lfu_2q_lru_lru.cfg,experiments/data/hot8_scan_c96_seed42.in,LFU 2Q LRU LRU,4,24 24 24 24,96,10000,7992,2008,0.7992,7992,2008,0.7992,0
configs/exp4/lfu_arc.cfg,experiments/data/hot8_scan_c96_seed42.in,LFU ARC,2,48 48,96,10000,7992,2008,0.7992,7992,2008,0.7992,0
configs/exp4/lfu_arc_2q.cfg,experiments/data/hot8_scan_c96_seed42.in,LFU ARC 2Q,3,32 32 32,96,10000,7992,2008,0.7992,7992,2008,0.7992,0
configs/exp4/lfu_arc_2q_2q.cfg,experiments/data/hot8_scan_c96_seed42.in,LFU ARC 2Q 2Q,4,24 24 24 24,96,10000,7992,2008,0.7992,7992,2008,0.7992,0
configs/exp4/lfu_arc_2q_arc.cfg,experiments/data/hot8_scan_c96_seed42.in,LFU ARC 2Q ARC,4,24 24 24 24,96,10000,7992,2008,0.7992,7992,2008,0.7992,0
configs/exp4/lfu_arc_2q_lfu.cfg,experiments/data/hot8_scan_c96_seed42.in,LFU ARC 2Q LFU,4,24 24 24 24,96,10000,7992,2008,0.7992,7992,2008,0.7992,0
configs/exp4/lfu_arc_2q_lirs.cfg,experiments/data/hot8_scan_c96_seed42.in,LFU ARC 2Q LIRS,4,24 24 24 24,96,10000,7992,2008,0.7992,7992,2008,0.7992,0
configs/exp4/lfu_arc_2q_lru.cfg,experiments/data/hot8_scan_c96_seed42.in,LFU ARC 2Q LRU,4,24 24 24 24,96,10000,7992,2008,0.7992,7992,2008,0.7992,0
configs/exp4/lfu_arc_arc.cfg,experiments/data/hot8_scan_c96_seed42.in,LFU ARC ARC,3,32 32 32,96,10000,7992,2008,0.7992,7992,2008,0.7992,0
configs/exp4/lfu_arc_arc_2q.cfg,experiments/data/hot8_scan_c96_seed42.in,LFU ARC ARC 2Q,4,24 24 24 24,96,10000,7992,2008,0.7992,7992,2008,0.7992,0
configs/exp4/lfu_arc_arc_arc.cfg,experiments/data/hot8_scan_c96_seed42.in,LFU ARC ARC ARC,4,24 24 24 24,96,10000,7992,2008,0.7992,7992,2008,0.7992,0
configs/exp4/lfu_arc_arc_lfu.cfg,experiments/data/hot8_scan_c96_seed42.in,LFU ARC ARC LFU,4,24 24 24 24,96,10000,7992,2008,0.7992,7992,2008,0.7992,0
configs/exp4/lfu_arc_arc_lirs.cfg,experiments/data/hot8_scan_c96_seed42.in,LFU ARC ARC LIRS,4,24 24 24 24,96,10000,7992,2008,0.7992,7992,2008,0.7992,0
configs/exp4/lfu_arc_arc_lru.cfg,experiments/data/hot8_scan_c96_seed42.in,LFU ARC ARC LRU,4,24 24 24 24,96,10000,7992,2008,0.7992,7992,2008,0.7992,0
configs/exp4/lfu_arc_lfu.cfg,experiments/data/hot8_scan_c96_seed42.in,LFU ARC LFU,3,32 32 32,96,10000,7992,2008,0.7992,7992,2008,0.7992,0
configs/exp4/lfu_arc_lfu_2q.cfg,experiments/data/hot8_scan_c96_seed42.in,LFU ARC LFU 2Q,4,24 24 24 24,96,10000,7992,2008,0.7992,7992,2008,0.7992,0
configs/exp4/lfu_arc_lfu_arc.cfg,experiments/data/hot8_scan_c96_seed42.in,LFU ARC LFU ARC,4,24 24 24 24,96,10000,7992,2008,0.7992,7992,2008,0.7992,0
configs/exp4/lfu_arc_lfu_lfu.cfg,experiments/data/hot8_scan_c96_seed42.in,LFU ARC LFU LFU,4,24 24 24 24,96,10000,7992,2008,0.7992,7992,2008,0.7992,0
configs/exp4/lfu_arc_lfu_lirs.cfg,experiments/data/hot8_scan_c96_seed42.in,LFU ARC LFU LIRS,4,24 24 24 24,96,10000,7992,2008,0.7992,7992,2008,0.7992,0
configs/exp4/lfu_arc_lfu_lru.cfg,experiments/data/hot8_scan_c96_seed42.in,LFU ARC LFU LRU,4,24 24 24 24,96,10000,7992,2008,0.7992,7992,2008,0.7992,0
configs/exp4/lfu_arc_lirs.cfg,experiments/data/hot8_scan_c96_seed42.in,LFU ARC LIRS,3,32 32 32,96,10000,7992,2008,0.7992,7992,2008,0.7992,0
configs/exp4/lfu_arc_lirs_2q.cfg,experiments/data/hot8_scan_c96_seed42.in,LFU ARC LIRS 2Q,4,24 24 24 24,96,10000,7992,2008,0.7992,7992,2008,0.7992,0
configs/exp4/lfu_arc_lirs_arc.cfg,experiments/data/hot8_scan_c96_seed42.in,LFU ARC LIRS ARC,4,24 24 24 24,96,10000,7992,2008,0.7992,7992,2008,0.7992,0
configs/exp4/lfu_arc_lirs_lfu.cfg,experiments/data/hot8_scan_c96_seed42.in,LFU ARC LIRS LFU,4,24 24 24 24,96,10000,7992,2008,0.7992,7992,2008,0.7992,0
configs/exp4/lfu_arc_lirs_lirs.cfg,experiments/data/hot8_scan_c96_seed42.in,LFU ARC LIRS LIRS,4,24 24 24 24,96,10000,7992,2008,0.7992,7992,2008,0.7992,0
configs/exp4/lfu_arc_lirs_lru.cfg,experiments/data/hot8_scan_c96_seed42.in,LFU ARC LIRS LRU,4,24 24 24 24,96,10000,7992,2008,0.7992,7992,2008,0.7992,0
configs/exp4/lfu_arc_lru.cfg,experiments/data/hot8_scan_c96_seed42.in,LFU ARC LRU,3,32 32 32,96,10000,7992,2008,0.7992,7992,2008,0.7992,0
configs/exp4/lfu_arc_lru_2q.cfg,experiments/data/hot8_scan_c96_seed42.in,LFU ARC LRU 2Q,4,24 24 24 24,96,10000,7992,2008,0.7992,7992,2008,0.7992,0
configs/exp4/lfu_arc_lru_arc.cfg,experiments/data/hot8_scan_c96_seed42.in,LFU ARC LRU ARC,4,24 24 24 24,96,10000,7992,2008,0.7992,7992,2008,0.7992,0
configs/exp4/lfu_arc_lru_lfu.cfg,experiments/data/hot8_scan_c96_seed42.in,LFU ARC LRU LFU,4,24 24 24 24,96,10000,7992,2008,0.7992,7992,2008,0.7992,0
configs/exp4/lfu_arc_lru_lirs.cfg,experiments/data/hot8_scan_c96_seed42.in,LFU ARC LRU LIRS,4,24 24 24 24,96,10000,7992,2008,0.7992,7992,2008,0.7992,0
configs/exp4/lfu_arc_lru_lru.cfg,experiments/data/hot8_scan_c96_seed42.in,LFU ARC LRU LRU,4,24 24 24 24,96,10000,7992,2008,0.7992,7992,2008,0.7992,0
configs/exp4/lfu_lfu_2q.cfg,experiments/data/hot8_scan_c96_seed42.in,LFU LFU 2Q,3,32 32 32,96,10000,7992,2008,0.7992,7992,2008,0.7992,0
configs/exp4/lfu_lfu_2q_2q.cfg,experiments/data/hot8_scan_c96_seed42.in,LFU LFU 2Q 2Q,4,24 24 24 24,96,10000,7992,2008,0.7992,7992,2008,0.7992,0
configs/exp4/lfu_lfu_2q_arc.cfg,experiments/data/hot8_scan_c96_seed42.in,LFU LFU 2Q ARC,4,24 24 24 24,96,10000,7992,2008,0.7992,7992,2008,0.7992,0
configs/exp4/lfu_lfu_2q_lfu.cfg,experiments/data/hot8_scan_c96_seed42.in,LFU LFU 2Q LFU,4,24 24 24 24,96,10000,7992,2008,0.7992,7992,2008,0.7992,0
configs/exp4/lfu_lfu_2q_lirs.cfg,experiments/data/hot8_scan_c96_seed42.in,LFU LFU 2Q LIRS,4,24 24 24 24,96,10000,7992,2008,0.7992,7992,2008,0.7992,0
configs/exp4/lfu_lfu_2q_lru.cfg,experiments/data/hot8_scan_c96_seed42.in,LFU LFU 2Q LRU,4,24 24 24 24,96,10000,7992,2008,0.7992,7992,2008,0.7992,0
configs/exp4/lfu_lfu_arc.cfg,experiments/data/hot8_scan_c96_seed42.in,LFU LFU ARC,3,32 32 32,96,10000,7992,2008,0.7992,7992,2008,0.7992,0
configs/exp4/lfu_lfu_arc_2q.cfg,experiments/data/hot8_scan_c96_seed42.in,LFU LFU ARC 2Q,4,24 24 24 24,96,10000,7992,2008,0.7992,7992,2008,0.7992,0
configs/exp4/lfu_lfu_arc_arc.cfg,experiments/data/hot8_scan_c96_seed42.in,LFU LFU ARC ARC,4,24 24 24 24,96,10000,7992,2008,0.7992,7992,2008,0.7992,0
configs/exp4/lfu_lfu_arc_lfu.cfg,experiments/data/hot8_scan_c96_seed42.in,LFU LFU ARC LFU,4,24 24 24 24,96,10000,7992,2008,0.7992,7992,2008,0.7992,0
configs/exp4/lfu_lfu_arc_lirs.cfg,experiments/data/hot8_scan_c96_seed42.in,LFU LFU ARC LIRS,4,24 24 24 24,96,10000,7992,2008,0.7992,7992,2008,0.7992,0
configs/exp4/lfu_lfu_arc_lru.cfg,experiments/data/hot8_scan_c96_seed42.in,LFU LFU ARC LRU,4,24 24 24 24,96,10000,7992,2008,0.7992,7992,2008,0.7992,0
configs/exp4/lfu_lfu_lfu_2q.cfg,experiments/data/hot8_scan_c96_seed42.in,LFU LFU LFU 2Q,4,24 24 24 24,96,10000,7992,2008,0.7992,7992,2008,0.7992,0
configs/exp4/lfu_lfu_lfu_arc.cfg,experiments/data/hot8_scan_c96_seed42.in,LFU LFU LFU ARC,4,24 24 24 24,96,10000,7992,2008,0.7992,7992,2008,0.7992,0
configs/exp4/lfu_lfu_lfu_lirs.cfg,experiments/data/hot8_scan_c96_seed42.in,LFU LFU LFU LIRS,4,24 24 24 24,96,10000,7992,2008,0.7992,7992,2008,0.7992,0
configs/exp4/lfu_lfu_lfu_lru.cfg,experiments/data/hot8_scan_c96_seed42.in,LFU LFU LFU LRU,4,24 24 24 24,96,10000,7992,2008,0.7992,7992,2008,0.7992,0
configs/exp4/lfu_lfu_lirs.cfg,experiments/data/hot8_scan_c96_seed42.in,LFU LFU LIRS,3,32 32 32,96,10000,7992,2008,0.7992,7992,2008,0.7992,0
configs/exp4/lfu_lfu_lirs_2q.cfg,experiments/data/hot8_scan_c96_seed42.in,LFU LFU LIRS 2Q,4,24 24 24 24,96,10000,7992,2008,0.7992,7992,2008,0.7992,0
configs/exp4/lfu_lfu_lirs_arc.cfg,experiments/data/hot8_scan_c96_seed42.in,LFU LFU LIRS ARC,4,24 24 24 24,96,10000,7992,2008,0.7992,7992,2008,0.7992,0
configs/exp4/lfu_lfu_lirs_lfu.cfg,experiments/data/hot8_scan_c96_seed42.in,LFU LFU LIRS LFU,4,24 24 24 24,96,10000,7992,2008,0.7992,7992,2008,0.7992,0
configs/exp4/lfu_lfu_lirs_lirs.cfg,experiments/data/hot8_scan_c96_seed42.in,LFU LFU LIRS LIRS,4,24 24 24 24,96,10000,7992,2008,0.7992,7992,2008,0.7992,0
configs/exp4/lfu_lfu_lirs_lru.cfg,experiments/data/hot8_scan_c96_seed42.in,LFU LFU LIRS LRU,4,24 24 24 24,96,10000,7992,2008,0.7992,7992,2008,0.7992,0
configs/exp4/lfu_lfu_lru.cfg,experiments/data/hot8_scan_c96_seed42.in,LFU LFU LRU,3,32 32 32,96,10000,7992,2008,0.7992,7992,2008,0.7992,0
configs/exp4/lfu_lfu_lru_2q.cfg,experiments/data/hot8_scan_c96_seed42.in,LFU LFU LRU 2Q,4,24 24 24 24,96,10000,7992,2008,0.7992,7992,2008,0.7992,0
configs/exp4/lfu_lfu_lru_arc.cfg,experiments/data/hot8_scan_c96_seed42.in,LFU LFU LRU ARC,4,24 24 24 24,96,10000,7992,2008,0.7992,7992,2008,0.7992,0
configs/exp4/lfu_lfu_lru_lfu.cfg,experiments/data/hot8_scan_c96_seed42.in,LFU LFU LRU LFU,4,24 24 24 24,96,10000,7992,2008,0.7992,7992,2008,0.7992,0
configs/exp4/lfu_lfu_lru_lirs.cfg,experiments/data/hot8_scan_c96_seed42.in,LFU LFU LRU LIRS,4,24 24 24 24,96,10000,7992,2008,0.7992,7992,2008,0.7992,0
configs/exp4/lfu_lfu_lru_lru.cfg,experiments/data/hot8_scan_c96_seed42.in,LFU LFU LRU LRU,4,24 24 24 24,96,10000,7992,2008,0.7992,7992,2008,0.7992,0
configs/exp4/lfu_lirs.cfg,experiments/data/hot8_scan_c96_seed42.in,LFU LIRS,2,48 48,96,10000,7992,2008,0.7992,7992,2008,0.7992,0
configs/exp4/lfu_lirs_2q.cfg,experiments/data/hot8_scan_c96_seed42.in,LFU LIRS 2Q,3,32 32 32,96,10000,7992,2008,0.7992,7992,2008,0.7992,0
configs/exp4/lfu_lirs_2q_2q.cfg,experiments/data/hot8_scan_c96_seed42.in,LFU LIRS 2Q 2Q,4,24 24 24 24,96,10000,7992,2008,0.7992,7992,2008,0.7992,0
configs/exp4/lfu_lirs_2q_arc.cfg,experiments/data/hot8_scan_c96_seed42.in,LFU LIRS 2Q ARC,4,24 24 24 24,96,10000,7992,2008,0.7992,7992,2008,0.7992,0
configs/exp4/lfu_lirs_2q_lfu.cfg,experiments/data/hot8_scan_c96_seed42.in,LFU LIRS 2Q LFU,4,24 24 24 24,96,10000,7992,2008,0.7992,7992,2008,0.7992,0
configs/exp4/lfu_lirs_2q_lirs.cfg,experiments/data/hot8_scan_c96_seed42.in,LFU LIRS 2Q LIRS,4,24 24 24 24,96,10000,7992,2008,0.7992,7992,2008,0.7992,0
configs/exp4/lfu_lirs_2q_lru.cfg,experiments/data/hot8_scan_c96_seed42.in,LFU LIRS 2Q LRU,4,24 24 24 24,96,10000,7992,2008,0.7992,7992,2008,0.7992,0
configs/exp4/lfu_lirs_arc.cfg,experiments/data/hot8_scan_c96_seed42.in,LFU LIRS ARC,3,32 32 32,96,10000,7992,2008,0.7992,7992,2008,0.7992,0
configs/exp4/lfu_lirs_arc_2q.cfg,experiments/data/hot8_scan_c96_seed42.in,LFU LIRS ARC 2Q,4,24 24 24 24,96,10000,7992,2008,0.7992,7992,2008,0.7992,0
configs/exp4/lfu_lirs_arc_arc.cfg,experiments/data/hot8_scan_c96_seed42.in,LFU LIRS ARC ARC,4,24 24 24 24,96,10000,7992,2008,0.7992,7992,2008,0.7992,0
configs/exp4/lfu_lirs_arc_lfu.cfg,experiments/data/hot8_scan_c96_seed42.in,LFU LIRS ARC LFU,4,24 24 24 24,96,10000,7992,2008,0.7992,7992,2008,0.7992,0
configs/exp4/lfu_lirs_arc_lirs.cfg,experiments/data/hot8_scan_c96_seed42.in,LFU LIRS ARC LIRS,4,24 24 24 24,96,10000,7992,2008,0.7992,7992,2008,0.7992,0
configs/exp4/lfu_lirs_arc_lru.cfg,experiments/data/hot8_scan_c96_seed42.in,LFU LIRS ARC LRU,4,24 24 24 24,96,10000,7992,2008,0.7992,7992,2008,0.7992,0
configs/exp4/lfu_lirs_lfu.cfg,experiments/data/hot8_scan_c96_seed42.in,LFU LIRS LFU,3,32 32 32,96,10000,7992,2008,0.7992,7992,2008,0.7992,0
configs/exp4/lfu_lirs_lfu_2q.cfg,experiments/data/hot8_scan_c96_seed42.in,LFU LIRS LFU 2Q,4,24 24 24 24,96,10000,7992,2008,0.7992,7992,2008,0.7992,0
configs/exp4/lfu_lirs_lfu_arc.cfg,experiments/data/hot8_scan_c96_seed42.in,LFU LIRS LFU ARC,4,24 24 24 24,96,10000,7992,2008,0.7992,7992,2008,0.7992,0
configs/exp4/lfu_lirs_lfu_lfu.cfg,experiments/data/hot8_scan_c96_seed42.in,LFU LIRS LFU LFU,4,24 24 24 24,96,10000,7992,2008,0.7992,7992,2008,0.7992,0
configs/exp4/lfu_lirs_lfu_lirs.cfg,experiments/data/hot8_scan_c96_seed42.in,LFU LIRS LFU LIRS,4,24 24 24 24,96,10000,7992,2008,0.7992,7992,2008,0.7992,0
configs/exp4/lfu_lirs_lfu_lru.cfg,experiments/data/hot8_scan_c96_seed42.in,LFU LIRS LFU LRU,4,24 24 24 24,96,10000,7992,2008,0.7992,7992,2008,0.7992,0
configs/exp4/lfu_lirs_lirs.cfg,experiments/data/hot8_scan_c96_seed42.in,LFU LIRS LIRS,3,32 32 32,96,10000,7992,2008,0.7992,7992,2008,0.7992,0
configs/exp4/lfu_lirs_lirs_2q.cfg,experiments/data/hot8_scan_c96_seed42.in,LFU LIRS LIRS 2Q,4,24 24 24 24,96,10000,7992,2008,0.7992,7992,2008,0.7992,0
configs/exp4/lfu_lirs_lirs_arc.cfg,experiments/data/hot8_scan_c96_seed42.in,LFU LIRS LIRS ARC,4,24 24 24 24,96,10000,7992,2008,0.7992,7992,2008,0.7992,0
configs/exp4/lfu_lirs_lirs_lfu.cfg,experiments/data/hot8_scan_c96_seed42.in,LFU LIRS LIRS LFU,4,24 24 24 24,96,10000,7992,2008,0.7992,7992,2008,0.7992,0
configs/exp4/lfu_lirs_lirs_lirs.cfg,experiments/data/hot8_scan_c96_seed42.in,LFU LIRS LIRS LIRS,4,24 24 24 24,96,10000,7992,2008,0.7992,7992,2008,0.7992,0
configs/exp4/lfu_lirs_lirs_lru.cfg,experiments/data/hot8_scan_c96_seed42.in,LFU LIRS LIRS LRU,4,24 24 24 24,96,10000,7992,2008,0.7992,7992,2008,0.7992,0
configs/exp4/lfu_lirs_lru.cfg,experiments/data/hot8_scan_c96_seed42.in,LFU LIRS LRU,3,32 32 32,96,10000,7992,2008,0.7992,7992,2008,0.7992,0
configs/exp4/lfu_lirs_lru_2q.cfg,experiments/data/hot8_scan_c96_seed42.in,LFU LIRS LRU 2Q,4,24 24 24 24,96,10000,7992,2008,0.7992,7992,2008,0.7992,0
configs/exp4/lfu_lirs_lru_arc.cfg,experiments/data/hot8_scan_c96_seed42.in,LFU LIRS LRU ARC,4,24 24 24 24,96,10000,7992,2008,0.7992,7992,2008,0.7992,0
configs/exp4/lfu_lirs_lru_lfu.cfg,experiments/data/hot8_scan_c96_seed42.in,LFU LIRS LRU LFU,4,24 24 24 24,96,10000,7992,2008,0.7992,7992,2008,0.7992,0
configs/exp4/lfu_lirs_lru_lirs.cfg,experiments/data/hot8_scan_c96_seed42.in,LFU LIRS LRU LIRS,4,24 24 24 24,96,10000,7992,2008,0.7992,7992,2008,0.7992,0
configs/exp4/lfu_lirs_lru_lru.cfg,experiments/data/hot8_scan_c96_seed42.in,LFU LIRS LRU LRU,4,24 24 24 24,96,10000,7992,2008,0.7992,7992,2008,0.7992,0
configs/exp4/lfu_lru.cfg,experiments/data/hot8_scan_c96_seed42.in,LFU LRU,2,48 48,96,10000,7992,2008,0.7992,7992,2008,0.7992,0
configs/exp4/lfu_lru_2q.cfg,experiments/data/hot8_scan_c96_seed42.in,LFU LRU 2Q,3,32 32 32,96,10000,7992,2008,0.7992,7992,2008,0.7992,0
configs/exp4/lfu_lru_2q_2q.cfg,experiments/data/hot8_scan_c96_seed42.in,LFU LRU 2Q 2Q,4,24 24 24 24,96,10000,7992,2008,0.7992,7992,2008,0.7992,0
configs/exp4/lfu_lru_2q_arc.cfg,experiments/data/hot8_scan_c96_seed42.in,LFU LRU 2Q ARC,4,24 24 24 24,96,10000,7992,2008,0.7992,7992,2008,0.7992,0
configs/exp4/lfu_lru_2q_lfu.cfg,experiments/data/hot8_scan_c96_seed42.in,LFU LRU 2Q LFU,4,24 24 24 24,96,10000,7992,2008,0.7992,7992,2008,0.7992,0
configs/exp4/lfu_lru_2q_lirs.cfg,experiments/data/hot8_scan_c96_seed42.in,LFU LRU 2Q LIRS,4,24 24 24 24,96,10000,7992,2008,0.7992,7992,2008,0.7992,0
configs/exp4/lfu_lru_2q_lru.cfg,experiments/data/hot8_scan_c96_seed42.in,LFU LRU 2Q LRU,4,24 24 24 24,96,10000,7992,2008,0.7992,7992,2008,0.7992,0
configs/exp4/lfu_lru_arc.cfg,experiments/data/hot8_scan_c96_seed42.in,LFU LRU ARC,3,32 32 32,96,10000,7992,2008,0.7992,7992,2008,0.7992,0
configs/exp4/lfu_lru_arc_2q.cfg,experiments/data/hot8_scan_c96_seed42.in,LFU LRU ARC 2Q,4,24 24 24 24,96,10000,7992,2008,0.7992,7992,2008,0.7992,0
configs/exp4/lfu_lru_arc_arc.cfg,experiments/data/hot8_scan_c96_seed42.in,LFU LRU ARC ARC,4,24 24 24 24,96,10000,7992,2008,0.7992,7992,2008,0.7992,0
configs/exp4/lfu_lru_arc_lfu.cfg,experiments/data/hot8_scan_c96_seed42.in,LFU LRU ARC LFU,4,24 24 24 24,96,10000,7992,2008,0.7992,7992,2008,0.7992,0
configs/exp4/lfu_lru_arc_lirs.cfg,experiments/data/hot8_scan_c96_seed42.in,LFU LRU ARC LIRS,4,24 24 24 24,96,10000,7992,2008,0.7992,7992,2008,0.7992,0
configs/exp4/lfu_lru_arc_lru.cfg,experiments/data/hot8_scan_c96_seed42.in,LFU LRU ARC LRU,4,24 24 24 24,96,10000,7992,2008,0.7992,7992,2008,0.7992,0
configs/exp4/lfu_lru_lfu.cfg,experiments/data/hot8_scan_c96_seed42.in,LFU LRU LFU,3,32 32 32,96,10000,7992,2008,0.7992,7992,2008,0.7992,0
configs/exp4/lfu_lru_lfu_2q.cfg,experiments/data/hot8_scan_c96_seed42.in,LFU LRU LFU 2Q,4,24 24 24 24,96,10000,7992,2008,0.7992,7992,2008,0.7992,0
configs/exp4/lfu_lru_lfu_arc.cfg,experiments/data/hot8_scan_c96_seed42.in,LFU LRU LFU ARC,4,24 24 24 24,96,10000,7992,2008,0.7992,7992,2008,0.7992,0
configs/exp4/lfu_lru_lfu_lfu.cfg,experiments/data/hot8_scan_c96_seed42.in,LFU LRU LFU LFU,4,24 24 24 24,96,10000,7992,2008,0.7992,7992,2008,0.7992,0
configs/exp4/lfu_lru_lfu_lirs.cfg,experiments/data/hot8_scan_c96_seed42.in,LFU LRU LFU LIRS,4,24 24 24 24,96,10000,7992,2008,0.7992,7992,2008,0.7992,0
configs/exp4/lfu_lru_lfu_lru.cfg,experiments/data/hot8_scan_c96_seed42.in,LFU LRU LFU LRU,4,24 24 24 24,96,10000,7992,2008,0.7992,7992,2008,0.7992,0
configs/exp4/lfu_lru_lirs.cfg,experiments/data/hot8_scan_c96_seed42.in,LFU LRU LIRS,3,32 32 32,96,10000,7992,2008,0.7992,7992,2008,0.7992,0
configs/exp4/lfu_lru_lirs_2q.cfg,experiments/data/hot8_scan_c96_seed42.in,LFU LRU LIRS 2Q,4,24 24 24 24,96,10000,7992,2008,0.7992,7992,2008,0.7992,0
configs/exp4/lfu_lru_lirs_arc.cfg,experiments/data/hot8_scan_c96_seed42.in,LFU LRU LIRS ARC,4,24 24 24 24,96,10000,7992,2008,0.7992,7992,2008,0.7992,0
configs/exp4/lfu_lru_lirs_lfu.cfg,experiments/data/hot8_scan_c96_seed42.in,LFU LRU LIRS LFU,4,24 24 24 24,96,10000,7992,2008,0.7992,7992,2008,0.7992,0
configs/exp4/lfu_lru_lirs_lirs.cfg,experiments/data/hot8_scan_c96_seed42.in,LFU LRU LIRS LIRS,4,24 24 24 24,96,10000,7992,2008,0.7992,7992,2008,0.7992,0
configs/exp4/lfu_lru_lirs_lru.cfg,experiments/data/hot8_scan_c96_seed42.in,LFU LRU LIRS LRU,4,24 24 24 24,96,10000,7992,2008,0.7992,7992,2008,0.7992,0
configs/exp4/lfu_lru_lru.cfg,experiments/data/hot8_scan_c96_seed42.in,LFU LRU LRU,3,32 32 32,96,10000,7992,2008,0.7992,7992,2008,0.7992,0
configs/exp4/lfu_lru_lru_2q.cfg,experiments/data/hot8_scan_c96_seed42.in,LFU LRU LRU 2Q,4,24 24 24 24,96,10000,7992,2008,0.7992,7992,2008,0.7992,0
configs/exp4/lfu_lru_lru_arc.cfg,experiments/data/hot8_scan_c96_seed42.in,LFU LRU LRU ARC,4,24 24 24 24,96,10000,7992,2008,0.7992,7992,2008,0.7992,0
configs/exp4/lfu_lru_lru_lfu.cfg,experiments/data/hot8_scan_c96_seed42.in,LFU LRU LRU LFU,4,24 24 24 24,96,10000,7992,2008,0.7992,7992,2008,0.7992,0
configs/exp4/lfu_lru_lru_lirs.cfg,experiments/data/hot8_scan_c96_seed42.in,LFU LRU LRU LIRS,4,24 24 24 24,96,10000,7992,2008,0.7992,7992,2008,0.7992,0
configs/exp4/lfu_lru_lru_lru.cfg,experiments/data/hot8_scan_c96_seed42.in,LFU LRU LRU LRU,4,24 24 24 24,96,10000,7992,2008,0.7992,7992,2008,0.7992,0
configs/exp4/lirs_2q.cfg,experiments/data/hot8_scan_c96_seed42.in,LIRS 2Q,2,48 48,96,10000,7992,2008,0.7992,7992,2008,0.7992,0
configs/exp4/lirs_2q_2q.cfg,experiments/data/hot8_scan_c96_seed42.in,LIRS 2Q 2Q,3,32 32 32,96,10000,7992,2008,0.7992,7992,2008,0.7992,0
configs/exp4/lirs_2q_2q_2q.cfg,experiments/data/hot8_scan_c96_seed42.in,LIRS 2Q 2Q 2Q,4,24 24 24 24,96,10000,7992,2008,0.7992,7992,2008,0.7992,0
configs/exp4/lirs_2q_2q_arc.cfg,experiments/data/hot8_scan_c96_seed42.in,LIRS 2Q 2Q ARC,4,24 24 24 24,96,10000,7992,2008,0.7992,7992,2008,0.7992,0
configs/exp4/lirs_2q_2q_lfu.cfg,experiments/data/hot8_scan_c96_seed42.in,LIRS 2Q 2Q LFU,4,24 24 24 24,96,10000,7992,2008,0.7992,7992,2008,0.7992,0
configs/exp4/lirs_2q_2q_lirs.cfg,experiments/data/hot8_scan_c96_seed42.in,LIRS 2Q 2Q LIRS,4,24 24 24 24,96,10000,7992,2008,0.7992,7992,2008,0.7992,0
configs/exp4/lirs_2q_2q_lru.cfg,experiments/data/hot8_scan_c96_seed42.in,LIRS 2Q 2Q LRU,4,24 24 24 24,96,10000,7992,2008,0.7992,7992,2008,0.7992,0
configs/exp4/lirs_2q_arc.cfg,experiments/data/hot8_scan_c96_seed42.in,LIRS 2Q ARC,3,32 32 32,96,10000,7992,2008,0.7992,7992,2008,0.7992,0
configs/exp4/lirs_2q_arc_2q.cfg,experiments/data/hot8_scan_c96_seed42.in,LIRS 2Q ARC 2Q,4,24 24 24 24,96,10000,7992,2008,0.7992,7992,2008,0.7992,0
configs/exp4/lirs_2q_arc_arc.cfg,experiments/data/hot8_scan_c96_seed42.in,LIRS 2Q ARC ARC,4,24 24 24 24,96,10000,7992,2008,0.7992,7992,2008,0.7992,0
configs/exp4/lirs_2q_arc_lfu.cfg,experiments/data/hot8_scan_c96_seed42.in,LIRS 2Q ARC LFU,4,24 24 24 24,96,10000,7992,2008,0.7992,7992,2008,0.7992,0
configs/exp4/lirs_2q_arc_lirs.cfg,experiments/data/hot8_scan_c96_seed42.in,LIRS 2Q ARC LIRS,4,24 24 24 24,96,10000,7992,2008,0.7992,7992,2008,0.7992,0
configs/exp4/lirs_2q_arc_lru.cfg,experiments/data/hot8_scan_c96_seed42.in,LIRS 2Q ARC LRU,4,24 24 24 24,96,10000,7992,2008,0.7992,7992,2008,0.7992,0
configs/exp4/lirs_2q_lfu.cfg,experiments/data/hot8_scan_c96_seed42.in,LIRS 2Q LFU,3,32 32 32,96,10000,7992,2008,0.7992,7992,2008,0.7992,0
configs/exp4/lirs_2q_lfu_2q.cfg,experiments/data/hot8_scan_c96_seed42.in,LIRS 2Q LFU 2Q,4,24 24 24 24,96,10000,7992,2008,0.7992,7992,2008,0.7992,0
configs/exp4/lirs_2q_lfu_arc.cfg,experiments/data/hot8_scan_c96_seed42.in,LIRS 2Q LFU ARC,4,24 24 24 24,96,10000,7992,2008,0.7992,7992,2008,0.7992,0
configs/exp4/lirs_2q_lfu_lfu.cfg,experiments/data/hot8_scan_c96_seed42.in,LIRS 2Q LFU LFU,4,24 24 24 24,96,10000,7992,2008,0.7992,7992,2008,0.7992,0
configs/exp4/lirs_2q_lfu_lirs.cfg,experiments/data/hot8_scan_c96_seed42.in,LIRS 2Q LFU LIRS,4,24 24 24 24,96,10000,7992,2008,0.7992,7992,2008,0.7992,0
configs/exp4/lirs_2q_lfu_lru.cfg,experiments/data/hot8_scan_c96_seed42.in,LIRS 2Q LFU LRU,4,24 24 24 24,96,10000,7992,2008,0.7992,7992,2008,0.7992,0
configs/exp4/lirs_2q_lirs.cfg,experiments/data/hot8_scan_c96_seed42.in,LIRS 2Q LIRS,3,32 32 32,96,10000,7992,2008,0.7992,7992,2008,0.7992,0
configs/exp4/lirs_2q_lirs_2q.cfg,experiments/data/hot8_scan_c96_seed42.in,LIRS 2Q LIRS 2Q,4,24 24 24 24,96,10000,7992,2008,0.7992,7992,2008,0.7992,0
configs/exp4/lirs_2q_lirs_arc.cfg,experiments/data/hot8_scan_c96_seed42.in,LIRS 2Q LIRS ARC,4,24 24 24 24,96,10000,7992,2008,0.7992,7992,2008,0.7992,0
configs/exp4/lirs_2q_lirs_lfu.cfg,experiments/data/hot8_scan_c96_seed42.in,LIRS 2Q LIRS LFU,4,24 24 24 24,96,10000,7992,2008,0.7992,7992,2008,0.7992,0
configs/exp4/lirs_2q_lirs_lirs.cfg,experiments/data/hot8_scan_c96_seed42.in,LIRS 2Q LIRS LIRS,4,24 24 24 24,96,10000,7992,2008,0.7992,7992,2008,0.7992,0
configs/exp4/lirs_2q_lirs_lru.cfg,experiments/data/hot8_scan_c96_seed42.in,LIRS 2Q LIRS LRU,4,24 24 24 24,96,10000,7992,2008,0.7992,7992,2008,0.7992,0
configs/exp4/lirs_2q_lru.cfg,experiments/data/hot8_scan_c96_seed42.in,LIRS 2Q LRU,3,32 32 32,96,10000,7992,2008,0.7992,7992,2008,0.7992,0
configs/exp4/lirs_2q_lru_2q.cfg,experiments/data/hot8_scan_c96_seed42.in,LIRS 2Q LRU 2Q,4,24 24 24 24,96,10000,7992,2008,0.7992,7992,2008,0.7992,0
configs/exp4/lirs_2q_lru_arc.cfg,experiments/data/hot8_scan_c96_seed42.in,LIRS 2Q LRU ARC,4,24 24 24 24,96,10000,7992,2008,0.7992,7992,2008,0.7992,0
configs/exp4/lirs_2q_lru_lfu.cfg,experiments/data/hot8_scan_c96_seed42.in,LIRS 2Q LRU LFU,4,24 24 24 24,96,10000,7992,2008,0.7992,7992,2008,0.7992,0
configs/exp4/lirs_2q_lru_lirs.cfg,experiments/data/hot8_scan_c96_seed42.in,LIRS 2Q LRU LIRS,4,24 24 24 24,96,10000,7992,2008,0.7992,7992,2008,0.7992,0
configs/exp4/lirs_2q_lru_lru.cfg,experiments/data/hot8_scan_c96_seed42.in,LIRS 2Q LRU LRU,4,24 24 24 24,96,10000,7992,2008,0.7992,7992,2008,0.7992,0
configs/exp4/lirs_arc.cfg,experiments/data/hot8_scan_c96_seed42.in,LIRS ARC,2,48 48,96,10000,7992,2008,0.7992,7992,2008,0.7992,0
configs/exp4/lirs_arc_2q.cfg,experiments/data/hot8_scan_c96_seed42.in,LIRS ARC 2Q,3,32 32 32,96,10000,7992,2008,0.7992,7992,2008,0.7992,0
configs/exp4/lirs_arc_2q_2q.cfg,experiments/data/hot8_scan_c96_seed42.in,LIRS ARC 2Q 2Q,4,24 24 24 24,96,10000,7992,2008,0.7992,7992,2008,0.7992,0
configs/exp4/lirs_arc_2q_arc.cfg,experiments/data/hot8_scan_c96_seed42.in,LIRS ARC 2Q ARC,4,24 24 24 24,96,10000,7992,2008,0.7992,7992,2008,0.7992,0
configs/exp4/lirs_arc_2q_lfu.cfg,experiments/data/hot8_scan_c96_seed42.in,LIRS ARC 2Q LFU,4,24 24 24 24,96,10000,7992,2008,0.7992,7992,2008,0.7992,0
configs/exp4/lirs_arc_2q_lirs.cfg,experiments/data/hot8_scan_c96_seed42.in,LIRS ARC 2Q LIRS,4,24 24 24 24,96,10000,7992,2008,0.7992,7992,2008,0.7992,0
configs/exp4/lirs_arc_2q_lru.cfg,experiments/data/hot8_scan_c96_seed42.in,LIRS ARC 2Q LRU,4,24 24 24 24,96,10000,7992,2008,0.7992,7992,2008,0.7992,0
configs/exp4/lirs_arc_arc.cfg,experiments/data/hot8_scan_c96_seed42.in,LIRS ARC ARC,3,32 32 32,96,10000,7992,2008,0.7992,7992,2008,0.7992,0
configs/exp4/lirs_arc_arc_2q.cfg,experiments/data/hot8_scan_c96_seed42.in,LIRS ARC ARC 2Q,4,24 24 24 24,96,10000,7992,2008,0.7992,7992,2008,0.7992,0
configs/exp4/lirs_arc_arc_arc.cfg,experiments/data/hot8_scan_c96_seed42.in,LIRS ARC ARC ARC,4,24 24 24 24,96,10000,7992,2008,0.7992,7992,2008,0.7992,0
configs/exp4/lirs_arc_arc_lfu.cfg,experiments/data/hot8_scan_c96_seed42.in,LIRS ARC ARC LFU,4,24 24 24 24,96,10000,7992,2008,0.7992,7992,2008,0.7992,0
configs/exp4/lirs_arc_arc_lirs.cfg,experiments/data/hot8_scan_c96_seed42.in,LIRS ARC ARC LIRS,4,24 24 24 24,96,10000,7992,2008,0.7992,7992,2008,0.7992,0
configs/exp4/lirs_arc_arc_lru.cfg,experiments/data/hot8_scan_c96_seed42.in,LIRS ARC ARC LRU,4,24 24 24 24,96,10000,7992,2008,0.7992,7992,2008,0.7992,0
configs/exp4/lirs_arc_lfu.cfg,experiments/data/hot8_scan_c96_seed42.in,LIRS ARC LFU,3,32 32 32,96,10000,7992,2008,0.7992,7992,2008,0.7992,0
configs/exp4/lirs_arc_lfu_2q.cfg,experiments/data/hot8_scan_c96_seed42.in,LIRS ARC LFU 2Q,4,24 24 24 24,96,10000,7992,2008,0.7992,7992,2008,0.7992,0
configs/exp4/lirs_arc_lfu_arc.cfg,experiments/data/hot8_scan_c96_seed42.in,LIRS ARC LFU ARC,4,24 24 24 24,96,10000,7992,2008,0.7992,7992,2008,0.7992,0
configs/exp4/lirs_arc_lfu_lfu.cfg,experiments/data/hot8_scan_c96_seed42.in,LIRS ARC LFU LFU,4,24 24 24 24,96,10000,7992,2008,0.7992,7992,2008,0.7992,0
configs/exp4/lirs_arc_lfu_lirs.cfg,experiments/data/hot8_scan_c96_seed42.in,LIRS ARC LFU LIRS,4,24 24 24 24,96,10000,7992,2008,0.7992,7992,2008,0.7992,0
configs/exp4/lirs_arc_lfu_lru.cfg,experiments/data/hot8_scan_c96_seed42.in,LIRS ARC LFU LRU,4,24 24 24 24,96,10000,7992,2008,0.7992,7992,2008,0.7992,0
configs/exp4/lirs_arc_lirs.cfg,experiments/data/hot8_scan_c96_seed42.in,LIRS ARC LIRS,3,32 32 32,96,10000,7992,2008,0.7992,7992,2008,0.7992,0
configs/exp4/lirs_arc_lirs_2q.cfg,experiments/data/hot8_scan_c96_seed42.in,LIRS ARC LIRS 2Q,4,24 24 24 24,96,10000,7992,2008,0.7992,7992,2008,0.7992,0
configs/exp4/lirs_arc_lirs_arc.cfg,experiments/data/hot8_scan_c96_seed42.in,LIRS ARC LIRS ARC,4,24 24 24 24,96,10000,7992,2008,0.7992,7992,2008,0.7992,0
configs/exp4/lirs_arc_lirs_lfu.cfg,experiments/data/hot8_scan_c96_seed42.in,LIRS ARC LIRS LFU,4,24 24 24 24,96,10000,7992,2008,0.7992,7992,2008,0.7992,0
configs/exp4/lirs_arc_lirs_lirs.cfg,experiments/data/hot8_scan_c96_seed42.in,LIRS ARC LIRS LIRS,4,24 24 24 24,96,10000,7992,2008,0.7992,7992,2008,0.7992,0
configs/exp4/lirs_arc_lirs_lru.cfg,experiments/data/hot8_scan_c96_seed42.in,LIRS ARC LIRS LRU,4,24 24 24 24,96,10000,7992,2008,0.7992,7992,2008,0.7992,0
configs/exp4/lirs_arc_lru.cfg,experiments/data/hot8_scan_c96_seed42.in,LIRS ARC LRU,3,32 32 32,96,10000,7992,2008,0.7992,7992,2008,0.7992,0
configs/exp4/lirs_arc_lru_2q.cfg,experiments/data/hot8_scan_c96_seed42.in,LIRS ARC LRU 2Q,4,24 24 24 24,96,10000,7992,2008,0.7992,7992,2008,0.7992,0
configs/exp4/lirs_arc_lru_arc.cfg,experiments/data/hot8_scan_c96_seed42.in,LIRS ARC LRU ARC,4,24 24 24 24,96,10000,7992,2008,0.7992,7992,2008,0.7992,0
configs/exp4/lirs_arc_lru_lfu.cfg,experiments/data/hot8_scan_c96_seed42.in,LIRS ARC LRU LFU,4,24 24 24 24,96,10000,7992,2008,0.7992,7992,2008,0.7992,0
configs/exp4/lirs_arc_lru_lirs.cfg,experiments/data/hot8_scan_c96_seed42.in,LIRS ARC LRU LIRS,4,24 24 24 24,96,10000,7992,2008,0.7992,7992,2008,0.7992,0
configs/exp4/lirs_arc_lru_lru.cfg,experiments/data/hot8_scan_c96_seed42.in,LIRS ARC LRU LRU,4,24 24 24 24,96,10000,7992,2008,0.7992,7992,2008,0.7992,0
configs/exp4/lirs_lfu.cfg,experiments/data/hot8_scan_c96_seed42.in,LIRS LFU,2,48 48,96,10000,7992,2008,0.7992,7992,2008,0.7992,0
configs/exp4/lirs_lfu_2q.cfg,experiments/data/hot8_scan_c96_seed42.in,LIRS LFU 2Q,3,32 32 32,96,10000,7992,2008,0.7992,7992,2008,0.7992,0
configs/exp4/lirs_lfu_2q_2q.cfg,experiments/data/hot8_scan_c96_seed42.in,LIRS LFU 2Q 2Q,4,24 24 24 24,96,10000,7992,2008,0.7992,7992,2008,0.7992,0
configs/exp4/lirs_lfu_2q_arc.cfg,experiments/data/hot8_scan_c96_seed42.in,LIRS LFU 2Q ARC,4,24 24 24 24,96,10000,7992,2008,0.7992,7992,2008,0.7992,0
configs/exp4/lirs_lfu_2q_lfu.cfg,experiments/data/hot8_scan_c96_seed42.in,LIRS LFU 2Q LFU,4,24 24 24 24,96,10000,7992,2008,0.7992,7992,2008,0.7992,0
configs/exp4/lirs_lfu_2q_lirs.cfg,experiments/data/hot8_scan_c96_seed42.in,LIRS LFU 2Q LIRS,4,24 24 24 24,96,10000,7992,2008,0.7992,7992,2008,0.7992,0
configs/exp4/lirs_lfu_2q_lru.cfg,experiments/data/hot8_scan_c96_seed42.in,LIRS LFU 2Q LRU,4,24 24 24 24,96,10000,7992,2008,0.7992,7992,2008,0.7992,0
configs/exp4/lirs_lfu_arc.cfg,experiments/data/hot8_scan_c96_seed42.in,LIRS LFU ARC,3,32 32 32,96,10000,7992,2008,0.7992,7992,2008,0.7992,0
configs/exp4/lirs_lfu_arc_2q.cfg,experiments/data/hot8_scan_c96_seed42.in,LIRS LFU ARC 2Q,4,24 24 24 24,96,10000,7992,2008,0.7992,7992,2008,0.7992,0
configs/exp4/lirs_lfu_arc_arc.cfg,experiments/data/hot8_scan_c96_seed42.in,LIRS LFU ARC ARC,4,24 24 24 24,96,10000,7992,2008,0.7992,7992,2008,0.7992,0
configs/exp4/lirs_lfu_arc_lfu.cfg,experiments/data/hot8_scan_c96_seed42.in,LIRS LFU ARC LFU,4,24 24 24 24,96,10000,7992,2008,0.7992,7992,2008,0.7992,0
configs/exp4/lirs_lfu_arc_lirs.cfg,experiments/data/hot8_scan_c96_seed42.in,LIRS LFU ARC LIRS,4,24 24 24 24,96,10000,7992,2008,0.7992,7992,2008,0.7992,0
configs/exp4/lirs_lfu_arc_lru.cfg,experiments/data/hot8_scan_c96_seed42.in,LIRS LFU ARC LRU,4,24 24 24 24,96,10000,7992,2008,0.7992,7992,2008,0.7992,0
configs/exp4/lirs_lfu_lfu.cfg,experiments/data/hot8_scan_c96_seed42.in,LIRS LFU LFU,3,32 32 32,96,10000,7992,2008,0.7992,7992,2008,0.7992,0
configs/exp4/lirs_lfu_lfu_2q.cfg,experiments/data/hot8_scan_c96_seed42.in,LIRS LFU LFU 2Q,4,24 24 24 24,96,10000,7992,2008,0.7992,7992,2008,0.7992,0
configs/exp4/lirs_lfu_lfu_arc.cfg,experiments/data/hot8_scan_c96_seed42.in,LIRS LFU LFU ARC,4,24 24 24 24,96,10000,7992,2008,0.7992,7992,2008,0.7992,0
configs/exp4/lirs_lfu_lfu_lfu.cfg,experiments/data/hot8_scan_c96_seed42.in,LIRS LFU LFU LFU,4,24 24 24 24,96,10000,7992,2008,0.7992,7992,2008,0.7992,0
configs/exp4/lirs_lfu_lfu_lirs.cfg,experiments/data/hot8_scan_c96_seed42.in,LIRS LFU LFU LIRS,4,24 24 24 24,96,10000,7992,2008,0.7992,7992,2008,0.7992,0
configs/exp4/lirs_lfu_lfu_lru.cfg,experiments/data/hot8_scan_c96_seed42.in,LIRS LFU LFU LRU,4,24 24 24 24,96,10000,7992,2008,0.7992,7992,2008,0.7992,0
configs/exp4/lirs_lfu_lirs.cfg,experiments/data/hot8_scan_c96_seed42.in,LIRS LFU LIRS,3,32 32 32,96,10000,7992,2008,0.7992,7992,2008,0.7992,0
configs/exp4/lirs_lfu_lirs_2q.cfg,experiments/data/hot8_scan_c96_seed42.in,LIRS LFU LIRS 2Q,4,24 24 24 24,96,10000,7992,2008,0.7992,7992,2008,0.7992,0
configs/exp4/lirs_lfu_lirs_arc.cfg,experiments/data/hot8_scan_c96_seed42.in,LIRS LFU LIRS ARC,4,24 24 24 24,96,10000,7992,2008,0.7992,7992,2008,0.7992,0
configs/exp4/lirs_lfu_lirs_lfu.cfg,experiments/data/hot8_scan_c96_seed42.in,LIRS LFU LIRS LFU,4,24 24 24 24,96,10000,7992,2008,0.7992,7992,2008,0.7992,0
configs/exp4/lirs_lfu_lirs_lirs.cfg,experiments/data/hot8_scan_c96_seed42.in,LIRS LFU LIRS LIRS,4,24 24 24 24,96,10000,7992,2008,0.7992,7992,2008,0.7992,0
configs/exp4/lirs_lfu_lirs_lru.cfg,experiments/data/hot8_scan_c96_seed42.in,LIRS LFU LIRS LRU,4,24 24 24 24,96,10000,7992,2008,0.7992,7992,2008,0.7992,0
configs/exp4/lirs_lfu_lru.cfg,experiments/data/hot8_scan_c96_seed42.in,LIRS LFU LRU,3,32 32 32,96,10000,7992,2008,0.7992,7992,2008,0.7992,0
configs/exp4/lirs_lfu_lru_2q.cfg,experiments/data/hot8_scan_c96_seed42.in,LIRS LFU LRU 2Q,4,24 24 24 24,96,10000,7992,2008,0.7992,7992,2008,0.7992,0
configs/exp4/lirs_lfu_lru_arc.cfg,experiments/data/hot8_scan_c96_seed42.in,LIRS LFU LRU ARC,4,24 24 24 24,96,10000,7992,2008,0.7992,7992,2008,0.7992,0
configs/exp4/lirs_lfu_lru_lfu.cfg,experiments/data/hot8_scan_c96_seed42.in,LIRS LFU LRU LFU,4,24 24 24 24,96,10000,7992,2008,0.7992,7992,2008,0.7992,0
configs/exp4/lirs_lfu_lru_lirs.cfg,experiments/data/hot8_scan_c96_seed42.in,LIRS LFU LRU LIRS,4,24 24 24 24,96,10000,7992,2008,0.7992,7992,2008,0.7992,0
configs/exp4/lirs_lfu_lru_lru.cfg,experiments/data/hot8_scan_c96_seed42.in,LIRS LFU LRU LRU,4,24 24 24 24,96,10000,7992,2008,0.7992,7992,2008,0.7992,0
configs/exp4/lirs_lirs_2q.cfg,experiments/data/hot8_scan_c96_seed42.in,LIRS LIRS 2Q,3,32 32 32,96,10000,7992,2008,0.7992,7992,2008,0.7992,0
configs/exp4/lirs_lirs_2q_2q.cfg,experiments/data/hot8_scan_c96_seed42.in,LIRS LIRS 2Q 2Q,4,24 24 24 24,96,10000,7992,2008,0.7992,7992,2008,0.7992,0
configs/exp4/lirs_lirs_2q_arc.cfg,experiments/data/hot8_scan_c96_seed42.in,LIRS LIRS 2Q ARC,4,24 24 24 24,96,10000,7992,2008,0.7992,7992,2008,0.7992,0
configs/exp4/lirs_lirs_2q_lfu.cfg,experiments/data/hot8_scan_c96_seed42.in,LIRS LIRS 2Q LFU,4,24 24 24 24,96,10000,7992,2008,0.7992,7992,2008,0.7992,0
configs/exp4/lirs_lirs_2q_lirs.cfg,experiments/data/hot8_scan_c96_seed42.in,LIRS LIRS 2Q LIRS,4,24 24 24 24,96,10000,7992,2008,0.7992,7992,2008,0.7992,0
configs/exp4/lirs_lirs_2q_lru.cfg,experiments/data/hot8_scan_c96_seed42.in,LIRS LIRS 2Q LRU,4,24 24 24 24,96,10000,7992,2008,0.7992,7992,2008,0.7992,0
configs/exp4/lirs_lirs_arc.cfg,experiments/data/hot8_scan_c96_seed42.in,LIRS LIRS ARC,3,32 32 32,96,10000,7992,2008,0.7992,7992,2008,0.7992,0
configs/exp4/lirs_lirs_arc_2q.cfg,experiments/data/hot8_scan_c96_seed42.in,LIRS LIRS ARC 2Q,4,24 24 24 24,96,10000,7992,2008,0.7992,7992,2008,0.7992,0
configs/exp4/lirs_lirs_arc_arc.cfg,experiments/data/hot8_scan_c96_seed42.in,LIRS LIRS ARC ARC,4,24 24 24 24,96,10000,7992,2008,0.7992,7992,2008,0.7992,0
configs/exp4/lirs_lirs_arc_lfu.cfg,experiments/data/hot8_scan_c96_seed42.in,LIRS LIRS ARC LFU,4,24 24 24 24,96,10000,7992,2008,0.7992,7992,2008,0.7992,0
configs/exp4/lirs_lirs_arc_lirs.cfg,experiments/data/hot8_scan_c96_seed42.in,LIRS LIRS ARC LIRS,4,24 24 24 24,96,10000,7992,2008,0.7992,7992,2008,0.7992,0
configs/exp4/lirs_lirs_arc_lru.cfg,experiments/data/hot8_scan_c96_seed42.in,LIRS LIRS ARC LRU,4,24 24 24 24,96,10000,7992,2008,0.7992,7992,2008,0.7992,0
configs/exp4/lirs_lirs_lfu.cfg,experiments/data/hot8_scan_c96_seed42.in,LIRS LIRS LFU,3,32 32 32,96,10000,7992,2008,0.7992,7992,2008,0.7992,0
configs/exp4/lirs_lirs_lfu_2q.cfg,experiments/data/hot8_scan_c96_seed42.in,LIRS LIRS LFU 2Q,4,24 24 24 24,96,10000,7992,2008,0.7992,7992,2008,0.7992,0
configs/exp4/lirs_lirs_lfu_arc.cfg,experiments/data/hot8_scan_c96_seed42.in,LIRS LIRS LFU ARC,4,24 24 24 24,96,10000,7992,2008,0.7992,7992,2008,0.7992,0
configs/exp4/lirs_lirs_lfu_lfu.cfg,experiments/data/hot8_scan_c96_seed42.in,LIRS LIRS LFU LFU,4,24 24 24 24,96,10000,7992,2008,0.7992,7992,2008,0.7992,0
configs/exp4/lirs_lirs_lfu_lirs.cfg,experiments/data/hot8_scan_c96_seed42.in,LIRS LIRS LFU LIRS,4,24 24 24 24,96,10000,7992,2008,0.7992,7992,2008,0.7992,0
configs/exp4/lirs_lirs_lfu_lru.cfg,experiments/data/hot8_scan_c96_seed42.in,LIRS LIRS LFU LRU,4,24 24 24 24,96,10000,7992,2008,0.7992,7992,2008,0.7992,0
configs/exp4/lirs_lirs_lirs_2q.cfg,experiments/data/hot8_scan_c96_seed42.in,LIRS LIRS LIRS 2Q,4,24 24 24 24,96,10000,7992,2008,0.7992,7992,2008,0.7992,0
configs/exp4/lirs_lirs_lirs_arc.cfg,experiments/data/hot8_scan_c96_seed42.in,LIRS LIRS LIRS ARC,4,24 24 24 24,96,10000,7992,2008,0.7992,7992,2008,0.7992,0
configs/exp4/lirs_lirs_lirs_lfu.cfg,experiments/data/hot8_scan_c96_seed42.in,LIRS LIRS LIRS LFU,4,24 24 24 24,96,10000,7992,2008,0.7992,7992,2008,0.7992,0
configs/exp4/lirs_lirs_lirs_lru.cfg,experiments/data/hot8_scan_c96_seed42.in,LIRS LIRS LIRS LRU,4,24 24 24 24,96,10000,7992,2008,0.7992,7992,2008,0.7992,0
configs/exp4/lirs_lirs_lru.cfg,experiments/data/hot8_scan_c96_seed42.in,LIRS LIRS LRU,3,32 32 32,96,10000,7992,2008,0.7992,7992,2008,0.7992,0
configs/exp4/lirs_lirs_lru_2q.cfg,experiments/data/hot8_scan_c96_seed42.in,LIRS LIRS LRU 2Q,4,24 24 24 24,96,10000,7992,2008,0.7992,7992,2008,0.7992,0
configs/exp4/lirs_lirs_lru_arc.cfg,experiments/data/hot8_scan_c96_seed42.in,LIRS LIRS LRU ARC,4,24 24 24 24,96,10000,7992,2008,0.7992,7992,2008,0.7992,0
configs/exp4/lirs_lirs_lru_lfu.cfg,experiments/data/hot8_scan_c96_seed42.in,LIRS LIRS LRU LFU,4,24 24 24 24,96,10000,7992,2008,0.7992,7992,2008,0.7992,0
configs/exp4/lirs_lirs_lru_lirs.cfg,experiments/data/hot8_scan_c96_seed42.in,LIRS LIRS LRU LIRS,4,24 24 24 24,96,10000,7992,2008,0.7992,7992,2008,0.7992,0
configs/exp4/lirs_lirs_lru_lru.cfg,experiments/data/hot8_scan_c96_seed42.in,LIRS LIRS LRU LRU,4,24 24 24 24,96,10000,7992,2008,0.7992,7992,2008,0.7992,0
configs/exp4/lirs_lru.cfg,experiments/data/hot8_scan_c96_seed42.in,LIRS LRU,2,48 48,96,10000,7992,2008,0.7992,7992,2008,0.7992,0
configs/exp4/lirs_lru_2q.cfg,experiments/data/hot8_scan_c96_seed42.in,LIRS LRU 2Q,3,32 32 32,96,10000,7992,2008,0.7992,7992,2008,0.7992,0
configs/exp4/lirs_lru_2q_2q.cfg,experiments/data/hot8_scan_c96_seed42.in,LIRS LRU 2Q 2Q,4,24 24 24 24,96,10000,7992,2008,0.7992,7992,2008,0.7992,0
configs/exp4/lirs_lru_2q_arc.cfg,experiments/data/hot8_scan_c96_seed42.in,LIRS LRU 2Q ARC,4,24 24 24 24,96,10000,7992,2008,0.7992,7992,2008,0.7992,0
configs/exp4/lirs_lru_2q_lfu.cfg,experiments/data/hot8_scan_c96_seed42.in,LIRS LRU 2Q LFU,4,24 24 24 24,96,10000,7992,2008,0.7992,7992,2008,0.7992,0
configs/exp4/lirs_lru_2q_lirs.cfg,experiments/data/hot8_scan_c96_seed42.in,LIRS LRU 2Q LIRS,4,24 24 24 24,96,10000,7992,2008,0.7992,7992,2008,0.7992,0
configs/exp4/lirs_lru_2q_lru.cfg,experiments/data/hot8_scan_c96_seed42.in,LIRS LRU 2Q LRU,4,24 24 24 24,96,10000,7992,2008,0.7992,7992,2008,0.7992,0
configs/exp4/lirs_lru_arc.cfg,experiments/data/hot8_scan_c96_seed42.in,LIRS LRU ARC,3,32 32 32,96,10000,7992,2008,0.7992,7992,2008,0.7992,0
configs/exp4/lirs_lru_arc_2q.cfg,experiments/data/hot8_scan_c96_seed42.in,LIRS LRU ARC 2Q,4,24 24 24 24,96,10000,7992,2008,0.7992,7992,2008,0.7992,0
configs/exp4/lirs_lru_arc_arc.cfg,experiments/data/hot8_scan_c96_seed42.in,LIRS LRU ARC ARC,4,24 24 24 24,96,10000,7992,2008,0.7992,7992,2008,0.7992,0
configs/exp4/lirs_lru_arc_lfu.cfg,experiments/data/hot8_scan_c96_seed42.in,LIRS LRU ARC LFU,4,24 24 24 24,96,10000,7992,2008,0.7992,7992,2008,0.7992,0
configs/exp4/lirs_lru_arc_lirs.cfg,experiments/data/hot8_scan_c96_seed42.in,LIRS LRU ARC LIRS,4,24 24 24 24,96,10000,7992,2008,0.7992,7992,2008,0.7992,0
configs/exp4/lirs_lru_arc_lru.cfg,experiments/data/hot8_scan_c96_seed42.in,LIRS LRU ARC LRU,4,24 24 24 24,96,10000,7992,2008,0.7992,7992,2008,0.7992,0
configs/exp4/lirs_lru_lfu.cfg,experiments/data/hot8_scan_c96_seed42.in,LIRS LRU LFU,3,32 32 32,96,10000,7992,2008,0.7992,7992,2008,0.7992,0
configs/exp4/lirs_lru_lfu_2q.cfg,experiments/data/hot8_scan_c96_seed42.in,LIRS LRU LFU 2Q,4,24 24 24 24,96,10000,7992,2008,0.7992,7992,2008,0.7992,0
configs/exp4/lirs_lru_lfu_arc.cfg,experiments/data/hot8_scan_c96_seed42.in,LIRS LRU LFU ARC,4,24 24 24 24,96,10000,7992,2008,0.7992,7992,2008,0.7992,0
configs/exp4/lirs_lru_lfu_lfu.cfg,experiments/data/hot8_scan_c96_seed42.in,LIRS LRU LFU LFU,4,24 24 24 24,96,10000,7992,2008,0.7992,7992,2008,0.7992,0
configs/exp4/lirs_lru_lfu_lirs.cfg,experiments/data/hot8_scan_c96_seed42.in,LIRS LRU LFU LIRS,4,24 24 24 24,96,10000,7992,2008,0.7992,7992,2008,0.7992,0
configs/exp4/lirs_lru_lfu_lru.cfg,experiments/data/hot8_scan_c96_seed42.in,LIRS LRU LFU LRU,4,24 24 24 24,96,10000,7992,2008,0.7992,7992,2008,0.7992,0
configs/exp4/lirs_lru_lirs.cfg,experiments/data/hot8_scan_c96_seed42.in,LIRS LRU LIRS,3,32 32 32,96,10000,7992,2008,0.7992,7992,2008,0.7992,0
configs/exp4/lirs_lru_lirs_2q.cfg,experiments/data/hot8_scan_c96_seed42.in,LIRS LRU LIRS 2Q,4,24 24 24 24,96,10000,7992,2008,0.7992,7992,2008,0.7992,0
configs/exp4/lirs_lru_lirs_arc.cfg,experiments/data/hot8_scan_c96_seed42.in,LIRS LRU LIRS ARC,4,24 24 24 24,96,10000,7992,2008,0.7992,7992,2008,0.7992,0
configs/exp4/lirs_lru_lirs_lfu.cfg,experiments/data/hot8_scan_c96_seed42.in,LIRS LRU LIRS LFU,4,24 24 24 24,96,10000,7992,2008,0.7992,7992,2008,0.7992,0
configs/exp4/lirs_lru_lirs_lirs.cfg,experiments/data/hot8_scan_c96_seed42.in,LIRS LRU LIRS LIRS,4,24 24 24 24,96,10000,7992,2008,0.7992,7992,2008,0.7992,0
configs/exp4/lirs_lru_lirs_lru.cfg,experiments/data/hot8_scan_c96_seed42.in,LIRS LRU LIRS LRU,4,24 24 24 24,96,10000,7992,2008,0.7992,7992,2008,0.7992,0
configs/exp4/lirs_lru_lru.cfg,experiments/data/hot8_scan_c96_seed42.in,LIRS LRU LRU,3,32 32 32,96,10000,7992,2008,0.7992,7992,2008,0.7992,0
configs/exp4/lirs_lru_lru_2q.cfg,experiments/data/hot8_scan_c96_seed42.in,LIRS LRU LRU 2Q,4,24 24 24 24,96,10000,7992,2008,0.7992,7992,2008,0.7992,0
configs/exp4/lirs_lru_lru_arc.cfg,experiments/data/hot8_scan_c96_seed42.in,LIRS LRU LRU ARC,4,24 24 24 24,96,10000,7992,2008,0.7992,7992,2008,0.7992,0
configs/exp4/lirs_lru_lru_lfu.cfg,experiments/data/hot8_scan_c96_seed42.in,LIRS LRU LRU LFU,4,24 24 24 24,96,10000,7992,2008,0.7992,7992,2008,0.7992,0
configs/exp4/lirs_lru_lru_lirs.cfg,experiments/data/hot8_scan_c96_seed42.in,LIRS LRU LRU LIRS,4,24 24 24 24,96,10000,7992,2008,0.7992,7992,2008,0.7992,0
configs/exp4/lirs_lru_lru_lru.cfg,experiments/data/hot8_scan_c96_seed42.in,LIRS LRU LRU LRU,4,24 24 24 24,96,10000,7992,2008,0.7992,7992,2008,0.7992,0
configs/exp4/lru_2q.cfg,experiments/data/hot8_scan_c96_seed42.in,LRU 2Q,2,48 48,96,10000,7992,2008,0.7992,7992,2008,0.7992,0
configs/exp4/lru_2q_2q.cfg,experiments/data/hot8_scan_c96_seed42.in,LRU 2Q 2Q,3,32 32 32,96,10000,7992,2008,0.7992,7992,2008,0.7992,0
configs/exp4/lru_2q_2q_2q.cfg,experiments/data/hot8_scan_c96_seed42.in,LRU 2Q 2Q 2Q,4,24 24 24 24,96,10000,7991,2009,0.7991,7992,2008,0.7992,1
configs/exp4/lru_2q_2q_arc.cfg,experiments/data/hot8_scan_c96_seed42.in,LRU 2Q 2Q ARC,4,24 24 24 24,96,10000,7991,2009,0.7991,7992,2008,0.7992,1
configs/exp4/lru_2q_2q_lfu.cfg,experiments/data/hot8_scan_c96_seed42.in,LRU 2Q 2Q LFU,4,24 24 24 24,96,10000,7991,2009,0.7991,7992,2008,0.7992,1
configs/exp4/lru_2q_2q_lirs.cfg,experiments/data/hot8_scan_c96_seed42.in,LRU 2Q 2Q LIRS,4,24 24 24 24,96,10000,7992,2008,0.7992,7992,2008,0.7992,0
configs/exp4/lru_2q_2q_lru.cfg,experiments/data/hot8_scan_c96_seed42.in,LRU 2Q 2Q LRU,4,24 24 24 24,96,10000,7991,2009,0.7991,7992,2008,0.7992,1
configs/exp4/lru_2q_arc.cfg,experiments/data/hot8_scan_c96_seed42.in,LRU 2Q ARC,3,32 32 32,96,10000,7992,2008,0.7992,7992,2008,0.7992,0
configs/exp4/lru_2q_arc_2q.cfg,experiments/data/hot8_scan_c96_seed42.in,LRU 2Q ARC 2Q,4,24 24 24 24,96,10000,7991,2009,0.7991,7992,2008,0.7992,1
configs/exp4/lru_2q_arc_arc.cfg,experiments/data/hot8_scan_c96_seed42.in,LRU 2Q ARC ARC,4,24 24 24 24,96,10000,7991,2009,0.7991,7992,2008,0.7992,1
configs/exp4/lru_2q_arc_lfu.cfg,experiments/data/hot8_scan_c96_seed42.in,LRU 2Q ARC LFU,4,24 24 24 24,96,10000,7991,2009,0.7991,7992,2008,0.7992,1
configs/exp4/lru_2q_arc_lirs.cfg,experiments/data/hot8_scan_c96_seed42.in,LRU 2Q ARC LIRS,4,24 24 24 24,96,10000,7992,2008,0.7992,7992,2008,0.7992,0
configs/exp4/lru_2q_arc_lru.cfg,experiments/data/hot8_scan_c96_seed42.in,LRU 2Q ARC LRU,4,24 24 24 24,96,10000,7991,2009,0.7991,7992,2008,0.7992,1
configs/exp4/lru_2q_lfu.cfg,experiments/data/hot8_scan_c96_seed42.in,LRU 2Q LFU,3,32 32 32,96,10000,7992,2008,0.7992,7992,2008,0.7992,0
configs/exp4/lru_2q_lfu_2q.cfg,experiments/data/hot8_scan_c96_seed42.in,LRU 2Q LFU 2Q,4,24 24 24 24,96,10000,7991,2009,0.7991,7992,2008,0.7992,1
configs/exp4/lru_2q_lfu_arc.cfg,experiments/data/hot8_scan_c96_seed42.in,LRU 2Q LFU ARC,4,24 24 24 24,96,10000,7991,2009,0.7991,7992,2008,0.7992,1
configs/exp4/lru_2q_lfu_lfu.cfg,experiments/data/hot8_scan_c96_seed42.in,LRU 2Q LFU LFU,4,24 24 24 24,96,10000,7991,2009,0.7991,7992,2008,0.7992,1
configs/exp4/lru_2q_lfu_lirs.cfg,experiments/data/hot8_scan_c96_seed42.in,LRU 2Q LFU LIRS,4,24 24 24 24,96,10000,7992,2008,0.7992,7992,2008,0.7992,0
configs/exp4/lru_2q_lfu_lru.cfg,experiments/data/hot8_scan_c96_seed42.in,LRU 2Q LFU LRU,4,24 24 24 24,96,10000,7991,2009,0.7991,7992,2008,0.7992,1
configs/exp4/lru_2q_lirs.cfg,experiments/data/hot8_scan_c96_seed42.in,LRU 2Q LIRS,3,32 32 32,96,10000,7992,2008,0.7992,7992,2008,0.7992,0
configs/exp4/lru_2q_lirs_2q.cfg,experiments/data/hot8_scan_c96_seed42.in,LRU 2Q LIRS 2Q,4,24 24 24 24,96,10000,7992,2008,0.7992,7992,2008,0.7992,0
configs/exp4/lru_2q_lirs_arc.cfg,experiments/data/hot8_scan_c96_seed42.in,LRU 2Q LIRS ARC,4,24 24 24 24,96,10000,7992,2008,0.7992,7992,2008,0.7992,0
configs/exp4/lru_2q_lirs_lfu.cfg,experiments/data/hot8_scan_c96_seed42.in,LRU 2Q LIRS LFU,4,24 24 24 24,96,10000,7992,2008,0.7992,7992,2008,0.7992,0
configs/exp4/lru_2q_lirs_lirs.cfg,experiments/data/hot8_scan_c96_seed42.in,LRU 2Q LIRS LIRS,4,24 24 24 24,96,10000,7992,2008,0.7992,7992,2008,0.7992,0
configs/exp4/lru_2q_lirs_lru.cfg,experiments/data/hot8_scan_c96_seed42.in,LRU 2Q LIRS LRU,4,24 24 24 24,96,10000,7992,2008,0.7992,7992,2008,0.7992,0
configs/exp4/lru_2q_lru.cfg,experiments/data/hot8_scan_c96_seed42.in,LRU 2Q LRU,3,32 32 32,96,10000,7992,2008,0.7992,7992,2008,0.7992,0
configs/exp4/lru_2q_lru_2q.cfg,experiments/data/hot8_scan_c96_seed42.in,LRU 2Q LRU 2Q,4,24 24 24 24,96,10000,7991,2009,0.7991,7992,2008,0.7992,1
configs/exp4/lru_2q_lru_arc.cfg,experiments/data/hot8_scan_c96_seed42.in,LRU 2Q LRU ARC,4,24 24 24 24,96,10000,7991,2009,0.7991,7992,2008,0.7992,1
configs/exp4/lru_2q_lru_lfu.cfg,experiments/data/hot8_scan_c96_seed42.in,LRU 2Q LRU LFU,4,24 24 24 24,96,10000,7991,2009,0.7991,7992,2008,0.7992,1
configs/exp4/lru_2q_lru_lirs.cfg,experiments/data/hot8_scan_c96_seed42.in,LRU 2Q LRU LIRS,4,24 24 24 24,96,10000,7992,2008,0.7992,7992,2008,0.7992,0
configs/exp4/lru_2q_lru_lru.cfg,experiments/data/hot8_scan_c96_seed42.in,LRU 2Q LRU LRU,4,24 24 24 24,96,10000,7991,2009,0.7991,7992,2008,0.7992,1
configs/exp4/lru_arc.cfg,experiments/data/hot8_scan_c96_seed42.in,LRU ARC,2,48 48,96,10000,7992,2008,0.7992,7992,2008,0.7992,0
configs/exp4/lru_arc_2q.cfg,experiments/data/hot8_scan_c96_seed42.in,LRU ARC 2Q,3,32 32 32,96,10000,7992,2008,0.7992,7992,2008,0.7992,0
configs/exp4/lru_arc_2q_2q.cfg,experiments/data/hot8_scan_c96_seed42.in,LRU ARC 2Q 2Q,4,24 24 24 24,96,10000,7991,2009,0.7991,7992,2008,0.7992,1
configs/exp4/lru_arc_2q_arc.cfg,experiments/data/hot8_scan_c96_seed42.in,LRU ARC 2Q ARC,4,24 24 24 24,96,10000,7991,2009,0.7991,7992,2008,0.7992,1
configs/exp4/lru_arc_2q_lfu.cfg,experiments/data/hot8_scan_c96_seed42.in,LRU ARC 2Q LFU,4,24 24 24 24,96,10000,7991,2009,0.7991,7992,2008,0.7992,1
configs/exp4/lru_arc_2q_lirs.cfg,experiments/data/hot8_scan_c96_seed42.in,LRU ARC 2Q LIRS,4,24 24 24 24,96,10000,7992,2008,0.7992,7992,2008,0.7992,0
configs/exp4/lru_arc_2q_lru.cfg,experiments/data/hot8_scan_c96_seed42.in,LRU ARC 2Q LRU,4,24 24 24 24,96,10000,7991,2009,0.7991,7992,2008,0.7992,1
configs/exp4/lru_arc_arc.cfg,experiments/data/hot8_scan_c96_seed42.in,LRU ARC ARC,3,32 32 32,96,10000,7992,2008,0.7992,7992,2008,0.7992,0
configs/exp4/lru_arc_arc_2q.cfg,experiments/data/hot8_scan_c96_seed42.in,LRU ARC ARC 2Q,4,24 24 24 24,96,10000,7991,2009,0.7991,7992,2008,0.7992,1
configs/exp4/lru_arc_arc_arc.cfg,experiments/data/hot8_scan_c96_seed42.in,LRU ARC ARC ARC,4,24 24 24 24,96,10000,7991,2009,0.7991,7992,2008,0.7992,1
configs/exp4/lru_arc_arc_lfu.cfg,experiments/data/hot8_scan_c96_seed42.in,LRU ARC ARC LFU,4,24 24 24 24,96,10000,7991,2009,0.7991,7992,2008,0.7992,1
configs/exp4/lru_arc_arc_lirs.cfg,experiments/data/hot8_scan_c96_seed42.in,LRU ARC ARC LIRS,4,24 24 24 24,96,10000,7992,2008,0.7992,7992,2008,0.7992,0
configs/exp4/lru_arc_arc_lru.cfg,experiments/data/hot8_scan_c96_seed42.in,LRU ARC ARC LRU,4,24 24 24 24,96,10000,7991,2009,0.7991,7992,2008,0.7992,1
configs/exp4/lru_arc_lfu.cfg,experiments/data/hot8_scan_c96_seed42.in,LRU ARC LFU,3,32 32 32,96,10000,7992,2008,0.7992,7992,2008,0.7992,0
configs/exp4/lru_arc_lfu_2q.cfg,experiments/data/hot8_scan_c96_seed42.in,LRU ARC LFU 2Q,4,24 24 24 24,96,10000,7991,2009,0.7991,7992,2008,0.7992,1
configs/exp4/lru_arc_lfu_arc.cfg,experiments/data/hot8_scan_c96_seed42.in,LRU ARC LFU ARC,4,24 24 24 24,96,10000,7991,2009,0.7991,7992,2008,0.7992,1
configs/exp4/lru_arc_lfu_lfu.cfg,experiments/data/hot8_scan_c96_seed42.in,LRU ARC LFU LFU,4,24 24 24 24,96,10000,7991,2009,0.7991,7992,2008,0.7992,1
configs/exp4/lru_arc_lfu_lirs.cfg,experiments/data/hot8_scan_c96_seed42.in,LRU ARC LFU LIRS,4,24 24 24 24,96,10000,7992,2008,0.7992,7992,2008,0.7992,0
configs/exp4/lru_arc_lfu_lru.cfg,experiments/data/hot8_scan_c96_seed42.in,LRU ARC LFU LRU,4,24 24 24 24,96,10000,7991,2009,0.7991,7992,2008,0.7992,1
configs/exp4/lru_arc_lirs.cfg,experiments/data/hot8_scan_c96_seed42.in,LRU ARC LIRS,3,32 32 32,96,10000,7992,2008,0.7992,7992,2008,0.7992,0
configs/exp4/lru_arc_lirs_2q.cfg,experiments/data/hot8_scan_c96_seed42.in,LRU ARC LIRS 2Q,4,24 24 24 24,96,10000,7992,2008,0.7992,7992,2008,0.7992,0
configs/exp4/lru_arc_lirs_arc.cfg,experiments/data/hot8_scan_c96_seed42.in,LRU ARC LIRS ARC,4,24 24 24 24,96,10000,7992,2008,0.7992,7992,2008,0.7992,0
configs/exp4/lru_arc_lirs_lfu.cfg,experiments/data/hot8_scan_c96_seed42.in,LRU ARC LIRS LFU,4,24 24 24 24,96,10000,7992,2008,0.7992,7992,2008,0.7992,0
configs/exp4/lru_arc_lirs_lirs.cfg,experiments/data/hot8_scan_c96_seed42.in,LRU ARC LIRS LIRS,4,24 24 24 24,96,10000,7992,2008,0.7992,7992,2008,0.7992,0
configs/exp4/lru_arc_lirs_lru.cfg,experiments/data/hot8_scan_c96_seed42.in,LRU ARC LIRS LRU,4,24 24 24 24,96,10000,7992,2008,0.7992,7992,2008,0.7992,0
configs/exp4/lru_arc_lru.cfg,experiments/data/hot8_scan_c96_seed42.in,LRU ARC LRU,3,32 32 32,96,10000,7992,2008,0.7992,7992,2008,0.7992,0
configs/exp4/lru_arc_lru_2q.cfg,experiments/data/hot8_scan_c96_seed42.in,LRU ARC LRU 2Q,4,24 24 24 24,96,10000,7991,2009,0.7991,7992,2008,0.7992,1
configs/exp4/lru_arc_lru_arc.cfg,experiments/data/hot8_scan_c96_seed42.in,LRU ARC LRU ARC,4,24 24 24 24,96,10000,7991,2009,0.7991,7992,2008,0.7992,1
configs/exp4/lru_arc_lru_lfu.cfg,experiments/data/hot8_scan_c96_seed42.in,LRU ARC LRU LFU,4,24 24 24 24,96,10000,7991,2009,0.7991,7992,2008,0.7992,1
configs/exp4/lru_arc_lru_lirs.cfg,experiments/data/hot8_scan_c96_seed42.in,LRU ARC LRU LIRS,4,24 24 24 24,96,10000,7992,2008,0.7992,7992,2008,0.7992,0
configs/exp4/lru_arc_lru_lru.cfg,experiments/data/hot8_scan_c96_seed42.in,LRU ARC LRU LRU,4,24 24 24 24,96,10000,7991,2009,0.7991,7992,2008,0.7992,1
configs/exp4/lru_lfu.cfg,experiments/data/hot8_scan_c96_seed42.in,LRU LFU,2,48 48,96,10000,7992,2008,0.7992,7992,2008,0.7992,0
configs/exp4/lru_lfu_2q.cfg,experiments/data/hot8_scan_c96_seed42.in,LRU LFU 2Q,3,32 32 32,96,10000,7992,2008,0.7992,7992,2008,0.7992,0
configs/exp4/lru_lfu_2q_2q.cfg,experiments/data/hot8_scan_c96_seed42.in,LRU LFU 2Q 2Q,4,24 24 24 24,96,10000,7991,2009,0.7991,7992,2008,0.7992,1
configs/exp4/lru_lfu_2q_arc.cfg,experiments/data/hot8_scan_c96_seed42.in,LRU LFU 2Q ARC,4,24 24 24 24,96,10000,7991,2009,0.7991,7992,2008,0.7992,1
configs/exp4/lru_lfu_2q_lfu.cfg,experiments/data/hot8_scan_c96_seed42.in,LRU LFU 2Q LFU,4,24 24 24 24,96,10000,7991,2009,0.7991,7992,2008,0.7992,1
configs/exp4/lru_lfu_2q_lirs.cfg,experiments/data/hot8_scan_c96_seed42.in,LRU LFU 2Q LIRS,4,24 24 24 24,96,10000,7992,2008,0.7992,7992,2008,0.7992,0
configs/exp4/lru_lfu_2q_lru.cfg,experiments/data/hot8_scan_c96_seed42.in,LRU LFU 2Q LRU,4,24 24 24 24,96,10000,7991,2009,0.7991,7992,2008,0.7992,1
configs/exp4/lru_lfu_arc.cfg,experiments/data/hot8_scan_c96_seed42.in,LRU LFU ARC,3,32 32 32,96,10000,7992,2008,0.7992,7992,2008,0.7992,0
configs/exp4/lru_lfu_arc_2q.cfg,experiments/data/hot8_scan_c96_seed42.in,LRU LFU ARC 2Q,4,24 24 24 24,96,10000,7991,2009,0.7991,7992,2008,0.7992,1
configs/exp4/lru_lfu_arc_arc.cfg,experiments/data/hot8_scan_c96_seed42.in,LRU LFU ARC ARC,4,24 24 24 24,96,10000,7991,2009,0.7991,7992,2008,0.7992,1
configs/exp4/lru_lfu_arc_lfu.cfg,experiments/data/hot8_scan_c96_seed42.in,LRU LFU ARC LFU,4,24 24 24 24,96,10000,7991,2009,0.7991,7992,2008,0.7992,1
configs/exp4/lru_lfu_arc_lirs.cfg,experiments/data/hot8_scan_c96_seed42.in,LRU LFU ARC LIRS,4,24 24 24 24,96,10000,7992,2008,0.7992,7992,2008,0.7992,0
configs/exp4/lru_lfu_arc_lru.cfg,experiments/data/hot8_scan_c96_seed42.in,LRU LFU ARC LRU,4,24 24 24 24,96,10000,7991,2009,0.7991,7992,2008,0.7992,1
configs/exp4/lru_lfu_lfu.cfg,experiments/data/hot8_scan_c96_seed42.in,LRU LFU LFU,3,32 32 32,96,10000,7992,2008,0.7992,7992,2008,0.7992,0
configs/exp4/lru_lfu_lfu_2q.cfg,experiments/data/hot8_scan_c96_seed42.in,LRU LFU LFU 2Q,4,24 24 24 24,96,10000,7991,2009,0.7991,7992,2008,0.7992,1
configs/exp4/lru_lfu_lfu_arc.cfg,experiments/data/hot8_scan_c96_seed42.in,LRU LFU LFU ARC,4,24 24 24 24,96,10000,7991,2009,0.7991,7992,2008,0.7992,1
configs/exp4/lru_lfu_lfu_lfu.cfg,experiments/data/hot8_scan_c96_seed42.in,LRU LFU LFU LFU,4,24 24 24 24,96,10000,7991,2009,0.7991,7992,2008,0.7992,1
configs/exp4/lru_lfu_lfu_lirs.cfg,experiments/data/hot8_scan_c96_seed42.in,LRU LFU LFU LIRS,4,24 24 24 24,96,10000,7992,2008,0.7992,7992,2008,0.7992,0
configs/exp4/lru_lfu_lfu_lru.cfg,experiments/data/hot8_scan_c96_seed42.in,LRU LFU LFU LRU,4,24 24 24 24,96,10000,7991,2009,0.7991,7992,2008,0.7992,1
configs/exp4/lru_lfu_lirs.cfg,experiments/data/hot8_scan_c96_seed42.in,LRU LFU LIRS,3,32 32 32,96,10000,7992,2008,0.7992,7992,2008,0.7992,0
configs/exp4/lru_lfu_lirs_2q.cfg,experiments/data/hot8_scan_c96_seed42.in,LRU LFU LIRS 2Q,4,24 24 24 24,96,10000,7992,2008,0.7992,7992,2008,0.7992,0
configs/exp4/lru_lfu_lirs_arc.cfg,experiments/data/hot8_scan_c96_seed42.in,LRU LFU LIRS ARC,4,24 24 24 24,96,10000,7992,2008,0.7992,7992,2008,0.7992,0
configs/exp4/lru_lfu_lirs_lfu.cfg,experiments/data/hot8_scan_c96_seed42.in,LRU LFU LIRS LFU,4,24 24 24 24,96,10000,7992,2008,0.7992,7992,2008,0.7992,0
configs/exp4/lru_lfu_lirs_lirs.cfg,experiments/data/hot8_scan_c96_seed42.in,LRU LFU LIRS LIRS,4,24 24 24 24,96,10000,7992,2008,0.7992,7992,2008,0.7992,0
configs/exp4/lru_lfu_lirs_lru.cfg,experiments/data/hot8_scan_c96_seed42.in,LRU LFU LIRS LRU,4,24 24 24 24,96,10000,7992,2008,0.7992,7992,2008,0.7992,0
configs/exp4/lru_lfu_lru.cfg,experiments/data/hot8_scan_c96_seed42.in,LRU LFU LRU,3,32 32 32,96,10000,7992,2008,0.7992,7992,2008,0.7992,0
configs/exp4/lru_lfu_lru_2q.cfg,experiments/data/hot8_scan_c96_seed42.in,LRU LFU LRU 2Q,4,24 24 24 24,96,10000,7991,2009,0.7991,7992,2008,0.7992,1
configs/exp4/lru_lfu_lru_arc.cfg,experiments/data/hot8_scan_c96_seed42.in,LRU LFU LRU ARC,4,24 24 24 24,96,10000,7991,2009,0.7991,7992,2008,0.7992,1
configs/exp4/lru_lfu_lru_lfu.cfg,experiments/data/hot8_scan_c96_seed42.in,LRU LFU LRU LFU,4,24 24 24 24,96,10000,7991,2009,0.7991,7992,2008,0.7992,1
configs/exp4/lru_lfu_lru_lirs.cfg,experiments/data/hot8_scan_c96_seed42.in,LRU LFU LRU LIRS,4,24 24 24 24,96,10000,7992,2008,0.7992,7992,2008,0.7992,0
configs/exp4/lru_lfu_lru_lru.cfg,experiments/data/hot8_scan_c96_seed42.in,LRU LFU LRU LRU,4,24 24 24 24,96,10000,7991,2009,0.7991,7992,2008,0.7992,1
configs/exp4/lru_lirs.cfg,experiments/data/hot8_scan_c96_seed42.in,LRU LIRS,2,48 48,96,10000,7992,2008,0.7992,7992,2008,0.7992,0
configs/exp4/lru_lirs_2q.cfg,experiments/data/hot8_scan_c96_seed42.in,LRU LIRS 2Q,3,32 32 32,96,10000,7992,2008,0.7992,7992,2008,0.7992,0
configs/exp4/lru_lirs_2q_2q.cfg,experiments/data/hot8_scan_c96_seed42.in,LRU LIRS 2Q 2Q,4,24 24 24 24,96,10000,7992,2008,0.7992,7992,2008,0.7992,0
configs/exp4/lru_lirs_2q_arc.cfg,experiments/data/hot8_scan_c96_seed42.in,LRU LIRS 2Q ARC,4,24 24 24 24,96,10000,7992,2008,0.7992,7992,2008,0.7992,0
configs/exp4/lru_lirs_2q_lfu.cfg,experiments/data/hot8_scan_c96_seed42.in,LRU LIRS 2Q LFU,4,24 24 24 24,96,10000,7992,2008,0.7992,7992,2008,0.7992,0
configs/exp4/lru_lirs_2q_lirs.cfg,experiments/data/hot8_scan_c96_seed42.in,LRU LIRS 2Q LIRS,4,24 24 24 24,96,10000,7992,2008,0.7992,7992,2008,0.7992,0
configs/exp4/lru_lirs_2q_lru.cfg,experiments/data/hot8_scan_c96_seed42.in,LRU LIRS 2Q LRU,4,24 24 24 24,96,10000,7992,2008,0.7992,7992,2008,0.7992,0
configs/exp4/lru_lirs_arc.cfg,experiments/data/hot8_scan_c96_seed42.in,LRU LIRS ARC,3,32 32 32,96,10000,7992,2008,0.7992,7992,2008,0.7992,0
configs/exp4/lru_lirs_arc_2q.cfg,experiments/data/hot8_scan_c96_seed42.in,LRU LIRS ARC 2Q,4,24 24 24 24,96,10000,7992,2008,0.7992,7992,2008,0.7992,0
configs/exp4/lru_lirs_arc_arc.cfg,experiments/data/hot8_scan_c96_seed42.in,LRU LIRS ARC ARC,4,24 24 24 24,96,10000,7992,2008,0.7992,7992,2008,0.7992,0
configs/exp4/lru_lirs_arc_lfu.cfg,experiments/data/hot8_scan_c96_seed42.in,LRU LIRS ARC LFU,4,24 24 24 24,96,10000,7992,2008,0.7992,7992,2008,0.7992,0
configs/exp4/lru_lirs_arc_lirs.cfg,experiments/data/hot8_scan_c96_seed42.in,LRU LIRS ARC LIRS,4,24 24 24 24,96,10000,7992,2008,0.7992,7992,2008,0.7992,0
configs/exp4/lru_lirs_arc_lru.cfg,experiments/data/hot8_scan_c96_seed42.in,LRU LIRS ARC LRU,4,24 24 24 24,96,10000,7992,2008,0.7992,7992,2008,0.7992,0
configs/exp4/lru_lirs_lfu.cfg,experiments/data/hot8_scan_c96_seed42.in,LRU LIRS LFU,3,32 32 32,96,10000,7992,2008,0.7992,7992,2008,0.7992,0
configs/exp4/lru_lirs_lfu_2q.cfg,experiments/data/hot8_scan_c96_seed42.in,LRU LIRS LFU 2Q,4,24 24 24 24,96,10000,7992,2008,0.7992,7992,2008,0.7992,0
configs/exp4/lru_lirs_lfu_arc.cfg,experiments/data/hot8_scan_c96_seed42.in,LRU LIRS LFU ARC,4,24 24 24 24,96,10000,7992,2008,0.7992,7992,2008,0.7992,0
configs/exp4/lru_lirs_lfu_lfu.cfg,experiments/data/hot8_scan_c96_seed42.in,LRU LIRS LFU LFU,4,24 24 24 24,96,10000,7992,2008,0.7992,7992,2008,0.7992,0
configs/exp4/lru_lirs_lfu_lirs.cfg,experiments/data/hot8_scan_c96_seed42.in,LRU LIRS LFU LIRS,4,24 24 24 24,96,10000,7992,2008,0.7992,7992,2008,0.7992,0
configs/exp4/lru_lirs_lfu_lru.cfg,experiments/data/hot8_scan_c96_seed42.in,LRU LIRS LFU LRU,4,24 24 24 24,96,10000,7992,2008,0.7992,7992,2008,0.7992,0
configs/exp4/lru_lirs_lirs.cfg,experiments/data/hot8_scan_c96_seed42.in,LRU LIRS LIRS,3,32 32 32,96,10000,7992,2008,0.7992,7992,2008,0.7992,0
configs/exp4/lru_lirs_lirs_2q.cfg,experiments/data/hot8_scan_c96_seed42.in,LRU LIRS LIRS 2Q,4,24 24 24 24,96,10000,7992,2008,0.7992,7992,2008,0.7992,0
configs/exp4/lru_lirs_lirs_arc.cfg,experiments/data/hot8_scan_c96_seed42.in,LRU LIRS LIRS ARC,4,24 24 24 24,96,10000,7992,2008,0.7992,7992,2008,0.7992,0
configs/exp4/lru_lirs_lirs_lfu.cfg,experiments/data/hot8_scan_c96_seed42.in,LRU LIRS LIRS LFU,4,24 24 24 24,96,10000,7992,2008,0.7992,7992,2008,0.7992,0
configs/exp4/lru_lirs_lirs_lirs.cfg,experiments/data/hot8_scan_c96_seed42.in,LRU LIRS LIRS LIRS,4,24 24 24 24,96,10000,7992,2008,0.7992,7992,2008,0.7992,0
configs/exp4/lru_lirs_lirs_lru.cfg,experiments/data/hot8_scan_c96_seed42.in,LRU LIRS LIRS LRU,4,24 24 24 24,96,10000,7992,2008,0.7992,7992,2008,0.7992,0
configs/exp4/lru_lirs_lru.cfg,experiments/data/hot8_scan_c96_seed42.in,LRU LIRS LRU,3,32 32 32,96,10000,7992,2008,0.7992,7992,2008,0.7992,0
configs/exp4/lru_lirs_lru_2q.cfg,experiments/data/hot8_scan_c96_seed42.in,LRU LIRS LRU 2Q,4,24 24 24 24,96,10000,7992,2008,0.7992,7992,2008,0.7992,0
configs/exp4/lru_lirs_lru_arc.cfg,experiments/data/hot8_scan_c96_seed42.in,LRU LIRS LRU ARC,4,24 24 24 24,96,10000,7992,2008,0.7992,7992,2008,0.7992,0
configs/exp4/lru_lirs_lru_lfu.cfg,experiments/data/hot8_scan_c96_seed42.in,LRU LIRS LRU LFU,4,24 24 24 24,96,10000,7992,2008,0.7992,7992,2008,0.7992,0
configs/exp4/lru_lirs_lru_lirs.cfg,experiments/data/hot8_scan_c96_seed42.in,LRU LIRS LRU LIRS,4,24 24 24 24,96,10000,7992,2008,0.7992,7992,2008,0.7992,0
configs/exp4/lru_lirs_lru_lru.cfg,experiments/data/hot8_scan_c96_seed42.in,LRU LIRS LRU LRU,4,24 24 24 24,96,10000,7992,2008,0.7992,7992,2008,0.7992,0
configs/exp4/lru_lru_2q.cfg,experiments/data/hot8_scan_c96_seed42.in,LRU LRU 2Q,3,32 32 32,96,10000,7992,2008,0.7992,7992,2008,0.7992,0
configs/exp4/lru_lru_2q_2q.cfg,experiments/data/hot8_scan_c96_seed42.in,LRU LRU 2Q 2Q,4,24 24 24 24,96,10000,7991,2009,0.7991,7992,2008,0.7992,1
configs/exp4/lru_lru_2q_arc.cfg,experiments/data/hot8_scan_c96_seed42.in,LRU LRU 2Q ARC,4,24 24 24 24,96,10000,7991,2009,0.7991,7992,2008,0.7992,1
configs/exp4/lru_lru_2q_lfu.cfg,experiments/data/hot8_scan_c96_seed42.in,LRU LRU 2Q LFU,4,24 24 24 24,96,10000,7991,2009,0.7991,7992,2008,0.7992,1
configs/exp4/lru_lru_2q_lirs.cfg,experiments/data/hot8_scan_c96_seed42.in,LRU LRU 2Q LIRS,4,24 24 24 24,96,10000,7992,2008,0.7992,7992,2008,0.7992,0
configs/exp4/lru_lru_2q_lru.cfg,experiments/data/hot8_scan_c96_seed42.in,LRU LRU 2Q LRU,4,24 24 24 24,96,10000,7991,2009,0.7991,7992,2008,0.7992,1
configs/exp4/lru_lru_arc.cfg,experiments/data/hot8_scan_c96_seed42.in,LRU LRU ARC,3,32 32 32,96,10000,7992,2008,0.7992,7992,2008,0.7992,0
configs/exp4/lru_lru_arc_2q.cfg,experiments/data/hot8_scan_c96_seed42.in,LRU LRU ARC 2Q,4,24 24 24 24,96,10000,7991,2009,0.7991,7992,2008,0.7992,1
configs/exp4/lru_lru_arc_arc.cfg,experiments/data/hot8_scan_c96_seed42.in,LRU LRU ARC ARC,4,24 24 24 24,96,10000,7991,2009,0.7991,7992,2008,0.7992,1
configs/exp4/lru_lru_arc_lfu.cfg,experiments/data/hot8_scan_c96_seed42.in,LRU LRU ARC LFU,4,24 24 24 24,96,10000,7991,2009,0.7991,7992,2008,0.7992,1
configs/exp4/lru_lru_arc_lirs.cfg,experiments/data/hot8_scan_c96_seed42.in,LRU LRU ARC LIRS,4,24 24 24 24,96,10000,7992,2008,0.7992,7992,2008,0.7992,0
configs/exp4/lru_lru_arc_lru.cfg,experiments/data/hot8_scan_c96_seed42.in,LRU LRU ARC LRU,4,24 24 24 24,96,10000,7991,2009,0.7991,7992,2008,0.7992,1
configs/exp4/lru_lru_lfu.cfg,experiments/data/hot8_scan_c96_seed42.in,LRU LRU LFU,3,32 32 32,96,10000,7992,2008,0.7992,7992,2008,0.7992,0
configs/exp4/lru_lru_lfu_2q.cfg,experiments/data/hot8_scan_c96_seed42.in,LRU LRU LFU 2Q,4,24 24 24 24,96,10000,7991,2009,0.7991,7992,2008,0.7992,1
configs/exp4/lru_lru_lfu_arc.cfg,experiments/data/hot8_scan_c96_seed42.in,LRU LRU LFU ARC,4,24 24 24 24,96,10000,7991,2009,0.7991,7992,2008,0.7992,1
configs/exp4/lru_lru_lfu_lfu.cfg,experiments/data/hot8_scan_c96_seed42.in,LRU LRU LFU LFU,4,24 24 24 24,96,10000,7991,2009,0.7991,7992,2008,0.7992,1
configs/exp4/lru_lru_lfu_lirs.cfg,experiments/data/hot8_scan_c96_seed42.in,LRU LRU LFU LIRS,4,24 24 24 24,96,10000,7992,2008,0.7992,7992,2008,0.7992,0
configs/exp4/lru_lru_lfu_lru.cfg,experiments/data/hot8_scan_c96_seed42.in,LRU LRU LFU LRU,4,24 24 24 24,96,10000,7991,2009,0.7991,7992,2008,0.7992,1
configs/exp4/lru_lru_lirs.cfg,experiments/data/hot8_scan_c96_seed42.in,LRU LRU LIRS,3,32 32 32,96,10000,7992,2008,0.7992,7992,2008,0.7992,0
configs/exp4/lru_lru_lirs_2q.cfg,experiments/data/hot8_scan_c96_seed42.in,LRU LRU LIRS 2Q,4,24 24 24 24,96,10000,7992,2008,0.7992,7992,2008,0.7992,0
configs/exp4/lru_lru_lirs_arc.cfg,experiments/data/hot8_scan_c96_seed42.in,LRU LRU LIRS ARC,4,24 24 24 24,96,10000,7992,2008,0.7992,7992,2008,0.7992,0
configs/exp4/lru_lru_lirs_lfu.cfg,experiments/data/hot8_scan_c96_seed42.in,LRU LRU LIRS LFU,4,24 24 24 24,96,10000,7992,2008,0.7992,7992,2008,0.7992,0
configs/exp4/lru_lru_lirs_lirs.cfg,experiments/data/hot8_scan_c96_seed42.in,LRU LRU LIRS LIRS,4,24 24 24 24,96,10000,7992,2008,0.7992,7992,2008,0.7992,0
configs/exp4/lru_lru_lirs_lru.cfg,experiments/data/hot8_scan_c96_seed42.in,LRU LRU LIRS LRU,4,24 24 24 24,96,10000,7992,2008,0.7992,7992,2008,0.7992,0
configs/exp4/lru_lru_lru_2q.cfg,experiments/data/hot8_scan_c96_seed42.in,LRU LRU LRU 2Q,4,24 24 24 24,96,10000,7991,2009,0.7991,7992,2008,0.7992,1
configs/exp4/lru_lru_lru_arc.cfg,experiments/data/hot8_scan_c96_seed42.in,LRU LRU LRU ARC,4,24 24 24 24,96,10000,7991,2009,0.7991,7992,2008,0.7992,1
configs/exp4/lru_lru_lru_lfu.cfg,experiments/data/hot8_scan_c96_seed42.in,LRU LRU LRU LFU,4,24 24 24 24,96,10000,7991,2009,0.7991,7992,2008,0.7992,1
configs/exp4/lru_lru_lru_lirs.cfg,experiments/data/hot8_scan_c96_seed42.in,LRU LRU LRU LIRS,4,24 24 24 24,96,10000,7992,2008,0.7992,7992,2008,0.7992,0
configs/exp4/2q_2q_2q_arc.cfg,experiments/data/phases24_c12_seed42.in,2Q 2Q 2Q ARC,4,3 3 3 3,12,10000,2360,7640,0.236,7260,2740,0.726,4900
configs/exp4/2q_2q_2q_lfu.cfg,experiments/data/phases24_c12_seed42.in,2Q 2Q 2Q LFU,4,3 3 3 3,12,10000,1913,8087,0.1913,7260,2740,0.726,5347
configs/exp4/2q_2q_2q_lirs.cfg,experiments/data/phases24_c12_seed42.in,2Q 2Q 2Q LIRS,4,3 3 3 3,12,10000,2321,7679,0.2321,7260,2740,0.726,4939
configs/exp4/2q_2q_2q_lru.cfg,experiments/data/phases24_c12_seed42.in,2Q 2Q 2Q LRU,4,3 3 3 3,12,10000,2402,7598,0.2402,7260,2740,0.726,4858
configs/exp4/2q_2q_arc.cfg,experiments/data/phases24_c12_seed42.in,2Q 2Q ARC,3,4 4 4,12,10000,3020,6980,0.302,7260,2740,0.726,4240
configs/exp4/2q_2q_arc_2q.cfg,experiments/data/phases24_c12_seed42.in,2Q 2Q ARC 2Q,4,3 3 3 3,12,10000,2659,7341,0.2659,7260,2740,0.726,4601
configs/exp4/2q_2q_arc_arc.cfg,experiments/data/phases24_c12_seed42.in,2Q 2Q ARC ARC,4,3 3 3 3,12,10000,2519,7481,0.2519,7260,2740,0.726,4741
configs/exp4/2q_2q_arc_lfu.cfg,experiments/data/phases24_c12_seed42.in,2Q 2Q ARC LFU,4,3 3 3 3,12,10000,2323,7677,0.2323,7260,2740,0.726,4937
configs/exp4/2q_2q_arc_lirs.cfg,experiments/data/phases24_c12_seed42.in,2Q 2Q ARC LIRS,4,3 3 3 3,12,10000,2731,7269,0.2731,7260,2740,0.726,4529
configs/exp4/2q_2q_arc_lru.cfg,experiments/data/phases24_c12_seed42.in,2Q 2Q ARC LRU,4,3 3 3 3,12,10000,2454,7546,0.2454,7260,2740,0.726,4806
configs/exp4/2q_2q_lfu.cfg,experiments/data/phases24_c12_seed42.in,2Q 2Q LFU,3,4 4 4,12,10000,2389,7611,0.2389,7260,2740,0.726,4871
configs/exp4/2q_2q_lfu_2q.cfg,experiments/data/phases24_c12_seed42.in,2Q 2Q LFU 2Q,4,3 3 3 3,12,10000,1967,8033,0.1967,7260,2740,0.726,5293
configs/exp4/2q_2q_lfu_arc.cfg,experiments/data/phases24_c12_seed42.in,2Q 2Q LFU ARC,4,3 3 3 3,12,10000,2361,7639,0.2361,7260,2740,0.726,4899
configs/exp4/2q_2q_lfu_lfu.cfg,experiments/data/phases24_c12_seed42.in,2Q 2Q LFU LFU,4,3 3 3 3,12,10000,1932,8068,0.1932,7260,2740,0.726,5328
configs/exp4/2q_2q_lfu_lirs.cfg,experiments/data/phases24_c12_seed42.in,2Q 2Q LFU LIRS,4,3 3 3 3,12,10000,2342,7658,0.2342,7260,2740,0.726,4918
configs/exp4/2q_2q_lfu_lru.cfg,experiments/data/phases24_c12_seed42.in,2Q 2Q LFU LRU,4,3 3 3 3,12,10000,2409,7591,0.2409,7260,2740,0.726,4851
configs/exp4/2q_2q_lirs.cfg,experiments/data/phases24_c12_seed42.in,2Q 2Q LIRS,3,4 4 4,12,10000,2848,7152,0.2848,7260,2740,0.726,4412
configs/exp4/2q_2q_lirs_2q.cfg,experiments/data/phases24_c12_seed42.in,2Q 2Q LIRS 2Q,4,3 3 3 3,12,10000,2447,7553,0.2447,7260,2740,0.726,4813
configs/exp4/2q_2q_lirs_arc.cfg,experiments/data/phases24_c12_seed42.in,2Q 2Q LIRS ARC,4,3 3 3 3,12,10000,2663,7337,0.2663,7260,2740,0.726,4597
configs/exp4/2q_2q_lirs_lfu.cfg,experiments/data/phases24_c12_seed42.in,2Q 2Q LIRS LFU,4,3 3 3 3,12,10000,2327,7673,0.2327,7260,2740,0.726,4933
configs/exp4/2q_2q_lirs_lirs.cfg,experiments/data/phases24_c12_seed42.in,2Q 2Q LIRS LIRS,4,3 3 3 3,12,10000,2282,7718,0.2282,7260,2740,0.726,4978
configs/exp4/2q_2q_lirs_lru.cfg,experiments/data/phases24_c12_seed42.in,2Q 2Q LIRS LRU,4,3 3 3 3,12,10000,2720,7280,0.272,7260,2740,0.726,4540
configs/exp4/2q_2q_lru.cfg,experiments/data/phases24_c12_seed42.in,2Q 2Q LRU,3,4 4 4,12,10000,3091,6909,0.3091,7260,2740,0.726,4169
configs/exp4/2q_2q_lru_2q.cfg,experiments/data/phases24_c12_seed42.in,2Q 2Q LRU 2Q,4,3 3 3 3,12,10000,2372,7628,0.2372,7260,2740,0.726,4888
configs/exp4/2q_2q_lru_arc.cfg,experiments/data/phases24_c12_seed42.in,2Q 2Q LRU ARC,4,3 3 3 3,12,10000,2590,7410,0.259,7260,2740,0.726,4670
configs/exp4/2q_2q_lru_lfu.cfg,experiments/data/phases24_c12_seed42.in,2Q 2Q LRU LFU,4,3 3 3 3,12,10000,2312,7688,0.2312,7260,2740,0.726,4948
configs/exp4/2q_2q_lru_lirs.cfg,experiments/data/phases24_c12_seed42.in,2Q 2Q LRU LIRS,4,3 3 3 3,12,10000,2786,7214,0.2786,7260,2740,0.726,4474
configs/exp4/2q_2q_lru_lru.cfg,experiments/data/phases24_c12_seed42.in,2Q 2Q LRU LRU,4,3 3 3 3,12,10000,2269,7731,0.2269,7260,2740,0.726,4991
configs/exp4/2q_arc.cfg,experiments/data/phases24_c12_seed42.in,2Q ARC,2,6 6,12,10000,3811,6189,0.3811,7260,2740,0.726,3449
configs/exp4/2q_arc_2q.cfg,experiments/data/phases24_c12_seed42.in,2Q ARC 2Q,3,4 4 4,12,10000,3178,6822,0.3178,7260,2740,0.726,4082
configs/exp4/2q_arc_2q_2q.cfg,experiments/data/phases24_c12_seed42.in,2Q ARC 2Q 2Q,4,3 3 3 3,12,10000,2604,7396,0.2604,7260,2740,0.726,4656
configs/exp4/2q_arc_2q_arc.cfg,experiments/data/phases24_c12_seed42.in,2Q ARC 2Q ARC,4,3 3 3 3,12,10000,2639,7361,0.2639,7260,2740,0.726,4621
configs/exp4/2q_arc_2q_lfu.cfg,experiments/data/phases24_c12_seed42.in,2Q ARC 2Q LFU,4,3 3 3 3,12,10000,2450,7550,0.245,7260,2740,0.726,4810
configs/exp4/2q_arc_2q_lirs.cfg,experiments/data/phases24_c12_seed42.in,2Q ARC 2Q LIRS,4,3 3 3 3,12,10000,2826,7174,0.2826,7260,2740,0.726,4434
configs/exp4/2q_arc_2q_lru.cfg,experiments/data/phases24_c12_seed42.in,2Q ARC 2Q LRU,4,3 3 3 3,12,10000,2619,7381,0.2619,7260,2740,0.726,4641
configs/exp4/2q_arc_arc.cfg,experiments/data/phases24_c12_seed42.in,2Q ARC ARC,3,4 4 4,12,10000,2872,7128,0.2872,7260,2740,0.726,4388
configs/exp4/2q_arc_arc_2q.cfg,experiments/data/phases24_c12_seed42.in,2Q ARC ARC 2Q,4,3 3 3 3,12,10000,2578,7422,0.2578,7260,2740,0.726,4682
configs/exp4/2q_arc_arc_arc.cfg,experiments/data/phases24_c12_seed42.in,2Q ARC ARC ARC,4,3 3 3 3,12,10000,2314,7686,0.2314,7260,2740,0.726,4946
configs/exp4/2q_arc_arc_lfu.cfg,experiments/data/phases24_c12_seed42.in,2Q ARC ARC LFU,4,3 3 3 3,12,10000,2279,7721,0.2279,7260,2740,0.726,4981
configs/exp4/2q_arc_arc_lirs.cfg,experiments/data/phases24_c12_seed42.in,2Q ARC ARC LIRS,4,3 3 3 3,12,10000,2640,7360,0.264,7260,2740,0.726,4620
configs/exp4/2q_arc_arc_lru.cfg,experiments/data/phases24_c12_seed42.in,2Q ARC ARC LRU,4,3 3 3 3,12,10000,2377,7623,0.2377,7260,2740,0.726,4883
configs/exp4/2q_arc_lfu.cfg,experiments/data/phases24_c12_seed42.in,2Q ARC LFU,3,4 4 4,12,10000,2678,7322,0.2678,7260,2740,0.726,4582
configs/exp4/2q_arc_lfu_2q.cfg,experiments/data/phases24_c12_seed42.in,2Q ARC LFU 2Q,4,3 3 3 3,12,10000,2470,7530,0.247,7260,2740,0.726,4790
configs/exp4/2q_arc_lfu_arc.cfg,experiments/data/phases24_c12_seed42.in,2Q ARC LFU ARC,4,3 3 3 3,12,10000,2338,7662,0.2338,7260,2740,0.726,4922
configs/exp4/2q_arc_lfu_lfu.cfg,experiments/data/phases24_c12_seed42.in,2Q ARC LFU LFU,4,3 3 3 3,12,10000,2133,7867,0.2133,7260,2740,0.726,5127
configs/exp4/2q_arc_lfu_lirs.cfg,experiments/data/phases24_c12_seed42.in,2Q ARC LFU LIRS,4,3 3 3 3,12,10000,2487,7513,0.2487,7260,2740,0.726,4773
configs/exp4/2q_arc_lfu_lru.cfg,experiments/data/phases24_c12_seed42.in,2Q ARC LFU LRU,4,3 3 3 3,12,10000,2275,7725,0.2275,7260,2740,0.726,4985
configs/exp4/2q_arc_lirs.cfg,experiments/data/phases24_c12_seed42.in,2Q ARC LIRS,3,4 4 4,12,10000,3118,6882,0.3118,7260,2740,0.726,4142
configs/exp4/2q_arc_lirs_2q.cfg,experiments/data/phases24_c12_seed42.in,2Q ARC LIRS 2Q,4,3 3 3 3,12,10000,2805,7195,0.2805,7260,2740,0.726,4455
configs/exp4/2q_arc_lirs_arc.cfg,experiments/data/phases24_c12_seed42.in,2Q ARC LIRS ARC,4,3 3 3 3,12,10000,2647,7353,0.2647,7260,2740,0.726,4613
configs/exp4/2q_arc_lirs_lfu.cfg,experiments/data/phases24_c12_seed42.in,2Q ARC LIRS LFU,4,3 3 3 3,12,10000,2476,7524,0.2476,7260,2740,0.726,4784
configs/exp4/2q_arc_lirs_lirs.cfg,experiments/data/phases24_c12_seed42.in,2Q ARC LIRS LIRS,4,3 3 3 3,12,10000,2443,7557,0.2443,7260,2740,0.726,4817
configs/exp4/2q_arc_lirs_lru.cfg,experiments/data/phases24_c12_seed42.in,2Q ARC LIRS LRU,4,3 3 3 3,12,10000,2602,7398,0.2602,7260,2740,0.726,4658
configs/exp4/2q_arc_lru.cfg,experiments/data/phases24_c12_seed42.in,2Q ARC LRU,3,4 4 4,12,10000,2820,7180,0.282,7260,2740,0.726,4440
configs/exp4/2q_arc_lru_2q.cfg,experiments/data/phases24_c12_seed42.in,2Q ARC LRU 2Q,4,3 3 3 3,12,10000,2248,7752,0.2248,7260,2740,0.726,5012
configs/exp4/2q_arc_lru_arc.cfg,experiments/data/phases24_c12_seed42.in,2Q ARC LRU ARC,4,3 3 3 3,12,10000,2352,7648,0.2352,7260,2740,0.726,4908
configs/exp4/2q_arc_lru_lfu.cfg,experiments/data/phases24_c12_seed42.in,2Q ARC LRU LFU,4,3 3 3 3,12,10000,2152,7848,0.2152,7260,2740,0.726,5108
configs/exp4/2q_arc_lru_lirs.cfg,experiments/data/phases24_c12_seed42.in,2Q ARC LRU LIRS,4,3 3 3 3,12,10000,2611,7389,0.2611,7260,2740,0.726,4649
configs/exp4/2q_arc_lru_lru.cfg,experiments/data/phases24_c12_seed42.in,2Q ARC LRU LRU,4,3 3 3 3,12,10000,2114,7886,0.2114,7260,2740,0.726,5146
configs/exp4/2q_lfu.cfg,experiments/data/phases24_c12_seed42.in,2Q LFU,2,6 6,12,10000,2778,7222,0.2778,7260,2740,0.726,4482
configs/exp4/2q_lfu_2q.cfg,experiments/data/phases24_c12_seed42.in,2Q LFU 2Q,3,4 4 4,12,10000,2422,7578,0.2422,7260,2740,0.726,4838
configs/exp4/2q_lfu_2q_2q.cfg,experiments/data/phases24_c12_seed42.in,2Q LFU 2Q 2Q,4,3 3 3 3,12,10000,1914,8086,0.1914,7260,2740,0.726,5346
configs/exp4/2q_lfu_2q_arc.cfg,experiments/data/phases24_c12_seed42.in,2Q LFU 2Q ARC,4,3 3 3 3,12,10000,2378,7622,0.2378,7260,2740,0.726,4882
configs/exp4/2q_lfu_2q_lfu.cfg,experiments/data/phases24_c12_seed42.in,2Q LFU 2Q LFU,4,3 3 3 3,12,10000,1915,8085,0.1915,7260,2740,0.726,5345
configs/exp4/2q_lfu_2q_lirs.cfg,experiments/data/phases24_c12_seed42.in,2Q LFU 2Q LIRS,4,3 3 3 3,12,10000,2323,7677,0.2323,7260,2740,0.726,4937
configs/exp4/2q_lfu_2q_lru.cfg,experiments/data/phases24_c12_seed42.in,2Q LFU 2Q LRU,4,3 3 3 3,12,10000,2418,7582,0.2418,7260,2740,0.726,4842
configs/exp4/2q_lfu_arc.cfg,experiments/data/phases24_c12_seed42.in,2Q LFU ARC,3,4 4 4,12,10000,2705,7295,0.2705,7260,2740,0.726,4555
configs/exp4/2q_lfu_arc_2q.cfg,experiments/data/phases24_c12_seed42.in,2Q LFU ARC 2Q,4,3 3 3 3,12,10000,2467,7533,0.2467,7260,2740,0.726,4793
configs/exp4/2q_lfu_arc_arc.cfg,experiments/data/phases24_c12_seed42.in,2Q LFU ARC ARC,4,3 3 3 3,12,10000,2304,7696,0.2304,7260,2740,0.726,4956
configs/exp4/2q_lfu_arc_lfu.cfg,experiments/data/phases24_c12_seed42.in,2Q LFU ARC LFU,4,3 3 3 3,12,10000,2130,7870,0.213,7260,2740,0.726,5130
configs/exp4/2q_lfu_arc_lirs.cfg,experiments/data/phases24_c12_seed42.in,2Q LFU ARC LIRS,4,3 3 3 3,12,10000,2479,7521,0.2479,7260,2740,0.726,4781
configs/exp4/2q_lfu_arc_lru.cfg,experiments/data/phases24_c12_seed42.in,2Q LFU ARC LRU,4,3 3 3 3,12,10000,2276,7724,0.2276,7260,2740,0.726,4984
configs/exp4/2q_lfu_lfu.cfg,experiments/data/phases24_c12_seed42.in,2Q LFU LFU,3,4 4 4,12,10000,2104,7896,0.2104,7260,2740,0.726,5156
configs/exp4/2q_lfu_lfu_2q.cfg,experiments/data/phases24_c12_seed42.in,2Q LFU LFU 2Q,4,3 3 3 3,12,10000,1945,8055,0.1945,7260,2740,0.726,5315
configs/exp4/2q_lfu_lfu_arc.cfg,experiments/data/phases24_c12_seed42.in,2Q LFU LFU ARC,4,3 3 3 3,12,10000,2170,7830,0.217,7260,2740,0.726,5090
configs/exp4/2q_lfu_lfu_lfu.cfg,experiments/data/phases24_c12_seed42.in,2Q LFU LFU LFU,4,3 3 3 3,12,10000,1706,8294,0.1706,7260,2740,0.726,5554
configs/exp4/2q_lfu_lfu_lirs.cfg,experiments/data/phases24_c12_seed42.in,2Q LFU LFU LIRS,4,3 3 3 3,12,10000,2114,7886,0.2114,7260,2740,0.726,5146
configs/exp4/2q_lfu_lfu_lru.cfg,experiments/data/phases24_c12_seed42.in,2Q LFU LFU LRU,4,3 3 3 3,12,10000,2208,7792,0.2208,7260,2740,0.726,5052
configs/exp4/2q_lfu_lirs.cfg,experiments/data/phases24_c12_seed42.in,2Q LFU LIRS,3,4 4 4,12,10000,2597,7403,0.2597,7260,2740,0.726,4663
configs/exp4/2q_lfu_lirs_2q.cfg,experiments/data/phases24_c12_seed42.in,2Q LFU LIRS 2Q,4,3 3 3 3,12,10000,2350,7650,0.235,7260,2740,0.726,4910
configs/exp4/2q_lfu_lirs_arc.cfg,experiments/data/phases24_c12_seed42.in,2Q LFU LIRS ARC,4,3 3 3 3,12,10000,2446,7554,0.2446,7260,2740,0.726,4814
configs/exp4/2q_lfu_lirs_lfu.cfg,experiments/data/phases24_c12_seed42.in,2Q LFU LIRS LFU,4,3 3 3 3,12,10000,2104,7896,0.2104,7260,2740,0.726,5156
configs/exp4/2q_lfu_lirs_lirs.cfg,experiments/data/phases24_c12_seed42.in,2Q LFU LIRS LIRS,4,3 3 3 3,12,10000,2050,7950,0.205,7260,2740,0.726,5210
configs/exp4/2q_lfu_lirs_lru.cfg,experiments/data/phases24_c12_seed42.in,2Q LFU LIRS LRU,4,3 3 3 3,12,10000,2500,7500,0.25,7260,2740,0.726,4760
configs/exp4/2q_lfu_lru.cfg,experiments/data/phases24_c12_seed42.in,2Q LFU LRU,3,4 4 4,12,10000,2780,7220,0.278,7260,2740,0.726,4480
configs/exp4/2q_lfu_lru_2q.cfg,experiments/data/phases24_c12_seed42.in,2Q LFU LRU 2Q,4,3 3 3 3,12,10000,2159,7841,0.2159,7260,2740,0.726,5101
configs/exp4/2q_lfu_lru_arc.cfg,experiments/data/phases24_c12_seed42.in,2Q LFU LRU ARC,4,3 3 3 3,12,10000,2415,7585,0.2415,7260,2740,0.726,4845
configs/exp4/2q_lfu_lru_lfu.cfg,experiments/data/phases24_c12_seed42.in,2Q LFU LRU LFU,4,3 3 3 3,12,10000,2129,7871,0.2129,7260,2740,0.726,5131
configs/exp4/2q_lfu_lru_lirs.cfg,experiments/data/phases24_c12_seed42.in,2Q LFU LRU LIRS,4,3 3 3 3,12,10000,2566,7434,0.2566,7260,2740,0.726,4694
configs/exp4/2q_lfu_lru_lru.cfg,experiments/data/phases24_c12_seed42.in,2Q LFU LRU LRU,4,3 3 3 3,12,10000,2059,7941,0.2059,7260,2740,0.726,5201
configs/exp4/2q_lirs.cfg,experiments/data/phases24_c12_seed42.in,2Q LIRS,2,6 6,12,10000,3486,6514,0.3486,7260,2740,0.726,3774
configs/exp4/2q_lirs_2q.cfg,experiments/data/phases24_c12_seed42.in,2Q LIRS 2Q,3,4 4 4,12,10000,2880,7120,0.288,7260,2740,0.726,4380
configs/exp4/2q_lirs_2q_2q.cfg,experiments/data/phases24_c12_seed42.in,2Q LIRS 2Q 2Q,4,3 3 3 3,12,10000,2316,7684,0.2316,7260,2740,0.726,4944
configs/exp4/2q_lirs_2q_arc.cfg,experiments/data/phases24_c12_seed42.in,2Q LIRS 2Q ARC,4,3 3 3 3,12,10000,2654,7346,0.2654,7260,2740,0.726,4606
configs/exp4/2q_lirs_2q_lfu.cfg,experiments/data/phases24_c12_seed42.in,2Q LIRS 2Q LFU,4,3 3 3 3,12,10000,2323,7677,0.2323,7260,2740,0.726,4937
configs/exp4/2q_lirs_2q_lirs.cfg,experiments/data/phases24_c12_seed42.in,2Q LIRS 2Q LIRS,4,3 3 3 3,12,10000,2303,7697,0.2303,7260,2740,0.726,4957
configs/exp4/2q_lirs_2q_lru.cfg,experiments/data/phases24_c12_seed42.in,2Q LIRS 2Q LRU,4,3 3 3 3,12,10000,2721,7279,0.2721,7260,2740,0.726,4539
configs/exp4/2q_lirs_arc.cfg,experiments/data/phases24_c12_seed42.in,2Q LIRS ARC,3,4 4 4,12,10000,3028,6972,0.3028,7260,2740,0.726,4232
configs/exp4/2q_lirs_arc_2q.cfg,experiments/data/phases24_c12_seed42.in,2Q LIRS ARC 2Q,4,3 3 3 3,12,10000,2762,7238,0.2762,7260,2740,0.726,4498
configs/exp4/2q_lirs_arc_arc.cfg,experiments/data/phases24_c12_seed42.in,2Q LIRS ARC ARC,4,3 3 3 3,12,10000,2573,7427,0.2573,7260,2740,0.726,4687
configs/exp4/2q_lirs_arc_lfu.cfg,experiments/data/phases24_c12_seed42.in,2Q LIRS ARC LFU,4,3 3 3 3,12,10000,2417,7583,0.2417,7260,2740,0.726,4843
configs/exp4/2q_lirs_arc_lirs.cfg,experiments/data/phases24_c12_seed42.in,2Q LIRS ARC LIRS,4,3 3 3 3,12,10000,2522,7478,0.2522,7260,2740,0.726,4738
configs/exp4/2q_lirs_arc_lru.cfg,experiments/data/phases24_c12_seed42.in,2Q LIRS ARC LRU,4,3 3 3 3,12,10000,2530,7470,0.253,7260,2740,0.726,4730
configs/exp4/2q_lirs_lfu.cfg,experiments/data/phases24_c12_seed42.in,2Q LIRS LFU,3,4 4 4,12,10000,2567,7433,0.2567,7260,2740,0.726,4693
configs/exp4/2q_lirs_lfu_2q.cfg,experiments/data/phases24_c12_seed42.in,2Q LIRS LFU 2Q,4,3 3 3 3,12,10000,2345,7655,0.2345,7260,2740,0.726,4915
configs/exp4/2q_lirs_lfu_arc.cfg,experiments/data/phases24_c12_seed42.in,2Q LIRS LFU ARC,4,3 3 3 3,12,10000,2445,7555,0.2445,7260,2740,0.726,4815
configs/exp4/2q_lirs_lfu_lfu.cfg,experiments/data/phases24_c12_seed42.in,2Q LIRS LFU LFU,4,3 3 3 3,12,10000,2084,7916,0.2084,7260,2740,0.726,5176
configs/exp4/2q_lirs_lfu_lirs.cfg,experiments/data/phases24_c12_seed42.in,2Q LIRS LFU LIRS,4,3 3 3 3,12,10000,2054,7946,0.2054,7260,2740,0.726,5206
configs/exp4/2q_lirs_lfu_lru.cfg,experiments/data/phases24_c12_seed42.in,2Q LIRS LFU LRU,4,3 3 3 3,12,10000,2491,7509,0.2491,7260,2740,0.726,4769
configs/exp4/2q_lirs_lirs.cfg,experiments/data/phases24_c12_seed42.in,2Q LIRS LIRS,3,4 4 4,12,10000,2530,7470,0.253,7260,2740,0.726,4730
configs/exp4/2q_lirs_lirs_2q.cfg,experiments/data/phases24_c12_seed42.in,2Q LIRS LIRS 2Q,4,3 3 3 3,12,10000,2284,7716,0.2284,7260,2740,0.726,4976
configs/exp4/2q_lirs_lirs_arc.cfg,experiments/data/phases24_c12_seed42.in,2Q LIRS LIRS ARC,4,3 3 3 3,12,10000,2372,7628,0.2372,7260,2740,0.726,4888
configs/exp4/2q_lirs_lirs_lfu.cfg,experiments/data/phases24_c12_seed42.in,2Q LIRS LIRS LFU,4,3 3 3 3,12,10000,2048,7952,0.2048,7260,2740,0.726,5212
configs/exp4/2q_lirs_lirs_lirs.cfg,experiments/data/phases24_c12_seed42.in,2Q LIRS LIRS LIRS,4,3 3 3 3,12,10000,1901,8099,0.1901,7260,2740,0.726,5359
configs/exp4/2q_lirs_lirs_lru.cfg,experiments/data/phases24_c12_seed42.in,2Q LIRS LIRS LRU,4,3 3 3 3,12,10000,2422,7578,0.2422,7260,2740,0.726,4838
configs/exp4/2q_lirs_lru.cfg,experiments/data/phases24_c12_seed42.in,2Q LIRS LRU,3,4 4 4,12,10000,3109,6891,0.3109,7260,2740,0.726,4151
configs/exp4/2q_lirs_lru_2q.cfg,experiments/data/phases24_c12_seed42.in,2Q LIRS LRU 2Q,4,3 3 3 3,12,10000,2458,7542,0.2458,7260,2740,0.726,4802
configs/exp4/2q_lirs_lru_arc.cfg,experiments/data/phases24_c12_seed42.in,2Q LIRS LRU ARC,4,3 3 3 3,12,10000,2709,7291,0.2709,7260,2740,0.726,4551
configs/exp4/2q_lirs_lru_lfu.cfg,experiments/data/phases24_c12_seed42.in,2Q LIRS LRU LFU,4,3 3 3 3,12,10000,2401,7599,0.2401,7260,2740,0.726,4859
configs/exp4/2q_lirs_lru_lirs.cfg,experiments/data/phases24_c12_seed42.in,2Q LIRS LRU LIRS,4,3 3 3 3,12,10000,2602,7398,0.2602,7260,2740,0.726,4658
configs/exp4/2q_lirs_lru_lru.cfg,experiments/data/phases24_c12_seed42.in,2Q LIRS LRU LRU,4,3 3 3 3,12,10000,2352,7648,0.2352,7260,2740,0.726,4908
configs/exp4/2q_lru.cfg,experiments/data/phases24_c12_seed42.in,2Q LRU,2,6 6,12,10000,3847,6153,0.3847,7260,2740,0.726,3413
configs/exp4/2q_lru_2q.cfg,experiments/data/phases24_c12_seed42.in,2Q LRU 2Q,3,4 4 4,12,10000,2799,7201,0.2799,7260,2740,0.726,4461
configs/exp4/2q_lru_2q_2q.cfg,experiments/data/phases24_c12_seed42.in,2Q LRU 2Q 2Q,4,3 3 3 3,12,10000,2073,7927,0.2073,7260,2740,0.726,5187
configs/exp4/2q_lru_2q_arc.cfg,experiments/data/phases24_c12_seed42.in,2Q LRU 2Q ARC,4,3 3 3 3,12,10000,2371,7629,0.2371,7260,2740,0.726,4889
configs/exp4/2q_lru_2q_lfu.cfg,experiments/data/phases24_c12_seed42.in,2Q LRU 2Q LFU,4,3 3 3 3,12,10000,2070,7930,0.207,7260,2740,0.726,5190
configs/exp4/2q_lru_2q_lirs.cfg,experiments/data/phases24_c12_seed42.in,2Q LRU 2Q LIRS,4,3 3 3 3,12,10000,2544,7456,0.2544,7260,2740,0.726,4716
configs/exp4/2q_lru_2q_lru.cfg,experiments/data/phases24_c12_seed42.in,2Q LRU 2Q LRU,4,3 3 3 3,12,10000,2052,7948,0.2052,7260,2740,0.726,5208
configs/exp4/2q_lru_arc.cfg,experiments/data/phases24_c12_seed42.in,2Q LRU ARC,3,4 4 4,12,10000,3057,6943,0.3057,7260,2740,0.726,4203
configs/exp4/2q_lru_arc_2q.cfg,experiments/data/phases24_c12_seed42.in,2Q LRU ARC 2Q,4,3 3 3 3,12,10000,2500,7500,0.25,7260,2740,0.726,4760
configs/exp4/2q_lru_arc_arc.cfg,experiments/data/phases24_c12_seed42.in,2Q LRU ARC ARC,4,3 3 3 3,12,10000,2500,7500,0.25,7260,2740,0.726,4760
configs/exp4/2q_lru_arc_lfu.cfg,experiments/data/phases24_c12_seed42.in,2Q LRU ARC LFU,4,3 3 3 3,12,10000,2333,7667,0.2333,7260,2740,0.726,4927
configs/exp4/2q_lru_arc_lirs.cfg,experiments/data/phases24_c12_seed42.in,2Q LRU ARC LIRS,4,3 3 3 3,12,10000,2759,7241,0.2759,7260,2740,0.726,4501
configs/exp4/2q_lru_arc_lru.cfg,experiments/data/phases24_c12_seed42.in,2Q LRU ARC LRU,4,3 3 3 3,12,10000,2314,7686,0.2314,7260,2740,0.726,4946
configs/exp4/2q_lru_lfu.cfg,experiments/data/phases24_c12_seed42.in,2Q LRU LFU,3,4 4 4,12,10000,2633,7367,0.2633,7260,2740,0.726,4627
configs/exp4/2q_lru_lfu_2q.cfg,experiments/data/phases24_c12_seed42.in,2Q LRU LFU 2Q,4,3 3 3 3,12,10000,2109,7891,0.2109,7260,2740,0.726,5151
configs/exp4/2q_lru_lfu_arc.cfg,experiments/data/phases24_c12_seed42.in,2Q LRU LFU ARC,4,3 3 3 3,12,10000,2358,7642,0.2358,7260,2740,0.726,4902
configs/exp4/2q_lru_lfu_lfu.cfg,experiments/data/phases24_c12_seed42.in,2Q LRU LFU LFU,4,3 3 3 3,12,10000,2099,7901,0.2099,7260,2740,0.726,5161
configs/exp4/2q_lru_lfu_lirs.cfg,experiments/data/phases24_c12_seed42.in,2Q LRU LFU LIRS,4,3 3 3 3,12,10000,2523,7477,0.2523,7260,2740,0.726,4737
configs/exp4/2q_lru_lfu_lru.cfg,experiments/data/phases24_c12_seed42.in,2Q LRU LFU LRU,4,3 3 3 3,12,10000,2023,7977,0.2023,7260,2740,0.726,5237
configs/exp4/2q_lru_lirs.cfg,experiments/data/phases24_c12_seed42.in,2Q LRU LIRS,3,4 4 4,12,10000,3252,6748,0.3252,7260,2740,0.726,4008
configs/exp4/2q_lru_lirs_2q.cfg,experiments/data/phases24_c12_seed42.in,2Q LRU LIRS 2Q,4,3 3 3 3,12,10000,2741,7259,0.2741,7260,2740,0.726,4519
configs/exp4/2q_lru_lirs_arc.cfg,experiments/data/phases24_c12_seed42.in,2Q LRU LIRS ARC,4,3 3 3 3,12,10000,2746,7254,0.2746,7260,2740,0.726,4514
configs/exp4/2q_lru_lirs_lfu.cfg,experiments/data/phases24_c12_seed42.in,2Q LRU LIRS LFU,4,3 3 3 3,12,10000,2546,7454,0.2546,7260,2740,0.726,4714
configs/exp4/2q_lru_lirs_lirs.cfg,experiments/data/phases24_c12_seed42.in,2Q LRU LIRS LIRS,4,3 3 3 3,12,10000,2546,7454,0.2546,7260,2740,0.726,4714
configs/exp4/2q_lru_lirs_lru.cfg,experiments/data/phases24_c12_seed42.in,2Q LRU LIRS LRU,4,3 3 3 3,12,10000,2482,7518,0.2482,7260,2740,0.726,4778
configs/exp4/2q_lru_lru.cfg,experiments/data/phases24_c12_seed42.in,2Q LRU LRU,3,4 4 4,12,10000,2598,7402,0.2598,7260,2740,0.726,4662
configs/exp4/2q_lru_lru_2q.cfg,experiments/data/phases24_c12_seed42.in,2Q LRU LRU 2Q,4,3 3 3 3,12,10000,1991,8009,0.1991,7260,2740,0.726,5269
configs/exp4/2q_lru_lru_arc.cfg,experiments/data/phases24_c12_seed42.in,2Q LRU LRU ARC,4,3 3 3 3,12,10000,2159,7841,0.2159,7260,2740,0.726,5101
configs/exp4/2q_lru_lru_lfu.cfg,experiments/data/phases24_c12_seed42.in,2Q LRU LRU LFU,4,3 3 3 3,12,10000,1927,8073,0.1927,7260,2740,0.726,5333
configs/exp4/2q_lru_lru_lirs.cfg,experiments/data/phases24_c12_seed42.in,2Q LRU LRU LIRS,4,3 3 3 3,12,10000,2412,7588,0.2412,7260,2740,0.726,4848
configs/exp4/2q_lru_lru_lru.cfg,experiments/data/phases24_c12_seed42.in,2Q LRU LRU LRU,4,3 3 3 3,12,10000,1881,8119,0.1881,7260,2740,0.726,5379
configs/exp4/arc_2q.cfg,experiments/data/phases24_c12_seed42.in,ARC 2Q,2,6 6,12,10000,3626,6374,0.3626,7260,2740,0.726,3634
configs/exp4/arc_2q_2q.cfg,experiments/data/phases24_c12_seed42.in,ARC 2Q 2Q,3,4 4 4,12,10000,2938,7062,0.2938,7260,2740,0.726,4322
configs/exp4/arc_2q_2q_2q.cfg,experiments/data/phases24_c12_seed42.in,ARC 2Q 2Q 2Q,4,3 3 3 3,12,10000,2271,7729,0.2271,7260,2740,0.726,4989
configs/exp4/arc_2q_2q_arc.cfg,experiments/data/phases24_c12_seed42.in,ARC 2Q 2Q ARC,4,3 3 3 3,12,10000,2498,7502,0.2498,7260,2740,0.726,4762
configs/exp4/arc_2q_2q_lfu.cfg,experiments/data/phases24_c12_seed42.in,ARC 2Q 2Q LFU,4,3 3 3 3,12,10000,2275,7725,0.2275,7260,2740,0.726,4985
configs/exp4/arc_2q_2q_lirs.cfg,experiments/data/phases24_c12_seed42.in,ARC 2Q 2Q LIRS,4,3 3 3 3,12,10000,2662,7338,0.2662,7260,2740,0.726,4598
configs/exp4/arc_2q_2q_lru.cfg,experiments/data/phases24_c12_seed42.in,ARC 2Q 2Q LRU,4,3 3 3 3,12,10000,2508,7492,0.2508,7260,2740,0.726,4752
configs/exp4/arc_2q_arc.cfg,experiments/data/phases24_c12_seed42.in,ARC 2Q ARC,3,4 4 4,12,10000,2961,7039,0.2961,7260,2740,0.726,4299
configs/exp4/arc_2q_arc_2q.cfg,experiments/data/phases24_c12_seed42.in,ARC 2Q ARC 2Q,4,3 3 3 3,12,10000,2618,7382,0.2618,7260,2740,0.726,4642
configs/exp4/arc_2q_arc_arc.cfg,experiments/data/phases24_c12_seed42.in,ARC 2Q ARC ARC,4,3 3 3 3,12,10000,2470,7530,0.247,7260,2740,0.726,4790
configs/exp4/arc_2q_arc_lfu.cfg,experiments/data/phases24_c12_seed42.in,ARC 2Q ARC LFU,4,3 3 3 3,12,10000,2325,7675,0.2325,7260,2740,0.726,4935
configs/exp4/arc_2q_arc_lirs.cfg,experiments/data/phases24_c12_seed42.in,ARC 2Q ARC LIRS,4,3 3 3 3,12,10000,2740,7260,0.274,7260,2740,0.726,4520
configs/exp4/arc_2q_arc_lru.cfg,experiments/data/phases24_c12_seed42.in,ARC 2Q ARC LRU,4,3 3 3 3,12,10000,2456,7544,0.2456,7260,2740,0.726,4804
configs/exp4/arc_2q_lfu.cfg,experiments/data/phases24_c12_seed42.in,ARC 2Q LFU,3,4 4 4,12,10000,2698,7302,0.2698,7260,2740,0.726,4562
configs/exp4/arc_2q_lfu_2q.cfg,experiments/data/phases24_c12_seed42.in,ARC 2Q LFU 2Q,4,3 3 3 3,12,10000,2319,7681,0.2319,7260,2740,0.726,4941
configs/exp4/arc_2q_lfu_arc.cfg,experiments/data/phases24_c12_seed42.in,ARC 2Q LFU ARC,4,3 3 3 3,12,10000,2397,7603,0.2397,7260,2740,0.726,4863
configs/exp4/arc_2q_lfu_lfu.cfg,experiments/data/phases24_c12_seed42.in,ARC 2Q LFU LFU,4,3 3 3 3,12,10000,2153,7847,0.2153,7260,2740,0.726,5107
configs/exp4/arc_2q_lfu_lirs.cfg,experiments/data/phases24_c12_seed42.in,ARC 2Q LFU LIRS,4,3 3 3 3,12,10000,2576,7424,0.2576,7260,2740,0.726,4684
configs/exp4/arc_2q_lfu_lru.cfg,experiments/data/phases24_c12_seed42.in,ARC 2Q LFU LRU,4,3 3 3 3,12,10000,2407,7593,0.2407,7260,2740,0.726,4853
configs/exp4/arc_2q_lirs.cfg,experiments/data/phases24_c12_seed42.in,ARC 2Q LIRS,3,4 4 4,12,10000,3164,6836,0.3164,7260,2740,0.726,4096
configs/exp4/arc_2q_lirs_2q.cfg,experiments/data/phases24_c12_seed42.in,ARC 2Q LIRS 2Q,4,3 3 3 3,12,10000,2758,7242,0.2758,7260,2740,0.726,4502
configs/exp4/arc_2q_lirs_arc.cfg,experiments/data/phases24_c12_seed42.in,ARC 2Q LIRS ARC,4,3 3 3 3,12,10000,2755,7245,0.2755,7260,2740,0.726,4505
configs/exp4/arc_2q_lirs_lfu.cfg,experiments/data/phases24_c12_seed42.in,ARC 2Q LIRS LFU,4,3 3 3 3,12,10000,2557,7443,0.2557,7260,2740,0.726,4703
configs/exp4/arc_2q_lirs_lirs.cfg,experiments/data/phases24_c12_seed42.in,ARC 2Q LIRS LIRS,4,3 3 3 3,12,10000,2517,7483,0.2517,7260,2740,0.726,4743
configs/exp4/arc_2q_lirs_lru.cfg,experiments/data/phases24_c12_seed42.in,ARC 2Q LIRS LRU,4,3 3 3 3,12,10000,2730,7270,0.273,7260,2740,0.726,4530
configs/exp4/arc_2q_lru.cfg,experiments/data/phases24_c12_seed42.in,ARC 2Q LRU,3,4 4 4,12,10000,2974,7026,0.2974,7260,2740,0.726,4286
configs/exp4/arc_2q_lru_2q.cfg,experiments/data/phases24_c12_seed42.in,ARC 2Q LRU 2Q,4,3 3 3 3,12,10000,2345,7655,0.2345,7260,2740,0.726,4915
configs/exp4/arc_2q_lru_arc.cfg,experiments/data/phases24_c12_seed42.in,ARC 2Q LRU ARC,4,3 3 3 3,12,10000,2485,7515,0.2485,7260,2740,0.726,4775
configs/exp4/arc_2q_lru_lfu.cfg,experiments/data/phases24_c12_seed42.in,ARC 2Q LRU LFU,4,3 3 3 3,12,10000,2244,7756,0.2244,7260,2740,0.726,5016
configs/exp4/arc_2q_lru_lirs.cfg,experiments/data/phases24_c12_seed42.in,ARC 2Q LRU LIRS,4,3 3 3 3,12,10000,2766,7234,0.2766,7260,2740,0.726,4494
configs/exp4/arc_2q_lru_lru.cfg,experiments/data/phases24_c12_seed42.in,ARC 2Q LRU LRU,4,3 3 3 3,12,10000,2219,7781,0.2219,7260,2740,0.726,5041
configs/exp4/arc_arc_2q.cfg,experiments/data/phases24_c12_seed42.in,ARC ARC 2Q,3,4 4 4,12,10000,2822,7178,0.2822,7260,2740,0.726,4438
configs/exp4/arc_arc_2q_2q.cfg,experiments/data/phases24_c12_seed42.in,ARC ARC 2Q 2Q,4,3 3 3 3,12,10000,2386,7614,0.2386,7260,2740,0.726,4874
configs/exp4/arc_arc_2q_arc.cfg,experiments/data/phases24_c12_seed42.in,ARC ARC 2Q ARC,4,3 3 3 3,12,10000,2387,7613,0.2387,7260,2740,0.726,4873
configs/exp4/arc_arc_2q_lfu.cfg,experiments/data/phases24_c12_seed42.in,ARC ARC 2Q LFU,4,3 3 3 3,12,10000,2253,7747,0.2253,7260,2740,0.726,5007
configs/exp4/arc_arc_2q_lirs.cfg,experiments/data/phases24_c12_seed42.in,ARC ARC 2Q LIRS,4,3 3 3 3,12,10000,2618,7382,0.2618,7260,2740,0.726,4642
configs/exp4/arc_arc_2q_lru.cfg,experiments/data/phases24_c12_seed42.in,ARC ARC 2Q LRU,4,3 3 3 3,12,10000,2410,7590,0.241,7260,2740,0.726,4850
configs/exp4/arc_arc_arc_2q.cfg,experiments/data/phases24_c12_seed42.in,ARC ARC ARC 2Q,4,3 3 3 3,12,10000,2285,7715,0.2285,7260,2740,0.726,4975
configs/exp4/arc_arc_arc_lfu.cfg,experiments/data/phases24_c12_seed42.in,ARC ARC ARC LFU,4,3 3 3 3,12,10000,1954,8046,0.1954,7260,2740,0.726,5306
configs/exp4/arc_arc_arc_lirs.cfg,experiments/data/phases24_c12_seed42.in,ARC ARC ARC LIRS,4,3 3 3 3,12,10000,2301,7699,0.2301,7260,2740,0.726,4959
configs/exp4/arc_arc_arc_lru.cfg,experiments/data/phases24_c12_seed42.in,ARC ARC ARC LRU,4,3 3 3 3,12,10000,2054,7946,0.2054,7260,2740,0.726,5206
configs/exp4/arc_arc_lfu.cfg,experiments/data/phases24_c12_seed42.in,ARC ARC LFU,3,4 4 4,12,10000,2332,7668,0.2332,7260,2740,0.726,4928
configs/exp4/arc_arc_lfu_2q.cfg,experiments/data/phases24_c12_seed42.in,ARC ARC LFU 2Q,4,3 3 3 3,12,10000,2275,7725,0.2275,7260,2740,0.726,4985
configs/exp4/arc_arc_lfu_arc.cfg,experiments/data/phases24_c12_seed42.in,ARC ARC LFU ARC,4,3 3 3 3,12,10000,2023,7977,0.2023,7260,2740,0.726,5237
configs/exp4/arc_arc_lfu_lfu.cfg,experiments/data/phases24_c12_seed42.in,ARC ARC LFU LFU,4,3 3 3 3,12,10000,1913,8087,0.1913,7260,2740,0.726,5347
configs/exp4/arc_arc_lfu_lirs.cfg,experiments/data/phases24_c12_seed42.in,ARC ARC LFU LIRS,4,3 3 3 3,12,10000,2288,7712,0.2288,7260,2740,0.726,4972
configs/exp4/arc_arc_lfu_lru.cfg,experiments/data/phases24_c12_seed42.in,ARC ARC LFU LRU,4,3 3 3 3,12,10000,2055,7945,0.2055,7260,2740,0.726,5205
configs/exp4/arc_arc_lirs.cfg,experiments/data/phases24_c12_seed42.in,ARC ARC LIRS,3,4 4 4,12,10000,2738,7262,0.2738,7260,2740,0.726,4522
configs/exp4/arc_arc_lirs_2q.cfg,experiments/data/phases24_c12_seed42.in,ARC ARC LIRS 2Q,4,3 3 3 3,12,10000,2589,7411,0.2589,7260,2740,0.726,4671
configs/exp4/arc_arc_lirs_arc.cfg,experiments/data/phases24_c12_seed42.in,ARC ARC LIRS ARC,4,3 3 3 3,12,10000,2396,7604,0.2396,7260,2740,0.726,4864
configs/exp4/arc_arc_lirs_lfu.cfg,experiments/data/phases24_c12_seed42.in,ARC ARC LIRS LFU,4,3 3 3 3,12,10000,2268,7732,0.2268,7260,2740,0.726,4992
configs/exp4/arc_arc_lirs_lirs.cfg,experiments/data/phases24_c12_seed42.in,ARC ARC LIRS LIRS,4,3 3 3 3,12,10000,2235,7765,0.2235,7260,2740,0.726,5025
configs/exp4/arc_arc_lirs_lru.cfg,experiments/data/phases24_c12_seed42.in,ARC ARC LIRS LRU,4,3 3 3 3,12,10000,2372,7628,0.2372,7260,2740,0.726,4888
configs/exp4/arc_arc_lru.cfg,experiments/data/phases24_c12_seed42.in,ARC ARC LRU,3,4 4 4,12,10000,2482,7518,0.2482,7260,2740,0.726,4778
configs/exp4/arc_arc_lru_2q.cfg,experiments/data/phases24_c12_seed42.in,ARC ARC LRU 2Q,4,3 3 3 3,12,10000,2023,7977,0.2023,7260,2740,0.726,5237
configs/exp4/arc_arc_lru_arc.cfg,experiments/data/phases24_c12_seed42.in,ARC ARC LRU ARC,4,3 3 3 3,12,10000,2153,7847,0.2153,7260,2740,0.726,5107
configs/exp4/arc_arc_lru_lfu.cfg,experiments/data/phases24_c12_seed42.in,ARC ARC LRU LFU,4,3 3 3 3,12,10000,1914,8086,0.1914,7260,2740,0.726,5346
configs/exp4/arc_arc_lru_lirs.cfg,experiments/data/phases24_c12_seed42.in,ARC ARC LRU LIRS,4,3 3 3 3,12,10000,2385,7615,0.2385,7260,2740,0.726,4875
configs/exp4/arc_arc_lru_lru.cfg,experiments/data/phases24_c12_seed42.in,ARC ARC LRU LRU,4,3 3 3 3,12,10000,1883,8117,0.1883,7260,2740,0.726,5377
configs/exp4/arc_lfu.cfg,experiments/data/phases24_c12_seed42.in,ARC LFU,2,6 6,12,10000,2661,7339,0.2661,7260,2740,0.726,4599
configs/exp4/arc_lfu_2q.cfg,experiments/data/phases24_c12_seed42.in,ARC LFU 2Q,3,4 4 4,12,10000,2688,7312,0.2688,7260,2740,0.726,4572
configs/exp4/arc_lfu_2q_2q.cfg,experiments/data/phases24_c12_seed42.in,ARC LFU 2Q 2Q,4,3 3 3 3,12,10000,2285,7715,0.2285,7260,2740,0.726,4975
configs/exp4/arc_lfu_2q_arc.cfg,experiments/data/phases24_c12_seed42.in,ARC LFU 2Q ARC,4,3 3 3 3,12,10000,2381,7619,0.2381,7260,2740,0.726,4879
configs/exp4/arc_lfu_2q_lfu.cfg,experiments/data/phases24_c12_seed42.in,ARC LFU 2Q LFU,4,3 3 3 3,12,10000,2144,7856,0.2144,7260,2740,0.726,5116
configs/exp4/arc_lfu_2q_lirs.cfg,experiments/data/phases24_c12_seed42.in,ARC LFU 2Q LIRS,4,3 3 3 3,12,10000,2562,7438,0.2562,7260,2740,0.726,4698
configs/exp4/arc_lfu_2q_lru.cfg,experiments/data/phases24_c12_seed42.in,ARC LFU 2Q LRU,4,3 3 3 3,12,10000,2393,7607,0.2393,7260,2740,0.726,4867
configs/exp4/arc_lfu_arc.cfg,experiments/data/phases24_c12_seed42.in,ARC LFU ARC,3,4 4 4,12,10000,2347,7653,0.2347,7260,2740,0.726,4913
configs/exp4/arc_lfu_arc_2q.cfg,experiments/data/phases24_c12_seed42.in,ARC LFU ARC 2Q,4,3 3 3 3,12,10000,2296,7704,0.2296,7260,2740,0.726,4964
configs/exp4/arc_lfu_arc_arc.cfg,experiments/data/phases24_c12_seed42.in,ARC LFU ARC ARC,4,3 3 3 3,12,10000,2003,7997,0.2003,7260,2740,0.726,5257
configs/exp4/arc_lfu_arc_lfu.cfg,experiments/data/phases24_c12_seed42.in,ARC LFU ARC LFU,4,3 3 3 3,12,10000,1926,8074,0.1926,7260,2740,0.726,5334
configs/exp4/arc_lfu_arc_lirs.cfg,experiments/data/phases24_c12_seed42.in,ARC LFU ARC LIRS,4,3 3 3 3,12,10000,2298,7702,0.2298,7260,2740,0.726,4962
configs/exp4/arc_lfu_arc_lru.cfg,experiments/data/phases24_c12_seed42.in,ARC LFU ARC LRU,4,3 3 3 3,12,10000,2064,7936,0.2064,7260,2740,0.726,5196
configs/exp4/arc_lfu_lfu.cfg,experiments/data/phases24_c12_seed42.in,ARC LFU LFU,3,4 4 4,12,10000,2073,7927,0.2073,7260,2740,0.726,5187
configs/exp4/arc_lfu_lfu_2q.cfg,experiments/data/phases24_c12_seed42.in,ARC LFU LFU 2Q,4,3 3 3 3,12,10000,2177,7823,0.2177,7260,2740,0.726,5083
configs/exp4/arc_lfu_lfu_arc.cfg,experiments/data/phases24_c12_seed42.in,ARC LFU LFU ARC,4,3 3 3 3,12,10000,1963,8037,0.1963,7260,2740,0.726,5297
configs/exp4/arc_lfu_lfu_lfu.cfg,experiments/data/phases24_c12_seed42.in,ARC LFU LFU LFU,4,3 3 3 3,12,10000,1713,8287,0.1713,7260,2740,0.726,5547
configs/exp4/arc_lfu_lfu_lirs.cfg,experiments/data/phases24_c12_seed42.in,ARC LFU LFU LIRS,4,3 3 3 3,12,10000,2131,7869,0.2131,7260,2740,0.726,5129
configs/exp4/arc_lfu_lfu_lru.cfg,experiments/data/phases24_c12_seed42.in,ARC LFU LFU LRU,4,3 3 3 3,12,10000,1910,8090,0.191,7260,2740,0.726,5350
configs/exp4/arc_lfu_lirs.cfg,experiments/data/phases24_c12_seed42.in,ARC LFU LIRS,3,4 4 4,12,10000,2575,7425,0.2575,7260,2740,0.726,4685
configs/exp4/arc_lfu_lirs_2q.cfg,experiments/data/phases24_c12_seed42.in,ARC LFU LIRS 2Q,4,3 3 3 3,12,10000,2512,7488,0.2512,7260,2740,0.726,4748
configs/exp4/arc_lfu_lirs_arc.cfg,experiments/data/phases24_c12_seed42.in,ARC LFU LIRS ARC,4,3 3 3 3,12,10000,2341,7659,0.2341,7260,2740,0.726,4919
configs/exp4/arc_lfu_lirs_lfu.cfg,experiments/data/phases24_c12_seed42.in,ARC LFU LIRS LFU,4,3 3 3 3,12,10000,2114,7886,0.2114,7260,2740,0.726,5146
configs/exp4/arc_lfu_lirs_lirs.cfg,experiments/data/phases24_c12_seed42.in,ARC LFU LIRS LIRS,4,3 3 3 3,12,10000,2072,7928,0.2072,7260,2740,0.726,5188
configs/exp4/arc_lfu_lirs_lru.cfg,experiments/data/phases24_c12_seed42.in,ARC LFU LIRS LRU,4,3 3 3 3,12,10000,2266,7734,0.2266,7260,2740,0.726,4994
configs/exp4/arc_lfu_lru.cfg,experiments/data/phases24_c12_seed42.in,ARC LFU LRU,3,4 4 4,12,10000,2278,7722,0.2278,7260,2740,0.726,4982
configs/exp4/arc_lfu_lru_2q.cfg,experiments/data/phases24_c12_seed42.in,ARC LFU LRU 2Q,4,3 3 3 3,12,10000,1876,8124,0.1876,7260,2740,0.726,5384
configs/exp4/arc_lfu_lru_arc.cfg,experiments/data/phases24_c12_seed42.in,ARC LFU LRU ARC,4,3 3 3 3,12,10000,1983,8017,0.1983,7260,2740,0.726,5277
configs/exp4/arc_lfu_lru_lfu.cfg,experiments/data/phases24_c12_seed42.in,ARC LFU LRU LFU,4,3 3 3 3,12,10000,1763,8237,0.1763,7260,2740,0.726,5497
configs/exp4/arc_lfu_lru_lirs.cfg,experiments/data/phases24_c12_seed42.in,ARC LFU LRU LIRS,4,3 3 3 3,12,10000,2267,7733,0.2267,7260,2740,0.726,4993
configs/exp4/arc_lfu_lru_lru.cfg,experiments/data/phases24_c12_seed42.in,ARC LFU LRU LRU,4,3 3 3 3,12,10000,1736,8264,0.1736,7260,2740,0.726,5524
configs/exp4/arc_lirs.cfg,experiments/data/phases24_c12_seed42.in,ARC LIRS,2,6 6,12,10000,3384,6616,0.3384,7260,2740,0.726,3876
configs/exp4/arc_lirs_2q.cfg,experiments/data/phases24_c12_seed42.in,ARC LIRS 2Q,3,4 4 4,12,10000,3043,6957,0.3043,7260,2740,0.726,4217
configs/exp4/arc_lirs_2q_2q.cfg,experiments/data/phases24_c12_seed42.in,ARC LIRS 2Q 2Q,4,3 3 3 3,12,10000,2606,7394,0.2606,7260,2740,0.726,4654
configs/exp4/arc_lirs_2q_arc.cfg,experiments/data/phases24_c12_seed42.in,ARC LIRS 2Q ARC,4,3 3 3 3,12,10000,2679,7321,0.2679,7260,2740,0.726,4581
configs/exp4/arc_lirs_2q_lfu.cfg,experiments/data/phases24_c12_seed42.in,ARC LIRS 2Q LFU,4,3 3 3 3,12,10000,2473,7527,0.2473,7260,2740,0.726,4787
configs/exp4/arc_lirs_2q_lirs.cfg,experiments/data/phases24_c12_seed42.in,ARC LIRS 2Q LIRS,4,3 3 3 3,12,10000,2505,7495,0.2505,7260,2740,0.726,4755
configs/exp4/arc_lirs_2q_lru.cfg,experiments/data/phases24_c12_seed42.in,ARC LIRS 2Q LRU,4,3 3 3 3,12,10000,2681,7319,0.2681,7260,2740,0.726,4579
configs/exp4/arc_lirs_arc.cfg,experiments/data/phases24_c12_seed42.in,ARC LIRS ARC,3,4 4 4,12,10000,2757,7243,0.2757,7260,2740,0.726,4503
configs/exp4/arc_lirs_arc_2q.cfg,experiments/data/phases24_c12_seed42.in,ARC LIRS ARC 2Q,4,3 3 3 3,12,10000,2660,7340,0.266,7260,2740,0.726,4600
configs/exp4/arc_lirs_arc_arc.cfg,experiments/data/phases24_c12_seed42.in,ARC LIRS ARC ARC,4,3 3 3 3,12,10000,2368,7632,0.2368,7260,2740,0.726,4892
configs/exp4/arc_lirs_arc_lfu.cfg,experiments/data/phases24_c12_seed42.in,ARC LIRS ARC LFU,4,3 3 3 3,12,10000,2310,7690,0.231,7260,2740,0.726,4950
configs/exp4/arc_lirs_arc_lirs.cfg,experiments/data/phases24_c12_seed42.in,ARC LIRS ARC LIRS,4,3 3 3 3,12,10000,2363,7637,0.2363,7260,2740,0.726,4897
configs/exp4/arc_lirs_arc_lru.cfg,experiments/data/phases24_c12_seed42.in,ARC LIRS ARC LRU,4,3 3 3 3,12,10000,2354,7646,0.2354,7260,2740,0.726,4906
configs/exp4/arc_lirs_lfu.cfg,experiments/data/phases24_c12_seed42.in,ARC LIRS LFU,3,4 4 4,12,10000,2542,7458,0.2542,7260,2740,0.726,4718
configs/exp4/arc_lirs_lfu_2q.cfg,experiments/data/phases24_c12_seed42.in,ARC LIRS LFU 2Q,4,3 3 3 3,12,10000,2478,7522,0.2478,7260,2740,0.726,4782
configs/exp4/arc_lirs_lfu_arc.cfg,experiments/data/phases24_c12_seed42.in,ARC LIRS LFU ARC,4,3 3 3 3,12,10000,2291,7709,0.2291,7260,2740,0.726,4969
configs/exp4/arc_lirs_lfu_lfu.cfg,experiments/data/phases24_c12_seed42.in,ARC LIRS LFU LFU,4,3 3 3 3,12,10000,2084,7916,0.2084,7260,2740,0.726,5176
configs/exp4/arc_lirs_lfu_lirs.cfg,experiments/data/phases24_c12_seed42.in,ARC LIRS LFU LIRS,4,3 3 3 3,12,10000,2044,7956,0.2044,7260,2740,0.726,5216
configs/exp4/arc_lirs_lfu_lru.cfg,experiments/data/phases24_c12_seed42.in,ARC LIRS LFU LRU,4,3 3 3 3,12,10000,2230,7770,0.223,7260,2740,0.726,5030
configs/exp4/arc_lirs_lirs.cfg,experiments/data/phases24_c12_seed42.in,ARC LIRS LIRS,3,4 4 4,12,10000,2536,7464,0.2536,7260,2740,0.726,4724
configs/exp4/arc_lirs_lirs_2q.cfg,experiments/data/phases24_c12_seed42.in,ARC LIRS LIRS 2Q,4,3 3 3 3,12,10000,2441,7559,0.2441,7260,2740,0.726,4819
configs/exp4/arc_lirs_lirs_arc.cfg,experiments/data/phases24_c12_seed42.in,ARC LIRS LIRS ARC,4,3 3 3 3,12,10000,2258,7742,0.2258,7260,2740,0.726,5002
configs/exp4/arc_lirs_lirs_lfu.cfg,experiments/data/phases24_c12_seed42.in,ARC LIRS LIRS LFU,4,3 3 3 3,12,10000,2036,7964,0.2036,7260,2740,0.726,5224
configs/exp4/arc_lirs_lirs_lirs.cfg,experiments/data/phases24_c12_seed42.in,ARC LIRS LIRS LIRS,4,3 3 3 3,12,10000,1930,8070,0.193,7260,2740,0.726,5330
configs/exp4/arc_lirs_lirs_lru.cfg,experiments/data/phases24_c12_seed42.in,ARC LIRS LIRS LRU,4,3 3 3 3,12,10000,2198,7802,0.2198,7260,2740,0.726,5062
configs/exp4/arc_lirs_lru.cfg,experiments/data/phases24_c12_seed42.in,ARC LIRS LRU,3,4 4 4,12,10000,2760,7240,0.276,7260,2740,0.726,4500
configs/exp4/arc_lirs_lru_2q.cfg,experiments/data/phases24_c12_seed42.in,ARC LIRS LRU 2Q,4,3 3 3 3,12,10000,2223,7777,0.2223,7260,2740,0.726,5037
configs/exp4/arc_lirs_lru_arc.cfg,experiments/data/phases24_c12_seed42.in,ARC LIRS LRU ARC,4,3 3 3 3,12,10000,2432,7568,0.2432,7260,2740,0.726,4828
configs/exp4/arc_lirs_lru_lfu.cfg,experiments/data/phases24_c12_seed42.in,ARC LIRS LRU LFU,4,3 3 3 3,12,10000,2154,7846,0.2154,7260,2740,0.726,5106
configs/exp4/arc_lirs_lru_lirs.cfg,experiments/data/phases24_c12_seed42.in,ARC LIRS LRU LIRS,4,3 3 3 3,12,10000,2326,7674,0.2326,7260,2740,0.726,4934
configs/exp4/arc_lirs_lru_lru.cfg,experiments/data/phases24_c12_seed42.in,ARC LIRS LRU LRU,4,3 3 3 3,12,10000,2093,7907,0.2093,7260,2740,0.726,5167
configs/exp4/arc_lru.cfg,experiments/data/phases24_c12_seed42.in,ARC LRU,2,6 6,12,10000,2896,7104,0.2896,7260,2740,0.726,4364
configs/exp4/arc_lru_2q.cfg,experiments/data/phases24_c12_seed42.in,ARC LRU 2Q,3,4 4 4,12,10000,2256,7744,0.2256,7260,2740,0.726,5004
configs/exp4/arc_lru_2q_2q.cfg,experiments/data/phases24_c12_seed42.in,ARC LRU 2Q 2Q,4,3 3 3 3,12,10000,1725,8275,0.1725,7260,2740,0.726,5535
configs/exp4/arc_lru_2q_arc.cfg,experiments/data/phases24_c12_seed42.in,ARC LRU 2Q ARC,4,3 3 3 3,12,10000,2017,7983,0.2017,7260,2740,0.726,5243
configs/exp4/arc_lru_2q_lfu.cfg,experiments/data/phases24_c12_seed42.in,ARC LRU 2Q LFU,4,3 3 3 3,12,10000,1783,8217,0.1783,7260,2740,0.726,5477
configs/exp4/arc_lru_2q_lirs.cfg,experiments/data/phases24_c12_seed42.in,ARC LRU 2Q LIRS,4,3 3 3 3,12,10000,2242,7758,0.2242,7260,2740,0.726,5018
configs/exp4/arc_lru_2q_lru.cfg,experiments/data/phases24_c12_seed42.in,ARC LRU 2Q LRU,4,3 3 3 3,12,10000,1727,8273,0.1727,7260,2740,0.726,5533
configs/exp4/arc_lru_arc.cfg,experiments/data/phases24_c12_seed42.in,ARC LRU ARC,3,4 4 4,12,10000,2600,7400,0.26,7260,2740,0.726,4660
configs/exp4/arc_lru_arc_2q.cfg,experiments/data/phases24_c12_seed42.in,ARC LRU ARC 2Q,4,3 3 3 3,12,10000,2125,7875,0.2125,7260,2740,0.726,5135
configs/exp4/arc_lru_arc_arc.cfg,experiments/data/phases24_c12_seed42.in,ARC LRU ARC ARC,4,3 3 3 3,12,10000,2106,7894,0.2106,7260,2740,0.726,5154
configs/exp4/arc_lru_arc_lfu.cfg,experiments/data/phases24_c12_seed42.in,ARC LRU ARC LFU,4,3 3 3 3,12,10000,2003,7997,0.2003,7260,2740,0.726,5257
configs/exp4/arc_lru_arc_lirs.cfg,experiments/data/phases24_c12_seed42.in,ARC LRU ARC LIRS,4,3 3 3 3,12,10000,2413,7587,0.2413,7260,2740,0.726,4847
configs/exp4/arc_lru_arc_lru.cfg,experiments/data/phases24_c12_seed42.in,ARC LRU ARC LRU,4,3 3 3 3,12,10000,1919,8081,0.1919,7260,2740,0.726,5341
configs/exp4/arc_lru_lfu.cfg,experiments/data/phases24_c12_seed42.in,ARC LRU LFU,3,4 4 4,12,10000,2109,7891,0.2109,7260,2740,0.726,5151
configs/exp4/arc_lru_lfu_2q.cfg,experiments/data/phases24_c12_seed42.in,ARC LRU LFU 2Q,4,3 3 3 3,12,10000,1759,8241,0.1759,7260,2740,0.726,5501
configs/exp4/arc_lru_lfu_arc.cfg,experiments/data/phases24_c12_seed42.in,ARC LRU LFU ARC,4,3 3 3 3,12,10000,1936,8064,0.1936,7260,2740,0.726,5324
configs/exp4/arc_lru_lfu_lfu.cfg,experiments/data/phases24_c12_seed42.in,ARC LRU LFU LFU,4,3 3 3 3,12,10000,1752,8248,0.1752,7260,2740,0.726,5508
configs/exp4/arc_lru_lfu_lirs.cfg,experiments/data/phases24_c12_seed42.in,ARC LRU LFU LIRS,4,3 3 3 3,12,10000,2162,7838,0.2162,7260,2740,0.726,5098
configs/exp4/arc_lru_lfu_lru.cfg,experiments/data/phases24_c12_seed42.in,ARC LRU LFU LRU,4,3 3 3 3,12,10000,1637,8363,0.1637,7260,2740,0.726,5623
configs/exp4/arc_lru_lirs.cfg,experiments/data/phases24_c12_seed42.in,ARC LRU LIRS,3,4 4 4,12,10000,2733,7267,0.2733,7260,2740,0.726,4527
configs/exp4/arc_lru_lirs_2q.cfg,experiments/data/phases24_c12_seed42.in,ARC LRU LIRS 2Q,4,3 3 3 3,12,10000,2433,7567,0.2433,7260,2740,0.726,4827
configs/exp4/arc_lru_lirs_arc.cfg,experiments/data/phases24_c12_seed42.in,ARC LRU LIRS ARC,4,3 3 3 3,12,10000,2512,7488,0.2512,7260,2740,0.726,4748
configs/exp4/arc_lru_lirs_lfu.cfg,experiments/data/phases24_c12_seed42.in,ARC LRU LIRS LFU,4,3 3 3 3,12,10000,2234,7766,0.2234,7260,2740,0.726,5026
configs/exp4/arc_lru_lirs_lirs.cfg,experiments/data/phases24_c12_seed42.in,ARC LRU LIRS LIRS,4,3 3 3 3,12,10000,2226,7774,0.2226,7260,2740,0.726,5034
configs/exp4/arc_lru_lirs_lru.cfg,experiments/data/phases24_c12_seed42.in,ARC LRU LIRS LRU,4,3 3 3 3,12,10000,2135,7865,0.2135,7260,2740,0.726,5125
configs/exp4/arc_lru_lru.cfg,experiments/data/phases24_c12_seed42.in,ARC LRU LRU,3,4 4 4,12,10000,2054,7946,0.2054,7260,2740,0.726,5206
configs/exp4/arc_lru_lru_2q.cfg,experiments/data/phases24_c12_seed42.in,ARC LRU LRU 2Q,4,3 3 3 3,12,10000,1683,8317,0.1683,7260,2740,0.726,5577
configs/exp4/arc_lru_lru_arc.cfg,experiments/data/phases24_c12_seed42.in,ARC LRU LRU ARC,4,3 3 3 3,12,10000,1644,8356,0.1644,7260,2740,0.726,5616
configs/exp4/arc_lru_lru_lfu.cfg,experiments/data/phases24_c12_seed42.in,ARC LRU LRU LFU,4,3 3 3 3,12,10000,1620,8380,0.162,7260,2740,0.726,5640
configs/exp4/arc_lru_lru_lirs.cfg,experiments/data/phases24_c12_seed42.in,ARC LRU LRU LIRS,4,3 3 3 3,12,10000,2092,7908,0.2092,7260,2740,0.726,5168
configs/exp4/arc_lru_lru_lru.cfg,experiments/data/phases24_c12_seed42.in,ARC LRU LRU LRU,4,3 3 3 3,12,10000,1542,8458,0.1542,7260,2740,0.726,5718
configs/exp4/lfu_2q.cfg,experiments/data/phases24_c12_seed42.in,LFU 2Q,2,6 6,12,10000,2898,7102,0.2898,7260,2740,0.726,4362
configs/exp4/lfu_2q_2q.cfg,experiments/data/phases24_c12_seed42.in,LFU 2Q 2Q,3,4 4 4,12,10000,2376,7624,0.2376,7260,2740,0.726,4884
configs/exp4/lfu_2q_2q_2q.cfg,experiments/data/phases24_c12_seed42.in,LFU 2Q 2Q 2Q,4,3 3 3 3,12,10000,1756,8244,0.1756,7260,2740,0.726,5504
configs/exp4/lfu_2q_2q_arc.cfg,experiments/data/phases24_c12_seed42.in,LFU 2Q 2Q ARC,4,3 3 3 3,12,10000,2309,7691,0.2309,7260,2740,0.726,4951
configs/exp4/lfu_2q_2q_lfu.cfg,experiments/data/phases24_c12_seed42.in,LFU 2Q 2Q LFU,4,3 3 3 3,12,10000,1833,8167,0.1833,7260,2740,0.726,5427
configs/exp4/lfu_2q_2q_lirs.cfg,experiments/data/phases24_c12_seed42.in,LFU 2Q 2Q LIRS,4,3 3 3 3,12,10000,2264,7736,0.2264,7260,2740,0.726,4996
configs/exp4/lfu_2q_2q_lru.cfg,experiments/data/phases24_c12_seed42.in,LFU 2Q 2Q LRU,4,3 3 3 3,12,10000,2358,7642,0.2358,7260,2740,0.726,4902
configs/exp4/lfu_2q_arc.cfg,experiments/data/phases24_c12_seed42.in,LFU 2Q ARC,3,4 4 4,12,10000,2816,7184,0.2816,7260,2740,0.726,4444
configs/exp4/lfu_2q_arc_2q.cfg,experiments/data/phases24_c12_seed42.in,LFU 2Q ARC 2Q,4,3 3 3 3,12,10000,2546,7454,0.2546,7260,2740,0.726,4714
configs/exp4/lfu_2q_arc_arc.cfg,experiments/data/phases24_c12_seed42.in,LFU 2Q ARC ARC,4,3 3 3 3,12,10000,2380,7620,0.238,7260,2740,0.726,4880
configs/exp4/lfu_2q_arc_lfu.cfg,experiments/data/phases24_c12_seed42.in,LFU 2Q ARC LFU,4,3 3 3 3,12,10000,2205,7795,0.2205,7260,2740,0.726,5055
configs/exp4/lfu_2q_arc_lirs.cfg,experiments/data/phases24_c12_seed42.in,LFU 2Q ARC LIRS,4,3 3 3 3,12,10000,2591,7409,0.2591,7260,2740,0.726,4669
configs/exp4/lfu_2q_arc_lru.cfg,experiments/data/phases24_c12_seed42.in,LFU 2Q ARC LRU,4,3 3 3 3,12,10000,2328,7672,0.2328,7260,2740,0.726,4932
configs/exp4/lfu_2q_lfu.cfg,experiments/data/phases24_c12_seed42.in,LFU 2Q LFU,3,4 4 4,12,10000,2219,7781,0.2219,7260,2740,0.726,5041
configs/exp4/lfu_2q_lfu_2q.cfg,experiments/data/phases24_c12_seed42.in,LFU 2Q LFU 2Q,4,3 3 3 3,12,10000,1857,8143,0.1857,7260,2740,0.726,5403
configs/exp4/lfu_2q_lfu_arc.cfg,experiments/data/phases24_c12_seed42.in,LFU 2Q LFU ARC,4,3 3 3 3,12,10000,2233,7767,0.2233,7260,2740,0.726,5027
configs/exp4/lfu_2q_lfu_lfu.cfg,experiments/data/phases24_c12_seed42.in,LFU 2Q LFU LFU,4,3 3 3 3,12,10000,1755,8245,0.1755,7260,2740,0.726,5505
configs/exp4/lfu_2q_lfu_lirs.cfg,experiments/data/phases24_c12_seed42.in,LFU 2Q LFU LIRS,4,3 3 3 3,12,10000,2189,7811,0.2189,7260,2740,0.726,5071
configs/exp4/lfu_2q_lfu_lru.cfg,experiments/data/phases24_c12_seed42.in,LFU 2Q LFU LRU,4,3 3 3 3,12,10000,2277,7723,0.2277,7260,2740,0.726,4983
configs/exp4/lfu_2q_lirs.cfg,experiments/data/phases24_c12_seed42.in,LFU 2Q LIRS,3,4 4 4,12,10000,2715,7285,0.2715,7260,2740,0.726,4545
configs/exp4/lfu_2q_lirs_2q.cfg,experiments/data/phases24_c12_seed42.in,LFU 2Q LIRS 2Q,4,3 3 3 3,12,10000,2363,7637,0.2363,7260,2740,0.726,4897
configs/exp4/lfu_2q_lirs_arc.cfg,experiments/data/phases24_c12_seed42.in,LFU 2Q LIRS ARC,4,3 3 3 3,12,10000,2556,7444,0.2556,7260,2740,0.726,4704
configs/exp4/lfu_2q_lirs_lfu.cfg,experiments/data/phases24_c12_seed42.in,LFU 2Q LIRS LFU,4,3 3 3 3,12,10000,2169,7831,0.2169,7260,2740,0.726,5091
configs/exp4/lfu_2q_lirs_lirs.cfg,experiments/data/phases24_c12_seed42.in,LFU 2Q LIRS LIRS,4,3 3 3 3,12,10000,2147,7853,0.2147,7260,2740,0.726,5113
configs/exp4/lfu_2q_lirs_lru.cfg,experiments/data/phases24_c12_seed42.in,LFU 2Q LIRS LRU,4,3 3 3 3,12,10000,2609,7391,0.2609,7260,2740,0.726,4651
configs/exp4/lfu_2q_lru.cfg,experiments/data/phases24_c12_seed42.in,LFU 2Q LRU,3,4 4 4,12,10000,2933,7067,0.2933,7260,2740,0.726,4327
configs/exp4/lfu_2q_lru_2q.cfg,experiments/data/phases24_c12_seed42.in,LFU 2Q LRU 2Q,4,3 3 3 3,12,10000,2238,7762,0.2238,7260,2740,0.726,5022
configs/exp4/lfu_2q_lru_arc.cfg,experiments/data/phases24_c12_seed42.in,LFU 2Q LRU ARC,4,3 3 3 3,12,10000,2475,7525,0.2475,7260,2740,0.726,4785
configs/exp4/lfu_2q_lru_lfu.cfg,experiments/data/phases24_c12_seed42.in,LFU 2Q LRU LFU,4,3 3 3 3,12,10000,2181,7819,0.2181,7260,2740,0.726,5079
configs/exp4/lfu_2q_lru_lirs.cfg,experiments/data/phases24_c12_seed42.in,LFU 2Q LRU LIRS,4,3 3 3 3,12,10000,2694,7306,0.2694,7260,2740,0.726,4566
configs/exp4/lfu_2q_lru_lru.cfg,experiments/data/phases24_c12_seed42.in,LFU 2Q LRU LRU,4,3 3 3 3,12,10000,2137,7863,0.2137,7260,2740,0.726,5123
configs/exp4/lfu_arc.cfg,experiments/data/phases24_c12_seed42.in,LFU ARC,2,6 6,12,10000,2817,7183,0.2817,7260,2740,0.726,4443
configs/exp4/lfu_arc_2q.cfg,experiments/data/phases24_c12_seed42.in,LFU ARC 2Q,3,4 4 4,12,10000,2703,7297,0.2703,7260,2740,0.726,4557
configs/exp4/lfu_arc_2q_2q.cfg,experiments/data/phases24_c12_seed42.in,LFU ARC 2Q 2Q,4,3 3 3 3,12,10000,2314,7686,0.2314,7260,2740,0.726,4946
configs/exp4/lfu_arc_2q_arc.cfg,experiments/data/phases24_c12_seed42.in,LFU ARC 2Q ARC,4,3 3 3 3,12,10000,2391,7609,0.2391,7260,2740,0.726,4869
configs/exp4/lfu_arc_2q_lfu.cfg,experiments/data/phases24_c12_seed42.in,LFU ARC 2Q LFU,4,3 3 3 3,12,10000,2172,7828,0.2172,7260,2740,0.726,5088
configs/exp4/lfu_arc_2q_lirs.cfg,experiments/data/phases24_c12_seed42.in,LFU ARC 2Q LIRS,4,3 3 3 3,12,10000,2568,7432,0.2568,7260,2740,0.726,4692
configs/exp4/lfu_arc_2q_lru.cfg,experiments/data/phases24_c12_seed42.in,LFU ARC 2Q LRU,4,3 3 3 3,12,10000,2399,7601,0.2399,7260,2740,0.726,4861
configs/exp4/lfu_arc_arc.cfg,experiments/data/phases24_c12_seed42.in,LFU ARC ARC,3,4 4 4,12,10000,2402,7598,0.2402,7260,2740,0.726,4858
configs/exp4/lfu_arc_arc_2q.cfg,experiments/data/phases24_c12_seed42.in,LFU ARC ARC 2Q,4,3 3 3 3,12,10000,2304,7696,0.2304,7260,2740,0.726,4956
configs/exp4/lfu_arc_arc_arc.cfg,experiments/data/phases24_c12_seed42.in,LFU ARC ARC ARC,4,3 3 3 3,12,10000,1973,8027,0.1973,7260,2740,0.726,5287
configs/exp4/lfu_arc_arc_lfu.cfg,experiments/data/phases24_c12_seed42.in,LFU ARC ARC LFU,4,3 3 3 3,12,10000,1946,8054,0.1946,7260,2740,0.726,5314
configs/exp4/lfu_arc_arc_lirs.cfg,experiments/data/phases24_c12_seed42.in,LFU ARC ARC LIRS,4,3 3 3 3,12,10000,2293,7707,0.2293,7260,2740,0.726,4967
configs/exp4/lfu_arc_arc_lru.cfg,experiments/data/phases24_c12_seed42.in,LFU ARC ARC LRU,4,3 3 3 3,12,10000,2065,7935,0.2065,7260,2740,0.726,5195
configs/exp4/lfu_arc_lfu.cfg,experiments/data/phases24_c12_seed42.in,LFU ARC LFU,3,4 4 4,12,10000,2132,7868,0.2132,7260,2740,0.726,5128
configs/exp4/lfu_arc_lfu_2q.cfg,experiments/data/phases24_c12_seed42.in,LFU ARC LFU 2Q,4,3 3 3 3,12,10000,2200,7800,0.22,7260,2740,0.726,5060
configs/exp4/lfu_arc_lfu_arc.cfg,experiments/data/phases24_c12_seed42.in,LFU ARC LFU ARC,4,3 3 3 3,12,10000,1970,8030,0.197,7260,2740,0.726,5290
configs/exp4/lfu_arc_lfu_lfu.cfg,experiments/data/phases24_c12_seed42.in,LFU ARC LFU LFU,4,3 3 3 3,12,10000,1769,8231,0.1769,7260,2740,0.726,5491
configs/exp4/lfu_arc_lfu_lirs.cfg,experiments/data/phases24_c12_seed42.in,LFU ARC LFU LIRS,4,3 3 3 3,12,10000,2169,7831,0.2169,7260,2740,0.726,5091
configs/exp4/lfu_arc_lfu_lru.cfg,experiments/data/phases24_c12_seed42.in,LFU ARC LFU LRU,4,3 3 3 3,12,10000,1955,8045,0.1955,7260,2740,0.726,5305
configs/exp4/lfu_arc_lirs.cfg,experiments/data/phases24_c12_seed42.in,LFU ARC LIRS,3,4 4 4,12,10000,2649,7351,0.2649,7260,2740,0.726,4611
configs/exp4/lfu_arc_lirs_2q.cfg,experiments/data/phases24_c12_seed42.in,LFU ARC LIRS 2Q,4,3 3 3 3,12,10000,2514,7486,0.2514,7260,2740,0.726,4746
configs/exp4/lfu_arc_lirs_arc.cfg,experiments/data/phases24_c12_seed42.in,LFU ARC LIRS ARC,4,3 3 3 3,12,10000,2322,7678,0.2322,7260,2740,0.726,4938
configs/exp4/lfu_arc_lirs_lfu.cfg,experiments/data/phases24_c12_seed42.in,LFU ARC LIRS LFU,4,3 3 3 3,12,10000,2154,7846,0.2154,7260,2740,0.726,5106
configs/exp4/lfu_arc_lirs_lirs.cfg,experiments/data/phases24_c12_seed42.in,LFU ARC LIRS LIRS,4,3 3 3 3,12,10000,2116,7884,0.2116,7260,2740,0.726,5144
configs/exp4/lfu_arc_lirs_lru.cfg,experiments/data/phases24_c12_seed42.in,LFU ARC LIRS LRU,4,3 3 3 3,12,10000,2318,7682,0.2318,7260,2740,0.726,4942
configs/exp4/lfu_arc_lru.cfg,experiments/data/phases24_c12_seed42.in,LFU ARC LRU,3,4 4 4,12,10000,2359,7641,0.2359,7260,2740,0.726,4901
configs/exp4/lfu_arc_lru_2q.cfg,experiments/data/phases24_c12_seed42.in,LFU ARC LRU 2Q,4,3 3 3 3,12,10000,1959,8041,0.1959,7260,2740,0.726,5301
configs/exp4/lfu_arc_lru_arc.cfg,experiments/data/phases24_c12_seed42.in,LFU ARC LRU ARC,4,3 3 3 3,12,10000,2061,7939,0.2061,7260,2740,0.726,5199
configs/exp4/lfu_arc_lru_lfu.cfg,experiments/data/phases24_c12_seed42.in,LFU ARC LRU LFU,4,3 3 3 3,12,10000,1833,8167,0.1833,7260,2740,0.726,5427
configs/exp4/lfu_arc_lru_lirs.cfg,experiments/data/phases24_c12_seed42.in,LFU ARC LRU LIRS,4,3 3 3 3,12,10000,2317,7683,0.2317,7260,2740,0.726,4943
configs/exp4/lfu_arc_lru_lru.cfg,experiments/data/phases24_c12_seed42.in,LFU ARC LRU LRU,4,3 3 3 3,12,10000,1784,8216,0.1784,7260,2740,0.726,5476
configs/exp4/lfu_lfu_2q.cfg,experiments/data/phases24_c12_seed42.in,LFU LFU 2Q,3,4 4 4,12,10000,2263,7737,0.2263,7260,2740,0.726,4997
configs/exp4/lfu_lfu_2q_2q.cfg,experiments/data/phases24_c12_seed42.in,LFU LFU 2Q 2Q,4,3 3 3 3,12,10000,1858,8142,0.1858,7260,2740,0.726,5402
configs/exp4/lfu_lfu_2q_arc.cfg,experiments/data/phases24_c12_seed42.in,LFU LFU 2Q ARC,4,3 3 3 3,12,10000,2270,7730,0.227,7260,2740,0.726,4990
configs/exp4/lfu_lfu_2q_lfu.cfg,experiments/data/phases24_c12_seed42.in,LFU LFU 2Q LFU,4,3 3 3 3,12,10000,1783,8217,0.1783,7260,2740,0.726,5477
configs/exp4/lfu_lfu_2q_lirs.cfg,experiments/data/phases24_c12_seed42.in,LFU LFU 2Q LIRS,4,3 3 3 3,12,10000,2209,7791,0.2209,7260,2740,0.726,5051
configs/exp4/lfu_lfu_2q_lru.cfg,experiments/data/phases24_c12_seed42.in,LFU LFU 2Q LRU,4,3 3 3 3,12,10000,2327,7673,0.2327,7260,2740,0.726,4933
configs/exp4/lfu_lfu_arc.cfg,experiments/data/phases24_c12_seed42.in,LFU LFU ARC,3,4 4 4,12,10000,2199,7801,0.2199,7260,2740,0.726,5061
configs/exp4/lfu_lfu_arc_2q.cfg,experiments/data/phases24_c12_seed42.in,LFU LFU ARC 2Q,4,3 3 3 3,12,10000,2208,7792,0.2208,7260,2740,0.726,5052
configs/exp4/lfu_lfu_arc_arc.cfg,experiments/data/phases24_c12_seed42.in,LFU LFU ARC ARC,4,3 3 3 3,12,10000,1952,8048,0.1952,7260,2740,0.726,5308
configs/exp4/lfu_lfu_arc_lfu.cfg,experiments/data/phases24_c12_seed42.in,LFU LFU ARC LFU,4,3 3 3 3,12,10000,1795,8205,0.1795,7260,2740,0.726,5465
configs/exp4/lfu_lfu_arc_lirs.cfg,experiments/data/phases24_c12_seed42.in,LFU LFU ARC LIRS,4,3 3 3 3,12,10000,2189,7811,0.2189,7260,2740,0.726,5071
configs/exp4/lfu_lfu_arc_lru.cfg,experiments/data/phases24_c12_seed42.in,LFU LFU ARC LRU,4,3 3 3 3,12,10000,1974,8026,0.1974,7260,2740,0.726,5286
configs/exp4/lfu_lfu_lfu_2q.cfg,experiments/data/phases24_c12_seed42.in,LFU LFU LFU 2Q,4,3 3 3 3,12,10000,1808,8192,0.1808,7260,2740,0.726,5452
configs/exp4/lfu_lfu_lfu_arc.cfg,experiments/data/phases24_c12_seed42.in,LFU LFU LFU ARC,4,3 3 3 3,12,10000,1839,8161,0.1839,7260,2740,0.726,5421
configs/exp4/lfu_lfu_lfu_lirs.cfg,experiments/data/phases24_c12_seed42.in,LFU LFU LFU LIRS,4,3 3 3 3,12,10000,1817,8183,0.1817,7260,2740,0.726,5443
configs/exp4/lfu_lfu_lfu_lru.cfg,experiments/data/phases24_c12_seed42.in,LFU LFU LFU LRU,4,3 3 3 3,12,10000,1784,8216,0.1784,7260,2740,0.726,5476
configs/exp4/lfu_lfu_lirs.cfg,experiments/data/phases24_c12_seed42.in,LFU LFU LIRS,3,4 4 4,12,10000,2206,7794,0.2206,7260,2740,0.726,5054
configs/exp4/lfu_lfu_lirs_2q.cfg,experiments/data/phases24_c12_seed42.in,LFU LFU LIRS 2Q,4,3 3 3 3,12,10000,2190,7810,0.219,7260,2740,0.726,5070
configs/exp4/lfu_lfu_lirs_arc.cfg,experiments/data/phases24_c12_seed42.in,LFU LFU LIRS ARC,4,3 3 3 3,12,10000,2207,7793,0.2207,7260,2740,0.726,5053
configs/exp4/lfu_lfu_lirs_lfu.cfg,experiments/data/phases24_c12_seed42.in,LFU LFU LIRS LFU,4,3 3 3 3,12,10000,1791,8209,0.1791,7260,2740,0.726,5469
configs/exp4/lfu_lfu_lirs_lirs.cfg,experiments/data/phases24_c12_seed42.in,LFU LFU LIRS LIRS,4,3 3 3 3,12,10000,1782,8218,0.1782,7260,2740,0.726,5478
configs/exp4/lfu_lfu_lirs_lru.cfg,experiments/data/phases24_c12_seed42.in,LFU LFU LIRS LRU,4,3 3 3 3,12,10000,2224,7776,0.2224,7260,2740,0.726,5036
configs/exp4/lfu_lfu_lru.cfg,experiments/data/phases24_c12_seed42.in,LFU LFU LRU,3,4 4 4,12,10000,2108,7892,0.2108,7260,2740,0.726,5152
configs/exp4/lfu_lfu_lru_2q.cfg,experiments/data/phases24_c12_seed42.in,LFU LFU LRU 2Q,4,3 3 3 3,12,10000,1730,8270,0.173,7260,2740,0.726,5530
configs/exp4/lfu_lfu_lru_arc.cfg,experiments/data/phases24_c12_seed42.in,LFU LFU LRU ARC,4,3 3 3 3,12,10000,2002,7998,0.2002,7260,2740,0.726,5258
configs/exp4/lfu_lfu_lru_lfu.cfg,experiments/data/phases24_c12_seed42.in,LFU LFU LRU LFU,4,3 3 3 3,12,10000,1673,8327,0.1673,7260,2740,0.726,5587
configs/exp4/lfu_lfu_lru_lirs.cfg,experiments/data/phases24_c12_seed42.in,LFU LFU LRU LIRS,4,3 3 3 3,12,10000,2205,7795,0.2205,7260,2740,0.726,5055
configs/exp4/lfu_lfu_lru_lru.cfg,experiments/data/phases24_c12_seed42.in,LFU LFU LRU LRU,4,3 3 3 3,12,10000,1612,8388,0.1612,7260,2740,0.726,5648
configs/exp4/lfu_lirs.cfg,experiments/data/phases24_c12_seed42.in,LFU LIRS,2,6 6,12,10000,2886,7114,0.2886,7260,2740,0.726,4374
configs/exp4/lfu_lirs_2q.cfg,experiments/data/phases24_c12_seed42.in,LFU LIRS 2Q,3,4 4 4,12,10000,2669,7331,0.2669,7260,2740,0.726,4591
configs/exp4/lfu_lirs_2q_2q.cfg,experiments/data/phases24_c12_seed42.in,LFU LIRS 2Q 2Q,4,3 3 3 3,12,10000,2197,7803,0.2197,7260,2740,0.726,5063
configs/exp4/lfu_lirs_2q_arc.cfg,experiments/data/phases24_c12_seed42.in,LFU LIRS 2Q ARC,4,3 3 3 3,12,10000,2540,7460,0.254,7260,2740,0.726,4720
configs/exp4/lfu_lirs_2q_lfu.cfg,experiments/data/phases24_c12_seed42.in,LFU LIRS 2Q LFU,4,3 3 3 3,12,10000,2144,7856,0.2144,7260,2740,0.726,5116
configs/exp4/lfu_lirs_2q_lirs.cfg,experiments/data/phases24_c12_seed42.in,LFU LIRS 2Q LIRS,4,3 3 3 3,12,10000,2192,7808,0.2192,7260,2740,0.726,5068
configs/exp4/lfu_lirs_2q_lru.cfg,experiments/data/phases24_c12_seed42.in,LFU LIRS 2Q LRU,4,3 3 3 3,12,10000,2616,7384,0.2616,7260,2740,0.726,4644
configs/exp4/lfu_lirs_arc.cfg,experiments/data/phases24_c12_seed42.in,LFU LIRS ARC,3,4 4 4,12,10000,2689,7311,0.2689,7260,2740,0.726,4571
configs/exp4/lfu_lirs_arc_2q.cfg,experiments/data/phases24_c12_seed42.in,LFU LIRS ARC 2Q,4,3 3 3 3,12,10000,2547,7453,0.2547,7260,2740,0.726,4713
configs/exp4/lfu_lirs_arc_arc.cfg,experiments/data/phases24_c12_seed42.in,LFU LIRS ARC ARC,4,3 3 3 3,12,10000,2323,7677,0.2323,7260,2740,0.726,4937
configs/exp4/lfu_lirs_arc_lfu.cfg,experiments/data/phases24_c12_seed42.in,LFU LIRS ARC LFU,4,3 3 3 3,12,10000,2178,7822,0.2178,7260,2740,0.726,5082
configs/exp4/lfu_lirs_arc_lirs.cfg,experiments/data/phases24_c12_seed42.in,LFU LIRS ARC LIRS,4,3 3 3 3,12,10000,2291,7709,0.2291,7260,2740,0.726,4969
configs/exp4/lfu_lirs_arc_lru.cfg,experiments/data/phases24_c12_seed42.in,LFU LIRS ARC LRU,4,3 3 3 3,12,10000,2280,7720,0.228,7260,2740,0.726,4980
configs/exp4/lfu_lirs_lfu.cfg,experiments/data/phases24_c12_seed42.in,LFU LIRS LFU,3,4 4 4,12,10000,2166,7834,0.2166,7260,2740,0.726,5094
configs/exp4/lfu_lirs_lfu_2q.cfg,experiments/data/phases24_c12_seed42.in,LFU LIRS LFU 2Q,4,3 3 3 3,12,10000,2165,7835,0.2165,7260,2740,0.726,5095
configs/exp4/lfu_lirs_lfu_arc.cfg,experiments/data/phases24_c12_seed42.in,LFU LIRS LFU ARC,4,3 3 3 3,12,10000,2192,7808,0.2192,7260,2740,0.726,5068
configs/exp4/lfu_lirs_lfu_lfu.cfg,experiments/data/phases24_c12_seed42.in,LFU LIRS LFU LFU,4,3 3 3 3,12,10000,1773,8227,0.1773,7260,2740,0.726,5487
configs/exp4/lfu_lirs_lfu_lirs.cfg,experiments/data/phases24_c12_seed42.in,LFU LIRS LFU LIRS,4,3 3 3 3,12,10000,1772,8228,0.1772,7260,2740,0.726,5488
configs/exp4/lfu_lirs_lfu_lru.cfg,experiments/data/phases24_c12_seed42.in,LFU LIRS LFU LRU,4,3 3 3 3,12,10000,2215,7785,0.2215,7260,2740,0.726,5045
configs/exp4/lfu_lirs_lirs.cfg,experiments/data/phases24_c12_seed42.in,LFU LIRS LIRS,3,4 4 4,12,10000,2212,7788,0.2212,7260,2740,0.726,5048
configs/exp4/lfu_lirs_lirs_2q.cfg,experiments/data/phases24_c12_seed42.in,LFU LIRS LIRS 2Q,4,3 3 3 3,12,10000,2148,7852,0.2148,7260,2740,0.726,5112
configs/exp4/lfu_lirs_lirs_arc.cfg,experiments/data/phases24_c12_seed42.in,LFU LIRS LIRS ARC,4,3 3 3 3,12,10000,2129,7871,0.2129,7260,2740,0.726,5131
configs/exp4/lfu_lirs_lirs_lfu.cfg,experiments/data/phases24_c12_seed42.in,LFU LIRS LIRS LFU,4,3 3 3 3,12,10000,1755,8245,0.1755,7260,2740,0.726,5505
configs/exp4/lfu_lirs_lirs_lirs.cfg,experiments/data/phases24_c12_seed42.in,LFU LIRS LIRS LIRS,4,3 3 3 3,12,10000,1615,8385,0.1615,7260,2740,0.726,5645
configs/exp4/lfu_lirs_lirs_lru.cfg,experiments/data/phases24_c12_seed42.in,LFU LIRS LIRS LRU,4,3 3 3 3,12,10000,2168,7832,0.2168,7260,2740,0.726,5092
configs/exp4/lfu_lirs_lru.cfg,experiments/data/phases24_c12_seed42.in,LFU LIRS LRU,3,4 4 4,12,10000,2736,7264,0.2736,7260,2740,0.726,4524
configs/exp4/lfu_lirs_lru_2q.cfg,experiments/data/phases24_c12_seed42.in,LFU LIRS LRU 2Q,4,3 3 3 3,12,10000,2158,7842,0.2158,7260,2740,0.726,5102
configs/exp4/lfu_lirs_lru_arc.cfg,experiments/data/phases24_c12_seed42.in,LFU LIRS LRU ARC,4,3 3 3 3,12,10000,2381,7619,0.2381,7260,2740,0.726,4879
configs/exp4/lfu_lirs_lru_lfu.cfg,experiments/data/phases24_c12_seed42.in,LFU LIRS LRU LFU,4,3 3 3 3,12,10000,2071,7929,0.2071,7260,2740,0.726,5189
configs/exp4/lfu_lirs_lru_lirs.cfg,experiments/data/phases24_c12_seed42.in,LFU LIRS LRU LIRS,4,3 3 3 3,12,10000,2367,7633,0.2367,7260,2740,0.726,4893
configs/exp4/lfu_lirs_lru_lru.cfg,experiments/data/phases24_c12_seed42.in,LFU LIRS LRU LRU,4,3 3 3 3,12,10000,2053,7947,0.2053,7260,2740,0.726,5207
configs/exp4/lfu_lru.cfg,experiments/data/phases24_c12_seed42.in,LFU LRU,2,6 6,12,10000,2749,7251,0.2749,7260,2740,0.726,4511
configs/exp4/lfu_lru_2q.cfg,experiments/data/phases24_c12_seed42.in,LFU LRU 2Q,3,4 4 4,12,10000,2330,7670,0.233,7260,2740,0.726,4930
configs/exp4/lfu_lru_2q_2q.cfg,experiments/data/phases24_c12_seed42.in,LFU LRU 2Q 2Q,4,3 3 3 3,12,10000,1582,8418,0.1582,7260,2740,0.726,5678
configs/exp4/lfu_lru_2q_arc.cfg,experiments/data/phases24_c12_seed42.in,LFU LRU 2Q ARC,4,3 3 3 3,12,10000,2006,7994,0.2006,7260,2740,0.726,5254
configs/exp4/lfu_lru_2q_lfu.cfg,experiments/data/phases24_c12_seed42.in,LFU LRU 2Q LFU,4,3 3 3 3,12,10000,1594,8406,0.1594,7260,2740,0.726,5666
configs/exp4/lfu_lru_2q_lirs.cfg,experiments/data/phases24_c12_seed42.in,LFU LRU 2Q LIRS,4,3 3 3 3,12,10000,2165,7835,0.2165,7260,2740,0.726,5095
configs/exp4/lfu_lru_2q_lru.cfg,experiments/data/phases24_c12_seed42.in,LFU LRU 2Q LRU,4,3 3 3 3,12,10000,1579,8421,0.1579,7260,2740,0.726,5681
configs/exp4/lfu_lru_arc.cfg,experiments/data/phases24_c12_seed42.in,LFU LRU ARC,3,4 4 4,12,10000,2442,7558,0.2442,7260,2740,0.726,4818
configs/exp4/lfu_lru_arc_2q.cfg,experiments/data/phases24_c12_seed42.in,LFU LRU ARC 2Q,4,3 3 3 3,12,10000,2087,7913,0.2087,7260,2740,0.726,5173
configs/exp4/lfu_lru_arc_arc.cfg,experiments/data/phases24_c12_seed42.in,LFU LRU ARC ARC,4,3 3 3 3,12,10000,2018,7982,0.2018,7260,2740,0.726,5242
configs/exp4/lfu_lru_arc_lfu.cfg,experiments/data/phases24_c12_seed42.in,LFU LRU ARC LFU,4,3 3 3 3,12,10000,1899,8101,0.1899,7260,2740,0.726,5361
configs/exp4/lfu_lru_arc_lirs.cfg,experiments/data/phases24_c12_seed42.in,LFU LRU ARC LIRS,4,3 3 3 3,12,10000,2412,7588,0.2412,7260,2740,0.726,4848
configs/exp4/lfu_lru_arc_lru.cfg,experiments/data/phases24_c12_seed42.in,LFU LRU ARC LRU,4,3 3 3 3,12,10000,1898,8102,0.1898,7260,2740,0.726,5362
configs/exp4/lfu_lru_lfu.cfg,experiments/data/phases24_c12_seed42.in,LFU LRU LFU,3,4 4 4,12,10000,2058,7942,0.2058,7260,2740,0.726,5202
configs/exp4/lfu_lru_lfu_2q.cfg,experiments/data/phases24_c12_seed42.in,LFU LRU LFU 2Q,4,3 3 3 3,12,10000,1622,8378,0.1622,7260,2740,0.726,5638
configs/exp4/lfu_lru_lfu_arc.cfg,experiments/data/phases24_c12_seed42.in,LFU LRU LFU ARC,4,3 3 3 3,12,10000,1892,8108,0.1892,7260,2740,0.726,5368
configs/exp4/lfu_lru_lfu_lfu.cfg,experiments/data/phases24_c12_seed42.in,LFU LRU LFU LFU,4,3 3 3 3,12,10000,1537,8463,0.1537,7260,2740,0.726,5723
configs/exp4/lfu_lru_lfu_lirs.cfg,experiments/data/phases24_c12_seed42.in,LFU LRU LFU LIRS,4,3 3 3 3,12,10000,2110,7890,0.211,7260,2740,0.726,5150
configs/exp4/lfu_lru_lfu_lru.cfg,experiments/data/phases24_c12_seed42.in,LFU LRU LFU LRU,4,3 3 3 3,12,10000,1507,8493,0.1507,7260,2740,0.726,5753
configs/exp4/lfu_lru_lirs.cfg,experiments/data/phases24_c12_seed42.in,LFU LRU LIRS,3,4 4 4,12,10000,2651,7349,0.2651,7260,2740,0.726,4609
configs/exp4/lfu_lru_lirs_2q.cfg,experiments/data/phases24_c12_seed42.in,LFU LRU LIRS 2Q,4,3 3 3 3,12,10000,2434,7566,0.2434,7260,2740,0.726,4826
configs/exp4/lfu_lru_lirs_arc.cfg,experiments/data/phases24_c12_seed42.in,LFU LRU LIRS ARC,4,3 3 3 3,12,10000,2401,7599,0.2401,7260,2740,0.726,4859
configs/exp4/lfu_lru_lirs_lfu.cfg,experiments/data/phases24_c12_seed42.in,LFU LRU LIRS LFU,4,3 3 3 3,12,10000,2131,7869,0.2131,7260,2740,0.726,5129
configs/exp4/lfu_lru_lirs_lirs.cfg,experiments/data/phases24_c12_seed42.in,LFU LRU LIRS LIRS,4,3 3 3 3,12,10000,2169,7831,0.2169,7260,2740,0.726,5091
configs/exp4/lfu_lru_lirs_lru.cfg,experiments/data/phases24_c12_seed42.in,LFU LRU LIRS LRU,4,3 3 3 3,12,10000,2092,7908,0.2092,7260,2740,0.726,5168
configs/exp4/lfu_lru_lru.cfg,experiments/data/phases24_c12_seed42.in,LFU LRU LRU,3,4 4 4,12,10000,1891,8109,0.1891,7260,2740,0.726,5369
configs/exp4/lfu_lru_lru_2q.cfg,experiments/data/phases24_c12_seed42.in,LFU LRU LRU 2Q,4,3 3 3 3,12,10000,1548,8452,0.1548,7260,2740,0.726,5712
configs/exp4/lfu_lru_lru_arc.cfg,experiments/data/phases24_c12_seed42.in,LFU LRU LRU ARC,4,3 3 3 3,12,10000,1657,8343,0.1657,7260,2740,0.726,5603
configs/exp4/lfu_lru_lru_lfu.cfg,experiments/data/phases24_c12_seed42.in,LFU LRU LRU LFU,4,3 3 3 3,12,10000,1428,8572,0.1428,7260,2740,0.726,5832
configs/exp4/lfu_lru_lru_lirs.cfg,experiments/data/phases24_c12_seed42.in,LFU LRU LRU LIRS,4,3 3 3 3,12,10000,2027,7973,0.2027,7260,2740,0.726,5233
configs/exp4/lfu_lru_lru_lru.cfg,experiments/data/phases24_c12_seed42.in,LFU LRU LRU LRU,4,3 3 3 3,12,10000,1403,8597,0.1403,7260,2740,0.726,5857
configs/exp4/lirs_2q.cfg,experiments/data/phases24_c12_seed42.in,LIRS 2Q,2,6 6,12,10000,3382,6618,0.3382,7260,2740,0.726,3878
configs/exp4/lirs_2q_2q.cfg,experiments/data/phases24_c12_seed42.in,LIRS 2Q 2Q,3,4 4 4,12,10000,2630,7370,0.263,7260,2740,0.726,4630
configs/exp4/lirs_2q_2q_2q.cfg,experiments/data/phases24_c12_seed42.in,LIRS 2Q 2Q 2Q,4,3 3 3 3,12,10000,2096,7904,0.2096,7260,2740,0.726,5164
configs/exp4/lirs_2q_2q_arc.cfg,experiments/data/phases24_c12_seed42.in,LIRS 2Q 2Q ARC,4,3 3 3 3,12,10000,2560,7440,0.256,7260,2740,0.726,4700
configs/exp4/lirs_2q_2q_lfu.cfg,experiments/data/phases24_c12_seed42.in,LIRS 2Q 2Q LFU,4,3 3 3 3,12,10000,2174,7826,0.2174,7260,2740,0.726,5086
configs/exp4/lirs_2q_2q_lirs.cfg,experiments/data/phases24_c12_seed42.in,LIRS 2Q 2Q LIRS,4,3 3 3 3,12,10000,2286,7714,0.2286,7260,2740,0.726,4974
configs/exp4/lirs_2q_2q_lru.cfg,experiments/data/phases24_c12_seed42.in,LIRS 2Q 2Q LRU,4,3 3 3 3,12,10000,2598,7402,0.2598,7260,2740,0.726,4662
configs/exp4/lirs_2q_arc.cfg,experiments/data/phases24_c12_seed42.in,LIRS 2Q ARC,3,4 4 4,12,10000,3084,6916,0.3084,7260,2740,0.726,4176
configs/exp4/lirs_2q_arc_2q.cfg,experiments/data/phases24_c12_seed42.in,LIRS 2Q ARC 2Q,4,3 3 3 3,12,10000,2781,7219,0.2781,7260,2740,0.726,4479
configs/exp4/lirs_2q_arc_arc.cfg,experiments/data/phases24_c12_seed42.in,LIRS 2Q ARC ARC,4,3 3 3 3,12,10000,2648,7352,0.2648,7260,2740,0.726,4612
configs/exp4/lirs_2q_arc_lfu.cfg,experiments/data/phases24_c12_seed42.in,LIRS 2Q ARC LFU,4,3 3 3 3,12,10000,2492,7508,0.2492,7260,2740,0.726,4768
configs/exp4/lirs_2q_arc_lirs.cfg,experiments/data/phases24_c12_seed42.in,LIRS 2Q ARC LIRS,4,3 3 3 3,12,10000,2686,7314,0.2686,7260,2740,0.726,4574
configs/exp4/lirs_2q_arc_lru.cfg,experiments/data/phases24_c12_seed42.in,LIRS 2Q ARC LRU,4,3 3 3 3,12,10000,2586,7414,0.2586,7260,2740,0.726,4674
configs/exp4/lirs_2q_lfu.cfg,experiments/data/phases24_c12_seed42.in,LIRS 2Q LFU,3,4 4 4,12,10000,2583,7417,0.2583,7260,2740,0.726,4677
configs/exp4/lirs_2q_lfu_2q.cfg,experiments/data/phases24_c12_seed42.in,LIRS 2Q LFU 2Q,4,3 3 3 3,12,10000,2209,7791,0.2209,7260,2740,0.726,5051
configs/exp4/lirs_2q_lfu_arc.cfg,experiments/data/phases24_c12_seed42.in,LIRS 2Q LFU ARC,4,3 3 3 3,12,10000,2533,7467,0.2533,7260,2740,0.726,4727
configs/exp4/lirs_2q_lfu_lfu.cfg,experiments/data/phases24_c12_seed42.in,LIRS 2Q LFU LFU,4,3 3 3 3,12,10000,2138,7862,0.2138,7260,2740,0.726,5122
configs/exp4/lirs_2q_lfu_lirs.cfg,experiments/data/phases24_c12_seed42.in,LIRS 2Q LFU LIRS,4,3 3 3 3,12,10000,2221,7779,0.2221,7260,2740,0.726,5039
configs/exp4/lirs_2q_lfu_lru.cfg,experiments/data/phases24_c12_seed42.in,LIRS 2Q LFU LRU,4,3 3 3 3,12,10000,2567,7433,0.2567,7260,2740,0.726,4693
configs/exp4/lirs_2q_lirs.cfg,experiments/data/phases24_c12_seed42.in,LIRS 2Q LIRS,3,4 4 4,12,10000,2702,7298,0.2702,7260,2740,0.726,4558
configs/exp4/lirs_2q_lirs_2q.cfg,experiments/data/phases24_c12_seed42.in,LIRS 2Q LIRS 2Q,4,3 3 3 3,12,10000,2316,7684,0.2316,7260,2740,0.726,4944
configs/exp4/lirs_2q_lirs_arc.cfg,experiments/data/phases24_c12_seed42.in,LIRS 2Q LIRS ARC,4,3 3 3 3,12,10000,2567,7433,0.2567,7260,2740,0.726,4693
configs/exp4/lirs_2q_lirs_lfu.cfg,experiments/data/phases24_c12_seed42.in,LIRS 2Q LIRS LFU,4,3 3 3 3,12,10000,2206,7794,0.2206,7260,2740,0.726,5054
configs/exp4/lirs_2q_lirs_lirs.cfg,experiments/data/phases24_c12_seed42.in,LIRS 2Q LIRS LIRS,4,3 3 3 3,12,10000,2094,7906,0.2094,7260,2740,0.726,5166
configs/exp4/lirs_2q_lirs_lru.cfg,experiments/data/phases24_c12_seed42.in,LIRS 2Q LIRS LRU,4,3 3 3 3,12,10000,2600,7400,0.26,7260,2740,0.726,4660
configs/exp4/lirs_2q_lru.cfg,experiments/data/phases24_c12_seed42.in,LIRS 2Q LRU,3,4 4 4,12,10000,3147,6853,0.3147,7260,2740,0.726,4113
configs/exp4/lirs_2q_lru_2q.cfg,experiments/data/phases24_c12_seed42.in,LIRS 2Q LRU 2Q,4,3 3 3 3,12,10000,2549,7451,0.2549,7260,2740,0.726,4711
configs/exp4/lirs_2q_lru_arc.cfg,experiments/data/phases24_c12_seed42.in,LIRS 2Q LRU ARC,4,3 3 3 3,12,10000,2752,7248,0.2752,7260,2740,0.726,4508
configs/exp4/lirs_2q_lru_lfu.cfg,experiments/data/phases24_c12_seed42.in,LIRS 2Q LRU LFU,4,3 3 3 3,12,10000,2484,7516,0.2484,7260,2740,0.726,4776
configs/exp4/lirs_2q_lru_lirs.cfg,experiments/data/phases24_c12_seed42.in,LIRS 2Q LRU LIRS,4,3 3 3 3,12,10000,2768,7232,0.2768,7260,2740,0.726,4492
configs/exp4/lirs_2q_lru_lru.cfg,experiments/data/phases24_c12_seed42.in,LIRS 2Q LRU LRU,4,3 3 3 3,12,10000,2413,7587,0.2413,7260,2740,0.726,4847
configs/exp4/lirs_arc.cfg,experiments/data/phases24_c12_seed42.in,LIRS ARC,2,6 6,12,10000,3599,6401,0.3599,7260,2740,0.726,3661
configs/exp4/lirs_arc_2q.cfg,experiments/data/phases24_c12_seed42.in,LIRS ARC 2Q,3,4 4 4,12,10000,3108,6892,0.3108,7260,2740,0.726,4152
configs/exp4/lirs_arc_2q_2q.cfg,experiments/data/phases24_c12_seed42.in,LIRS ARC 2Q 2Q,4,3 3 3 3,12,10000,2639,7361,0.2639,7260,2740,0.726,4621
configs/exp4/lirs_arc_2q_arc.cfg,experiments/data/phases24_c12_seed42.in,LIRS ARC 2Q ARC,4,3 3 3 3,12,10000,2664,7336,0.2664,7260,2740,0.726,4596
configs/exp4/lirs_arc_2q_lfu.cfg,experiments/data/phases24_c12_seed42.in,LIRS ARC 2Q LFU,4,3 3 3 3,12,10000,2499,7501,0.2499,7260,2740,0.726,4761
configs/exp4/lirs_arc_2q_lirs.cfg,experiments/data/phases24_c12_seed42.in,LIRS ARC 2Q LIRS,4,3 3 3 3,12,10000,2685,7315,0.2685,7260,2740,0.726,4575
configs/exp4/lirs_arc_2q_lru.cfg,experiments/data/phases24_c12_seed42.in,LIRS ARC 2Q LRU,4,3 3 3 3,12,10000,2645,7355,0.2645,7260,2740,0.726,4615
configs/exp4/lirs_arc_arc.cfg,experiments/data/phases24_c12_seed42.in,LIRS ARC ARC,3,4 4 4,12,10000,2774,7226,0.2774,7260,2740,0.726,4486
configs/exp4/lirs_arc_arc_2q.cfg,experiments/data/phases24_c12_seed42.in,LIRS ARC ARC 2Q,4,3 3 3 3,12,10000,2576,7424,0.2576,7260,2740,0.726,4684
configs/exp4/lirs_arc_arc_arc.cfg,experiments/data/phases24_c12_seed42.in,LIRS ARC ARC ARC,4,3 3 3 3,12,10000,2249,7751,0.2249,7260,2740,0.726,5011
configs/exp4/lirs_arc_arc_lfu.cfg,experiments/data/phases24_c12_seed42.in,LIRS ARC ARC LFU,4,3 3 3 3,12,10000,2231,7769,0.2231,7260,2740,0.726,5029
configs/exp4/lirs_arc_arc_lirs.cfg,experiments/data/phases24_c12_seed42.in,LIRS ARC ARC LIRS,4,3 3 3 3,12,10000,2406,7594,0.2406,7260,2740,0.726,4854
configs/exp4/lirs_arc_arc_lru.cfg,experiments/data/phases24_c12_seed42.in,LIRS ARC ARC LRU,4,3 3 3 3,12,10000,2326,7674,0.2326,7260,2740,0.726,4934
configs/exp4/lirs_arc_lfu.cfg,experiments/data/phases24_c12_seed42.in,LIRS ARC LFU,3,4 4 4,12,10000,2570,7430,0.257,7260,2740,0.726,4690
configs/exp4/lirs_arc_lfu_2q.cfg,experiments/data/phases24_c12_seed42.in,LIRS ARC LFU 2Q,4,3 3 3 3,12,10000,2516,7484,0.2516,7260,2740,0.726,4744
configs/exp4/lirs_arc_lfu_arc.cfg,experiments/data/phases24_c12_seed42.in,LIRS ARC LFU ARC,4,3 3 3 3,12,10000,2262,7738,0.2262,7260,2740,0.726,4998
configs/exp4/lirs_arc_lfu_lfu.cfg,experiments/data/phases24_c12_seed42.in,LIRS ARC LFU LFU,4,3 3 3 3,12,10000,2111,7889,0.2111,7260,2740,0.726,5149
configs/exp4/lirs_arc_lfu_lirs.cfg,experiments/data/phases24_c12_seed42.in,LIRS ARC LFU LIRS,4,3 3 3 3,12,10000,2292,7708,0.2292,7260,2740,0.726,4968
configs/exp4/lirs_arc_lfu_lru.cfg,experiments/data/phases24_c12_seed42.in,LIRS ARC LFU LRU,4,3 3 3 3,12,10000,2239,7761,0.2239,7260,2740,0.726,5021
configs/exp4/lirs_arc_lirs.cfg,experiments/data/phases24_c12_seed42.in,LIRS ARC LIRS,3,4 4 4,12,10000,2805,7195,0.2805,7260,2740,0.726,4455
configs/exp4/lirs_arc_lirs_2q.cfg,experiments/data/phases24_c12_seed42.in,LIRS ARC LIRS 2Q,4,3 3 3 3,12,10000,2649,7351,0.2649,7260,2740,0.726,4611
configs/exp4/lirs_arc_lirs_arc.cfg,experiments/data/phases24_c12_seed42.in,LIRS ARC LIRS ARC,4,3 3 3 3,12,10000,2413,7587,0.2413,7260,2740,0.726,4847
configs/exp4/lirs_arc_lirs_lfu.cfg,experiments/data/phases24_c12_seed42.in,LIRS ARC LIRS LFU,4,3 3 3 3,12,10000,2272,7728,0.2272,7260,2740,0.726,4988
configs/exp4/lirs_arc_lirs_lirs.cfg,experiments/data/phases24_c12_seed42.in,LIRS ARC LIRS LIRS,4,3 3 3 3,12,10000,2190,7810,0.219,7260,2740,0.726,5070
configs/exp4/lirs_arc_lirs_lru.cfg,experiments/data/phases24_c12_seed42.in,LIRS ARC LIRS LRU,4,3 3 3 3,12,10000,2383,7617,0.2383,7260,2740,0.726,4877
configs/exp4/lirs_arc_lru.cfg,experiments/data/phases24_c12_seed42.in,LIRS ARC LRU,3,4 4 4,12,10000,2690,7310,0.269,7260,2740,0.726,4570
configs/exp4/lirs_arc_lru_2q.cfg,experiments/data/phases24_c12_seed42.in,LIRS ARC LRU 2Q,4,3 3 3 3,12,10000,2171,7829,0.2171,7260,2740,0.726,5089
configs/exp4/lirs_arc_lru_arc.cfg,experiments/data/phases24_c12_seed42.in,LIRS ARC LRU ARC,4,3 3 3 3,12,10000,2420,7580,0.242,7260,2740,0.726,4840
configs/exp4/lirs_arc_lru_lfu.cfg,experiments/data/phases24_c12_seed42.in,LIRS ARC LRU LFU,4,3 3 3 3,12,10000,2108,7892,0.2108,7260,2740,0.726,5152
configs/exp4/lirs_arc_lru_lirs.cfg,experiments/data/phases24_c12_seed42.in,LIRS ARC LRU LIRS,4,3 3 3 3,12,10000,2429,7571,0.2429,7260,2740,0.726,4831
configs/exp4/lirs_arc_lru_lru.cfg,experiments/data/phases24_c12_seed42.in,LIRS ARC LRU LRU,4,3 3 3 3,12,10000,2074,7926,0.2074,7260,2740,0.726,5186
configs/exp4/lirs_lfu.cfg,experiments/data/phases24_c12_seed42.in,LIRS LFU,2,6 6,12,10000,2741,7259,0.2741,7260,2740,0.726,4519
configs/exp4/lirs_lfu_2q.cfg,experiments/data/phases24_c12_seed42.in,LIRS LFU 2Q,3,4 4 4,12,10000,2614,7386,0.2614,7260,2740,0.726,4646
configs/exp4/lirs_lfu_2q_2q.cfg,experiments/data/phases24_c12_seed42.in,LIRS LFU 2Q 2Q,4,3 3 3 3,12,10000,2209,7791,0.2209,7260,2740,0.726,5051
configs/exp4/lirs_lfu_2q_arc.cfg,experiments/data/phases24_c12_seed42.in,LIRS LFU 2Q ARC,4,3 3 3 3,12,10000,2541,7459,0.2541,7260,2740,0.726,4719
configs/exp4/lirs_lfu_2q_lfu.cfg,experiments/data/phases24_c12_seed42.in,LIRS LFU 2Q LFU,4,3 3 3 3,12,10000,2148,7852,0.2148,7260,2740,0.726,5112
configs/exp4/lirs_lfu_2q_lirs.cfg,experiments/data/phases24_c12_seed42.in,LIRS LFU 2Q LIRS,4,3 3 3 3,12,10000,2233,7767,0.2233,7260,2740,0.726,5027
configs/exp4/lirs_lfu_2q_lru.cfg,experiments/data/phases24_c12_seed42.in,LIRS LFU 2Q LRU,4,3 3 3 3,12,10000,2582,7418,0.2582,7260,2740,0.726,4678
configs/exp4/lirs_lfu_arc.cfg,experiments/data/phases24_c12_seed42.in,LIRS LFU ARC,3,4 4 4,12,10000,2604,7396,0.2604,7260,2740,0.726,4656
configs/exp4/lirs_lfu_arc_2q.cfg,experiments/data/phases24_c12_seed42.in,LIRS LFU ARC 2Q,4,3 3 3 3,12,10000,2535,7465,0.2535,7260,2740,0.726,4725
configs/exp4/lirs_lfu_arc_arc.cfg,experiments/data/phases24_c12_seed42.in,LIRS LFU ARC ARC,4,3 3 3 3,12,10000,2259,7741,0.2259,7260,2740,0.726,5001
configs/exp4/lirs_lfu_arc_lfu.cfg,experiments/data/phases24_c12_seed42.in,LIRS LFU ARC LFU,4,3 3 3 3,12,10000,2131,7869,0.2131,7260,2740,0.726,5129
configs/exp4/lirs_lfu_arc_lirs.cfg,experiments/data/phases24_c12_seed42.in,LIRS LFU ARC LIRS,4,3 3 3 3,12,10000,2302,7698,0.2302,7260,2740,0.726,4958
configs/exp4/lirs_lfu_arc_lru.cfg,experiments/data/phases24_c12_seed42.in,LIRS LFU ARC LRU,4,3 3 3 3,12,10000,2256,7744,0.2256,7260,2740,0.726,5004
configs/exp4/lirs_lfu_lfu.cfg,experiments/data/phases24_c12_seed42.in,LIRS LFU LFU,3,4 4 4,12,10000,2111,7889,0.2111,7260,2740,0.726,5149
configs/exp4/lirs_lfu_lfu_2q.cfg,experiments/data/phases24_c12_seed42.in,LIRS LFU LFU 2Q,4,3 3 3 3,12,10000,2187,7813,0.2187,7260,2740,0.726,5073
configs/exp4/lirs_lfu_lfu_arc.cfg,experiments/data/phases24_c12_seed42.in,LIRS LFU LFU ARC,4,3 3 3 3,12,10000,2183,7817,0.2183,7260,2740,0.726,5077
configs/exp4/lirs_lfu_lfu_lfu.cfg,experiments/data/phases24_c12_seed42.in,LIRS LFU LFU LFU,4,3 3 3 3,12,10000,1756,8244,0.1756,7260,2740,0.726,5504
configs/exp4/lirs_lfu_lfu_lirs.cfg,experiments/data/phases24_c12_seed42.in,LIRS LFU LFU LIRS,4,3 3 3 3,12,10000,1844,8156,0.1844,7260,2740,0.726,5416
configs/exp4/lirs_lfu_lfu_lru.cfg,experiments/data/phases24_c12_seed42.in,LIRS LFU LFU LRU,4,3 3 3 3,12,10000,2175,7825,0.2175,7260,2740,0.726,5085
configs/exp4/lirs_lfu_lirs.cfg,experiments/data/phases24_c12_seed42.in,LIRS LFU LIRS,3,4 4 4,12,10000,2243,7757,0.2243,7260,2740,0.726,5017
configs/exp4/lirs_lfu_lirs_2q.cfg,experiments/data/phases24_c12_seed42.in,LIRS LFU LIRS 2Q,4,3 3 3 3,12,10000,2199,7801,0.2199,7260,2740,0.726,5061
configs/exp4/lirs_lfu_lirs_arc.cfg,experiments/data/phases24_c12_seed42.in,LIRS LFU LIRS ARC,4,3 3 3 3,12,10000,2194,7806,0.2194,7260,2740,0.726,5066
configs/exp4/lirs_lfu_lirs_lfu.cfg,experiments/data/phases24_c12_seed42.in,LIRS LFU LIRS LFU,4,3 3 3 3,12,10000,1823,8177,0.1823,7260,2740,0.726,5437
configs/exp4/lirs_lfu_lirs_lirs.cfg,experiments/data/phases24_c12_seed42.in,LIRS LFU LIRS LIRS,4,3 3 3 3,12,10000,1693,8307,0.1693,7260,2740,0.726,5567
configs/exp4/lirs_lfu_lirs_lru.cfg,experiments/data/phases24_c12_seed42.in,LIRS LFU LIRS LRU,4,3 3 3 3,12,10000,2202,7798,0.2202,7260,2740,0.726,5058
configs/exp4/lirs_lfu_lru.cfg,experiments/data/phases24_c12_seed42.in,LIRS LFU LRU,3,4 4 4,12,10000,2667,7333,0.2667,7260,2740,0.726,4593
configs/exp4/lirs_lfu_lru_2q.cfg,experiments/data/phases24_c12_seed42.in,LIRS LFU LRU 2Q,4,3 3 3 3,12,10000,2165,7835,0.2165,7260,2740,0.726,5095
configs/exp4/lirs_lfu_lru_arc.cfg,experiments/data/phases24_c12_seed42.in,LIRS LFU LRU ARC,4,3 3 3 3,12,10000,2360,7640,0.236,7260,2740,0.726,4900
configs/exp4/lirs_lfu_lru_lfu.cfg,experiments/data/phases24_c12_seed42.in,LIRS LFU LRU LFU,4,3 3 3 3,12,10000,2104,7896,0.2104,7260,2740,0.726,5156
configs/exp4/lirs_lfu_lru_lirs.cfg,experiments/data/phases24_c12_seed42.in,LIRS LFU LRU LIRS,4,3 3 3 3,12,10000,2361,7639,0.2361,7260,2740,0.726,4899
configs/exp4/lirs_lfu_lru_lru.cfg,experiments/data/phases24_c12_seed42.in,LIRS LFU LRU LRU,4,3 3 3 3,12,10000,2007,7993,0.2007,7260,2740,0.726,5253
configs/exp4/lirs_lirs_2q.cfg,experiments/data/phases24_c12_seed42.in,LIRS LIRS 2Q,3,4 4 4,12,10000,2648,7352,0.2648,7260,2740,0.726,4612
configs/exp4/lirs_lirs_2q_2q.cfg,experiments/data/phases24_c12_seed42.in,LIRS LIRS 2Q 2Q,4,3 3 3 3,12,10000,2225,7775,0.2225,7260,2740,0.726,5035
configs/exp4/lirs_lirs_2q_arc.cfg,experiments/data/phases24_c12_seed42.in,LIRS LIRS 2Q ARC,4,3 3 3 3,12,10000,2539,7461,0.2539,7260,2740,0.726,4721
configs/exp4/lirs_lirs_2q_lfu.cfg,experiments/data/phases24_c12_seed42.in,LIRS LIRS 2Q LFU,4,3 3 3 3,12,10000,2171,7829,0.2171,7260,2740,0.726,5089
configs/exp4/lirs_lirs_2q_lirs.cfg,experiments/data/phases24_c12_seed42.in,LIRS LIRS 2Q LIRS,4,3 3 3 3,12,10000,2097,7903,0.2097,7260,2740,0.726,5163
configs/exp4/lirs_lirs_2q_lru.cfg,experiments/data/phases24_c12_seed42.in,LIRS LIRS 2Q LRU,4,3 3 3 3,12,10000,2573,7427,0.2573,7260,2740,0.726,4687
configs/exp4/lirs_lirs_arc.cfg,experiments/data/phases24_c12_seed42.in,LIRS LIRS ARC,3,4 4 4,12,10000,2650,7350,0.265,7260,2740,0.726,4610
configs/exp4/lirs_lirs_arc_2q.cfg,experiments/data/phases24_c12_seed42.in,LIRS LIRS ARC 2Q,4,3 3 3 3,12,10000,2519,7481,0.2519,7260,2740,0.726,4741
configs/exp4/lirs_lirs_arc_arc.cfg,experiments/data/phases24_c12_seed42.in,LIRS LIRS ARC ARC,4,3 3 3 3,12,10000,2280,7720,0.228,7260,2740,0.726,4980
configs/exp4/lirs_lirs_arc_lfu.cfg,experiments/data/phases24_c12_seed42.in,LIRS LIRS ARC LFU,4,3 3 3 3,12,10000,2172,7828,0.2172,7260,2740,0.726,5088
configs/exp4/lirs_lirs_arc_lirs.cfg,experiments/data/phases24_c12_seed42.in,LIRS LIRS ARC LIRS,4,3 3 3 3,12,10000,2196,7804,0.2196,7260,2740,0.726,5064
configs/exp4/lirs_lirs_arc_lru.cfg,experiments/data/phases24_c12_seed42.in,LIRS LIRS ARC LRU,4,3 3 3 3,12,10000,2263,7737,0.2263,7260,2740,0.726,4997
configs/exp4/lirs_lirs_lfu.cfg,experiments/data/phases24_c12_seed42.in,LIRS LIRS LFU,3,4 4 4,12,10000,2203,7797,0.2203,7260,2740,0.726,5057
configs/exp4/lirs_lirs_lfu_2q.cfg,experiments/data/phases24_c12_seed42.in,LIRS LIRS LFU 2Q,4,3 3 3 3,12,10000,2185,7815,0.2185,7260,2740,0.726,5075
configs/exp4/lirs_lirs_lfu_arc.cfg,experiments/data/phases24_c12_seed42.in,LIRS LIRS LFU ARC,4,3 3 3 3,12,10000,2182,7818,0.2182,7260,2740,0.726,5078
configs/exp4/lirs_lirs_lfu_lfu.cfg,experiments/data/phases24_c12_seed42.in,LIRS LIRS LFU LFU,4,3 3 3 3,12,10000,1806,8194,0.1806,7260,2740,0.726,5454
configs/exp4/lirs_lirs_lfu_lirs.cfg,experiments/data/phases24_c12_seed42.in,LIRS LIRS LFU LIRS,4,3 3 3 3,12,10000,1689,8311,0.1689,7260,2740,0.726,5571
configs/exp4/lirs_lirs_lfu_lru.cfg,experiments/data/phases24_c12_seed42.in,LIRS LIRS LFU LRU,4,3 3 3 3,12,10000,2185,7815,0.2185,7260,2740,0.726,5075
configs/exp4/lirs_lirs_lirs_2q.cfg,experiments/data/phases24_c12_seed42.in,LIRS LIRS LIRS 2Q,4,3 3 3 3,12,10000,2050,7950,0.205,7260,2740,0.726,5210
configs/exp4/lirs_lirs_lirs_arc.cfg,experiments/data/phases24_c12_seed42.in,LIRS LIRS LIRS ARC,4,3 3 3 3,12,10000,2043,7957,0.2043,7260,2740,0.726,5217
configs/exp4/lirs_lirs_lirs_lfu.cfg,experiments/data/phases24_c12_seed42.in,LIRS LIRS LIRS LFU,4,3 3 3 3,12,10000,1673,8327,0.1673,7260,2740,0.726,5587
configs/exp4/lirs_lirs_lirs_lru.cfg,experiments/data/phases24_c12_seed42.in,LIRS LIRS LIRS LRU,4,3 3 3 3,12,10000,2046,7954,0.2046,7260,2740,0.726,5214
configs/exp4/lirs_lirs_lru.cfg,experiments/data/phases24_c12_seed42.in,LIRS LIRS LRU,3,4 4 4,12,10000,2742,7258,0.2742,7260,2740,0.726,4518
configs/exp4/lirs_lirs_lru_2q.cfg,experiments/data/phases24_c12_seed42.in,LIRS LIRS LRU 2Q,4,3 3 3 3,12,10000,2152,7848,0.2152,7260,2740,0.726,5108
configs/exp4/lirs_lirs_lru_arc.cfg,experiments/data/phases24_c12_seed42.in,LIRS LIRS LRU ARC,4,3 3 3 3,12,10000,2383,7617,0.2383,7260,2740,0.726,4877
configs/exp4/lirs_lirs_lru_lfu.cfg,experiments/data/phases24_c12_seed42.in,LIRS LIRS LRU LFU,4,3 3 3 3,12,10000,2077,7923,0.2077,7260,2740,0.726,5183
configs/exp4/lirs_lirs_lru_lirs.cfg,experiments/data/phases24_c12_seed42.in,LIRS LIRS LRU LIRS,4,3 3 3 3,12,10000,2247,7753,0.2247,7260,2740,0.726,5013
configs/exp4/lirs_lirs_lru_lru.cfg,experiments/data/phases24_c12_seed42.in,LIRS LIRS LRU LRU,4,3 3 3 3,12,10000,2024,7976,0.2024,7260,2740,0.726,5236
configs/exp4/lirs_lru.cfg,experiments/data/phases24_c12_seed42.in,LIRS LRU,2,6 6,12,10000,3582,6418,0.3582,7260,2740,0.726,3678
configs/exp4/lirs_lru_2q.cfg,experiments/data/phases24_c12_seed42.in,LIRS LRU 2Q,3,4 4 4,12,10000,2705,7295,0.2705,7260,2740,0.726,4555
configs/exp4/lirs_lru_2q_2q.cfg,experiments/data/phases24_c12_seed42.in,LIRS LRU 2Q 2Q,4,3 3 3 3,12,10000,2039,7961,0.2039,7260,2740,0.726,5221
configs/exp4/lirs_lru_2q_arc.cfg,experiments/data/phases24_c12_seed42.in,LIRS LRU 2Q ARC,4,3 3 3 3,12,10000,2367,7633,0.2367,7260,2740,0.726,4893
configs/exp4/lirs_lru_2q_lfu.cfg,experiments/data/phases24_c12_seed42.in,LIRS LRU 2Q LFU,4,3 3 3 3,12,10000,2039,7961,0.2039,7260,2740,0.726,5221
configs/exp4/lirs_lru_2q_lirs.cfg,experiments/data/phases24_c12_seed42.in,LIRS LRU 2Q LIRS,4,3 3 3 3,12,10000,2353,7647,0.2353,7260,2740,0.726,4907
configs/exp4/lirs_lru_2q_lru.cfg,experiments/data/phases24_c12_seed42.in,LIRS LRU 2Q LRU,4,3 3 3 3,12,10000,2023,7977,0.2023,7260,2740,0.726,5237
configs/exp4/lirs_lru_arc.cfg,experiments/data/phases24_c12_seed42.in,LIRS LRU ARC,3,4 4 4,12,10000,2965,7035,0.2965,7260,2740,0.726,4295
configs/exp4/lirs_lru_arc_2q.cfg,experiments/data/phases24_c12_seed42.in,LIRS LRU ARC 2Q,4,3 3 3 3,12,10000,2425,7575,0.2425,7260,2740,0.726,4835
configs/exp4/lirs_lru_arc_arc.cfg,experiments/data/phases24_c12_seed42.in,LIRS LRU ARC ARC,4,3 3 3 3,12,10000,2419,7581,0.2419,7260,2740,0.726,4841
configs/exp4/lirs_lru_arc_lfu.cfg,experiments/data/phases24_c12_seed42.in,LIRS LRU ARC LFU,4,3 3 3 3,12,10000,2288,7712,0.2288,7260,2740,0.726,4972
configs/exp4/lirs_lru_arc_lirs.cfg,experiments/data/phases24_c12_seed42.in,LIRS LRU ARC LIRS,4,3 3 3 3,12,10000,2536,7464,0.2536,7260,2740,0.726,4724
configs/exp4/lirs_lru_arc_lru.cfg,experiments/data/phases24_c12_seed42.in,LIRS LRU ARC LRU,4,3 3 3 3,12,10000,2236,7764,0.2236,7260,2740,0.726,5024
configs/exp4/lirs_lru_lfu.cfg,experiments/data/phases24_c12_seed42.in,LIRS LRU LFU,3,4 4 4,12,10000,2519,7481,0.2519,7260,2740,0.726,4741
configs/exp4/lirs_lru_lfu_2q.cfg,experiments/data/phases24_c12_seed42.in,LIRS LRU LFU 2Q,4,3 3 3 3,12,10000,2097,7903,0.2097,7260,2740,0.726,5163
configs/exp4/lirs_lru_lfu_arc.cfg,experiments/data/phases24_c12_seed42.in,LIRS LRU LFU ARC,4,3 3 3 3,12,10000,2292,7708,0.2292,7260,2740,0.726,4968
configs/exp4/lirs_lru_lfu_lfu.cfg,experiments/data/phases24_c12_seed42.in,LIRS LRU LFU LFU,4,3 3 3 3,12,10000,2032,7968,0.2032,7260,2740,0.726,5228
configs/exp4/lirs_lru_lfu_lirs.cfg,experiments/data/phases24_c12_seed42.in,LIRS LRU LFU LIRS,4,3 3 3 3,12,10000,2278,7722,0.2278,7260,2740,0.726,4982
configs/exp4/lirs_lru_lfu_lru.cfg,experiments/data/phases24_c12_seed42.in,LIRS LRU LFU LRU,4,3 3 3 3,12,10000,1957,8043,0.1957,7260,2740,0.726,5303
configs/exp4/lirs_lru_lirs.cfg,experiments/data/phases24_c12_seed42.in,LIRS LRU LIRS,3,4 4 4,12,10000,2894,7106,0.2894,7260,2740,0.726,4366
configs/exp4/lirs_lru_lirs_2q.cfg,experiments/data/phases24_c12_seed42.in,LIRS LRU LIRS 2Q,4,3 3 3 3,12,10000,2413,7587,0.2413,7260,2740,0.726,4847
configs/exp4/lirs_lru_lirs_arc.cfg,experiments/data/phases24_c12_seed42.in,LIRS LRU LIRS ARC,4,3 3 3 3,12,10000,2507,7493,0.2507,7260,2740,0.726,4753
configs/exp4/lirs_lru_lirs_lfu.cfg,experiments/data/phases24_c12_seed42.in,LIRS LRU LIRS LFU,4,3 3 3 3,12,10000,2267,7733,0.2267,7260,2740,0.726,4993
configs/exp4/lirs_lru_lirs_lirs.cfg,experiments/data/phases24_c12_seed42.in,LIRS LRU LIRS LIRS,4,3 3 3 3,12,10000,2241,7759,0.2241,7260,2740,0.726,5019
configs/exp4/lirs_lru_lirs_lru.cfg,experiments/data/phases24_c12_seed42.in,LIRS LRU LIRS LRU,4,3 3 3 3,12,10000,2208,7792,0.2208,7260,2740,0.726,5052
configs/exp4/lirs_lru_lru.cfg,experiments/data/phases24_c12_seed42.in,LIRS LRU LRU,3,4 4 4,12,10000,2467,7533,0.2467,7260,2740,0.726,4793
configs/exp4/lirs_lru_lru_2q.cfg,experiments/data/phases24_c12_seed42.in,LIRS LRU LRU 2Q,4,3 3 3 3,12,10000,1931,8069,0.1931,7260,2740,0.726,5329
configs/exp4/lirs_lru_lru_arc.cfg,experiments/data/phases24_c12_seed42.in,LIRS LRU LRU ARC,4,3 3 3 3,12,10000,2034,7966,0.2034,7260,2740,0.726,5226
configs/exp4/lirs_lru_lru_lfu.cfg,experiments/data/phases24_c12_seed42.in,LIRS LRU LRU LFU,4,3 3 3 3,12,10000,1900,8100,0.19,7260,2740,0.726,5360
configs/exp4/lirs_lru_lru_lirs.cfg,experiments/data/phases24_c12_seed42.in,LIRS LRU LRU LIRS,4,3 3 3 3,12,10000,2179,7821,0.2179,7260,2740,0.726,5081
configs/exp4/lirs_lru_lru_lru.cfg,experiments/data/phases24_c12_seed42.in,LIRS LRU LRU LRU,4,3 3 3 3,12,10000,1813,8187,0.1813,7260,2740,0.726,5447
configs/exp4/lru_2q.cfg,experiments/data/phases24_c12_seed42.in,LRU 2Q,2,6 6,12,10000,2913,7087,0.2913,7260,2740,0.726,4347
configs/exp4/lru_2q_2q.cfg,experiments/data/phases24_c12_seed42.in,LRU 2Q 2Q,3,4 4 4,12,10000,2193,7807,0.2193,7260,2740,0.726,5067
configs/exp4/lru_2q_2q_2q.cfg,experiments/data/phases24_c12_seed42.in,LRU 2Q 2Q 2Q,4,3 3 3 3,12,10000,1579,8421,0.1579,7260,2740,0.726,5681
configs/exp4/lru_2q_2q_arc.cfg,experiments/data/phases24_c12_seed42.in,LRU 2Q 2Q ARC,4,3 3 3 3,12,10000,2007,7993,0.2007,7260,2740,0.726,5253
configs/exp4/lru_2q_2q_lfu.cfg,experiments/data/phases24_c12_seed42.in,LRU 2Q 2Q LFU,4,3 3 3 3,12,10000,1613,8387,0.1613,7260,2740,0.726,5647
configs/exp4/lru_2q_2q_lirs.cfg,experiments/data/phases24_c12_seed42.in,LRU 2Q 2Q LIRS,4,3 3 3 3,12,10000,2194,7806,0.2194,7260,2740,0.726,5066
configs/exp4/lru_2q_2q_lru.cfg,experiments/data/phases24_c12_seed42.in,LRU 2Q 2Q LRU,4,3 3 3 3,12,10000,1629,8371,0.1629,7260,2740,0.726,5631
configs/exp4/lru_2q_arc.cfg,experiments/data/phases24_c12_seed42.in,LRU 2Q ARC,3,4 4 4,12,10000,2611,7389,0.2611,7260,2740,0.726,4649
configs/exp4/lru_2q_arc_2q.cfg,experiments/data/phases24_c12_seed42.in,LRU 2Q ARC 2Q,4,3 3 3 3,12,10000,2010,7990,0.201,7260,2740,0.726,5250
configs/exp4/lru_2q_arc_arc.cfg,experiments/data/phases24_c12_seed42.in,LRU 2Q ARC ARC,4,3 3 3 3,12,10000,2017,7983,0.2017,7260,2740,0.726,5243
configs/exp4/lru_2q_arc_lfu.cfg,experiments/data/phases24_c12_seed42.in,LRU 2Q ARC LFU,4,3 3 3 3,12,10000,1882,8118,0.1882,7260,2740,0.726,5378
configs/exp4/lru_2q_arc_lirs.cfg,experiments/data/phases24_c12_seed42.in,LRU 2Q ARC LIRS,4,3 3 3 3,12,10000,2374,7626,0.2374,7260,2740,0.726,4886
configs/exp4/lru_2q_arc_lru.cfg,experiments/data/phases24_c12_seed42.in,LRU 2Q ARC LRU,4,3 3 3 3,12,10000,1878,8122,0.1878,7260,2740,0.726,5382
configs/exp4/lru_2q_lfu.cfg,experiments/data/phases24_c12_seed42.in,LRU 2Q LFU,3,4 4 4,12,10000,2270,7730,0.227,7260,2740,0.726,4990
configs/exp4/lru_2q_lfu_2q.cfg,experiments/data/phases24_c12_seed42.in,LRU 2Q LFU 2Q,4,3 3 3 3,12,10000,1700,8300,0.17,7260,2740,0.726,5560
configs/exp4/lru_2q_lfu_arc.cfg,experiments/data/phases24_c12_seed42.in,LRU 2Q LFU ARC,4,3 3 3 3,12,10000,1882,8118,0.1882,7260,2740,0.726,5378
configs/exp4/lru_2q_lfu_lfu.cfg,experiments/data/phases24_c12_seed42.in,LRU 2Q LFU LFU,4,3 3 3 3,12,10000,1554,8446,0.1554,7260,2740,0.726,5706
configs/exp4/lru_2q_lfu_lirs.cfg,experiments/data/phases24_c12_seed42.in,LRU 2Q LFU LIRS,4,3 3 3 3,12,10000,2067,7933,0.2067,7260,2740,0.726,5193
configs/exp4/lru_2q_lfu_lru.cfg,experiments/data/phases24_c12_seed42.in,LRU 2Q LFU LRU,4,3 3 3 3,12,10000,1482,8518,0.1482,7260,2740,0.726,5778
configs/exp4/lru_2q_lirs.cfg,experiments/data/phases24_c12_seed42.in,LRU 2Q LIRS,3,4 4 4,12,10000,2874,7126,0.2874,7260,2740,0.726,4386
configs/exp4/lru_2q_lirs_2q.cfg,experiments/data/phases24_c12_seed42.in,LRU 2Q LIRS 2Q,4,3 3 3 3,12,10000,2361,7639,0.2361,7260,2740,0.726,4899
configs/exp4/lru_2q_lirs_arc.cfg,experiments/data/phases24_c12_seed42.in,LRU 2Q LIRS ARC,4,3 3 3 3,12,10000,2394,7606,0.2394,7260,2740,0.726,4866
configs/exp4/lru_2q_lirs_lfu.cfg,experiments/data/phases24_c12_seed42.in,LRU 2Q LIRS LFU,4,3 3 3 3,12,10000,2096,7904,0.2096,7260,2740,0.726,5164
configs/exp4/lru_2q_lirs_lirs.cfg,experiments/data/phases24_c12_seed42.in,LRU 2Q LIRS LIRS,4,3 3 3 3,12,10000,2147,7853,0.2147,7260,2740,0.726,5113
configs/exp4/lru_2q_lirs_lru.cfg,experiments/data/phases24_c12_seed42.in,LRU 2Q LIRS LRU,4,3 3 3 3,12,10000,2081,7919,0.2081,7260,2740,0.726,5179
configs/exp4/lru_2q_lru.cfg,experiments/data/phases24_c12_seed42.in,LRU 2Q LRU,3,4 4 4,12,10000,2175,7825,0.2175,7260,2740,0.726,5085
configs/exp4/lru_2q_lru_2q.cfg,experiments/data/phases24_c12_seed42.in,LRU 2Q LRU 2Q,4,3 3 3 3,12,10000,1451,8549,0.1451,7260,2740,0.726,5809
configs/exp4/lru_2q_lru_arc.cfg,experiments/data/phases24_c12_seed42.in,LRU 2Q LRU ARC,4,3 3 3 3,12,10000,1665,8335,0.1665,7260,2740,0.726,5595
configs/exp4/lru_2q_lru_lfu.cfg,experiments/data/phases24_c12_seed42.in,LRU 2Q LRU LFU,4,3 3 3 3,12,10000,1429,8571,0.1429,7260,2740,0.726,5831
configs/exp4/lru_2q_lru_lirs.cfg,experiments/data/phases24_c12_seed42.in,LRU 2Q LRU LIRS,4,3 3 3 3,12,10000,2013,7987,0.2013,7260,2740,0.726,5247
configs/exp4/lru_2q_lru_lru.cfg,experiments/data/phases24_c12_seed42.in,LRU 2Q LRU LRU,4,3 3 3 3,12,10000,1381,8619,0.1381,7260,2740,0.726,5879
configs/exp4/lru_arc.cfg,experiments/data/phases24_c12_seed42.in,LRU ARC,2,6 6,12,10000,3158,6842,0.3158,7260,2740,0.726,4102
configs/exp4/lru_arc_2q.cfg,experiments/data/phases24_c12_seed42.in,LRU ARC 2Q,3,4 4 4,12,10000,2732,7268,0.2732,7260,2740,0.726,4528
configs/exp4/lru_arc_2q_2q.cfg,experiments/data/phases24_c12_seed42.in,LRU ARC 2Q 2Q,4,3 3 3 3,12,10000,1938,8062,0.1938,7260,2740,0.726,5322
configs/exp4/lru_arc_2q_arc.cfg,experiments/data/phases24_c12_seed42.in,LRU ARC 2Q ARC,4,3 3 3 3,12,10000,2149,7851,0.2149,7260,2740,0.726,5111
configs/exp4/lru_arc_2q_lfu.cfg,experiments/data/phases24_c12_seed42.in,LRU ARC 2Q LFU,4,3 3 3 3,12,10000,1952,8048,0.1952,7260,2740,0.726,5308
configs/exp4/lru_arc_2q_lirs.cfg,experiments/data/phases24_c12_seed42.in,LRU ARC 2Q LIRS,4,3 3 3 3,12,10000,2479,7521,0.2479,7260,2740,0.726,4781
configs/exp4/lru_arc_2q_lru.cfg,experiments/data/phases24_c12_seed42.in,LRU ARC 2Q LRU,4,3 3 3 3,12,10000,1990,8010,0.199,7260,2740,0.726,5270
configs/exp4/lru_arc_arc.cfg,experiments/data/phases24_c12_seed42.in,LRU ARC ARC,3,4 4 4,12,10000,2479,7521,0.2479,7260,2740,0.726,4781
configs/exp4/lru_arc_arc_2q.cfg,experiments/data/phases24_c12_seed42.in,LRU ARC ARC 2Q,4,3 3 3 3,12,10000,2063,7937,0.2063,7260,2740,0.726,5197
configs/exp4/lru_arc_arc_arc.cfg,experiments/data/phases24_c12_seed42.in,LRU ARC ARC ARC,4,3 3 3 3,12,10000,1983,8017,0.1983,7260,2740,0.726,5277
configs/exp4/lru_arc_arc_lfu.cfg,experiments/data/phases24_c12_seed42.in,LRU ARC ARC LFU,4,3 3 3 3,12,10000,1917,8083,0.1917,7260,2740,0.726,5343
configs/exp4/lru_arc_arc_lirs.cfg,experiments/data/phases24_c12_seed42.in,LRU ARC ARC LIRS,4,3 3 3 3,12,10000,2420,7580,0.242,7260,2740,0.726,4840
configs/exp4/lru_arc_arc_lru.cfg,experiments/data/phases24_c12_seed42.in,LRU ARC ARC LRU,4,3 3 3 3,12,10000,1923,8077,0.1923,7260,2740,0.726,5337
configs/exp4/lru_arc_lfu.cfg,experiments/data/phases24_c12_seed42.in,LRU ARC LFU,3,4 4 4,12,10000,2334,7666,0.2334,7260,2740,0.726,4926
configs/exp4/lru_arc_lfu_2q.cfg,experiments/data/phases24_c12_seed42.in,LRU ARC LFU 2Q,4,3 3 3 3,12,10000,1986,8014,0.1986,7260,2740,0.726,5274
configs/exp4/lru_arc_lfu_arc.cfg,experiments/data/phases24_c12_seed42.in,LRU ARC LFU ARC,4,3 3 3 3,12,10000,1951,8049,0.1951,7260,2740,0.726,5309
configs/exp4/lru_arc_lfu_lfu.cfg,experiments/data/phases24_c12_seed42.in,LRU ARC LFU LFU,4,3 3 3 3,12,10000,1810,8190,0.181,7260,2740,0.726,5450
configs/exp4/lru_arc_lfu_lirs.cfg,experiments/data/phases24_c12_seed42.in,LRU ARC LFU LIRS,4,3 3 3 3,12,10000,2320,7680,0.232,7260,2740,0.726,4940
configs/exp4/lru_arc_lfu_lru.cfg,experiments/data/phases24_c12_seed42.in,LRU ARC LFU LRU,4,3 3 3 3,12,10000,1807,8193,0.1807,7260,2740,0.726,5453
configs/exp4/lru_arc_lirs.cfg,experiments/data/phases24_c12_seed42.in,LRU ARC LIRS,3,4 4 4,12,10000,2954,7046,0.2954,7260,2740,0.726,4306
configs/exp4/lru_arc_lirs_2q.cfg,experiments/data/phases24_c12_seed42.in,LRU ARC LIRS 2Q,4,3 3 3 3,12,10000,2655,7345,0.2655,7260,2740,0.726,4605
configs/exp4/lru_arc_lirs_arc.cfg,experiments/data/phases24_c12_seed42.in,LRU ARC LIRS ARC,4,3 3 3 3,12,10000,2568,7432,0.2568,7260,2740,0.726,4692
configs/exp4/lru_arc_lirs_lfu.cfg,experiments/data/phases24_c12_seed42.in,LRU ARC LIRS LFU,4,3 3 3 3,12,10000,2355,7645,0.2355,7260,2740,0.726,4905
configs/exp4/lru_arc_lirs_lirs.cfg,experiments/data/phases24_c12_seed42.in,LRU ARC LIRS LIRS,4,3 3 3 3,12,10000,2368,7632,0.2368,7260,2740,0.726,4892
configs/exp4/lru_arc_lirs_lru.cfg,experiments/data/phases24_c12_seed42.in,LRU ARC LIRS LRU,4,3 3 3 3,12,10000,2341,7659,0.2341,7260,2740,0.726,4919
configs/exp4/lru_arc_lru.cfg,experiments/data/phases24_c12_seed42.in,LRU ARC LRU,3,4 4 4,12,10000,2310,7690,0.231,7260,2740,0.726,4950
configs/exp4/lru_arc_lru_2q.cfg,experiments/data/phases24_c12_seed42.in,LRU ARC LRU 2Q,4,3 3 3 3,12,10000,1845,8155,0.1845,7260,2740,0.726,5415
configs/exp4/lru_arc_lru_arc.cfg,experiments/data/phases24_c12_seed42.in,LRU ARC LRU ARC,4,3 3 3 3,12,10000,1929,8071,0.1929,7260,2740,0.726,5331
configs/exp4/lru_arc_lru_lfu.cfg,experiments/data/phases24_c12_seed42.in,LRU ARC LRU LFU,4,3 3 3 3,12,10000,1742,8258,0.1742,7260,2740,0.726,5518
configs/exp4/lru_arc_lru_lirs.cfg,experiments/data/phases24_c12_seed42.in,LRU ARC LRU LIRS,4,3 3 3 3,12,10000,2296,7704,0.2296,7260,2740,0.726,4964
configs/exp4/lru_arc_lru_lru.cfg,experiments/data/phases24_c12_seed42.in,LRU ARC LRU LRU,4,3 3 3 3,12,10000,1712,8288,0.1712,7260,2740,0.726,5548
configs/exp4/lru_lfu.cfg,experiments/data/phases24_c12_seed42.in,LRU LFU,2,6 6,12,10000,2469,7531,0.2469,7260,2740,0.726,4791
configs/exp4/lru_lfu_2q.cfg,experiments/data/phases24_c12_seed42.in,LRU LFU 2Q,3,4 4 4,12,10000,2224,7776,0.2224,7260,2740,0.726,5036
configs/exp4/lru_lfu_2q_2q.cfg,experiments/data/phases24_c12_seed42.in,LRU LFU 2Q 2Q,4,3 3 3 3,12,10000,1646,8354,0.1646,7260,2740,0.726,5614
configs/exp4/lru_lfu_2q_arc.cfg,experiments/data/phases24_c12_seed42.in,LRU LFU 2Q ARC,4,3 3 3 3,12,10000,1840,8160,0.184,7260,2740,0.726,5420
configs/exp4/lru_lfu_2q_lfu.cfg,experiments/data/phases24_c12_seed42.in,LRU LFU 2Q LFU,4,3 3 3 3,12,10000,1499,8501,0.1499,7260,2740,0.726,5761
configs/exp4/lru_lfu_2q_lirs.cfg,experiments/data/phases24_c12_seed42.in,LRU LFU 2Q LIRS,4,3 3 3 3,12,10000,2041,7959,0.2041,7260,2740,0.726,5219
configs/exp4/lru_lfu_2q_lru.cfg,experiments/data/phases24_c12_seed42.in,LRU LFU 2Q LRU,4,3 3 3 3,12,10000,1451,8549,0.1451,7260,2740,0.726,5809
configs/exp4/lru_lfu_arc.cfg,experiments/data/phases24_c12_seed42.in,LRU LFU ARC,3,4 4 4,12,10000,2333,7667,0.2333,7260,2740,0.726,4927
configs/exp4/lru_lfu_arc_2q.cfg,experiments/data/phases24_c12_seed42.in,LRU LFU ARC 2Q,4,3 3 3 3,12,10000,1937,8063,0.1937,7260,2740,0.726,5323
configs/exp4/lru_lfu_arc_arc.cfg,experiments/data/phases24_c12_seed42.in,LRU LFU ARC ARC,4,3 3 3 3,12,10000,1953,8047,0.1953,7260,2740,0.726,5307
configs/exp4/lru_lfu_arc_lfu.cfg,experiments/data/phases24_c12_seed42.in,LRU LFU ARC LFU,4,3 3 3 3,12,10000,1809,8191,0.1809,7260,2740,0.726,5451
configs/exp4/lru_lfu_arc_lirs.cfg,experiments/data/phases24_c12_seed42.in,LRU LFU ARC LIRS,4,3 3 3 3,12,10000,2307,7693,0.2307,7260,2740,0.726,4953
configs/exp4/lru_lfu_arc_lru.cfg,experiments/data/phases24_c12_seed42.in,LRU LFU ARC LRU,4,3 3 3 3,12,10000,1782,8218,0.1782,7260,2740,0.726,5478
configs/exp4/lru_lfu_lfu.cfg,experiments/data/phases24_c12_seed42.in,LRU LFU LFU,3,4 4 4,12,10000,1905,8095,0.1905,7260,2740,0.726,5355
configs/exp4/lru_lfu_lfu_2q.cfg,experiments/data/phases24_c12_seed42.in,LRU LFU LFU 2Q,4,3 3 3 3,12,10000,1513,8487,0.1513,7260,2740,0.726,5747
configs/exp4/lru_lfu_lfu_arc.cfg,experiments/data/phases24_c12_seed42.in,LRU LFU LFU ARC,4,3 3 3 3,12,10000,1833,8167,0.1833,7260,2740,0.726,5427
configs/exp4/lru_lfu_lfu_lfu.cfg,experiments/data/phases24_c12_seed42.in,LRU LFU LFU LFU,4,3 3 3 3,12,10000,1504,8496,0.1504,7260,2740,0.726,5756
configs/exp4/lru_lfu_lfu_lirs.cfg,experiments/data/phases24_c12_seed42.in,LRU LFU LFU LIRS,4,3 3 3 3,12,10000,2030,7970,0.203,7260,2740,0.726,5230
configs/exp4/lru_lfu_lfu_lru.cfg,experiments/data/phases24_c12_seed42.in,LRU LFU LFU LRU,4,3 3 3 3,12,10000,1431,8569,0.1431,7260,2740,0.726,5829
configs/exp4/lru_lfu_lirs.cfg,experiments/data/phases24_c12_seed42.in,LRU LFU LIRS,3,4 4 4,12,10000,2576,7424,0.2576,7260,2740,0.726,4684
configs/exp4/lru_lfu_lirs_2q.cfg,experiments/data/phases24_c12_seed42.in,LRU LFU LIRS 2Q,4,3 3 3 3,12,10000,2313,7687,0.2313,7260,2740,0.726,4947
configs/exp4/lru_lfu_lirs_arc.cfg,experiments/data/phases24_c12_seed42.in,LRU LFU LIRS ARC,4,3 3 3 3,12,10000,2316,7684,0.2316,7260,2740,0.726,4944
configs/exp4/lru_lfu_lirs_lfu.cfg,experiments/data/phases24_c12_seed42.in,LRU LFU LIRS LFU,4,3 3 3 3,12,10000,2034,7966,0.2034,7260,2740,0.726,5226
configs/exp4/lru_lfu_lirs_lirs.cfg,experiments/data/phases24_c12_seed42.in,LRU LFU LIRS LIRS,4,3 3 3 3,12,10000,2052,7948,0.2052,7260,2740,0.726,5208
configs/exp4/lru_lfu_lirs_lru.cfg,experiments/data/phases24_c12_seed42.in,LRU LFU LIRS LRU,4,3 3 3 3,12,10000,1991,8009,0.1991,7260,2740,0.726,5269
configs/exp4/lru_lfu_lru.cfg,experiments/data/phases24_c12_seed42.in,LRU LFU LRU,3,4 4 4,12,10000,1799,8201,0.1799,7260,2740,0.726,5461
configs/exp4/lru_lfu_lru_2q.cfg,experiments/data/phases24_c12_seed42.in,LRU LFU LRU 2Q,4,3 3 3 3,12,10000,1410,8590,0.141,7260,2740,0.726,5850
configs/exp4/lru_lfu_lru_arc.cfg,experiments/data/phases24_c12_seed42.in,LRU LFU LRU ARC,4,3 3 3 3,12,10000,1576,8424,0.1576,7260,2740,0.726,5684
configs/exp4/lru_lfu_lru_lfu.cfg,experiments/data/phases24_c12_seed42.in,LRU LFU LRU LFU,4,3 3 3 3,12,10000,1339,8661,0.1339,7260,2740,0.726,5921
configs/exp4/lru_lfu_lru_lirs.cfg,experiments/data/phases24_c12_seed42.in,LRU LFU LRU LIRS,4,3 3 3 3,12,10000,1921,8079,0.1921,7260,2740,0.726,5339
configs/exp4/lru_lfu_lru_lru.cfg,experiments/data/phases24_c12_seed42.in,LRU LFU LRU LRU,4,3 3 3 3,12,10000,1293,8707,0.1293,7260,2740,0.726,5967
configs/exp4/lru_lirs.cfg,experiments/data/phases24_c12_seed42.in,LRU LIRS,2,6 6,12,10000,3487,6513,0.3487,7260,2740,0.726,3773
configs/exp4/lru_lirs_2q.cfg,experiments/data/phases24_c12_seed42.in,LRU LIRS 2Q,3,4 4 4,12,10000,2956,7044,0.2956,7260,2740,0.726,4304
configs/exp4/lru_lirs_2q_2q.cfg,experiments/data/phases24_c12_seed42.in,LRU LIRS 2Q 2Q,4,3 3 3 3,12,10000,2295,7705,0.2295,7260,2740,0.726,4965
configs/exp4/lru_lirs_2q_arc.cfg,experiments/data/phases24_c12_seed42.in,LRU LIRS 2Q ARC,4,3 3 3 3,12,10000,2630,7370,0.263,7260,2740,0.726,4630
configs/exp4/lru_lirs_2q_lfu.cfg,experiments/data/phases24_c12_seed42.in,LRU LIRS 2Q LFU,4,3 3 3 3,12,10000,2312,7688,0.2312,7260,2740,0.726,4948
configs/exp4/lru_lirs_2q_lirs.cfg,experiments/data/phases24_c12_seed42.in,LRU LIRS 2Q LIRS,4,3 3 3 3,12,10000,2438,7562,0.2438,7260,2740,0.726,4822
configs/exp4/lru_lirs_2q_lru.cfg,experiments/data/phases24_c12_seed42.in,LRU LIRS 2Q LRU,4,3 3 3 3,12,10000,2353,7647,0.2353,7260,2740,0.726,4907
configs/exp4/lru_lirs_arc.cfg,experiments/data/phases24_c12_seed42.in,LRU LIRS ARC,3,4 4 4,12,10000,2897,7103,0.2897,7260,2740,0.726,4363
configs/exp4/lru_lirs_arc_2q.cfg,experiments/data/phases24_c12_seed42.in,LRU LIRS ARC 2Q,4,3 3 3 3,12,10000,2604,7396,0.2604,7260,2740,0.726,4656
configs/exp4/lru_lirs_arc_arc.cfg,experiments/data/phases24_c12_seed42.in,LRU LIRS ARC ARC,4,3 3 3 3,12,10000,2487,7513,0.2487,7260,2740,0.726,4773
configs/exp4/lru_lirs_arc_lfu.cfg,experiments/data/phases24_c12_seed42.in,LRU LIRS ARC LFU,4,3 3 3 3,12,10000,2336,7664,0.2336,7260,2740,0.726,4924
configs/exp4/lru_lirs_arc_lirs.cfg,experiments/data/phases24_c12_seed42.in,LRU LIRS ARC LIRS,4,3 3 3 3,12,10000,2430,7570,0.243,7260,2740,0.726,4830
configs/exp4/lru_lirs_arc_lru.cfg,experiments/data/phases24_c12_seed42.in,LRU LIRS ARC LRU,4,3 3 3 3,12,10000,2341,7659,0.2341,7260,2740,0.726,4919
configs/exp4/lru_lirs_lfu.cfg,experiments/data/phases24_c12_seed42.in,LRU LIRS LFU,3,4 4 4,12,10000,2564,7436,0.2564,7260,2740,0.726,4696
configs/exp4/lru_lirs_lfu_2q.cfg,experiments/data/phases24_c12_seed42.in,LRU LIRS LFU 2Q,4,3 3 3 3,12,10000,2384,7616,0.2384,7260,2740,0.726,4876
configs/exp4/lru_lirs_lfu_arc.cfg,experiments/data/phases24_c12_seed42.in,LRU LIRS LFU ARC,4,3 3 3 3,12,10000,2385,7615,0.2385,7260,2740,0.726,4875
configs/exp4/lru_lirs_lfu_lfu.cfg,experiments/data/phases24_c12_seed42.in,LRU LIRS LFU LFU,4,3 3 3 3,12,10000,2076,7924,0.2076,7260,2740,0.726,5184
configs/exp4/lru_lirs_lfu_lirs.cfg,experiments/data/phases24_c12_seed42.in,LRU LIRS LFU LIRS,4,3 3 3 3,12,10000,2135,7865,0.2135,7260,2740,0.726,5125
configs/exp4/lru_lirs_lfu_lru.cfg,experiments/data/phases24_c12_seed42.in,LRU LIRS LFU LRU,4,3 3 3 3,12,10000,2062,7938,0.2062,7260,2740,0.726,5198
configs/exp4/lru_lirs_lirs.cfg,experiments/data/phases24_c12_seed42.in,LRU LIRS LIRS,3,4 4 4,12,10000,2637,7363,0.2637,7260,2740,0.726,4623
configs/exp4/lru_lirs_lirs_2q.cfg,experiments/data/phases24_c12_seed42.in,LRU LIRS LIRS 2Q,4,3 3 3 3,12,10000,2376,7624,0.2376,7260,2740,0.726,4884
configs/exp4/lru_lirs_lirs_arc.cfg,experiments/data/phases24_c12_seed42.in,LRU LIRS LIRS ARC,4,3 3 3 3,12,10000,2362,7638,0.2362,7260,2740,0.726,4898
configs/exp4/lru_lirs_lirs_lfu.cfg,experiments/data/phases24_c12_seed42.in,LRU LIRS LIRS LFU,4,3 3 3 3,12,10000,2118,7882,0.2118,7260,2740,0.726,5142
configs/exp4/lru_lirs_lirs_lirs.cfg,experiments/data/phases24_c12_seed42.in,LRU LIRS LIRS LIRS,4,3 3 3 3,12,10000,2004,7996,0.2004,7260,2740,0.726,5256
configs/exp4/lru_lirs_lirs_lru.cfg,experiments/data/phases24_c12_seed42.in,LRU LIRS LIRS LRU,4,3 3 3 3,12,10000,2077,7923,0.2077,7260,2740,0.726,5183
configs/exp4/lru_lirs_lru.cfg,experiments/data/phases24_c12_seed42.in,LRU LIRS LRU,3,4 4 4,12,10000,2531,7469,0.2531,7260,2740,0.726,4729
configs/exp4/lru_lirs_lru_2q.cfg,experiments/data/phases24_c12_seed42.in,LRU LIRS LRU 2Q,4,3 3 3 3,12,10000,2049,7951,0.2049,7260,2740,0.726,5211
configs/exp4/lru_lirs_lru_arc.cfg,experiments/data/phases24_c12_seed42.in,LRU LIRS LRU ARC,4,3 3 3 3,12,10000,2158,7842,0.2158,7260,2740,0.726,5102
configs/exp4/lru_lirs_lru_lfu.cfg,experiments/data/phases24_c12_seed42.in,LRU LIRS LRU LFU,4,3 3 3 3,12,10000,2003,7997,0.2003,7260,2740,0.726,5257
configs/exp4/lru_lirs_lru_lirs.cfg,experiments/data/phases24_c12_seed42.in,LRU LIRS LRU LIRS,4,3 3 3 3,12,10000,2090,7910,0.209,7260,2740,0.726,5170
configs/exp4/lru_lirs_lru_lru.cfg,experiments/data/phases24_c12_seed42.in,LRU LIRS LRU LRU,4,3 3 3 3,12,10000,1902,8098,0.1902,7260,2740,0.726,5358
configs/exp4/lru_lru_2q.cfg,experiments/data/phases24_c12_seed42.in,LRU LRU 2Q,3,4 4 4,12,10000,1805,8195,0.1805,7260,2740,0.726,5455
configs/exp4/lru_lru_2q_2q.cfg,experiments/data/phases24_c12_seed42.in,LRU LRU 2Q 2Q,4,3 3 3 3,12,10000,1335,8665,0.1335,7260,2740,0.726,5925
configs/exp4/lru_lru_2q_arc.cfg,experiments/data/phases24_c12_seed42.in,LRU LRU 2Q ARC,4,3 3 3 3,12,10000,1590,8410,0.159,7260,2740,0.726,5670
configs/exp4/lru_lru_2q_lfu.cfg,experiments/data/phases24_c12_seed42.in,LRU LRU 2Q LFU,4,3 3 3 3,12,10000,1337,8663,0.1337,7260,2740,0.726,5923
configs/exp4/lru_lru_2q_lirs.cfg,experiments/data/phases24_c12_seed42.in,LRU LRU 2Q LIRS,4,3 3 3 3,12,10000,1938,8062,0.1938,7260,2740,0.726,5322
configs/exp4/lru_lru_2q_lru.cfg,experiments/data/phases24_c12_seed42.in,LRU LRU 2Q LRU,4,3 3 3 3,12,10000,1325,8675,0.1325,7260,2740,0.726,5935
configs/exp4/lru_lru_arc.cfg,experiments/data/phases24_c12_seed42.in,LRU LRU ARC,3,4 4 4,12,10000,1998,8002,0.1998,7260,2740,0.726,5262
configs/exp4/lru_lru_arc_2q.cfg,experiments/data/phases24_c12_seed42.in,LRU LRU ARC 2Q,4,3 3 3 3,12,10000,1594,8406,0.1594,7260,2740,0.726,5666
configs/exp4/lru_lru_arc_arc.cfg,experiments/data/phases24_c12_seed42.in,LRU LRU ARC ARC,4,3 3 3 3,12,10000,1551,8449,0.1551,7260,2740,0.726,5709
configs/exp4/lru_lru_arc_lfu.cfg,experiments/data/phases24_c12_seed42.in,LRU LRU ARC LFU,4,3 3 3 3,12,10000,1490,8510,0.149,7260,2740,0.726,5770
configs/exp4/lru_lru_arc_lirs.cfg,experiments/data/phases24_c12_seed42.in,LRU LRU ARC LIRS,4,3 3 3 3,12,10000,2074,7926,0.2074,7260,2740,0.726,5186
configs/exp4/lru_lru_arc_lru.cfg,experiments/data/phases24_c12_seed42.in,LRU LRU ARC LRU,4,3 3 3 3,12,10000,1496,8504,0.1496,7260,2740,0.726,5764
configs/exp4/lru_lru_lfu.cfg,experiments/data/phases24_c12_seed42.in,LRU LRU LFU,3,4 4 4,12,10000,1681,8319,0.1681,7260,2740,0.726,5579
configs/exp4/lru_lru_lfu_2q.cfg,experiments/data/phases24_c12_seed42.in,LRU LRU LFU 2Q,4,3 3 3 3,12,10000,1344,8656,0.1344,7260,2740,0.726,5916
configs/exp4/lru_lru_lfu_arc.cfg,experiments/data/phases24_c12_seed42.in,LRU LRU LFU ARC,4,3 3 3 3,12,10000,1499,8501,0.1499,7260,2740,0.726,5761
configs/exp4/lru_lru_lfu_lfu.cfg,experiments/data/phases24_c12_seed42.in,LRU LRU LFU LFU,4,3 3 3 3,12,10000,1257,8743,0.1257,7260,2740,0.726,6003
configs/exp4/lru_lru_lfu_lirs.cfg,experiments/data/phases24_c12_seed42.in,LRU LRU LFU LIRS,4,3 3 3 3,12,10000,1855,8145,0.1855,7260,2740,0.726,5405
configs/exp4/lru_lru_lfu_lru.cfg,experiments/data/phases24_c12_seed42.in,LRU LRU LFU LRU,4,3 3 3 3,12,10000,1226,8774,0.1226,7260,2740,0.726,6034
configs/exp4/lru_lru_lirs.cfg,experiments/data/phases24_c12_seed42.in,LRU LRU LIRS,3,4 4 4,12,10000,2418,7582,0.2418,7260,2740,0.726,4842
configs/exp4/lru_lru_lirs_2q.cfg,experiments/data/phases24_c12_seed42.in,LRU LRU LIRS 2Q,4,3 3 3 3,12,10000,2169,7831,0.2169,7260,2740,0.726,5091
configs/exp4/lru_lru_lirs_arc.cfg,experiments/data/phases24_c12_seed42.in,LRU LRU LIRS ARC,4,3 3 3 3,12,10000,2241,7759,0.2241,7260,2740,0.726,5019
configs/exp4/lru_lru_lirs_lfu.cfg,experiments/data/phases24_c12_seed42.in,LRU LRU LIRS LFU,4,3 3 3 3,12,10000,1931,8069,0.1931,7260,2740,0.726,5329
configs/exp4/lru_lru_lirs_lirs.cfg,experiments/data/phases24_c12_seed42.in,LRU LRU LIRS LIRS,4,3 3 3 3,12,10000,1985,8015,0.1985,7260,2740,0.726,5275
configs/exp4/lru_lru_lirs_lru.cfg,experiments/data/phases24_c12_seed42.in,LRU LRU LIRS LRU,4,3 3 3 3,12,10000,1892,8108,0.1892,7260,2740,0.726,5368
configs/exp4/lru_lru_lru_2q.cfg,experiments/data/phases24_c12_seed42.in,LRU LRU LRU 2Q,4,3 3 3 3,12,10000,1311,8689,0.1311,7260,2740,0.726,5949
configs/exp4/lru_lru_lru_arc.cfg,experiments/data/phases24_c12_seed42.in,LRU LRU LRU ARC,4,3 3 3 3,12,10000,1187,8813,0.1187,7260,2740,0.726,6073
configs/exp4/lru_lru_lru_lfu.cfg,experiments/data/phases24_c12_seed42.in,LRU LRU LRU LFU,4,3 3 3 3,12,10000,1187,8813,0.1187,7260,2740,0.726,6073
configs/exp4/lru_lru_lru_lirs.cfg,experiments/data/phases24_c12_seed42.in,LRU LRU LRU LIRS,4,3 3 3 3,12,10000,1821,8179,0.1821,7260,2740,0.726,5439
configs/exp4/2q_2q_2q_arc.cfg,experiments/data/phases24_c24_seed42.in,2Q 2Q 2Q ARC,4,6 6 6 6,24,10000,5040,4960,0.504,9439,561,0.9439,4399
configs/exp4/2q_2q_2q_lfu.cfg,experiments/data/phases24_c24_seed42.in,2Q 2Q 2Q LFU,4,6 6 6 6,24,10000,3986,6014,0.3986,9439,561,0.9439,5453
configs/exp4/2q_2q_2q_lirs.cfg,experiments/data/phases24_c24_seed42.in,2Q 2Q 2Q LIRS,4,6 6 6 6,24,10000,4611,5389,0.4611,9439,561,0.9439,4828
configs/exp4/2q_2q_2q_lru.cfg,experiments/data/phases24_c24_seed42.in,2Q 2Q 2Q LRU,4,6 6 6 6,24,10000,5026,4974,0.5026,9439,561,0.9439,4413
configs/exp4/2q_2q_arc.cfg,experiments/data/phases24_c24_seed42.in,2Q 2Q ARC,3,8 8 8,24,10000,5502,4498,0.5502,9439,561,0.9439,3937
configs/exp4/2q_2q_arc_2q.cfg,experiments/data/phases24_c24_seed42.in,2Q 2Q ARC 2Q,4,6 6 6 6,24,10000,5457,4543,0.5457,9439,561,0.9439,3982
configs/exp4/2q_2q_arc_arc.cfg,experiments/data/phases24_c24_seed42.in,2Q 2Q ARC ARC,4,6 6 6 6,24,10000,5176,4824,0.5176,9439,561,0.9439,4263
configs/exp4/2q_2q_arc_lfu.cfg,experiments/data/phases24_c24_seed42.in,2Q 2Q ARC LFU,4,6 6 6 6,24,10000,4867,5133,0.4867,9439,561,0.9439,4572
configs/exp4/2q_2q_arc_lirs.cfg,experiments/data/phases24_c24_seed42.in,2Q 2Q ARC LIRS,4,6 6 6 6,24,10000,5407,4593,0.5407,9439,561,0.9439,4032
configs/exp4/2q_2q_arc_lru.cfg,experiments/data/phases24_c24_seed42.in,2Q 2Q ARC LRU,4,6 6 6 6,24,10000,4912,5088,0.4912,9439,561,0.9439,4527
configs/exp4/2q_2q_lfu.cfg,experiments/data/phases24_c24_seed42.in,2Q 2Q LFU,3,8 8 8,24,10000,4546,5454,0.4546,9439,561,0.9439,4893
configs/exp4/2q_2q_lfu_2q.cfg,experiments/data/phases24_c24_seed42.in,2Q 2Q LFU 2Q,4,6 6 6 6,24,10000,4094,5906,0.4094,9439,561,0.9439,5345
configs/exp4/2q_2q_lfu_arc.cfg,experiments/data/phases24_c24_seed42.in,2Q 2Q LFU ARC,4,6 6 6 6,24,10000,4920,5080,0.492,9439,561,0.9439,4519
configs/exp4/2q_2q_lfu_lfu.cfg,experiments/data/phases24_c24_seed42.in,2Q 2Q LFU LFU,4,6 6 6 6,24,10000,3850,6150,0.385,9439,561,0.9439,5589
configs/exp4/2q_2q_lfu_lirs.cfg,experiments/data/phases24_c24_seed42.in,2Q 2Q LFU LIRS,4,6 6 6 6,24,10000,4562,5438,0.4562,9439,561,0.9439,4877
configs/exp4/2q_2q_lfu_lru.cfg,experiments/data/phases24_c24_seed42.in,2Q 2Q LFU LRU,4,6 6 6 6,24,10000,4914,5086,0.4914,9439,561,0.9439,4525
configs/exp4/2q_2q_lirs.cfg,experiments/data/phases24_c24_seed42.in,2Q 2Q LIRS,3,8 8 8,24,10000,5117,4883,0.5117,9439,561,0.9439,4322
configs/exp4/2q_2q_lirs_2q.cfg,experiments/data/phases24_c24_seed42.in,2Q 2Q LIRS 2Q,4,6 6 6 6,24,10000,4694,5306,0.4694,9439,561,0.9439,4745
configs/exp4/2q_2q_lirs_arc.cfg,experiments/data/phases24_c24_seed42.in,2Q 2Q LIRS ARC,4,6 6 6 6,24,10000,5374,4626,0.5374,9439,561,0.9439,4065
configs/exp4/2q_2q_lirs_lfu.cfg,experiments/data/phases24_c24_seed42.in,2Q 2Q LIRS LFU,4,6 6 6 6,24,10000,4478,5522,0.4478,9439,561,0.9439,4961
configs/exp4/2q_2q_lirs_lirs.cfg,experiments/data/phases24_c24_seed42.in,2Q 2Q LIRS LIRS,4,6 6 6 6,24,10000,4468,5532,0.4468,9439,561,0.9439,4971
configs/exp4/2q_2q_lirs_lru.cfg,experiments/data/phases24_c24_seed42.in,2Q 2Q LIRS LRU,4,6 6 6 6,24,10000,5273,4727,0.5273,9439,561,0.9439,4166
configs/exp4/2q_2q_lru.cfg,experiments/data/phases24_c24_seed42.in,2Q 2Q LRU,3,8 8 8,24,10000,5494,4506,0.5494,9439,561,0.9439,3945
configs/exp4/2q_2q_lru_2q.cfg,experiments/data/phases24_c24_seed42.in,2Q 2Q LRU 2Q,4,6 6 6 6,24,10000,5052,4948,0.5052,9439,561,0.9439,4387
configs/exp4/2q_2q_lru_arc.cfg,experiments/data/phases24_c24_seed42.in,2Q 2Q LRU ARC,4,6 6 6 6,24,10000,5169,4831,0.5169,9439,561,0.9439,4270
configs/exp4/2q_2q_lru_lfu.cfg,experiments/data/phases24_c24_seed42.in,2Q 2Q LRU LFU,4,6 6 6 6,24,10000,4713,5287,0.4713,9439,561,0.9439,4726
configs/exp4/2q_2q_lru_lirs.cfg,experiments/data/phases24_c24_seed42.in,2Q 2Q LRU LIRS,4,6 6 6 6,24,10000,5431,4569,0.5431,9439,561,0.9439,4008
configs/exp4/2q_2q_lru_lru.cfg,experiments/data/phases24_c24_seed42.in,2Q 2Q LRU LRU,4,6 6 6 6,24,10000,4769,5231,0.4769,9439,561,0.9439,4670
configs/exp4/2q_arc.cfg,experiments/data/phases24_c24_seed42.in,2Q ARC,2,12 12,24,10000,6009,3991,0.6009,9439,561,0.9439,3430
configs/exp4/2q_arc_2q.cfg,experiments/data/phases24_c24_seed42.in,2Q ARC 2Q,3,8 8 8,24,10000,5565,4435,0.5565,9439,561,0.9439,3874
configs/exp4/2q_arc_2q_2q.cfg,experiments/data/phases24_c24_seed42.in,2Q ARC 2Q 2Q,4,6 6 6 6,24,10000,5398,4602,0.5398,9439,561,0.9439,4041
configs/exp4/2q_arc_2q_arc.cfg,experiments/data/phases24_c24_seed42.in,2Q ARC 2Q ARC,4,6 6 6 6,24,10000,5394,4606,0.5394,9439,561,0.9439,4045
configs/exp4/2q_arc_2q_lfu.cfg,experiments/data/phases24_c24_seed42.in,2Q ARC 2Q LFU,4,6 6 6 6,24,10000,5037,4963,0.5037,9439,561,0.9439,4402
configs/exp4/2q_arc_2q_lirs.cfg,experiments/data/phases24_c24_seed42.in,2Q ARC 2Q LIRS,4,6 6 6 6,24,10000,5692,4308,0.5692,9439,561,0.9439,3747
configs/exp4/2q_arc_2q_lru.cfg,experiments/data/phases24_c24_seed42.in,2Q ARC 2Q LRU,4,6 6 6 6,24,10000,5293,4707,0.5293,9439,561,0.9439,4146
configs/exp4/2q_arc_arc.cfg,experiments/data/phases24_c24_seed42.in,2Q ARC ARC,3,8 8 8,24,10000,5204,4796,0.5204,9439,561,0.9439,4235
configs/exp4/2q_arc_arc_2q.cfg,experiments/data/phases24_c24_seed42.in,2Q ARC ARC 2Q,4,6 6 6 6,24,10000,5223,4777,0.5223,9439,561,0.9439,4216
configs/exp4/2q_arc_arc_arc.cfg,experiments/data/phases24_c24_seed42.in,2Q ARC ARC ARC,4,6 6 6 6,24,10000,4751,5249,0.4751,9439,561,0.9439,4688
configs/exp4/2q_arc_arc_lfu.cfg,experiments/data/phases24_c24_seed42.in,2Q ARC ARC LFU,4,6 6 6 6,24,10000,4662,5338,0.4662,9439,561,0.9439,4777
configs/exp4/2q_arc_arc_lirs.cfg,experiments/data/phases24_c24_seed42.in,2Q ARC ARC LIRS,4,6 6 6 6,24,10000,5130,4870,0.513,9439,561,0.9439,4309
configs/exp4/2q_arc_arc_lru.cfg,experiments/data/phases24_c24_seed42.in,2Q ARC ARC LRU,4,6 6 6 6,24,10000,4721,5279,0.4721,9439,561,0.9439,4718
configs/exp4/2q_arc_lfu.cfg,experiments/data/phases24_c24_seed42.in,2Q ARC LFU,3,8 8 8,24,10000,4870,5130,0.487,9439,561,0.9439,4569
configs/exp4/2q_arc_lfu_2q.cfg,experiments/data/phases24_c24_seed42.in,2Q ARC LFU 2Q,4,6 6 6 6,24,10000,5114,4886,0.5114,9439,561,0.9439,4325
configs/exp4/2q_arc_lfu_arc.cfg,experiments/data/phases24_c24_seed42.in,2Q ARC LFU ARC,4,6 6 6 6,24,10000,4734,5266,0.4734,9439,561,0.9439,4705
configs/exp4/2q_arc_lfu_lfu.cfg,experiments/data/phases24_c24_seed42.in,2Q ARC LFU LFU,4,6 6 6 6,24,10000,4429,5571,0.4429,9439,561,0.9439,5010
configs/exp4/2q_arc_lfu_lirs.cfg,experiments/data/phases24_c24_seed42.in,2Q ARC LFU LIRS,4,6 6 6 6,24,10000,5035,4965,0.5035,9439,561,0.9439,4404
configs/exp4/2q_arc_lfu_lru.cfg,experiments/data/phases24_c24_seed42.in,2Q ARC LFU LRU,4,6 6 6 6,24,10000,4545,5455,0.4545,9439,561,0.9439,4894
configs/exp4/2q_arc_lirs.cfg,experiments/data/phases24_c24_seed42.in,2Q ARC LIRS,3,8 8 8,24,10000,5597,4403,0.5597,9439,561,0.9439,3842
configs/exp4/2q_arc_lirs_2q.cfg,experiments/data/phases24_c24_seed42.in,2Q ARC LIRS 2Q,4,6 6 6 6,24,10000,5526,4474,0.5526,9439,561,0.9439,3913
configs/exp4/2q_arc_lirs_arc.cfg,experiments/data/phases24_c24_seed42.in,2Q ARC LIRS ARC,4,6 6 6 6,24,10000,5152,4848,0.5152,9439,561,0.9439,4287
configs/exp4/2q_arc_lirs_lfu.cfg,experiments/data/phases24_c24_seed42.in,2Q ARC LIRS LFU,4,6 6 6 6,24,10000,4947,5053,0.4947,9439,561,0.9439,4492
configs/exp4/2q_arc_lirs_lirs.cfg,experiments/data/phases24_c24_seed42.in,2Q ARC LIRS LIRS,4,6 6 6 6,24,10000,5023,4977,0.5023,9439,561,0.9439,4416
configs/exp4/2q_arc_lirs_lru.cfg,experiments/data/phases24_c24_seed42.in,2Q ARC LIRS LRU,4,6 6 6 6,24,10000,5078,4922,0.5078,9439,561,0.9439,4361
configs/exp4/2q_arc_lru.cfg,experiments/data/phases24_c24_seed42.in,2Q ARC LRU,3,8 8 8,24,10000,5004,4996,0.5004,9439,561,0.9439,4435
configs/exp4/2q_arc_lru_2q.cfg,experiments/data/phases24_c24_seed42.in,2Q ARC LRU 2Q,4,6 6 6 6,24,10000,4526,5474,0.4526,9439,561,0.9439,4913
configs/exp4/2q_arc_lru_arc.cfg,experiments/data/phases24_c24_seed42.in,2Q ARC LRU ARC,4,6 6 6 6,24,10000,4888,5112,0.4888,9439,561,0.9439,4551
configs/exp4/2q_arc_lru_lfu.cfg,experiments/data/phases24_c24_seed42.in,2Q ARC LRU LFU,4,6 6 6 6,24,10000,4328,5672,0.4328,9439,561,0.9439,5111
configs/exp4/2q_arc_lru_lirs.cfg,experiments/data/phases24_c24_seed42.in,2Q ARC LRU LIRS,4,6 6 6 6,24,10000,5016,4984,0.5016,9439,561,0.9439,4423
configs/exp4/2q_arc_lru_lru.cfg,experiments/data/phases24_c24_seed42.in,2Q ARC LRU LRU,4,6 6 6 6,24,10000,4263,5737,0.4263,9439,561,0.9439,5176
configs/exp4/2q_lfu.cfg,experiments/data/phases24_c24_seed42.in,2Q LFU,2,12 12,24,10000,5167,4833,0.5167,9439,561,0.9439,4272
configs/exp4/2q_lfu_2q.cfg,experiments/data/phases24_c24_seed42.in,2Q LFU 2Q,3,8 8 8,24,10000,4713,5287,0.4713,9439,561,0.9439,4726
configs/exp4/2q_lfu_2q_2q.cfg,experiments/data/phases24_c24_seed42.in,2Q LFU 2Q 2Q,4,6 6 6 6,24,10000,4123,5877,0.4123,9439,561,0.9439,5316
configs/exp4/2q_lfu_2q_arc.cfg,experiments/data/phases24_c24_seed42.in,2Q LFU 2Q ARC,4,6 6 6 6,24,10000,5048,4952,0.5048,9439,561,0.9439,4391
configs/exp4/2q_lfu_2q_lfu.cfg,experiments/data/phases24_c24_seed42.in,2Q LFU 2Q LFU,4,6 6 6 6,24,10000,3957,6043,0.3957,9439,561,0.9439,5482
configs/exp4/2q_lfu_2q_lirs.cfg,experiments/data/phases24_c24_seed42.in,2Q LFU 2Q LIRS,4,6 6 6 6,24,10000,4631,5369,0.4631,9439,561,0.9439,4808
configs/exp4/2q_lfu_2q_lru.cfg,experiments/data/phases24_c24_seed42.in,2Q LFU 2Q LRU,4,6 6 6 6,24,10000,5008,4992,0.5008,9439,561,0.9439,4431
configs/exp4/2q_lfu_arc.cfg,experiments/data/phases24_c24_seed42.in,2Q LFU ARC,3,8 8 8,24,10000,5099,4901,0.5099,9439,561,0.9439,4340
configs/exp4/2q_lfu_arc_2q.cfg,experiments/data/phases24_c24_seed42.in,2Q LFU ARC 2Q,4,6 6 6 6,24,10000,5196,4804,0.5196,9439,561,0.9439,4243
configs/exp4/2q_lfu_arc_arc.cfg,experiments/data/phases24_c24_seed42.in,2Q LFU ARC ARC,4,6 6 6 6,24,10000,4801,5199,0.4801,9439,561,0.9439,4638
configs/exp4/2q_lfu_arc_lfu.cfg,experiments/data/phases24_c24_seed42.in,2Q LFU ARC LFU,4,6 6 6 6,24,10000,4450,5550,0.445,9439,561,0.9439,4989
configs/exp4/2q_lfu_arc_lirs.cfg,experiments/data/phases24_c24_seed42.in,2Q LFU ARC LIRS,4,6 6 6 6,24,10000,5062,4938,0.5062,9439,561,0.9439,4377
configs/exp4/2q_lfu_arc_lru.cfg,experiments/data/phases24_c24_seed42.in,2Q LFU ARC LRU,4,6 6 6 6,24,10000,4599,5401,0.4599,9439,561,0.9439,4840
configs/exp4/2q_lfu_lfu.cfg,experiments/data/phases24_c24_seed42.in,2Q LFU LFU,3,8 8 8,24,10000,4071,5929,0.4071,9439,561,0.9439,5368
configs/exp4/2q_lfu_lfu_2q.cfg,experiments/data/phases24_c24_seed42.in,2Q LFU LFU 2Q,4,6 6 6 6,24,10000,4091,5909,0.4091,9439,561,0.9439,5348
configs/exp4/2q_lfu_lfu_arc.cfg,experiments/data/phases24_c24_seed42.in,2Q LFU LFU ARC,4,6 6 6 6,24,10000,4601,5399,0.4601,9439,561,0.9439,4838
configs/exp4/2q_lfu_lfu_lfu.cfg,experiments/data/phases24_c24_seed42.in,2Q LFU LFU LFU,4,6 6 6 6,24,10000,3548,6452,0.3548,9439,561,0.9439,5891
configs/exp4/2q_lfu_lfu_lirs.cfg,experiments/data/phases24_c24_seed42.in,2Q LFU LFU LIRS,4,6 6 6 6,24,10000,4337,5663,0.4337,9439,561,0.9439,5102
configs/exp4/2q_lfu_lfu_lru.cfg,experiments/data/phases24_c24_seed42.in,2Q LFU LFU LRU,4,6 6 6 6,24,10000,4639,5361,0.4639,9439,561,0.9439,4800
configs/exp4/2q_lfu_lirs.cfg,experiments/data/phases24_c24_seed42.in,2Q LFU LIRS,3,8 8 8,24,10000,4922,5078,0.4922,9439,561,0.9439,4517
configs/exp4/2q_lfu_lirs_2q.cfg,experiments/data/phases24_c24_seed42.in,2Q LFU LIRS 2Q,4,6 6 6 6,24,10000,4553,5447,0.4553,9439,561,0.9439,4886
configs/exp4/2q_lfu_lirs_arc.cfg,experiments/data/phases24_c24_seed42.in,2Q LFU LIRS ARC,4,6 6 6 6,24,10000,5087,4913,0.5087,9439,561,0.9439,4352
configs/exp4/2q_lfu_lirs_lfu.cfg,experiments/data/phases24_c24_seed42.in,2Q LFU LIRS LFU,4,6 6 6 6,24,10000,4209,5791,0.4209,9439,561,0.9439,5230
configs/exp4/2q_lfu_lirs_lirs.cfg,experiments/data/phases24_c24_seed42.in,2Q LFU LIRS LIRS,4,6 6 6 6,24,10000,4225,5775,0.4225,9439,561,0.9439,5214
configs/exp4/2q_lfu_lirs_lru.cfg,experiments/data/phases24_c24_seed42.in,2Q LFU LIRS LRU,4,6 6 6 6,24,10000,5017,4983,0.5017,9439,561,0.9439,4422
configs/exp4/2q_lfu_lru.cfg,experiments/data/phases24_c24_seed42.in,2Q LFU LRU,3,8 8 8,24,10000,5123,4877,0.5123,9439,561,0.9439,4316
configs/exp4/2q_lfu_lru_2q.cfg,experiments/data/phases24_c24_seed42.in,2Q LFU LRU 2Q,4,6 6 6 6,24,10000,4724,5276,0.4724,9439,561,0.9439,4715
configs/exp4/2q_lfu_lru_arc.cfg,experiments/data/phases24_c24_seed42.in,2Q LFU LRU ARC,4,6 6 6 6,24,10000,4876,5124,0.4876,9439,561,0.9439,4563
configs/exp4/2q_lfu_lru_lfu.cfg,experiments/data/phases24_c24_seed42.in,2Q LFU LRU LFU,4,6 6 6 6,24,10000,4427,5573,0.4427,9439,561,0.9439,5012
configs/exp4/2q_lfu_lru_lirs.cfg,experiments/data/phases24_c24_seed42.in,2Q LFU LRU LIRS,4,6 6 6 6,24,10000,5192,4808,0.5192,9439,561,0.9439,4247
configs/exp4/2q_lfu_lru_lru.cfg,experiments/data/phases24_c24_seed42.in,2Q LFU LRU LRU,4,6 6 6 6,24,10000,4443,5557,0.4443,9439,561,0.9439,4996
configs/exp4/2q_lirs.cfg,experiments/data/phases24_c24_seed42.in,2Q LIRS,2,12 12,24,10000,6094,3906,0.6094,9439,561,0.9439,3345
configs/exp4/2q_lirs_2q.cfg,experiments/data/phases24_c24_seed42.in,2Q LIRS 2Q,3,8 8 8,24,10000,5085,4915,0.5085,9439,561,0.9439,4354
configs/exp4/2q_lirs_2q_2q.cfg,experiments/data/phases24_c24_seed42.in,2Q LIRS 2Q 2Q,4,6 6 6 6,24,10000,4512,5488,0.4512,9439,561,0.9439,4927
configs/exp4/2q_lirs_2q_arc.cfg,experiments/data/phases24_c24_seed42.in,2Q LIRS 2Q ARC,4,6 6 6 6,24,10000,5394,4606,0.5394,9439,561,0.9439,4045
configs/exp4/2q_lirs_2q_lfu.cfg,experiments/data/phases24_c24_seed42.in,2Q LIRS 2Q LFU,4,6 6 6 6,24,10000,4437,5563,0.4437,9439,561,0.9439,5002
configs/exp4/2q_lirs_2q_lirs.cfg,experiments/data/phases24_c24_seed42.in,2Q LIRS 2Q LIRS,4,6 6 6 6,24,10000,4536,5464,0.4536,9439,561,0.9439,4903
configs/exp4/2q_lirs_2q_lru.cfg,experiments/data/phases24_c24_seed42.in,2Q LIRS 2Q LRU,4,6 6 6 6,24,10000,5272,4728,0.5272,9439,561,0.9439,4167
configs/exp4/2q_lirs_arc.cfg,experiments/data/phases24_c24_seed42.in,2Q LIRS ARC,3,8 8 8,24,10000,5654,4346,0.5654,9439,561,0.9439,3785
configs/exp4/2q_lirs_arc_2q.cfg,experiments/data/phases24_c24_seed42.in,2Q LIRS ARC 2Q,4,6 6 6 6,24,10000,5497,4503,0.5497,9439,561,0.9439,3942
configs/exp4/2q_lirs_arc_arc.cfg,experiments/data/phases24_c24_seed42.in,2Q LIRS ARC ARC,4,6 6 6 6,24,10000,5246,4754,0.5246,9439,561,0.9439,4193
configs/exp4/2q_lirs_arc_lfu.cfg,experiments/data/phases24_c24_seed42.in,2Q LIRS ARC LFU,4,6 6 6 6,24,10000,4904,5096,0.4904,9439,561,0.9439,4535
configs/exp4/2q_lirs_arc_lirs.cfg,experiments/data/phases24_c24_seed42.in,2Q LIRS ARC LIRS,4,6 6 6 6,24,10000,5306,4694,0.5306,9439,561,0.9439,4133
configs/exp4/2q_lirs_arc_lru.cfg,experiments/data/phases24_c24_seed42.in,2Q LIRS ARC LRU,4,6 6 6 6,24,10000,4926,5074,0.4926,9439,561,0.9439,4513
configs/exp4/2q_lirs_lfu.cfg,experiments/data/phases24_c24_seed42.in,2Q LIRS LFU,3,8 8 8,24,10000,4766,5234,0.4766,9439,561,0.9439,4673
configs/exp4/2q_lirs_lfu_2q.cfg,experiments/data/phases24_c24_seed42.in,2Q LIRS LFU 2Q,4,6 6 6 6,24,10000,4496,5504,0.4496,9439,561,0.9439,4943
configs/exp4/2q_lirs_lfu_arc.cfg,experiments/data/phases24_c24_seed42.in,2Q LIRS LFU ARC,4,6 6 6 6,24,10000,5046,4954,0.5046,9439,561,0.9439,4393
configs/exp4/2q_lirs_lfu_lfu.cfg,experiments/data/phases24_c24_seed42.in,2Q LIRS LFU LFU,4,6 6 6 6,24,10000,4151,5849,0.4151,9439,561,0.9439,5288
configs/exp4/2q_lirs_lfu_lirs.cfg,experiments/data/phases24_c24_seed42.in,2Q LIRS LFU LIRS,4,6 6 6 6,24,10000,4162,5838,0.4162,9439,561,0.9439,5277
configs/exp4/2q_lirs_lfu_lru.cfg,experiments/data/phases24_c24_seed42.in,2Q LIRS LFU LRU,4,6 6 6 6,24,10000,4956,5044,0.4956,9439,561,0.9439,4483
configs/exp4/2q_lirs_lirs.cfg,experiments/data/phases24_c24_seed42.in,2Q LIRS LIRS,3,8 8 8,24,10000,4839,5161,0.4839,9439,561,0.9439,4600
configs/exp4/2q_lirs_lirs_2q.cfg,experiments/data/phases24_c24_seed42.in,2Q LIRS LIRS 2Q,4,6 6 6 6,24,10000,4394,5606,0.4394,9439,561,0.9439,5045
configs/exp4/2q_lirs_lirs_arc.cfg,experiments/data/phases24_c24_seed42.in,2Q LIRS LIRS ARC,4,6 6 6 6,24,10000,4976,5024,0.4976,9439,561,0.9439,4463
configs/exp4/2q_lirs_lirs_lfu.cfg,experiments/data/phases24_c24_seed42.in,2Q LIRS LIRS LFU,4,6 6 6 6,24,10000,4100,5900,0.41,9439,561,0.9439,5339
configs/exp4/2q_lirs_lirs_lirs.cfg,experiments/data/phases24_c24_seed42.in,2Q LIRS LIRS LIRS,4,6 6 6 6,24,10000,3893,6107,0.3893,9439,561,0.9439,5546
configs/exp4/2q_lirs_lirs_lru.cfg,experiments/data/phases24_c24_seed42.in,2Q LIRS LIRS LRU,4,6 6 6 6,24,10000,4854,5146,0.4854,9439,561,0.9439,4585
configs/exp4/2q_lirs_lru.cfg,experiments/data/phases24_c24_seed42.in,2Q LIRS LRU,3,8 8 8,24,10000,5553,4447,0.5553,9439,561,0.9439,3886
configs/exp4/2q_lirs_lru_2q.cfg,experiments/data/phases24_c24_seed42.in,2Q LIRS LRU 2Q,4,6 6 6 6,24,10000,4968,5032,0.4968,9439,561,0.9439,4471
configs/exp4/2q_lirs_lru_arc.cfg,experiments/data/phases24_c24_seed42.in,2Q LIRS LRU ARC,4,6 6 6 6,24,10000,5124,4876,0.5124,9439,561,0.9439,4315
configs/exp4/2q_lirs_lru_lfu.cfg,experiments/data/phases24_c24_seed42.in,2Q LIRS LRU LFU,4,6 6 6 6,24,10000,4768,5232,0.4768,9439,561,0.9439,4671
configs/exp4/2q_lirs_lru_lirs.cfg,experiments/data/phases24_c24_seed42.in,2Q LIRS LRU LIRS,4,6 6 6 6,24,10000,5222,4778,0.5222,9439,561,0.9439,4217
configs/exp4/2q_lirs_lru_lru.cfg,experiments/data/phases24_c24_seed42.in,2Q LIRS LRU LRU,4,6 6 6 6,24,10000,4757,5243,0.4757,9439,561,0.9439,4682
configs/exp4/2q_lru.cfg,experiments/data/phases24_c24_seed42.in,2Q LRU,2,12 12,24,10000,6033,3967,0.6033,9439,561,0.9439,3406
configs/exp4/2q_lru_2q.cfg,experiments/data/phases24_c24_seed42.in,2Q LRU 2Q,3,8 8 8,24,10000,5543,4457,0.5543,9439,561,0.9439,3896
configs/exp4/2q_lru_2q_2q.cfg,experiments/data/phases24_c24_seed42.in,2Q LRU 2Q 2Q,4,6 6 6 6,24,10000,4629,5371,0.4629,9439,561,0.9439,4810
configs/exp4/2q_lru_2q_arc.cfg,experiments/data/phases24_c24_seed42.in,2Q LRU 2Q ARC,4,6 6 6 6,24,10000,4976,5024,0.4976,9439,561,0.9439,4463
configs/exp4/2q_lru_2q_lfu.cfg,experiments/data/phases24_c24_seed42.in,2Q LRU 2Q LFU,4,6 6 6 6,24,10000,4464,5536,0.4464,9439,561,0.9439,4975
configs/exp4/2q_lru_2q_lirs.cfg,experiments/data/phases24_c24_seed42.in,2Q LRU 2Q LIRS,4,6 6 6 6,24,10000,5311,4689,0.5311,9439,561,0.9439,4128
configs/exp4/2q_lru_2q_lru.cfg,experiments/data/phases24_c24_seed42.in,2Q LRU 2Q LRU,4,6 6 6 6,24,10000,4623,5377,0.4623,9439,561,0.9439,4816
configs/exp4/2q_lru_arc.cfg,experiments/data/phases24_c24_seed42.in,2Q LRU ARC,3,8 8 8,24,10000,5280,4720,0.528,9439,561,0.9439,4159
configs/exp4/2q_lru_arc_2q.cfg,experiments/data/phases24_c24_seed42.in,2Q LRU ARC 2Q,4,6 6 6 6,24,10000,5132,4868,0.5132,9439,561,0.9439,4307
configs/exp4/2q_lru_arc_arc.cfg,experiments/data/phases24_c24_seed42.in,2Q LRU ARC ARC,4,6 6 6 6,24,10000,4851,5149,0.4851,9439,561,0.9439,4588
configs/exp4/2q_lru_arc_lfu.cfg,experiments/data/phases24_c24_seed42.in,2Q LRU ARC LFU,4,6 6 6 6,24,10000,4710,5290,0.471,9439,561,0.9439,4729
configs/exp4/2q_lru_arc_lirs.cfg,experiments/data/phases24_c24_seed42.in,2Q LRU ARC LIRS,4,6 6 6 6,24,10000,5289,4711,0.5289,9439,561,0.9439,4150
configs/exp4/2q_lru_arc_lru.cfg,experiments/data/phases24_c24_seed42.in,2Q LRU ARC LRU,4,6 6 6 6,24,10000,4787,5213,0.4787,9439,561,0.9439,4652
configs/exp4/2q_lru_lfu.cfg,experiments/data/phases24_c24_seed42.in,2Q LRU LFU,3,8 8 8,24,10000,4827,5173,0.4827,9439,561,0.9439,4612
configs/exp4/2q_lru_lfu_2q.cfg,experiments/data/phases24_c24_seed42.in,2Q LRU LFU 2Q,4,6 6 6 6,24,10000,4531,5469,0.4531,9439,561,0.9439,4908
configs/exp4/2q_lru_lfu_arc.cfg,experiments/data/phases24_c24_seed42.in,2Q LRU LFU ARC,4,6 6 6 6,24,10000,4690,5310,0.469,9439,561,0.9439,4749
configs/exp4/2q_lru_lfu_lfu.cfg,experiments/data/phases24_c24_seed42.in,2Q LRU LFU LFU,4,6 6 6 6,24,10000,4187,5813,0.4187,9439,561,0.9439,5252
configs/exp4/2q_lru_lfu_lirs.cfg,experiments/data/phases24_c24_seed42.in,2Q LRU LFU LIRS,4,6 6 6 6,24,10000,4998,5002,0.4998,9439,561,0.9439,4441
configs/exp4/2q_lru_lfu_lru.cfg,experiments/data/phases24_c24_seed42.in,2Q LRU LFU LRU,4,6 6 6 6,24,10000,4275,5725,0.4275,9439,561,0.9439,5164
configs/exp4/2q_lru_lirs.cfg,experiments/data/phases24_c24_seed42.in,2Q LRU LIRS,3,8 8 8,24,10000,5717,4283,0.5717,9439,561,0.9439,3722
configs/exp4/2q_lru_lirs_2q.cfg,experiments/data/phases24_c24_seed42.in,2Q LRU LIRS 2Q,4,6 6 6 6,24,10000,5575,4425,0.5575,9439,561,0.9439,3864
configs/exp4/2q_lru_lirs_arc.cfg,experiments/data/phases24_c24_seed42.in,2Q LRU LIRS ARC,4,6 6 6 6,24,10000,5219,4781,0.5219,9439,561,0.9439,4220
configs/exp4/2q_lru_lirs_lfu.cfg,experiments/data/phases24_c24_seed42.in,2Q LRU LIRS LFU,4,6 6 6 6,24,10000,5032,4968,0.5032,9439,561,0.9439,4407
configs/exp4/2q_lru_lirs_lirs.cfg,experiments/data/phases24_c24_seed42.in,2Q LRU LIRS LIRS,4,6 6 6 6,24,10000,5132,4868,0.5132,9439,561,0.9439,4307
configs/exp4/2q_lru_lirs_lru.cfg,experiments/data/phases24_c24_seed42.in,2Q LRU LIRS LRU,4,6 6 6 6,24,10000,5125,4875,0.5125,9439,561,0.9439,4314
configs/exp4/2q_lru_lru.cfg,experiments/data/phases24_c24_seed42.in,2Q LRU LRU,3,8 8 8,24,10000,4840,5160,0.484,9439,561,0.9439,4599
configs/exp4/2q_lru_lru_2q.cfg,experiments/data/phases24_c24_seed42.in,2Q LRU LRU 2Q,4,6 6 6 6,24,10000,4308,5692,0.4308,9439,561,0.9439,5131
configs/exp4/2q_lru_lru_arc.cfg,experiments/data/phases24_c24_seed42.in,2Q LRU LRU ARC,4,6 6 6 6,24,10000,4583,5417,0.4583,9439,561,0.9439,4856
configs/exp4/2q_lru_lru_lfu.cfg,experiments/data/phases24_c24_seed42.in,2Q LRU LRU LFU,4,6 6 6 6,24,10000,4170,5830,0.417,9439,561,0.9439,5269
configs/exp4/2q_lru_lru_lirs.cfg,experiments/data/phases24_c24_seed42.in,2Q LRU LRU LIRS,4,6 6 6 6,24,10000,4946,5054,0.4946,9439,561,0.9439,4493
configs/exp4/2q_lru_lru_lru.cfg,experiments/data/phases24_c24_seed42.in,2Q LRU LRU LRU,4,6 6 6 6,24,10000,4093,5907,0.4093,9439,561,0.9439,5346
configs/exp4/arc_2q.cfg,experiments/data/phases24_c24_seed42.in,ARC 2Q,2,12 12,24,10000,6027,3973,0.6027,9439,561,0.9439,3412
configs/exp4/arc_2q_2q.cfg,experiments/data/phases24_c24_seed42.in,ARC 2Q 2Q,3,8 8 8,24,10000,5293,4707,0.5293,9439,561,0.9439,4146
configs/exp4/arc_2q_2q_2q.cfg,experiments/data/phases24_c24_seed42.in,ARC 2Q 2Q 2Q,4,6 6 6 6,24,10000,4855,5145,0.4855,9439,561,0.9439,4584
configs/exp4/arc_2q_2q_arc.cfg,experiments/data/phases24_c24_seed42.in,ARC 2Q 2Q ARC,4,6 6 6 6,24,10000,5254,4746,0.5254,9439,561,0.9439,4185
configs/exp4/arc_2q_2q_lfu.cfg,experiments/data/phases24_c24_seed42.in,ARC 2Q 2Q LFU,4,6 6 6 6,24,10000,4642,5358,0.4642,9439,561,0.9439,4797
configs/exp4/arc_2q_2q_lirs.cfg,experiments/data/phases24_c24_seed42.in,ARC 2Q 2Q LIRS,4,6 6 6 6,24,10000,5392,4608,0.5392,9439,561,0.9439,4047
configs/exp4/arc_2q_2q_lru.cfg,experiments/data/phases24_c24_seed42.in,ARC 2Q 2Q LRU,4,6 6 6 6,24,10000,5240,4760,0.524,9439,561,0.9439,4199
configs/exp4/arc_2q_arc.cfg,experiments/data/phases24_c24_seed42.in,ARC 2Q ARC,3,8 8 8,24,10000,5420,4580,0.542,9439,561,0.9439,4019
configs/exp4/arc_2q_arc_2q.cfg,experiments/data/phases24_c24_seed42.in,ARC 2Q ARC 2Q,4,6 6 6 6,24,10000,5289,4711,0.5289,9439,561,0.9439,4150
configs/exp4/arc_2q_arc_arc.cfg,experiments/data/phases24_c24_seed42.in,ARC 2Q ARC ARC,4,6 6 6 6,24,10000,4892,5108,0.4892,9439,561,0.9439,4547
configs/exp4/arc_2q_arc_lfu.cfg,experiments/data/phases24_c24_seed42.in,ARC 2Q ARC LFU,4,6 6 6 6,24,10000,4668,5332,0.4668,9439,561,0.9439,4771
configs/exp4/arc_2q_arc_lirs.cfg,experiments/data/phases24_c24_seed42.in,ARC 2Q ARC LIRS,4,6 6 6 6,24,10000,5341,4659,0.5341,9439,561,0.9439,4098
configs/exp4/arc_2q_arc_lru.cfg,experiments/data/phases24_c24_seed42.in,ARC 2Q ARC LRU,4,6 6 6 6,24,10000,4798,5202,0.4798,9439,561,0.9439,4641
configs/exp4/arc_2q_lfu.cfg,experiments/data/phases24_c24_seed42.in,ARC 2Q LFU,3,8 8 8,24,10000,4884,5116,0.4884,9439,561,0.9439,4555
configs/exp4/arc_2q_lfu_2q.cfg,experiments/data/phases24_c24_seed42.in,ARC 2Q LFU 2Q,4,6 6 6 6,24,10000,4750,5250,0.475,9439,561,0.9439,4689
configs/exp4/arc_2q_lfu_arc.cfg,experiments/data/phases24_c24_seed42.in,ARC 2Q LFU ARC,4,6 6 6 6,24,10000,4779,5221,0.4779,9439,561,0.9439,4660
configs/exp4/arc_2q_lfu_lfu.cfg,experiments/data/phases24_c24_seed42.in,ARC 2Q LFU LFU,4,6 6 6 6,24,10000,4274,5726,0.4274,9439,561,0.9439,5165
configs/exp4/arc_2q_lfu_lirs.cfg,experiments/data/phases24_c24_seed42.in,ARC 2Q LFU LIRS,4,6 6 6 6,24,10000,4961,5039,0.4961,9439,561,0.9439,4478
configs/exp4/arc_2q_lfu_lru.cfg,experiments/data/phases24_c24_seed42.in,ARC 2Q LFU LRU,4,6 6 6 6,24,10000,4738,5262,0.4738,9439,561,0.9439,4701
configs/exp4/arc_2q_lirs.cfg,experiments/data/phases24_c24_seed42.in,ARC 2Q LIRS,3,8 8 8,24,10000,5703,4297,0.5703,9439,561,0.9439,3736
configs/exp4/arc_2q_lirs_2q.cfg,experiments/data/phases24_c24_seed42.in,ARC 2Q LIRS 2Q,4,6 6 6 6,24,10000,5316,4684,0.5316,9439,561,0.9439,4123
configs/exp4/arc_2q_lirs_arc.cfg,experiments/data/phases24_c24_seed42.in,ARC 2Q LIRS ARC,4,6 6 6 6,24,10000,5399,4601,0.5399,9439,561,0.9439,4040
configs/exp4/arc_2q_lirs_lfu.cfg,experiments/data/phases24_c24_seed42.in,ARC 2Q LIRS LFU,4,6 6 6 6,24,10000,4873,5127,0.4873,9439,561,0.9439,4566
configs/exp4/arc_2q_lirs_lirs.cfg,experiments/data/phases24_c24_seed42.in,ARC 2Q LIRS LIRS,4,6 6 6 6,24,10000,4977,5023,0.4977,9439,561,0.9439,4462
configs/exp4/arc_2q_lirs_lru.cfg,experiments/data/phases24_c24_seed42.in,ARC 2Q LIRS LRU,4,6 6 6 6,24,10000,5346,4654,0.5346,9439,561,0.9439,4093
configs/exp4/arc_2q_lru.cfg,experiments/data/phases24_c24_seed42.in,ARC 2Q LRU,3,8 8 8,24,10000,5343,4657,0.5343,9439,561,0.9439,4096
configs/exp4/arc_2q_lru_2q.cfg,experiments/data/phases24_c24_seed42.in,ARC 2Q LRU 2Q,4,6 6 6 6,24,10000,4698,5302,0.4698,9439,561,0.9439,4741
configs/exp4/arc_2q_lru_arc.cfg,experiments/data/phases24_c24_seed42.in,ARC 2Q LRU ARC,4,6 6 6 6,24,10000,5008,4992,0.5008,9439,561,0.9439,4431
configs/exp4/arc_2q_lru_lfu.cfg,experiments/data/phases24_c24_seed42.in,ARC 2Q LRU LFU,4,6 6 6 6,24,10000,4508,5492,0.4508,9439,561,0.9439,4931
configs/exp4/arc_2q_lru_lirs.cfg,experiments/data/phases24_c24_seed42.in,ARC 2Q LRU LIRS,4,6 6 6 6,24,10000,5392,4608,0.5392,9439,561,0.9439,4047
configs/exp4/arc_2q_lru_lru.cfg,experiments/data/phases24_c24_seed42.in,ARC 2Q LRU LRU,4,6 6 6 6,24,10000,4531,5469,0.4531,9439,561,0.9439,4908
configs/exp4/arc_arc_2q.cfg,experiments/data/phases24_c24_seed42.in,ARC ARC 2Q,3,8 8 8,24,10000,5042,4958,0.5042,9439,561,0.9439,4397
configs/exp4/arc_arc_2q_2q.cfg,experiments/data/phases24_c24_seed42.in,ARC ARC 2Q 2Q,4,6 6 6 6,24,10000,4837,5163,0.4837,9439,561,0.9439,4602
configs/exp4/arc_arc_2q_arc.cfg,experiments/data/phases24_c24_seed42.in,ARC ARC 2Q ARC,4,6 6 6 6,24,10000,4715,5285,0.4715,9439,561,0.9439,4724
configs/exp4/arc_arc_2q_lfu.cfg,experiments/data/phases24_c24_seed42.in,ARC ARC 2Q LFU,4,6 6 6 6,24,10000,4373,5627,0.4373,9439,561,0.9439,5066
configs/exp4/arc_arc_2q_lirs.cfg,experiments/data/phases24_c24_seed42.in,ARC ARC 2Q LIRS,4,6 6 6 6,24,10000,5060,4940,0.506,9439,561,0.9439,4379
configs/exp4/arc_arc_2q_lru.cfg,experiments/data/phases24_c24_seed42.in,ARC ARC 2Q LRU,4,6 6 6 6,24,10000,4694,5306,0.4694,9439,561,0.9439,4745
configs/exp4/arc_arc_arc_2q.cfg,experiments/data/phases24_c24_seed42.in,ARC ARC ARC 2Q,4,6 6 6 6,24,10000,4391,5609,0.4391,9439,561,0.9439,5048
configs/exp4/arc_arc_arc_lfu.cfg,experiments/data/phases24_c24_seed42.in,ARC ARC ARC LFU,4,6 6 6 6,24,10000,3741,6259,0.3741,9439,561,0.9439,5698
configs/exp4/arc_arc_arc_lirs.cfg,experiments/data/phases24_c24_seed42.in,ARC ARC ARC LIRS,4,6 6 6 6,24,10000,4295,5705,0.4295,9439,561,0.9439,5144
configs/exp4/arc_arc_arc_lru.cfg,experiments/data/phases24_c24_seed42.in,ARC ARC ARC LRU,4,6 6 6 6,24,10000,3836,6164,0.3836,9439,561,0.9439,5603
configs/exp4/arc_arc_lfu.cfg,experiments/data/phases24_c24_seed42.in,ARC ARC LFU,3,8 8 8,24,10000,4279,5721,0.4279,9439,561,0.9439,5160
configs/exp4/arc_arc_lfu_2q.cfg,experiments/data/phases24_c24_seed42.in,ARC ARC LFU 2Q,4,6 6 6 6,24,10000,4455,5545,0.4455,9439,561,0.9439,4984
configs/exp4/arc_arc_lfu_arc.cfg,experiments/data/phases24_c24_seed42.in,ARC ARC LFU ARC,4,6 6 6 6,24,10000,3898,6102,0.3898,9439,561,0.9439,5541
configs/exp4/arc_arc_lfu_lfu.cfg,experiments/data/phases24_c24_seed42.in,ARC ARC LFU LFU,4,6 6 6 6,24,10000,3625,6375,0.3625,9439,561,0.9439,5814
configs/exp4/arc_arc_lfu_lirs.cfg,experiments/data/phases24_c24_seed42.in,ARC ARC LFU LIRS,4,6 6 6 6,24,10000,4271,5729,0.4271,9439,561,0.9439,5168
configs/exp4/arc_arc_lfu_lru.cfg,experiments/data/phases24_c24_seed42.in,ARC ARC LFU LRU,4,6 6 6 6,24,10000,3840,6160,0.384,9439,561,0.9439,5599
configs/exp4/arc_arc_lirs.cfg,experiments/data/phases24_c24_seed42.in,ARC ARC LIRS,3,8 8 8,24,10000,4931,5069,0.4931,9439,561,0.9439,4508
configs/exp4/arc_arc_lirs_2q.cfg,experiments/data/phases24_c24_seed42.in,ARC ARC LIRS 2Q,4,6 6 6 6,24,10000,4840,5160,0.484,9439,561,0.9439,4599
configs/exp4/arc_arc_lirs_arc.cfg,experiments/data/phases24_c24_seed42.in,ARC ARC LIRS ARC,4,6 6 6 6,24,10000,4347,5653,0.4347,9439,561,0.9439,5092
configs/exp4/arc_arc_lirs_lfu.cfg,experiments/data/phases24_c24_seed42.in,ARC ARC LIRS LFU,4,6 6 6 6,24,10000,4200,5800,0.42,9439,561,0.9439,5239
configs/exp4/arc_arc_lirs_lirs.cfg,experiments/data/phases24_c24_seed42.in,ARC ARC LIRS LIRS,4,6 6 6 6,24,10000,4201,5799,0.4201,9439,561,0.9439,5238
configs/exp4/arc_arc_lirs_lru.cfg,experiments/data/phases24_c24_seed42.in,ARC ARC LIRS LRU,4,6 6 6 6,24,10000,4350,5650,0.435,9439,561,0.9439,5089
configs/exp4/arc_arc_lru.cfg,experiments/data/phases24_c24_seed42.in,ARC ARC LRU,3,8 8 8,24,10000,4312,5688,0.4312,9439,561,0.9439,5127
configs/exp4/arc_arc_lru_2q.cfg,experiments/data/phases24_c24_seed42.in,ARC ARC LRU 2Q,4,6 6 6 6,24,10000,3772,6228,0.3772,9439,561,0.9439,5667
configs/exp4/arc_arc_lru_arc.cfg,experiments/data/phases24_c24_seed42.in,ARC ARC LRU ARC,4,6 6 6 6,24,10000,4151,5849,0.4151,9439,561,0.9439,5288
configs/exp4/arc_arc_lru_lfu.cfg,experiments/data/phases24_c24_seed42.in,ARC ARC LRU LFU,4,6 6 6 6,24,10000,3562,6438,0.3562,9439,561,0.9439,5877
configs/exp4/arc_arc_lru_lirs.cfg,experiments/data/phases24_c24_seed42.in,ARC ARC LRU LIRS,4,6 6 6 6,24,10000,4330,5670,0.433,9439,561,0.9439,5109
configs/exp4/arc_arc_lru_lru.cfg,experiments/data/phases24_c24_seed42.in,ARC ARC LRU LRU,4,6 6 6 6,24,10000,3514,6486,0.3514,9439,561,0.9439,5925
configs/exp4/arc_lfu.cfg,experiments/data/phases24_c24_seed42.in,ARC LFU,2,12 12,24,10000,5169,4831,0.5169,9439,561,0.9439,4270
configs/exp4/arc_lfu_2q.cfg,experiments/data/phases24_c24_seed42.in,ARC LFU 2Q,3,8 8 8,24,10000,4905,5095,0.4905,9439,561,0.9439,4534
configs/exp4/arc_lfu_2q_2q.cfg,experiments/data/phases24_c24_seed42.in,ARC LFU 2Q 2Q,4,6 6 6 6,24,10000,4716,5284,0.4716,9439,561,0.9439,4723
configs/exp4/arc_lfu_2q_arc.cfg,experiments/data/phases24_c24_seed42.in,ARC LFU 2Q ARC,4,6 6 6 6,24,10000,4829,5171,0.4829,9439,561,0.9439,4610
configs/exp4/arc_lfu_2q_lfu.cfg,experiments/data/phases24_c24_seed42.in,ARC LFU 2Q LFU,4,6 6 6 6,24,10000,4292,5708,0.4292,9439,561,0.9439,5147
configs/exp4/arc_lfu_2q_lirs.cfg,experiments/data/phases24_c24_seed42.in,ARC LFU 2Q LIRS,4,6 6 6 6,24,10000,4985,5015,0.4985,9439,561,0.9439,4454
configs/exp4/arc_lfu_2q_lru.cfg,experiments/data/phases24_c24_seed42.in,ARC LFU 2Q LRU,4,6 6 6 6,24,10000,4777,5223,0.4777,9439,561,0.9439,4662
configs/exp4/arc_lfu_arc.cfg,experiments/data/phases24_c24_seed42.in,ARC LFU ARC,3,8 8 8,24,10000,4412,5588,0.4412,9439,561,0.9439,5027
configs/exp4/arc_lfu_arc_2q.cfg,experiments/data/phases24_c24_seed42.in,ARC LFU ARC 2Q,4,6 6 6 6,24,10000,4496,5504,0.4496,9439,561,0.9439,4943
configs/exp4/arc_lfu_arc_arc.cfg,experiments/data/phases24_c24_seed42.in,ARC LFU ARC ARC,4,6 6 6 6,24,10000,3867,6133,0.3867,9439,561,0.9439,5572
configs/exp4/arc_lfu_arc_lfu.cfg,experiments/data/phases24_c24_seed42.in,ARC LFU ARC LFU,4,6 6 6 6,24,10000,3701,6299,0.3701,9439,561,0.9439,5738
configs/exp4/arc_lfu_arc_lirs.cfg,experiments/data/phases24_c24_seed42.in,ARC LFU ARC LIRS,4,6 6 6 6,24,10000,4293,5707,0.4293,9439,561,0.9439,5146
configs/exp4/arc_lfu_arc_lru.cfg,experiments/data/phases24_c24_seed42.in,ARC LFU ARC LRU,4,6 6 6 6,24,10000,3836,6164,0.3836,9439,561,0.9439,5603
configs/exp4/arc_lfu_lfu.cfg,experiments/data/phases24_c24_seed42.in,ARC LFU LFU,3,8 8 8,24,10000,3943,6057,0.3943,9439,561,0.9439,5496
configs/exp4/arc_lfu_lfu_2q.cfg,experiments/data/phases24_c24_seed42.in,ARC LFU LFU 2Q,4,6 6 6 6,24,10000,4360,5640,0.436,9439,561,0.9439,5079
configs/exp4/arc_lfu_lfu_arc.cfg,experiments/data/phases24_c24_seed42.in,ARC LFU LFU ARC,4,6 6 6 6,24,10000,3873,6127,0.3873,9439,561,0.9439,5566
configs/exp4/arc_lfu_lfu_lfu.cfg,experiments/data/phases24_c24_seed42.in,ARC LFU LFU LFU,4,6 6 6 6,24,10000,3360,6640,0.336,9439,561,0.9439,6079
configs/exp4/arc_lfu_lfu_lirs.cfg,experiments/data/phases24_c24_seed42.in,ARC LFU LFU LIRS,4,6 6 6 6,24,10000,4181,5819,0.4181,9439,561,0.9439,5258
configs/exp4/arc_lfu_lfu_lru.cfg,experiments/data/phases24_c24_seed42.in,ARC LFU LFU LRU,4,6 6 6 6,24,10000,3758,6242,0.3758,9439,561,0.9439,5681
configs/exp4/arc_lfu_lirs.cfg,experiments/data/phases24_c24_seed42.in,ARC LFU LIRS,3,8 8 8,24,10000,4945,5055,0.4945,9439,561,0.9439,4494
configs/exp4/arc_lfu_lirs_2q.cfg,experiments/data/phases24_c24_seed42.in,ARC LFU LIRS 2Q,4,6 6 6 6,24,10000,4759,5241,0.4759,9439,561,0.9439,4680
configs/exp4/arc_lfu_lirs_arc.cfg,experiments/data/phases24_c24_seed42.in,ARC LFU LIRS ARC,4,6 6 6 6,24,10000,4434,5566,0.4434,9439,561,0.9439,5005
configs/exp4/arc_lfu_lirs_lfu.cfg,experiments/data/phases24_c24_seed42.in,ARC LFU LIRS LFU,4,6 6 6 6,24,10000,4056,5944,0.4056,9439,561,0.9439,5383
configs/exp4/arc_lfu_lirs_lirs.cfg,experiments/data/phases24_c24_seed42.in,ARC LFU LIRS LIRS,4,6 6 6 6,24,10000,4159,5841,0.4159,9439,561,0.9439,5280
configs/exp4/arc_lfu_lirs_lru.cfg,experiments/data/phases24_c24_seed42.in,ARC LFU LIRS LRU,4,6 6 6 6,24,10000,4390,5610,0.439,9439,561,0.9439,5049
configs/exp4/arc_lfu_lru.cfg,experiments/data/phases24_c24_seed42.in,ARC LFU LRU,3,8 8 8,24,10000,4274,5726,0.4274,9439,561,0.9439,5165
configs/exp4/arc_lfu_lru_2q.cfg,experiments/data/phases24_c24_seed42.in,ARC LFU LRU 2Q,4,6 6 6 6,24,10000,3641,6359,0.3641,9439,561,0.9439,5798
configs/exp4/arc_lfu_lru_arc.cfg,experiments/data/phases24_c24_seed42.in,ARC LFU LRU ARC,4,6 6 6 6,24,10000,4031,5969,0.4031,9439,561,0.9439,5408
configs/exp4/arc_lfu_lru_lfu.cfg,experiments/data/phases24_c24_seed42.in,ARC LFU LRU LFU,4,6 6 6 6,24,10000,3440,6560,0.344,9439,561,0.9439,5999
configs/exp4/arc_lfu_lru_lirs.cfg,experiments/data/phases24_c24_seed42.in,ARC LFU LRU LIRS,4,6 6 6 6,24,10000,4293,5707,0.4293,9439,561,0.9439,5146
configs/exp4/arc_lfu_lru_lru.cfg,experiments/data/phases24_c24_seed42.in,ARC LFU LRU LRU,4,6 6 6 6,24,10000,3384,6616,0.3384,9439,561,0.9439,6055
configs/exp4/arc_lirs.cfg,experiments/data/phases24_c24_seed42.in,ARC LIRS,2,12 12,24,10000,6144,3856,0.6144,9439,561,0.9439,3295
configs/exp4/arc_lirs_2q.cfg,experiments/data/phases24_c24_seed42.in,ARC LIRS 2Q,3,8 8 8,24,10000,5302,4698,0.5302,9439,561,0.9439,4137
configs/exp4/arc_lirs_2q_2q.cfg,experiments/data/phases24_c24_seed42.in,ARC LIRS 2Q 2Q,4,6 6 6 6,24,10000,5035,4965,0.5035,9439,561,0.9439,4404
configs/exp4/arc_lirs_2q_arc.cfg,experiments/data/phases24_c24_seed42.in,ARC LIRS 2Q ARC,4,6 6 6 6,24,10000,5125,4875,0.5125,9439,561,0.9439,4314
configs/exp4/arc_lirs_2q_lfu.cfg,experiments/data/phases24_c24_seed42.in,ARC LIRS 2Q LFU,4,6 6 6 6,24,10000,4696,5304,0.4696,9439,561,0.9439,4743
configs/exp4/arc_lirs_2q_lirs.cfg,experiments/data/phases24_c24_seed42.in,ARC LIRS 2Q LIRS,4,6 6 6 6,24,10000,4909,5091,0.4909,9439,561,0.9439,4530
configs/exp4/arc_lirs_2q_lru.cfg,experiments/data/phases24_c24_seed42.in,ARC LIRS 2Q LRU,4,6 6 6 6,24,10000,5097,4903,0.5097,9439,561,0.9439,4342
configs/exp4/arc_lirs_arc.cfg,experiments/data/phases24_c24_seed42.in,ARC LIRS ARC,3,8 8 8,24,10000,5308,4692,0.5308,9439,561,0.9439,4131
configs/exp4/arc_lirs_arc_2q.cfg,experiments/data/phases24_c24_seed42.in,ARC LIRS ARC 2Q,4,6 6 6 6,24,10000,4894,5106,0.4894,9439,561,0.9439,4545
configs/exp4/arc_lirs_arc_arc.cfg,experiments/data/phases24_c24_seed42.in,ARC LIRS ARC ARC,4,6 6 6 6,24,10000,4430,5570,0.443,9439,561,0.9439,5009
configs/exp4/arc_lirs_arc_lfu.cfg,experiments/data/phases24_c24_seed42.in,ARC LIRS ARC LFU,4,6 6 6 6,24,10000,4299,5701,0.4299,9439,561,0.9439,5140
configs/exp4/arc_lirs_arc_lirs.cfg,experiments/data/phases24_c24_seed42.in,ARC LIRS ARC LIRS,4,6 6 6 6,24,10000,4530,5470,0.453,9439,561,0.9439,4909
configs/exp4/arc_lirs_arc_lru.cfg,experiments/data/phases24_c24_seed42.in,ARC LIRS ARC LRU,4,6 6 6 6,24,10000,4316,5684,0.4316,9439,561,0.9439,5123
configs/exp4/arc_lirs_lfu.cfg,experiments/data/phases24_c24_seed42.in,ARC LIRS LFU,3,8 8 8,24,10000,4815,5185,0.4815,9439,561,0.9439,4624
configs/exp4/arc_lirs_lfu_2q.cfg,experiments/data/phases24_c24_seed42.in,ARC LIRS LFU 2Q,4,6 6 6 6,24,10000,4725,5275,0.4725,9439,561,0.9439,4714
configs/exp4/arc_lirs_lfu_arc.cfg,experiments/data/phases24_c24_seed42.in,ARC LIRS LFU ARC,4,6 6 6 6,24,10000,4356,5644,0.4356,9439,561,0.9439,5083
configs/exp4/arc_lirs_lfu_lfu.cfg,experiments/data/phases24_c24_seed42.in,ARC LIRS LFU LFU,4,6 6 6 6,24,10000,4028,5972,0.4028,9439,561,0.9439,5411
configs/exp4/arc_lirs_lfu_lirs.cfg,experiments/data/phases24_c24_seed42.in,ARC LIRS LFU LIRS,4,6 6 6 6,24,10000,4141,5859,0.4141,9439,561,0.9439,5298
configs/exp4/arc_lirs_lfu_lru.cfg,experiments/data/phases24_c24_seed42.in,ARC LIRS LFU LRU,4,6 6 6 6,24,10000,4325,5675,0.4325,9439,561,0.9439,5114
configs/exp4/arc_lirs_lirs.cfg,experiments/data/phases24_c24_seed42.in,ARC LIRS LIRS,3,8 8 8,24,10000,5015,4985,0.5015,9439,561,0.9439,4424
configs/exp4/arc_lirs_lirs_2q.cfg,experiments/data/phases24_c24_seed42.in,ARC LIRS LIRS 2Q,4,6 6 6 6,24,10000,4711,5289,0.4711,9439,561,0.9439,4728
configs/exp4/arc_lirs_lirs_arc.cfg,experiments/data/phases24_c24_seed42.in,ARC LIRS LIRS ARC,4,6 6 6 6,24,10000,4360,5640,0.436,9439,561,0.9439,5079
configs/exp4/arc_lirs_lirs_lfu.cfg,experiments/data/phases24_c24_seed42.in,ARC LIRS LIRS LFU,4,6 6 6 6,24,10000,4064,5936,0.4064,9439,561,0.9439,5375
configs/exp4/arc_lirs_lirs_lirs.cfg,experiments/data/phases24_c24_seed42.in,ARC LIRS LIRS LIRS,4,6 6 6 6,24,10000,3889,6111,0.3889,9439,561,0.9439,5550
configs/exp4/arc_lirs_lirs_lru.cfg,experiments/data/phases24_c24_seed42.in,ARC LIRS LIRS LRU,4,6 6 6 6,24,10000,4343,5657,0.4343,9439,561,0.9439,5096
configs/exp4/arc_lirs_lru.cfg,experiments/data/phases24_c24_seed42.in,ARC LIRS LRU,3,8 8 8,24,10000,5166,4834,0.5166,9439,561,0.9439,4273
configs/exp4/arc_lirs_lru_2q.cfg,experiments/data/phases24_c24_seed42.in,ARC LIRS LRU 2Q,4,6 6 6 6,24,10000,4288,5712,0.4288,9439,561,0.9439,5151
configs/exp4/arc_lirs_lru_arc.cfg,experiments/data/phases24_c24_seed42.in,ARC LIRS LRU ARC,4,6 6 6 6,24,10000,4545,5455,0.4545,9439,561,0.9439,4894
configs/exp4/arc_lirs_lru_lfu.cfg,experiments/data/phases24_c24_seed42.in,ARC LIRS LRU LFU,4,6 6 6 6,24,10000,4118,5882,0.4118,9439,561,0.9439,5321
configs/exp4/arc_lirs_lru_lirs.cfg,experiments/data/phases24_c24_seed42.in,ARC LIRS LRU LIRS,4,6 6 6 6,24,10000,4548,5452,0.4548,9439,561,0.9439,4891
configs/exp4/arc_lirs_lru_lru.cfg,experiments/data/phases24_c24_seed42.in,ARC LIRS LRU LRU,4,6 6 6 6,24,10000,4048,5952,0.4048,9439,561,0.9439,5391
configs/exp4/arc_lru.cfg,experiments/data/phases24_c24_seed42.in,ARC LRU,2,12 12,24,10000,5668,4332,0.5668,9439,561,0.9439,3771
configs/exp4/arc_lru_2q.cfg,experiments/data/phases24_c24_seed42.in,ARC LRU 2Q,3,8 8 8,24,10000,4186,5814,0.4186,9439,561,0.9439,5253
configs/exp4/arc_lru_2q_2q.cfg,experiments/data/phases24_c24_seed42.in,ARC LRU 2Q 2Q,4,6 6 6 6,24,10000,3440,6560,0.344,9439,561,0.9439,5999
configs/exp4/arc_lru_2q_arc.cfg,experiments/data/phases24_c24_seed42.in,ARC LRU 2Q ARC,4,6 6 6 6,24,10000,3979,6021,0.3979,9439,561,0.9439,5460
configs/exp4/arc_lru_2q_lfu.cfg,experiments/data/phases24_c24_seed42.in,ARC LRU 2Q LFU,4,6 6 6 6,24,10000,3377,6623,0.3377,9439,561,0.9439,6062
configs/exp4/arc_lru_2q_lirs.cfg,experiments/data/phases24_c24_seed42.in,ARC LRU 2Q LIRS,4,6 6 6 6,24,10000,4286,5714,0.4286,9439,561,0.9439,5153
configs/exp4/arc_lru_2q_lru.cfg,experiments/data/phases24_c24_seed42.in,ARC LRU 2Q LRU,4,6 6 6 6,24,10000,3395,6605,0.3395,9439,561,0.9439,6044
configs/exp4/arc_lru_arc.cfg,experiments/data/phases24_c24_seed42.in,ARC LRU ARC,3,8 8 8,24,10000,4463,5537,0.4463,9439,561,0.9439,4976
configs/exp4/arc_lru_arc_2q.cfg,experiments/data/phases24_c24_seed42.in,ARC LRU ARC 2Q,4,6 6 6 6,24,10000,4203,5797,0.4203,9439,561,0.9439,5236
configs/exp4/arc_lru_arc_arc.cfg,experiments/data/phases24_c24_seed42.in,ARC LRU ARC ARC,4,6 6 6 6,24,10000,4104,5896,0.4104,9439,561,0.9439,5335
configs/exp4/arc_lru_arc_lfu.cfg,experiments/data/phases24_c24_seed42.in,ARC LRU ARC LFU,4,6 6 6 6,24,10000,3863,6137,0.3863,9439,561,0.9439,5576
configs/exp4/arc_lru_arc_lirs.cfg,experiments/data/phases24_c24_seed42.in,ARC LRU ARC LIRS,4,6 6 6 6,24,10000,4559,5441,0.4559,9439,561,0.9439,4880
configs/exp4/arc_lru_arc_lru.cfg,experiments/data/phases24_c24_seed42.in,ARC LRU ARC LRU,4,6 6 6 6,24,10000,3883,6117,0.3883,9439,561,0.9439,5556
configs/exp4/arc_lru_lfu.cfg,experiments/data/phases24_c24_seed42.in,ARC LRU LFU,3,8 8 8,24,10000,3852,6148,0.3852,9439,561,0.9439,5587
configs/exp4/arc_lru_lfu_2q.cfg,experiments/data/phases24_c24_seed42.in,ARC LRU LFU 2Q,4,6 6 6 6,24,10000,3377,6623,0.3377,9439,561,0.9439,6062
configs/exp4/arc_lru_lfu_arc.cfg,experiments/data/phases24_c24_seed42.in,ARC LRU LFU ARC,4,6 6 6 6,24,10000,3823,6177,0.3823,9439,561,0.9439,5616
configs/exp4/arc_lru_lfu_lfu.cfg,experiments/data/phases24_c24_seed42.in,ARC LRU LFU LFU,4,6 6 6 6,24,10000,3225,6775,0.3225,9439,561,0.9439,6214
configs/exp4/arc_lru_lfu_lirs.cfg,experiments/data/phases24_c24_seed42.in,ARC LRU LFU LIRS,4,6 6 6 6,24,10000,4069,5931,0.4069,9439,561,0.9439,5370
configs/exp4/arc_lru_lfu_lru.cfg,experiments/data/phases24_c24_seed42.in,ARC LRU LFU LRU,4,6 6 6 6,24,10000,3163,6837,0.3163,9439,561,0.9439,6276
configs/exp4/arc_lru_lirs.cfg,experiments/data/phases24_c24_seed42.in,ARC LRU LIRS,3,8 8 8,24,10000,4952,5048,0.4952,9439,561,0.9439,4487
configs/exp4/arc_lru_lirs_2q.cfg,experiments/data/phases24_c24_seed42.in,ARC LRU LIRS 2Q,4,6 6 6 6,24,10000,4487,5513,0.4487,9439,561,0.9439,4952
configs/exp4/arc_lru_lirs_arc.cfg,experiments/data/phases24_c24_seed42.in,ARC LRU LIRS ARC,4,6 6 6 6,24,10000,4380,5620,0.438,9439,561,0.9439,5059
configs/exp4/arc_lru_lirs_lfu.cfg,experiments/data/phases24_c24_seed42.in,ARC LRU LIRS LFU,4,6 6 6 6,24,10000,4134,5866,0.4134,9439,561,0.9439,5305
configs/exp4/arc_lru_lirs_lirs.cfg,experiments/data/phases24_c24_seed42.in,ARC LRU LIRS LIRS,4,6 6 6 6,24,10000,4240,5760,0.424,9439,561,0.9439,5199
configs/exp4/arc_lru_lirs_lru.cfg,experiments/data/phases24_c24_seed42.in,ARC LRU LIRS LRU,4,6 6 6 6,24,10000,4111,5889,0.4111,9439,561,0.9439,5328
configs/exp4/arc_lru_lru.cfg,experiments/data/phases24_c24_seed42.in,ARC LRU LRU,3,8 8 8,24,10000,3823,6177,0.3823,9439,561,0.9439,5616
configs/exp4/arc_lru_lru_2q.cfg,experiments/data/phases24_c24_seed42.in,ARC LRU LRU 2Q,4,6 6 6 6,24,10000,3331,6669,0.3331,9439,561,0.9439,6108
configs/exp4/arc_lru_lru_arc.cfg,experiments/data/phases24_c24_seed42.in,ARC LRU LRU ARC,4,6 6 6 6,24,10000,3420,6580,0.342,9439,561,0.9439,6019
configs/exp4/arc_lru_lru_lfu.cfg,experiments/data/phases24_c24_seed42.in,ARC LRU LRU LFU,4,6 6 6 6,24,10000,3016,6984,0.3016,9439,561,0.9439,6423
configs/exp4/arc_lru_lru_lirs.cfg,experiments/data/phases24_c24_seed42.in,ARC LRU LRU LIRS,4,6 6 6 6,24,10000,3943,6057,0.3943,9439,561,0.9439,5496
configs/exp4/arc_lru_lru_lru.cfg,experiments/data/phases24_c24_seed42.in,ARC LRU LRU LRU,4,6 6 6 6,24,10000,2982,7018,0.2982,9439,561,0.9439,6457
configs/exp4/lfu_2q.cfg,experiments/data/phases24_c24_seed42.in,LFU 2Q,2,12 12,24,10000,5623,4377,0.5623,9439,561,0.9439,3816
configs/exp4/lfu_2q_2q.cfg,experiments/data/phases24_c24_seed42.in,LFU 2Q 2Q,3,8 8 8,24,10000,4715,5285,0.4715,9439,561,0.9439,4724
configs/exp4/lfu_2q_2q_2q.cfg,experiments/data/phases24_c24_seed42.in,LFU 2Q 2Q 2Q,4,6 6 6 6,24,10000,4098,5902,0.4098,9439,561,0.9439,5341
configs/exp4/lfu_2q_2q_arc.cfg,experiments/data/phases24_c24_seed42.in,LFU 2Q 2Q ARC,4,6 6 6 6,24,10000,5069,4931,0.5069,9439,561,0.9439,4370
configs/exp4/lfu_2q_2q_lfu.cfg,experiments/data/phases24_c24_seed42.in,LFU 2Q 2Q LFU,4,6 6 6 6,24,10000,3929,6071,0.3929,9439,561,0.9439,5510
configs/exp4/lfu_2q_2q_lirs.cfg,experiments/data/phases24_c24_seed42.in,LFU 2Q 2Q LIRS,4,6 6 6 6,24,10000,4660,5340,0.466,9439,561,0.9439,4779
configs/exp4/lfu_2q_2q_lru.cfg,experiments/data/phases24_c24_seed42.in,LFU 2Q 2Q LRU,4,6 6 6 6,24,10000,5043,4957,0.5043,9439,561,0.9439,4396
configs/exp4/lfu_2q_arc.cfg,experiments/data/phases24_c24_seed42.in,LFU 2Q ARC,3,8 8 8,24,10000,5236,4764,0.5236,9439,561,0.9439,4203
configs/exp4/lfu_2q_arc_2q.cfg,experiments/data/phases24_c24_seed42.in,LFU 2Q ARC 2Q,4,6 6 6 6,24,10000,5351,4649,0.5351,9439,561,0.9439,4088
configs/exp4/lfu_2q_arc_arc.cfg,experiments/data/phases24_c24_seed42.in,LFU 2Q ARC ARC,4,6 6 6 6,24,10000,4999,5001,0.4999,9439,561,0.9439,4440
configs/exp4/lfu_2q_arc_lfu.cfg,experiments/data/phases24_c24_seed42.in,LFU 2Q ARC LFU,4,6 6 6 6,24,10000,4554,5446,0.4554,9439,561,0.9439,4885
configs/exp4/lfu_2q_arc_lirs.cfg,experiments/data/phases24_c24_seed42.in,LFU 2Q ARC LIRS,4,6 6 6 6,24,10000,5279,4721,0.5279,9439,561,0.9439,4160
configs/exp4/lfu_2q_arc_lru.cfg,experiments/data/phases24_c24_seed42.in,LFU 2Q ARC LRU,4,6 6 6 6,24,10000,4776,5224,0.4776,9439,561,0.9439,4663
configs/exp4/lfu_2q_lfu.cfg,experiments/data/phases24_c24_seed42.in,LFU 2Q LFU,3,8 8 8,24,10000,4170,5830,0.417,9439,561,0.9439,5269
configs/exp4/lfu_2q_lfu_2q.cfg,experiments/data/phases24_c24_seed42.in,LFU 2Q LFU 2Q,4,6 6 6 6,24,10000,4086,5914,0.4086,9439,561,0.9439,5353
configs/exp4/lfu_2q_lfu_arc.cfg,experiments/data/phases24_c24_seed42.in,LFU 2Q LFU ARC,4,6 6 6 6,24,10000,4732,5268,0.4732,9439,561,0.9439,4707
configs/exp4/lfu_2q_lfu_lfu.cfg,experiments/data/phases24_c24_seed42.in,LFU 2Q LFU LFU,4,6 6 6 6,24,10000,3555,6445,0.3555,9439,561,0.9439,5884
configs/exp4/lfu_2q_lfu_lirs.cfg,experiments/data/phases24_c24_seed42.in,LFU 2Q LFU LIRS,4,6 6 6 6,24,10000,4476,5524,0.4476,9439,561,0.9439,4963
configs/exp4/lfu_2q_lfu_lru.cfg,experiments/data/phases24_c24_seed42.in,LFU 2Q LFU LRU,4,6 6 6 6,24,10000,4750,5250,0.475,9439,561,0.9439,4689
configs/exp4/lfu_2q_lirs.cfg,experiments/data/phases24_c24_seed42.in,LFU 2Q LIRS,3,8 8 8,24,10000,4985,5015,0.4985,9439,561,0.9439,4454
configs/exp4/lfu_2q_lirs_2q.cfg,experiments/data/phases24_c24_seed42.in,LFU 2Q LIRS 2Q,4,6 6 6 6,24,10000,4699,5301,0.4699,9439,561,0.9439,4740
configs/exp4/lfu_2q_lirs_arc.cfg,experiments/data/phases24_c24_seed42.in,LFU 2Q LIRS ARC,4,6 6 6 6,24,10000,5336,4664,0.5336,9439,561,0.9439,4103
configs/exp4/lfu_2q_lirs_lfu.cfg,experiments/data/phases24_c24_seed42.in,LFU 2Q LIRS LFU,4,6 6 6 6,24,10000,4332,5668,0.4332,9439,561,0.9439,5107
configs/exp4/lfu_2q_lirs_lirs.cfg,experiments/data/phases24_c24_seed42.in,LFU 2Q LIRS LIRS,4,6 6 6 6,24,10000,4390,5610,0.439,9439,561,0.9439,5049
configs/exp4/lfu_2q_lirs_lru.cfg,experiments/data/phases24_c24_seed42.in,LFU 2Q LIRS LRU,4,6 6 6 6,24,10000,5180,4820,0.518,9439,561,0.9439,4259
configs/exp4/lfu_2q_lru.cfg,experiments/data/phases24_c24_seed42.in,LFU 2Q LRU,3,8 8 8,24,10000,5255,4745,0.5255,9439,561,0.9439,4184
configs/exp4/lfu_2q_lru_2q.cfg,experiments/data/phases24_c24_seed42.in,LFU 2Q LRU 2Q,4,6 6 6 6,24,10000,4634,5366,0.4634,9439,561,0.9439,4805
configs/exp4/lfu_2q_lru_arc.cfg,experiments/data/phases24_c24_seed42.in,LFU 2Q LRU ARC,4,6 6 6 6,24,10000,5015,4985,0.5015,9439,561,0.9439,4424
configs/exp4/lfu_2q_lru_lfu.cfg,experiments/data/phases24_c24_seed42.in,LFU 2Q LRU LFU,4,6 6 6 6,24,10000,4462,5538,0.4462,9439,561,0.9439,4977
configs/exp4/lfu_2q_lru_lirs.cfg,experiments/data/phases24_c24_seed42.in,LFU 2Q LRU LIRS,4,6 6 6 6,24,10000,5342,4658,0.5342,9439,561,0.9439,4097
configs/exp4/lfu_2q_lru_lru.cfg,experiments/data/phases24_c24_seed42.in,LFU 2Q LRU LRU,4,6 6 6 6,24,10000,4601,5399,0.4601,9439,561,0.9439,4838
configs/exp4/lfu_arc.cfg,experiments/data/phases24_c24_seed42.in,LFU ARC,2,12 12,24,10000,5677,4323,0.5677,9439,561,0.9439,3762
configs/exp4/lfu_arc_2q.cfg,experiments/data/phases24_c24_seed42.in,LFU ARC 2Q,3,8 8 8,24,10000,5070,4930,0.507,9439,561,0.9439,4369
configs/exp4/lfu_arc_2q_2q.cfg,experiments/data/phases24_c24_seed42.in,LFU ARC 2Q 2Q,4,6 6 6 6,24,10000,4875,5125,0.4875,9439,561,0.9439,4564
configs/exp4/lfu_arc_2q_arc.cfg,experiments/data/phases24_c24_seed42.in,LFU ARC 2Q ARC,4,6 6 6 6,24,10000,4854,5146,0.4854,9439,561,0.9439,4585
configs/exp4/lfu_arc_2q_lfu.cfg,experiments/data/phases24_c24_seed42.in,LFU ARC 2Q LFU,4,6 6 6 6,24,10000,4294,5706,0.4294,9439,561,0.9439,5145
configs/exp4/lfu_arc_2q_lirs.cfg,experiments/data/phases24_c24_seed42.in,LFU ARC 2Q LIRS,4,6 6 6 6,24,10000,5106,4894,0.5106,9439,561,0.9439,4333
configs/exp4/lfu_arc_2q_lru.cfg,experiments/data/phases24_c24_seed42.in,LFU ARC 2Q LRU,4,6 6 6 6,24,10000,4819,5181,0.4819,9439,561,0.9439,4620
configs/exp4/lfu_arc_arc.cfg,experiments/data/phases24_c24_seed42.in,LFU ARC ARC,3,8 8 8,24,10000,4537,5463,0.4537,9439,561,0.9439,4902
configs/exp4/lfu_arc_arc_2q.cfg,experiments/data/phases24_c24_seed42.in,LFU ARC ARC 2Q,4,6 6 6 6,24,10000,4659,5341,0.4659,9439,561,0.9439,4780
configs/exp4/lfu_arc_arc_arc.cfg,experiments/data/phases24_c24_seed42.in,LFU ARC ARC ARC,4,6 6 6 6,24,10000,3901,6099,0.3901,9439,561,0.9439,5538
configs/exp4/lfu_arc_arc_lfu.cfg,experiments/data/phases24_c24_seed42.in,LFU ARC ARC LFU,4,6 6 6 6,24,10000,3767,6233,0.3767,9439,561,0.9439,5672
configs/exp4/lfu_arc_arc_lirs.cfg,experiments/data/phases24_c24_seed42.in,LFU ARC ARC LIRS,4,6 6 6 6,24,10000,4359,5641,0.4359,9439,561,0.9439,5080
configs/exp4/lfu_arc_arc_lru.cfg,experiments/data/phases24_c24_seed42.in,LFU ARC ARC LRU,4,6 6 6 6,24,10000,3891,6109,0.3891,9439,561,0.9439,5548
configs/exp4/lfu_arc_lfu.cfg,experiments/data/phases24_c24_seed42.in,LFU ARC LFU,3,8 8 8,24,10000,4099,5901,0.4099,9439,561,0.9439,5340
configs/exp4/lfu_arc_lfu_2q.cfg,experiments/data/phases24_c24_seed42.in,LFU ARC LFU 2Q,4,6 6 6 6,24,10000,4319,5681,0.4319,9439,561,0.9439,5120
configs/exp4/lfu_arc_lfu_arc.cfg,experiments/data/phases24_c24_seed42.in,LFU ARC LFU ARC,4,6 6 6 6,24,10000,3724,6276,0.3724,9439,561,0.9439,5715
configs/exp4/lfu_arc_lfu_lfu.cfg,experiments/data/phases24_c24_seed42.in,LFU ARC LFU LFU,4,6 6 6 6,24,10000,3311,6689,0.3311,9439,561,0.9439,6128
configs/exp4/lfu_arc_lfu_lirs.cfg,experiments/data/phases24_c24_seed42.in,LFU ARC LFU LIRS,4,6 6 6 6,24,10000,4108,5892,0.4108,9439,561,0.9439,5331
configs/exp4/lfu_arc_lfu_lru.cfg,experiments/data/phases24_c24_seed42.in,LFU ARC LFU LRU,4,6 6 6 6,24,10000,3645,6355,0.3645,9439,561,0.9439,5794
configs/exp4/lfu_arc_lirs.cfg,experiments/data/phases24_c24_seed42.in,LFU ARC LIRS,3,8 8 8,24,10000,5038,4962,0.5038,9439,561,0.9439,4401
configs/exp4/lfu_arc_lirs_2q.cfg,experiments/data/phases24_c24_seed42.in,LFU ARC LIRS 2Q,4,6 6 6 6,24,10000,4856,5144,0.4856,9439,561,0.9439,4583
configs/exp4/lfu_arc_lirs_arc.cfg,experiments/data/phases24_c24_seed42.in,LFU ARC LIRS ARC,4,6 6 6 6,24,10000,4488,5512,0.4488,9439,561,0.9439,4951
configs/exp4/lfu_arc_lirs_lfu.cfg,experiments/data/phases24_c24_seed42.in,LFU ARC LIRS LFU,4,6 6 6 6,24,10000,4159,5841,0.4159,9439,561,0.9439,5280
configs/exp4/lfu_arc_lirs_lirs.cfg,experiments/data/phases24_c24_seed42.in,LFU ARC LIRS LIRS,4,6 6 6 6,24,10000,4249,5751,0.4249,9439,561,0.9439,5190
configs/exp4/lfu_arc_lirs_lru.cfg,experiments/data/phases24_c24_seed42.in,LFU ARC LIRS LRU,4,6 6 6 6,24,10000,4451,5549,0.4451,9439,561,0.9439,4988
configs/exp4/lfu_arc_lru.cfg,experiments/data/phases24_c24_seed42.in,LFU ARC LRU,3,8 8 8,24,10000,4448,5552,0.4448,9439,561,0.9439,4991
configs/exp4/lfu_arc_lru_2q.cfg,experiments/data/phases24_c24_seed42.in,LFU ARC LRU 2Q,4,6 6 6 6,24,10000,3719,6281,0.3719,9439,561,0.9439,5720
configs/exp4/lfu_arc_lru_arc.cfg,experiments/data/phases24_c24_seed42.in,LFU ARC LRU ARC,4,6 6 6 6,24,10000,4104,5896,0.4104,9439,561,0.9439,5335
configs/exp4/lfu_arc_lru_lfu.cfg,experiments/data/phases24_c24_seed42.in,LFU ARC LRU LFU,4,6 6 6 6,24,10000,3552,6448,0.3552,9439,561,0.9439,5887
configs/exp4/lfu_arc_lru_lirs.cfg,experiments/data/phases24_c24_seed42.in,LFU ARC LRU LIRS,4,6 6 6 6,24,10000,4342,5658,0.4342,9439,561,0.9439,5097
configs/exp4/lfu_arc_lru_lru.cfg,experiments/data/phases24_c24_seed42.in,LFU ARC LRU LRU,4,6 6 6 6,24,10000,3473,6527,0.3473,9439,561,0.9439,5966
configs/exp4/lfu_lfu_2q.cfg,experiments/data/phases24_c24_seed42.in,LFU LFU 2Q,3,8 8 8,24,10000,4435,5565,0.4435,9439,561,0.9439,5004
configs/exp4/lfu_lfu_2q_2q.cfg,experiments/data/phases24_c24_seed42.in,LFU LFU 2Q 2Q,4,6 6 6 6,24,10000,4114,5886,0.4114,9439,561,0.9439,5325
configs/exp4/lfu_lfu_2q_arc.cfg,experiments/data/phases24_c24_seed42.in,LFU LFU 2Q ARC,4,6 6 6 6,24,10000,4806,5194,0.4806,9439,561,0.9439,4633
configs/exp4/lfu_lfu_2q_lfu.cfg,experiments/data/phases24_c24_seed42.in,LFU LFU 2Q LFU,4,6 6 6 6,24,10000,3658,6342,0.3658,9439,561,0.9439,5781
configs/exp4/lfu_lfu_2q_lirs.cfg,experiments/data/phases24_c24_seed42.in,LFU LFU 2Q LIRS,4,6 6 6 6,24,10000,4526,5474,0.4526,9439,561,0.9439,4913
configs/exp4/lfu_lfu_2q_lru.cfg,experiments/data/phases24_c24_seed42.in,LFU LFU 2Q LRU,4,6 6 6 6,24,10000,4847,5153,0.4847,9439,561,0.9439,4592
configs/exp4/lfu_lfu_arc.cfg,experiments/data/phases24_c24_seed42.in,LFU LFU ARC,3,8 8 8,24,10000,4411,5589,0.4411,9439,561,0.9439,5028
configs/exp4/lfu_lfu_arc_2q.cfg,experiments/data/phases24_c24_seed42.in,LFU LFU ARC 2Q,4,6 6 6 6,24,10000,4581,5419,0.4581,9439,561,0.9439,4858
configs/exp4/lfu_lfu_arc_arc.cfg,experiments/data/phases24_c24_seed42.in,LFU LFU ARC ARC,4,6 6 6 6,24,10000,3987,6013,0.3987,9439,561,0.9439,5452
configs/exp4/lfu_lfu_arc_lfu.cfg,experiments/data/phases24_c24_seed42.in,LFU LFU ARC LFU,4,6 6 6 6,24,10000,3611,6389,0.3611,9439,561,0.9439,5828
configs/exp4/lfu_lfu_arc_lirs.cfg,experiments/data/phases24_c24_seed42.in,LFU LFU ARC LIRS,4,6 6 6 6,24,10000,4355,5645,0.4355,9439,561,0.9439,5084
configs/exp4/lfu_lfu_arc_lru.cfg,experiments/data/phases24_c24_seed42.in,LFU LFU ARC LRU,4,6 6 6 6,24,10000,3903,6097,0.3903,9439,561,0.9439,5536
configs/exp4/lfu_lfu_lfu_2q.cfg,experiments/data/phases24_c24_seed42.in,LFU LFU LFU 2Q,4,6 6 6 6,24,10000,3799,6201,0.3799,9439,561,0.9439,5640
configs/exp4/lfu_lfu_lfu_arc.cfg,experiments/data/phases24_c24_seed42.in,LFU LFU LFU ARC,4,6 6 6 6,24,10000,3732,6268,0.3732,9439,561,0.9439,5707
configs/exp4/lfu_lfu_lfu_lirs.cfg,experiments/data/phases24_c24_seed42.in,LFU LFU LFU LIRS,4,6 6 6 6,24,10000,3770,6230,0.377,9439,561,0.9439,5669
configs/exp4/lfu_lfu_lfu_lru.cfg,experiments/data/phases24_c24_seed42.in,LFU LFU LFU LRU,4,6 6 6 6,24,10000,3635,6365,0.3635,9439,561,0.9439,5804
configs/exp4/lfu_lfu_lirs.cfg,experiments/data/phases24_c24_seed42.in,LFU LFU LIRS,3,8 8 8,24,10000,4454,5546,0.4454,9439,561,0.9439,4985
configs/exp4/lfu_lfu_lirs_2q.cfg,experiments/data/phases24_c24_seed42.in,LFU LFU LIRS 2Q,4,6 6 6 6,24,10000,4313,5687,0.4313,9439,561,0.9439,5126
configs/exp4/lfu_lfu_lirs_arc.cfg,experiments/data/phases24_c24_seed42.in,LFU LFU LIRS ARC,4,6 6 6 6,24,10000,4607,5393,0.4607,9439,561,0.9439,4832
configs/exp4/lfu_lfu_lirs_lfu.cfg,experiments/data/phases24_c24_seed42.in,LFU LFU LIRS LFU,4,6 6 6 6,24,10000,3627,6373,0.3627,9439,561,0.9439,5812
configs/exp4/lfu_lfu_lirs_lirs.cfg,experiments/data/phases24_c24_seed42.in,LFU LFU LIRS LIRS,4,6 6 6 6,24,10000,3918,6082,0.3918,9439,561,0.9439,5521
configs/exp4/lfu_lfu_lirs_lru.cfg,experiments/data/phases24_c24_seed42.in,LFU LFU LIRS LRU,4,6 6 6 6,24,10000,4591,5409,0.4591,9439,561,0.9439,4848
configs/exp4/lfu_lfu_lru.cfg,experiments/data/phases24_c24_seed42.in,LFU LFU LRU,3,8 8 8,24,10000,4365,5635,0.4365,9439,561,0.9439,5074
configs/exp4/lfu_lfu_lru_2q.cfg,experiments/data/phases24_c24_seed42.in,LFU LFU LRU 2Q,4,6 6 6 6,24,10000,3845,6155,0.3845,9439,561,0.9439,5594
configs/exp4/lfu_lfu_lru_arc.cfg,experiments/data/phases24_c24_seed42.in,LFU LFU LRU ARC,4,6 6 6 6,24,10000,4059,5941,0.4059,9439,561,0.9439,5380
configs/exp4/lfu_lfu_lru_lfu.cfg,experiments/data/phases24_c24_seed42.in,LFU LFU LRU LFU,4,6 6 6 6,24,10000,3386,6614,0.3386,9439,561,0.9439,6053
configs/exp4/lfu_lfu_lru_lirs.cfg,experiments/data/phases24_c24_seed42.in,LFU LFU LRU LIRS,4,6 6 6 6,24,10000,4413,5587,0.4413,9439,561,0.9439,5026
configs/exp4/lfu_lfu_lru_lru.cfg,experiments/data/phases24_c24_seed42.in,LFU LFU LRU LRU,4,6 6 6 6,24,10000,3472,6528,0.3472,9439,561,0.9439,5967
configs/exp4/lfu_lirs.cfg,experiments/data/phases24_c24_seed42.in,LFU LIRS,2,12 12,24,10000,5738,4262,0.5738,9439,561,0.9439,3701
configs/exp4/lfu_lirs_2q.cfg,experiments/data/phases24_c24_seed42.in,LFU LIRS 2Q,3,8 8 8,24,10000,4868,5132,0.4868,9439,561,0.9439,4571
configs/exp4/lfu_lirs_2q_2q.cfg,experiments/data/phases24_c24_seed42.in,LFU LIRS 2Q 2Q,4,6 6 6 6,24,10000,4359,5641,0.4359,9439,561,0.9439,5080
configs/exp4/lfu_lirs_2q_arc.cfg,experiments/data/phases24_c24_seed42.in,LFU LIRS 2Q ARC,4,6 6 6 6,24,10000,5143,4857,0.5143,9439,561,0.9439,4296
configs/exp4/lfu_lirs_2q_lfu.cfg,experiments/data/phases24_c24_seed42.in,LFU LIRS 2Q LFU,4,6 6 6 6,24,10000,4075,5925,0.4075,9439,561,0.9439,5364
configs/exp4/lfu_lirs_2q_lirs.cfg,experiments/data/phases24_c24_seed42.in,LFU LIRS 2Q LIRS,4,6 6 6 6,24,10000,4401,5599,0.4401,9439,561,0.9439,5038
configs/exp4/lfu_lirs_2q_lru.cfg,experiments/data/phases24_c24_seed42.in,LFU LIRS 2Q LRU,4,6 6 6 6,24,10000,5073,4927,0.5073,9439,561,0.9439,4366
configs/exp4/lfu_lirs_arc.cfg,experiments/data/phases24_c24_seed42.in,LFU LIRS ARC,3,8 8 8,24,10000,5439,4561,0.5439,9439,561,0.9439,4000
configs/exp4/lfu_lirs_arc_2q.cfg,experiments/data/phases24_c24_seed42.in,LFU LIRS ARC 2Q,4,6 6 6 6,24,10000,5100,4900,0.51,9439,561,0.9439,4339
configs/exp4/lfu_lirs_arc_arc.cfg,experiments/data/phases24_c24_seed42.in,LFU LIRS ARC ARC,4,6 6 6 6,24,10000,4725,5275,0.4725,9439,561,0.9439,4714
configs/exp4/lfu_lirs_arc_lfu.cfg,experiments/data/phases24_c24_seed42.in,LFU LIRS ARC LFU,4,6 6 6 6,24,10000,4341,5659,0.4341,9439,561,0.9439,5098
configs/exp4/lfu_lirs_arc_lirs.cfg,experiments/data/phases24_c24_seed42.in,LFU LIRS ARC LIRS,4,6 6 6 6,24,10000,4876,5124,0.4876,9439,561,0.9439,4563
configs/exp4/lfu_lirs_arc_lru.cfg,experiments/data/phases24_c24_seed42.in,LFU LIRS ARC LRU,4,6 6 6 6,24,10000,4454,5546,0.4454,9439,561,0.9439,4985
configs/exp4/lfu_lirs_lfu.cfg,experiments/data/phases24_c24_seed42.in,LFU LIRS LFU,3,8 8 8,24,10000,4164,5836,0.4164,9439,561,0.9439,5275
configs/exp4/lfu_lirs_lfu_2q.cfg,experiments/data/phases24_c24_seed42.in,LFU LIRS LFU 2Q,4,6 6 6 6,24,10000,4236,5764,0.4236,9439,561,0.9439,5203
configs/exp4/lfu_lirs_lfu_arc.cfg,experiments/data/phases24_c24_seed42.in,LFU LIRS LFU ARC,4,6 6 6 6,24,10000,4498,5502,0.4498,9439,561,0.9439,4941
configs/exp4/lfu_lirs_lfu_lfu.cfg,experiments/data/phases24_c24_seed42.in,LFU LIRS LFU LFU,4,6 6 6 6,24,10000,3541,6459,0.3541,9439,561,0.9439,5898
configs/exp4/lfu_lirs_lfu_lirs.cfg,experiments/data/phases24_c24_seed42.in,LFU LIRS LFU LIRS,4,6 6 6 6,24,10000,3858,6142,0.3858,9439,561,0.9439,5581
configs/exp4/lfu_lirs_lfu_lru.cfg,experiments/data/phases24_c24_seed42.in,LFU LIRS LFU LRU,4,6 6 6 6,24,10000,4465,5535,0.4465,9439,561,0.9439,4974
configs/exp4/lfu_lirs_lirs.cfg,experiments/data/phases24_c24_seed42.in,LFU LIRS LIRS,3,8 8 8,24,10000,4607,5393,0.4607,9439,561,0.9439,4832
configs/exp4/lfu_lirs_lirs_2q.cfg,experiments/data/phases24_c24_seed42.in,LFU LIRS LIRS 2Q,4,6 6 6 6,24,10000,4226,5774,0.4226,9439,561,0.9439,5213
configs/exp4/lfu_lirs_lirs_arc.cfg,experiments/data/phases24_c24_seed42.in,LFU LIRS LIRS ARC,4,6 6 6 6,24,10000,4650,5350,0.465,9439,561,0.9439,4789
configs/exp4/lfu_lirs_lirs_lfu.cfg,experiments/data/phases24_c24_seed42.in,LFU LIRS LIRS LFU,4,6 6 6 6,24,10000,3729,6271,0.3729,9439,561,0.9439,5710
configs/exp4/lfu_lirs_lirs_lirs.cfg,experiments/data/phases24_c24_seed42.in,LFU LIRS LIRS LIRS,4,6 6 6 6,24,10000,3600,6400,0.36,9439,561,0.9439,5839
configs/exp4/lfu_lirs_lirs_lru.cfg,experiments/data/phases24_c24_seed42.in,LFU LIRS LIRS LRU,4,6 6 6 6,24,10000,4548,5452,0.4548,9439,561,0.9439,4891
configs/exp4/lfu_lirs_lru.cfg,experiments/data/phases24_c24_seed42.in,LFU LIRS LRU,3,8 8 8,24,10000,5370,4630,0.537,9439,561,0.9439,4069
configs/exp4/lfu_lirs_lru_2q.cfg,experiments/data/phases24_c24_seed42.in,LFU LIRS LRU 2Q,4,6 6 6 6,24,10000,4502,5498,0.4502,9439,561,0.9439,4937
configs/exp4/lfu_lirs_lru_arc.cfg,experiments/data/phases24_c24_seed42.in,LFU LIRS LRU ARC,4,6 6 6 6,24,10000,4706,5294,0.4706,9439,561,0.9439,4733
configs/exp4/lfu_lirs_lru_lfu.cfg,experiments/data/phases24_c24_seed42.in,LFU LIRS LRU LFU,4,6 6 6 6,24,10000,4262,5738,0.4262,9439,561,0.9439,5177
configs/exp4/lfu_lirs_lru_lirs.cfg,experiments/data/phases24_c24_seed42.in,LFU LIRS LRU LIRS,4,6 6 6 6,24,10000,4869,5131,0.4869,9439,561,0.9439,4570
configs/exp4/lfu_lirs_lru_lru.cfg,experiments/data/phases24_c24_seed42.in,LFU LIRS LRU LRU,4,6 6 6 6,24,10000,4245,5755,0.4245,9439,561,0.9439,5194
configs/exp4/lfu_lru.cfg,experiments/data/phases24_c24_seed42.in,LFU LRU,2,12 12,24,10000,5545,4455,0.5545,9439,561,0.9439,3894
configs/exp4/lfu_lru_2q.cfg,experiments/data/phases24_c24_seed42.in,LFU LRU 2Q,3,8 8 8,24,10000,4999,5001,0.4999,9439,561,0.9439,4440
configs/exp4/lfu_lru_2q_2q.cfg,experiments/data/phases24_c24_seed42.in,LFU LRU 2Q 2Q,4,6 6 6 6,24,10000,3744,6256,0.3744,9439,561,0.9439,5695
configs/exp4/lfu_lru_2q_arc.cfg,experiments/data/phases24_c24_seed42.in,LFU LRU 2Q ARC,4,6 6 6 6,24,10000,4251,5749,0.4251,9439,561,0.9439,5188
configs/exp4/lfu_lru_2q_lfu.cfg,experiments/data/phases24_c24_seed42.in,LFU LRU 2Q LFU,4,6 6 6 6,24,10000,3523,6477,0.3523,9439,561,0.9439,5916
configs/exp4/lfu_lru_2q_lirs.cfg,experiments/data/phases24_c24_seed42.in,LFU LRU 2Q LIRS,4,6 6 6 6,24,10000,4581,5419,0.4581,9439,561,0.9439,4858
configs/exp4/lfu_lru_2q_lru.cfg,experiments/data/phases24_c24_seed42.in,LFU LRU 2Q LRU,4,6 6 6 6,24,10000,3778,6222,0.3778,9439,561,0.9439,5661
configs/exp4/lfu_lru_arc.cfg,experiments/data/phases24_c24_seed42.in,LFU LRU ARC,3,8 8 8,24,10000,4535,5465,0.4535,9439,561,0.9439,4904
configs/exp4/lfu_lru_arc_2q.cfg,experiments/data/phases24_c24_seed42.in,LFU LRU ARC 2Q,4,6 6 6 6,24,10000,4431,5569,0.4431,9439,561,0.9439,5008
configs/exp4/lfu_lru_arc_arc.cfg,experiments/data/phases24_c24_seed42.in,LFU LRU ARC ARC,4,6 6 6 6,24,10000,3972,6028,0.3972,9439,561,0.9439,5467
configs/exp4/lfu_lru_arc_lfu.cfg,experiments/data/phases24_c24_seed42.in,LFU LRU ARC LFU,4,6 6 6 6,24,10000,3843,6157,0.3843,9439,561,0.9439,5596
configs/exp4/lfu_lru_arc_lirs.cfg,experiments/data/phases24_c24_seed42.in,LFU LRU ARC LIRS,4,6 6 6 6,24,10000,4501,5499,0.4501,9439,561,0.9439,4938
configs/exp4/lfu_lru_arc_lru.cfg,experiments/data/phases24_c24_seed42.in,LFU LRU ARC LRU,4,6 6 6 6,24,10000,3882,6118,0.3882,9439,561,0.9439,5557
configs/exp4/lfu_lru_lfu.cfg,experiments/data/phases24_c24_seed42.in,LFU LRU LFU,3,8 8 8,24,10000,4043,5957,0.4043,9439,561,0.9439,5396
configs/exp4/lfu_lru_lfu_2q.cfg,experiments/data/phases24_c24_seed42.in,LFU LRU LFU 2Q,4,6 6 6 6,24,10000,3464,6536,0.3464,9439,561,0.9439,5975
configs/exp4/lfu_lru_lfu_arc.cfg,experiments/data/phases24_c24_seed42.in,LFU LRU LFU ARC,4,6 6 6 6,24,10000,3714,6286,0.3714,9439,561,0.9439,5725
configs/exp4/lfu_lru_lfu_lfu.cfg,experiments/data/phases24_c24_seed42.in,LFU LRU LFU LFU,4,6 6 6 6,24,10000,3170,6830,0.317,9439,561,0.9439,6269
configs/exp4/lfu_lru_lfu_lirs.cfg,experiments/data/phases24_c24_seed42.in,LFU LRU LFU LIRS,4,6 6 6 6,24,10000,4079,5921,0.4079,9439,561,0.9439,5360
configs/exp4/lfu_lru_lfu_lru.cfg,experiments/data/phases24_c24_seed42.in,LFU LRU LFU LRU,4,6 6 6 6,24,10000,3130,6870,0.313,9439,561,0.9439,6309
configs/exp4/lfu_lru_lirs.cfg,experiments/data/phases24_c24_seed42.in,LFU LRU LIRS,3,8 8 8,24,10000,5182,4818,0.5182,9439,561,0.9439,4257
configs/exp4/lfu_lru_lirs_2q.cfg,experiments/data/phases24_c24_seed42.in,LFU LRU LIRS 2Q,4,6 6 6 6,24,10000,4862,5138,0.4862,9439,561,0.9439,4577
configs/exp4/lfu_lru_lirs_arc.cfg,experiments/data/phases24_c24_seed42.in,LFU LRU LIRS ARC,4,6 6 6 6,24,10000,4485,5515,0.4485,9439,561,0.9439,4954
configs/exp4/lfu_lru_lirs_lfu.cfg,experiments/data/phases24_c24_seed42.in,LFU LRU LIRS LFU,4,6 6 6 6,24,10000,4192,5808,0.4192,9439,561,0.9439,5247
configs/exp4/lfu_lru_lirs_lirs.cfg,experiments/data/phases24_c24_seed42.in,LFU LRU LIRS LIRS,4,6 6 6 6,24,10000,4378,5622,0.4378,9439,561,0.9439,5061
configs/exp4/lfu_lru_lirs_lru.cfg,experiments/data/phases24_c24_seed42.in,LFU LRU LIRS LRU,4,6 6 6 6,24,10000,4354,5646,0.4354,9439,561,0.9439,5085
configs/exp4/lfu_lru_lru.cfg,experiments/data/phases24_c24_seed42.in,LFU LRU LRU,3,8 8 8,24,10000,4113,5887,0.4113,9439,561,0.9439,5326
configs/exp4/lfu_lru_lru_2q.cfg,experiments/data/phases24_c24_seed42.in,LFU LRU LRU 2Q,4,6 6 6 6,24,10000,3306,6694,0.3306,9439,561,0.9439,6133
configs/exp4/lfu_lru_lru_arc.cfg,experiments/data/phases24_c24_seed42.in,LFU LRU LRU ARC,4,6 6 6 6,24,10000,3651,6349,0.3651,9439,561,0.9439,5788
configs/exp4/lfu_lru_lru_lfu.cfg,experiments/data/phases24_c24_seed42.in,LFU LRU LRU LFU,4,6 6 6 6,24,10000,3098,6902,0.3098,9439,561,0.9439,6341
configs/exp4/lfu_lru_lru_lirs.cfg,experiments/data/phases24_c24_seed42.in,LFU LRU LRU LIRS,4,6 6 6 6,24,10000,4077,5923,0.4077,9439,561,0.9439,5362
configs/exp4/lfu_lru_lru_lru.cfg,experiments/data/phases24_c24_seed42.in,LFU LRU LRU LRU,4,6 6 6 6,24,10000,3018,6982,0.3018,9439,561,0.9439,6421
configs/exp4/lirs_2q.cfg,experiments/data/phases24_c24_seed42.in,LIRS 2Q,2,12 12,24,10000,6136,3864,0.6136,9439,561,0.9439,3303
configs/exp4/lirs_2q_2q.cfg,experiments/data/phases24_c24_seed42.in,LIRS 2Q 2Q,3,8 8 8,24,10000,4809,5191,0.4809,9439,561,0.9439,4630
configs/exp4/lirs_2q_2q_2q.cfg,experiments/data/phases24_c24_seed42.in,LIRS 2Q 2Q 2Q,4,6 6 6 6,24,10000,4168,5832,0.4168,9439,561,0.9439,5271
configs/exp4/lirs_2q_2q_arc.cfg,experiments/data/phases24_c24_seed42.in,LIRS 2Q 2Q ARC,4,6 6 6 6,24,10000,5166,4834,0.5166,9439,561,0.9439,4273
configs/exp4/lirs_2q_2q_lfu.cfg,experiments/data/phases24_c24_seed42.in,LIRS 2Q 2Q LFU,4,6 6 6 6,24,10000,4192,5808,0.4192,9439,561,0.9439,5247
configs/exp4/lirs_2q_2q_lirs.cfg,experiments/data/phases24_c24_seed42.in,LIRS 2Q 2Q LIRS,4,6 6 6 6,24,10000,4476,5524,0.4476,9439,561,0.9439,4963
configs/exp4/lirs_2q_2q_lru.cfg,experiments/data/phases24_c24_seed42.in,LIRS 2Q 2Q LRU,4,6 6 6 6,24,10000,5091,4909,0.5091,9439,561,0.9439,4348
configs/exp4/lirs_2q_arc.cfg,experiments/data/phases24_c24_seed42.in,LIRS 2Q ARC,3,8 8 8,24,10000,5466,4534,0.5466,9439,561,0.9439,3973
configs/exp4/lirs_2q_arc_2q.cfg,experiments/data/phases24_c24_seed42.in,LIRS 2Q ARC 2Q,4,6 6 6 6,24,10000,5525,4475,0.5525,9439,561,0.9439,3914
configs/exp4/lirs_2q_arc_arc.cfg,experiments/data/phases24_c24_seed42.in,LIRS 2Q ARC ARC,4,6 6 6 6,24,10000,5212,4788,0.5212,9439,561,0.9439,4227
configs/exp4/lirs_2q_arc_lfu.cfg,experiments/data/phases24_c24_seed42.in,LIRS 2Q ARC LFU,4,6 6 6 6,24,10000,4915,5085,0.4915,9439,561,0.9439,4524
configs/exp4/lirs_2q_arc_lirs.cfg,experiments/data/phases24_c24_seed42.in,LIRS 2Q ARC LIRS,4,6 6 6 6,24,10000,5445,4555,0.5445,9439,561,0.9439,3994
configs/exp4/lirs_2q_arc_lru.cfg,experiments/data/phases24_c24_seed42.in,LIRS 2Q ARC LRU,4,6 6 6 6,24,10000,4917,5083,0.4917,9439,561,0.9439,4522
configs/exp4/lirs_2q_lfu.cfg,experiments/data/phases24_c24_seed42.in,LIRS 2Q LFU,3,8 8 8,24,10000,4598,5402,0.4598,9439,561,0.9439,4841
configs/exp4/lirs_2q_lfu_2q.cfg,experiments/data/phases24_c24_seed42.in,LIRS 2Q LFU 2Q,4,6 6 6 6,24,10000,4299,5701,0.4299,9439,561,0.9439,5140
configs/exp4/lirs_2q_lfu_arc.cfg,experiments/data/phases24_c24_seed42.in,LIRS 2Q LFU ARC,4,6 6 6 6,24,10000,4972,5028,0.4972,9439,561,0.9439,4467
configs/exp4/lirs_2q_lfu_lfu.cfg,experiments/data/phases24_c24_seed42.in,LIRS 2Q LFU LFU,4,6 6 6 6,24,10000,4085,5915,0.4085,9439,561,0.9439,5354
configs/exp4/lirs_2q_lfu_lirs.cfg,experiments/data/phases24_c24_seed42.in,LIRS 2Q LFU LIRS,4,6 6 6 6,24,10000,4363,5637,0.4363,9439,561,0.9439,5076
configs/exp4/lirs_2q_lfu_lru.cfg,experiments/data/phases24_c24_seed42.in,LIRS 2Q LFU LRU,4,6 6 6 6,24,10000,4939,5061,0.4939,9439,561,0.9439,4500
configs/exp4/lirs_2q_lirs.cfg,experiments/data/phases24_c24_seed42.in,LIRS 2Q LIRS,3,8 8 8,24,10000,5009,4991,0.5009,9439,561,0.9439,4430
configs/exp4/lirs_2q_lirs_2q.cfg,experiments/data/phases24_c24_seed42.in,LIRS 2Q LIRS 2Q,4,6 6 6 6,24,10000,4487,5513,0.4487,9439,561,0.9439,4952
configs/exp4/lirs_2q_lirs_arc.cfg,experiments/data/phases24_c24_seed42.in,LIRS 2Q LIRS ARC,4,6 6 6 6,24,10000,5170,4830,0.517,9439,561,0.9439,4269
configs/exp4/lirs_2q_lirs_lfu.cfg,experiments/data/phases24_c24_seed42.in,LIRS 2Q LIRS LFU,4,6 6 6 6,24,10000,4254,5746,0.4254,9439,561,0.9439,5185
configs/exp4/lirs_2q_lirs_lirs.cfg,experiments/data/phases24_c24_seed42.in,LIRS 2Q LIRS LIRS,4,6 6 6 6,24,10000,4140,5860,0.414,9439,561,0.9439,5299
configs/exp4/lirs_2q_lirs_lru.cfg,experiments/data/phases24_c24_seed42.in,LIRS 2Q LIRS LRU,4,6 6 6 6,24,10000,5026,4974,0.5026,9439,561,0.9439,4413
configs/exp4/lirs_2q_lru.cfg,experiments/data/phases24_c24_seed42.in,LIRS 2Q LRU,3,8 8 8,24,10000,5446,4554,0.5446,9439,561,0.9439,3993
configs/exp4/lirs_2q_lru_2q.cfg,experiments/data/phases24_c24_seed42.in,LIRS 2Q LRU 2Q,4,6 6 6 6,24,10000,4984,5016,0.4984,9439,561,0.9439,4455
configs/exp4/lirs_2q_lru_arc.cfg,experiments/data/phases24_c24_seed42.in,LIRS 2Q LRU ARC,4,6 6 6 6,24,10000,5116,4884,0.5116,9439,561,0.9439,4323
configs/exp4/lirs_2q_lru_lfu.cfg,experiments/data/phases24_c24_seed42.in,LIRS 2Q LRU LFU,4,6 6 6 6,24,10000,4739,5261,0.4739,9439,561,0.9439,4700
configs/exp4/lirs_2q_lru_lirs.cfg,experiments/data/phases24_c24_seed42.in,LIRS 2Q LRU LIRS,4,6 6 6 6,24,10000,5393,4607,0.5393,9439,561,0.9439,4046
configs/exp4/lirs_2q_lru_lru.cfg,experiments/data/phases24_c24_seed42.in,LIRS 2Q LRU LRU,4,6 6 6 6,24,10000,4734,5266,0.4734,9439,561,0.9439,4705
configs/exp4/lirs_arc.cfg,experiments/data/phases24_c24_seed42.in,LIRS ARC,2,12 12,24,10000,6368,3632,0.6368,9439,561,0.9439,3071
configs/exp4/lirs_arc_2q.cfg,experiments/data/phases24_c24_seed42.in,LIRS ARC 2Q,3,8 8 8,24,10000,5753,4247,0.5753,9439,561,0.9439,3686
configs/exp4/lirs_arc_2q_2q.cfg,experiments/data/phases24_c24_seed42.in,LIRS ARC 2Q 2Q,4,6 6 6 6,24,10000,5273,4727,0.5273,9439,561,0.9439,4166
configs/exp4/lirs_arc_2q_arc.cfg,experiments/data/phases24_c24_seed42.in,LIRS ARC 2Q ARC,4,6 6 6 6,24,10000,5189,4811,0.5189,9439,561,0.9439,4250
configs/exp4/lirs_arc_2q_lfu.cfg,experiments/data/phases24_c24_seed42.in,LIRS ARC 2Q LFU,4,6 6 6 6,24,10000,4803,5197,0.4803,9439,561,0.9439,4636
configs/exp4/lirs_arc_2q_lirs.cfg,experiments/data/phases24_c24_seed42.in,LIRS ARC 2Q LIRS,4,6 6 6 6,24,10000,5427,4573,0.5427,9439,561,0.9439,4012
configs/exp4/lirs_arc_2q_lru.cfg,experiments/data/phases24_c24_seed42.in,LIRS ARC 2Q LRU,4,6 6 6 6,24,10000,5061,4939,0.5061,9439,561,0.9439,4378
configs/exp4/lirs_arc_arc.cfg,experiments/data/phases24_c24_seed42.in,LIRS ARC ARC,3,8 8 8,24,10000,5396,4604,0.5396,9439,561,0.9439,4043
configs/exp4/lirs_arc_arc_2q.cfg,experiments/data/phases24_c24_seed42.in,LIRS ARC ARC 2Q,4,6 6 6 6,24,10000,5019,4981,0.5019,9439,561,0.9439,4420
configs/exp4/lirs_arc_arc_arc.cfg,experiments/data/phases24_c24_seed42.in,LIRS ARC ARC ARC,4,6 6 6 6,24,10000,4580,5420,0.458,9439,561,0.9439,4859
configs/exp4/lirs_arc_arc_lfu.cfg,experiments/data/phases24_c24_seed42.in,LIRS ARC ARC LFU,4,6 6 6 6,24,10000,4462,5538,0.4462,9439,561,0.9439,4977
configs/exp4/lirs_arc_arc_lirs.cfg,experiments/data/phases24_c24_seed42.in,LIRS ARC ARC LIRS,4,6 6 6 6,24,10000,4886,5114,0.4886,9439,561,0.9439,4553
configs/exp4/lirs_arc_arc_lru.cfg,experiments/data/phases24_c24_seed42.in,LIRS ARC ARC LRU,4,6 6 6 6,24,10000,4497,5503,0.4497,9439,561,0.9439,4942
configs/exp4/lirs_arc_lfu.cfg,experiments/data/phases24_c24_seed42.in,LIRS ARC LFU,3,8 8 8,24,10000,5053,4947,0.5053,9439,561,0.9439,4386
configs/exp4/lirs_arc_lfu_2q.cfg,experiments/data/phases24_c24_seed42.in,LIRS ARC LFU 2Q,4,6 6 6 6,24,10000,4893,5107,0.4893,9439,561,0.9439,4546
configs/exp4/lirs_arc_lfu_arc.cfg,experiments/data/phases24_c24_seed42.in,LIRS ARC LFU ARC,4,6 6 6 6,24,10000,4492,5508,0.4492,9439,561,0.9439,4947
configs/exp4/lirs_arc_lfu_lfu.cfg,experiments/data/phases24_c24_seed42.in,LIRS ARC LFU LFU,4,6 6 6 6,24,10000,4165,5835,0.4165,9439,561,0.9439,5274
configs/exp4/lirs_arc_lfu_lirs.cfg,experiments/data/phases24_c24_seed42.in,LIRS ARC LFU LIRS,4,6 6 6 6,24,10000,4655,5345,0.4655,9439,561,0.9439,4784
configs/exp4/lirs_arc_lfu_lru.cfg,experiments/data/phases24_c24_seed42.in,LIRS ARC LFU LRU,4,6 6 6 6,24,10000,4239,5761,0.4239,9439,561,0.9439,5200
configs/exp4/lirs_arc_lirs.cfg,experiments/data/phases24_c24_seed42.in,LIRS ARC LIRS,3,8 8 8,24,10000,5756,4244,0.5756,9439,561,0.9439,3683
configs/exp4/lirs_arc_lirs_2q.cfg,experiments/data/phases24_c24_seed42.in,LIRS ARC LIRS 2Q,4,6 6 6 6,24,10000,5200,4800,0.52,9439,561,0.9439,4239
configs/exp4/lirs_arc_lirs_arc.cfg,experiments/data/phases24_c24_seed42.in,LIRS ARC LIRS ARC,4,6 6 6 6,24,10000,4816,5184,0.4816,9439,561,0.9439,4623
configs/exp4/lirs_arc_lirs_lfu.cfg,experiments/data/phases24_c24_seed42.in,LIRS ARC LIRS LFU,4,6 6 6 6,24,10000,4608,5392,0.4608,9439,561,0.9439,4831
configs/exp4/lirs_arc_lirs_lirs.cfg,experiments/data/phases24_c24_seed42.in,LIRS ARC LIRS LIRS,4,6 6 6 6,24,10000,4667,5333,0.4667,9439,561,0.9439,4772
configs/exp4/lirs_arc_lirs_lru.cfg,experiments/data/phases24_c24_seed42.in,LIRS ARC LIRS LRU,4,6 6 6 6,24,10000,4714,5286,0.4714,9439,561,0.9439,4725
configs/exp4/lirs_arc_lru.cfg,experiments/data/phases24_c24_seed42.in,LIRS ARC LRU,3,8 8 8,24,10000,5095,4905,0.5095,9439,561,0.9439,4344
configs/exp4/lirs_arc_lru_2q.cfg,experiments/data/phases24_c24_seed42.in,LIRS ARC LRU 2Q,4,6 6 6 6,24,10000,4236,5764,0.4236,9439,561,0.9439,5203
configs/exp4/lirs_arc_lru_arc.cfg,experiments/data/phases24_c24_seed42.in,LIRS ARC LRU ARC,4,6 6 6 6,24,10000,4541,5459,0.4541,9439,561,0.9439,4898
configs/exp4/lirs_arc_lru_lfu.cfg,experiments/data/phases24_c24_seed42.in,LIRS ARC LRU LFU,4,6 6 6 6,24,10000,4019,5981,0.4019,9439,561,0.9439,5420
configs/exp4/lirs_arc_lru_lirs.cfg,experiments/data/phases24_c24_seed42.in,LIRS ARC LRU LIRS,4,6 6 6 6,24,10000,4715,5285,0.4715,9439,561,0.9439,4724
configs/exp4/lirs_arc_lru_lru.cfg,experiments/data/phases24_c24_seed42.in,LIRS ARC LRU LRU,4,6 6 6 6,24,10000,3964,6036,0.3964,9439,561,0.9439,5475
configs/exp4/lirs_lfu.cfg,experiments/data/phases24_c24_seed42.in,LIRS LFU,2,12 12,24,10000,5254,4746,0.5254,9439,561,0.9439,4185
configs/exp4/lirs_lfu_2q.cfg,experiments/data/phases24_c24_seed42.in,LIRS LFU 2Q,3,8 8 8,24,10000,4757,5243,0.4757,9439,561,0.9439,4682
configs/exp4/lirs_lfu_2q_2q.cfg,experiments/data/phases24_c24_seed42.in,LIRS LFU 2Q 2Q,4,6 6 6 6,24,10000,4301,5699,0.4301,9439,561,0.9439,5138
configs/exp4/lirs_lfu_2q_arc.cfg,experiments/data/phases24_c24_seed42.in,LIRS LFU 2Q ARC,4,6 6 6 6,24,10000,5032,4968,0.5032,9439,561,0.9439,4407
configs/exp4/lirs_lfu_2q_lfu.cfg,experiments/data/phases24_c24_seed42.in,LIRS LFU 2Q LFU,4,6 6 6 6,24,10000,4106,5894,0.4106,9439,561,0.9439,5333
configs/exp4/lirs_lfu_2q_lirs.cfg,experiments/data/phases24_c24_seed42.in,LIRS LFU 2Q LIRS,4,6 6 6 6,24,10000,4384,5616,0.4384,9439,561,0.9439,5055
configs/exp4/lirs_lfu_2q_lru.cfg,experiments/data/phases24_c24_seed42.in,LIRS LFU 2Q LRU,4,6 6 6 6,24,10000,4993,5007,0.4993,9439,561,0.9439,4446
configs/exp4/lirs_lfu_arc.cfg,experiments/data/phases24_c24_seed42.in,LIRS LFU ARC,3,8 8 8,24,10000,5226,4774,0.5226,9439,561,0.9439,4213
configs/exp4/lirs_lfu_arc_2q.cfg,experiments/data/phases24_c24_seed42.in,LIRS LFU ARC 2Q,4,6 6 6 6,24,10000,4973,5027,0.4973,9439,561,0.9439,4466
configs/exp4/lirs_lfu_arc_arc.cfg,experiments/data/phases24_c24_seed42.in,LIRS LFU ARC ARC,4,6 6 6 6,24,10000,4568,5432,0.4568,9439,561,0.9439,4871
configs/exp4/lirs_lfu_arc_lfu.cfg,experiments/data/phases24_c24_seed42.in,LIRS LFU ARC LFU,4,6 6 6 6,24,10000,4255,5745,0.4255,9439,561,0.9439,5184
configs/exp4/lirs_lfu_arc_lirs.cfg,experiments/data/phases24_c24_seed42.in,LIRS LFU ARC LIRS,4,6 6 6 6,24,10000,4738,5262,0.4738,9439,561,0.9439,4701
configs/exp4/lirs_lfu_arc_lru.cfg,experiments/data/phases24_c24_seed42.in,LIRS LFU ARC LRU,4,6 6 6 6,24,10000,4326,5674,0.4326,9439,561,0.9439,5113
configs/exp4/lirs_lfu_lfu.cfg,experiments/data/phases24_c24_seed42.in,LIRS LFU LFU,3,8 8 8,24,10000,4081,5919,0.4081,9439,561,0.9439,5358
configs/exp4/lirs_lfu_lfu_2q.cfg,experiments/data/phases24_c24_seed42.in,LIRS LFU LFU 2Q,4,6 6 6 6,24,10000,4111,5889,0.4111,9439,561,0.9439,5328
configs/exp4/lirs_lfu_lfu_arc.cfg,experiments/data/phases24_c24_seed42.in,LIRS LFU LFU ARC,4,6 6 6 6,24,10000,4323,5677,0.4323,9439,561,0.9439,5116
configs/exp4/lirs_lfu_lfu_lfu.cfg,experiments/data/phases24_c24_seed42.in,LIRS LFU LFU LFU,4,6 6 6 6,24,10000,3465,6535,0.3465,9439,561,0.9439,5974
configs/exp4/lirs_lfu_lfu_lirs.cfg,experiments/data/phases24_c24_seed42.in,LIRS LFU LFU LIRS,4,6 6 6 6,24,10000,3741,6259,0.3741,9439,561,0.9439,5698
configs/exp4/lirs_lfu_lfu_lru.cfg,experiments/data/phases24_c24_seed42.in,LIRS LFU LFU LRU,4,6 6 6 6,24,10000,4298,5702,0.4298,9439,561,0.9439,5141
configs/exp4/lirs_lfu_lirs.cfg,experiments/data/phases24_c24_seed42.in,LIRS LFU LIRS,3,8 8 8,24,10000,4530,5470,0.453,9439,561,0.9439,4909
configs/exp4/lirs_lfu_lirs_2q.cfg,experiments/data/phases24_c24_seed42.in,LIRS LFU LIRS 2Q,4,6 6 6 6,24,10000,4223,5777,0.4223,9439,561,0.9439,5216
configs/exp4/lirs_lfu_lirs_arc.cfg,experiments/data/phases24_c24_seed42.in,LIRS LFU LIRS ARC,4,6 6 6 6,24,10000,4543,5457,0.4543,9439,561,0.9439,4896
configs/exp4/lirs_lfu_lirs_lfu.cfg,experiments/data/phases24_c24_seed42.in,LIRS LFU LIRS LFU,4,6 6 6 6,24,10000,3652,6348,0.3652,9439,561,0.9439,5787
configs/exp4/lirs_lfu_lirs_lirs.cfg,experiments/data/phases24_c24_seed42.in,LIRS LFU LIRS LIRS,4,6 6 6 6,24,10000,3607,6393,0.3607,9439,561,0.9439,5832
configs/exp4/lirs_lfu_lirs_lru.cfg,experiments/data/phases24_c24_seed42.in,LIRS LFU LIRS LRU,4,6 6 6 6,24,10000,4528,5472,0.4528,9439,561,0.9439,4911
configs/exp4/lirs_lfu_lru.cfg,experiments/data/phases24_c24_seed42.in,LIRS LFU LRU,3,8 8 8,24,10000,5188,4812,0.5188,9439,561,0.9439,4251
configs/exp4/lirs_lfu_lru_2q.cfg,experiments/data/phases24_c24_seed42.in,LIRS LFU LRU 2Q,4,6 6 6 6,24,10000,4450,5550,0.445,9439,561,0.9439,4989
configs/exp4/lirs_lfu_lru_arc.cfg,experiments/data/phases24_c24_seed42.in,LIRS LFU LRU ARC,4,6 6 6 6,24,10000,4635,5365,0.4635,9439,561,0.9439,4804
configs/exp4/lirs_lfu_lru_lfu.cfg,experiments/data/phases24_c24_seed42.in,LIRS LFU LRU LFU,4,6 6 6 6,24,10000,4139,5861,0.4139,9439,561,0.9439,5300
configs/exp4/lirs_lfu_lru_lirs.cfg,experiments/data/phases24_c24_seed42.in,LIRS LFU LRU LIRS,4,6 6 6 6,24,10000,4788,5212,0.4788,9439,561,0.9439,4651
configs/exp4/lirs_lfu_lru_lru.cfg,experiments/data/phases24_c24_seed42.in,LIRS LFU LRU LRU,4,6 6 6 6,24,10000,4111,5889,0.4111,9439,561,0.9439,5328
configs/exp4/lirs_lirs_2q.cfg,experiments/data/phases24_c24_seed42.in,LIRS LIRS 2Q,3,8 8 8,24,10000,4739,5261,0.4739,9439,561,0.9439,4700
configs/exp4/lirs_lirs_2q_2q.cfg,experiments/data/phases24_c24_seed42.in,LIRS LIRS 2Q 2Q,4,6 6 6 6,24,10000,4230,5770,0.423,9439,561,0.9439,5209
configs/exp4/lirs_lirs_2q_arc.cfg,experiments/data/phases24_c24_seed42.in,LIRS LIRS 2Q ARC,4,6 6 6 6,24,10000,5043,4957,0.5043,9439,561,0.9439,4396
configs/exp4/lirs_lirs_2q_lfu.cfg,experiments/data/phases24_c24_seed42.in,LIRS LIRS 2Q LFU,4,6 6 6 6,24,10000,4099,5901,0.4099,9439,561,0.9439,5340
configs/exp4/lirs_lirs_2q_lirs.cfg,experiments/data/phases24_c24_seed42.in,LIRS LIRS 2Q LIRS,4,6 6 6 6,24,10000,4120,5880,0.412,9439,561,0.9439,5319
configs/exp4/lirs_lirs_2q_lru.cfg,experiments/data/phases24_c24_seed42.in,LIRS LIRS 2Q LRU,4,6 6 6 6,24,10000,4914,5086,0.4914,9439,561,0.9439,4525
configs/exp4/lirs_lirs_arc.cfg,experiments/data/phases24_c24_seed42.in,LIRS LIRS ARC,3,8 8 8,24,10000,5483,4517,0.5483,9439,561,0.9439,3956
configs/exp4/lirs_lirs_arc_2q.cfg,experiments/data/phases24_c24_seed42.in,LIRS LIRS ARC 2Q,4,6 6 6 6,24,10000,5044,4956,0.5044,9439,561,0.9439,4395
configs/exp4/lirs_lirs_arc_arc.cfg,experiments/data/phases24_c24_seed42.in,LIRS LIRS ARC ARC,4,6 6 6 6,24,10000,4663,5337,0.4663,9439,561,0.9439,4776
configs/exp4/lirs_lirs_arc_lfu.cfg,experiments/data/phases24_c24_seed42.in,LIRS LIRS ARC LFU,4,6 6 6 6,24,10000,4343,5657,0.4343,9439,561,0.9439,5096
configs/exp4/lirs_lirs_arc_lirs.cfg,experiments/data/phases24_c24_seed42.in,LIRS LIRS ARC LIRS,4,6 6 6 6,24,10000,4712,5288,0.4712,9439,561,0.9439,4727
configs/exp4/lirs_lirs_arc_lru.cfg,experiments/data/phases24_c24_seed42.in,LIRS LIRS ARC LRU,4,6 6 6 6,24,10000,4363,5637,0.4363,9439,561,0.9439,5076
configs/exp4/lirs_lirs_lfu.cfg,experiments/data/phases24_c24_seed42.in,LIRS LIRS LFU,3,8 8 8,24,10000,4332,5668,0.4332,9439,561,0.9439,5107
configs/exp4/lirs_lirs_lfu_2q.cfg,experiments/data/phases24_c24_seed42.in,LIRS LIRS LFU 2Q,4,6 6 6 6,24,10000,4158,5842,0.4158,9439,561,0.9439,5281
configs/exp4/lirs_lirs_lfu_arc.cfg,experiments/data/phases24_c24_seed42.in,LIRS LIRS LFU ARC,4,6 6 6 6,24,10000,4460,5540,0.446,9439,561,0.9439,4979
configs/exp4/lirs_lirs_lfu_lfu.cfg,experiments/data/phases24_c24_seed42.in,LIRS LIRS LFU LFU,4,6 6 6 6,24,10000,3564,6436,0.3564,9439,561,0.9439,5875
configs/exp4/lirs_lirs_lfu_lirs.cfg,experiments/data/phases24_c24_seed42.in,LIRS LIRS LFU LIRS,4,6 6 6 6,24,10000,3556,6444,0.3556,9439,561,0.9439,5883
configs/exp4/lirs_lirs_lfu_lru.cfg,experiments/data/phases24_c24_seed42.in,LIRS LIRS LFU LRU,4,6 6 6 6,24,10000,4431,5569,0.4431,9439,561,0.9439,5008
configs/exp4/lirs_lirs_lirs_2q.cfg,experiments/data/phases24_c24_seed42.in,LIRS LIRS LIRS 2Q,4,6 6 6 6,24,10000,3929,6071,0.3929,9439,561,0.9439,5510
configs/exp4/lirs_lirs_lirs_arc.cfg,experiments/data/phases24_c24_seed42.in,LIRS LIRS LIRS ARC,4,6 6 6 6,24,10000,4298,5702,0.4298,9439,561,0.9439,5141
configs/exp4/lirs_lirs_lirs_lfu.cfg,experiments/data/phases24_c24_seed42.in,LIRS LIRS LIRS LFU,4,6 6 6 6,24,10000,3459,6541,0.3459,9439,561,0.9439,5980
configs/exp4/lirs_lirs_lirs_lru.cfg,experiments/data/phases24_c24_seed42.in,LIRS LIRS LIRS LRU,4,6 6 6 6,24,10000,4222,5778,0.4222,9439,561,0.9439,5217
configs/exp4/lirs_lirs_lru.cfg,experiments/data/phases24_c24_seed42.in,LIRS LIRS LRU,3,8 8 8,24,10000,5322,4678,0.5322,9439,561,0.9439,4117
configs/exp4/lirs_lirs_lru_2q.cfg,experiments/data/phases24_c24_seed42.in,LIRS LIRS LRU 2Q,4,6 6 6 6,24,10000,4430,5570,0.443,9439,561,0.9439,5009
configs/exp4/lirs_lirs_lru_arc.cfg,experiments/data/phases24_c24_seed42.in,LIRS LIRS LRU ARC,4,6 6 6 6,24,10000,4657,5343,0.4657,9439,561,0.9439,4782
configs/exp4/lirs_lirs_lru_lfu.cfg,experiments/data/phases24_c24_seed42.in,LIRS LIRS LRU LFU,4,6 6 6 6,24,10000,4228,5772,0.4228,9439,561,0.9439,5211
configs/exp4/lirs_lirs_lru_lirs.cfg,experiments/data/phases24_c24_seed42.in,LIRS LIRS LRU LIRS,4,6 6 6 6,24,10000,4688,5312,0.4688,9439,561,0.9439,4751
configs/exp4/lirs_lirs_lru_lru.cfg,experiments/data/phases24_c24_seed42.in,LIRS LIRS LRU LRU,4,6 6 6 6,24,10000,4191,5809,0.4191,9439,561,0.9439,5248
configs/exp4/lirs_lru.cfg,experiments/data/phases24_c24_seed42.in,LIRS LRU,2,12 12,24,10000,6440,3560,0.644,9439,561,0.9439,2999
configs/exp4/lirs_lru_2q.cfg,experiments/data/phases24_c24_seed42.in,LIRS LRU 2Q,3,8 8 8,24,10000,5570,4430,0.557,9439,561,0.9439,3869
configs/exp4/lirs_lru_2q_2q.cfg,experiments/data/phases24_c24_seed42.in,LIRS LRU 2Q 2Q,4,6 6 6 6,24,10000,4361,5639,0.4361,9439,561,0.9439,5078
configs/exp4/lirs_lru_2q_arc.cfg,experiments/data/phases24_c24_seed42.in,LIRS LRU 2Q ARC,4,6 6 6 6,24,10000,4749,5251,0.4749,9439,561,0.9439,4690
configs/exp4/lirs_lru_2q_lfu.cfg,experiments/data/phases24_c24_seed42.in,LIRS LRU 2Q LFU,4,6 6 6 6,24,10000,4200,5800,0.42,9439,561,0.9439,5239
configs/exp4/lirs_lru_2q_lirs.cfg,experiments/data/phases24_c24_seed42.in,LIRS LRU 2Q LIRS,4,6 6 6 6,24,10000,4950,5050,0.495,9439,561,0.9439,4489
configs/exp4/lirs_lru_2q_lru.cfg,experiments/data/phases24_c24_seed42.in,LIRS LRU 2Q LRU,4,6 6 6 6,24,10000,4346,5654,0.4346,9439,561,0.9439,5093
configs/exp4/lirs_lru_arc.cfg,experiments/data/phases24_c24_seed42.in,LIRS LRU ARC,3,8 8 8,24,10000,5352,4648,0.5352,9439,561,0.9439,4087
configs/exp4/lirs_lru_arc_2q.cfg,experiments/data/phases24_c24_seed42.in,LIRS LRU ARC 2Q,4,6 6 6 6,24,10000,4902,5098,0.4902,9439,561,0.9439,4537
configs/exp4/lirs_lru_arc_arc.cfg,experiments/data/phases24_c24_seed42.in,LIRS LRU ARC ARC,4,6 6 6 6,24,10000,4667,5333,0.4667,9439,561,0.9439,4772
configs/exp4/lirs_lru_arc_lfu.cfg,experiments/data/phases24_c24_seed42.in,LIRS LRU ARC LFU,4,6 6 6 6,24,10000,4470,5530,0.447,9439,561,0.9439,4969
configs/exp4/lirs_lru_arc_lirs.cfg,experiments/data/phases24_c24_seed42.in,LIRS LRU ARC LIRS,4,6 6 6 6,24,10000,5015,4985,0.5015,9439,561,0.9439,4424
configs/exp4/lirs_lru_arc_lru.cfg,experiments/data/phases24_c24_seed42.in,LIRS LRU ARC LRU,4,6 6 6 6,24,10000,4493,5507,0.4493,9439,561,0.9439,4946
configs/exp4/lirs_lru_lfu.cfg,experiments/data/phases24_c24_seed42.in,LIRS LRU LFU,3,8 8 8,24,10000,4887,5113,0.4887,9439,561,0.9439,4552
configs/exp4/lirs_lru_lfu_2q.cfg,experiments/data/phases24_c24_seed42.in,LIRS LRU LFU 2Q,4,6 6 6 6,24,10000,4258,5742,0.4258,9439,561,0.9439,5181
configs/exp4/lirs_lru_lfu_arc.cfg,experiments/data/phases24_c24_seed42.in,LIRS LRU LFU ARC,4,6 6 6 6,24,10000,4421,5579,0.4421,9439,561,0.9439,5018
configs/exp4/lirs_lru_lfu_lfu.cfg,experiments/data/phases24_c24_seed42.in,LIRS LRU LFU LFU,4,6 6 6 6,24,10000,3951,6049,0.3951,9439,561,0.9439,5488
configs/exp4/lirs_lru_lfu_lirs.cfg,experiments/data/phases24_c24_seed42.in,LIRS LRU LFU LIRS,4,6 6 6 6,24,10000,4583,5417,0.4583,9439,561,0.9439,4856
configs/exp4/lirs_lru_lfu_lru.cfg,experiments/data/phases24_c24_seed42.in,LIRS LRU LFU LRU,4,6 6 6 6,24,10000,3916,6084,0.3916,9439,561,0.9439,5523
configs/exp4/lirs_lru_lirs.cfg,experiments/data/phases24_c24_seed42.in,LIRS LRU LIRS,3,8 8 8,24,10000,5699,4301,0.5699,9439,561,0.9439,3740
configs/exp4/lirs_lru_lirs_2q.cfg,experiments/data/phases24_c24_seed42.in,LIRS LRU LIRS 2Q,4,6 6 6 6,24,10000,5253,4747,0.5253,9439,561,0.9439,4186
configs/exp4/lirs_lru_lirs_arc.cfg,experiments/data/phases24_c24_seed42.in,LIRS LRU LIRS ARC,4,6 6 6 6,24,10000,4847,5153,0.4847,9439,561,0.9439,4592
configs/exp4/lirs_lru_lirs_lfu.cfg,experiments/data/phases24_c24_seed42.in,LIRS LRU LIRS LFU,4,6 6 6 6,24,10000,4556,5444,0.4556,9439,561,0.9439,4883
configs/exp4/lirs_lru_lirs_lirs.cfg,experiments/data/phases24_c24_seed42.in,LIRS LRU LIRS LIRS,4,6 6 6 6,24,10000,4705,5295,0.4705,9439,561,0.9439,4734
configs/exp4/lirs_lru_lirs_lru.cfg,experiments/data/phases24_c24_seed42.in,LIRS LRU LIRS LRU,4,6 6 6 6,24,10000,4646,5354,0.4646,9439,561,0.9439,4793
configs/exp4/lirs_lru_lru.cfg,experiments/data/phases24_c24_seed42.in,LIRS LRU LRU,3,8 8 8,24,10000,4874,5126,0.4874,9439,561,0.9439,4565
configs/exp4/lirs_lru_lru_2q.cfg,experiments/data/phases24_c24_seed42.in,LIRS LRU LRU 2Q,4,6 6 6 6,24,10000,4001,5999,0.4001,9439,561,0.9439,5438
configs/exp4/lirs_lru_lru_arc.cfg,experiments/data/phases24_c24_seed42.in,LIRS LRU LRU ARC,4,6 6 6 6,24,10000,4298,5702,0.4298,9439,561,0.9439,5141
configs/exp4/lirs_lru_lru_lfu.cfg,experiments/data/phases24_c24_seed42.in,LIRS LRU LRU LFU,4,6 6 6 6,24,10000,3824,6176,0.3824,9439,561,0.9439,5615
configs/exp4/lirs_lru_lru_lirs.cfg,experiments/data/phases24_c24_seed42.in,LIRS LRU LRU LIRS,4,6 6 6 6,24,10000,4524,5476,0.4524,9439,561,0.9439,4915
configs/exp4/lirs_lru_lru_lru.cfg,experiments/data/phases24_c24_seed42.in,LIRS LRU LRU LRU,4,6 6 6 6,24,10000,3747,6253,0.3747,9439,561,0.9439,5692
configs/exp4/lru_2q.cfg,experiments/data/phases24_c24_seed42.in,LRU 2Q,2,12 12,24,10000,5957,4043,0.5957,9439,561,0.9439,3482
configs/exp4/lru_2q_2q.cfg,experiments/data/phases24_c24_seed42.in,LRU 2Q 2Q,3,8 8 8,24,10000,5188,4812,0.5188,9439,561,0.9439,4251
configs/exp4/lru_2q_2q_2q.cfg,experiments/data/phases24_c24_seed42.in,LRU 2Q 2Q 2Q,4,6 6 6 6,24,10000,3685,6315,0.3685,9439,561,0.9439,5754
configs/exp4/lru_2q_2q_arc.cfg,experiments/data/phases24_c24_seed42.in,LRU 2Q 2Q ARC,4,6 6 6 6,24,10000,4197,5803,0.4197,9439,561,0.9439,5242
configs/exp4/lru_2q_2q_lfu.cfg,experiments/data/phases24_c24_seed42.in,LRU 2Q 2Q LFU,4,6 6 6 6,24,10000,3499,6501,0.3499,9439,561,0.9439,5940
configs/exp4/lru_2q_2q_lirs.cfg,experiments/data/phases24_c24_seed42.in,LRU 2Q 2Q LIRS,4,6 6 6 6,24,10000,4588,5412,0.4588,9439,561,0.9439,4851
configs/exp4/lru_2q_2q_lru.cfg,experiments/data/phases24_c24_seed42.in,LRU 2Q 2Q LRU,4,6 6 6 6,24,10000,3764,6236,0.3764,9439,561,0.9439,5675
configs/exp4/lru_2q_arc.cfg,experiments/data/phases24_c24_seed42.in,LRU 2Q ARC,3,8 8 8,24,10000,5233,4767,0.5233,9439,561,0.9439,4206
configs/exp4/lru_2q_arc_2q.cfg,experiments/data/phases24_c24_seed42.in,LRU 2Q ARC 2Q,4,6 6 6 6,24,10000,4570,5430,0.457,9439,561,0.9439,4869
configs/exp4/lru_2q_arc_arc.cfg,experiments/data/phases24_c24_seed42.in,LRU 2Q ARC ARC,4,6 6 6 6,24,10000,4213,5787,0.4213,9439,561,0.9439,5226
configs/exp4/lru_2q_arc_lfu.cfg,experiments/data/phases24_c24_seed42.in,LRU 2Q ARC LFU,4,6 6 6 6,24,10000,4013,5987,0.4013,9439,561,0.9439,5426
configs/exp4/lru_2q_arc_lirs.cfg,experiments/data/phases24_c24_seed42.in,LRU 2Q ARC LIRS,4,6 6 6 6,24,10000,4702,5298,0.4702,9439,561,0.9439,4737
configs/exp4/lru_2q_arc_lru.cfg,experiments/data/phases24_c24_seed42.in,LRU 2Q ARC LRU,4,6 6 6 6,24,10000,4076,5924,0.4076,9439,561,0.9439,5363
configs/exp4/lru_2q_lfu.cfg,experiments/data/phases24_c24_seed42.in,LRU 2Q LFU,3,8 8 8,24,10000,4654,5346,0.4654,9439,561,0.9439,4785
configs/exp4/lru_2q_lfu_2q.cfg,experiments/data/phases24_c24_seed42.in,LRU 2Q LFU 2Q,4,6 6 6 6,24,10000,3610,6390,0.361,9439,561,0.9439,5829
configs/exp4/lru_2q_lfu_arc.cfg,experiments/data/phases24_c24_seed42.in,LRU 2Q LFU ARC,4,6 6 6 6,24,10000,3992,6008,0.3992,9439,561,0.9439,5447
configs/exp4/lru_2q_lfu_lfu.cfg,experiments/data/phases24_c24_seed42.in,LRU 2Q LFU LFU,4,6 6 6 6,24,10000,3418,6582,0.3418,9439,561,0.9439,6021
configs/exp4/lru_2q_lfu_lirs.cfg,experiments/data/phases24_c24_seed42.in,LRU 2Q LFU LIRS,4,6 6 6 6,24,10000,4354,5646,0.4354,9439,561,0.9439,5085
configs/exp4/lru_2q_lfu_lru.cfg,experiments/data/phases24_c24_seed42.in,LRU 2Q LFU LRU,4,6 6 6 6,24,10000,3485,6515,0.3485,9439,561,0.9439,5954
configs/exp4/lru_2q_lirs.cfg,experiments/data/phases24_c24_seed42.in,LRU 2Q LIRS,3,8 8 8,24,10000,5788,4212,0.5788,9439,561,0.9439,3651
configs/exp4/lru_2q_lirs_2q.cfg,experiments/data/phases24_c24_seed42.in,LRU 2Q LIRS 2Q,4,6 6 6 6,24,10000,4997,5003,0.4997,9439,561,0.9439,4442
configs/exp4/lru_2q_lirs_arc.cfg,experiments/data/phases24_c24_seed42.in,LRU 2Q LIRS ARC,4,6 6 6 6,24,10000,4742,5258,0.4742,9439,561,0.9439,4697
configs/exp4/lru_2q_lirs_lfu.cfg,experiments/data/phases24_c24_seed42.in,LRU 2Q LIRS LFU,4,6 6 6 6,24,10000,4353,5647,0.4353,9439,561,0.9439,5086
configs/exp4/lru_2q_lirs_lirs.cfg,experiments/data/phases24_c24_seed42.in,LRU 2Q LIRS LIRS,4,6 6 6 6,24,10000,4598,5402,0.4598,9439,561,0.9439,4841
configs/exp4/lru_2q_lirs_lru.cfg,experiments/data/phases24_c24_seed42.in,LRU 2Q LIRS LRU,4,6 6 6 6,24,10000,4632,5368,0.4632,9439,561,0.9439,4807
configs/exp4/lru_2q_lru.cfg,experiments/data/phases24_c24_seed42.in,LRU 2Q LRU,3,8 8 8,24,10000,5019,4981,0.5019,9439,561,0.9439,4420
configs/exp4/lru_2q_lru_2q.cfg,experiments/data/phases24_c24_seed42.in,LRU 2Q LRU 2Q,4,6 6 6 6,24,10000,3554,6446,0.3554,9439,561,0.9439,5885
configs/exp4/lru_2q_lru_arc.cfg,experiments/data/phases24_c24_seed42.in,LRU 2Q LRU ARC,4,6 6 6 6,24,10000,3855,6145,0.3855,9439,561,0.9439,5584
configs/exp4/lru_2q_lru_lfu.cfg,experiments/data/phases24_c24_seed42.in,LRU 2Q LRU LFU,4,6 6 6 6,24,10000,3351,6649,0.3351,9439,561,0.9439,6088
configs/exp4/lru_2q_lru_lirs.cfg,experiments/data/phases24_c24_seed42.in,LRU 2Q LRU LIRS,4,6 6 6 6,24,10000,4379,5621,0.4379,9439,561,0.9439,5060
configs/exp4/lru_2q_lru_lru.cfg,experiments/data/phases24_c24_seed42.in,LRU 2Q LRU LRU,4,6 6 6 6,24,10000,3309,6691,0.3309,9439,561,0.9439,6130
configs/exp4/lru_arc.cfg,experiments/data/phases24_c24_seed42.in,LRU ARC,2,12 12,24,10000,5612,4388,0.5612,9439,561,0.9439,3827
configs/exp4/lru_arc_2q.cfg,experiments/data/phases24_c24_seed42.in,LRU ARC 2Q,3,8 8 8,24,10000,4980,5020,0.498,9439,561,0.9439,4459
configs/exp4/lru_arc_2q_2q.cfg,experiments/data/phases24_c24_seed42.in,LRU ARC 2Q 2Q,4,6 6 6 6,24,10000,4586,5414,0.4586,9439,561,0.9439,4853
configs/exp4/lru_arc_2q_arc.cfg,experiments/data/phases24_c24_seed42.in,LRU ARC 2Q ARC,4,6 6 6 6,24,10000,4615,5385,0.4615,9439,561,0.9439,4824
configs/exp4/lru_arc_2q_lfu.cfg,experiments/data/phases24_c24_seed42.in,LRU ARC 2Q LFU,4,6 6 6 6,24,10000,4215,5785,0.4215,9439,561,0.9439,5224
configs/exp4/lru_arc_2q_lirs.cfg,experiments/data/phases24_c24_seed42.in,LRU ARC 2Q LIRS,4,6 6 6 6,24,10000,5015,4985,0.5015,9439,561,0.9439,4424
configs/exp4/lru_arc_2q_lru.cfg,experiments/data/phases24_c24_seed42.in,LRU ARC 2Q LRU,4,6 6 6 6,24,10000,4509,5491,0.4509,9439,561,0.9439,4930
configs/exp4/lru_arc_arc.cfg,experiments/data/phases24_c24_seed42.in,LRU ARC ARC,3,8 8 8,24,10000,4354,5646,0.4354,9439,561,0.9439,5085
configs/exp4/lru_arc_arc_2q.cfg,experiments/data/phases24_c24_seed42.in,LRU ARC ARC 2Q,4,6 6 6 6,24,10000,4292,5708,0.4292,9439,561,0.9439,5147
configs/exp4/lru_arc_arc_arc.cfg,experiments/data/phases24_c24_seed42.in,LRU ARC ARC ARC,4,6 6 6 6,24,10000,3956,6044,0.3956,9439,561,0.9439,5483
configs/exp4/lru_arc_arc_lfu.cfg,experiments/data/phases24_c24_seed42.in,LRU ARC ARC LFU,4,6 6 6 6,24,10000,3812,6188,0.3812,9439,561,0.9439,5627
configs/exp4/lru_arc_arc_lirs.cfg,experiments/data/phases24_c24_seed42.in,LRU ARC ARC LIRS,4,6 6 6 6,24,10000,4475,5525,0.4475,9439,561,0.9439,4964
configs/exp4/lru_arc_arc_lru.cfg,experiments/data/phases24_c24_seed42.in,LRU ARC ARC LRU,4,6 6 6 6,24,10000,3881,6119,0.3881,9439,561,0.9439,5558
configs/exp4/lru_arc_lfu.cfg,experiments/data/phases24_c24_seed42.in,LRU ARC LFU,3,8 8 8,24,10000,4203,5797,0.4203,9439,561,0.9439,5236
configs/exp4/lru_arc_lfu_2q.cfg,experiments/data/phases24_c24_seed42.in,LRU ARC LFU 2Q,4,6 6 6 6,24,10000,4260,5740,0.426,9439,561,0.9439,5179
configs/exp4/lru_arc_lfu_arc.cfg,experiments/data/phases24_c24_seed42.in,LRU ARC LFU ARC,4,6 6 6 6,24,10000,3889,6111,0.3889,9439,561,0.9439,5550
configs/exp4/lru_arc_lfu_lfu.cfg,experiments/data/phases24_c24_seed42.in,LRU ARC LFU LFU,4,6 6 6 6,24,10000,3712,6288,0.3712,9439,561,0.9439,5727
configs/exp4/lru_arc_lfu_lirs.cfg,experiments/data/phases24_c24_seed42.in,LRU ARC LFU LIRS,4,6 6 6 6,24,10000,4396,5604,0.4396,9439,561,0.9439,5043
configs/exp4/lru_arc_lfu_lru.cfg,experiments/data/phases24_c24_seed42.in,LRU ARC LFU LRU,4,6 6 6 6,24,10000,3773,6227,0.3773,9439,561,0.9439,5666
configs/exp4/lru_arc_lirs.cfg,experiments/data/phases24_c24_seed42.in,LRU ARC LIRS,3,8 8 8,24,10000,5007,4993,0.5007,9439,561,0.9439,4432
configs/exp4/lru_arc_lirs_2q.cfg,experiments/data/phases24_c24_seed42.in,LRU ARC LIRS 2Q,4,6 6 6 6,24,10000,4958,5042,0.4958,9439,561,0.9439,4481
configs/exp4/lru_arc_lirs_arc.cfg,experiments/data/phases24_c24_seed42.in,LRU ARC LIRS ARC,4,6 6 6 6,24,10000,4581,5419,0.4581,9439,561,0.9439,4858
configs/exp4/lru_arc_lirs_lfu.cfg,experiments/data/phases24_c24_seed42.in,LRU ARC LIRS LFU,4,6 6 6 6,24,10000,4345,5655,0.4345,9439,561,0.9439,5094
configs/exp4/lru_arc_lirs_lirs.cfg,experiments/data/phases24_c24_seed42.in,LRU ARC LIRS LIRS,4,6 6 6 6,24,10000,4496,5504,0.4496,9439,561,0.9439,4943
configs/exp4/lru_arc_lirs_lru.cfg,experiments/data/phases24_c24_seed42.in,LRU ARC LIRS LRU,4,6 6 6 6,24,10000,4520,5480,0.452,9439,561,0.9439,4919
configs/exp4/lru_arc_lru.cfg,experiments/data/phases24_c24_seed42.in,LRU ARC LRU,3,8 8 8,24,10000,4222,5778,0.4222,9439,561,0.9439,5217
configs/exp4/lru_arc_lru_2q.cfg,experiments/data/phases24_c24_seed42.in,LRU ARC LRU 2Q,4,6 6 6 6,24,10000,3765,6235,0.3765,9439,561,0.9439,5674
configs/exp4/lru_arc_lru_arc.cfg,experiments/data/phases24_c24_seed42.in,LRU ARC LRU ARC,4,6 6 6 6,24,10000,4031,5969,0.4031,9439,561,0.9439,5408
configs/exp4/lru_arc_lru_lfu.cfg,experiments/data/phases24_c24_seed42.in,LRU ARC LRU LFU,4,6 6 6 6,24,10000,3617,6383,0.3617,9439,561,0.9439,5822
configs/exp4/lru_arc_lru_lirs.cfg,experiments/data/phases24_c24_seed42.in,LRU ARC LRU LIRS,4,6 6 6 6,24,10000,4418,5582,0.4418,9439,561,0.9439,5021
configs/exp4/lru_arc_lru_lru.cfg,experiments/data/phases24_c24_seed42.in,LRU ARC LRU LRU,4,6 6 6 6,24,10000,3527,6473,0.3527,9439,561,0.9439,5912
configs/exp4/lru_lfu.cfg,experiments/data/phases24_c24_seed42.in,LRU LFU,2,12 12,24,10000,4966,5034,0.4966,9439,561,0.9439,4473
configs/exp4/lru_lfu_2q.cfg,experiments/data/phases24_c24_seed42.in,LRU LFU 2Q,3,8 8 8,24,10000,4602,5398,0.4602,9439,561,0.9439,4837
configs/exp4/lru_lfu_2q_2q.cfg,experiments/data/phases24_c24_seed42.in,LRU LFU 2Q 2Q,4,6 6 6 6,24,10000,3510,6490,0.351,9439,561,0.9439,5929
configs/exp4/lru_lfu_2q_arc.cfg,experiments/data/phases24_c24_seed42.in,LRU LFU 2Q ARC,4,6 6 6 6,24,10000,4041,5959,0.4041,9439,561,0.9439,5398
configs/exp4/lru_lfu_2q_lfu.cfg,experiments/data/phases24_c24_seed42.in,LRU LFU 2Q LFU,4,6 6 6 6,24,10000,3367,6633,0.3367,9439,561,0.9439,6072
configs/exp4/lru_lfu_2q_lirs.cfg,experiments/data/phases24_c24_seed42.in,LRU LFU 2Q LIRS,4,6 6 6 6,24,10000,4389,5611,0.4389,9439,561,0.9439,5050
configs/exp4/lru_lfu_2q_lru.cfg,experiments/data/phases24_c24_seed42.in,LRU LFU 2Q LRU,4,6 6 6 6,24,10000,3578,6422,0.3578,9439,561,0.9439,5861
configs/exp4/lru_lfu_arc.cfg,experiments/data/phases24_c24_seed42.in,LRU LFU ARC,3,8 8 8,24,10000,4131,5869,0.4131,9439,561,0.9439,5308
configs/exp4/lru_lfu_arc_2q.cfg,experiments/data/phases24_c24_seed42.in,LRU LFU ARC 2Q,4,6 6 6 6,24,10000,4211,5789,0.4211,9439,561,0.9439,5228
configs/exp4/lru_lfu_arc_arc.cfg,experiments/data/phases24_c24_seed42.in,LRU LFU ARC ARC,4,6 6 6 6,24,10000,3753,6247,0.3753,9439,561,0.9439,5686
configs/exp4/lru_lfu_arc_lfu.cfg,experiments/data/phases24_c24_seed42.in,LRU LFU ARC LFU,4,6 6 6 6,24,10000,3600,6400,0.36,9439,561,0.9439,5839
configs/exp4/lru_lfu_arc_lirs.cfg,experiments/data/phases24_c24_seed42.in,LRU LFU ARC LIRS,4,6 6 6 6,24,10000,4298,5702,0.4298,9439,561,0.9439,5141
configs/exp4/lru_lfu_arc_lru.cfg,experiments/data/phases24_c24_seed42.in,LRU LFU ARC LRU,4,6 6 6 6,24,10000,3668,6332,0.3668,9439,561,0.9439,5771
configs/exp4/lru_lfu_lfu.cfg,experiments/data/phases24_c24_seed42.in,LRU LFU LFU,3,8 8 8,24,10000,3632,6368,0.3632,9439,561,0.9439,5807
configs/exp4/lru_lfu_lfu_2q.cfg,experiments/data/phases24_c24_seed42.in,LRU LFU LFU 2Q,4,6 6 6 6,24,10000,3361,6639,0.3361,9439,561,0.9439,6078
configs/exp4/lru_lfu_lfu_arc.cfg,experiments/data/phases24_c24_seed42.in,LRU LFU LFU ARC,4,6 6 6 6,24,10000,3550,6450,0.355,9439,561,0.9439,5889
configs/exp4/lru_lfu_lfu_lfu.cfg,experiments/data/phases24_c24_seed42.in,LRU LFU LFU LFU,4,6 6 6 6,24,10000,3004,6996,0.3004,9439,561,0.9439,6435
configs/exp4/lru_lfu_lfu_lirs.cfg,experiments/data/phases24_c24_seed42.in,LRU LFU LFU LIRS,4,6 6 6 6,24,10000,3922,6078,0.3922,9439,561,0.9439,5517
configs/exp4/lru_lfu_lfu_lru.cfg,experiments/data/phases24_c24_seed42.in,LRU LFU LFU LRU,4,6 6 6 6,24,10000,2992,7008,0.2992,9439,561,0.9439,6447
configs/exp4/lru_lfu_lirs.cfg,experiments/data/phases24_c24_seed42.in,LRU LFU LIRS,3,8 8 8,24,10000,4813,5187,0.4813,9439,561,0.9439,4626
configs/exp4/lru_lfu_lirs_2q.cfg,experiments/data/phases24_c24_seed42.in,LRU LFU LIRS 2Q,4,6 6 6 6,24,10000,4628,5372,0.4628,9439,561,0.9439,4811
configs/exp4/lru_lfu_lirs_arc.cfg,experiments/data/phases24_c24_seed42.in,LRU LFU LIRS ARC,4,6 6 6 6,24,10000,4247,5753,0.4247,9439,561,0.9439,5192
configs/exp4/lru_lfu_lirs_lfu.cfg,experiments/data/phases24_c24_seed42.in,LRU LFU LIRS LFU,4,6 6 6 6,24,10000,3916,6084,0.3916,9439,561,0.9439,5523
configs/exp4/lru_lfu_lirs_lirs.cfg,experiments/data/phases24_c24_seed42.in,LRU LFU LIRS LIRS,4,6 6 6 6,24,10000,4121,5879,0.4121,9439,561,0.9439,5318
configs/exp4/lru_lfu_lirs_lru.cfg,experiments/data/phases24_c24_seed42.in,LRU LFU LIRS LRU,4,6 6 6 6,24,10000,4115,5885,0.4115,9439,561,0.9439,5324
configs/exp4/lru_lfu_lru.cfg,experiments/data/phases24_c24_seed42.in,LRU LFU LRU,3,8 8 8,24,10000,3688,6312,0.3688,9439,561,0.9439,5751
configs/exp4/lru_lfu_lru_2q.cfg,experiments/data/phases24_c24_seed42.in,LRU LFU LRU 2Q,4,6 6 6 6,24,10000,3058,6942,0.3058,9439,561,0.9439,6381
configs/exp4/lru_lfu_lru_arc.cfg,experiments/data/phases24_c24_seed42.in,LRU LFU LRU ARC,4,6 6 6 6,24,10000,3380,6620,0.338,9439,561,0.9439,6059
configs/exp4/lru_lfu_lru_lfu.cfg,experiments/data/phases24_c24_seed42.in,LRU LFU LRU LFU,4,6 6 6 6,24,10000,2770,7230,0.277,9439,561,0.9439,6669
configs/exp4/lru_lfu_lru_lirs.cfg,experiments/data/phases24_c24_seed42.in,LRU LFU LRU LIRS,4,6 6 6 6,24,10000,3835,6165,0.3835,9439,561,0.9439,5604
configs/exp4/lru_lfu_lru_lru.cfg,experiments/data/phases24_c24_seed42.in,LRU LFU LRU LRU,4,6 6 6 6,24,10000,2755,7245,0.2755,9439,561,0.9439,6684
configs/exp4/lru_lirs.cfg,experiments/data/phases24_c24_seed42.in,LRU LIRS,2,12 12,24,10000,6271,3729,0.6271,9439,561,0.9439,3168
configs/exp4/lru_lirs_2q.cfg,experiments/data/phases24_c24_seed42.in,LRU LIRS 2Q,3,8 8 8,24,10000,5407,4593,0.5407,9439,561,0.9439,4032
configs/exp4/lru_lirs_2q_2q.cfg,experiments/data/phases24_c24_seed42.in,LRU LIRS 2Q 2Q,4,6 6 6 6,24,10000,5048,4952,0.5048,9439,561,0.9439,4391
configs/exp4/lru_lirs_2q_arc.cfg,experiments/data/phases24_c24_seed42.in,LRU LIRS 2Q ARC,4,6 6 6 6,24,10000,5089,4911,0.5089,9439,561,0.9439,4350
configs/exp4/lru_lirs_2q_lfu.cfg,experiments/data/phases24_c24_seed42.in,LRU LIRS 2Q LFU,4,6 6 6 6,24,10000,4669,5331,0.4669,9439,561,0.9439,4770
configs/exp4/lru_lirs_2q_lirs.cfg,experiments/data/phases24_c24_seed42.in,LRU LIRS 2Q LIRS,4,6 6 6 6,24,10000,5027,4973,0.5027,9439,561,0.9439,4412
configs/exp4/lru_lirs_2q_lru.cfg,experiments/data/phases24_c24_seed42.in,LRU LIRS 2Q LRU,4,6 6 6 6,24,10000,4995,5005,0.4995,9439,561,0.9439,4444
configs/exp4/lru_lirs_arc.cfg,experiments/data/phases24_c24_seed42.in,LRU LIRS ARC,3,8 8 8,24,10000,5222,4778,0.5222,9439,561,0.9439,4217
configs/exp4/lru_lirs_arc_2q.cfg,experiments/data/phases24_c24_seed42.in,LRU LIRS ARC 2Q,4,6 6 6 6,24,10000,4788,5212,0.4788,9439,561,0.9439,4651
configs/exp4/lru_lirs_arc_arc.cfg,experiments/data/phases24_c24_seed42.in,LRU LIRS ARC ARC,4,6 6 6 6,24,10000,4463,5537,0.4463,9439,561,0.9439,4976
configs/exp4/lru_lirs_arc_lfu.cfg,experiments/data/phases24_c24_seed42.in,LRU LIRS ARC LFU,4,6 6 6 6,24,10000,4254,5746,0.4254,9439,561,0.9439,5185
configs/exp4/lru_lirs_arc_lirs.cfg,experiments/data/phases24_c24_seed42.in,LRU LIRS ARC LIRS,4,6 6 6 6,24,10000,4549,5451,0.4549,9439,561,0.9439,4890
configs/exp4/lru_lirs_arc_lru.cfg,experiments/data/phases24_c24_seed42.in,LRU LIRS ARC LRU,4,6 6 6 6,24,10000,4308,5692,0.4308,9439,561,0.9439,5131
configs/exp4/lru_lirs_lfu.cfg,experiments/data/phases24_c24_seed42.in,LRU LIRS LFU,3,8 8 8,24,10000,4842,5158,0.4842,9439,561,0.9439,4597
configs/exp4/lru_lirs_lfu_2q.cfg,experiments/data/phases24_c24_seed42.in,LRU LIRS LFU 2Q,4,6 6 6 6,24,10000,4693,5307,0.4693,9439,561,0.9439,4746
configs/exp4/lru_lirs_lfu_arc.cfg,experiments/data/phases24_c24_seed42.in,LRU LIRS LFU ARC,4,6 6 6 6,24,10000,4302,5698,0.4302,9439,561,0.9439,5137
configs/exp4/lru_lirs_lfu_lfu.cfg,experiments/data/phases24_c24_seed42.in,LRU LIRS LFU LFU,4,6 6 6 6,24,10000,4010,5990,0.401,9439,561,0.9439,5429
configs/exp4/lru_lirs_lfu_lirs.cfg,experiments/data/phases24_c24_seed42.in,LRU LIRS LFU LIRS,4,6 6 6 6,24,10000,4194,5806,0.4194,9439,561,0.9439,5245
configs/exp4/lru_lirs_lfu_lru.cfg,experiments/data/phases24_c24_seed42.in,LRU LIRS LFU LRU,4,6 6 6 6,24,10000,4167,5833,0.4167,9439,561,0.9439,5272
configs/exp4/lru_lirs_lirs.cfg,experiments/data/phases24_c24_seed42.in,LRU LIRS LIRS,3,8 8 8,24,10000,5148,4852,0.5148,9439,561,0.9439,4291
configs/exp4/lru_lirs_lirs_2q.cfg,experiments/data/phases24_c24_seed42.in,LRU LIRS LIRS 2Q,4,6 6 6 6,24,10000,4824,5176,0.4824,9439,561,0.9439,4615
configs/exp4/lru_lirs_lirs_arc.cfg,experiments/data/phases24_c24_seed42.in,LRU LIRS LIRS ARC,4,6 6 6 6,24,10000,4393,5607,0.4393,9439,561,0.9439,5046
configs/exp4/lru_lirs_lirs_lfu.cfg,experiments/data/phases24_c24_seed42.in,LRU LIRS LIRS LFU,4,6 6 6 6,24,10000,4139,5861,0.4139,9439,561,0.9439,5300
configs/exp4/lru_lirs_lirs_lirs.cfg,experiments/data/phases24_c24_seed42.in,LRU LIRS LIRS LIRS,4,6 6 6 6,24,10000,4087,5913,0.4087,9439,561,0.9439,5352
configs/exp4/lru_lirs_lirs_lru.cfg,experiments/data/phases24_c24_seed42.in,LRU LIRS LIRS LRU,4,6 6 6 6,24,10000,4332,5668,0.4332,9439,561,0.9439,5107
configs/exp4/lru_lirs_lru.cfg,experiments/data/phases24_c24_seed42.in,LRU LIRS LRU,3,8 8 8,24,10000,5088,4912,0.5088,9439,561,0.9439,4351
configs/exp4/lru_lirs_lru_2q.cfg,experiments/data/phases24_c24_seed42.in,LRU LIRS LRU 2Q,4,6 6 6 6,24,10000,4184,5816,0.4184,9439,561,0.9439,5255
configs/exp4/lru_lirs_lru_arc.cfg,experiments/data/phases24_c24_seed42.in,LRU LIRS LRU ARC,4,6 6 6 6,24,10000,4453,5547,0.4453,9439,561,0.9439,4986
configs/exp4/lru_lirs_lru_lfu.cfg,experiments/data/phases24_c24_seed42.in,LRU LIRS LRU LFU,4,6 6 6 6,24,10000,3956,6044,0.3956,9439,561,0.9439,5483
configs/exp4/lru_lirs_lru_lirs.cfg,experiments/data/phases24_c24_seed42.in,LRU LIRS LRU LIRS,4,6 6 6 6,24,10000,4432,5568,0.4432,9439,561,0.9439,5007
configs/exp4/lru_lirs_lru_lru.cfg,experiments/data/phases24_c24_seed42.in,LRU LIRS LRU LRU,4,6 6 6 6,24,10000,3928,6072,0.3928,9439,561,0.9439,5511
configs/exp4/lru_lru_2q.cfg,experiments/data/phases24_c24_seed42.in,LRU LRU 2Q,3,8 8 8,24,10000,3774,6226,0.3774,9439,561,0.9439,5665
configs/exp4/lru_lru_2q_2q.cfg,experiments/data/phases24_c24_seed42.in,LRU LRU 2Q 2Q,4,6 6 6 6,24,10000,3064,6936,0.3064,9439,561,0.9439,6375
configs/exp4/lru_lru_2q_arc.cfg,experiments/data/phases24_c24_seed42.in,LRU LRU 2Q ARC,4,6 6 6 6,24,10000,3505,6495,0.3505,9439,561,0.9439,5934
configs/exp4/lru_lru_2q_lfu.cfg,experiments/data/phases24_c24_seed42.in,LRU LRU 2Q LFU,4,6 6 6 6,24,10000,2924,7076,0.2924,9439,561,0.9439,6515
configs/exp4/lru_lru_2q_lirs.cfg,experiments/data/phases24_c24_seed42.in,LRU LRU 2Q LIRS,4,6 6 6 6,24,10000,4000,6000,0.4,9439,561,0.9439,5439
configs/exp4/lru_lru_2q_lru.cfg,experiments/data/phases24_c24_seed42.in,LRU LRU 2Q LRU,4,6 6 6 6,24,10000,2955,7045,0.2955,9439,561,0.9439,6484
configs/exp4/lru_lru_arc.cfg,experiments/data/phases24_c24_seed42.in,LRU LRU ARC,3,8 8 8,24,10000,4216,5784,0.4216,9439,561,0.9439,5223
configs/exp4/lru_lru_arc_2q.cfg,experiments/data/phases24_c24_seed42.in,LRU LRU ARC 2Q,4,6 6 6 6,24,10000,3684,6316,0.3684,9439,561,0.9439,5755
configs/exp4/lru_lru_arc_arc.cfg,experiments/data/phases24_c24_seed42.in,LRU LRU ARC ARC,4,6 6 6 6,24,10000,3645,6355,0.3645,9439,561,0.9439,5794
configs/exp4/lru_lru_arc_lfu.cfg,experiments/data/phases24_c24_seed42.in,LRU LRU ARC LFU,4,6 6 6 6,24,10000,3355,6645,0.3355,9439,561,0.9439,6084
configs/exp4/lru_lru_arc_lirs.cfg,experiments/data/phases24_c24_seed42.in,LRU LRU ARC LIRS,4,6 6 6 6,24,10000,4189,5811,0.4189,9439,561,0.9439,5250
configs/exp4/lru_lru_arc_lru.cfg,experiments/data/phases24_c24_seed42.in,LRU LRU ARC LRU,4,6 6 6 6,24,10000,3374,6626,0.3374,9439,561,0.9439,6065
configs/exp4/lru_lru_lfu.cfg,experiments/data/phases24_c24_seed42.in,LRU LRU LFU,3,8 8 8,24,10000,3519,6481,0.3519,9439,561,0.9439,5920
configs/exp4/lru_lru_lfu_2q.cfg,experiments/data/phases24_c24_seed42.in,LRU LRU LFU 2Q,4,6 6 6 6,24,10000,2958,7042,0.2958,9439,561,0.9439,6481
configs/exp4/lru_lru_lfu_arc.cfg,experiments/data/phases24_c24_seed42.in,LRU LRU LFU ARC,4,6 6 6 6,24,10000,3407,6593,0.3407,9439,561,0.9439,6032
configs/exp4/lru_lru_lfu_lfu.cfg,experiments/data/phases24_c24_seed42.in,LRU LRU LFU LFU,4,6 6 6 6,24,10000,2748,7252,0.2748,9439,561,0.9439,6691
configs/exp4/lru_lru_lfu_lirs.cfg,experiments/data/phases24_c24_seed42.in,LRU LRU LFU LIRS,4,6 6 6 6,24,10000,3756,6244,0.3756,9439,561,0.9439,5683
configs/exp4/lru_lru_lfu_lru.cfg,experiments/data/phases24_c24_seed42.in,LRU LRU LFU LRU,4,6 6 6 6,24,10000,2686,7314,0.2686,9439,561,0.9439,6753
configs/exp4/lru_lru_lirs.cfg,experiments/data/phases24_c24_seed42.in,LRU LRU LIRS,3,8 8 8,24,10000,4787,5213,0.4787,9439,561,0.9439,4652
configs/exp4/lru_lru_lirs_2q.cfg,experiments/data/phases24_c24_seed42.in,LRU LRU LIRS 2Q,4,6 6 6 6,24,10000,4370,5630,0.437,9439,561,0.9439,5069
configs/exp4/lru_lru_lirs_arc.cfg,experiments/data/phases24_c24_seed42.in,LRU LRU LIRS ARC,4,6 6 6 6,24,10000,4144,5856,0.4144,9439,561,0.9439,5295
configs/exp4/lru_lru_lirs_lfu.cfg,experiments/data/phases24_c24_seed42.in,LRU LRU LIRS LFU,4,6 6 6 6,24,10000,3811,6189,0.3811,9439,561,0.9439,5628
configs/exp4/lru_lru_lirs_lirs.cfg,experiments/data/phases24_c24_seed42.in,LRU LRU LIRS LIRS,4,6 6 6 6,24,10000,4010,5990,0.401,9439,561,0.9439,5429
configs/exp4/lru_lru_lirs_lru.cfg,experiments/data/phases24_c24_seed42.in,LRU LRU LIRS LRU,4,6 6 6 6,24,10000,3883,6117,0.3883,9439,561,0.9439,5556
configs/exp4/lru_lru_lru_2q.cfg,experiments/data/phases24_c24_seed42.in,LRU LRU LRU 2Q,4,6 6 6 6,24,10000,2873,7127,0.2873,9439,561,0.9439,6566
configs/exp4/lru_lru_lru_arc.cfg,experiments/data/phases24_c24_seed42.in,LRU LRU LRU ARC,4,6 6 6 6,24,10000,3014,6986,0.3014,9439,561,0.9439,6425
configs/exp4/lru_lru_lru_lfu.cfg,experiments/data/phases24_c24_seed42.in,LRU LRU LRU LFU,4,6 6 6 6,24,10000,2552,7448,0.2552,9439,561,0.9439,6887
configs/exp4/lru_lru_lru_lirs.cfg,experiments/data/phases24_c24_seed42.in,LRU LRU LRU LIRS,4,6 6 6 6,24,10000,3641,6359,0.3641,9439,561,0.9439,5798
configs/exp4/2q_2q_2q_arc.cfg,experiments/data/phases24_c48_seed42.in,2Q 2Q 2Q ARC,4,12 12 12 12,48,10000,7586,2414,0.7586,9745,255,0.9745,2159
configs/exp4/2q_2q_2q_lfu.cfg,experiments/data/phases24_c48_seed42.in,2Q 2Q 2Q LFU,4,12 12 12 12,48,10000,7008,2992,0.7008,9745,255,0.9745,2737
configs/exp4/2q_2q_2q_lirs.cfg,experiments/data/phases24_c48_seed42.in,2Q 2Q 2Q LIRS,4,12 12 12 12,48,10000,7340,2660,0.734,9745,255,0.9745,2405
configs/exp4/2q_2q_2q_lru.cfg,experiments/data/phases24_c48_seed42.in,2Q 2Q 2Q LRU,4,12 12 12 12,48,10000,7647,2353,0.7647,9745,255,0.9745,2098
configs/exp4/2q_2q_arc.cfg,experiments/data/phases24_c48_seed42.in,2Q 2Q ARC,3,16 16 16,48,10000,8363,1637,0.8363,9745,255,0.9745,1382
configs/exp4/2q_2q_arc_2q.cfg,experiments/data/phases24_c48_seed42.in,2Q 2Q ARC 2Q,4,12 12 12 12,48,10000,7712,2288,0.7712,9745,255,0.9745,2033
configs/exp4/2q_2q_arc_arc.cfg,experiments/data/phases24_c48_seed42.in,2Q 2Q ARC ARC,4,12 12 12 12,48,10000,7511,2489,0.7511,9745,255,0.9745,2234
configs/exp4/2q_2q_arc_lfu.cfg,experiments/data/phases24_c48_seed42.in,2Q 2Q ARC LFU,4,12 12 12 12,48,10000,7267,2733,0.7267,9745,255,0.9745,2478
configs/exp4/2q_2q_arc_lirs.cfg,experiments/data/phases24_c48_seed42.in,2Q 2Q ARC LIRS,4,12 12 12 12,48,10000,7736,2264,0.7736,9745,255,0.9745,2009
configs/exp4/2q_2q_arc_lru.cfg,experiments/data/phases24_c48_seed42.in,2Q 2Q ARC LRU,4,12 12 12 12,48,10000,7486,2514,0.7486,9745,255,0.9745,2259
configs/exp4/2q_2q_lfu.cfg,experiments/data/phases24_c48_seed42.in,2Q 2Q LFU,3,16 16 16,48,10000,7851,2149,0.7851,9745,255,0.9745,1894
configs/exp4/2q_2q_lfu_2q.cfg,experiments/data/phases24_c48_seed42.in,2Q 2Q LFU 2Q,4,12 12 12 12,48,10000,7242,2758,0.7242,9745,255,0.9745,2503
configs/exp4/2q_2q_lfu_arc.cfg,experiments/data/phases24_c48_seed42.in,2Q 2Q LFU ARC,4,12 12 12 12,48,10000,7537,2463,0.7537,9745,255,0.9745,2208
configs/exp4/2q_2q_lfu_lfu.cfg,experiments/data/phases24_c48_seed42.in,2Q 2Q LFU LFU,4,12 12 12 12,48,10000,6748,3252,0.6748,9745,255,0.9745,2997
configs/exp4/2q_2q_lfu_lirs.cfg,experiments/data/phases24_c48_seed42.in,2Q 2Q LFU LIRS,4,12 12 12 12,48,10000,7385,2615,0.7385,9745,255,0.9745,2360
configs/exp4/2q_2q_lfu_lru.cfg,experiments/data/phases24_c48_seed42.in,2Q 2Q LFU LRU,4,12 12 12 12,48,10000,7523,2477,0.7523,9745,255,0.9745,2222
configs/exp4/2q_2q_lirs.cfg,experiments/data/phases24_c48_seed42.in,2Q 2Q LIRS,3,16 16 16,48,10000,8417,1583,0.8417,9745,255,0.9745,1328
configs/exp4/2q_2q_lirs_2q.cfg,experiments/data/phases24_c48_seed42.in,2Q 2Q LIRS 2Q,4,12 12 12 12,48,10000,7406,2594,0.7406,9745,255,0.9745,2339
configs/exp4/2q_2q_lirs_arc.cfg,experiments/data/phases24_c48_seed42.in,2Q 2Q LIRS ARC,4,12 12 12 12,48,10000,7677,2323,0.7677,9745,255,0.9745,2068
configs/exp4/2q_2q_lirs_lfu.cfg,experiments/data/phases24_c48_seed42.in,2Q 2Q LIRS LFU,4,12 12 12 12,48,10000,7163,2837,0.7163,9745,255,0.9745,2582
configs/exp4/2q_2q_lirs_lirs.cfg,experiments/data/phases24_c48_seed42.in,2Q 2Q LIRS LIRS,4,12 12 12 12,48,10000,7324,2676,0.7324,9745,255,0.9745,2421
configs/exp4/2q_2q_lirs_lru.cfg,experiments/data/phases24_c48_seed42.in,2Q 2Q LIRS LRU,4,12 12 12 12,48,10000,7765,2235,0.7765,9745,255,0.9745,1980
configs/exp4/2q_2q_lru.cfg,experiments/data/phases24_c48_seed42.in,2Q 2Q LRU,3,16 16 16,48,10000,8317,1683,0.8317,9745,255,0.9745,1428
configs/exp4/2q_2q_lru_2q.cfg,experiments/data/phases24_c48_seed42.in,2Q 2Q LRU 2Q,4,12 12 12 12,48,10000,7698,2302,0.7698,9745,255,0.9745,2047
configs/exp4/2q_2q_lru_arc.cfg,experiments/data/phases24_c48_seed42.in,2Q 2Q LRU ARC,4,12 12 12 12,48,10000,7611,2389,0.7611,9745,255,0.9745,2134
configs/exp4/2q_2q_lru_lfu.cfg,experiments/data/phases24_c48_seed42.in,2Q 2Q LRU LFU,4,12 12 12 12,48,10000,7231,2769,0.7231,9745,255,0.9745,2514
configs/exp4/2q_2q_lru_lirs.cfg,experiments/data/phases24_c48_seed42.in,2Q 2Q LRU LIRS,4,12 12 12 12,48,10000,7929,2071,0.7929,9745,255,0.9745,1816
configs/exp4/2q_2q_lru_lru.cfg,experiments/data/phases24_c48_seed42.in,2Q 2Q LRU LRU,4,12 12 12 12,48,10000,7350,2650,0.735,9745,255,0.9745,2395
configs/exp4/2q_arc.cfg,experiments/data/phases24_c48_seed42.in,2Q ARC,2,24 24,48,10000,9209,791,0.9209,9745,255,0.9745,536
configs/exp4/2q_arc_2q.cfg,experiments/data/phases24_c48_seed42.in,2Q ARC 2Q,3,16 16 16,48,10000,8395,1605,0.8395,9745,255,0.9745,1350
configs/exp4/2q_arc_2q_2q.cfg,experiments/data/phases24_c48_seed42.in,2Q ARC 2Q 2Q,4,12 12 12 12,48,10000,7570,2430,0.757,9745,255,0.9745,2175
configs/exp4/2q_arc_2q_arc.cfg,experiments/data/phases24_c48_seed42.in,2Q ARC 2Q ARC,4,12 12 12 12,48,10000,7708,2292,0.7708,9745,255,0.9745,2037
configs/exp4/2q_arc_2q_lfu.cfg,experiments/data/phases24_c48_seed42.in,2Q ARC 2Q LFU,4,12 12 12 12,48,10000,7244,2756,0.7244,9745,255,0.9745,2501
configs/exp4/2q_arc_2q_lirs.cfg,experiments/data/phases24_c48_seed42.in,2Q ARC 2Q LIRS,4,12 12 12 12,48,10000,7755,2245,0.7755,9745,255,0.9745,1990
configs/exp4/2q_arc_2q_lru.cfg,experiments/data/phases24_c48_seed42.in,2Q ARC 2Q LRU,4,12 12 12 12,48,10000,7676,2324,0.7676,9745,255,0.9745,2069
configs/exp4/2q_arc_arc.cfg,experiments/data/phases24_c48_seed42.in,2Q ARC ARC,3,16 16 16,48,10000,8352,1648,0.8352,9745,255,0.9745,1393
configs/exp4/2q_arc_arc_2q.cfg,experiments/data/phases24_c48_seed42.in,2Q ARC ARC 2Q,4,12 12 12 12,48,10000,7435,2565,0.7435,9745,255,0.9745,2310
configs/exp4/2q_arc_arc_arc.cfg,experiments/data/phases24_c48_seed42.in,2Q ARC ARC ARC,4,12 12 12 12,48,10000,7076,2924,0.7076,9745,255,0.9745,2669
configs/exp4/2q_arc_arc_lfu.cfg,experiments/data/phases24_c48_seed42.in,2Q ARC ARC LFU,4,12 12 12 12,48,10000,6918,3082,0.6918,9745,255,0.9745,2827
configs/exp4/2q_arc_arc_lirs.cfg,experiments/data/phases24_c48_seed42.in,2Q ARC ARC LIRS,4,12 12 12 12,48,10000,7425,2575,0.7425,9745,255,0.9745,2320
configs/exp4/2q_arc_arc_lru.cfg,experiments/data/phases24_c48_seed42.in,2Q ARC ARC LRU,4,12 12 12 12,48,10000,6980,3020,0.698,9745,255,0.9745,2765
configs/exp4/2q_arc_lfu.cfg,experiments/data/phases24_c48_seed42.in,2Q ARC LFU,3,16 16 16,48,10000,7925,2075,0.7925,9745,255,0.9745,1820
configs/exp4/2q_arc_lfu_2q.cfg,experiments/data/phases24_c48_seed42.in,2Q ARC LFU 2Q,4,12 12 12 12,48,10000,7361,2639,0.7361,9745,255,0.9745,2384
configs/exp4/2q_arc_lfu_arc.cfg,experiments/data/phases24_c48_seed42.in,2Q ARC LFU ARC,4,12 12 12 12,48,10000,7120,2880,0.712,9745,255,0.9745,2625
configs/exp4/2q_arc_lfu_lfu.cfg,experiments/data/phases24_c48_seed42.in,2Q ARC LFU LFU,4,12 12 12 12,48,10000,6714,3286,0.6714,9745,255,0.9745,3031
configs/exp4/2q_arc_lfu_lirs.cfg,experiments/data/phases24_c48_seed42.in,2Q ARC LFU LIRS,4,12 12 12 12,48,10000,7472,2528,0.7472,9745,255,0.9745,2273
configs/exp4/2q_arc_lfu_lru.cfg,experiments/data/phases24_c48_seed42.in,2Q ARC LFU LRU,4,12 12 12 12,48,10000,7052,2948,0.7052,9745,255,0.9745,2693
configs/exp4/2q_arc_lirs.cfg,experiments/data/phases24_c48_seed42.in,2Q ARC LIRS,3,16 16 16,48,10000,8520,1480,0.852,9745,255,0.9745,1225
configs/exp4/2q_arc_lirs_2q.cfg,experiments/data/phases24_c48_seed42.in,2Q ARC LIRS 2Q,4,12 12 12 12,48,10000,7577,2423,0.7577,9745,255,0.9745,2168
configs/exp4/2q_arc_lirs_arc.cfg,experiments/data/phases24_c48_seed42.in,2Q ARC LIRS ARC,4,12 12 12 12,48,10000,7622,2378,0.7622,9745,255,0.9745,2123
configs/exp4/2q_arc_lirs_lfu.cfg,experiments/data/phases24_c48_seed42.in,2Q ARC LIRS LFU,4,12 12 12 12,48,10000,7323,2677,0.7323,9745,255,0.9745,2422
configs/exp4/2q_arc_lirs_lirs.cfg,experiments/data/phases24_c48_seed42.in,2Q ARC LIRS LIRS,4,12 12 12 12,48,10000,7529,2471,0.7529,9745,255,0.9745,2216
configs/exp4/2q_arc_lirs_lru.cfg,experiments/data/phases24_c48_seed42.in,2Q ARC LIRS LRU,4,12 12 12 12,48,10000,7674,2326,0.7674,9745,255,0.9745,2071
configs/exp4/2q_arc_lru.cfg,experiments/data/phases24_c48_seed42.in,2Q ARC LRU,3,16 16 16,48,10000,8225,1775,0.8225,9745,255,0.9745,1520
configs/exp4/2q_arc_lru_2q.cfg,experiments/data/phases24_c48_seed42.in,2Q ARC LRU 2Q,4,12 12 12 12,48,10000,6936,3064,0.6936,9745,255,0.9745,2809
configs/exp4/2q_arc_lru_arc.cfg,experiments/data/phases24_c48_seed42.in,2Q ARC LRU ARC,4,12 12 12 12,48,10000,7092,2908,0.7092,9745,255,0.9745,2653
configs/exp4/2q_arc_lru_lfu.cfg,experiments/data/phases24_c48_seed42.in,2Q ARC LRU LFU,4,12 12 12 12,48,10000,6740,3260,0.674,9745,255,0.9745,3005
configs/exp4/2q_arc_lru_lirs.cfg,experiments/data/phases24_c48_seed42.in,2Q ARC LRU LIRS,4,12 12 12 12,48,10000,7532,2468,0.7532,9745,255,0.9745,2213
configs/exp4/2q_arc_lru_lru.cfg,experiments/data/phases24_c48_seed42.in,2Q ARC LRU LRU,4,12 12 12 12,48,10000,6711,3289,0.6711,9745,255,0.9745,3034
configs/exp4/2q_lfu.cfg,experiments/data/phases24_c48_seed42.in,2Q LFU,2,24 24,48,10000,8723,1277,0.8723,9745,255,0.9745,1022
configs/exp4/2q_lfu_2q.cfg,experiments/data/phases24_c48_seed42.in,2Q LFU 2Q,3,16 16 16,48,10000,8050,1950,0.805,9745,255,0.9745,1695
configs/exp4/2q_lfu_2q_2q.cfg,experiments/data/phases24_c48_seed42.in,2Q LFU 2Q 2Q,4,12 12 12 12,48,10000,7301,2699,0.7301,9745,255,0.9745,2444
configs/exp4/2q_lfu_2q_arc.cfg,experiments/data/phases24_c48_seed42.in,2Q LFU 2Q ARC,4,12 12 12 12,48,10000,7585,2415,0.7585,9745,255,0.9745,2160
configs/exp4/2q_lfu_2q_lfu.cfg,experiments/data/phases24_c48_seed42.in,2Q LFU 2Q LFU,4,12 12 12 12,48,10000,6795,3205,0.6795,9745,255,0.9745,2950
configs/exp4/2q_lfu_2q_lirs.cfg,experiments/data/phases24_c48_seed42.in,2Q LFU 2Q LIRS,4,12 12 12 12,48,10000,7428,2572,0.7428,9745,255,0.9745,2317
configs/exp4/2q_lfu_2q_lru.cfg,experiments/data/phases24_c48_seed42.in,2Q LFU 2Q LRU,4,12 12 12 12,48,10000,7600,2400,0.76,9745,255,0.9745,2145
configs/exp4/2q_lfu_arc.cfg,experiments/data/phases24_c48_seed42.in,2Q LFU ARC,3,16 16 16,48,10000,8113,1887,0.8113,9745,255,0.9745,1632
configs/exp4/2q_lfu_arc_2q.cfg,experiments/data/phases24_c48_seed42.in,2Q LFU ARC 2Q,4,12 12 12 12,48,10000,7543,2457,0.7543,9745,255,0.9745,2202
configs/exp4/2q_lfu_arc_arc.cfg,experiments/data/phases24_c48_seed42.in,2Q LFU ARC ARC,4,12 12 12 12,48,10000,7321,2679,0.7321,9745,255,0.9745,2424
configs/exp4/2q_lfu_arc_lfu.cfg,experiments/data/phases24_c48_seed42.in,2Q LFU ARC LFU,4,12 12 12 12,48,10000,6876,3124,0.6876,9745,255,0.9745,2869
configs/exp4/2q_lfu_arc_lirs.cfg,experiments/data/phases24_c48_seed42.in,2Q LFU ARC LIRS,4,12 12 12 12,48,10000,7600,2400,0.76,9745,255,0.9745,2145
configs/exp4/2q_lfu_arc_lru.cfg,experiments/data/phases24_c48_seed42.in,2Q LFU ARC LRU,4,12 12 12 12,48,10000,7251,2749,0.7251,9745,255,0.9745,2494
configs/exp4/2q_lfu_lfu.cfg,experiments/data/phases24_c48_seed42.in,2Q LFU LFU,3,16 16 16,48,10000,7061,2939,0.7061,9745,255,0.9745,2684
configs/exp4/2q_lfu_lfu_2q.cfg,experiments/data/phases24_c48_seed42.in,2Q LFU LFU 2Q,4,12 12 12 12,48,10000,6884,3116,0.6884,9745,255,0.9745,2861
configs/exp4/2q_lfu_lfu_arc.cfg,experiments/data/phases24_c48_seed42.in,2Q LFU LFU ARC,4,12 12 12 12,48,10000,6933,3067,0.6933,9745,255,0.9745,2812
configs/exp4/2q_lfu_lfu_lfu.cfg,experiments/data/phases24_c48_seed42.in,2Q LFU LFU LFU,4,12 12 12 12,48,10000,5964,4036,0.5964,9745,255,0.9745,3781
configs/exp4/2q_lfu_lfu_lirs.cfg,experiments/data/phases24_c48_seed42.in,2Q LFU LFU LIRS,4,12 12 12 12,48,10000,6984,3016,0.6984,9745,255,0.9745,2761
configs/exp4/2q_lfu_lfu_lru.cfg,experiments/data/phases24_c48_seed42.in,2Q LFU LFU LRU,4,12 12 12 12,48,10000,6946,3054,0.6946,9745,255,0.9745,2799
configs/exp4/2q_lfu_lirs.cfg,experiments/data/phases24_c48_seed42.in,2Q LFU LIRS,3,16 16 16,48,10000,8243,1757,0.8243,9745,255,0.9745,1502
configs/exp4/2q_lfu_lirs_2q.cfg,experiments/data/phases24_c48_seed42.in,2Q LFU LIRS 2Q,4,12 12 12 12,48,10000,7465,2535,0.7465,9745,255,0.9745,2280
configs/exp4/2q_lfu_lirs_arc.cfg,experiments/data/phases24_c48_seed42.in,2Q LFU LIRS ARC,4,12 12 12 12,48,10000,7693,2307,0.7693,9745,255,0.9745,2052
configs/exp4/2q_lfu_lirs_lfu.cfg,experiments/data/phases24_c48_seed42.in,2Q LFU LIRS LFU,4,12 12 12 12,48,10000,6905,3095,0.6905,9745,255,0.9745,2840
configs/exp4/2q_lfu_lirs_lirs.cfg,experiments/data/phases24_c48_seed42.in,2Q LFU LIRS LIRS,4,12 12 12 12,48,10000,7445,2555,0.7445,9745,255,0.9745,2300
configs/exp4/2q_lfu_lirs_lru.cfg,experiments/data/phases24_c48_seed42.in,2Q LFU LIRS LRU,4,12 12 12 12,48,10000,7757,2243,0.7757,9745,255,0.9745,1988
configs/exp4/2q_lfu_lru.cfg,experiments/data/phases24_c48_seed42.in,2Q LFU LRU,3,16 16 16,48,10000,7977,2023,0.7977,9745,255,0.9745,1768
configs/exp4/2q_lfu_lru_2q.cfg,experiments/data/phases24_c48_seed42.in,2Q LFU LRU 2Q,4,12 12 12 12,48,10000,7391,2609,0.7391,9745,255,0.9745,2354
configs/exp4/2q_lfu_lru_arc.cfg,experiments/data/phases24_c48_seed42.in,2Q LFU LRU ARC,4,12 12 12 12,48,10000,7287,2713,0.7287,9745,255,0.9745,2458
configs/exp4/2q_lfu_lru_lfu.cfg,experiments/data/phases24_c48_seed42.in,2Q LFU LRU LFU,4,12 12 12 12,48,10000,6764,3236,0.6764,9745,255,0.9745,2981
configs/exp4/2q_lfu_lru_lirs.cfg,experiments/data/phases24_c48_seed42.in,2Q LFU LRU LIRS,4,12 12 12 12,48,10000,7703,2297,0.7703,9745,255,0.9745,2042
configs/exp4/2q_lfu_lru_lru.cfg,experiments/data/phases24_c48_seed42.in,2Q LFU LRU LRU,4,12 12 12 12,48,10000,6959,3041,0.6959,9745,255,0.9745,2786
configs/exp4/2q_lirs.cfg,experiments/data/phases24_c48_seed42.in,2Q LIRS,2,24 24,48,10000,9303,697,0.9303,9745,255,0.9745,442
configs/exp4/2q_lirs_2q.cfg,experiments/data/phases24_c48_seed42.in,2Q LIRS 2Q,3,16 16 16,48,10000,8597,1403,0.8597,9745,255,0.9745,1148
configs/exp4/2q_lirs_2q_2q.cfg,experiments/data/phases24_c48_seed42.in,2Q LIRS 2Q 2Q,4,12 12 12 12,48,10000,7354,2646,0.7354,9745,255,0.9745,2391
configs/exp4/2q_lirs_2q_arc.cfg,experiments/data/phases24_c48_seed42.in,2Q LIRS 2Q ARC,4,12 12 12 12,48,10000,7618,2382,0.7618,9745,255,0.9745,2127
configs/exp4/2q_lirs_2q_lfu.cfg,experiments/data/phases24_c48_seed42.in,2Q LIRS 2Q LFU,4,12 12 12 12,48,10000,7178,2822,0.7178,9745,255,0.9745,2567
configs/exp4/2q_lirs_2q_lirs.cfg,experiments/data/phases24_c48_seed42.in,2Q LIRS 2Q LIRS,4,12 12 12 12,48,10000,7448,2552,0.7448,9745,255,0.9745,2297
configs/exp4/2q_lirs_2q_lru.cfg,experiments/data/phases24_c48_seed42.in,2Q LIRS 2Q LRU,4,12 12 12 12,48,10000,7717,2283,0.7717,9745,255,0.9745,2028
configs/exp4/2q_lirs_arc.cfg,experiments/data/phases24_c48_seed42.in,2Q LIRS ARC,3,16 16 16,48,10000,8665,1335,0.8665,9745,255,0.9745,1080
configs/exp4/2q_lirs_arc_2q.cfg,experiments/data/phases24_c48_seed42.in,2Q LIRS ARC 2Q,4,12 12 12 12,48,10000,7824,2176,0.7824,9745,255,0.9745,1921
configs/exp4/2q_lirs_arc_arc.cfg,experiments/data/phases24_c48_seed42.in,2Q LIRS ARC ARC,4,12 12 12 12,48,10000,7587,2413,0.7587,9745,255,0.9745,2158
configs/exp4/2q_lirs_arc_lfu.cfg,experiments/data/phases24_c48_seed42.in,2Q LIRS ARC LFU,4,12 12 12 12,48,10000,7403,2597,0.7403,9745,255,0.9745,2342
configs/exp4/2q_lirs_arc_lirs.cfg,experiments/data/phases24_c48_seed42.in,2Q LIRS ARC LIRS,4,12 12 12 12,48,10000,7838,2162,0.7838,9745,255,0.9745,1907
configs/exp4/2q_lirs_arc_lru.cfg,experiments/data/phases24_c48_seed42.in,2Q LIRS ARC LRU,4,12 12 12 12,48,10000,7541,2459,0.7541,9745,255,0.9745,2204
configs/exp4/2q_lirs_lfu.cfg,experiments/data/phases24_c48_seed42.in,2Q LIRS LFU,3,16 16 16,48,10000,8073,1927,0.8073,9745,255,0.9745,1672
configs/exp4/2q_lirs_lfu_2q.cfg,experiments/data/phases24_c48_seed42.in,2Q LIRS LFU 2Q,4,12 12 12 12,48,10000,7365,2635,0.7365,9745,255,0.9745,2380
configs/exp4/2q_lirs_lfu_arc.cfg,experiments/data/phases24_c48_seed42.in,2Q LIRS LFU ARC,4,12 12 12 12,48,10000,7608,2392,0.7608,9745,255,0.9745,2137
configs/exp4/2q_lirs_lfu_lfu.cfg,experiments/data/phases24_c48_seed42.in,2Q LIRS LFU LFU,4,12 12 12 12,48,10000,6892,3108,0.6892,9745,255,0.9745,2853
configs/exp4/2q_lirs_lfu_lirs.cfg,experiments/data/phases24_c48_seed42.in,2Q LIRS LFU LIRS,4,12 12 12 12,48,10000,7381,2619,0.7381,9745,255,0.9745,2364
configs/exp4/2q_lirs_lfu_lru.cfg,experiments/data/phases24_c48_seed42.in,2Q LIRS LFU LRU,4,12 12 12 12,48,10000,7638,2362,0.7638,9745,255,0.9745,2107
configs/exp4/2q_lirs_lirs.cfg,experiments/data/phases24_c48_seed42.in,2Q LIRS LIRS,3,16 16 16,48,10000,8594,1406,0.8594,9745,255,0.9745,1151
configs/exp4/2q_lirs_lirs_2q.cfg,experiments/data/phases24_c48_seed42.in,2Q LIRS LIRS 2Q,4,12 12 12 12,48,10000,7339,2661,0.7339,9745,255,0.9745,2406
configs/exp4/2q_lirs_lirs_arc.cfg,experiments/data/phases24_c48_seed42.in,2Q LIRS LIRS ARC,4,12 12 12 12,48,10000,7670,2330,0.767,9745,255,0.9745,2075
configs/exp4/2q_lirs_lirs_lfu.cfg,experiments/data/phases24_c48_seed42.in,2Q LIRS LIRS LFU,4,12 12 12 12,48,10000,7131,2869,0.7131,9745,255,0.9745,2614
configs/exp4/2q_lirs_lirs_lirs.cfg,experiments/data/phases24_c48_seed42.in,2Q LIRS LIRS LIRS,4,12 12 12 12,48,10000,7232,2768,0.7232,9745,255,0.9745,2513
configs/exp4/2q_lirs_lirs_lru.cfg,experiments/data/phases24_c48_seed42.in,2Q LIRS LIRS LRU,4,12 12 12 12,48,10000,7756,2244,0.7756,9745,255,0.9745,1989
configs/exp4/2q_lirs_lru.cfg,experiments/data/phases24_c48_seed42.in,2Q LIRS LRU,3,16 16 16,48,10000,8648,1352,0.8648,9745,255,0.9745,1097
configs/exp4/2q_lirs_lru_2q.cfg,experiments/data/phases24_c48_seed42.in,2Q LIRS LRU 2Q,4,12 12 12 12,48,10000,7715,2285,0.7715,9745,255,0.9745,2030
configs/exp4/2q_lirs_lru_arc.cfg,experiments/data/phases24_c48_seed42.in,2Q LIRS LRU ARC,4,12 12 12 12,48,10000,7665,2335,0.7665,9745,255,0.9745,2080
configs/exp4/2q_lirs_lru_lfu.cfg,experiments/data/phases24_c48_seed42.in,2Q LIRS LRU LFU,4,12 12 12 12,48,10000,7343,2657,0.7343,9745,255,0.9745,2402
configs/exp4/2q_lirs_lru_lirs.cfg,experiments/data/phases24_c48_seed42.in,2Q LIRS LRU LIRS,4,12 12 12 12,48,10000,7964,2036,0.7964,9745,255,0.9745,1781
configs/exp4/2q_lirs_lru_lru.cfg,experiments/data/phases24_c48_seed42.in,2Q LIRS LRU LRU,4,12 12 12 12,48,10000,7436,2564,0.7436,9745,255,0.9745,2309
configs/exp4/2q_lru.cfg,experiments/data/phases24_c48_seed42.in,2Q LRU,2,24 24,48,10000,9092,908,0.9092,9745,255,0.9745,653
configs/exp4/2q_lru_2q.cfg,experiments/data/phases24_c48_seed42.in,2Q LRU 2Q,3,16 16 16,48,10000,8083,1917,0.8083,9745,255,0.9745,1662
configs/exp4/2q_lru_2q_2q.cfg,experiments/data/phases24_c48_seed42.in,2Q LRU 2Q 2Q,4,12 12 12 12,48,10000,7334,2666,0.7334,9745,255,0.9745,2411
configs/exp4/2q_lru_2q_arc.cfg,experiments/data/phases24_c48_seed42.in,2Q LRU 2Q ARC,4,12 12 12 12,48,10000,7671,2329,0.7671,9745,255,0.9745,2074
configs/exp4/2q_lru_2q_lfu.cfg,experiments/data/phases24_c48_seed42.in,2Q LRU 2Q LFU,4,12 12 12 12,48,10000,7084,2916,0.7084,9745,255,0.9745,2661
configs/exp4/2q_lru_2q_lirs.cfg,experiments/data/phases24_c48_seed42.in,2Q LRU 2Q LIRS,4,12 12 12 12,48,10000,7929,2071,0.7929,9745,255,0.9745,1816
configs/exp4/2q_lru_2q_lru.cfg,experiments/data/phases24_c48_seed42.in,2Q LRU 2Q LRU,4,12 12 12 12,48,10000,7425,2575,0.7425,9745,255,0.9745,2320
configs/exp4/2q_lru_arc.cfg,experiments/data/phases24_c48_seed42.in,2Q LRU ARC,3,16 16 16,48,10000,8152,1848,0.8152,9745,255,0.9745,1593
configs/exp4/2q_lru_arc_2q.cfg,experiments/data/phases24_c48_seed42.in,2Q LRU ARC 2Q,4,12 12 12 12,48,10000,7406,2594,0.7406,9745,255,0.9745,2339
configs/exp4/2q_lru_arc_arc.cfg,experiments/data/phases24_c48_seed42.in,2Q LRU ARC ARC,4,12 12 12 12,48,10000,7046,2954,0.7046,9745,255,0.9745,2699
configs/exp4/2q_lru_arc_lfu.cfg,experiments/data/phases24_c48_seed42.in,2Q LRU ARC LFU,4,12 12 12 12,48,10000,6904,3096,0.6904,9745,255,0.9745,2841
configs/exp4/2q_lru_arc_lirs.cfg,experiments/data/phases24_c48_seed42.in,2Q LRU ARC LIRS,4,12 12 12 12,48,10000,7480,2520,0.748,9745,255,0.9745,2265
configs/exp4/2q_lru_arc_lru.cfg,experiments/data/phases24_c48_seed42.in,2Q LRU ARC LRU,4,12 12 12 12,48,10000,6930,3070,0.693,9745,255,0.9745,2815
configs/exp4/2q_lru_lfu.cfg,experiments/data/phases24_c48_seed42.in,2Q LRU LFU,3,16 16 16,48,10000,7661,2339,0.7661,9745,255,0.9745,2084
configs/exp4/2q_lru_lfu_2q.cfg,experiments/data/phases24_c48_seed42.in,2Q LRU LFU 2Q,4,12 12 12 12,48,10000,7087,2913,0.7087,9745,255,0.9745,2658
configs/exp4/2q_lru_lfu_arc.cfg,experiments/data/phases24_c48_seed42.in,2Q LRU LFU ARC,4,12 12 12 12,48,10000,7035,2965,0.7035,9745,255,0.9745,2710
configs/exp4/2q_lru_lfu_lfu.cfg,experiments/data/phases24_c48_seed42.in,2Q LRU LFU LFU,4,12 12 12 12,48,10000,6489,3511,0.6489,9745,255,0.9745,3256
configs/exp4/2q_lru_lfu_lirs.cfg,experiments/data/phases24_c48_seed42.in,2Q LRU LFU LIRS,4,12 12 12 12,48,10000,7464,2536,0.7464,9745,255,0.9745,2281
configs/exp4/2q_lru_lfu_lru.cfg,experiments/data/phases24_c48_seed42.in,2Q LRU LFU LRU,4,12 12 12 12,48,10000,6628,3372,0.6628,9745,255,0.9745,3117
configs/exp4/2q_lru_lirs.cfg,experiments/data/phases24_c48_seed42.in,2Q LRU LIRS,3,16 16 16,48,10000,8470,1530,0.847,9745,255,0.9745,1275
configs/exp4/2q_lru_lirs_2q.cfg,experiments/data/phases24_c48_seed42.in,2Q LRU LIRS 2Q,4,12 12 12 12,48,10000,7747,2253,0.7747,9745,255,0.9745,1998
configs/exp4/2q_lru_lirs_arc.cfg,experiments/data/phases24_c48_seed42.in,2Q LRU LIRS ARC,4,12 12 12 12,48,10000,7723,2277,0.7723,9745,255,0.9745,2022
configs/exp4/2q_lru_lirs_lfu.cfg,experiments/data/phases24_c48_seed42.in,2Q LRU LIRS LFU,4,12 12 12 12,48,10000,7399,2601,0.7399,9745,255,0.9745,2346
configs/exp4/2q_lru_lirs_lirs.cfg,experiments/data/phases24_c48_seed42.in,2Q LRU LIRS LIRS,4,12 12 12 12,48,10000,7786,2214,0.7786,9745,255,0.9745,1959
configs/exp4/2q_lru_lirs_lru.cfg,experiments/data/phases24_c48_seed42.in,2Q LRU LIRS LRU,4,12 12 12 12,48,10000,7700,2300,0.77,9745,255,0.9745,2045
configs/exp4/2q_lru_lru.cfg,experiments/data/phases24_c48_seed42.in,2Q LRU LRU,3,16 16 16,48,10000,7808,2192,0.7808,9745,255,0.9745,1937
configs/exp4/2q_lru_lru_2q.cfg,experiments/data/phases24_c48_seed42.in,2Q LRU LRU 2Q,4,12 12 12 12,48,10000,6589,3411,0.6589,9745,255,0.9745,3156
configs/exp4/2q_lru_lru_arc.cfg,experiments/data/phases24_c48_seed42.in,2Q LRU LRU ARC,4,12 12 12 12,48,10000,6833,3167,0.6833,9745,255,0.9745,2912
configs/exp4/2q_lru_lru_lfu.cfg,experiments/data/phases24_c48_seed42.in,2Q LRU LRU LFU,4,12 12 12 12,48,10000,6424,3576,0.6424,9745,255,0.9745,3321
configs/exp4/2q_lru_lru_lirs.cfg,experiments/data/phases24_c48_seed42.in,2Q LRU LRU LIRS,4,12 12 12 12,48,10000,7358,2642,0.7358,9745,255,0.9745,2387
configs/exp4/2q_lru_lru_lru.cfg,experiments/data/phases24_c48_seed42.in,2Q LRU LRU LRU,4,12 12 12 12,48,10000,6389,3611,0.6389,9745,255,0.9745,3356
configs/exp4/arc_2q.cfg,experiments/data/phases24_c48_seed42.in,ARC 2Q,2,24 24,48,10000,9359,641,0.9359,9745,255,0.9745,386
configs/exp4/arc_2q_2q.cfg,experiments/data/phases24_c48_seed42.in,ARC 2Q 2Q,3,16 16 16,48,10000,8350,1650,0.835,9745,255,0.9745,1395
configs/exp4/arc_2q_2q_2q.cfg,experiments/data/phases24_c48_seed42.in,ARC 2Q 2Q 2Q,4,12 12 12 12,48,10000,7352,2648,0.7352,9745,255,0.9745,2393
configs/exp4/arc_2q_2q_arc.cfg,experiments/data/phases24_c48_seed42.in,ARC 2Q 2Q ARC,4,12 12 12 12,48,10000,7655,2345,0.7655,9745,255,0.9745,2090
configs/exp4/arc_2q_2q_lfu.cfg,experiments/data/phases24_c48_seed42.in,ARC 2Q 2Q LFU,4,12 12 12 12,48,10000,7107,2893,0.7107,9745,255,0.9745,2638
configs/exp4/arc_2q_2q_lirs.cfg,experiments/data/phases24_c48_seed42.in,ARC 2Q 2Q LIRS,4,12 12 12 12,48,10000,7567,2433,0.7567,9745,255,0.9745,2178
configs/exp4/arc_2q_2q_lru.cfg,experiments/data/phases24_c48_seed42.in,ARC 2Q 2Q LRU,4,12 12 12 12,48,10000,7705,2295,0.7705,9745,255,0.9745,2040
configs/exp4/arc_2q_arc.cfg,experiments/data/phases24_c48_seed42.in,ARC 2Q ARC,3,16 16 16,48,10000,8428,1572,0.8428,9745,255,0.9745,1317
configs/exp4/arc_2q_arc_2q.cfg,experiments/data/phases24_c48_seed42.in,ARC 2Q ARC 2Q,4,12 12 12 12,48,10000,7712,2288,0.7712,9745,255,0.9745,2033
configs/exp4/arc_2q_arc_arc.cfg,experiments/data/phases24_c48_seed42.in,ARC 2Q ARC ARC,4,12 12 12 12,48,10000,7526,2474,0.7526,9745,255,0.9745,2219
configs/exp4/arc_2q_arc_lfu.cfg,experiments/data/phases24_c48_seed42.in,ARC 2Q ARC LFU,4,12 12 12 12,48,10000,7271,2729,0.7271,9745,255,0.9745,2474
configs/exp4/arc_2q_arc_lirs.cfg,experiments/data/phases24_c48_seed42.in,ARC 2Q ARC LIRS,4,12 12 12 12,48,10000,7790,2210,0.779,9745,255,0.9745,1955
configs/exp4/arc_2q_arc_lru.cfg,experiments/data/phases24_c48_seed42.in,ARC 2Q ARC LRU,4,12 12 12 12,48,10000,7470,2530,0.747,9745,255,0.9745,2275
configs/exp4/arc_2q_lfu.cfg,experiments/data/phases24_c48_seed42.in,ARC 2Q LFU,3,16 16 16,48,10000,7941,2059,0.7941,9745,255,0.9745,1804
configs/exp4/arc_2q_lfu_2q.cfg,experiments/data/phases24_c48_seed42.in,ARC 2Q LFU 2Q,4,12 12 12 12,48,10000,7322,2678,0.7322,9745,255,0.9745,2423
configs/exp4/arc_2q_lfu_arc.cfg,experiments/data/phases24_c48_seed42.in,ARC 2Q LFU ARC,4,12 12 12 12,48,10000,7503,2497,0.7503,9745,255,0.9745,2242
configs/exp4/arc_2q_lfu_lfu.cfg,experiments/data/phases24_c48_seed42.in,ARC 2Q LFU LFU,4,12 12 12 12,48,10000,6750,3250,0.675,9745,255,0.9745,2995
configs/exp4/arc_2q_lfu_lirs.cfg,experiments/data/phases24_c48_seed42.in,ARC 2Q LFU LIRS,4,12 12 12 12,48,10000,7495,2505,0.7495,9745,255,0.9745,2250
configs/exp4/arc_2q_lfu_lru.cfg,experiments/data/phases24_c48_seed42.in,ARC 2Q LFU LRU,4,12 12 12 12,48,10000,7458,2542,0.7458,9745,255,0.9745,2287
configs/exp4/arc_2q_lirs.cfg,experiments/data/phases24_c48_seed42.in,ARC 2Q LIRS,3,16 16 16,48,10000,8511,1489,0.8511,9745,255,0.9745,1234
configs/exp4/arc_2q_lirs_2q.cfg,experiments/data/phases24_c48_seed42.in,ARC 2Q LIRS 2Q,4,12 12 12 12,48,10000,7525,2475,0.7525,9745,255,0.9745,2220
configs/exp4/arc_2q_lirs_arc.cfg,experiments/data/phases24_c48_seed42.in,ARC 2Q LIRS ARC,4,12 12 12 12,48,10000,7794,2206,0.7794,9745,255,0.9745,1951
configs/exp4/arc_2q_lirs_lfu.cfg,experiments/data/phases24_c48_seed42.in,ARC 2Q LIRS LFU,4,12 12 12 12,48,10000,7318,2682,0.7318,9745,255,0.9745,2427
configs/exp4/arc_2q_lirs_lirs.cfg,experiments/data/phases24_c48_seed42.in,ARC 2Q LIRS LIRS,4,12 12 12 12,48,10000,7500,2500,0.75,9745,255,0.9745,2245
configs/exp4/arc_2q_lirs_lru.cfg,experiments/data/phases24_c48_seed42.in,ARC 2Q LIRS LRU,4,12 12 12 12,48,10000,7865,2135,0.7865,9745,255,0.9745,1880
configs/exp4/arc_2q_lru.cfg,experiments/data/phases24_c48_seed42.in,ARC 2Q LRU,3,16 16 16,48,10000,8306,1694,0.8306,9745,255,0.9745,1439
configs/exp4/arc_2q_lru_2q.cfg,experiments/data/phases24_c48_seed42.in,ARC 2Q LRU 2Q,4,12 12 12 12,48,10000,7532,2468,0.7532,9745,255,0.9745,2213
configs/exp4/arc_2q_lru_arc.cfg,experiments/data/phases24_c48_seed42.in,ARC 2Q LRU ARC,4,12 12 12 12,48,10000,7645,2355,0.7645,9745,255,0.9745,2100
configs/exp4/arc_2q_lru_lfu.cfg,experiments/data/phases24_c48_seed42.in,ARC 2Q LRU LFU,4,12 12 12 12,48,10000,7177,2823,0.7177,9745,255,0.9745,2568
configs/exp4/arc_2q_lru_lirs.cfg,experiments/data/phases24_c48_seed42.in,ARC 2Q LRU LIRS,4,12 12 12 12,48,10000,7944,2056,0.7944,9745,255,0.9745,1801
configs/exp4/arc_2q_lru_lru.cfg,experiments/data/phases24_c48_seed42.in,ARC 2Q LRU LRU,4,12 12 12 12,48,10000,7296,2704,0.7296,9745,255,0.9745,2449
configs/exp4/arc_arc_2q.cfg,experiments/data/phases24_c48_seed42.in,ARC ARC 2Q,3,16 16 16,48,10000,8391,1609,0.8391,9745,255,0.9745,1354
configs/exp4/arc_arc_2q_2q.cfg,experiments/data/phases24_c48_seed42.in,ARC ARC 2Q 2Q,4,12 12 12 12,48,10000,7434,2566,0.7434,9745,255,0.9745,2311
configs/exp4/arc_arc_2q_arc.cfg,experiments/data/phases24_c48_seed42.in,ARC ARC 2Q ARC,4,12 12 12 12,48,10000,7599,2401,0.7599,9745,255,0.9745,2146
configs/exp4/arc_arc_2q_lfu.cfg,experiments/data/phases24_c48_seed42.in,ARC ARC 2Q LFU,4,12 12 12 12,48,10000,7095,2905,0.7095,9745,255,0.9745,2650
configs/exp4/arc_arc_2q_lirs.cfg,experiments/data/phases24_c48_seed42.in,ARC ARC 2Q LIRS,4,12 12 12 12,48,10000,7659,2341,0.7659,9745,255,0.9745,2086
configs/exp4/arc_arc_2q_lru.cfg,experiments/data/phases24_c48_seed42.in,ARC ARC 2Q LRU,4,12 12 12 12,48,10000,7526,2474,0.7526,9745,255,0.9745,2219
configs/exp4/arc_arc_arc_2q.cfg,experiments/data/phases24_c48_seed42.in,ARC ARC ARC 2Q,4,12 12 12 12,48,10000,7235,2765,0.7235,9745,255,0.9745,2510
configs/exp4/arc_arc_arc_lfu.cfg,experiments/data/phases24_c48_seed42.in,ARC ARC ARC LFU,4,12 12 12 12,48,10000,6663,3337,0.6663,9745,255,0.9745,3082
configs/exp4/arc_arc_arc_lirs.cfg,experiments/data/phases24_c48_seed42.in,ARC ARC ARC LIRS,4,12 12 12 12,48,10000,7214,2786,0.7214,9745,255,0.9745,2531
configs/exp4/arc_arc_arc_lru.cfg,experiments/data/phases24_c48_seed42.in,ARC ARC ARC LRU,4,12 12 12 12,48,10000,6719,3281,0.6719,9745,255,0.9745,3026
configs/exp4/arc_arc_lfu.cfg,experiments/data/phases24_c48_seed42.in,ARC ARC LFU,3,16 16 16,48,10000,7938,2062,0.7938,9745,255,0.9745,1807
configs/exp4/arc_arc_lfu_2q.cfg,experiments/data/phases24_c48_seed42.in,ARC ARC LFU 2Q,4,12 12 12 12,48,10000,7231,2769,0.7231,9745,255,0.9745,2514
configs/exp4/arc_arc_lfu_arc.cfg,experiments/data/phases24_c48_seed42.in,ARC ARC LFU ARC,4,12 12 12 12,48,10000,6905,3095,0.6905,9745,255,0.9745,2840
configs/exp4/arc_arc_lfu_lfu.cfg,experiments/data/phases24_c48_seed42.in,ARC ARC LFU LFU,4,12 12 12 12,48,10000,6464,3536,0.6464,9745,255,0.9745,3281
configs/exp4/arc_arc_lfu_lirs.cfg,experiments/data/phases24_c48_seed42.in,ARC ARC LFU LIRS,4,12 12 12 12,48,10000,7254,2746,0.7254,9745,255,0.9745,2491
configs/exp4/arc_arc_lfu_lru.cfg,experiments/data/phases24_c48_seed42.in,ARC ARC LFU LRU,4,12 12 12 12,48,10000,6768,3232,0.6768,9745,255,0.9745,2977
configs/exp4/arc_arc_lirs.cfg,experiments/data/phases24_c48_seed42.in,ARC ARC LIRS,3,16 16 16,48,10000,8513,1487,0.8513,9745,255,0.9745,1232
configs/exp4/arc_arc_lirs_2q.cfg,experiments/data/phases24_c48_seed42.in,ARC ARC LIRS 2Q,4,12 12 12 12,48,10000,7402,2598,0.7402,9745,255,0.9745,2343
configs/exp4/arc_arc_lirs_arc.cfg,experiments/data/phases24_c48_seed42.in,ARC ARC LIRS ARC,4,12 12 12 12,48,10000,7465,2535,0.7465,9745,255,0.9745,2280
configs/exp4/arc_arc_lirs_lfu.cfg,experiments/data/phases24_c48_seed42.in,ARC ARC LIRS LFU,4,12 12 12 12,48,10000,7094,2906,0.7094,9745,255,0.9745,2651
configs/exp4/arc_arc_lirs_lirs.cfg,experiments/data/phases24_c48_seed42.in,ARC ARC LIRS LIRS,4,12 12 12 12,48,10000,7372,2628,0.7372,9745,255,0.9745,2373
configs/exp4/arc_arc_lirs_lru.cfg,experiments/data/phases24_c48_seed42.in,ARC ARC LIRS LRU,4,12 12 12 12,48,10000,7475,2525,0.7475,9745,255,0.9745,2270
configs/exp4/arc_arc_lru.cfg,experiments/data/phases24_c48_seed42.in,ARC ARC LRU,3,16 16 16,48,10000,8209,1791,0.8209,9745,255,0.9745,1536
configs/exp4/arc_arc_lru_2q.cfg,experiments/data/phases24_c48_seed42.in,ARC ARC LRU 2Q,4,12 12 12 12,48,10000,6564,3436,0.6564,9745,255,0.9745,3181
configs/exp4/arc_arc_lru_arc.cfg,experiments/data/phases24_c48_seed42.in,ARC ARC LRU ARC,4,12 12 12 12,48,10000,6824,3176,0.6824,9745,255,0.9745,2921
configs/exp4/arc_arc_lru_lfu.cfg,experiments/data/phases24_c48_seed42.in,ARC ARC LRU LFU,4,12 12 12 12,48,10000,6440,3560,0.644,9745,255,0.9745,3305
configs/exp4/arc_arc_lru_lirs.cfg,experiments/data/phases24_c48_seed42.in,ARC ARC LRU LIRS,4,12 12 12 12,48,10000,7330,2670,0.733,9745,255,0.9745,2415
configs/exp4/arc_arc_lru_lru.cfg,experiments/data/phases24_c48_seed42.in,ARC ARC LRU LRU,4,12 12 12 12,48,10000,6420,3580,0.642,9745,255,0.9745,3325
configs/exp4/arc_lfu.cfg,experiments/data/phases24_c48_seed42.in,ARC LFU,2,24 24,48,10000,9216,784,0.9216,9745,255,0.9745,529
configs/exp4/arc_lfu_2q.cfg,experiments/data/phases24_c48_seed42.in,ARC LFU 2Q,3,16 16 16,48,10000,8145,1855,0.8145,9745,255,0.9745,1600
configs/exp4/arc_lfu_2q_2q.cfg,experiments/data/phases24_c48_seed42.in,ARC LFU 2Q 2Q,4,12 12 12 12,48,10000,7372,2628,0.7372,9745,255,0.9745,2373
configs/exp4/arc_lfu_2q_arc.cfg,experiments/data/phases24_c48_seed42.in,ARC LFU 2Q ARC,4,12 12 12 12,48,10000,7535,2465,0.7535,9745,255,0.9745,2210
configs/exp4/arc_lfu_2q_lfu.cfg,experiments/data/phases24_c48_seed42.in,ARC LFU 2Q LFU,4,12 12 12 12,48,10000,6842,3158,0.6842,9745,255,0.9745,2903
configs/exp4/arc_lfu_2q_lirs.cfg,experiments/data/phases24_c48_seed42.in,ARC LFU 2Q LIRS,4,12 12 12 12,48,10000,7550,2450,0.755,9745,255,0.9745,2195
configs/exp4/arc_lfu_2q_lru.cfg,experiments/data/phases24_c48_seed42.in,ARC LFU 2Q LRU,4,12 12 12 12,48,10000,7520,2480,0.752,9745,255,0.9745,2225
configs/exp4/arc_lfu_arc.cfg,experiments/data/phases24_c48_seed42.in,ARC LFU ARC,3,16 16 16,48,10000,8117,1883,0.8117,9745,255,0.9745,1628
configs/exp4/arc_lfu_arc_2q.cfg,experiments/data/phases24_c48_seed42.in,ARC LFU ARC 2Q,4,12 12 12 12,48,10000,7348,2652,0.7348,9745,255,0.9745,2397
configs/exp4/arc_lfu_arc_arc.cfg,experiments/data/phases24_c48_seed42.in,ARC LFU ARC ARC,4,12 12 12 12,48,10000,7049,2951,0.7049,9745,255,0.9745,2696
configs/exp4/arc_lfu_arc_lfu.cfg,experiments/data/phases24_c48_seed42.in,ARC LFU ARC LFU,4,12 12 12 12,48,10000,6595,3405,0.6595,9745,255,0.9745,3150
configs/exp4/arc_lfu_arc_lirs.cfg,experiments/data/phases24_c48_seed42.in,ARC LFU ARC LIRS,4,12 12 12 12,48,10000,7348,2652,0.7348,9745,255,0.9745,2397
configs/exp4/arc_lfu_arc_lru.cfg,experiments/data/phases24_c48_seed42.in,ARC LFU ARC LRU,4,12 12 12 12,48,10000,6963,3037,0.6963,9745,255,0.9745,2782
configs/exp4/arc_lfu_lfu.cfg,experiments/data/phases24_c48_seed42.in,ARC LFU LFU,3,16 16 16,48,10000,7065,2935,0.7065,9745,255,0.9745,2680
configs/exp4/arc_lfu_lfu_2q.cfg,experiments/data/phases24_c48_seed42.in,ARC LFU LFU 2Q,4,12 12 12 12,48,10000,6896,3104,0.6896,9745,255,0.9745,2849
configs/exp4/arc_lfu_lfu_arc.cfg,experiments/data/phases24_c48_seed42.in,ARC LFU LFU ARC,4,12 12 12 12,48,10000,6680,3320,0.668,9745,255,0.9745,3065
configs/exp4/arc_lfu_lfu_lfu.cfg,experiments/data/phases24_c48_seed42.in,ARC LFU LFU LFU,4,12 12 12 12,48,10000,5917,4083,0.5917,9745,255,0.9745,3828
configs/exp4/arc_lfu_lfu_lirs.cfg,experiments/data/phases24_c48_seed42.in,ARC LFU LFU LIRS,4,12 12 12 12,48,10000,6990,3010,0.699,9745,255,0.9745,2755
configs/exp4/arc_lfu_lfu_lru.cfg,experiments/data/phases24_c48_seed42.in,ARC LFU LFU LRU,4,12 12 12 12,48,10000,6643,3357,0.6643,9745,255,0.9745,3102
configs/exp4/arc_lfu_lirs.cfg,experiments/data/phases24_c48_seed42.in,ARC LFU LIRS,3,16 16 16,48,10000,8246,1754,0.8246,9745,255,0.9745,1499
configs/exp4/arc_lfu_lirs_2q.cfg,experiments/data/phases24_c48_seed42.in,ARC LFU LIRS 2Q,4,12 12 12 12,48,10000,7485,2515,0.7485,9745,255,0.9745,2260
configs/exp4/arc_lfu_lirs_arc.cfg,experiments/data/phases24_c48_seed42.in,ARC LFU LIRS ARC,4,12 12 12 12,48,10000,7613,2387,0.7613,9745,255,0.9745,2132
configs/exp4/arc_lfu_lirs_lfu.cfg,experiments/data/phases24_c48_seed42.in,ARC LFU LIRS LFU,4,12 12 12 12,48,10000,6916,3084,0.6916,9745,255,0.9745,2829
configs/exp4/arc_lfu_lirs_lirs.cfg,experiments/data/phases24_c48_seed42.in,ARC LFU LIRS LIRS,4,12 12 12 12,48,10000,7468,2532,0.7468,9745,255,0.9745,2277
configs/exp4/arc_lfu_lirs_lru.cfg,experiments/data/phases24_c48_seed42.in,ARC LFU LIRS LRU,4,12 12 12 12,48,10000,7674,2326,0.7674,9745,255,0.9745,2071
configs/exp4/arc_lfu_lru.cfg,experiments/data/phases24_c48_seed42.in,ARC LFU LRU,3,16 16 16,48,10000,8012,1988,0.8012,9745,255,0.9745,1733
configs/exp4/arc_lfu_lru_2q.cfg,experiments/data/phases24_c48_seed42.in,ARC LFU LRU 2Q,4,12 12 12 12,48,10000,6790,3210,0.679,9745,255,0.9745,2955
configs/exp4/arc_lfu_lru_arc.cfg,experiments/data/phases24_c48_seed42.in,ARC LFU LRU ARC,4,12 12 12 12,48,10000,7027,2973,0.7027,9745,255,0.9745,2718
configs/exp4/arc_lfu_lru_lfu.cfg,experiments/data/phases24_c48_seed42.in,ARC LFU LRU LFU,4,12 12 12 12,48,10000,6498,3502,0.6498,9745,255,0.9745,3247
configs/exp4/arc_lfu_lru_lirs.cfg,experiments/data/phases24_c48_seed42.in,ARC LFU LRU LIRS,4,12 12 12 12,48,10000,7473,2527,0.7473,9745,255,0.9745,2272
configs/exp4/arc_lfu_lru_lru.cfg,experiments/data/phases24_c48_seed42.in,ARC LFU LRU LRU,4,12 12 12 12,48,10000,6605,3395,0.6605,9745,255,0.9745,3140
configs/exp4/arc_lirs.cfg,experiments/data/phases24_c48_seed42.in,ARC LIRS,2,24 24,48,10000,9365,635,0.9365,9745,255,0.9745,380
configs/exp4/arc_lirs_2q.cfg,experiments/data/phases24_c48_seed42.in,ARC LIRS 2Q,3,16 16 16,48,10000,8607,1393,0.8607,9745,255,0.9745,1138
configs/exp4/arc_lirs_2q_2q.cfg,experiments/data/phases24_c48_seed42.in,ARC LIRS 2Q 2Q,4,12 12 12 12,48,10000,7391,2609,0.7391,9745,255,0.9745,2354
configs/exp4/arc_lirs_2q_arc.cfg,experiments/data/phases24_c48_seed42.in,ARC LIRS 2Q ARC,4,12 12 12 12,48,10000,7636,2364,0.7636,9745,255,0.9745,2109
configs/exp4/arc_lirs_2q_lfu.cfg,experiments/data/phases24_c48_seed42.in,ARC LIRS 2Q LFU,4,12 12 12 12,48,10000,7194,2806,0.7194,9745,255,0.9745,2551
configs/exp4/arc_lirs_2q_lirs.cfg,experiments/data/phases24_c48_seed42.in,ARC LIRS 2Q LIRS,4,12 12 12 12,48,10000,7553,2447,0.7553,9745,255,0.9745,2192
configs/exp4/arc_lirs_2q_lru.cfg,experiments/data/phases24_c48_seed42.in,ARC LIRS 2Q LRU,4,12 12 12 12,48,10000,7700,2300,0.77,9745,255,0.9745,2045
configs/exp4/arc_lirs_arc.cfg,experiments/data/phases24_c48_seed42.in,ARC LIRS ARC,3,16 16 16,48,10000,8648,1352,0.8648,9745,255,0.9745,1097
configs/exp4/arc_lirs_arc_2q.cfg,experiments/data/phases24_c48_seed42.in,ARC LIRS ARC 2Q,4,12 12 12 12,48,10000,7737,2263,0.7737,9745,255,0.9745,2008
configs/exp4/arc_lirs_arc_arc.cfg,experiments/data/phases24_c48_seed42.in,ARC LIRS ARC ARC,4,12 12 12 12,48,10000,7537,2463,0.7537,9745,255,0.9745,2208
configs/exp4/arc_lirs_arc_lfu.cfg,experiments/data/phases24_c48_seed42.in,ARC LIRS ARC LFU,4,12 12 12 12,48,10000,7316,2684,0.7316,9745,255,0.9745,2429
configs/exp4/arc_lirs_arc_lirs.cfg,experiments/data/phases24_c48_seed42.in,ARC LIRS ARC LIRS,4,12 12 12 12,48,10000,7802,2198,0.7802,9745,255,0.9745,1943
configs/exp4/arc_lirs_arc_lru.cfg,experiments/data/phases24_c48_seed42.in,ARC LIRS ARC LRU,4,12 12 12 12,48,10000,7470,2530,0.747,9745,255,0.9745,2275
configs/exp4/arc_lirs_lfu.cfg,experiments/data/phases24_c48_seed42.in,ARC LIRS LFU,3,16 16 16,48,10000,8106,1894,0.8106,9745,255,0.9745,1639
configs/exp4/arc_lirs_lfu_2q.cfg,experiments/data/phases24_c48_seed42.in,ARC LIRS LFU 2Q,4,12 12 12 12,48,10000,7407,2593,0.7407,9745,255,0.9745,2338
configs/exp4/arc_lirs_lfu_arc.cfg,experiments/data/phases24_c48_seed42.in,ARC LIRS LFU ARC,4,12 12 12 12,48,10000,7551,2449,0.7551,9745,255,0.9745,2194
configs/exp4/arc_lirs_lfu_lfu.cfg,experiments/data/phases24_c48_seed42.in,ARC LIRS LFU LFU,4,12 12 12 12,48,10000,6912,3088,0.6912,9745,255,0.9745,2833
configs/exp4/arc_lirs_lfu_lirs.cfg,experiments/data/phases24_c48_seed42.in,ARC LIRS LFU LIRS,4,12 12 12 12,48,10000,7414,2586,0.7414,9745,255,0.9745,2331
configs/exp4/arc_lirs_lfu_lru.cfg,experiments/data/phases24_c48_seed42.in,ARC LIRS LFU LRU,4,12 12 12 12,48,10000,7578,2422,0.7578,9745,255,0.9745,2167
configs/exp4/arc_lirs_lirs.cfg,experiments/data/phases24_c48_seed42.in,ARC LIRS LIRS,3,16 16 16,48,10000,8614,1386,0.8614,9745,255,0.9745,1131
configs/exp4/arc_lirs_lirs_2q.cfg,experiments/data/phases24_c48_seed42.in,ARC LIRS LIRS 2Q,4,12 12 12 12,48,10000,7423,2577,0.7423,9745,255,0.9745,2322
configs/exp4/arc_lirs_lirs_arc.cfg,experiments/data/phases24_c48_seed42.in,ARC LIRS LIRS ARC,4,12 12 12 12,48,10000,7685,2315,0.7685,9745,255,0.9745,2060
configs/exp4/arc_lirs_lirs_lfu.cfg,experiments/data/phases24_c48_seed42.in,ARC LIRS LIRS LFU,4,12 12 12 12,48,10000,7205,2795,0.7205,9745,255,0.9745,2540
configs/exp4/arc_lirs_lirs_lirs.cfg,experiments/data/phases24_c48_seed42.in,ARC LIRS LIRS LIRS,4,12 12 12 12,48,10000,7312,2688,0.7312,9745,255,0.9745,2433
configs/exp4/arc_lirs_lirs_lru.cfg,experiments/data/phases24_c48_seed42.in,ARC LIRS LIRS LRU,4,12 12 12 12,48,10000,7730,2270,0.773,9745,255,0.9745,2015
configs/exp4/arc_lirs_lru.cfg,experiments/data/phases24_c48_seed42.in,ARC LIRS LRU,3,16 16 16,48,10000,8619,1381,0.8619,9745,255,0.9745,1126
configs/exp4/arc_lirs_lru_2q.cfg,experiments/data/phases24_c48_seed42.in,ARC LIRS LRU 2Q,4,12 12 12 12,48,10000,7660,2340,0.766,9745,255,0.9745,2085
configs/exp4/arc_lirs_lru_arc.cfg,experiments/data/phases24_c48_seed42.in,ARC LIRS LRU ARC,4,12 12 12 12,48,10000,7672,2328,0.7672,9745,255,0.9745,2073
configs/exp4/arc_lirs_lru_lfu.cfg,experiments/data/phases24_c48_seed42.in,ARC LIRS LRU LFU,4,12 12 12 12,48,10000,7276,2724,0.7276,9745,255,0.9745,2469
configs/exp4/arc_lirs_lru_lirs.cfg,experiments/data/phases24_c48_seed42.in,ARC LIRS LRU LIRS,4,12 12 12 12,48,10000,7977,2023,0.7977,9745,255,0.9745,1768
configs/exp4/arc_lirs_lru_lru.cfg,experiments/data/phases24_c48_seed42.in,ARC LIRS LRU LRU,4,12 12 12 12,48,10000,7378,2622,0.7378,9745,255,0.9745,2367
configs/exp4/arc_lru.cfg,experiments/data/phases24_c48_seed42.in,ARC LRU,2,24 24,48,10000,9336,664,0.9336,9745,255,0.9745,409
configs/exp4/arc_lru_2q.cfg,experiments/data/phases24_c48_seed42.in,ARC LRU 2Q,3,16 16 16,48,10000,8156,1844,0.8156,9745,255,0.9745,1589
configs/exp4/arc_lru_2q_2q.cfg,experiments/data/phases24_c48_seed42.in,ARC LRU 2Q 2Q,4,12 12 12 12,48,10000,6669,3331,0.6669,9745,255,0.9745,3076
configs/exp4/arc_lru_2q_arc.cfg,experiments/data/phases24_c48_seed42.in,ARC LRU 2Q ARC,4,12 12 12 12,48,10000,7052,2948,0.7052,9745,255,0.9745,2693
configs/exp4/arc_lru_2q_lfu.cfg,experiments/data/phases24_c48_seed42.in,ARC LRU 2Q LFU,4,12 12 12 12,48,10000,6520,3480,0.652,9745,255,0.9745,3225
configs/exp4/arc_lru_2q_lirs.cfg,experiments/data/phases24_c48_seed42.in,ARC LRU 2Q LIRS,4,12 12 12 12,48,10000,7445,2555,0.7445,9745,255,0.9745,2300
configs/exp4/arc_lru_2q_lru.cfg,experiments/data/phases24_c48_seed42.in,ARC LRU 2Q LRU,4,12 12 12 12,48,10000,6710,3290,0.671,9745,255,0.9745,3035
configs/exp4/arc_lru_arc.cfg,experiments/data/phases24_c48_seed42.in,ARC LRU ARC,3,16 16 16,48,10000,8188,1812,0.8188,9745,255,0.9745,1557
configs/exp4/arc_lru_arc_2q.cfg,experiments/data/phases24_c48_seed42.in,ARC LRU ARC 2Q,4,12 12 12 12,48,10000,7194,2806,0.7194,9745,255,0.9745,2551
configs/exp4/arc_lru_arc_arc.cfg,experiments/data/phases24_c48_seed42.in,ARC LRU ARC ARC,4,12 12 12 12,48,10000,6787,3213,0.6787,9745,255,0.9745,2958
configs/exp4/arc_lru_arc_lfu.cfg,experiments/data/phases24_c48_seed42.in,ARC LRU ARC LFU,4,12 12 12 12,48,10000,6599,3401,0.6599,9745,255,0.9745,3146
configs/exp4/arc_lru_arc_lirs.cfg,experiments/data/phases24_c48_seed42.in,ARC LRU ARC LIRS,4,12 12 12 12,48,10000,7294,2706,0.7294,9745,255,0.9745,2451
configs/exp4/arc_lru_arc_lru.cfg,experiments/data/phases24_c48_seed42.in,ARC LRU ARC LRU,4,12 12 12 12,48,10000,6644,3356,0.6644,9745,255,0.9745,3101
configs/exp4/arc_lru_lfu.cfg,experiments/data/phases24_c48_seed42.in,ARC LRU LFU,3,16 16 16,48,10000,7708,2292,0.7708,9745,255,0.9745,2037
configs/exp4/arc_lru_lfu_2q.cfg,experiments/data/phases24_c48_seed42.in,ARC LRU LFU 2Q,4,12 12 12 12,48,10000,6462,3538,0.6462,9745,255,0.9745,3283
configs/exp4/arc_lru_lfu_arc.cfg,experiments/data/phases24_c48_seed42.in,ARC LRU LFU ARC,4,12 12 12 12,48,10000,6659,3341,0.6659,9745,255,0.9745,3086
configs/exp4/arc_lru_lfu_lfu.cfg,experiments/data/phases24_c48_seed42.in,ARC LRU LFU LFU,4,12 12 12 12,48,10000,6180,3820,0.618,9745,255,0.9745,3565
configs/exp4/arc_lru_lfu_lirs.cfg,experiments/data/phases24_c48_seed42.in,ARC LRU LFU LIRS,4,12 12 12 12,48,10000,7192,2808,0.7192,9745,255,0.9745,2553
configs/exp4/arc_lru_lfu_lru.cfg,experiments/data/phases24_c48_seed42.in,ARC LRU LFU LRU,4,12 12 12 12,48,10000,6206,3794,0.6206,9745,255,0.9745,3539
configs/exp4/arc_lru_lirs.cfg,experiments/data/phases24_c48_seed42.in,ARC LRU LIRS,3,16 16 16,48,10000,8502,1498,0.8502,9745,255,0.9745,1243
configs/exp4/arc_lru_lirs_2q.cfg,experiments/data/phases24_c48_seed42.in,ARC LRU LIRS 2Q,4,12 12 12 12,48,10000,7541,2459,0.7541,9745,255,0.9745,2204
configs/exp4/arc_lru_lirs_arc.cfg,experiments/data/phases24_c48_seed42.in,ARC LRU LIRS ARC,4,12 12 12 12,48,10000,7568,2432,0.7568,9745,255,0.9745,2177
configs/exp4/arc_lru_lirs_lfu.cfg,experiments/data/phases24_c48_seed42.in,ARC LRU LIRS LFU,4,12 12 12 12,48,10000,7161,2839,0.7161,9745,255,0.9745,2584
configs/exp4/arc_lru_lirs_lirs.cfg,experiments/data/phases24_c48_seed42.in,ARC LRU LIRS LIRS,4,12 12 12 12,48,10000,7643,2357,0.7643,9745,255,0.9745,2102
configs/exp4/arc_lru_lirs_lru.cfg,experiments/data/phases24_c48_seed42.in,ARC LRU LIRS LRU,4,12 12 12 12,48,10000,7494,2506,0.7494,9745,255,0.9745,2251
configs/exp4/arc_lru_lru.cfg,experiments/data/phases24_c48_seed42.in,ARC LRU LRU,3,16 16 16,48,10000,7804,2196,0.7804,9745,255,0.9745,1941
configs/exp4/arc_lru_lru_2q.cfg,experiments/data/phases24_c48_seed42.in,ARC LRU LRU 2Q,4,12 12 12 12,48,10000,6233,3767,0.6233,9745,255,0.9745,3512
configs/exp4/arc_lru_lru_arc.cfg,experiments/data/phases24_c48_seed42.in,ARC LRU LRU ARC,4,12 12 12 12,48,10000,6477,3523,0.6477,9745,255,0.9745,3268
configs/exp4/arc_lru_lru_lfu.cfg,experiments/data/phases24_c48_seed42.in,ARC LRU LRU LFU,4,12 12 12 12,48,10000,6034,3966,0.6034,9745,255,0.9745,3711
configs/exp4/arc_lru_lru_lirs.cfg,experiments/data/phases24_c48_seed42.in,ARC LRU LRU LIRS,4,12 12 12 12,48,10000,7125,2875,0.7125,9745,255,0.9745,2620
configs/exp4/arc_lru_lru_lru.cfg,experiments/data/phases24_c48_seed42.in,ARC LRU LRU LRU,4,12 12 12 12,48,10000,5994,4006,0.5994,9745,255,0.9745,3751
configs/exp4/lfu_2q.cfg,experiments/data/phases24_c48_seed42.in,LFU 2Q,2,24 24,48,10000,8869,1131,0.8869,9745,255,0.9745,876
configs/exp4/lfu_2q_2q.cfg,experiments/data/phases24_c48_seed42.in,LFU 2Q 2Q,3,16 16 16,48,10000,8096,1904,0.8096,9745,255,0.9745,1649
configs/exp4/lfu_2q_2q_2q.cfg,experiments/data/phases24_c48_seed42.in,LFU 2Q 2Q 2Q,4,12 12 12 12,48,10000,7359,2641,0.7359,9745,255,0.9745,2386
configs/exp4/lfu_2q_2q_arc.cfg,experiments/data/phases24_c48_seed42.in,LFU 2Q 2Q ARC,4,12 12 12 12,48,10000,7644,2356,0.7644,9745,255,0.9745,2101
configs/exp4/lfu_2q_2q_lfu.cfg,experiments/data/phases24_c48_seed42.in,LFU 2Q 2Q LFU,4,12 12 12 12,48,10000,6836,3164,0.6836,9745,255,0.9745,2909
configs/exp4/lfu_2q_2q_lirs.cfg,experiments/data/phases24_c48_seed42.in,LFU 2Q 2Q LIRS,4,12 12 12 12,48,10000,7470,2530,0.747,9745,255,0.9745,2275
configs/exp4/lfu_2q_2q_lru.cfg,experiments/data/phases24_c48_seed42.in,LFU 2Q 2Q LRU,4,12 12 12 12,48,10000,7646,2354,0.7646,9745,255,0.9745,2099
configs/exp4/lfu_2q_arc.cfg,experiments/data/phases24_c48_seed42.in,LFU 2Q ARC,3,16 16 16,48,10000,8187,1813,0.8187,9745,255,0.9745,1558
configs/exp4/lfu_2q_arc_2q.cfg,experiments/data/phases24_c48_seed42.in,LFU 2Q ARC 2Q,4,12 12 12 12,48,10000,7601,2399,0.7601,9745,255,0.9745,2144
configs/exp4/lfu_2q_arc_arc.cfg,experiments/data/phases24_c48_seed42.in,LFU 2Q ARC ARC,4,12 12 12 12,48,10000,7406,2594,0.7406,9745,255,0.9745,2339
configs/exp4/lfu_2q_arc_lfu.cfg,experiments/data/phases24_c48_seed42.in,LFU 2Q ARC LFU,4,12 12 12 12,48,10000,6973,3027,0.6973,9745,255,0.9745,2772
configs/exp4/lfu_2q_arc_lirs.cfg,experiments/data/phases24_c48_seed42.in,LFU 2Q ARC LIRS,4,12 12 12 12,48,10000,7618,2382,0.7618,9745,255,0.9745,2127
configs/exp4/lfu_2q_arc_lru.cfg,experiments/data/phases24_c48_seed42.in,LFU 2Q ARC LRU,4,12 12 12 12,48,10000,7315,2685,0.7315,9745,255,0.9745,2430
configs/exp4/lfu_2q_lfu.cfg,experiments/data/phases24_c48_seed42.in,LFU 2Q LFU,3,16 16 16,48,10000,7477,2523,0.7477,9745,255,0.9745,2268
configs/exp4/lfu_2q_lfu_2q.cfg,experiments/data/phases24_c48_seed42.in,LFU 2Q LFU 2Q,4,12 12 12 12,48,10000,6866,3134,0.6866,9745,255,0.9745,2879
configs/exp4/lfu_2q_lfu_arc.cfg,experiments/data/phases24_c48_seed42.in,LFU 2Q LFU ARC,4,12 12 12 12,48,10000,6964,3036,0.6964,9745,255,0.9745,2781
configs/exp4/lfu_2q_lfu_lfu.cfg,experiments/data/phases24_c48_seed42.in,LFU 2Q LFU LFU,4,12 12 12 12,48,10000,5993,4007,0.5993,9745,255,0.9745,3752
configs/exp4/lfu_2q_lfu_lirs.cfg,experiments/data/phases24_c48_seed42.in,LFU 2Q LFU LIRS,4,12 12 12 12,48,10000,6968,3032,0.6968,9745,255,0.9745,2777
configs/exp4/lfu_2q_lfu_lru.cfg,experiments/data/phases24_c48_seed42.in,LFU 2Q LFU LRU,4,12 12 12 12,48,10000,6961,3039,0.6961,9745,255,0.9745,2784
configs/exp4/lfu_2q_lirs.cfg,experiments/data/phases24_c48_seed42.in,LFU 2Q LIRS,3,16 16 16,48,10000,8278,1722,0.8278,9745,255,0.9745,1467
configs/exp4/lfu_2q_lirs_2q.cfg,experiments/data/phases24_c48_seed42.in,LFU 2Q LIRS 2Q,4,12 12 12 12,48,10000,7478,2522,0.7478,9745,255,0.9745,2267
configs/exp4/lfu_2q_lirs_arc.cfg,experiments/data/phases24_c48_seed42.in,LFU 2Q LIRS ARC,4,12 12 12 12,48,10000,7754,2246,0.7754,9745,255,0.9745,1991
configs/exp4/lfu_2q_lirs_lfu.cfg,experiments/data/phases24_c48_seed42.in,LFU 2Q LIRS LFU,4,12 12 12 12,48,10000,6952,3048,0.6952,9745,255,0.9745,2793
configs/exp4/lfu_2q_lirs_lirs.cfg,experiments/data/phases24_c48_seed42.in,LFU 2Q LIRS LIRS,4,12 12 12 12,48,10000,7421,2579,0.7421,9745,255,0.9745,2324
configs/exp4/lfu_2q_lirs_lru.cfg,experiments/data/phases24_c48_seed42.in,LFU 2Q LIRS LRU,4,12 12 12 12,48,10000,7785,2215,0.7785,9745,255,0.9745,1960
configs/exp4/lfu_2q_lru.cfg,experiments/data/phases24_c48_seed42.in,LFU 2Q LRU,3,16 16 16,48,10000,8015,1985,0.8015,9745,255,0.9745,1730
configs/exp4/lfu_2q_lru_2q.cfg,experiments/data/phases24_c48_seed42.in,LFU 2Q LRU 2Q,4,12 12 12 12,48,10000,7454,2546,0.7454,9745,255,0.9745,2291
configs/exp4/lfu_2q_lru_arc.cfg,experiments/data/phases24_c48_seed42.in,LFU 2Q LRU ARC,4,12 12 12 12,48,10000,7356,2644,0.7356,9745,255,0.9745,2389
configs/exp4/lfu_2q_lru_lfu.cfg,experiments/data/phases24_c48_seed42.in,LFU 2Q LRU LFU,4,12 12 12 12,48,10000,6905,3095,0.6905,9745,255,0.9745,2840
configs/exp4/lfu_2q_lru_lirs.cfg,experiments/data/phases24_c48_seed42.in,LFU 2Q LRU LIRS,4,12 12 12 12,48,10000,7774,2226,0.7774,9745,255,0.9745,1971
configs/exp4/lfu_2q_lru_lru.cfg,experiments/data/phases24_c48_seed42.in,LFU 2Q LRU LRU,4,12 12 12 12,48,10000,7059,2941,0.7059,9745,255,0.9745,2686
configs/exp4/lfu_arc.cfg,experiments/data/phases24_c48_seed42.in,LFU ARC,2,24 24,48,10000,9272,728,0.9272,9745,255,0.9745,473
configs/exp4/lfu_arc_2q.cfg,experiments/data/phases24_c48_seed42.in,LFU ARC 2Q,3,16 16 16,48,10000,8187,1813,0.8187,9745,255,0.9745,1558
configs/exp4/lfu_arc_2q_2q.cfg,experiments/data/phases24_c48_seed42.in,LFU ARC 2Q 2Q,4,12 12 12 12,48,10000,7438,2562,0.7438,9745,255,0.9745,2307
configs/exp4/lfu_arc_2q_arc.cfg,experiments/data/phases24_c48_seed42.in,LFU ARC 2Q ARC,4,12 12 12 12,48,10000,7585,2415,0.7585,9745,255,0.9745,2160
configs/exp4/lfu_arc_2q_lfu.cfg,experiments/data/phases24_c48_seed42.in,LFU ARC 2Q LFU,4,12 12 12 12,48,10000,6979,3021,0.6979,9745,255,0.9745,2766
configs/exp4/lfu_arc_2q_lirs.cfg,experiments/data/phases24_c48_seed42.in,LFU ARC 2Q LIRS,4,12 12 12 12,48,10000,7636,2364,0.7636,9745,255,0.9745,2109
configs/exp4/lfu_arc_2q_lru.cfg,experiments/data/phases24_c48_seed42.in,LFU ARC 2Q LRU,4,12 12 12 12,48,10000,7613,2387,0.7613,9745,255,0.9745,2132
configs/exp4/lfu_arc_arc.cfg,experiments/data/phases24_c48_seed42.in,LFU ARC ARC,3,16 16 16,48,10000,8171,1829,0.8171,9745,255,0.9745,1574
configs/exp4/lfu_arc_arc_2q.cfg,experiments/data/phases24_c48_seed42.in,LFU ARC ARC 2Q,4,12 12 12 12,48,10000,7394,2606,0.7394,9745,255,0.9745,2351
configs/exp4/lfu_arc_arc_arc.cfg,experiments/data/phases24_c48_seed42.in,LFU ARC ARC ARC,4,12 12 12 12,48,10000,7064,2936,0.7064,9745,255,0.9745,2681
configs/exp4/lfu_arc_arc_lfu.cfg,experiments/data/phases24_c48_seed42.in,LFU ARC ARC LFU,4,12 12 12 12,48,10000,6677,3323,0.6677,9745,255,0.9745,3068
configs/exp4/lfu_arc_arc_lirs.cfg,experiments/data/phases24_c48_seed42.in,LFU ARC ARC LIRS,4,12 12 12 12,48,10000,7417,2583,0.7417,9745,255,0.9745,2328
configs/exp4/lfu_arc_arc_lru.cfg,experiments/data/phases24_c48_seed42.in,LFU ARC ARC LRU,4,12 12 12 12,48,10000,7011,2989,0.7011,9745,255,0.9745,2734
configs/exp4/lfu_arc_lfu.cfg,experiments/data/phases24_c48_seed42.in,LFU ARC LFU,3,16 16 16,48,10000,7533,2467,0.7533,9745,255,0.9745,2212
configs/exp4/lfu_arc_lfu_2q.cfg,experiments/data/phases24_c48_seed42.in,LFU ARC LFU 2Q,4,12 12 12 12,48,10000,6951,3049,0.6951,9745,255,0.9745,2794
configs/exp4/lfu_arc_lfu_arc.cfg,experiments/data/phases24_c48_seed42.in,LFU ARC LFU ARC,4,12 12 12 12,48,10000,6678,3322,0.6678,9745,255,0.9745,3067
configs/exp4/lfu_arc_lfu_lfu.cfg,experiments/data/phases24_c48_seed42.in,LFU ARC LFU LFU,4,12 12 12 12,48,10000,6057,3943,0.6057,9745,255,0.9745,3688
configs/exp4/lfu_arc_lfu_lirs.cfg,experiments/data/phases24_c48_seed42.in,LFU ARC LFU LIRS,4,12 12 12 12,48,10000,6994,3006,0.6994,9745,255,0.9745,2751
configs/exp4/lfu_arc_lfu_lru.cfg,experiments/data/phases24_c48_seed42.in,LFU ARC LFU LRU,4,12 12 12 12,48,10000,6657,3343,0.6657,9745,255,0.9745,3088
configs/exp4/lfu_arc_lirs.cfg,experiments/data/phases24_c48_seed42.in,LFU ARC LIRS,3,16 16 16,48,10000,8299,1701,0.8299,9745,255,0.9745,1446
configs/exp4/lfu_arc_lirs_2q.cfg,experiments/data/phases24_c48_seed42.in,LFU ARC LIRS 2Q,4,12 12 12 12,48,10000,7526,2474,0.7526,9745,255,0.9745,2219
configs/exp4/lfu_arc_lirs_arc.cfg,experiments/data/phases24_c48_seed42.in,LFU ARC LIRS ARC,4,12 12 12 12,48,10000,7650,2350,0.765,9745,255,0.9745,2095
configs/exp4/lfu_arc_lirs_lfu.cfg,experiments/data/phases24_c48_seed42.in,LFU ARC LIRS LFU,4,12 12 12 12,48,10000,7032,2968,0.7032,9745,255,0.9745,2713
configs/exp4/lfu_arc_lirs_lirs.cfg,experiments/data/phases24_c48_seed42.in,LFU ARC LIRS LIRS,4,12 12 12 12,48,10000,7494,2506,0.7494,9745,255,0.9745,2251
configs/exp4/lfu_arc_lirs_lru.cfg,experiments/data/phases24_c48_seed42.in,LFU ARC LIRS LRU,4,12 12 12 12,48,10000,7708,2292,0.7708,9745,255,0.9745,2037
configs/exp4/lfu_arc_lru.cfg,experiments/data/phases24_c48_seed42.in,LFU ARC LRU,3,16 16 16,48,10000,8088,1912,0.8088,9745,255,0.9745,1657
configs/exp4/lfu_arc_lru_2q.cfg,experiments/data/phases24_c48_seed42.in,LFU ARC LRU 2Q,4,12 12 12 12,48,10000,6958,3042,0.6958,9745,255,0.9745,2787
configs/exp4/lfu_arc_lru_arc.cfg,experiments/data/phases24_c48_seed42.in,LFU ARC LRU ARC,4,12 12 12 12,48,10000,7089,2911,0.7089,9745,255,0.9745,2656
configs/exp4/lfu_arc_lru_lfu.cfg,experiments/data/phases24_c48_seed42.in,LFU ARC LRU LFU,4,12 12 12 12,48,10000,6627,3373,0.6627,9745,255,0.9745,3118
configs/exp4/lfu_arc_lru_lirs.cfg,experiments/data/phases24_c48_seed42.in,LFU ARC LRU LIRS,4,12 12 12 12,48,10000,7571,2429,0.7571,9745,255,0.9745,2174
configs/exp4/lfu_arc_lru_lru.cfg,experiments/data/phases24_c48_seed42.in,LFU ARC LRU LRU,4,12 12 12 12,48,10000,6725,3275,0.6725,9745,255,0.9745,3020
configs/exp4/lfu_lfu_2q.cfg,experiments/data/phases24_c48_seed42.in,LFU LFU 2Q,3,16 16 16,48,10000,7331,2669,0.7331,9745,255,0.9745,2414
configs/exp4/lfu_lfu_2q_2q.cfg,experiments/data/phases24_c48_seed42.in,LFU LFU 2Q 2Q,4,12 12 12 12,48,10000,6849,3151,0.6849,9745,255,0.9745,2896
configs/exp4/lfu_lfu_2q_arc.cfg,experiments/data/phases24_c48_seed42.in,LFU LFU 2Q ARC,4,12 12 12 12,48,10000,6971,3029,0.6971,9745,255,0.9745,2774
configs/exp4/lfu_lfu_2q_lfu.cfg,experiments/data/phases24_c48_seed42.in,LFU LFU 2Q LFU,4,12 12 12 12,48,10000,6367,3633,0.6367,9745,255,0.9745,3378
configs/exp4/lfu_lfu_2q_lirs.cfg,experiments/data/phases24_c48_seed42.in,LFU LFU 2Q LIRS,4,12 12 12 12,48,10000,6985,3015,0.6985,9745,255,0.9745,2760
configs/exp4/lfu_lfu_2q_lru.cfg,experiments/data/phases24_c48_seed42.in,LFU LFU 2Q LRU,4,12 12 12 12,48,10000,6987,3013,0.6987,9745,255,0.9745,2758
configs/exp4/lfu_lfu_arc.cfg,experiments/data/phases24_c48_seed42.in,LFU LFU ARC,3,16 16 16,48,10000,7398,2602,0.7398,9745,255,0.9745,2347
configs/exp4/lfu_lfu_arc_2q.cfg,experiments/data/phases24_c48_seed42.in,LFU LFU ARC 2Q,4,12 12 12 12,48,10000,6964,3036,0.6964,9745,255,0.9745,2781
configs/exp4/lfu_lfu_arc_arc.cfg,experiments/data/phases24_c48_seed42.in,LFU LFU ARC ARC,4,12 12 12 12,48,10000,6754,3246,0.6754,9745,255,0.9745,2991
configs/exp4/lfu_lfu_arc_lfu.cfg,experiments/data/phases24_c48_seed42.in,LFU LFU ARC LFU,4,12 12 12 12,48,10000,6427,3573,0.6427,9745,255,0.9745,3318
configs/exp4/lfu_lfu_arc_lirs.cfg,experiments/data/phases24_c48_seed42.in,LFU LFU ARC LIRS,4,12 12 12 12,48,10000,7029,2971,0.7029,9745,255,0.9745,2716
configs/exp4/lfu_lfu_arc_lru.cfg,experiments/data/phases24_c48_seed42.in,LFU LFU ARC LRU,4,12 12 12 12,48,10000,6695,3305,0.6695,9745,255,0.9745,3050
configs/exp4/lfu_lfu_lfu_2q.cfg,experiments/data/phases24_c48_seed42.in,LFU LFU LFU 2Q,4,12 12 12 12,48,10000,6286,3714,0.6286,9745,255,0.9745,3459
configs/exp4/lfu_lfu_lfu_arc.cfg,experiments/data/phases24_c48_seed42.in,LFU LFU LFU ARC,4,12 12 12 12,48,10000,6330,3670,0.633,9745,255,0.9745,3415
configs/exp4/lfu_lfu_lfu_lirs.cfg,experiments/data/phases24_c48_seed42.in,LFU LFU LFU LIRS,4,12 12 12 12,48,10000,6356,3644,0.6356,9745,255,0.9745,3389
configs/exp4/lfu_lfu_lfu_lru.cfg,experiments/data/phases24_c48_seed42.in,LFU LFU LFU LRU,4,12 12 12 12,48,10000,6252,3748,0.6252,9745,255,0.9745,3493
configs/exp4/lfu_lfu_lirs.cfg,experiments/data/phases24_c48_seed42.in,LFU LFU LIRS,3,16 16 16,48,10000,7452,2548,0.7452,9745,255,0.9745,2293
configs/exp4/lfu_lfu_lirs_2q.cfg,experiments/data/phases24_c48_seed42.in,LFU LFU LIRS 2Q,4,12 12 12 12,48,10000,7060,2940,0.706,9745,255,0.9745,2685
configs/exp4/lfu_lfu_lirs_arc.cfg,experiments/data/phases24_c48_seed42.in,LFU LFU LIRS ARC,4,12 12 12 12,48,10000,7243,2757,0.7243,9745,255,0.9745,2502
configs/exp4/lfu_lfu_lirs_lfu.cfg,experiments/data/phases24_c48_seed42.in,LFU LFU LIRS LFU,4,12 12 12 12,48,10000,6114,3886,0.6114,9745,255,0.9745,3631
configs/exp4/lfu_lfu_lirs_lirs.cfg,experiments/data/phases24_c48_seed42.in,LFU LFU LIRS LIRS,4,12 12 12 12,48,10000,6970,3030,0.697,9745,255,0.9745,2775
configs/exp4/lfu_lfu_lirs_lru.cfg,experiments/data/phases24_c48_seed42.in,LFU LFU LIRS LRU,4,12 12 12 12,48,10000,7319,2681,0.7319,9745,255,0.9745,2426
configs/exp4/lfu_lfu_lru.cfg,experiments/data/phases24_c48_seed42.in,LFU LFU LRU,3,16 16 16,48,10000,7270,2730,0.727,9745,255,0.9745,2475
configs/exp4/lfu_lfu_lru_2q.cfg,experiments/data/phases24_c48_seed42.in,LFU LFU LRU 2Q,4,12 12 12 12,48,10000,6950,3050,0.695,9745,255,0.9745,2795
configs/exp4/lfu_lfu_lru_arc.cfg,experiments/data/phases24_c48_seed42.in,LFU LFU LRU ARC,4,12 12 12 12,48,10000,6678,3322,0.6678,9745,255,0.9745,3067
configs/exp4/lfu_lfu_lru_lfu.cfg,experiments/data/phases24_c48_seed42.in,LFU LFU LRU LFU,4,12 12 12 12,48,10000,6242,3758,0.6242,9745,255,0.9745,3503
configs/exp4/lfu_lfu_lru_lirs.cfg,experiments/data/phases24_c48_seed42.in,LFU LFU LRU LIRS,4,12 12 12 12,48,10000,7186,2814,0.7186,9745,255,0.9745,2559
configs/exp4/lfu_lfu_lru_lru.cfg,experiments/data/phases24_c48_seed42.in,LFU LFU LRU LRU,4,12 12 12 12,48,10000,6351,3649,0.6351,9745,255,0.9745,3394
configs/exp4/lfu_lirs.cfg,experiments/data/phases24_c48_seed42.in,LFU LIRS,2,24 24,48,10000,9262,738,0.9262,9745,255,0.9745,483
configs/exp4/lfu_lirs_2q.cfg,experiments/data/phases24_c48_seed42.in,LFU LIRS 2Q,3,16 16 16,48,10000,8435,1565,0.8435,9745,255,0.9745,1310
configs/exp4/lfu_lirs_2q_2q.cfg,experiments/data/phases24_c48_seed42.in,LFU LIRS 2Q 2Q,4,12 12 12 12,48,10000,7518,2482,0.7518,9745,255,0.9745,2227
configs/exp4/lfu_lirs_2q_arc.cfg,experiments/data/phases24_c48_seed42.in,LFU LIRS 2Q ARC,4,12 12 12 12,48,10000,7699,2301,0.7699,9745,255,0.9745,2046
configs/exp4/lfu_lirs_2q_lfu.cfg,experiments/data/phases24_c48_seed42.in,LFU LIRS 2Q LFU,4,12 12 12 12,48,10000,7057,2943,0.7057,9745,255,0.9745,2688
configs/exp4/lfu_lirs_2q_lirs.cfg,experiments/data/phases24_c48_seed42.in,LFU LIRS 2Q LIRS,4,12 12 12 12,48,10000,7585,2415,0.7585,9745,255,0.9745,2160
configs/exp4/lfu_lirs_2q_lru.cfg,experiments/data/phases24_c48_seed42.in,LFU LIRS 2Q LRU,4,12 12 12 12,48,10000,7723,2277,0.7723,9745,255,0.9745,2022
configs/exp4/lfu_lirs_arc.cfg,experiments/data/phases24_c48_seed42.in,LFU LIRS ARC,3,16 16 16,48,10000,8476,1524,0.8476,9745,255,0.9745,1269
configs/exp4/lfu_lirs_arc_2q.cfg,experiments/data/phases24_c48_seed42.in,LFU LIRS ARC 2Q,4,12 12 12 12,48,10000,7803,2197,0.7803,9745,255,0.9745,1942
configs/exp4/lfu_lirs_arc_arc.cfg,experiments/data/phases24_c48_seed42.in,LFU LIRS ARC ARC,4,12 12 12 12,48,10000,7630,2370,0.763,9745,255,0.9745,2115
configs/exp4/lfu_lirs_arc_lfu.cfg,experiments/data/phases24_c48_seed42.in,LFU LIRS ARC LFU,4,12 12 12 12,48,10000,7263,2737,0.7263,9745,255,0.9745,2482
configs/exp4/lfu_lirs_arc_lirs.cfg,experiments/data/phases24_c48_seed42.in,LFU LIRS ARC LIRS,4,12 12 12 12,48,10000,7795,2205,0.7795,9745,255,0.9745,1950
configs/exp4/lfu_lirs_arc_lru.cfg,experiments/data/phases24_c48_seed42.in,LFU LIRS ARC LRU,4,12 12 12 12,48,10000,7590,2410,0.759,9745,255,0.9745,2155
configs/exp4/lfu_lirs_lfu.cfg,experiments/data/phases24_c48_seed42.in,LFU LIRS LFU,3,16 16 16,48,10000,7469,2531,0.7469,9745,255,0.9745,2276
configs/exp4/lfu_lirs_lfu_2q.cfg,experiments/data/phases24_c48_seed42.in,LFU LIRS LFU 2Q,4,12 12 12 12,48,10000,7050,2950,0.705,9745,255,0.9745,2695
configs/exp4/lfu_lirs_lfu_arc.cfg,experiments/data/phases24_c48_seed42.in,LFU LIRS LFU ARC,4,12 12 12 12,48,10000,7213,2787,0.7213,9745,255,0.9745,2532
configs/exp4/lfu_lirs_lfu_lfu.cfg,experiments/data/phases24_c48_seed42.in,LFU LIRS LFU LFU,4,12 12 12 12,48,10000,6157,3843,0.6157,9745,255,0.9745,3588
configs/exp4/lfu_lirs_lfu_lirs.cfg,experiments/data/phases24_c48_seed42.in,LFU LIRS LFU LIRS,4,12 12 12 12,48,10000,6964,3036,0.6964,9745,255,0.9745,2781
configs/exp4/lfu_lirs_lfu_lru.cfg,experiments/data/phases24_c48_seed42.in,LFU LIRS LFU LRU,4,12 12 12 12,48,10000,7286,2714,0.7286,9745,255,0.9745,2459
configs/exp4/lfu_lirs_lirs.cfg,experiments/data/phases24_c48_seed42.in,LFU LIRS LIRS,3,16 16 16,48,10000,8394,1606,0.8394,9745,255,0.9745,1351
configs/exp4/lfu_lirs_lirs_2q.cfg,experiments/data/phases24_c48_seed42.in,LFU LIRS LIRS 2Q,4,12 12 12 12,48,10000,7552,2448,0.7552,9745,255,0.9745,2193
configs/exp4/lfu_lirs_lirs_arc.cfg,experiments/data/phases24_c48_seed42.in,LFU LIRS LIRS ARC,4,12 12 12 12,48,10000,7797,2203,0.7797,9745,255,0.9745,1948
configs/exp4/lfu_lirs_lirs_lfu.cfg,experiments/data/phases24_c48_seed42.in,LFU LIRS LIRS LFU,4,12 12 12 12,48,10000,6964,3036,0.6964,9745,255,0.9745,2781
configs/exp4/lfu_lirs_lirs_lirs.cfg,experiments/data/phases24_c48_seed42.in,LFU LIRS LIRS LIRS,4,12 12 12 12,48,10000,7395,2605,0.7395,9745,255,0.9745,2350
configs/exp4/lfu_lirs_lirs_lru.cfg,experiments/data/phases24_c48_seed42.in,LFU LIRS LIRS LRU,4,12 12 12 12,48,10000,7877,2123,0.7877,9745,255,0.9745,1868
configs/exp4/lfu_lirs_lru.cfg,experiments/data/phases24_c48_seed42.in,LFU LIRS LRU,3,16 16 16,48,10000,8460,1540,0.846,9745,255,0.9745,1285
configs/exp4/lfu_lirs_lru_2q.cfg,experiments/data/phases24_c48_seed42.in,LFU LIRS LRU 2Q,4,12 12 12 12,48,10000,7654,2346,0.7654,9745,255,0.9745,2091
configs/exp4/lfu_lirs_lru_arc.cfg,experiments/data/phases24_c48_seed42.in,LFU LIRS LRU ARC,4,12 12 12 12,48,10000,7648,2352,0.7648,9745,255,0.9745,2097
configs/exp4/lfu_lirs_lru_lfu.cfg,experiments/data/phases24_c48_seed42.in,LFU LIRS LRU LFU,4,12 12 12 12,48,10000,7282,2718,0.7282,9745,255,0.9745,2463
configs/exp4/lfu_lirs_lru_lirs.cfg,experiments/data/phases24_c48_seed42.in,LFU LIRS LRU LIRS,4,12 12 12 12,48,10000,8006,1994,0.8006,9745,255,0.9745,1739
configs/exp4/lfu_lirs_lru_lru.cfg,experiments/data/phases24_c48_seed42.in,LFU LIRS LRU LRU,4,12 12 12 12,48,10000,7397,2603,0.7397,9745,255,0.9745,2348
configs/exp4/lfu_lru.cfg,experiments/data/phases24_c48_seed42.in,LFU LRU,2,24 24,48,10000,9036,964,0.9036,9745,255,0.9745,709
configs/exp4/lfu_lru_2q.cfg,experiments/data/phases24_c48_seed42.in,LFU LRU 2Q,3,16 16 16,48,10000,7913,2087,0.7913,9745,255,0.9745,1832
configs/exp4/lfu_lru_2q_2q.cfg,experiments/data/phases24_c48_seed42.in,LFU LRU 2Q 2Q,4,12 12 12 12,48,10000,7405,2595,0.7405,9745,255,0.9745,2340
configs/exp4/lfu_lru_2q_arc.cfg,experiments/data/phases24_c48_seed42.in,LFU LRU 2Q ARC,4,12 12 12 12,48,10000,7617,2383,0.7617,9745,255,0.9745,2128
configs/exp4/lfu_lru_2q_lfu.cfg,experiments/data/phases24_c48_seed42.in,LFU LRU 2Q LFU,4,12 12 12 12,48,10000,6848,3152,0.6848,9745,255,0.9745,2897
configs/exp4/lfu_lru_2q_lirs.cfg,experiments/data/phases24_c48_seed42.in,LFU LRU 2Q LIRS,4,12 12 12 12,48,10000,7695,2305,0.7695,9745,255,0.9745,2050
configs/exp4/lfu_lru_2q_lru.cfg,experiments/data/phases24_c48_seed42.in,LFU LRU 2Q LRU,4,12 12 12 12,48,10000,7507,2493,0.7507,9745,255,0.9745,2238
configs/exp4/lfu_lru_arc.cfg,experiments/data/phases24_c48_seed42.in,LFU LRU ARC,3,16 16 16,48,10000,7992,2008,0.7992,9745,255,0.9745,1753
configs/exp4/lfu_lru_arc_2q.cfg,experiments/data/phases24_c48_seed42.in,LFU LRU ARC 2Q,4,12 12 12 12,48,10000,7344,2656,0.7344,9745,255,0.9745,2401
configs/exp4/lfu_lru_arc_arc.cfg,experiments/data/phases24_c48_seed42.in,LFU LRU ARC ARC,4,12 12 12 12,48,10000,6990,3010,0.699,9745,255,0.9745,2755
configs/exp4/lfu_lru_arc_lfu.cfg,experiments/data/phases24_c48_seed42.in,LFU LRU ARC LFU,4,12 12 12 12,48,10000,6651,3349,0.6651,9745,255,0.9745,3094
configs/exp4/lfu_lru_arc_lirs.cfg,experiments/data/phases24_c48_seed42.in,LFU LRU ARC LIRS,4,12 12 12 12,48,10000,7452,2548,0.7452,9745,255,0.9745,2293
configs/exp4/lfu_lru_arc_lru.cfg,experiments/data/phases24_c48_seed42.in,LFU LRU ARC LRU,4,12 12 12 12,48,10000,6831,3169,0.6831,9745,255,0.9745,2914
configs/exp4/lfu_lru_lfu.cfg,experiments/data/phases24_c48_seed42.in,LFU LRU LFU,3,16 16 16,48,10000,7300,2700,0.73,9745,255,0.9745,2445
configs/exp4/lfu_lru_lfu_2q.cfg,experiments/data/phases24_c48_seed42.in,LFU LRU LFU 2Q,4,12 12 12 12,48,10000,6907,3093,0.6907,9745,255,0.9745,2838
configs/exp4/lfu_lru_lfu_arc.cfg,experiments/data/phases24_c48_seed42.in,LFU LRU LFU ARC,4,12 12 12 12,48,10000,6615,3385,0.6615,9745,255,0.9745,3130
configs/exp4/lfu_lru_lfu_lfu.cfg,experiments/data/phases24_c48_seed42.in,LFU LRU LFU LFU,4,12 12 12 12,48,10000,5901,4099,0.5901,9745,255,0.9745,3844
configs/exp4/lfu_lru_lfu_lirs.cfg,experiments/data/phases24_c48_seed42.in,LFU LRU LFU LIRS,4,12 12 12 12,48,10000,7139,2861,0.7139,9745,255,0.9745,2606
configs/exp4/lfu_lru_lfu_lru.cfg,experiments/data/phases24_c48_seed42.in,LFU LRU LFU LRU,4,12 12 12 12,48,10000,6288,3712,0.6288,9745,255,0.9745,3457
configs/exp4/lfu_lru_lirs.cfg,experiments/data/phases24_c48_seed42.in,LFU LRU LIRS,3,16 16 16,48,10000,8291,1709,0.8291,9745,255,0.9745,1454
configs/exp4/lfu_lru_lirs_2q.cfg,experiments/data/phases24_c48_seed42.in,LFU LRU LIRS 2Q,4,12 12 12 12,48,10000,7621,2379,0.7621,9745,255,0.9745,2124
configs/exp4/lfu_lru_lirs_arc.cfg,experiments/data/phases24_c48_seed42.in,LFU LRU LIRS ARC,4,12 12 12 12,48,10000,7731,2269,0.7731,9745,255,0.9745,2014
configs/exp4/lfu_lru_lirs_lfu.cfg,experiments/data/phases24_c48_seed42.in,LFU LRU LIRS LFU,4,12 12 12 12,48,10000,7092,2908,0.7092,9745,255,0.9745,2653
configs/exp4/lfu_lru_lirs_lirs.cfg,experiments/data/phases24_c48_seed42.in,LFU LRU LIRS LIRS,4,12 12 12 12,48,10000,7694,2306,0.7694,9745,255,0.9745,2051
configs/exp4/lfu_lru_lirs_lru.cfg,experiments/data/phases24_c48_seed42.in,LFU LRU LIRS LRU,4,12 12 12 12,48,10000,7720,2280,0.772,9745,255,0.9745,2025
configs/exp4/lfu_lru_lru.cfg,experiments/data/phases24_c48_seed42.in,LFU LRU LRU,3,16 16 16,48,10000,7654,2346,0.7654,9745,255,0.9745,2091
configs/exp4/lfu_lru_lru_2q.cfg,experiments/data/phases24_c48_seed42.in,LFU LRU LRU 2Q,4,12 12 12 12,48,10000,6450,3550,0.645,9745,255,0.9745,3295
configs/exp4/lfu_lru_lru_arc.cfg,experiments/data/phases24_c48_seed42.in,LFU LRU LRU ARC,4,12 12 12 12,48,10000,6823,3177,0.6823,9745,255,0.9745,2922
configs/exp4/lfu_lru_lru_lfu.cfg,experiments/data/phases24_c48_seed42.in,LFU LRU LRU LFU,4,12 12 12 12,48,10000,6187,3813,0.6187,9745,255,0.9745,3558
configs/exp4/lfu_lru_lru_lirs.cfg,experiments/data/phases24_c48_seed42.in,LFU LRU LRU LIRS,4,12 12 12 12,48,10000,7313,2687,0.7313,9745,255,0.9745,2432
configs/exp4/lfu_lru_lru_lru.cfg,experiments/data/phases24_c48_seed42.in,LFU LRU LRU LRU,4,12 12 12 12,48,10000,6353,3647,0.6353,9745,255,0.9745,3392
configs/exp4/lirs_2q.cfg,experiments/data/phases24_c48_seed42.in,LIRS 2Q,2,24 24,48,10000,9384,616,0.9384,9745,255,0.9745,361
configs/exp4/lirs_2q_2q.cfg,experiments/data/phases24_c48_seed42.in,LIRS 2Q 2Q,3,16 16 16,48,10000,8592,1408,0.8592,9745,255,0.9745,1153
configs/exp4/lirs_2q_2q_2q.cfg,experiments/data/phases24_c48_seed42.in,LIRS 2Q 2Q 2Q,4,12 12 12 12,48,10000,7373,2627,0.7373,9745,255,0.9745,2372
configs/exp4/lirs_2q_2q_arc.cfg,experiments/data/phases24_c48_seed42.in,LIRS 2Q 2Q ARC,4,12 12 12 12,48,10000,7644,2356,0.7644,9745,255,0.9745,2101
configs/exp4/lirs_2q_2q_lfu.cfg,experiments/data/phases24_c48_seed42.in,LIRS 2Q 2Q LFU,4,12 12 12 12,48,10000,7159,2841,0.7159,9745,255,0.9745,2586
configs/exp4/lirs_2q_2q_lirs.cfg,experiments/data/phases24_c48_seed42.in,LIRS 2Q 2Q LIRS,4,12 12 12 12,48,10000,7512,2488,0.7512,9745,255,0.9745,2233
configs/exp4/lirs_2q_2q_lru.cfg,experiments/data/phases24_c48_seed42.in,LIRS 2Q 2Q LRU,4,12 12 12 12,48,10000,7726,2274,0.7726,9745,255,0.9745,2019
configs/exp4/lirs_2q_arc.cfg,experiments/data/phases24_c48_seed42.in,LIRS 2Q ARC,3,16 16 16,48,10000,8615,1385,0.8615,9745,255,0.9745,1130
configs/exp4/lirs_2q_arc_2q.cfg,experiments/data/phases24_c48_seed42.in,LIRS 2Q ARC 2Q,4,12 12 12 12,48,10000,7752,2248,0.7752,9745,255,0.9745,1993
configs/exp4/lirs_2q_arc_arc.cfg,experiments/data/phases24_c48_seed42.in,LIRS 2Q ARC ARC,4,12 12 12 12,48,10000,7553,2447,0.7553,9745,255,0.9745,2192
configs/exp4/lirs_2q_arc_lfu.cfg,experiments/data/phases24_c48_seed42.in,LIRS 2Q ARC LFU,4,12 12 12 12,48,10000,7323,2677,0.7323,9745,255,0.9745,2422
configs/exp4/lirs_2q_arc_lirs.cfg,experiments/data/phases24_c48_seed42.in,LIRS 2Q ARC LIRS,4,12 12 12 12,48,10000,7786,2214,0.7786,9745,255,0.9745,1959
configs/exp4/lirs_2q_arc_lru.cfg,experiments/data/phases24_c48_seed42.in,LIRS 2Q ARC LRU,4,12 12 12 12,48,10000,7473,2527,0.7473,9745,255,0.9745,2272
configs/exp4/lirs_2q_lfu.cfg,experiments/data/phases24_c48_seed42.in,LIRS 2Q LFU,3,16 16 16,48,10000,8252,1748,0.8252,9745,255,0.9745,1493
configs/exp4/lirs_2q_lfu_2q.cfg,experiments/data/phases24_c48_seed42.in,LIRS 2Q LFU 2Q,4,12 12 12 12,48,10000,7373,2627,0.7373,9745,255,0.9745,2372
configs/exp4/lirs_2q_lfu_arc.cfg,experiments/data/phases24_c48_seed42.in,LIRS 2Q LFU ARC,4,12 12 12 12,48,10000,7606,2394,0.7606,9745,255,0.9745,2139
configs/exp4/lirs_2q_lfu_lfu.cfg,experiments/data/phases24_c48_seed42.in,LIRS 2Q LFU LFU,4,12 12 12 12,48,10000,6924,3076,0.6924,9745,255,0.9745,2821
configs/exp4/lirs_2q_lfu_lirs.cfg,experiments/data/phases24_c48_seed42.in,LIRS 2Q LFU LIRS,4,12 12 12 12,48,10000,7494,2506,0.7494,9745,255,0.9745,2251
configs/exp4/lirs_2q_lfu_lru.cfg,experiments/data/phases24_c48_seed42.in,LIRS 2Q LFU LRU,4,12 12 12 12,48,10000,7577,2423,0.7577,9745,255,0.9745,2168
configs/exp4/lirs_2q_lirs.cfg,experiments/data/phases24_c48_seed42.in,LIRS 2Q LIRS,3,16 16 16,48,10000,8708,1292,0.8708,9745,255,0.9745,1037
configs/exp4/lirs_2q_lirs_2q.cfg,experiments/data/phases24_c48_seed42.in,LIRS 2Q LIRS 2Q,4,12 12 12 12,48,10000,7476,2524,0.7476,9745,255,0.9745,2269
configs/exp4/lirs_2q_lirs_arc.cfg,experiments/data/phases24_c48_seed42.in,LIRS 2Q LIRS ARC,4,12 12 12 12,48,10000,7770,2230,0.777,9745,255,0.9745,1975
configs/exp4/lirs_2q_lirs_lfu.cfg,experiments/data/phases24_c48_seed42.in,LIRS 2Q LIRS LFU,4,12 12 12 12,48,10000,7269,2731,0.7269,9745,255,0.9745,2476
configs/exp4/lirs_2q_lirs_lirs.cfg,experiments/data/phases24_c48_seed42.in,LIRS 2Q LIRS LIRS,4,12 12 12 12,48,10000,7432,2568,0.7432,9745,255,0.9745,2313
configs/exp4/lirs_2q_lirs_lru.cfg,experiments/data/phases24_c48_seed42.in,LIRS 2Q LIRS LRU,4,12 12 12 12,48,10000,7825,2175,0.7825,9745,255,0.9745,1920
configs/exp4/lirs_2q_lru.cfg,experiments/data/phases24_c48_seed42.in,LIRS 2Q LRU,3,16 16 16,48,10000,8493,1507,0.8493,9745,255,0.9745,1252
configs/exp4/lirs_2q_lru_2q.cfg,experiments/data/phases24_c48_seed42.in,LIRS 2Q LRU 2Q,4,12 12 12 12,48,10000,7611,2389,0.7611,9745,255,0.9745,2134
configs/exp4/lirs_2q_lru_arc.cfg,experiments/data/phases24_c48_seed42.in,LIRS 2Q LRU ARC,4,12 12 12 12,48,10000,7612,2388,0.7612,9745,255,0.9745,2133
configs/exp4/lirs_2q_lru_lfu.cfg,experiments/data/phases24_c48_seed42.in,LIRS 2Q LRU LFU,4,12 12 12 12,48,10000,7283,2717,0.7283,9745,255,0.9745,2462
configs/exp4/lirs_2q_lru_lirs.cfg,experiments/data/phases24_c48_seed42.in,LIRS 2Q LRU LIRS,4,12 12 12 12,48,10000,7928,2072,0.7928,9745,255,0.9745,1817
configs/exp4/lirs_2q_lru_lru.cfg,experiments/data/phases24_c48_seed42.in,LIRS 2Q LRU LRU,4,12 12 12 12,48,10000,7342,2658,0.7342,9745,255,0.9745,2403
configs/exp4/lirs_arc.cfg,experiments/data/phases24_c48_seed42.in,LIRS ARC,2,24 24,48,10000,9382,618,0.9382,9745,255,0.9745,363
configs/exp4/lirs_arc_2q.cfg,experiments/data/phases24_c48_seed42.in,LIRS ARC 2Q,3,16 16 16,48,10000,8635,1365,0.8635,9745,255,0.9745,1110
configs/exp4/lirs_arc_2q_2q.cfg,experiments/data/phases24_c48_seed42.in,LIRS ARC 2Q 2Q,4,12 12 12 12,48,10000,7741,2259,0.7741,9745,255,0.9745,2004
configs/exp4/lirs_arc_2q_arc.cfg,experiments/data/phases24_c48_seed42.in,LIRS ARC 2Q ARC,4,12 12 12 12,48,10000,7869,2131,0.7869,9745,255,0.9745,1876
configs/exp4/lirs_arc_2q_lfu.cfg,experiments/data/phases24_c48_seed42.in,LIRS ARC 2Q LFU,4,12 12 12 12,48,10000,7455,2545,0.7455,9745,255,0.9745,2290
configs/exp4/lirs_arc_2q_lirs.cfg,experiments/data/phases24_c48_seed42.in,LIRS ARC 2Q LIRS,4,12 12 12 12,48,10000,7916,2084,0.7916,9745,255,0.9745,1829
configs/exp4/lirs_arc_2q_lru.cfg,experiments/data/phases24_c48_seed42.in,LIRS ARC 2Q LRU,4,12 12 12 12,48,10000,7812,2188,0.7812,9745,255,0.9745,1933
configs/exp4/lirs_arc_arc.cfg,experiments/data/phases24_c48_seed42.in,LIRS ARC ARC,3,16 16 16,48,10000,8579,1421,0.8579,9745,255,0.9745,1166
configs/exp4/lirs_arc_arc_2q.cfg,experiments/data/phases24_c48_seed42.in,LIRS ARC ARC 2Q,4,12 12 12 12,48,10000,7687,2313,0.7687,9745,255,0.9745,2058
configs/exp4/lirs_arc_arc_arc.cfg,experiments/data/phases24_c48_seed42.in,LIRS ARC ARC ARC,4,12 12 12 12,48,10000,7330,2670,0.733,9745,255,0.9745,2415
configs/exp4/lirs_arc_arc_lfu.cfg,experiments/data/phases24_c48_seed42.in,LIRS ARC ARC LFU,4,12 12 12 12,48,10000,7243,2757,0.7243,9745,255,0.9745,2502
configs/exp4/lirs_arc_arc_lirs.cfg,experiments/data/phases24_c48_seed42.in,LIRS ARC ARC LIRS,4,12 12 12 12,48,10000,7692,2308,0.7692,9745,255,0.9745,2053
configs/exp4/lirs_arc_arc_lru.cfg,experiments/data/phases24_c48_seed42.in,LIRS ARC ARC LRU,4,12 12 12 12,48,10000,7266,2734,0.7266,9745,255,0.9745,2479
configs/exp4/lirs_arc_lfu.cfg,experiments/data/phases24_c48_seed42.in,LIRS ARC LFU,3,16 16 16,48,10000,8261,1739,0.8261,9745,255,0.9745,1484
configs/exp4/lirs_arc_lfu_2q.cfg,experiments/data/phases24_c48_seed42.in,LIRS ARC LFU 2Q,4,12 12 12 12,48,10000,7631,2369,0.7631,9745,255,0.9745,2114
configs/exp4/lirs_arc_lfu_arc.cfg,experiments/data/phases24_c48_seed42.in,LIRS ARC LFU ARC,4,12 12 12 12,48,10000,7471,2529,0.7471,9745,255,0.9745,2274
configs/exp4/lirs_arc_lfu_lfu.cfg,experiments/data/phases24_c48_seed42.in,LIRS ARC LFU LFU,4,12 12 12 12,48,10000,7021,2979,0.7021,9745,255,0.9745,2724
configs/exp4/lirs_arc_lfu_lirs.cfg,experiments/data/phases24_c48_seed42.in,LIRS ARC LFU LIRS,4,12 12 12 12,48,10000,7703,2297,0.7703,9745,255,0.9745,2042
configs/exp4/lirs_arc_lfu_lru.cfg,experiments/data/phases24_c48_seed42.in,LIRS ARC LFU LRU,4,12 12 12 12,48,10000,7351,2649,0.7351,9745,255,0.9745,2394
configs/exp4/lirs_arc_lirs.cfg,experiments/data/phases24_c48_seed42.in,LIRS ARC LIRS,3,16 16 16,48,10000,8682,1318,0.8682,9745,255,0.9745,1063
configs/exp4/lirs_arc_lirs_2q.cfg,experiments/data/phases24_c48_seed42.in,LIRS ARC LIRS 2Q,4,12 12 12 12,48,10000,7754,2246,0.7754,9745,255,0.9745,1991
configs/exp4/lirs_arc_lirs_arc.cfg,experiments/data/phases24_c48_seed42.in,LIRS ARC LIRS ARC,4,12 12 12 12,48,10000,7823,2177,0.7823,9745,255,0.9745,1922
configs/exp4/lirs_arc_lirs_lfu.cfg,experiments/data/phases24_c48_seed42.in,LIRS ARC LIRS LFU,4,12 12 12 12,48,10000,7512,2488,0.7512,9745,255,0.9745,2233
configs/exp4/lirs_arc_lirs_lirs.cfg,experiments/data/phases24_c48_seed42.in,LIRS ARC LIRS LIRS,4,12 12 12 12,48,10000,7733,2267,0.7733,9745,255,0.9745,2012
configs/exp4/lirs_arc_lirs_lru.cfg,experiments/data/phases24_c48_seed42.in,LIRS ARC LIRS LRU,4,12 12 12 12,48,10000,7841,2159,0.7841,9745,255,0.9745,1904
configs/exp4/lirs_arc_lru.cfg,experiments/data/phases24_c48_seed42.in,LIRS ARC LRU,3,16 16 16,48,10000,8495,1505,0.8495,9745,255,0.9745,1250
configs/exp4/lirs_arc_lru_2q.cfg,experiments/data/phases24_c48_seed42.in,LIRS ARC LRU 2Q,4,12 12 12 12,48,10000,7221,2779,0.7221,9745,255,0.9745,2524
configs/exp4/lirs_arc_lru_arc.cfg,experiments/data/phases24_c48_seed42.in,LIRS ARC LRU ARC,4,12 12 12 12,48,10000,7351,2649,0.7351,9745,255,0.9745,2394
configs/exp4/lirs_arc_lru_lfu.cfg,experiments/data/phases24_c48_seed42.in,LIRS ARC LRU LFU,4,12 12 12 12,48,10000,7029,2971,0.7029,9745,255,0.9745,2716
configs/exp4/lirs_arc_lru_lirs.cfg,experiments/data/phases24_c48_seed42.in,LIRS ARC LRU LIRS,4,12 12 12 12,48,10000,7766,2234,0.7766,9745,255,0.9745,1979
configs/exp4/lirs_arc_lru_lru.cfg,experiments/data/phases24_c48_seed42.in,LIRS ARC LRU LRU,4,12 12 12 12,48,10000,7021,2979,0.7021,9745,255,0.9745,2724
configs/exp4/lirs_lfu.cfg,experiments/data/phases24_c48_seed42.in,LIRS LFU,2,24 24,48,10000,9226,774,0.9226,9745,255,0.9745,519
configs/exp4/lirs_lfu_2q.cfg,experiments/data/phases24_c48_seed42.in,LIRS LFU 2Q,3,16 16 16,48,10000,8429,1571,0.8429,9745,255,0.9745,1316
configs/exp4/lirs_lfu_2q_2q.cfg,experiments/data/phases24_c48_seed42.in,LIRS LFU 2Q 2Q,4,12 12 12 12,48,10000,7451,2549,0.7451,9745,255,0.9745,2294
configs/exp4/lirs_lfu_2q_arc.cfg,experiments/data/phases24_c48_seed42.in,LIRS LFU 2Q ARC,4,12 12 12 12,48,10000,7656,2344,0.7656,9745,255,0.9745,2089
configs/exp4/lirs_lfu_2q_lfu.cfg,experiments/data/phases24_c48_seed42.in,LIRS LFU 2Q LFU,4,12 12 12 12,48,10000,6985,3015,0.6985,9745,255,0.9745,2760
configs/exp4/lirs_lfu_2q_lirs.cfg,experiments/data/phases24_c48_seed42.in,LIRS LFU 2Q LIRS,4,12 12 12 12,48,10000,7566,2434,0.7566,9745,255,0.9745,2179
configs/exp4/lirs_lfu_2q_lru.cfg,experiments/data/phases24_c48_seed42.in,LIRS LFU 2Q LRU,4,12 12 12 12,48,10000,7675,2325,0.7675,9745,255,0.9745,2070
configs/exp4/lirs_lfu_arc.cfg,experiments/data/phases24_c48_seed42.in,LIRS LFU ARC,3,16 16 16,48,10000,8435,1565,0.8435,9745,255,0.9745,1310
configs/exp4/lirs_lfu_arc_2q.cfg,experiments/data/phases24_c48_seed42.in,LIRS LFU ARC 2Q,4,12 12 12 12,48,10000,7738,2262,0.7738,9745,255,0.9745,2007
configs/exp4/lirs_lfu_arc_arc.cfg,experiments/data/phases24_c48_seed42.in,LIRS LFU ARC ARC,4,12 12 12 12,48,10000,7600,2400,0.76,9745,255,0.9745,2145
configs/exp4/lirs_lfu_arc_lfu.cfg,experiments/data/phases24_c48_seed42.in,LIRS LFU ARC LFU,4,12 12 12 12,48,10000,7164,2836,0.7164,9745,255,0.9745,2581
configs/exp4/lirs_lfu_arc_lirs.cfg,experiments/data/phases24_c48_seed42.in,LIRS LFU ARC LIRS,4,12 12 12 12,48,10000,7818,2182,0.7818,9745,255,0.9745,1927
configs/exp4/lirs_lfu_arc_lru.cfg,experiments/data/phases24_c48_seed42.in,LIRS LFU ARC LRU,4,12 12 12 12,48,10000,7536,2464,0.7536,9745,255,0.9745,2209
configs/exp4/lirs_lfu_lfu.cfg,experiments/data/phases24_c48_seed42.in,LIRS LFU LFU,3,16 16 16,48,10000,7245,2755,0.7245,9745,255,0.9745,2500
configs/exp4/lirs_lfu_lfu_2q.cfg,experiments/data/phases24_c48_seed42.in,LIRS LFU LFU 2Q,4,12 12 12 12,48,10000,7038,2962,0.7038,9745,255,0.9745,2707
configs/exp4/lirs_lfu_lfu_arc.cfg,experiments/data/phases24_c48_seed42.in,LIRS LFU LFU ARC,4,12 12 12 12,48,10000,7195,2805,0.7195,9745,255,0.9745,2550
configs/exp4/lirs_lfu_lfu_lfu.cfg,experiments/data/phases24_c48_seed42.in,LIRS LFU LFU LFU,4,12 12 12 12,48,10000,6147,3853,0.6147,9745,255,0.9745,3598
configs/exp4/lirs_lfu_lfu_lirs.cfg,experiments/data/phases24_c48_seed42.in,LIRS LFU LFU LIRS,4,12 12 12 12,48,10000,7000,3000,0.7,9745,255,0.9745,2745
configs/exp4/lirs_lfu_lfu_lru.cfg,experiments/data/phases24_c48_seed42.in,LIRS LFU LFU LRU,4,12 12 12 12,48,10000,7268,2732,0.7268,9745,255,0.9745,2477
configs/exp4/lirs_lfu_lirs.cfg,experiments/data/phases24_c48_seed42.in,LIRS LFU LIRS,3,16 16 16,48,10000,8381,1619,0.8381,9745,255,0.9745,1364
configs/exp4/lirs_lfu_lirs_2q.cfg,experiments/data/phases24_c48_seed42.in,LIRS LFU LIRS 2Q,4,12 12 12 12,48,10000,7528,2472,0.7528,9745,255,0.9745,2217
configs/exp4/lirs_lfu_lirs_arc.cfg,experiments/data/phases24_c48_seed42.in,LIRS LFU LIRS ARC,4,12 12 12 12,48,10000,7778,2222,0.7778,9745,255,0.9745,1967
configs/exp4/lirs_lfu_lirs_lfu.cfg,experiments/data/phases24_c48_seed42.in,LIRS LFU LIRS LFU,4,12 12 12 12,48,10000,6954,3046,0.6954,9745,255,0.9745,2791
configs/exp4/lirs_lfu_lirs_lirs.cfg,experiments/data/phases24_c48_seed42.in,LIRS LFU LIRS LIRS,4,12 12 12 12,48,10000,7453,2547,0.7453,9745,255,0.9745,2292
configs/exp4/lirs_lfu_lirs_lru.cfg,experiments/data/phases24_c48_seed42.in,LIRS LFU LIRS LRU,4,12 12 12 12,48,10000,7825,2175,0.7825,9745,255,0.9745,1920
configs/exp4/lirs_lfu_lru.cfg,experiments/data/phases24_c48_seed42.in,LIRS LFU LRU,3,16 16 16,48,10000,8425,1575,0.8425,9745,255,0.9745,1320
configs/exp4/lirs_lfu_lru_2q.cfg,experiments/data/phases24_c48_seed42.in,LIRS LFU LRU 2Q,4,12 12 12 12,48,10000,7647,2353,0.7647,9745,255,0.9745,2098
configs/exp4/lirs_lfu_lru_arc.cfg,experiments/data/phases24_c48_seed42.in,LIRS LFU LRU ARC,4,12 12 12 12,48,10000,7597,2403,0.7597,9745,255,0.9745,2148
configs/exp4/lirs_lfu_lru_lfu.cfg,experiments/data/phases24_c48_seed42.in,LIRS LFU LRU LFU,4,12 12 12 12,48,10000,7189,2811,0.7189,9745,255,0.9745,2556
configs/exp4/lirs_lfu_lru_lirs.cfg,experiments/data/phases24_c48_seed42.in,LIRS LFU LRU LIRS,4,12 12 12 12,48,10000,7950,2050,0.795,9745,255,0.9745,1795
configs/exp4/lirs_lfu_lru_lru.cfg,experiments/data/phases24_c48_seed42.in,LIRS LFU LRU LRU,4,12 12 12 12,48,10000,7301,2699,0.7301,9745,255,0.9745,2444
configs/exp4/lirs_lirs_2q.cfg,experiments/data/phases24_c48_seed42.in,LIRS LIRS 2Q,3,16 16 16,48,10000,8700,1300,0.87,9745,255,0.9745,1045
configs/exp4/lirs_lirs_2q_2q.cfg,experiments/data/phases24_c48_seed42.in,LIRS LIRS 2Q 2Q,4,12 12 12 12,48,10000,7466,2534,0.7466,9745,255,0.9745,2279
configs/exp4/lirs_lirs_2q_arc.cfg,experiments/data/phases24_c48_seed42.in,LIRS LIRS 2Q ARC,4,12 12 12 12,48,10000,7665,2335,0.7665,9745,255,0.9745,2080
configs/exp4/lirs_lirs_2q_lfu.cfg,experiments/data/phases24_c48_seed42.in,LIRS LIRS 2Q LFU,4,12 12 12 12,48,10000,7222,2778,0.7222,9745,255,0.9745,2523
configs/exp4/lirs_lirs_2q_lirs.cfg,experiments/data/phases24_c48_seed42.in,LIRS LIRS 2Q LIRS,4,12 12 12 12,48,10000,7521,2479,0.7521,9745,255,0.9745,2224
configs/exp4/lirs_lirs_2q_lru.cfg,experiments/data/phases24_c48_seed42.in,LIRS LIRS 2Q LRU,4,12 12 12 12,48,10000,7720,2280,0.772,9745,255,0.9745,2025
configs/exp4/lirs_lirs_arc.cfg,experiments/data/phases24_c48_seed42.in,LIRS LIRS ARC,3,16 16 16,48,10000,8704,1296,0.8704,9745,255,0.9745,1041
configs/exp4/lirs_lirs_arc_2q.cfg,experiments/data/phases24_c48_seed42.in,LIRS LIRS ARC 2Q,4,12 12 12 12,48,10000,7842,2158,0.7842,9745,255,0.9745,1903
configs/exp4/lirs_lirs_arc_arc.cfg,experiments/data/phases24_c48_seed42.in,LIRS LIRS ARC ARC,4,12 12 12 12,48,10000,7639,2361,0.7639,9745,255,0.9745,2106
configs/exp4/lirs_lirs_arc_lfu.cfg,experiments/data/phases24_c48_seed42.in,LIRS LIRS ARC LFU,4,12 12 12 12,48,10000,7472,2528,0.7472,9745,255,0.9745,2273
configs/exp4/lirs_lirs_arc_lirs.cfg,experiments/data/phases24_c48_seed42.in,LIRS LIRS ARC LIRS,4,12 12 12 12,48,10000,7809,2191,0.7809,9745,255,0.9745,1936
configs/exp4/lirs_lirs_arc_lru.cfg,experiments/data/phases24_c48_seed42.in,LIRS LIRS ARC LRU,4,12 12 12 12,48,10000,7552,2448,0.7552,9745,255,0.9745,2193
configs/exp4/lirs_lirs_lfu.cfg,experiments/data/phases24_c48_seed42.in,LIRS LIRS LFU,3,16 16 16,48,10000,8221,1779,0.8221,9745,255,0.9745,1524
configs/exp4/lirs_lirs_lfu_2q.cfg,experiments/data/phases24_c48_seed42.in,LIRS LIRS LFU 2Q,4,12 12 12 12,48,10000,7426,2574,0.7426,9745,255,0.9745,2319
configs/exp4/lirs_lirs_lfu_arc.cfg,experiments/data/phases24_c48_seed42.in,LIRS LIRS LFU ARC,4,12 12 12 12,48,10000,7712,2288,0.7712,9745,255,0.9745,2033
configs/exp4/lirs_lirs_lfu_lfu.cfg,experiments/data/phases24_c48_seed42.in,LIRS LIRS LFU LFU,4,12 12 12 12,48,10000,6916,3084,0.6916,9745,255,0.9745,2829
configs/exp4/lirs_lirs_lfu_lirs.cfg,experiments/data/phases24_c48_seed42.in,LIRS LIRS LFU LIRS,4,12 12 12 12,48,10000,7369,2631,0.7369,9745,255,0.9745,2376
configs/exp4/lirs_lirs_lfu_lru.cfg,experiments/data/phases24_c48_seed42.in,LIRS LIRS LFU LRU,4,12 12 12 12,48,10000,7717,2283,0.7717,9745,255,0.9745,2028
configs/exp4/lirs_lirs_lirs_2q.cfg,experiments/data/phases24_c48_seed42.in,LIRS LIRS LIRS 2Q,4,12 12 12 12,48,10000,7370,2630,0.737,9745,255,0.9745,2375
configs/exp4/lirs_lirs_lirs_arc.cfg,experiments/data/phases24_c48_seed42.in,LIRS LIRS LIRS ARC,4,12 12 12 12,48,10000,7710,2290,0.771,9745,255,0.9745,2035
configs/exp4/lirs_lirs_lirs_lfu.cfg,experiments/data/phases24_c48_seed42.in,LIRS LIRS LIRS LFU,4,12 12 12 12,48,10000,7114,2886,0.7114,9745,255,0.9745,2631
configs/exp4/lirs_lirs_lirs_lru.cfg,experiments/data/phases24_c48_seed42.in,LIRS LIRS LIRS LRU,4,12 12 12 12,48,10000,7782,2218,0.7782,9745,255,0.9745,1963
configs/exp4/lirs_lirs_lru.cfg,experiments/data/phases24_c48_seed42.in,LIRS LIRS LRU,3,16 16 16,48,10000,8675,1325,0.8675,9745,255,0.9745,1070
configs/exp4/lirs_lirs_lru_2q.cfg,experiments/data/phases24_c48_seed42.in,LIRS LIRS LRU 2Q,4,12 12 12 12,48,10000,7670,2330,0.767,9745,255,0.9745,2075
configs/exp4/lirs_lirs_lru_arc.cfg,experiments/data/phases24_c48_seed42.in,LIRS LIRS LRU ARC,4,12 12 12 12,48,10000,7725,2275,0.7725,9745,255,0.9745,2020
configs/exp4/lirs_lirs_lru_lfu.cfg,experiments/data/phases24_c48_seed42.in,LIRS LIRS LRU LFU,4,12 12 12 12,48,10000,7427,2573,0.7427,9745,255,0.9745,2318
configs/exp4/lirs_lirs_lru_lirs.cfg,experiments/data/phases24_c48_seed42.in,LIRS LIRS LRU LIRS,4,12 12 12 12,48,10000,8023,1977,0.8023,9745,255,0.9745,1722
configs/exp4/lirs_lirs_lru_lru.cfg,experiments/data/phases24_c48_seed42.in,LIRS LIRS LRU LRU,4,12 12 12 12,48,10000,7477,2523,0.7477,9745,255,0.9745,2268
configs/exp4/lirs_lru.cfg,experiments/data/phases24_c48_seed42.in,LIRS LRU,2,24 24,48,10000,9369,631,0.9369,9745,255,0.9745,376
configs/exp4/lirs_lru_2q.cfg,experiments/data/phases24_c48_seed42.in,LIRS LRU 2Q,3,16 16 16,48,10000,8461,1539,0.8461,9745,255,0.9745,1284
configs/exp4/lirs_lru_2q_2q.cfg,experiments/data/phases24_c48_seed42.in,LIRS LRU 2Q 2Q,4,12 12 12 12,48,10000,7527,2473,0.7527,9745,255,0.9745,2218
configs/exp4/lirs_lru_2q_arc.cfg,experiments/data/phases24_c48_seed42.in,LIRS LRU 2Q ARC,4,12 12 12 12,48,10000,7843,2157,0.7843,9745,255,0.9745,1902
configs/exp4/lirs_lru_2q_lfu.cfg,experiments/data/phases24_c48_seed42.in,LIRS LRU 2Q LFU,4,12 12 12 12,48,10000,7313,2687,0.7313,9745,255,0.9745,2432
configs/exp4/lirs_lru_2q_lirs.cfg,experiments/data/phases24_c48_seed42.in,LIRS LRU 2Q LIRS,4,12 12 12 12,48,10000,8069,1931,0.8069,9745,255,0.9745,1676
configs/exp4/lirs_lru_2q_lru.cfg,experiments/data/phases24_c48_seed42.in,LIRS LRU 2Q LRU,4,12 12 12 12,48,10000,7594,2406,0.7594,9745,255,0.9745,2151
configs/exp4/lirs_lru_arc.cfg,experiments/data/phases24_c48_seed42.in,LIRS LRU ARC,3,16 16 16,48,10000,8519,1481,0.8519,9745,255,0.9745,1226
configs/exp4/lirs_lru_arc_2q.cfg,experiments/data/phases24_c48_seed42.in,LIRS LRU ARC 2Q,4,12 12 12 12,48,10000,7630,2370,0.763,9745,255,0.9745,2115
configs/exp4/lirs_lru_arc_arc.cfg,experiments/data/phases24_c48_seed42.in,LIRS LRU ARC ARC,4,12 12 12 12,48,10000,7350,2650,0.735,9745,255,0.9745,2395
configs/exp4/lirs_lru_arc_lfu.cfg,experiments/data/phases24_c48_seed42.in,LIRS LRU ARC LFU,4,12 12 12 12,48,10000,7199,2801,0.7199,9745,255,0.9745,2546
configs/exp4/lirs_lru_arc_lirs.cfg,experiments/data/phases24_c48_seed42.in,LIRS LRU ARC LIRS,4,12 12 12 12,48,10000,7750,2250,0.775,9745,255,0.9745,1995
configs/exp4/lirs_lru_arc_lru.cfg,experiments/data/phases24_c48_seed42.in,LIRS LRU ARC LRU,4,12 12 12 12,48,10000,7250,2750,0.725,9745,255,0.9745,2495
configs/exp4/lirs_lru_lfu.cfg,experiments/data/phases24_c48_seed42.in,LIRS LRU LFU,3,16 16 16,48,10000,8170,1830,0.817,9745,255,0.9745,1575
configs/exp4/lirs_lru_lfu_2q.cfg,experiments/data/phases24_c48_seed42.in,LIRS LRU LFU 2Q,4,12 12 12 12,48,10000,7376,2624,0.7376,9745,255,0.9745,2369
configs/exp4/lirs_lru_lfu_arc.cfg,experiments/data/phases24_c48_seed42.in,LIRS LRU LFU ARC,4,12 12 12 12,48,10000,7320,2680,0.732,9745,255,0.9745,2425
configs/exp4/lirs_lru_lfu_lfu.cfg,experiments/data/phases24_c48_seed42.in,LIRS LRU LFU LFU,4,12 12 12 12,48,10000,6862,3138,0.6862,9745,255,0.9745,2883
configs/exp4/lirs_lru_lfu_lirs.cfg,experiments/data/phases24_c48_seed42.in,LIRS LRU LFU LIRS,4,12 12 12 12,48,10000,7714,2286,0.7714,9745,255,0.9745,2031
configs/exp4/lirs_lru_lfu_lru.cfg,experiments/data/phases24_c48_seed42.in,LIRS LRU LFU LRU,4,12 12 12 12,48,10000,6996,3004,0.6996,9745,255,0.9745,2749
configs/exp4/lirs_lru_lirs.cfg,experiments/data/phases24_c48_seed42.in,LIRS LRU LIRS,3,16 16 16,48,10000,8748,1252,0.8748,9745,255,0.9745,997
configs/exp4/lirs_lru_lirs_2q.cfg,experiments/data/phases24_c48_seed42.in,LIRS LRU LIRS 2Q,4,12 12 12 12,48,10000,7927,2073,0.7927,9745,255,0.9745,1818
configs/exp4/lirs_lru_lirs_arc.cfg,experiments/data/phases24_c48_seed42.in,LIRS LRU LIRS ARC,4,12 12 12 12,48,10000,7906,2094,0.7906,9745,255,0.9745,1839
configs/exp4/lirs_lru_lirs_lfu.cfg,experiments/data/phases24_c48_seed42.in,LIRS LRU LIRS LFU,4,12 12 12 12,48,10000,7661,2339,0.7661,9745,255,0.9745,2084
configs/exp4/lirs_lru_lirs_lirs.cfg,experiments/data/phases24_c48_seed42.in,LIRS LRU LIRS LIRS,4,12 12 12 12,48,10000,7953,2047,0.7953,9745,255,0.9745,1792
configs/exp4/lirs_lru_lirs_lru.cfg,experiments/data/phases24_c48_seed42.in,LIRS LRU LIRS LRU,4,12 12 12 12,48,10000,7876,2124,0.7876,9745,255,0.9745,1869
configs/exp4/lirs_lru_lru.cfg,experiments/data/phases24_c48_seed42.in,LIRS LRU LRU,3,16 16 16,48,10000,8228,1772,0.8228,9745,255,0.9745,1517
configs/exp4/lirs_lru_lru_2q.cfg,experiments/data/phases24_c48_seed42.in,LIRS LRU LRU 2Q,4,12 12 12 12,48,10000,6976,3024,0.6976,9745,255,0.9745,2769
configs/exp4/lirs_lru_lru_arc.cfg,experiments/data/phases24_c48_seed42.in,LIRS LRU LRU ARC,4,12 12 12 12,48,10000,7188,2812,0.7188,9745,255,0.9745,2557
configs/exp4/lirs_lru_lru_lfu.cfg,experiments/data/phases24_c48_seed42.in,LIRS LRU LRU LFU,4,12 12 12 12,48,10000,6805,3195,0.6805,9745,255,0.9745,2940
configs/exp4/lirs_lru_lru_lirs.cfg,experiments/data/phases24_c48_seed42.in,LIRS LRU LRU LIRS,4,12 12 12 12,48,10000,7660,2340,0.766,9745,255,0.9745,2085
configs/exp4/lirs_lru_lru_lru.cfg,experiments/data/phases24_c48_seed42.in,LIRS LRU LRU LRU,4,12 12 12 12,48,10000,6801,3199,0.6801,9745,255,0.9745,2944
configs/exp4/lru_2q.cfg,experiments/data/phases24_c48_seed42.in,LRU 2Q,2,24 24,48,10000,9244,756,0.9244,9745,255,0.9745,501
configs/exp4/lru_2q_2q.cfg,experiments/data/phases24_c48_seed42.in,LRU 2Q 2Q,3,16 16 16,48,10000,8063,1937,0.8063,9745,255,0.9745,1682
configs/exp4/lru_2q_2q_2q.cfg,experiments/data/phases24_c48_seed42.in,LRU 2Q 2Q 2Q,4,12 12 12 12,48,10000,7375,2625,0.7375,9745,255,0.9745,2370
configs/exp4/lru_2q_2q_arc.cfg,experiments/data/phases24_c48_seed42.in,LRU 2Q 2Q ARC,4,12 12 12 12,48,10000,7707,2293,0.7707,9745,255,0.9745,2038
configs/exp4/lru_2q_2q_lfu.cfg,experiments/data/phases24_c48_seed42.in,LRU 2Q 2Q LFU,4,12 12 12 12,48,10000,7134,2866,0.7134,9745,255,0.9745,2611
configs/exp4/lru_2q_2q_lirs.cfg,experiments/data/phases24_c48_seed42.in,LRU 2Q 2Q LIRS,4,12 12 12 12,48,10000,7662,2338,0.7662,9745,255,0.9745,2083
configs/exp4/lru_2q_2q_lru.cfg,experiments/data/phases24_c48_seed42.in,LRU 2Q 2Q LRU,4,12 12 12 12,48,10000,7723,2277,0.7723,9745,255,0.9745,2022
configs/exp4/lru_2q_arc.cfg,experiments/data/phases24_c48_seed42.in,LRU 2Q ARC,3,16 16 16,48,10000,8247,1753,0.8247,9745,255,0.9745,1498
configs/exp4/lru_2q_arc_2q.cfg,experiments/data/phases24_c48_seed42.in,LRU 2Q ARC 2Q,4,12 12 12 12,48,10000,7672,2328,0.7672,9745,255,0.9745,2073
configs/exp4/lru_2q_arc_arc.cfg,experiments/data/phases24_c48_seed42.in,LRU 2Q ARC ARC,4,12 12 12 12,48,10000,7614,2386,0.7614,9745,255,0.9745,2131
configs/exp4/lru_2q_arc_lfu.cfg,experiments/data/phases24_c48_seed42.in,LRU 2Q ARC LFU,4,12 12 12 12,48,10000,7298,2702,0.7298,9745,255,0.9745,2447
configs/exp4/lru_2q_arc_lirs.cfg,experiments/data/phases24_c48_seed42.in,LRU 2Q ARC LIRS,4,12 12 12 12,48,10000,7825,2175,0.7825,9745,255,0.9745,1920
configs/exp4/lru_2q_arc_lru.cfg,experiments/data/phases24_c48_seed42.in,LRU 2Q ARC LRU,4,12 12 12 12,48,10000,7625,2375,0.7625,9745,255,0.9745,2120
configs/exp4/lru_2q_lfu.cfg,experiments/data/phases24_c48_seed42.in,LRU 2Q LFU,3,16 16 16,48,10000,7637,2363,0.7637,9745,255,0.9745,2108
configs/exp4/lru_2q_lfu_2q.cfg,experiments/data/phases24_c48_seed42.in,LRU 2Q LFU 2Q,4,12 12 12 12,48,10000,7331,2669,0.7331,9745,255,0.9745,2414
configs/exp4/lru_2q_lfu_arc.cfg,experiments/data/phases24_c48_seed42.in,LRU 2Q LFU ARC,4,12 12 12 12,48,10000,7526,2474,0.7526,9745,255,0.9745,2219
configs/exp4/lru_2q_lfu_lfu.cfg,experiments/data/phases24_c48_seed42.in,LRU 2Q LFU LFU,4,12 12 12 12,48,10000,6686,3314,0.6686,9745,255,0.9745,3059
configs/exp4/lru_2q_lfu_lirs.cfg,experiments/data/phases24_c48_seed42.in,LRU 2Q LFU LIRS,4,12 12 12 12,48,10000,7596,2404,0.7596,9745,255,0.9745,2149
configs/exp4/lru_2q_lfu_lru.cfg,experiments/data/phases24_c48_seed42.in,LRU 2Q LFU LRU,4,12 12 12 12,48,10000,7398,2602,0.7398,9745,255,0.9745,2347
configs/exp4/lru_2q_lirs.cfg,experiments/data/phases24_c48_seed42.in,LRU 2Q LIRS,3,16 16 16,48,10000,8323,1677,0.8323,9745,255,0.9745,1422
configs/exp4/lru_2q_lirs_2q.cfg,experiments/data/phases24_c48_seed42.in,LRU 2Q LIRS 2Q,4,12 12 12 12,48,10000,7691,2309,0.7691,9745,255,0.9745,2054
configs/exp4/lru_2q_lirs_arc.cfg,experiments/data/phases24_c48_seed42.in,LRU 2Q LIRS ARC,4,12 12 12 12,48,10000,7945,2055,0.7945,9745,255,0.9745,1800
configs/exp4/lru_2q_lirs_lfu.cfg,experiments/data/phases24_c48_seed42.in,LRU 2Q LIRS LFU,4,12 12 12 12,48,10000,7414,2586,0.7414,9745,255,0.9745,2331
configs/exp4/lru_2q_lirs_lirs.cfg,experiments/data/phases24_c48_seed42.in,LRU 2Q LIRS LIRS,4,12 12 12 12,48,10000,7738,2262,0.7738,9745,255,0.9745,2007
configs/exp4/lru_2q_lirs_lru.cfg,experiments/data/phases24_c48_seed42.in,LRU 2Q LIRS LRU,4,12 12 12 12,48,10000,8003,1997,0.8003,9745,255,0.9745,1742
configs/exp4/lru_2q_lru.cfg,experiments/data/phases24_c48_seed42.in,LRU 2Q LRU,3,16 16 16,48,10000,8181,1819,0.8181,9745,255,0.9745,1564
configs/exp4/lru_2q_lru_2q.cfg,experiments/data/phases24_c48_seed42.in,LRU 2Q LRU 2Q,4,12 12 12 12,48,10000,7609,2391,0.7609,9745,255,0.9745,2136
configs/exp4/lru_2q_lru_arc.cfg,experiments/data/phases24_c48_seed42.in,LRU 2Q LRU ARC,4,12 12 12 12,48,10000,7639,2361,0.7639,9745,255,0.9745,2106
configs/exp4/lru_2q_lru_lfu.cfg,experiments/data/phases24_c48_seed42.in,LRU 2Q LRU LFU,4,12 12 12 12,48,10000,7091,2909,0.7091,9745,255,0.9745,2654
configs/exp4/lru_2q_lru_lirs.cfg,experiments/data/phases24_c48_seed42.in,LRU 2Q LRU LIRS,4,12 12 12 12,48,10000,7944,2056,0.7944,9745,255,0.9745,1801
configs/exp4/lru_2q_lru_lru.cfg,experiments/data/phases24_c48_seed42.in,LRU 2Q LRU LRU,4,12 12 12 12,48,10000,7322,2678,0.7322,9745,255,0.9745,2423
configs/exp4/lru_arc.cfg,experiments/data/phases24_c48_seed42.in,LRU ARC,2,24 24,48,10000,9239,761,0.9239,9745,255,0.9745,506
configs/exp4/lru_arc_2q.cfg,experiments/data/phases24_c48_seed42.in,LRU ARC 2Q,3,16 16 16,48,10000,8169,1831,0.8169,9745,255,0.9745,1576
configs/exp4/lru_arc_2q_2q.cfg,experiments/data/phases24_c48_seed42.in,LRU ARC 2Q 2Q,4,12 12 12 12,48,10000,7350,2650,0.735,9745,255,0.9745,2395
configs/exp4/lru_arc_2q_arc.cfg,experiments/data/phases24_c48_seed42.in,LRU ARC 2Q ARC,4,12 12 12 12,48,10000,7498,2502,0.7498,9745,255,0.9745,2247
configs/exp4/lru_arc_2q_lfu.cfg,experiments/data/phases24_c48_seed42.in,LRU ARC 2Q LFU,4,12 12 12 12,48,10000,6969,3031,0.6969,9745,255,0.9745,2776
configs/exp4/lru_arc_2q_lirs.cfg,experiments/data/phases24_c48_seed42.in,LRU ARC 2Q LIRS,4,12 12 12 12,48,10000,7658,2342,0.7658,9745,255,0.9745,2087
configs/exp4/lru_arc_2q_lru.cfg,experiments/data/phases24_c48_seed42.in,LRU ARC 2Q LRU,4,12 12 12 12,48,10000,7368,2632,0.7368,9745,255,0.9745,2377
configs/exp4/lru_arc_arc.cfg,experiments/data/phases24_c48_seed42.in,LRU ARC ARC,3,16 16 16,48,10000,8189,1811,0.8189,9745,255,0.9745,1556
configs/exp4/lru_arc_arc_2q.cfg,experiments/data/phases24_c48_seed42.in,LRU ARC ARC 2Q,4,12 12 12 12,48,10000,7119,2881,0.7119,9745,255,0.9745,2626
configs/exp4/lru_arc_arc_arc.cfg,experiments/data/phases24_c48_seed42.in,LRU ARC ARC ARC,4,12 12 12 12,48,10000,6691,3309,0.6691,9745,255,0.9745,3054
configs/exp4/lru_arc_arc_lfu.cfg,experiments/data/phases24_c48_seed42.in,LRU ARC ARC LFU,4,12 12 12 12,48,10000,6511,3489,0.6511,9745,255,0.9745,3234
configs/exp4/lru_arc_arc_lirs.cfg,experiments/data/phases24_c48_seed42.in,LRU ARC ARC LIRS,4,12 12 12 12,48,10000,7130,2870,0.713,9745,255,0.9745,2615
configs/exp4/lru_arc_arc_lru.cfg,experiments/data/phases24_c48_seed42.in,LRU ARC ARC LRU,4,12 12 12 12,48,10000,6551,3449,0.6551,9745,255,0.9745,3194
configs/exp4/lru_arc_lfu.cfg,experiments/data/phases24_c48_seed42.in,LRU ARC LFU,3,16 16 16,48,10000,7710,2290,0.771,9745,255,0.9745,2035
configs/exp4/lru_arc_lfu_2q.cfg,experiments/data/phases24_c48_seed42.in,LRU ARC LFU 2Q,4,12 12 12 12,48,10000,7049,2951,0.7049,9745,255,0.9745,2696
configs/exp4/lru_arc_lfu_arc.cfg,experiments/data/phases24_c48_seed42.in,LRU ARC LFU ARC,4,12 12 12 12,48,10000,6796,3204,0.6796,9745,255,0.9745,2949
configs/exp4/lru_arc_lfu_lfu.cfg,experiments/data/phases24_c48_seed42.in,LRU ARC LFU LFU,4,12 12 12 12,48,10000,6314,3686,0.6314,9745,255,0.9745,3431
configs/exp4/lru_arc_lfu_lirs.cfg,experiments/data/phases24_c48_seed42.in,LRU ARC LFU LIRS,4,12 12 12 12,48,10000,7244,2756,0.7244,9745,255,0.9745,2501
configs/exp4/lru_arc_lfu_lru.cfg,experiments/data/phases24_c48_seed42.in,LRU ARC LFU LRU,4,12 12 12 12,48,10000,6585,3415,0.6585,9745,255,0.9745,3160
configs/exp4/lru_arc_lirs.cfg,experiments/data/phases24_c48_seed42.in,LRU ARC LIRS,3,16 16 16,48,10000,8398,1602,0.8398,9745,255,0.9745,1347
configs/exp4/lru_arc_lirs_2q.cfg,experiments/data/phases24_c48_seed42.in,LRU ARC LIRS 2Q,4,12 12 12 12,48,10000,7371,2629,0.7371,9745,255,0.9745,2374
configs/exp4/lru_arc_lirs_arc.cfg,experiments/data/phases24_c48_seed42.in,LRU ARC LIRS ARC,4,12 12 12 12,48,10000,7436,2564,0.7436,9745,255,0.9745,2309
configs/exp4/lru_arc_lirs_lfu.cfg,experiments/data/phases24_c48_seed42.in,LRU ARC LIRS LFU,4,12 12 12 12,48,10000,7090,2910,0.709,9745,255,0.9745,2655
configs/exp4/lru_arc_lirs_lirs.cfg,experiments/data/phases24_c48_seed42.in,LRU ARC LIRS LIRS,4,12 12 12 12,48,10000,7404,2596,0.7404,9745,255,0.9745,2341
configs/exp4/lru_arc_lirs_lru.cfg,experiments/data/phases24_c48_seed42.in,LRU ARC LIRS LRU,4,12 12 12 12,48,10000,7404,2596,0.7404,9745,255,0.9745,2341
configs/exp4/lru_arc_lru.cfg,experiments/data/phases24_c48_seed42.in,LRU ARC LRU,3,16 16 16,48,10000,8003,1997,0.8003,9745,255,0.9745,1742
configs/exp4/lru_arc_lru_2q.cfg,experiments/data/phases24_c48_seed42.in,LRU ARC LRU 2Q,4,12 12 12 12,48,10000,6424,3576,0.6424,9745,255,0.9745,3321
configs/exp4/lru_arc_lru_arc.cfg,experiments/data/phases24_c48_seed42.in,LRU ARC LRU ARC,4,12 12 12 12,48,10000,6579,3421,0.6579,9745,255,0.9745,3166
configs/exp4/lru_arc_lru_lfu.cfg,experiments/data/phases24_c48_seed42.in,LRU ARC LRU LFU,4,12 12 12 12,48,10000,6232,3768,0.6232,9745,255,0.9745,3513
configs/exp4/lru_arc_lru_lirs.cfg,experiments/data/phases24_c48_seed42.in,LRU ARC LRU LIRS,4,12 12 12 12,48,10000,7129,2871,0.7129,9745,255,0.9745,2616
configs/exp4/lru_arc_lru_lru.cfg,experiments/data/phases24_c48_seed42.in,LRU ARC LRU LRU,4,12 12 12 12,48,10000,6170,3830,0.617,9745,255,0.9745,3575
configs/exp4/lru_lfu.cfg,experiments/data/phases24_c48_seed42.in,LRU LFU,2,24 24,48,10000,8883,1117,0.8883,9745,255,0.9745,862
configs/exp4/lru_lfu_2q.cfg,experiments/data/phases24_c48_seed42.in,LRU LFU 2Q,3,16 16 16,48,10000,7840,2160,0.784,9745,255,0.9745,1905
configs/exp4/lru_lfu_2q_2q.cfg,experiments/data/phases24_c48_seed42.in,LRU LFU 2Q 2Q,4,12 12 12 12,48,10000,7311,2689,0.7311,9745,255,0.9745,2434
configs/exp4/lru_lfu_2q_arc.cfg,experiments/data/phases24_c48_seed42.in,LRU LFU 2Q ARC,4,12 12 12 12,48,10000,7523,2477,0.7523,9745,255,0.9745,2222
configs/exp4/lru_lfu_2q_lfu.cfg,experiments/data/phases24_c48_seed42.in,LRU LFU 2Q LFU,4,12 12 12 12,48,10000,6723,3277,0.6723,9745,255,0.9745,3022
configs/exp4/lru_lfu_2q_lirs.cfg,experiments/data/phases24_c48_seed42.in,LRU LFU 2Q LIRS,4,12 12 12 12,48,10000,7583,2417,0.7583,9745,255,0.9745,2162
configs/exp4/lru_lfu_2q_lru.cfg,experiments/data/phases24_c48_seed42.in,LRU LFU 2Q LRU,4,12 12 12 12,48,10000,7414,2586,0.7414,9745,255,0.9745,2331
configs/exp4/lru_lfu_arc.cfg,experiments/data/phases24_c48_seed42.in,LRU LFU ARC,3,16 16 16,48,10000,7913,2087,0.7913,9745,255,0.9745,1832
configs/exp4/lru_lfu_arc_2q.cfg,experiments/data/phases24_c48_seed42.in,LRU LFU ARC 2Q,4,12 12 12 12,48,10000,7162,2838,0.7162,9745,255,0.9745,2583
configs/exp4/lru_lfu_arc_arc.cfg,experiments/data/phases24_c48_seed42.in,LRU LFU ARC ARC,4,12 12 12 12,48,10000,6834,3166,0.6834,9745,255,0.9745,2911
configs/exp4/lru_lfu_arc_lfu.cfg,experiments/data/phases24_c48_seed42.in,LRU LFU ARC LFU,4,12 12 12 12,48,10000,6422,3578,0.6422,9745,255,0.9745,3323
configs/exp4/lru_lfu_arc_lirs.cfg,experiments/data/phases24_c48_seed42.in,LRU LFU ARC LIRS,4,12 12 12 12,48,10000,7317,2683,0.7317,9745,255,0.9745,2428
configs/exp4/lru_lfu_arc_lru.cfg,experiments/data/phases24_c48_seed42.in,LRU LFU ARC LRU,4,12 12 12 12,48,10000,6666,3334,0.6666,9745,255,0.9745,3079
configs/exp4/lru_lfu_lfu.cfg,experiments/data/phases24_c48_seed42.in,LRU LFU LFU,3,16 16 16,48,10000,6861,3139,0.6861,9745,255,0.9745,2884
configs/exp4/lru_lfu_lfu_2q.cfg,experiments/data/phases24_c48_seed42.in,LRU LFU LFU 2Q,4,12 12 12 12,48,10000,6867,3133,0.6867,9745,255,0.9745,2878
configs/exp4/lru_lfu_lfu_arc.cfg,experiments/data/phases24_c48_seed42.in,LRU LFU LFU ARC,4,12 12 12 12,48,10000,6577,3423,0.6577,9745,255,0.9745,3168
configs/exp4/lru_lfu_lfu_lfu.cfg,experiments/data/phases24_c48_seed42.in,LRU LFU LFU LFU,4,12 12 12 12,48,10000,5836,4164,0.5836,9745,255,0.9745,3909
configs/exp4/lru_lfu_lfu_lirs.cfg,experiments/data/phases24_c48_seed42.in,LRU LFU LFU LIRS,4,12 12 12 12,48,10000,7105,2895,0.7105,9745,255,0.9745,2640
configs/exp4/lru_lfu_lfu_lru.cfg,experiments/data/phases24_c48_seed42.in,LRU LFU LFU LRU,4,12 12 12 12,48,10000,6255,3745,0.6255,9745,255,0.9745,3490
configs/exp4/lru_lfu_lirs.cfg,experiments/data/phases24_c48_seed42.in,LRU LFU LIRS,3,16 16 16,48,10000,8236,1764,0.8236,9745,255,0.9745,1509
configs/exp4/lru_lfu_lirs_2q.cfg,experiments/data/phases24_c48_seed42.in,LRU LFU LIRS 2Q,4,12 12 12 12,48,10000,7509,2491,0.7509,9745,255,0.9745,2236
configs/exp4/lru_lfu_lirs_arc.cfg,experiments/data/phases24_c48_seed42.in,LRU LFU LIRS ARC,4,12 12 12 12,48,10000,7657,2343,0.7657,9745,255,0.9745,2088
configs/exp4/lru_lfu_lirs_lfu.cfg,experiments/data/phases24_c48_seed42.in,LRU LFU LIRS LFU,4,12 12 12 12,48,10000,6975,3025,0.6975,9745,255,0.9745,2770
configs/exp4/lru_lfu_lirs_lirs.cfg,experiments/data/phases24_c48_seed42.in,LRU LFU LIRS LIRS,4,12 12 12 12,48,10000,7592,2408,0.7592,9745,255,0.9745,2153
configs/exp4/lru_lfu_lirs_lru.cfg,experiments/data/phases24_c48_seed42.in,LRU LFU LIRS LRU,4,12 12 12 12,48,10000,7611,2389,0.7611,9745,255,0.9745,2134
configs/exp4/lru_lfu_lru.cfg,experiments/data/phases24_c48_seed42.in,LRU LFU LRU,3,16 16 16,48,10000,7567,2433,0.7567,9745,255,0.9745,2178
configs/exp4/lru_lfu_lru_2q.cfg,experiments/data/phases24_c48_seed42.in,LRU LFU LRU 2Q,4,12 12 12 12,48,10000,6234,3766,0.6234,9745,255,0.9745,3511
configs/exp4/lru_lfu_lru_arc.cfg,experiments/data/phases24_c48_seed42.in,LRU LFU LRU ARC,4,12 12 12 12,48,10000,6576,3424,0.6576,9745,255,0.9745,3169
configs/exp4/lru_lfu_lru_lfu.cfg,experiments/data/phases24_c48_seed42.in,LRU LFU LRU LFU,4,12 12 12 12,48,10000,5932,4068,0.5932,9745,255,0.9745,3813
configs/exp4/lru_lfu_lru_lirs.cfg,experiments/data/phases24_c48_seed42.in,LRU LFU LRU LIRS,4,12 12 12 12,48,10000,7166,2834,0.7166,9745,255,0.9745,2579
configs/exp4/lru_lfu_lru_lru.cfg,experiments/data/phases24_c48_seed42.in,LRU LFU LRU LRU,4,12 12 12 12,48,10000,6096,3904,0.6096,9745,255,0.9745,3649
configs/exp4/lru_lirs.cfg,experiments/data/phases24_c48_seed42.in,LRU LIRS,2,24 24,48,10000,9324,676,0.9324,9745,255,0.9745,421
configs/exp4/lru_lirs_2q.cfg,experiments/data/phases24_c48_seed42.in,LRU LIRS 2Q,3,16 16 16,48,10000,8578,1422,0.8578,9745,255,0.9745,1167
configs/exp4/lru_lirs_2q_2q.cfg,experiments/data/phases24_c48_seed42.in,LRU LIRS 2Q 2Q,4,12 12 12 12,48,10000,7458,2542,0.7458,9745,255,0.9745,2287
configs/exp4/lru_lirs_2q_arc.cfg,experiments/data/phases24_c48_seed42.in,LRU LIRS 2Q ARC,4,12 12 12 12,48,10000,7770,2230,0.777,9745,255,0.9745,1975
configs/exp4/lru_lirs_2q_lfu.cfg,experiments/data/phases24_c48_seed42.in,LRU LIRS 2Q LFU,4,12 12 12 12,48,10000,7281,2719,0.7281,9745,255,0.9745,2464
configs/exp4/lru_lirs_2q_lirs.cfg,experiments/data/phases24_c48_seed42.in,LRU LIRS 2Q LIRS,4,12 12 12 12,48,10000,7641,2359,0.7641,9745,255,0.9745,2104
configs/exp4/lru_lirs_2q_lru.cfg,experiments/data/phases24_c48_seed42.in,LRU LIRS 2Q LRU,4,12 12 12 12,48,10000,7837,2163,0.7837,9745,255,0.9745,1908
configs/exp4/lru_lirs_arc.cfg,experiments/data/phases24_c48_seed42.in,LRU LIRS ARC,3,16 16 16,48,10000,8652,1348,0.8652,9745,255,0.9745,1093
configs/exp4/lru_lirs_arc_2q.cfg,experiments/data/phases24_c48_seed42.in,LRU LIRS ARC 2Q,4,12 12 12 12,48,10000,7741,2259,0.7741,9745,255,0.9745,2004
configs/exp4/lru_lirs_arc_arc.cfg,experiments/data/phases24_c48_seed42.in,LRU LIRS ARC ARC,4,12 12 12 12,48,10000,7578,2422,0.7578,9745,255,0.9745,2167
configs/exp4/lru_lirs_arc_lfu.cfg,experiments/data/phases24_c48_seed42.in,LRU LIRS ARC LFU,4,12 12 12 12,48,10000,7390,2610,0.739,9745,255,0.9745,2355
configs/exp4/lru_lirs_arc_lirs.cfg,experiments/data/phases24_c48_seed42.in,LRU LIRS ARC LIRS,4,12 12 12 12,48,10000,7787,2213,0.7787,9745,255,0.9745,1958
configs/exp4/lru_lirs_arc_lru.cfg,experiments/data/phases24_c48_seed42.in,LRU LIRS ARC LRU,4,12 12 12 12,48,10000,7595,2405,0.7595,9745,255,0.9745,2150
configs/exp4/lru_lirs_lfu.cfg,experiments/data/phases24_c48_seed42.in,LRU LIRS LFU,3,16 16 16,48,10000,8061,1939,0.8061,9745,255,0.9745,1684
configs/exp4/lru_lirs_lfu_2q.cfg,experiments/data/phases24_c48_seed42.in,LRU LIRS LFU 2Q,4,12 12 12 12,48,10000,7468,2532,0.7468,9745,255,0.9745,2277
configs/exp4/lru_lirs_lfu_arc.cfg,experiments/data/phases24_c48_seed42.in,LRU LIRS LFU ARC,4,12 12 12 12,48,10000,7615,2385,0.7615,9745,255,0.9745,2130
configs/exp4/lru_lirs_lfu_lfu.cfg,experiments/data/phases24_c48_seed42.in,LRU LIRS LFU LFU,4,12 12 12 12,48,10000,6964,3036,0.6964,9745,255,0.9745,2781
configs/exp4/lru_lirs_lfu_lirs.cfg,experiments/data/phases24_c48_seed42.in,LRU LIRS LFU LIRS,4,12 12 12 12,48,10000,7542,2458,0.7542,9745,255,0.9745,2203
configs/exp4/lru_lirs_lfu_lru.cfg,experiments/data/phases24_c48_seed42.in,LRU LIRS LFU LRU,4,12 12 12 12,48,10000,7543,2457,0.7543,9745,255,0.9745,2202
configs/exp4/lru_lirs_lirs.cfg,experiments/data/phases24_c48_seed42.in,LRU LIRS LIRS,3,16 16 16,48,10000,8644,1356,0.8644,9745,255,0.9745,1101
configs/exp4/lru_lirs_lirs_2q.cfg,experiments/data/phases24_c48_seed42.in,LRU LIRS LIRS 2Q,4,12 12 12 12,48,10000,7549,2451,0.7549,9745,255,0.9745,2196
configs/exp4/lru_lirs_lirs_arc.cfg,experiments/data/phases24_c48_seed42.in,LRU LIRS LIRS ARC,4,12 12 12 12,48,10000,7863,2137,0.7863,9745,255,0.9745,1882
configs/exp4/lru_lirs_lirs_lfu.cfg,experiments/data/phases24_c48_seed42.in,LRU LIRS LIRS LFU,4,12 12 12 12,48,10000,7386,2614,0.7386,9745,255,0.9745,2359
configs/exp4/lru_lirs_lirs_lirs.cfg,experiments/data/phases24_c48_seed42.in,LRU LIRS LIRS LIRS,4,12 12 12 12,48,10000,7513,2487,0.7513,9745,255,0.9745,2232
configs/exp4/lru_lirs_lirs_lru.cfg,experiments/data/phases24_c48_seed42.in,LRU LIRS LIRS LRU,4,12 12 12 12,48,10000,7895,2105,0.7895,9745,255,0.9745,1850
configs/exp4/lru_lirs_lru.cfg,experiments/data/phases24_c48_seed42.in,LRU LIRS LRU,3,16 16 16,48,10000,8635,1365,0.8635,9745,255,0.9745,1110
configs/exp4/lru_lirs_lru_2q.cfg,experiments/data/phases24_c48_seed42.in,LRU LIRS LRU 2Q,4,12 12 12 12,48,10000,7679,2321,0.7679,9745,255,0.9745,2066
configs/exp4/lru_lirs_lru_arc.cfg,experiments/data/phases24_c48_seed42.in,LRU LIRS LRU ARC,4,12 12 12 12,48,10000,7633,2367,0.7633,9745,255,0.9745,2112
configs/exp4/lru_lirs_lru_lfu.cfg,experiments/data/phases24_c48_seed42.in,LRU LIRS LRU LFU,4,12 12 12 12,48,10000,7282,2718,0.7282,9745,255,0.9745,2463
configs/exp4/lru_lirs_lru_lirs.cfg,experiments/data/phases24_c48_seed42.in,LRU LIRS LRU LIRS,4,12 12 12 12,48,10000,7931,2069,0.7931,9745,255,0.9745,1814
configs/exp4/lru_lirs_lru_lru.cfg,experiments/data/phases24_c48_seed42.in,LRU LIRS LRU LRU,4,12 12 12 12,48,10000,7410,2590,0.741,9745,255,0.9745,2335
configs/exp4/lru_lru_2q.cfg,experiments/data/phases24_c48_seed42.in,LRU LRU 2Q,3,16 16 16,48,10000,7698,2302,0.7698,9745,255,0.9745,2047
configs/exp4/lru_lru_2q_2q.cfg,experiments/data/phases24_c48_seed42.in,LRU LRU 2Q 2Q,4,12 12 12 12,48,10000,6033,3967,0.6033,9745,255,0.9745,3712
configs/exp4/lru_lru_2q_arc.cfg,experiments/data/phases24_c48_seed42.in,LRU LRU 2Q ARC,4,12 12 12 12,48,10000,6662,3338,0.6662,9745,255,0.9745,3083
configs/exp4/lru_lru_2q_lfu.cfg,experiments/data/phases24_c48_seed42.in,LRU LRU 2Q LFU,4,12 12 12 12,48,10000,5995,4005,0.5995,9745,255,0.9745,3750
configs/exp4/lru_lru_2q_lirs.cfg,experiments/data/phases24_c48_seed42.in,LRU LRU 2Q LIRS,4,12 12 12 12,48,10000,7169,2831,0.7169,9745,255,0.9745,2576
configs/exp4/lru_lru_2q_lru.cfg,experiments/data/phases24_c48_seed42.in,LRU LRU 2Q LRU,4,12 12 12 12,48,10000,6249,3751,0.6249,9745,255,0.9745,3496
configs/exp4/lru_lru_arc.cfg,experiments/data/phases24_c48_seed42.in,LRU LRU ARC,3,16 16 16,48,10000,7854,2146,0.7854,9745,255,0.9745,1891
configs/exp4/lru_lru_arc_2q.cfg,experiments/data/phases24_c48_seed42.in,LRU LRU ARC 2Q,4,12 12 12 12,48,10000,6889,3111,0.6889,9745,255,0.9745,2856
configs/exp4/lru_lru_arc_arc.cfg,experiments/data/phases24_c48_seed42.in,LRU LRU ARC ARC,4,12 12 12 12,48,10000,6486,3514,0.6486,9745,255,0.9745,3259
configs/exp4/lru_lru_arc_lfu.cfg,experiments/data/phases24_c48_seed42.in,LRU LRU ARC LFU,4,12 12 12 12,48,10000,6228,3772,0.6228,9745,255,0.9745,3517
configs/exp4/lru_lru_arc_lirs.cfg,experiments/data/phases24_c48_seed42.in,LRU LRU ARC LIRS,4,12 12 12 12,48,10000,7032,2968,0.7032,9745,255,0.9745,2713
configs/exp4/lru_lru_arc_lru.cfg,experiments/data/phases24_c48_seed42.in,LRU LRU ARC LRU,4,12 12 12 12,48,10000,6249,3751,0.6249,9745,255,0.9745,3496
configs/exp4/lru_lru_lfu.cfg,experiments/data/phases24_c48_seed42.in,LRU LRU LFU,3,16 16 16,48,10000,7186,2814,0.7186,9745,255,0.9745,2559
configs/exp4/lru_lru_lfu_2q.cfg,experiments/data/phases24_c48_seed42.in,LRU LRU LFU 2Q,4,12 12 12 12,48,10000,6207,3793,0.6207,9745,255,0.9745,3538
configs/exp4/lru_lru_lfu_arc.cfg,experiments/data/phases24_c48_seed42.in,LRU LRU LFU ARC,4,12 12 12 12,48,10000,6369,3631,0.6369,9745,255,0.9745,3376
configs/exp4/lru_lru_lfu_lfu.cfg,experiments/data/phases24_c48_seed42.in,LRU LRU LFU LFU,4,12 12 12 12,48,10000,5825,4175,0.5825,9745,255,0.9745,3920
configs/exp4/lru_lru_lfu_lirs.cfg,experiments/data/phases24_c48_seed42.in,LRU LRU LFU LIRS,4,12 12 12 12,48,10000,6968,3032,0.6968,9745,255,0.9745,2777
configs/exp4/lru_lru_lfu_lru.cfg,experiments/data/phases24_c48_seed42.in,LRU LRU LFU LRU,4,12 12 12 12,48,10000,5840,4160,0.584,9745,255,0.9745,3905
configs/exp4/lru_lru_lirs.cfg,experiments/data/phases24_c48_seed42.in,LRU LRU LIRS,3,16 16 16,48,10000,8223,1777,0.8223,9745,255,0.9745,1522
configs/exp4/lru_lru_lirs_2q.cfg,experiments/data/phases24_c48_seed42.in,LRU LRU LIRS 2Q,4,12 12 12 12,48,10000,7308,2692,0.7308,9745,255,0.9745,2437
configs/exp4/lru_lru_lirs_arc.cfg,experiments/data/phases24_c48_seed42.in,LRU LRU LIRS ARC,4,12 12 12 12,48,10000,7299,2701,0.7299,9745,255,0.9745,2446
configs/exp4/lru_lru_lirs_lfu.cfg,experiments/data/phases24_c48_seed42.in,LRU LRU LIRS LFU,4,12 12 12 12,48,10000,6915,3085,0.6915,9745,255,0.9745,2830
configs/exp4/lru_lru_lirs_lirs.cfg,experiments/data/phases24_c48_seed42.in,LRU LRU LIRS LIRS,4,12 12 12 12,48,10000,7406,2594,0.7406,9745,255,0.9745,2339
configs/exp4/lru_lru_lirs_lru.cfg,experiments/data/phases24_c48_seed42.in,LRU LRU LIRS LRU,4,12 12 12 12,48,10000,7246,2754,0.7246,9745,255,0.9745,2499
configs/exp4/lru_lru_lru_2q.cfg,experiments/data/phases24_c48_seed42.in,LRU LRU LRU 2Q,4,12 12 12 12,48,10000,5775,4225,0.5775,9745,255,0.9745,3970
configs/exp4/lru_lru_lru_arc.cfg,experiments/data/phases24_c48_seed42.in,LRU LRU LRU ARC,4,12 12 12 12,48,10000,6113,3887,0.6113,9745,255,0.9745,3632
configs/exp4/lru_lru_lru_lfu.cfg,experiments/data/phases24_c48_seed42.in,LRU LRU LRU LFU,4,12 12 12 12,48,10000,5577,4423,0.5577,9745,255,0.9745,4168
configs/exp4/lru_lru_lru_lirs.cfg,experiments/data/phases24_c48_seed42.in,LRU LRU LRU LIRS,4,12 12 12 12,48,10000,6796,3204,0.6796,9745,255,0.9745,2949
configs/exp4/2q_2q_2q_arc.cfg,experiments/data/phases24_c96_seed42.in,2Q 2Q 2Q ARC,4,24 24 24 24,96,10000,9495,505,0.9495,9857,143,0.9857,362
configs/exp4/2q_2q_2q_lfu.cfg,experiments/data/phases24_c96_seed42.in,2Q 2Q 2Q LFU,4,24 24 24 24,96,10000,9438,562,0.9438,9857,143,0.9857,419
configs/exp4/2q_2q_2q_lirs.cfg,experiments/data/phases24_c96_seed42.in,2Q 2Q 2Q LIRS,4,24 24 24 24,96,10000,9439,561,0.9439,9857,143,0.9857,418
configs/exp4/2q_2q_2q_lru.cfg,experiments/data/phases24_c96_seed42.in,2Q 2Q 2Q LRU,4,24 24 24 24,96,10000,9487,513,0.9487,9857,143,0.9857,370
configs/exp4/2q_2q_arc.cfg,experiments/data/phases24_c96_seed42.in,2Q 2Q ARC,3,32 32 32,96,10000,9602,398,0.9602,9857,143,0.9857,255
configs/exp4/2q_2q_arc_2q.cfg,experiments/data/phases24_c96_seed42.in,2Q 2Q ARC 2Q,4,24 24 24 24,96,10000,9463,537,0.9463,9857,143,0.9857,394
configs/exp4/2q_2q_arc_arc.cfg,experiments/data/phases24_c96_seed42.in,2Q 2Q ARC ARC,4,24 24 24 24,96,10000,9442,558,0.9442,9857,143,0.9857,415
configs/exp4/2q_2q_arc_lfu.cfg,experiments/data/phases24_c96_seed42.in,2Q 2Q ARC LFU,4,24 24 24 24,96,10000,9448,552,0.9448,9857,143,0.9857,409
configs/exp4/2q_2q_arc_lirs.cfg,experiments/data/phases24_c96_seed42.in,2Q 2Q ARC LIRS,4,24 24 24 24,96,10000,9488,512,0.9488,9857,143,0.9857,369
configs/exp4/2q_2q_arc_lru.cfg,experiments/data/phases24_c96_seed42.in,2Q 2Q ARC LRU,4,24 24 24 24,96,10000,9434,566,0.9434,9857,143,0.9857,423
configs/exp4/2q_2q_lfu.cfg,experiments/data/phases24_c96_seed42.in,2Q 2Q LFU,3,32 32 32,96,10000,9597,403,0.9597,9857,143,0.9857,260
configs/exp4/2q_2q_lfu_2q.cfg,experiments/data/phases24_c96_seed42.in,2Q 2Q LFU 2Q,4,24 24 24 24,96,10000,9455,545,0.9455,9857,143,0.9857,402
configs/exp4/2q_2q_lfu_arc.cfg,experiments/data/phases24_c96_seed42.in,2Q 2Q LFU ARC,4,24 24 24 24,96,10000,9459,541,0.9459,9857,143,0.9857,398
configs/exp4/2q_2q_lfu_lfu.cfg,experiments/data/phases24_c96_seed42.in,2Q 2Q LFU LFU,4,24 24 24 24,96,10000,9390,610,0.939,9857,143,0.9857,467
configs/exp4/2q_2q_lfu_lirs.cfg,experiments/data/phases24_c96_seed42.in,2Q 2Q LFU LIRS,4,24 24 24 24,96,10000,9477,523,0.9477,9857,143,0.9857,380
configs/exp4/2q_2q_lfu_lru.cfg,experiments/data/phases24_c96_seed42.in,2Q 2Q LFU LRU,4,24 24 24 24,96,10000,9466,534,0.9466,9857,143,0.9857,391
configs/exp4/2q_2q_lirs.cfg,experiments/data/phases24_c96_seed42.in,2Q 2Q LIRS,3,32 32 32,96,10000,9588,412,0.9588,9857,143,0.9857,269
configs/exp4/2q_2q_lirs_2q.cfg,experiments/data/phases24_c96_seed42.in,2Q 2Q LIRS 2Q,4,24 24 24 24,96,10000,9439,561,0.9439,9857,143,0.9857,418
configs/exp4/2q_2q_lirs_arc.cfg,experiments/data/phases24_c96_seed42.in,2Q 2Q LIRS ARC,4,24 24 24 24,96,10000,9488,512,0.9488,9857,143,0.9857,369
configs/exp4/2q_2q_lirs_lfu.cfg,experiments/data/phases24_c96_seed42.in,2Q 2Q LIRS LFU,4,24 24 24 24,96,10000,9455,545,0.9455,9857,143,0.9857,402
configs/exp4/2q_2q_lirs_lirs.cfg,experiments/data/phases24_c96_seed42.in,2Q 2Q LIRS LIRS,4,24 24 24 24,96,10000,9418,582,0.9418,9857,143,0.9857,439
configs/exp4/2q_2q_lirs_lru.cfg,experiments/data/phases24_c96_seed42.in,2Q 2Q LIRS LRU,4,24 24 24 24,96,10000,9496,504,0.9496,9857,143,0.9857,361
configs/exp4/2q_2q_lru.cfg,experiments/data/phases24_c96_seed42.in,2Q 2Q LRU,3,32 32 32,96,10000,9604,396,0.9604,9857,143,0.9857,253
configs/exp4/2q_2q_lru_2q.cfg,experiments/data/phases24_c96_seed42.in,2Q 2Q LRU 2Q,4,24 24 24 24,96,10000,9444,556,0.9444,9857,143,0.9857,413
configs/exp4/2q_2q_lru_arc.cfg,experiments/data/phases24_c96_seed42.in,2Q 2Q LRU ARC,4,24 24 24 24,96,10000,9409,591,0.9409,9857,143,0.9857,448
configs/exp4/2q_2q_lru_lfu.cfg,experiments/data/phases24_c96_seed42.in,2Q 2Q LRU LFU,4,24 24 24 24,96,10000,9402,598,0.9402,9857,143,0.9857,455
configs/exp4/2q_2q_lru_lirs.cfg,experiments/data/phases24_c96_seed42.in,2Q 2Q LRU LIRS,4,24 24 24 24,96,10000,9495,505,0.9495,9857,143,0.9857,362
configs/exp4/2q_2q_lru_lru.cfg,experiments/data/phases24_c96_seed42.in,2Q 2Q LRU LRU,4,24 24 24 24,96,10000,9404,596,0.9404,9857,143,0.9857,453
configs/exp4/2q_arc.cfg,experiments/data/phases24_c96_seed42.in,2Q ARC,2,48 48,96,10000,9680,320,0.968,9857,143,0.9857,177
configs/exp4/2q_arc_2q.cfg,experiments/data/phases24_c96_seed42.in,2Q ARC 2Q,3,32 32 32,96,10000,9593,407,0.9593,9857,143,0.9857,264
configs/exp4/2q_arc_2q_2q.cfg,experiments/data/phases24_c96_seed42.in,2Q ARC 2Q 2Q,4,24 24 24 24,96,10000,9425,575,0.9425,9857,143,0.9857,432
configs/exp4/2q_arc_2q_arc.cfg,experiments/data/phases24_c96_seed42.in,2Q ARC 2Q ARC,4,24 24 24 24,96,10000,9492,508,0.9492,9857,143,0.9857,365
configs/exp4/2q_arc_2q_lfu.cfg,experiments/data/phases24_c96_seed42.in,2Q ARC 2Q LFU,4,24 24 24 24,96,10000,9448,552,0.9448,9857,143,0.9857,409
configs/exp4/2q_arc_2q_lirs.cfg,experiments/data/phases24_c96_seed42.in,2Q ARC 2Q LIRS,4,24 24 24 24,96,10000,9466,534,0.9466,9857,143,0.9857,391
configs/exp4/2q_arc_2q_lru.cfg,experiments/data/phases24_c96_seed42.in,2Q ARC 2Q LRU,4,24 24 24 24,96,10000,9475,525,0.9475,9857,143,0.9857,382
configs/exp4/2q_arc_arc.cfg,experiments/data/phases24_c96_seed42.in,2Q ARC ARC,3,32 32 32,96,10000,9585,415,0.9585,9857,143,0.9857,272
configs/exp4/2q_arc_arc_2q.cfg,experiments/data/phases24_c96_seed42.in,2Q ARC ARC 2Q,4,24 24 24 24,96,10000,9431,569,0.9431,9857,143,0.9857,426
configs/exp4/2q_arc_arc_arc.cfg,experiments/data/phases24_c96_seed42.in,2Q ARC ARC ARC,4,24 24 24 24,96,10000,9390,610,0.939,9857,143,0.9857,467
configs/exp4/2q_arc_arc_lfu.cfg,experiments/data/phases24_c96_seed42.in,2Q ARC ARC LFU,4,24 24 24 24,96,10000,9423,577,0.9423,9857,143,0.9857,434
configs/exp4/2q_arc_arc_lirs.cfg,experiments/data/phases24_c96_seed42.in,2Q ARC ARC LIRS,4,24 24 24 24,96,10000,9459,541,0.9459,9857,143,0.9857,398
configs/exp4/2q_arc_arc_lru.cfg,experiments/data/phases24_c96_seed42.in,2Q ARC ARC LRU,4,24 24 24 24,96,10000,9400,600,0.94,9857,143,0.9857,457
configs/exp4/2q_arc_lfu.cfg,experiments/data/phases24_c96_seed42.in,2Q ARC LFU,3,32 32 32,96,10000,9579,421,0.9579,9857,143,0.9857,278
configs/exp4/2q_arc_lfu_2q.cfg,experiments/data/phases24_c96_seed42.in,2Q ARC LFU 2Q,4,24 24 24 24,96,10000,9459,541,0.9459,9857,143,0.9857,398
configs/exp4/2q_arc_lfu_arc.cfg,experiments/data/phases24_c96_seed42.in,2Q ARC LFU ARC,4,24 24 24 24,96,10000,9421,579,0.9421,9857,143,0.9857,436
configs/exp4/2q_arc_lfu_lfu.cfg,experiments/data/phases24_c96_seed42.in,2Q ARC LFU LFU,4,24 24 24 24,96,10000,9420,580,0.942,9857,143,0.9857,437
configs/exp4/2q_arc_lfu_lirs.cfg,experiments/data/phases24_c96_seed42.in,2Q ARC LFU LIRS,4,24 24 24 24,96,10000,9484,516,0.9484,9857,143,0.9857,373
configs/exp4/2q_arc_lfu_lru.cfg,experiments/data/phases24_c96_seed42.in,2Q ARC LFU LRU,4,24 24 24 24,96,10000,9438,562,0.9438,9857,143,0.9857,419
configs/exp4/2q_arc_lirs.cfg,experiments/data/phases24_c96_seed42.in,2Q ARC LIRS,3,32 32 32,96,10000,9616,384,0.9616,9857,143,0.9857,241
configs/exp4/2q_arc_lirs_2q.cfg,experiments/data/phases24_c96_seed42.in,2Q ARC LIRS 2Q,4,24 24 24 24,96,10000,9465,535,0.9465,9857,143,0.9857,392
configs/exp4/2q_arc_lirs_arc.cfg,experiments/data/phases24_c96_seed42.in,2Q ARC LIRS ARC,4,24 24 24 24,96,10000,9503,497,0.9503,9857,143,0.9857,354
configs/exp4/2q_arc_lirs_lfu.cfg,experiments/data/phases24_c96_seed42.in,2Q ARC LIRS LFU,4,24 24 24 24,96,10000,9485,515,0.9485,9857,143,0.9857,372
configs/exp4/2q_arc_lirs_lirs.cfg,experiments/data/phases24_c96_seed42.in,2Q ARC LIRS LIRS,4,24 24 24 24,96,10000,9446,554,0.9446,9857,143,0.9857,411
configs/exp4/2q_arc_lirs_lru.cfg,experiments/data/phases24_c96_seed42.in,2Q ARC LIRS LRU,4,24 24 24 24,96,10000,9503,497,0.9503,9857,143,0.9857,354
configs/exp4/2q_arc_lru.cfg,experiments/data/phases24_c96_seed42.in,2Q ARC LRU,3,32 32 32,96,10000,9572,428,0.9572,9857,143,0.9857,285
configs/exp4/2q_arc_lru_2q.cfg,experiments/data/phases24_c96_seed42.in,2Q ARC LRU 2Q,4,24 24 24 24,96,10000,9413,587,0.9413,9857,143,0.9857,444
configs/exp4/2q_arc_lru_arc.cfg,experiments/data/phases24_c96_seed42.in,2Q ARC LRU ARC,4,24 24 24 24,96,10000,9384,616,0.9384,9857,143,0.9857,473
configs/exp4/2q_arc_lru_lfu.cfg,experiments/data/phases24_c96_seed42.in,2Q ARC LRU LFU,4,24 24 24 24,96,10000,9363,637,0.9363,9857,143,0.9857,494
configs/exp4/2q_arc_lru_lirs.cfg,experiments/data/phases24_c96_seed42.in,2Q ARC LRU LIRS,4,24 24 24 24,96,10000,9471,529,0.9471,9857,143,0.9857,386
configs/exp4/2q_arc_lru_lru.cfg,experiments/data/phases24_c96_seed42.in,2Q ARC LRU LRU,4,24 24 24 24,96,10000,9369,631,0.9369,9857,143,0.9857,488
configs/exp4/2q_lfu.cfg,experiments/data/phases24_c96_seed42.in,2Q LFU,2,48 48,96,10000,9692,308,0.9692,9857,143,0.9857,165
configs/exp4/2q_lfu_2q.cfg,experiments/data/phases24_c96_seed42.in,2Q LFU 2Q,3,32 32 32,96,10000,9630,370,0.963,9857,143,0.9857,227
configs/exp4/2q_lfu_2q_2q.cfg,experiments/data/phases24_c96_seed42.in,2Q LFU 2Q 2Q,4,24 24 24 24,96,10000,9457,543,0.9457,9857,143,0.9857,400
configs/exp4/2q_lfu_2q_arc.cfg,experiments/data/phases24_c96_seed42.in,2Q LFU 2Q ARC,4,24 24 24 24,96,10000,9482,518,0.9482,9857,143,0.9857,375
configs/exp4/2q_lfu_2q_lfu.cfg,experiments/data/phases24_c96_seed42.in,2Q LFU 2Q LFU,4,24 24 24 24,96,10000,9437,563,0.9437,9857,143,0.9857,420
configs/exp4/2q_lfu_2q_lirs.cfg,experiments/data/phases24_c96_seed42.in,2Q LFU 2Q LIRS,4,24 24 24 24,96,10000,9487,513,0.9487,9857,143,0.9857,370
configs/exp4/2q_lfu_2q_lru.cfg,experiments/data/phases24_c96_seed42.in,2Q LFU 2Q LRU,4,24 24 24 24,96,10000,9498,502,0.9498,9857,143,0.9857,359
configs/exp4/2q_lfu_arc.cfg,experiments/data/phases24_c96_seed42.in,2Q LFU ARC,3,32 32 32,96,10000,9641,359,0.9641,9857,143,0.9857,216
configs/exp4/2q_lfu_arc_2q.cfg,experiments/data/phases24_c96_seed42.in,2Q LFU ARC 2Q,4,24 24 24 24,96,10000,9483,517,0.9483,9857,143,0.9857,374
configs/exp4/2q_lfu_arc_arc.cfg,experiments/data/phases24_c96_seed42.in,2Q LFU ARC ARC,4,24 24 24 24,96,10000,9474,526,0.9474,9857,143,0.9857,383
configs/exp4/2q_lfu_arc_lfu.cfg,experiments/data/phases24_c96_seed42.in,2Q LFU ARC LFU,4,24 24 24 24,96,10000,9469,531,0.9469,9857,143,0.9857,388
configs/exp4/2q_lfu_arc_lirs.cfg,experiments/data/phases24_c96_seed42.in,2Q LFU ARC LIRS,4,24 24 24 24,96,10000,9510,490,0.951,9857,143,0.9857,347
configs/exp4/2q_lfu_arc_lru.cfg,experiments/data/phases24_c96_seed42.in,2Q LFU ARC LRU,4,24 24 24 24,96,10000,9475,525,0.9475,9857,143,0.9857,382
configs/exp4/2q_lfu_lfu.cfg,experiments/data/phases24_c96_seed42.in,2Q LFU LFU,3,32 32 32,96,10000,9643,357,0.9643,9857,143,0.9857,214
configs/exp4/2q_lfu_lfu_2q.cfg,experiments/data/phases24_c96_seed42.in,2Q LFU LFU 2Q,4,24 24 24 24,96,10000,9457,543,0.9457,9857,143,0.9857,400
configs/exp4/2q_lfu_lfu_arc.cfg,experiments/data/phases24_c96_seed42.in,2Q LFU LFU ARC,4,24 24 24 24,96,10000,9487,513,0.9487,9857,143,0.9857,370
configs/exp4/2q_lfu_lfu_lfu.cfg,experiments/data/phases24_c96_seed42.in,2Q LFU LFU LFU,4,24 24 24 24,96,10000,9147,853,0.9147,9857,143,0.9857,710
configs/exp4/2q_lfu_lfu_lirs.cfg,experiments/data/phases24_c96_seed42.in,2Q LFU LFU LIRS,4,24 24 24 24,96,10000,9535,465,0.9535,9857,143,0.9857,322
configs/exp4/2q_lfu_lfu_lru.cfg,experiments/data/phases24_c96_seed42.in,2Q LFU LFU LRU,4,24 24 24 24,96,10000,9444,556,0.9444,9857,143,0.9857,413
configs/exp4/2q_lfu_lirs.cfg,experiments/data/phases24_c96_seed42.in,2Q LFU LIRS,3,32 32 32,96,10000,9643,357,0.9643,9857,143,0.9857,214
configs/exp4/2q_lfu_lirs_2q.cfg,experiments/data/phases24_c96_seed42.in,2Q LFU LIRS 2Q,4,24 24 24 24,96,10000,9540,460,0.954,9857,143,0.9857,317
configs/exp4/2q_lfu_lirs_arc.cfg,experiments/data/phases24_c96_seed42.in,2Q LFU LIRS ARC,4,24 24 24 24,96,10000,9567,433,0.9567,9857,143,0.9857,290
configs/exp4/2q_lfu_lirs_lfu.cfg,experiments/data/phases24_c96_seed42.in,2Q LFU LIRS LFU,4,24 24 24 24,96,10000,9518,482,0.9518,9857,143,0.9857,339
configs/exp4/2q_lfu_lirs_lirs.cfg,experiments/data/phases24_c96_seed42.in,2Q LFU LIRS LIRS,4,24 24 24 24,96,10000,9514,486,0.9514,9857,143,0.9857,343
configs/exp4/2q_lfu_lirs_lru.cfg,experiments/data/phases24_c96_seed42.in,2Q LFU LIRS LRU,4,24 24 24 24,96,10000,9572,428,0.9572,9857,143,0.9857,285
configs/exp4/2q_lfu_lru.cfg,experiments/data/phases24_c96_seed42.in,2Q LFU LRU,3,32 32 32,96,10000,9638,362,0.9638,9857,143,0.9857,219
configs/exp4/2q_lfu_lru_2q.cfg,experiments/data/phases24_c96_seed42.in,2Q LFU LRU 2Q,4,24 24 24 24,96,10000,9398,602,0.9398,9857,143,0.9857,459
configs/exp4/2q_lfu_lru_arc.cfg,experiments/data/phases24_c96_seed42.in,2Q LFU LRU ARC,4,24 24 24 24,96,10000,9403,597,0.9403,9857,143,0.9857,454
configs/exp4/2q_lfu_lru_lfu.cfg,experiments/data/phases24_c96_seed42.in,2Q LFU LRU LFU,4,24 24 24 24,96,10000,9359,641,0.9359,9857,143,0.9857,498
configs/exp4/2q_lfu_lru_lirs.cfg,experiments/data/phases24_c96_seed42.in,2Q LFU LRU LIRS,4,24 24 24 24,96,10000,9491,509,0.9491,9857,143,0.9857,366
configs/exp4/2q_lfu_lru_lru.cfg,experiments/data/phases24_c96_seed42.in,2Q LFU LRU LRU,4,24 24 24 24,96,10000,9386,614,0.9386,9857,143,0.9857,471
configs/exp4/2q_lirs.cfg,experiments/data/phases24_c96_seed42.in,2Q LIRS,2,48 48,96,10000,9689,311,0.9689,9857,143,0.9857,168
configs/exp4/2q_lirs_2q.cfg,experiments/data/phases24_c96_seed42.in,2Q LIRS 2Q,3,32 32 32,96,10000,9575,425,0.9575,9857,143,0.9857,282
configs/exp4/2q_lirs_2q_2q.cfg,experiments/data/phases24_c96_seed42.in,2Q LIRS 2Q 2Q,4,24 24 24 24,96,10000,9454,546,0.9454,9857,143,0.9857,403
configs/exp4/2q_lirs_2q_arc.cfg,experiments/data/phases24_c96_seed42.in,2Q LIRS 2Q ARC,4,24 24 24 24,96,10000,9538,462,0.9538,9857,143,0.9857,319
configs/exp4/2q_lirs_2q_lfu.cfg,experiments/data/phases24_c96_seed42.in,2Q LIRS 2Q LFU,4,24 24 24 24,96,10000,9500,500,0.95,9857,143,0.9857,357
configs/exp4/2q_lirs_2q_lirs.cfg,experiments/data/phases24_c96_seed42.in,2Q LIRS 2Q LIRS,4,24 24 24 24,96,10000,9478,522,0.9478,9857,143,0.9857,379
configs/exp4/2q_lirs_2q_lru.cfg,experiments/data/phases24_c96_seed42.in,2Q LIRS 2Q LRU,4,24 24 24 24,96,10000,9525,475,0.9525,9857,143,0.9857,332
configs/exp4/2q_lirs_arc.cfg,experiments/data/phases24_c96_seed42.in,2Q LIRS ARC,3,32 32 32,96,10000,9628,372,0.9628,9857,143,0.9857,229
configs/exp4/2q_lirs_arc_2q.cfg,experiments/data/phases24_c96_seed42.in,2Q LIRS ARC 2Q,4,24 24 24 24,96,10000,9522,478,0.9522,9857,143,0.9857,335
configs/exp4/2q_lirs_arc_arc.cfg,experiments/data/phases24_c96_seed42.in,2Q LIRS ARC ARC,4,24 24 24 24,96,10000,9498,502,0.9498,9857,143,0.9857,359
configs/exp4/2q_lirs_arc_lfu.cfg,experiments/data/phases24_c96_seed42.in,2Q LIRS ARC LFU,4,24 24 24 24,96,10000,9511,489,0.9511,9857,143,0.9857,346
configs/exp4/2q_lirs_arc_lirs.cfg,experiments/data/phases24_c96_seed42.in,2Q LIRS ARC LIRS,4,24 24 24 24,96,10000,9527,473,0.9527,9857,143,0.9857,330
configs/exp4/2q_lirs_arc_lru.cfg,experiments/data/phases24_c96_seed42.in,2Q LIRS ARC LRU,4,24 24 24 24,96,10000,9492,508,0.9492,9857,143,0.9857,365
configs/exp4/2q_lirs_lfu.cfg,experiments/data/phases24_c96_seed42.in,2Q LIRS LFU,3,32 32 32,96,10000,9622,378,0.9622,9857,143,0.9857,235
configs/exp4/2q_lirs_lfu_2q.cfg,experiments/data/phases24_c96_seed42.in,2Q LIRS LFU 2Q,4,24 24 24 24,96,10000,9499,501,0.9499,9857,143,0.9857,358
configs/exp4/2q_lirs_lfu_arc.cfg,experiments/data/phases24_c96_seed42.in,2Q LIRS LFU ARC,4,24 24 24 24,96,10000,9537,463,0.9537,9857,143,0.9857,320
configs/exp4/2q_lirs_lfu_lfu.cfg,experiments/data/phases24_c96_seed42.in,2Q LIRS LFU LFU,4,24 24 24 24,96,10000,9490,510,0.949,9857,143,0.9857,367
configs/exp4/2q_lirs_lfu_lirs.cfg,experiments/data/phases24_c96_seed42.in,2Q LIRS LFU LIRS,4,24 24 24 24,96,10000,9502,498,0.9502,9857,143,0.9857,355
configs/exp4/2q_lirs_lfu_lru.cfg,experiments/data/phases24_c96_seed42.in,2Q LIRS LFU LRU,4,24 24 24 24,96,10000,9538,462,0.9538,9857,143,0.9857,319
configs/exp4/2q_lirs_lirs.cfg,experiments/data/phases24_c96_seed42.in,2Q LIRS LIRS,3,32 32 32,96,10000,9565,435,0.9565,9857,143,0.9857,292
configs/exp4/2q_lirs_lirs_2q.cfg,experiments/data/phases24_c96_seed42.in,2Q LIRS LIRS 2Q,4,24 24 24 24,96,10000,9479,521,0.9479,9857,143,0.9857,378
configs/exp4/2q_lirs_lirs_arc.cfg,experiments/data/phases24_c96_seed42.in,2Q LIRS LIRS ARC,4,24 24 24 24,96,10000,9539,461,0.9539,9857,143,0.9857,318
configs/exp4/2q_lirs_lirs_lfu.cfg,experiments/data/phases24_c96_seed42.in,2Q LIRS LIRS LFU,4,24 24 24 24,96,10000,9488,512,0.9488,9857,143,0.9857,369
configs/exp4/2q_lirs_lirs_lirs.cfg,experiments/data/phases24_c96_seed42.in,2Q LIRS LIRS LIRS,4,24 24 24 24,96,10000,9449,551,0.9449,9857,143,0.9857,408
configs/exp4/2q_lirs_lirs_lru.cfg,experiments/data/phases24_c96_seed42.in,2Q LIRS LIRS LRU,4,24 24 24 24,96,10000,9534,466,0.9534,9857,143,0.9857,323
configs/exp4/2q_lirs_lru.cfg,experiments/data/phases24_c96_seed42.in,2Q LIRS LRU,3,32 32 32,96,10000,9623,377,0.9623,9857,143,0.9857,234
configs/exp4/2q_lirs_lru_2q.cfg,experiments/data/phases24_c96_seed42.in,2Q LIRS LRU 2Q,4,24 24 24 24,96,10000,9512,488,0.9512,9857,143,0.9857,345
configs/exp4/2q_lirs_lru_arc.cfg,experiments/data/phases24_c96_seed42.in,2Q LIRS LRU ARC,4,24 24 24 24,96,10000,9500,500,0.95,9857,143,0.9857,357
configs/exp4/2q_lirs_lru_lfu.cfg,experiments/data/phases24_c96_seed42.in,2Q LIRS LRU LFU,4,24 24 24 24,96,10000,9489,511,0.9489,9857,143,0.9857,368
configs/exp4/2q_lirs_lru_lirs.cfg,experiments/data/phases24_c96_seed42.in,2Q LIRS LRU LIRS,4,24 24 24 24,96,10000,9544,456,0.9544,9857,143,0.9857,313
configs/exp4/2q_lirs_lru_lru.cfg,experiments/data/phases24_c96_seed42.in,2Q LIRS LRU LRU,4,24 24 24 24,96,10000,9485,515,0.9485,9857,143,0.9857,372
configs/exp4/2q_lru.cfg,experiments/data/phases24_c96_seed42.in,2Q LRU,2,48 48,96,10000,9679,321,0.9679,9857,143,0.9857,178
configs/exp4/2q_lru_2q.cfg,experiments/data/phases24_c96_seed42.in,2Q LRU 2Q,3,32 32 32,96,10000,9579,421,0.9579,9857,143,0.9857,278
configs/exp4/2q_lru_2q_2q.cfg,experiments/data/phases24_c96_seed42.in,2Q LRU 2Q 2Q,4,24 24 24 24,96,10000,9335,665,0.9335,9857,143,0.9857,522
configs/exp4/2q_lru_2q_arc.cfg,experiments/data/phases24_c96_seed42.in,2Q LRU 2Q ARC,4,24 24 24 24,96,10000,9398,602,0.9398,9857,143,0.9857,459
configs/exp4/2q_lru_2q_lfu.cfg,experiments/data/phases24_c96_seed42.in,2Q LRU 2Q LFU,4,24 24 24 24,96,10000,9350,650,0.935,9857,143,0.9857,507
configs/exp4/2q_lru_2q_lirs.cfg,experiments/data/phases24_c96_seed42.in,2Q LRU 2Q LIRS,4,24 24 24 24,96,10000,9468,532,0.9468,9857,143,0.9857,389
configs/exp4/2q_lru_2q_lru.cfg,experiments/data/phases24_c96_seed42.in,2Q LRU 2Q LRU,4,24 24 24 24,96,10000,9399,601,0.9399,9857,143,0.9857,458
configs/exp4/2q_lru_arc.cfg,experiments/data/phases24_c96_seed42.in,2Q LRU ARC,3,32 32 32,96,10000,9564,436,0.9564,9857,143,0.9857,293
configs/exp4/2q_lru_arc_2q.cfg,experiments/data/phases24_c96_seed42.in,2Q LRU ARC 2Q,4,24 24 24 24,96,10000,9377,623,0.9377,9857,143,0.9857,480
configs/exp4/2q_lru_arc_arc.cfg,experiments/data/phases24_c96_seed42.in,2Q LRU ARC ARC,4,24 24 24 24,96,10000,9335,665,0.9335,9857,143,0.9857,522
configs/exp4/2q_lru_arc_lfu.cfg,experiments/data/phases24_c96_seed42.in,2Q LRU ARC LFU,4,24 24 24 24,96,10000,9337,663,0.9337,9857,143,0.9857,520
configs/exp4/2q_lru_arc_lirs.cfg,experiments/data/phases24_c96_seed42.in,2Q LRU ARC LIRS,4,24 24 24 24,96,10000,9449,551,0.9449,9857,143,0.9857,408
configs/exp4/2q_lru_arc_lru.cfg,experiments/data/phases24_c96_seed42.in,2Q LRU ARC LRU,4,24 24 24 24,96,10000,9335,665,0.9335,9857,143,0.9857,522
configs/exp4/2q_lru_lfu.cfg,experiments/data/phases24_c96_seed42.in,2Q LRU LFU,3,32 32 32,96,10000,9554,446,0.9554,9857,143,0.9857,303
configs/exp4/2q_lru_lfu_2q.cfg,experiments/data/phases24_c96_seed42.in,2Q LRU LFU 2Q,4,24 24 24 24,96,10000,9353,647,0.9353,9857,143,0.9857,504
configs/exp4/2q_lru_lfu_arc.cfg,experiments/data/phases24_c96_seed42.in,2Q LRU LFU ARC,4,24 24 24 24,96,10000,9342,658,0.9342,9857,143,0.9857,515
configs/exp4/2q_lru_lfu_lfu.cfg,experiments/data/phases24_c96_seed42.in,2Q LRU LFU LFU,4,24 24 24 24,96,10000,9223,777,0.9223,9857,143,0.9857,634
configs/exp4/2q_lru_lfu_lirs.cfg,experiments/data/phases24_c96_seed42.in,2Q LRU LFU LIRS,4,24 24 24 24,96,10000,9448,552,0.9448,9857,143,0.9857,409
configs/exp4/2q_lru_lfu_lru.cfg,experiments/data/phases24_c96_seed42.in,2Q LRU LFU LRU,4,24 24 24 24,96,10000,9286,714,0.9286,9857,143,0.9857,571
configs/exp4/2q_lru_lirs.cfg,experiments/data/phases24_c96_seed42.in,2Q LRU LIRS,3,32 32 32,96,10000,9615,385,0.9615,9857,143,0.9857,242
configs/exp4/2q_lru_lirs_2q.cfg,experiments/data/phases24_c96_seed42.in,2Q LRU LIRS 2Q,4,24 24 24 24,96,10000,9458,542,0.9458,9857,143,0.9857,399
configs/exp4/2q_lru_lirs_arc.cfg,experiments/data/phases24_c96_seed42.in,2Q LRU LIRS ARC,4,24 24 24 24,96,10000,9478,522,0.9478,9857,143,0.9857,379
configs/exp4/2q_lru_lirs_lfu.cfg,experiments/data/phases24_c96_seed42.in,2Q LRU LIRS LFU,4,24 24 24 24,96,10000,9448,552,0.9448,9857,143,0.9857,409
configs/exp4/2q_lru_lirs_lirs.cfg,experiments/data/phases24_c96_seed42.in,2Q LRU LIRS LIRS,4,24 24 24 24,96,10000,9455,545,0.9455,9857,143,0.9857,402
configs/exp4/2q_lru_lirs_lru.cfg,experiments/data/phases24_c96_seed42.in,2Q LRU LIRS LRU,4,24 24 24 24,96,10000,9473,527,0.9473,9857,143,0.9857,384
configs/exp4/2q_lru_lru.cfg,experiments/data/phases24_c96_seed42.in,2Q LRU LRU,3,32 32 32,96,10000,9555,445,0.9555,9857,143,0.9857,302
configs/exp4/2q_lru_lru_2q.cfg,experiments/data/phases24_c96_seed42.in,2Q LRU LRU 2Q,4,24 24 24 24,96,10000,9297,703,0.9297,9857,143,0.9857,560
configs/exp4/2q_lru_lru_arc.cfg,experiments/data/phases24_c96_seed42.in,2Q LRU LRU ARC,4,24 24 24 24,96,10000,9287,713,0.9287,9857,143,0.9857,570
configs/exp4/2q_lru_lru_lfu.cfg,experiments/data/phases24_c96_seed42.in,2Q LRU LRU LFU,4,24 24 24 24,96,10000,9234,766,0.9234,9857,143,0.9857,623
configs/exp4/2q_lru_lru_lirs.cfg,experiments/data/phases24_c96_seed42.in,2Q LRU LRU LIRS,4,24 24 24 24,96,10000,9415,585,0.9415,9857,143,0.9857,442
configs/exp4/2q_lru_lru_lru.cfg,experiments/data/phases24_c96_seed42.in,2Q LRU LRU LRU,4,24 24 24 24,96,10000,9231,769,0.9231,9857,143,0.9857,626
configs/exp4/arc_2q.cfg,experiments/data/phases24_c96_seed42.in,ARC 2Q,2,48 48,96,10000,9687,313,0.9687,9857,143,0.9857,170
configs/exp4/arc_2q_2q.cfg,experiments/data/phases24_c96_seed42.in,ARC 2Q 2Q,3,32 32 32,96,10000,9588,412,0.9588,9857,143,0.9857,269
configs/exp4/arc_2q_2q_2q.cfg,experiments/data/phases24_c96_seed42.in,ARC 2Q 2Q 2Q,4,24 24 24 24,96,10000,9448,552,0.9448,9857,143,0.9857,409
configs/exp4/arc_2q_2q_arc.cfg,experiments/data/phases24_c96_seed42.in,ARC 2Q 2Q ARC,4,24 24 24 24,96,10000,9527,473,0.9527,9857,143,0.9857,330
configs/exp4/arc_2q_2q_lfu.cfg,experiments/data/phases24_c96_seed42.in,ARC 2Q 2Q LFU,4,24 24 24 24,96,10000,9491,509,0.9491,9857,143,0.9857,366
configs/exp4/arc_2q_2q_lirs.cfg,experiments/data/phases24_c96_seed42.in,ARC 2Q 2Q LIRS,4,24 24 24 24,96,10000,9480,520,0.948,9857,143,0.9857,377
configs/exp4/arc_2q_2q_lru.cfg,experiments/data/phases24_c96_seed42.in,ARC 2Q 2Q LRU,4,24 24 24 24,96,10000,9523,477,0.9523,9857,143,0.9857,334
configs/exp4/arc_2q_arc.cfg,experiments/data/phases24_c96_seed42.in,ARC 2Q ARC,3,32 32 32,96,10000,9632,368,0.9632,9857,143,0.9857,225
configs/exp4/arc_2q_arc_2q.cfg,experiments/data/phases24_c96_seed42.in,ARC 2Q ARC 2Q,4,24 24 24 24,96,10000,9521,479,0.9521,9857,143,0.9857,336
configs/exp4/arc_2q_arc_arc.cfg,experiments/data/phases24_c96_seed42.in,ARC 2Q ARC ARC,4,24 24 24 24,96,10000,9505,495,0.9505,9857,143,0.9857,352
configs/exp4/arc_2q_arc_lfu.cfg,experiments/data/phases24_c96_seed42.in,ARC 2Q ARC LFU,4,24 24 24 24,96,10000,9519,481,0.9519,9857,143,0.9857,338
configs/exp4/arc_2q_arc_lirs.cfg,experiments/data/phases24_c96_seed42.in,ARC 2Q ARC LIRS,4,24 24 24 24,96,10000,9537,463,0.9537,9857,143,0.9857,320
configs/exp4/arc_2q_arc_lru.cfg,experiments/data/phases24_c96_seed42.in,ARC 2Q ARC LRU,4,24 24 24 24,96,10000,9503,497,0.9503,9857,143,0.9857,354
configs/exp4/arc_2q_lfu.cfg,experiments/data/phases24_c96_seed42.in,ARC 2Q LFU,3,32 32 32,96,10000,9625,375,0.9625,9857,143,0.9857,232
configs/exp4/arc_2q_lfu_2q.cfg,experiments/data/phases24_c96_seed42.in,ARC 2Q LFU 2Q,4,24 24 24 24,96,10000,9509,491,0.9509,9857,143,0.9857,348
configs/exp4/arc_2q_lfu_arc.cfg,experiments/data/phases24_c96_seed42.in,ARC 2Q LFU ARC,4,24 24 24 24,96,10000,9538,462,0.9538,9857,143,0.9857,319
configs/exp4/arc_2q_lfu_lfu.cfg,experiments/data/phases24_c96_seed42.in,ARC 2Q LFU LFU,4,24 24 24 24,96,10000,9515,485,0.9515,9857,143,0.9857,342
configs/exp4/arc_2q_lfu_lirs.cfg,experiments/data/phases24_c96_seed42.in,ARC 2Q LFU LIRS,4,24 24 24 24,96,10000,9536,464,0.9536,9857,143,0.9857,321
configs/exp4/arc_2q_lfu_lru.cfg,experiments/data/phases24_c96_seed42.in,ARC 2Q LFU LRU,4,24 24 24 24,96,10000,9540,460,0.954,9857,143,0.9857,317
configs/exp4/arc_2q_lirs.cfg,experiments/data/phases24_c96_seed42.in,ARC 2Q LIRS,3,32 32 32,96,10000,9612,388,0.9612,9857,143,0.9857,245
configs/exp4/arc_2q_lirs_2q.cfg,experiments/data/phases24_c96_seed42.in,ARC 2Q LIRS 2Q,4,24 24 24 24,96,10000,9498,502,0.9498,9857,143,0.9857,359
configs/exp4/arc_2q_lirs_arc.cfg,experiments/data/phases24_c96_seed42.in,ARC 2Q LIRS ARC,4,24 24 24 24,96,10000,9543,457,0.9543,9857,143,0.9857,314
configs/exp4/arc_2q_lirs_lfu.cfg,experiments/data/phases24_c96_seed42.in,ARC 2Q LIRS LFU,4,24 24 24 24,96,10000,9517,483,0.9517,9857,143,0.9857,340
configs/exp4/arc_2q_lirs_lirs.cfg,experiments/data/phases24_c96_seed42.in,ARC 2Q LIRS LIRS,4,24 24 24 24,96,10000,9481,519,0.9481,9857,143,0.9857,376
configs/exp4/arc_2q_lirs_lru.cfg,experiments/data/phases24_c96_seed42.in,ARC 2Q LIRS LRU,4,24 24 24 24,96,10000,9546,454,0.9546,9857,143,0.9857,311
configs/exp4/arc_2q_lru.cfg,experiments/data/phases24_c96_seed42.in,ARC 2Q LRU,3,32 32 32,96,10000,9639,361,0.9639,9857,143,0.9857,218
configs/exp4/arc_2q_lru_2q.cfg,experiments/data/phases24_c96_seed42.in,ARC 2Q LRU 2Q,4,24 24 24 24,96,10000,9528,472,0.9528,9857,143,0.9857,329
configs/exp4/arc_2q_lru_arc.cfg,experiments/data/phases24_c96_seed42.in,ARC 2Q LRU ARC,4,24 24 24 24,96,10000,9504,496,0.9504,9857,143,0.9857,353
configs/exp4/arc_2q_lru_lfu.cfg,experiments/data/phases24_c96_seed42.in,ARC 2Q LRU LFU,4,24 24 24 24,96,10000,9500,500,0.95,9857,143,0.9857,357
configs/exp4/arc_2q_lru_lirs.cfg,experiments/data/phases24_c96_seed42.in,ARC 2Q LRU LIRS,4,24 24 24 24,96,10000,9547,453,0.9547,9857,143,0.9857,310
configs/exp4/arc_2q_lru_lru.cfg,experiments/data/phases24_c96_seed42.in,ARC 2Q LRU LRU,4,24 24 24 24,96,10000,9493,507,0.9493,9857,143,0.9857,364
configs/exp4/arc_arc_2q.cfg,experiments/data/phases24_c96_seed42.in,ARC ARC 2Q,3,32 32 32,96,10000,9642,358,0.9642,9857,143,0.9857,215
configs/exp4/arc_arc_2q_2q.cfg,experiments/data/phases24_c96_seed42.in,ARC ARC 2Q 2Q,4,24 24 24 24,96,10000,9466,534,0.9466,9857,143,0.9857,391
configs/exp4/arc_arc_2q_arc.cfg,experiments/data/phases24_c96_seed42.in,ARC ARC 2Q ARC,4,24 24 24 24,96,10000,9511,489,0.9511,9857,143,0.9857,346
configs/exp4/arc_arc_2q_lfu.cfg,experiments/data/phases24_c96_seed42.in,ARC ARC 2Q LFU,4,24 24 24 24,96,10000,9497,503,0.9497,9857,143,0.9857,360
configs/exp4/arc_arc_2q_lirs.cfg,experiments/data/phases24_c96_seed42.in,ARC ARC 2Q LIRS,4,24 24 24 24,96,10000,9508,492,0.9508,9857,143,0.9857,349
configs/exp4/arc_arc_2q_lru.cfg,experiments/data/phases24_c96_seed42.in,ARC ARC 2Q LRU,4,24 24 24 24,96,10000,9510,490,0.951,9857,143,0.9857,347
configs/exp4/arc_arc_arc_2q.cfg,experiments/data/phases24_c96_seed42.in,ARC ARC ARC 2Q,4,24 24 24 24,96,10000,9469,531,0.9469,9857,143,0.9857,388
configs/exp4/arc_arc_arc_lfu.cfg,experiments/data/phases24_c96_seed42.in,ARC ARC ARC LFU,4,24 24 24 24,96,10000,9463,537,0.9463,9857,143,0.9857,394
configs/exp4/arc_arc_arc_lirs.cfg,experiments/data/phases24_c96_seed42.in,ARC ARC ARC LIRS,4,24 24 24 24,96,10000,9483,517,0.9483,9857,143,0.9857,374
configs/exp4/arc_arc_arc_lru.cfg,experiments/data/phases24_c96_seed42.in,ARC ARC ARC LRU,4,24 24 24 24,96,10000,9445,555,0.9445,9857,143,0.9857,412
configs/exp4/arc_arc_lfu.cfg,experiments/data/phases24_c96_seed42.in,ARC ARC LFU,3,32 32 32,96,10000,9636,364,0.9636,9857,143,0.9857,221
configs/exp4/arc_arc_lfu_2q.cfg,experiments/data/phases24_c96_seed42.in,ARC ARC LFU 2Q,4,24 24 24 24,96,10000,9504,496,0.9504,9857,143,0.9857,353
configs/exp4/arc_arc_lfu_arc.cfg,experiments/data/phases24_c96_seed42.in,ARC ARC LFU ARC,4,24 24 24 24,96,10000,9472,528,0.9472,9857,143,0.9857,385
configs/exp4/arc_arc_lfu_lfu.cfg,experiments/data/phases24_c96_seed42.in,ARC ARC LFU LFU,4,24 24 24 24,96,10000,9491,509,0.9491,9857,143,0.9857,366
configs/exp4/arc_arc_lfu_lirs.cfg,experiments/data/phases24_c96_seed42.in,ARC ARC LFU LIRS,4,24 24 24 24,96,10000,9524,476,0.9524,9857,143,0.9857,333
configs/exp4/arc_arc_lfu_lru.cfg,experiments/data/phases24_c96_seed42.in,ARC ARC LFU LRU,4,24 24 24 24,96,10000,9479,521,0.9479,9857,143,0.9857,378
configs/exp4/arc_arc_lirs.cfg,experiments/data/phases24_c96_seed42.in,ARC ARC LIRS,3,32 32 32,96,10000,9658,342,0.9658,9857,143,0.9857,199
configs/exp4/arc_arc_lirs_2q.cfg,experiments/data/phases24_c96_seed42.in,ARC ARC LIRS 2Q,4,24 24 24 24,96,10000,9497,503,0.9497,9857,143,0.9857,360
configs/exp4/arc_arc_lirs_arc.cfg,experiments/data/phases24_c96_seed42.in,ARC ARC LIRS ARC,4,24 24 24 24,96,10000,9517,483,0.9517,9857,143,0.9857,340
configs/exp4/arc_arc_lirs_lfu.cfg,experiments/data/phases24_c96_seed42.in,ARC ARC LIRS LFU,4,24 24 24 24,96,10000,9519,481,0.9519,9857,143,0.9857,338
configs/exp4/arc_arc_lirs_lirs.cfg,experiments/data/phases24_c96_seed42.in,ARC ARC LIRS LIRS,4,24 24 24 24,96,10000,9474,526,0.9474,9857,143,0.9857,383
configs/exp4/arc_arc_lirs_lru.cfg,experiments/data/phases24_c96_seed42.in,ARC ARC LIRS LRU,4,24 24 24 24,96,10000,9511,489,0.9511,9857,143,0.9857,346
configs/exp4/arc_arc_lru.cfg,experiments/data/phases24_c96_seed42.in,ARC ARC LRU,3,32 32 32,96,10000,9617,383,0.9617,9857,143,0.9857,240
configs/exp4/arc_arc_lru_2q.cfg,experiments/data/phases24_c96_seed42.in,ARC ARC LRU 2Q,4,24 24 24 24,96,10000,9462,538,0.9462,9857,143,0.9857,395
configs/exp4/arc_arc_lru_arc.cfg,experiments/data/phases24_c96_seed42.in,ARC ARC LRU ARC,4,24 24 24 24,96,10000,9446,554,0.9446,9857,143,0.9857,411
configs/exp4/arc_arc_lru_lfu.cfg,experiments/data/phases24_c96_seed42.in,ARC ARC LRU LFU,4,24 24 24 24,96,10000,9434,566,0.9434,9857,143,0.9857,423
configs/exp4/arc_arc_lru_lirs.cfg,experiments/data/phases24_c96_seed42.in,ARC ARC LRU LIRS,4,24 24 24 24,96,10000,9494,506,0.9494,9857,143,0.9857,363
configs/exp4/arc_arc_lru_lru.cfg,experiments/data/phases24_c96_seed42.in,ARC ARC LRU LRU,4,24 24 24 24,96,10000,9423,577,0.9423,9857,143,0.9857,434
configs/exp4/arc_lfu.cfg,experiments/data/phases24_c96_seed42.in,ARC LFU,2,48 48,96,10000,9694,306,0.9694,9857,143,0.9857,163
configs/exp4/arc_lfu_2q.cfg,experiments/data/phases24_c96_seed42.in,ARC LFU 2Q,3,32 32 32,96,10000,9652,348,0.9652,9857,143,0.9857,205
configs/exp4/arc_lfu_2q_2q.cfg,experiments/data/phases24_c96_seed42.in,ARC LFU 2Q 2Q,4,24 24 24 24,96,10000,9527,473,0.9527,9857,143,0.9857,330
configs/exp4/arc_lfu_2q_arc.cfg,experiments/data/phases24_c96_seed42.in,ARC LFU 2Q ARC,4,24 24 24 24,96,10000,9565,435,0.9565,9857,143,0.9857,292
configs/exp4/arc_lfu_2q_lfu.cfg,experiments/data/phases24_c96_seed42.in,ARC LFU 2Q LFU,4,24 24 24 24,96,10000,9540,460,0.954,9857,143,0.9857,317
configs/exp4/arc_lfu_2q_lirs.cfg,experiments/data/phases24_c96_seed42.in,ARC LFU 2Q LIRS,4,24 24 24 24,96,10000,9553,447,0.9553,9857,143,0.9857,304
configs/exp4/arc_lfu_2q_lru.cfg,experiments/data/phases24_c96_seed42.in,ARC LFU 2Q LRU,4,24 24 24 24,96,10000,9577,423,0.9577,9857,143,0.9857,280
configs/exp4/arc_lfu_arc.cfg,experiments/data/phases24_c96_seed42.in,ARC LFU ARC,3,32 32 32,96,10000,9663,337,0.9663,9857,143,0.9857,194
configs/exp4/arc_lfu_arc_2q.cfg,experiments/data/phases24_c96_seed42.in,ARC LFU ARC 2Q,4,24 24 24 24,96,10000,9533,467,0.9533,9857,143,0.9857,324
configs/exp4/arc_lfu_arc_arc.cfg,experiments/data/phases24_c96_seed42.in,ARC LFU ARC ARC,4,24 24 24 24,96,10000,9509,491,0.9509,9857,143,0.9857,348
configs/exp4/arc_lfu_arc_lfu.cfg,experiments/data/phases24_c96_seed42.in,ARC LFU ARC LFU,4,24 24 24 24,96,10000,9527,473,0.9527,9857,143,0.9857,330
configs/exp4/arc_lfu_arc_lirs.cfg,experiments/data/phases24_c96_seed42.in,ARC LFU ARC LIRS,4,24 24 24 24,96,10000,9555,445,0.9555,9857,143,0.9857,302
configs/exp4/arc_lfu_arc_lru.cfg,experiments/data/phases24_c96_seed42.in,ARC LFU ARC LRU,4,24 24 24 24,96,10000,9516,484,0.9516,9857,143,0.9857,341
configs/exp4/arc_lfu_lfu.cfg,experiments/data/phases24_c96_seed42.in,ARC LFU LFU,3,32 32 32,96,10000,9660,340,0.966,9857,143,0.9857,197
configs/exp4/arc_lfu_lfu_2q.cfg,experiments/data/phases24_c96_seed42.in,ARC LFU LFU 2Q,4,24 24 24 24,96,10000,9544,456,0.9544,9857,143,0.9857,313
configs/exp4/arc_lfu_lfu_arc.cfg,experiments/data/phases24_c96_seed42.in,ARC LFU LFU ARC,4,24 24 24 24,96,10000,9543,457,0.9543,9857,143,0.9857,314
configs/exp4/arc_lfu_lfu_lfu.cfg,experiments/data/phases24_c96_seed42.in,ARC LFU LFU LFU,4,24 24 24 24,96,10000,9424,576,0.9424,9857,143,0.9857,433
configs/exp4/arc_lfu_lfu_lirs.cfg,experiments/data/phases24_c96_seed42.in,ARC LFU LFU LIRS,4,24 24 24 24,96,10000,9570,430,0.957,9857,143,0.9857,287
configs/exp4/arc_lfu_lfu_lru.cfg,experiments/data/phases24_c96_seed42.in,ARC LFU LFU LRU,4,24 24 24 24,96,10000,9552,448,0.9552,9857,143,0.9857,305
configs/exp4/arc_lfu_lirs.cfg,experiments/data/phases24_c96_seed42.in,ARC LFU LIRS,3,32 32 32,96,10000,9663,337,0.9663,9857,143,0.9857,194
configs/exp4/arc_lfu_lirs_2q.cfg,experiments/data/phases24_c96_seed42.in,ARC LFU LIRS 2Q,4,24 24 24 24,96,10000,9556,444,0.9556,9857,143,0.9857,301
configs/exp4/arc_lfu_lirs_arc.cfg,experiments/data/phases24_c96_seed42.in,ARC LFU LIRS ARC,4,24 24 24 24,96,10000,9603,397,0.9603,9857,143,0.9857,254
configs/exp4/arc_lfu_lirs_lfu.cfg,experiments/data/phases24_c96_seed42.in,ARC LFU LIRS LFU,4,24 24 24 24,96,10000,9570,430,0.957,9857,143,0.9857,287
configs/exp4/arc_lfu_lirs_lirs.cfg,experiments/data/phases24_c96_seed42.in,ARC LFU LIRS LIRS,4,24 24 24 24,96,10000,9540,460,0.954,9857,143,0.9857,317
configs/exp4/arc_lfu_lirs_lru.cfg,experiments/data/phases24_c96_seed42.in,ARC LFU LIRS LRU,4,24 24 24 24,96,10000,9607,393,0.9607,9857,143,0.9857,250
configs/exp4/arc_lfu_lru.cfg,experiments/data/phases24_c96_seed42.in,ARC LFU LRU,3,32 32 32,96,10000,9665,335,0.9665,9857,143,0.9857,192
configs/exp4/arc_lfu_lru_2q.cfg,experiments/data/phases24_c96_seed42.in,ARC LFU LRU 2Q,4,24 24 24 24,96,10000,9521,479,0.9521,9857,143,0.9857,336
configs/exp4/arc_lfu_lru_arc.cfg,experiments/data/phases24_c96_seed42.in,ARC LFU LRU ARC,4,24 24 24 24,96,10000,9503,497,0.9503,9857,143,0.9857,354
configs/exp4/arc_lfu_lru_lfu.cfg,experiments/data/phases24_c96_seed42.in,ARC LFU LRU LFU,4,24 24 24 24,96,10000,9502,498,0.9502,9857,143,0.9857,355
configs/exp4/arc_lfu_lru_lirs.cfg,experiments/data/phases24_c96_seed42.in,ARC LFU LRU LIRS,4,24 24 24 24,96,10000,9561,439,0.9561,9857,143,0.9857,296
configs/exp4/arc_lfu_lru_lru.cfg,experiments/data/phases24_c96_seed42.in,ARC LFU LRU LRU,4,24 24 24 24,96,10000,9498,502,0.9498,9857,143,0.9857,359
configs/exp4/arc_lirs.cfg,experiments/data/phases24_c96_seed42.in,ARC LIRS,2,48 48,96,10000,9693,307,0.9693,9857,143,0.9857,164
configs/exp4/arc_lirs_2q.cfg,experiments/data/phases24_c96_seed42.in,ARC LIRS 2Q,3,32 32 32,96,10000,9597,403,0.9597,9857,143,0.9857,260
configs/exp4/arc_lirs_2q_2q.cfg,experiments/data/phases24_c96_seed42.in,ARC LIRS 2Q 2Q,4,24 24 24 24,96,10000,9469,531,0.9469,9857,143,0.9857,388
configs/exp4/arc_lirs_2q_arc.cfg,experiments/data/phases24_c96_seed42.in,ARC LIRS 2Q ARC,4,24 24 24 24,96,10000,9540,460,0.954,9857,143,0.9857,317
configs/exp4/arc_lirs_2q_lfu.cfg,experiments/data/phases24_c96_seed42.in,ARC LIRS 2Q LFU,4,24 24 24 24,96,10000,9503,497,0.9503,9857,143,0.9857,354
configs/exp4/arc_lirs_2q_lirs.cfg,experiments/data/phases24_c96_seed42.in,ARC LIRS 2Q LIRS,4,24 24 24 24,96,10000,9484,516,0.9484,9857,143,0.9857,373
configs/exp4/arc_lirs_2q_lru.cfg,experiments/data/phases24_c96_seed42.in,ARC LIRS 2Q LRU,4,24 24 24 24,96,10000,9534,466,0.9534,9857,143,0.9857,323
configs/exp4/arc_lirs_arc.cfg,experiments/data/phases24_c96_seed42.in,ARC LIRS ARC,3,32 32 32,96,10000,9654,346,0.9654,9857,143,0.9857,203
configs/exp4/arc_lirs_arc_2q.cfg,experiments/data/phases24_c96_seed42.in,ARC LIRS ARC 2Q,4,24 24 24 24,96,10000,9542,458,0.9542,9857,143,0.9857,315
configs/exp4/arc_lirs_arc_arc.cfg,experiments/data/phases24_c96_seed42.in,ARC LIRS ARC ARC,4,24 24 24 24,96,10000,9535,465,0.9535,9857,143,0.9857,322
configs/exp4/arc_lirs_arc_lfu.cfg,experiments/data/phases24_c96_seed42.in,ARC LIRS ARC LFU,4,24 24 24 24,96,10000,9543,457,0.9543,9857,143,0.9857,314
configs/exp4/arc_lirs_arc_lirs.cfg,experiments/data/phases24_c96_seed42.in,ARC LIRS ARC LIRS,4,24 24 24 24,96,10000,9552,448,0.9552,9857,143,0.9857,305
configs/exp4/arc_lirs_arc_lru.cfg,experiments/data/phases24_c96_seed42.in,ARC LIRS ARC LRU,4,24 24 24 24,96,10000,9517,483,0.9517,9857,143,0.9857,340
configs/exp4/arc_lirs_lfu.cfg,experiments/data/phases24_c96_seed42.in,ARC LIRS LFU,3,32 32 32,96,10000,9646,354,0.9646,9857,143,0.9857,211
configs/exp4/arc_lirs_lfu_2q.cfg,experiments/data/phases24_c96_seed42.in,ARC LIRS LFU 2Q,4,24 24 24 24,96,10000,9529,471,0.9529,9857,143,0.9857,328
configs/exp4/arc_lirs_lfu_arc.cfg,experiments/data/phases24_c96_seed42.in,ARC LIRS LFU ARC,4,24 24 24 24,96,10000,9569,431,0.9569,9857,143,0.9857,288
configs/exp4/arc_lirs_lfu_lfu.cfg,experiments/data/phases24_c96_seed42.in,ARC LIRS LFU LFU,4,24 24 24 24,96,10000,9537,463,0.9537,9857,143,0.9857,320
configs/exp4/arc_lirs_lfu_lirs.cfg,experiments/data/phases24_c96_seed42.in,ARC LIRS LFU LIRS,4,24 24 24 24,96,10000,9537,463,0.9537,9857,143,0.9857,320
configs/exp4/arc_lirs_lfu_lru.cfg,experiments/data/phases24_c96_seed42.in,ARC LIRS LFU LRU,4,24 24 24 24,96,10000,9567,433,0.9567,9857,143,0.9857,290
configs/exp4/arc_lirs_lirs.cfg,experiments/data/phases24_c96_seed42.in,ARC LIRS LIRS,3,32 32 32,96,10000,9579,421,0.9579,9857,143,0.9857,278
configs/exp4/arc_lirs_lirs_2q.cfg,experiments/data/phases24_c96_seed42.in,ARC LIRS LIRS 2Q,4,24 24 24 24,96,10000,9479,521,0.9479,9857,143,0.9857,378
configs/exp4/arc_lirs_lirs_arc.cfg,experiments/data/phases24_c96_seed42.in,ARC LIRS LIRS ARC,4,24 24 24 24,96,10000,9541,459,0.9541,9857,143,0.9857,316
configs/exp4/arc_lirs_lirs_lfu.cfg,experiments/data/phases24_c96_seed42.in,ARC LIRS LIRS LFU,4,24 24 24 24,96,10000,9502,498,0.9502,9857,143,0.9857,355
configs/exp4/arc_lirs_lirs_lirs.cfg,experiments/data/phases24_c96_seed42.in,ARC LIRS LIRS LIRS,4,24 24 24 24,96,10000,9434,566,0.9434,9857,143,0.9857,423
configs/exp4/arc_lirs_lirs_lru.cfg,experiments/data/phases24_c96_seed42.in,ARC LIRS LIRS LRU,4,24 24 24 24,96,10000,9534,466,0.9534,9857,143,0.9857,323
configs/exp4/arc_lirs_lru.cfg,experiments/data/phases24_c96_seed42.in,ARC LIRS LRU,3,32 32 32,96,10000,9649,351,0.9649,9857,143,0.9857,208
configs/exp4/arc_lirs_lru_2q.cfg,experiments/data/phases24_c96_seed42.in,ARC LIRS LRU 2Q,4,24 24 24 24,96,10000,9547,453,0.9547,9857,143,0.9857,310
configs/exp4/arc_lirs_lru_arc.cfg,experiments/data/phases24_c96_seed42.in,ARC LIRS LRU ARC,4,24 24 24 24,96,10000,9521,479,0.9521,9857,143,0.9857,336
configs/exp4/arc_lirs_lru_lfu.cfg,experiments/data/phases24_c96_seed42.in,ARC LIRS LRU LFU,4,24 24 24 24,96,10000,9517,483,0.9517,9857,143,0.9857,340
configs/exp4/arc_lirs_lru_lirs.cfg,experiments/data/phases24_c96_seed42.in,ARC LIRS LRU LIRS,4,24 24 24 24,96,10000,9556,444,0.9556,9857,143,0.9857,301
configs/exp4/arc_lirs_lru_lru.cfg,experiments/data/phases24_c96_seed42.in,ARC LIRS LRU LRU,4,24 24 24 24,96,10000,9510,490,0.951,9857,143,0.9857,347
configs/exp4/arc_lru.cfg,experiments/data/phases24_c96_seed42.in,ARC LRU,2,48 48,96,10000,9679,321,0.9679,9857,143,0.9857,178
configs/exp4/arc_lru_2q.cfg,experiments/data/phases24_c96_seed42.in,ARC LRU 2Q,3,32 32 32,96,10000,9640,360,0.964,9857,143,0.9857,217
configs/exp4/arc_lru_2q_2q.cfg,experiments/data/phases24_c96_seed42.in,ARC LRU 2Q 2Q,4,24 24 24 24,96,10000,9420,580,0.942,9857,143,0.9857,437
configs/exp4/arc_lru_2q_arc.cfg,experiments/data/phases24_c96_seed42.in,ARC LRU 2Q ARC,4,24 24 24 24,96,10000,9445,555,0.9445,9857,143,0.9857,412
configs/exp4/arc_lru_2q_lfu.cfg,experiments/data/phases24_c96_seed42.in,ARC LRU 2Q LFU,4,24 24 24 24,96,10000,9420,580,0.942,9857,143,0.9857,437
configs/exp4/arc_lru_2q_lirs.cfg,experiments/data/phases24_c96_seed42.in,ARC LRU 2Q LIRS,4,24 24 24 24,96,10000,9515,485,0.9515,9857,143,0.9857,342
configs/exp4/arc_lru_2q_lru.cfg,experiments/data/phases24_c96_seed42.in,ARC LRU 2Q LRU,4,24 24 24 24,96,10000,9445,555,0.9445,9857,143,0.9857,412
configs/exp4/arc_lru_arc.cfg,experiments/data/phases24_c96_seed42.in,ARC LRU ARC,3,32 32 32,96,10000,9616,384,0.9616,9857,143,0.9857,241
configs/exp4/arc_lru_arc_2q.cfg,experiments/data/phases24_c96_seed42.in,ARC LRU ARC 2Q,4,24 24 24 24,96,10000,9448,552,0.9448,9857,143,0.9857,409
configs/exp4/arc_lru_arc_arc.cfg,experiments/data/phases24_c96_seed42.in,ARC LRU ARC ARC,4,24 24 24 24,96,10000,9427,573,0.9427,9857,143,0.9857,430
configs/exp4/arc_lru_arc_lfu.cfg,experiments/data/phases24_c96_seed42.in,ARC LRU ARC LFU,4,24 24 24 24,96,10000,9421,579,0.9421,9857,143,0.9857,436
configs/exp4/arc_lru_arc_lirs.cfg,experiments/data/phases24_c96_seed42.in,ARC LRU ARC LIRS,4,24 24 24 24,96,10000,9503,497,0.9503,9857,143,0.9857,354
configs/exp4/arc_lru_arc_lru.cfg,experiments/data/phases24_c96_seed42.in,ARC LRU ARC LRU,4,24 24 24 24,96,10000,9424,576,0.9424,9857,143,0.9857,433
configs/exp4/arc_lru_lfu.cfg,experiments/data/phases24_c96_seed42.in,ARC LRU LFU,3,32 32 32,96,10000,9614,386,0.9614,9857,143,0.9857,243
configs/exp4/arc_lru_lfu_2q.cfg,experiments/data/phases24_c96_seed42.in,ARC LRU LFU 2Q,4,24 24 24 24,96,10000,9425,575,0.9425,9857,143,0.9857,432
configs/exp4/arc_lru_lfu_arc.cfg,experiments/data/phases24_c96_seed42.in,ARC LRU LFU ARC,4,24 24 24 24,96,10000,9403,597,0.9403,9857,143,0.9857,454
configs/exp4/arc_lru_lfu_lfu.cfg,experiments/data/phases24_c96_seed42.in,ARC LRU LFU LFU,4,24 24 24 24,96,10000,9390,610,0.939,9857,143,0.9857,467
configs/exp4/arc_lru_lfu_lirs.cfg,experiments/data/phases24_c96_seed42.in,ARC LRU LFU LIRS,4,24 24 24 24,96,10000,9488,512,0.9488,9857,143,0.9857,369
configs/exp4/arc_lru_lfu_lru.cfg,experiments/data/phases24_c96_seed42.in,ARC LRU LFU LRU,4,24 24 24 24,96,10000,9388,612,0.9388,9857,143,0.9857,469
configs/exp4/arc_lru_lirs.cfg,experiments/data/phases24_c96_seed42.in,ARC LRU LIRS,3,32 32 32,96,10000,9646,354,0.9646,9857,143,0.9857,211
configs/exp4/arc_lru_lirs_2q.cfg,experiments/data/phases24_c96_seed42.in,ARC LRU LIRS 2Q,4,24 24 24 24,96,10000,9518,482,0.9518,9857,143,0.9857,339
configs/exp4/arc_lru_lirs_arc.cfg,experiments/data/phases24_c96_seed42.in,ARC LRU LIRS ARC,4,24 24 24 24,96,10000,9507,493,0.9507,9857,143,0.9857,350
configs/exp4/arc_lru_lirs_lfu.cfg,experiments/data/phases24_c96_seed42.in,ARC LRU LIRS LFU,4,24 24 24 24,96,10000,9500,500,0.95,9857,143,0.9857,357
configs/exp4/arc_lru_lirs_lirs.cfg,experiments/data/phases24_c96_seed42.in,ARC LRU LIRS LIRS,4,24 24 24 24,96,10000,9502,498,0.9502,9857,143,0.9857,355
configs/exp4/arc_lru_lirs_lru.cfg,experiments/data/phases24_c96_seed42.in,ARC LRU LIRS LRU,4,24 24 24 24,96,10000,9508,492,0.9508,9857,143,0.9857,349
configs/exp4/arc_lru_lru.cfg,experiments/data/phases24_c96_seed42.in,ARC LRU LRU,3,32 32 32,96,10000,9612,388,0.9612,9857,143,0.9857,245
configs/exp4/arc_lru_lru_2q.cfg,experiments/data/phases24_c96_seed42.in,ARC LRU LRU 2Q,4,24 24 24 24,96,10000,9422,578,0.9422,9857,143,0.9857,435
configs/exp4/arc_lru_lru_arc.cfg,experiments/data/phases24_c96_seed42.in,ARC LRU LRU ARC,4,24 24 24 24,96,10000,9387,613,0.9387,9857,143,0.9857,470
configs/exp4/arc_lru_lru_lfu.cfg,experiments/data/phases24_c96_seed42.in,ARC LRU LRU LFU,4,24 24 24 24,96,10000,9372,628,0.9372,9857,143,0.9857,485
configs/exp4/arc_lru_lru_lirs.cfg,experiments/data/phases24_c96_seed42.in,ARC LRU LRU LIRS,4,24 24 24 24,96,10000,9483,517,0.9483,9857,143,0.9857,374
configs/exp4/arc_lru_lru_lru.cfg,experiments/data/phases24_c96_seed42.in,ARC LRU LRU LRU,4,24 24 24 24,96,10000,9370,630,0.937,9857,143,0.9857,487
configs/exp4/lfu_2q.cfg,experiments/data/phases24_c96_seed42.in,LFU 2Q,2,48 48,96,10000,9749,251,0.9749,9857,143,0.9857,108
configs/exp4/lfu_2q_2q.cfg,experiments/data/phases24_c96_seed42.in,LFU 2Q 2Q,3,32 32 32,96,10000,9660,340,0.966,9857,143,0.9857,197
configs/exp4/lfu_2q_2q_2q.cfg,experiments/data/phases24_c96_seed42.in,LFU 2Q 2Q 2Q,4,24 24 24 24,96,10000,9499,501,0.9499,9857,143,0.9857,358
configs/exp4/lfu_2q_2q_arc.cfg,experiments/data/phases24_c96_seed42.in,LFU 2Q 2Q ARC,4,24 24 24 24,96,10000,9527,473,0.9527,9857,143,0.9857,330
configs/exp4/lfu_2q_2q_lfu.cfg,experiments/data/phases24_c96_seed42.in,LFU 2Q 2Q LFU,4,24 24 24 24,96,10000,9485,515,0.9485,9857,143,0.9857,372
configs/exp4/lfu_2q_2q_lirs.cfg,experiments/data/phases24_c96_seed42.in,LFU 2Q 2Q LIRS,4,24 24 24 24,96,10000,9517,483,0.9517,9857,143,0.9857,340
configs/exp4/lfu_2q_2q_lru.cfg,experiments/data/phases24_c96_seed42.in,LFU 2Q 2Q LRU,4,24 24 24 24,96,10000,9534,466,0.9534,9857,143,0.9857,323
configs/exp4/lfu_2q_arc.cfg,experiments/data/phases24_c96_seed42.in,LFU 2Q ARC,3,32 32 32,96,10000,9676,324,0.9676,9857,143,0.9857,181
configs/exp4/lfu_2q_arc_2q.cfg,experiments/data/phases24_c96_seed42.in,LFU 2Q ARC 2Q,4,24 24 24 24,96,10000,9514,486,0.9514,9857,143,0.9857,343
configs/exp4/lfu_2q_arc_arc.cfg,experiments/data/phases24_c96_seed42.in,LFU 2Q ARC ARC,4,24 24 24 24,96,10000,9503,497,0.9503,9857,143,0.9857,354
configs/exp4/lfu_2q_arc_lfu.cfg,experiments/data/phases24_c96_seed42.in,LFU 2Q ARC LFU,4,24 24 24 24,96,10000,9496,504,0.9496,9857,143,0.9857,361
configs/exp4/lfu_2q_arc_lirs.cfg,experiments/data/phases24_c96_seed42.in,LFU 2Q ARC LIRS,4,24 24 24 24,96,10000,9526,474,0.9526,9857,143,0.9857,331
configs/exp4/lfu_2q_arc_lru.cfg,experiments/data/phases24_c96_seed42.in,LFU 2Q ARC LRU,4,24 24 24 24,96,10000,9501,499,0.9501,9857,143,0.9857,356
configs/exp4/lfu_2q_lfu.cfg,experiments/data/phases24_c96_seed42.in,LFU 2Q LFU,3,32 32 32,96,10000,9667,333,0.9667,9857,143,0.9857,190
configs/exp4/lfu_2q_lfu_2q.cfg,experiments/data/phases24_c96_seed42.in,LFU 2Q LFU 2Q,4,24 24 24 24,96,10000,9554,446,0.9554,9857,143,0.9857,303
configs/exp4/lfu_2q_lfu_arc.cfg,experiments/data/phases24_c96_seed42.in,LFU 2Q LFU ARC,4,24 24 24 24,96,10000,9567,433,0.9567,9857,143,0.9857,290
configs/exp4/lfu_2q_lfu_lfu.cfg,experiments/data/phases24_c96_seed42.in,LFU 2Q LFU LFU,4,24 24 24 24,96,10000,9296,704,0.9296,9857,143,0.9857,561
configs/exp4/lfu_2q_lfu_lirs.cfg,experiments/data/phases24_c96_seed42.in,LFU 2Q LFU LIRS,4,24 24 24 24,96,10000,9585,415,0.9585,9857,143,0.9857,272
configs/exp4/lfu_2q_lfu_lru.cfg,experiments/data/phases24_c96_seed42.in,LFU 2Q LFU LRU,4,24 24 24 24,96,10000,9540,460,0.954,9857,143,0.9857,317
configs/exp4/lfu_2q_lirs.cfg,experiments/data/phases24_c96_seed42.in,LFU 2Q LIRS,3,32 32 32,96,10000,9669,331,0.9669,9857,143,0.9857,188
configs/exp4/lfu_2q_lirs_2q.cfg,experiments/data/phases24_c96_seed42.in,LFU 2Q LIRS 2Q,4,24 24 24 24,96,10000,9557,443,0.9557,9857,143,0.9857,300
configs/exp4/lfu_2q_lirs_arc.cfg,experiments/data/phases24_c96_seed42.in,LFU 2Q LIRS ARC,4,24 24 24 24,96,10000,9582,418,0.9582,9857,143,0.9857,275
configs/exp4/lfu_2q_lirs_lfu.cfg,experiments/data/phases24_c96_seed42.in,LFU 2Q LIRS LFU,4,24 24 24 24,96,10000,9555,445,0.9555,9857,143,0.9857,302
configs/exp4/lfu_2q_lirs_lirs.cfg,experiments/data/phases24_c96_seed42.in,LFU 2Q LIRS LIRS,4,24 24 24 24,96,10000,9538,462,0.9538,9857,143,0.9857,319
configs/exp4/lfu_2q_lirs_lru.cfg,experiments/data/phases24_c96_seed42.in,LFU 2Q LIRS LRU,4,24 24 24 24,96,10000,9584,416,0.9584,9857,143,0.9857,273
configs/exp4/lfu_2q_lru.cfg,experiments/data/phases24_c96_seed42.in,LFU 2Q LRU,3,32 32 32,96,10000,9677,323,0.9677,9857,143,0.9857,180
configs/exp4/lfu_2q_lru_2q.cfg,experiments/data/phases24_c96_seed42.in,LFU 2Q LRU 2Q,4,24 24 24 24,96,10000,9450,550,0.945,9857,143,0.9857,407
configs/exp4/lfu_2q_lru_arc.cfg,experiments/data/phases24_c96_seed42.in,LFU 2Q LRU ARC,4,24 24 24 24,96,10000,9434,566,0.9434,9857,143,0.9857,423
configs/exp4/lfu_2q_lru_lfu.cfg,experiments/data/phases24_c96_seed42.in,LFU 2Q LRU LFU,4,24 24 24 24,96,10000,9398,602,0.9398,9857,143,0.9857,459
configs/exp4/lfu_2q_lru_lirs.cfg,experiments/data/phases24_c96_seed42.in,LFU 2Q LRU LIRS,4,24 24 24 24,96,10000,9515,485,0.9515,9857,143,0.9857,342
configs/exp4/lfu_2q_lru_lru.cfg,experiments/data/phases24_c96_seed42.in,LFU 2Q LRU LRU,4,24 24 24 24,96,10000,9418,582,0.9418,9857,143,0.9857,439
configs/exp4/lfu_arc.cfg,experiments/data/phases24_c96_seed42.in,LFU ARC,2,48 48,96,10000,9754,246,0.9754,9857,143,0.9857,103
configs/exp4/lfu_arc_2q.cfg,experiments/data/phases24_c96_seed42.in,LFU ARC 2Q,3,32 32 32,96,10000,9668,332,0.9668,9857,143,0.9857,189
configs/exp4/lfu_arc_2q_2q.cfg,experiments/data/phases24_c96_seed42.in,LFU ARC 2Q 2Q,4,24 24 24 24,96,10000,9547,453,0.9547,9857,143,0.9857,310
configs/exp4/lfu_arc_2q_arc.cfg,experiments/data/phases24_c96_seed42.in,LFU ARC 2Q ARC,4,24 24 24 24,96,10000,9577,423,0.9577,9857,143,0.9857,280
configs/exp4/lfu_arc_2q_lfu.cfg,experiments/data/phases24_c96_seed42.in,LFU ARC 2Q LFU,4,24 24 24 24,96,10000,9568,432,0.9568,9857,143,0.9857,289
configs/exp4/lfu_arc_2q_lirs.cfg,experiments/data/phases24_c96_seed42.in,LFU ARC 2Q LIRS,4,24 24 24 24,96,10000,9556,444,0.9556,9857,143,0.9857,301
configs/exp4/lfu_arc_2q_lru.cfg,experiments/data/phases24_c96_seed42.in,LFU ARC 2Q LRU,4,24 24 24 24,96,10000,9583,417,0.9583,9857,143,0.9857,274
configs/exp4/lfu_arc_arc.cfg,experiments/data/phases24_c96_seed42.in,LFU ARC ARC,3,32 32 32,96,10000,9675,325,0.9675,9857,143,0.9857,182
configs/exp4/lfu_arc_arc_2q.cfg,experiments/data/phases24_c96_seed42.in,LFU ARC ARC 2Q,4,24 24 24 24,96,10000,9551,449,0.9551,9857,143,0.9857,306
configs/exp4/lfu_arc_arc_arc.cfg,experiments/data/phases24_c96_seed42.in,LFU ARC ARC ARC,4,24 24 24 24,96,10000,9537,463,0.9537,9857,143,0.9857,320
configs/exp4/lfu_arc_arc_lfu.cfg,experiments/data/phases24_c96_seed42.in,LFU ARC ARC LFU,4,24 24 24 24,96,10000,9538,462,0.9538,9857,143,0.9857,319
configs/exp4/lfu_arc_arc_lirs.cfg,experiments/data/phases24_c96_seed42.in,LFU ARC ARC LIRS,4,24 24 24 24,96,10000,9559,441,0.9559,9857,143,0.9857,298
configs/exp4/lfu_arc_arc_lru.cfg,experiments/data/phases24_c96_seed42.in,LFU ARC ARC LRU,4,24 24 24 24,96,10000,9530,470,0.953,9857,143,0.9857,327
configs/exp4/lfu_arc_lfu.cfg,experiments/data/phases24_c96_seed42.in,LFU ARC LFU,3,32 32 32,96,10000,9671,329,0.9671,9857,143,0.9857,186
configs/exp4/lfu_arc_lfu_2q.cfg,experiments/data/phases24_c96_seed42.in,LFU ARC LFU 2Q,4,24 24 24 24,96,10000,9595,405,0.9595,9857,143,0.9857,262
configs/exp4/lfu_arc_lfu_arc.cfg,experiments/data/phases24_c96_seed42.in,LFU ARC LFU ARC,4,24 24 24 24,96,10000,9603,397,0.9603,9857,143,0.9857,254
configs/exp4/lfu_arc_lfu_lfu.cfg,experiments/data/phases24_c96_seed42.in,LFU ARC LFU LFU,4,24 24 24 24,96,10000,9526,474,0.9526,9857,143,0.9857,331
configs/exp4/lfu_arc_lfu_lirs.cfg,experiments/data/phases24_c96_seed42.in,LFU ARC LFU LIRS,4,24 24 24 24,96,10000,9598,402,0.9598,9857,143,0.9857,259
configs/exp4/lfu_arc_lfu_lru.cfg,experiments/data/phases24_c96_seed42.in,LFU ARC LFU LRU,4,24 24 24 24,96,10000,9595,405,0.9595,9857,143,0.9857,262
configs/exp4/lfu_arc_lirs.cfg,experiments/data/phases24_c96_seed42.in,LFU ARC LIRS,3,32 32 32,96,10000,9675,325,0.9675,9857,143,0.9857,182
configs/exp4/lfu_arc_lirs_2q.cfg,experiments/data/phases24_c96_seed42.in,LFU ARC LIRS 2Q,4,24 24 24 24,96,10000,9570,430,0.957,9857,143,0.9857,287
configs/exp4/lfu_arc_lirs_arc.cfg,experiments/data/phases24_c96_seed42.in,LFU ARC LIRS ARC,4,24 24 24 24,96,10000,9597,403,0.9597,9857,143,0.9857,260
configs/exp4/lfu_arc_lirs_lfu.cfg,experiments/data/phases24_c96_seed42.in,LFU ARC LIRS LFU,4,24 24 24 24,96,10000,9588,412,0.9588,9857,143,0.9857,269
configs/exp4/lfu_arc_lirs_lirs.cfg,experiments/data/phases24_c96_seed42.in,LFU ARC LIRS LIRS,4,24 24 24 24,96,10000,9545,455,0.9545,9857,143,0.9857,312
configs/exp4/lfu_arc_lirs_lru.cfg,experiments/data/phases24_c96_seed42.in,LFU ARC LIRS LRU,4,24 24 24 24,96,10000,9599,401,0.9599,9857,143,0.9857,258
configs/exp4/lfu_arc_lru.cfg,experiments/data/phases24_c96_seed42.in,LFU ARC LRU,3,32 32 32,96,10000,9684,316,0.9684,9857,143,0.9857,173
configs/exp4/lfu_arc_lru_2q.cfg,experiments/data/phases24_c96_seed42.in,LFU ARC LRU 2Q,4,24 24 24 24,96,10000,9547,453,0.9547,9857,143,0.9857,310
configs/exp4/lfu_arc_lru_arc.cfg,experiments/data/phases24_c96_seed42.in,LFU ARC LRU ARC,4,24 24 24 24,96,10000,9524,476,0.9524,9857,143,0.9857,333
configs/exp4/lfu_arc_lru_lfu.cfg,experiments/data/phases24_c96_seed42.in,LFU ARC LRU LFU,4,24 24 24 24,96,10000,9508,492,0.9508,9857,143,0.9857,349
configs/exp4/lfu_arc_lru_lirs.cfg,experiments/data/phases24_c96_seed42.in,LFU ARC LRU LIRS,4,24 24 24 24,96,10000,9560,440,0.956,9857,143,0.9857,297
configs/exp4/lfu_arc_lru_lru.cfg,experiments/data/phases24_c96_seed42.in,LFU ARC LRU LRU,4,24 24 24 24,96,10000,9508,492,0.9508,9857,143,0.9857,349
configs/exp4/lfu_lfu_2q.cfg,experiments/data/phases24_c96_seed42.in,LFU LFU 2Q,3,32 32 32,96,10000,9728,272,0.9728,9857,143,0.9857,129
configs/exp4/lfu_lfu_2q_2q.cfg,experiments/data/phases24_c96_seed42.in,LFU LFU 2Q 2Q,4,24 24 24 24,96,10000,9565,435,0.9565,9857,143,0.9857,292
configs/exp4/lfu_lfu_2q_arc.cfg,experiments/data/phases24_c96_seed42.in,LFU LFU 2Q ARC,4,24 24 24 24,96,10000,9568,432,0.9568,9857,143,0.9857,289
configs/exp4/lfu_lfu_2q_lfu.cfg,experiments/data/phases24_c96_seed42.in,LFU LFU 2Q LFU,4,24 24 24 24,96,10000,9471,529,0.9471,9857,143,0.9857,386
configs/exp4/lfu_lfu_2q_lirs.cfg,experiments/data/phases24_c96_seed42.in,LFU LFU 2Q LIRS,4,24 24 24 24,96,10000,9591,409,0.9591,9857,143,0.9857,266
configs/exp4/lfu_lfu_2q_lru.cfg,experiments/data/phases24_c96_seed42.in,LFU LFU 2Q LRU,4,24 24 24 24,96,10000,9559,441,0.9559,9857,143,0.9857,298
configs/exp4/lfu_lfu_arc.cfg,experiments/data/phases24_c96_seed42.in,LFU LFU ARC,3,32 32 32,96,10000,9729,271,0.9729,9857,143,0.9857,128
configs/exp4/lfu_lfu_arc_2q.cfg,experiments/data/phases24_c96_seed42.in,LFU LFU ARC 2Q,4,24 24 24 24,96,10000,9616,384,0.9616,9857,143,0.9857,241
configs/exp4/lfu_lfu_arc_arc.cfg,experiments/data/phases24_c96_seed42.in,LFU LFU ARC ARC,4,24 24 24 24,96,10000,9623,377,0.9623,9857,143,0.9857,234
configs/exp4/lfu_lfu_arc_lfu.cfg,experiments/data/phases24_c96_seed42.in,LFU LFU ARC LFU,4,24 24 24 24,96,10000,9623,377,0.9623,9857,143,0.9857,234
configs/exp4/lfu_lfu_arc_lirs.cfg,experiments/data/phases24_c96_seed42.in,LFU LFU ARC LIRS,4,24 24 24 24,96,10000,9633,367,0.9633,9857,143,0.9857,224
configs/exp4/lfu_lfu_arc_lru.cfg,experiments/data/phases24_c96_seed42.in,LFU LFU ARC LRU,4,24 24 24 24,96,10000,9635,365,0.9635,9857,143,0.9857,222
configs/exp4/lfu_lfu_lfu_2q.cfg,experiments/data/phases24_c96_seed42.in,LFU LFU LFU 2Q,4,24 24 24 24,96,10000,9477,523,0.9477,9857,143,0.9857,380
configs/exp4/lfu_lfu_lfu_arc.cfg,experiments/data/phases24_c96_seed42.in,LFU LFU LFU ARC,4,24 24 24 24,96,10000,9637,363,0.9637,9857,143,0.9857,220
configs/exp4/lfu_lfu_lfu_lirs.cfg,experiments/data/phases24_c96_seed42.in,LFU LFU LFU LIRS,4,24 24 24 24,96,10000,9632,368,0.9632,9857,143,0.9857,225
configs/exp4/lfu_lfu_lfu_lru.cfg,experiments/data/phases24_c96_seed42.in,LFU LFU LFU LRU,4,24 24 24 24,96,10000,9612,388,0.9612,9857,143,0.9857,245
configs/exp4/lfu_lfu_lirs.cfg,experiments/data/phases24_c96_seed42.in,LFU LFU LIRS,3,32 32 32,96,10000,9694,306,0.9694,9857,143,0.9857,163
configs/exp4/lfu_lfu_lirs_2q.cfg,experiments/data/phases24_c96_seed42.in,LFU LFU LIRS 2Q,4,24 24 24 24,96,10000,9637,363,0.9637,9857,143,0.9857,220
configs/exp4/lfu_lfu_lirs_arc.cfg,experiments/data/phases24_c96_seed42.in,LFU LFU LIRS ARC,4,24 24 24 24,96,10000,9644,356,0.9644,9857,143,0.9857,213
configs/exp4/lfu_lfu_lirs_lfu.cfg,experiments/data/phases24_c96_seed42.in,LFU LFU LIRS LFU,4,24 24 24 24,96,10000,9584,416,0.9584,9857,143,0.9857,273
configs/exp4/lfu_lfu_lirs_lirs.cfg,experiments/data/phases24_c96_seed42.in,LFU LFU LIRS LIRS,4,24 24 24 24,96,10000,9601,399,0.9601,9857,143,0.9857,256
configs/exp4/lfu_lfu_lirs_lru.cfg,experiments/data/phases24_c96_seed42.in,LFU LFU LIRS LRU,4,24 24 24 24,96,10000,9658,342,0.9658,9857,143,0.9857,199
configs/exp4/lfu_lfu_lru.cfg,experiments/data/phases24_c96_seed42.in,LFU LFU LRU,3,32 32 32,96,10000,9729,271,0.9729,9857,143,0.9857,128
configs/exp4/lfu_lfu_lru_2q.cfg,experiments/data/phases24_c96_seed42.in,LFU LFU LRU 2Q,4,24 24 24 24,96,10000,9586,414,0.9586,9857,143,0.9857,271
configs/exp4/lfu_lfu_lru_arc.cfg,experiments/data/phases24_c96_seed42.in,LFU LFU LRU ARC,4,24 24 24 24,96,10000,9592,408,0.9592,9857,143,0.9857,265
configs/exp4/lfu_lfu_lru_lfu.cfg,experiments/data/phases24_c96_seed42.in,LFU LFU LRU LFU,4,24 24 24 24,96,10000,9551,449,0.9551,9857,143,0.9857,306
configs/exp4/lfu_lfu_lru_lirs.cfg,experiments/data/phases24_c96_seed42.in,LFU LFU LRU LIRS,4,24 24 24 24,96,10000,9615,385,0.9615,9857,143,0.9857,242
configs/exp4/lfu_lfu_lru_lru.cfg,experiments/data/phases24_c96_seed42.in,LFU LFU LRU LRU,4,24 24 24 24,96,10000,9579,421,0.9579,9857,143,0.9857,278
configs/exp4/lfu_lirs.cfg,experiments/data/phases24_c96_seed42.in,LFU LIRS,2,48 48,96,10000,9711,289,0.9711,9857,143,0.9857,146
configs/exp4/lfu_lirs_2q.cfg,experiments/data/phases24_c96_seed42.in,LFU LIRS 2Q,3,32 32 32,96,10000,9681,319,0.9681,9857,143,0.9857,176
configs/exp4/lfu_lirs_2q_2q.cfg,experiments/data/phases24_c96_seed42.in,LFU LIRS 2Q 2Q,4,24 24 24 24,96,10000,9569,431,0.9569,9857,143,0.9857,288
configs/exp4/lfu_lirs_2q_arc.cfg,experiments/data/phases24_c96_seed42.in,LFU LIRS 2Q ARC,4,24 24 24 24,96,10000,9574,426,0.9574,9857,143,0.9857,283
configs/exp4/lfu_lirs_2q_lfu.cfg,experiments/data/phases24_c96_seed42.in,LFU LIRS 2Q LFU,4,24 24 24 24,96,10000,9580,420,0.958,9857,143,0.9857,277
configs/exp4/lfu_lirs_2q_lirs.cfg,experiments/data/phases24_c96_seed42.in,LFU LIRS 2Q LIRS,4,24 24 24 24,96,10000,9570,430,0.957,9857,143,0.9857,287
configs/exp4/lfu_lirs_2q_lru.cfg,experiments/data/phases24_c96_seed42.in,LFU LIRS 2Q LRU,4,24 24 24 24,96,10000,9586,414,0.9586,9857,143,0.9857,271
configs/exp4/lfu_lirs_arc.cfg,experiments/data/phases24_c96_seed42.in,LFU LIRS ARC,3,32 32 32,96,10000,9730,270,0.973,9857,143,0.9857,127
configs/exp4/lfu_lirs_arc_2q.cfg,experiments/data/phases24_c96_seed42.in,LFU LIRS ARC 2Q,4,24 24 24 24,96,10000,9583,417,0.9583,9857,143,0.9857,274
configs/exp4/lfu_lirs_arc_arc.cfg,experiments/data/phases24_c96_seed42.in,LFU LIRS ARC ARC,4,24 24 24 24,96,10000,9553,447,0.9553,9857,143,0.9857,304
configs/exp4/lfu_lirs_arc_lfu.cfg,experiments/data/phases24_c96_seed42.in,LFU LIRS ARC LFU,4,24 24 24 24,96,10000,9584,416,0.9584,9857,143,0.9857,273
configs/exp4/lfu_lirs_arc_lirs.cfg,experiments/data/phases24_c96_seed42.in,LFU LIRS ARC LIRS,4,24 24 24 24,96,10000,9574,426,0.9574,9857,143,0.9857,283
configs/exp4/lfu_lirs_arc_lru.cfg,experiments/data/phases24_c96_seed42.in,LFU LIRS ARC LRU,4,24 24 24 24,96,10000,9556,444,0.9556,9857,143,0.9857,301
configs/exp4/lfu_lirs_lfu.cfg,experiments/data/phases24_c96_seed42.in,LFU LIRS LFU,3,32 32 32,96,10000,9682,318,0.9682,9857,143,0.9857,175
configs/exp4/lfu_lirs_lfu_2q.cfg,experiments/data/phases24_c96_seed42.in,LFU LIRS LFU 2Q,4,24 24 24 24,96,10000,9618,382,0.9618,9857,143,0.9857,239
configs/exp4/lfu_lirs_lfu_arc.cfg,experiments/data/phases24_c96_seed42.in,LFU LIRS LFU ARC,4,24 24 24 24,96,10000,9610,390,0.961,9857,143,0.9857,247
configs/exp4/lfu_lirs_lfu_lfu.cfg,experiments/data/phases24_c96_seed42.in,LFU LIRS LFU LFU,4,24 24 24 24,96,10000,9551,449,0.9551,9857,143,0.9857,306
configs/exp4/lfu_lirs_lfu_lirs.cfg,experiments/data/phases24_c96_seed42.in,LFU LIRS LFU LIRS,4,24 24 24 24,96,10000,9603,397,0.9603,9857,143,0.9857,254
configs/exp4/lfu_lirs_lfu_lru.cfg,experiments/data/phases24_c96_seed42.in,LFU LIRS LFU LRU,4,24 24 24 24,96,10000,9615,385,0.9615,9857,143,0.9857,242
configs/exp4/lfu_lirs_lirs.cfg,experiments/data/phases24_c96_seed42.in,LFU LIRS LIRS,3,32 32 32,96,10000,9628,372,0.9628,9857,143,0.9857,229
configs/exp4/lfu_lirs_lirs_2q.cfg,experiments/data/phases24_c96_seed42.in,LFU LIRS LIRS 2Q,4,24 24 24 24,96,10000,9567,433,0.9567,9857,143,0.9857,290
configs/exp4/lfu_lirs_lirs_arc.cfg,experiments/data/phases24_c96_seed42.in,LFU LIRS LIRS ARC,4,24 24 24 24,96,10000,9595,405,0.9595,9857,143,0.9857,262
configs/exp4/lfu_lirs_lirs_lfu.cfg,experiments/data/phases24_c96_seed42.in,LFU LIRS LIRS LFU,4,24 24 24 24,96,10000,9556,444,0.9556,9857,143,0.9857,301
configs/exp4/lfu_lirs_lirs_lirs.cfg,experiments/data/phases24_c96_seed42.in,LFU LIRS LIRS LIRS,4,24 24 24 24,96,10000,9518,482,0.9518,9857,143,0.9857,339
configs/exp4/lfu_lirs_lirs_lru.cfg,experiments/data/phases24_c96_seed42.in,LFU LIRS LIRS LRU,4,24 24 24 24,96,10000,9600,400,0.96,9857,143,0.9857,257
configs/exp4/lfu_lirs_lru.cfg,experiments/data/phases24_c96_seed42.in,LFU LIRS LRU,3,32 32 32,96,10000,9710,290,0.971,9857,143,0.9857,147
configs/exp4/lfu_lirs_lru_2q.cfg,experiments/data/phases24_c96_seed42.in,LFU LIRS LRU 2Q,4,24 24 24 24,96,10000,9576,424,0.9576,9857,143,0.9857,281
configs/exp4/lfu_lirs_lru_arc.cfg,experiments/data/phases24_c96_seed42.in,LFU LIRS LRU ARC,4,24 24 24 24,96,10000,9549,451,0.9549,9857,143,0.9857,308
configs/exp4/lfu_lirs_lru_lfu.cfg,experiments/data/phases24_c96_seed42.in,LFU LIRS LRU LFU,4,24 24 24 24,96,10000,9541,459,0.9541,9857,143,0.9857,316
configs/exp4/lfu_lirs_lru_lirs.cfg,experiments/data/phases24_c96_seed42.in,LFU LIRS LRU LIRS,4,24 24 24 24,96,10000,9581,419,0.9581,9857,143,0.9857,276
configs/exp4/lfu_lirs_lru_lru.cfg,experiments/data/phases24_c96_seed42.in,LFU LIRS LRU LRU,4,24 24 24 24,96,10000,9532,468,0.9532,9857,143,0.9857,325
configs/exp4/lfu_lru.cfg,experiments/data/phases24_c96_seed42.in,LFU LRU,2,48 48,96,10000,9752,248,0.9752,9857,143,0.9857,105
configs/exp4/lfu_lru_2q.cfg,experiments/data/phases24_c96_seed42.in,LFU LRU 2Q,3,32 32 32,96,10000,9690,310,0.969,9857,143,0.9857,167
configs/exp4/lfu_lru_2q_2q.cfg,experiments/data/phases24_c96_seed42.in,LFU LRU 2Q 2Q,4,24 24 24 24,96,10000,9512,488,0.9512,9857,143,0.9857,345
configs/exp4/lfu_lru_2q_arc.cfg,experiments/data/phases24_c96_seed42.in,LFU LRU 2Q ARC,4,24 24 24 24,96,10000,9535,465,0.9535,9857,143,0.9857,322
configs/exp4/lfu_lru_2q_lfu.cfg,experiments/data/phases24_c96_seed42.in,LFU LRU 2Q LFU,4,24 24 24 24,96,10000,9501,499,0.9501,9857,143,0.9857,356
configs/exp4/lfu_lru_2q_lirs.cfg,experiments/data/phases24_c96_seed42.in,LFU LRU 2Q LIRS,4,24 24 24 24,96,10000,9529,471,0.9529,9857,143,0.9857,328
configs/exp4/lfu_lru_2q_lru.cfg,experiments/data/phases24_c96_seed42.in,LFU LRU 2Q LRU,4,24 24 24 24,96,10000,9538,462,0.9538,9857,143,0.9857,319
configs/exp4/lfu_lru_arc.cfg,experiments/data/phases24_c96_seed42.in,LFU LRU ARC,3,32 32 32,96,10000,9695,305,0.9695,9857,143,0.9857,162
configs/exp4/lfu_lru_arc_2q.cfg,experiments/data/phases24_c96_seed42.in,LFU LRU ARC 2Q,4,24 24 24 24,96,10000,9515,485,0.9515,9857,143,0.9857,342
configs/exp4/lfu_lru_arc_arc.cfg,experiments/data/phases24_c96_seed42.in,LFU LRU ARC ARC,4,24 24 24 24,96,10000,9498,502,0.9498,9857,143,0.9857,359
configs/exp4/lfu_lru_arc_lfu.cfg,experiments/data/phases24_c96_seed42.in,LFU LRU ARC LFU,4,24 24 24 24,96,10000,9509,491,0.9509,9857,143,0.9857,348
configs/exp4/lfu_lru_arc_lirs.cfg,experiments/data/phases24_c96_seed42.in,LFU LRU ARC LIRS,4,24 24 24 24,96,10000,9545,455,0.9545,9857,143,0.9857,312
configs/exp4/lfu_lru_arc_lru.cfg,experiments/data/phases24_c96_seed42.in,LFU LRU ARC LRU,4,24 24 24 24,96,10000,9505,495,0.9505,9857,143,0.9857,352
configs/exp4/lfu_lru_lfu.cfg,experiments/data/phases24_c96_seed42.in,LFU LRU LFU,3,32 32 32,96,10000,9692,308,0.9692,9857,143,0.9857,165
configs/exp4/lfu_lru_lfu_2q.cfg,experiments/data/phases24_c96_seed42.in,LFU LRU LFU 2Q,4,24 24 24 24,96,10000,9528,472,0.9528,9857,143,0.9857,329
configs/exp4/lfu_lru_lfu_arc.cfg,experiments/data/phases24_c96_seed42.in,LFU LRU LFU ARC,4,24 24 24 24,96,10000,9542,458,0.9542,9857,143,0.9857,315
configs/exp4/lfu_lru_lfu_lfu.cfg,experiments/data/phases24_c96_seed42.in,LFU LRU LFU LFU,4,24 24 24 24,96,10000,9344,656,0.9344,9857,143,0.9857,513
configs/exp4/lfu_lru_lfu_lirs.cfg,experiments/data/phases24_c96_seed42.in,LFU LRU LFU LIRS,4,24 24 24 24,96,10000,9558,442,0.9558,9857,143,0.9857,299
configs/exp4/lfu_lru_lfu_lru.cfg,experiments/data/phases24_c96_seed42.in,LFU LRU LFU LRU,4,24 24 24 24,96,10000,9527,473,0.9527,9857,143,0.9857,330
configs/exp4/lfu_lru_lirs.cfg,experiments/data/phases24_c96_seed42.in,LFU LRU LIRS,3,32 32 32,96,10000,9694,306,0.9694,9857,143,0.9857,163
configs/exp4/lfu_lru_lirs_2q.cfg,experiments/data/phases24_c96_seed42.in,LFU LRU LIRS 2Q,4,24 24 24 24,96,10000,9546,454,0.9546,9857,143,0.9857,311
configs/exp4/lfu_lru_lirs_arc.cfg,experiments/data/phases24_c96_seed42.in,LFU LRU LIRS ARC,4,24 24 24 24,96,10000,9567,433,0.9567,9857,143,0.9857,290
configs/exp4/lfu_lru_lirs_lfu.cfg,experiments/data/phases24_c96_seed42.in,LFU LRU LIRS LFU,4,24 24 24 24,96,10000,9557,443,0.9557,9857,143,0.9857,300
configs/exp4/lfu_lru_lirs_lirs.cfg,experiments/data/phases24_c96_seed42.in,LFU LRU LIRS LIRS,4,24 24 24 24,96,10000,9536,464,0.9536,9857,143,0.9857,321
configs/exp4/lfu_lru_lirs_lru.cfg,experiments/data/phases24_c96_seed42.in,LFU LRU LIRS LRU,4,24 24 24 24,96,10000,9580,420,0.958,9857,143,0.9857,277
configs/exp4/lfu_lru_lru.cfg,experiments/data/phases24_c96_seed42.in,LFU LRU LRU,3,32 32 32,96,10000,9703,297,0.9703,9857,143,0.9857,154
configs/exp4/lfu_lru_lru_2q.cfg,experiments/data/phases24_c96_seed42.in,LFU LRU LRU 2Q,4,24 24 24 24,96,10000,9466,534,0.9466,9857,143,0.9857,391
configs/exp4/lfu_lru_lru_arc.cfg,experiments/data/phases24_c96_seed42.in,LFU LRU LRU ARC,4,24 24 24 24,96,10000,9473,527,0.9473,9857,143,0.9857,384
configs/exp4/lfu_lru_lru_lfu.cfg,experiments/data/phases24_c96_seed42.in,LFU LRU LRU LFU,4,24 24 24 24,96,10000,9435,565,0.9435,9857,143,0.9857,422
configs/exp4/lfu_lru_lru_lirs.cfg,experiments/data/phases24_c96_seed42.in,LFU LRU LRU LIRS,4,24 24 24 24,96,10000,9524,476,0.9524,9857,143,0.9857,333
configs/exp4/lfu_lru_lru_lru.cfg,experiments/data/phases24_c96_seed42.in,LFU LRU LRU LRU,4,24 24 24 24,96,10000,9439,561,0.9439,9857,143,0.9857,418
configs/exp4/lirs_2q.cfg,experiments/data/phases24_c96_seed42.in,LIRS 2Q,2,48 48,96,10000,9688,312,0.9688,9857,143,0.9857,169
configs/exp4/lirs_2q_2q.cfg,experiments/data/phases24_c96_seed42.in,LIRS 2Q 2Q,3,32 32 32,96,10000,9629,371,0.9629,9857,143,0.9857,228
configs/exp4/lirs_2q_2q_2q.cfg,experiments/data/phases24_c96_seed42.in,LIRS 2Q 2Q 2Q,4,24 24 24 24,96,10000,9464,536,0.9464,9857,143,0.9857,393
configs/exp4/lirs_2q_2q_arc.cfg,experiments/data/phases24_c96_seed42.in,LIRS 2Q 2Q ARC,4,24 24 24 24,96,10000,9529,471,0.9529,9857,143,0.9857,328
configs/exp4/lirs_2q_2q_lfu.cfg,experiments/data/phases24_c96_seed42.in,LIRS 2Q 2Q LFU,4,24 24 24 24,96,10000,9510,490,0.951,9857,143,0.9857,347
configs/exp4/lirs_2q_2q_lirs.cfg,experiments/data/phases24_c96_seed42.in,LIRS 2Q 2Q LIRS,4,24 24 24 24,96,10000,9510,490,0.951,9857,143,0.9857,347
configs/exp4/lirs_2q_2q_lru.cfg,experiments/data/phases24_c96_seed42.in,LIRS 2Q 2Q LRU,4,24 24 24 24,96,10000,9534,466,0.9534,9857,143,0.9857,323
configs/exp4/lirs_2q_arc.cfg,experiments/data/phases24_c96_seed42.in,LIRS 2Q ARC,3,32 32 32,96,10000,9647,353,0.9647,9857,143,0.9857,210
configs/exp4/lirs_2q_arc_2q.cfg,experiments/data/phases24_c96_seed42.in,LIRS 2Q ARC 2Q,4,24 24 24 24,96,10000,9509,491,0.9509,9857,143,0.9857,348
configs/exp4/lirs_2q_arc_arc.cfg,experiments/data/phases24_c96_seed42.in,LIRS 2Q ARC ARC,4,24 24 24 24,96,10000,9502,498,0.9502,9857,143,0.9857,355
configs/exp4/lirs_2q_arc_lfu.cfg,experiments/data/phases24_c96_seed42.in,LIRS 2Q ARC LFU,4,24 24 24 24,96,10000,9506,494,0.9506,9857,143,0.9857,351
configs/exp4/lirs_2q_arc_lirs.cfg,experiments/data/phases24_c96_seed42.in,LIRS 2Q ARC LIRS,4,24 24 24 24,96,10000,9533,467,0.9533,9857,143,0.9857,324
configs/exp4/lirs_2q_arc_lru.cfg,experiments/data/phases24_c96_seed42.in,LIRS 2Q ARC LRU,4,24 24 24 24,96,10000,9498,502,0.9498,9857,143,0.9857,359
configs/exp4/lirs_2q_lfu.cfg,experiments/data/phases24_c96_seed42.in,LIRS 2Q LFU,3,32 32 32,96,10000,9658,342,0.9658,9857,143,0.9857,199
configs/exp4/lirs_2q_lfu_2q.cfg,experiments/data/phases24_c96_seed42.in,LIRS 2Q LFU 2Q,4,24 24 24 24,96,10000,9510,490,0.951,9857,143,0.9857,347
configs/exp4/lirs_2q_lfu_arc.cfg,experiments/data/phases24_c96_seed42.in,LIRS 2Q LFU ARC,4,24 24 24 24,96,10000,9536,464,0.9536,9857,143,0.9857,321
configs/exp4/lirs_2q_lfu_lfu.cfg,experiments/data/phases24_c96_seed42.in,LIRS 2Q LFU LFU,4,24 24 24 24,96,10000,9526,474,0.9526,9857,143,0.9857,331
configs/exp4/lirs_2q_lfu_lirs.cfg,experiments/data/phases24_c96_seed42.in,LIRS 2Q LFU LIRS,4,24 24 24 24,96,10000,9550,450,0.955,9857,143,0.9857,307
configs/exp4/lirs_2q_lfu_lru.cfg,experiments/data/phases24_c96_seed42.in,LIRS 2Q LFU LRU,4,24 24 24 24,96,10000,9541,459,0.9541,9857,143,0.9857,316
configs/exp4/lirs_2q_lirs.cfg,experiments/data/phases24_c96_seed42.in,LIRS 2Q LIRS,3,32 32 32,96,10000,9633,367,0.9633,9857,143,0.9857,224
configs/exp4/lirs_2q_lirs_2q.cfg,experiments/data/phases24_c96_seed42.in,LIRS 2Q LIRS 2Q,4,24 24 24 24,96,10000,9517,483,0.9517,9857,143,0.9857,340
configs/exp4/lirs_2q_lirs_arc.cfg,experiments/data/phases24_c96_seed42.in,LIRS 2Q LIRS ARC,4,24 24 24 24,96,10000,9542,458,0.9542,9857,143,0.9857,315
configs/exp4/lirs_2q_lirs_lfu.cfg,experiments/data/phases24_c96_seed42.in,LIRS 2Q LIRS LFU,4,24 24 24 24,96,10000,9541,459,0.9541,9857,143,0.9857,316
configs/exp4/lirs_2q_lirs_lirs.cfg,experiments/data/phases24_c96_seed42.in,LIRS 2Q LIRS LIRS,4,24 24 24 24,96,10000,9495,505,0.9495,9857,143,0.9857,362
configs/exp4/lirs_2q_lirs_lru.cfg,experiments/data/phases24_c96_seed42.in,LIRS 2Q LIRS LRU,4,24 24 24 24,96,10000,9551,449,0.9551,9857,143,0.9857,306
configs/exp4/lirs_2q_lru.cfg,experiments/data/phases24_c96_seed42.in,LIRS 2Q LRU,3,32 32 32,96,10000,9656,344,0.9656,9857,143,0.9857,201
configs/exp4/lirs_2q_lru_2q.cfg,experiments/data/phases24_c96_seed42.in,LIRS 2Q LRU 2Q,4,24 24 24 24,96,10000,9529,471,0.9529,9857,143,0.9857,328
configs/exp4/lirs_2q_lru_arc.cfg,experiments/data/phases24_c96_seed42.in,LIRS 2Q LRU ARC,4,24 24 24 24,96,10000,9504,496,0.9504,9857,143,0.9857,353
configs/exp4/lirs_2q_lru_lfu.cfg,experiments/data/phases24_c96_seed42.in,LIRS 2Q LRU LFU,4,24 24 24 24,96,10000,9489,511,0.9489,9857,143,0.9857,368
configs/exp4/lirs_2q_lru_lirs.cfg,experiments/data/phases24_c96_seed42.in,LIRS 2Q LRU LIRS,4,24 24 24 24,96,10000,9547,453,0.9547,9857,143,0.9857,310
configs/exp4/lirs_2q_lru_lru.cfg,experiments/data/phases24_c96_seed42.in,LIRS 2Q LRU LRU,4,24 24 24 24,96,10000,9492,508,0.9492,9857,143,0.9857,365
configs/exp4/lirs_arc.cfg,experiments/data/phases24_c96_seed42.in,LIRS ARC,2,48 48,96,10000,9714,286,0.9714,9857,143,0.9857,143
configs/exp4/lirs_arc_2q.cfg,experiments/data/phases24_c96_seed42.in,LIRS ARC 2Q,3,32 32 32,96,10000,9676,324,0.9676,9857,143,0.9857,181
configs/exp4/lirs_arc_2q_2q.cfg,experiments/data/phases24_c96_seed42.in,LIRS ARC 2Q 2Q,4,24 24 24 24,96,10000,9479,521,0.9479,9857,143,0.9857,378
configs/exp4/lirs_arc_2q_arc.cfg,experiments/data/phases24_c96_seed42.in,LIRS ARC 2Q ARC,4,24 24 24 24,96,10000,9504,496,0.9504,9857,143,0.9857,353
configs/exp4/lirs_arc_2q_lfu.cfg,experiments/data/phases24_c96_seed42.in,LIRS ARC 2Q LFU,4,24 24 24 24,96,10000,9497,503,0.9497,9857,143,0.9857,360
configs/exp4/lirs_arc_2q_lirs.cfg,experiments/data/phases24_c96_seed42.in,LIRS ARC 2Q LIRS,4,24 24 24 24,96,10000,9526,474,0.9526,9857,143,0.9857,331
configs/exp4/lirs_arc_2q_lru.cfg,experiments/data/phases24_c96_seed42.in,LIRS ARC 2Q LRU,4,24 24 24 24,96,10000,9514,486,0.9514,9857,143,0.9857,343
configs/exp4/lirs_arc_arc.cfg,experiments/data/phases24_c96_seed42.in,LIRS ARC ARC,3,32 32 32,96,10000,9667,333,0.9667,9857,143,0.9857,190
configs/exp4/lirs_arc_arc_2q.cfg,experiments/data/phases24_c96_seed42.in,LIRS ARC ARC 2Q,4,24 24 24 24,96,10000,9484,516,0.9484,9857,143,0.9857,373
configs/exp4/lirs_arc_arc_arc.cfg,experiments/data/phases24_c96_seed42.in,LIRS ARC ARC ARC,4,24 24 24 24,96,10000,9466,534,0.9466,9857,143,0.9857,391
configs/exp4/lirs_arc_arc_lfu.cfg,experiments/data/phases24_c96_seed42.in,LIRS ARC ARC LFU,4,24 24 24 24,96,10000,9472,528,0.9472,9857,143,0.9857,385
configs/exp4/lirs_arc_arc_lirs.cfg,experiments/data/phases24_c96_seed42.in,LIRS ARC ARC LIRS,4,24 24 24 24,96,10000,9518,482,0.9518,9857,143,0.9857,339
configs/exp4/lirs_arc_arc_lru.cfg,experiments/data/phases24_c96_seed42.in,LIRS ARC ARC LRU,4,24 24 24 24,96,10000,9471,529,0.9471,9857,143,0.9857,386
configs/exp4/lirs_arc_lfu.cfg,experiments/data/phases24_c96_seed42.in,LIRS ARC LFU,3,32 32 32,96,10000,9662,338,0.9662,9857,143,0.9857,195
configs/exp4/lirs_arc_lfu_2q.cfg,experiments/data/phases24_c96_seed42.in,LIRS ARC LFU 2Q,4,24 24 24 24,96,10000,9527,473,0.9527,9857,143,0.9857,330
configs/exp4/lirs_arc_lfu_arc.cfg,experiments/data/phases24_c96_seed42.in,LIRS ARC LFU ARC,4,24 24 24 24,96,10000,9515,485,0.9515,9857,143,0.9857,342
configs/exp4/lirs_arc_lfu_lfu.cfg,experiments/data/phases24_c96_seed42.in,LIRS ARC LFU LFU,4,24 24 24 24,96,10000,9515,485,0.9515,9857,143,0.9857,342
configs/exp4/lirs_arc_lfu_lirs.cfg,experiments/data/phases24_c96_seed42.in,LIRS ARC LFU LIRS,4,24 24 24 24,96,10000,9562,438,0.9562,9857,143,0.9857,295
configs/exp4/lirs_arc_lfu_lru.cfg,experiments/data/phases24_c96_seed42.in,LIRS ARC LFU LRU,4,24 24 24 24,96,10000,9512,488,0.9512,9857,143,0.9857,345
configs/exp4/lirs_arc_lirs.cfg,experiments/data/phases24_c96_seed42.in,LIRS ARC LIRS,3,32 32 32,96,10000,9689,311,0.9689,9857,143,0.9857,168
configs/exp4/lirs_arc_lirs_2q.cfg,experiments/data/phases24_c96_seed42.in,LIRS ARC LIRS 2Q,4,24 24 24 24,96,10000,9527,473,0.9527,9857,143,0.9857,330
configs/exp4/lirs_arc_lirs_arc.cfg,experiments/data/phases24_c96_seed42.in,LIRS ARC LIRS ARC,4,24 24 24 24,96,10000,9512,488,0.9512,9857,143,0.9857,345
configs/exp4/lirs_arc_lirs_lfu.cfg,experiments/data/phases24_c96_seed42.in,LIRS ARC LIRS LFU,4,24 24 24 24,96,10000,9540,460,0.954,9857,143,0.9857,317
configs/exp4/lirs_arc_lirs_lirs.cfg,experiments/data/phases24_c96_seed42.in,LIRS ARC LIRS LIRS,4,24 24 24 24,96,10000,9493,507,0.9493,9857,143,0.9857,364
configs/exp4/lirs_arc_lirs_lru.cfg,experiments/data/phases24_c96_seed42.in,LIRS ARC LIRS LRU,4,24 24 24 24,96,10000,9526,474,0.9526,9857,143,0.9857,331
configs/exp4/lirs_arc_lru.cfg,experiments/data/phases24_c96_seed42.in,LIRS ARC LRU,3,32 32 32,96,10000,9656,344,0.9656,9857,143,0.9857,201
configs/exp4/lirs_arc_lru_2q.cfg,experiments/data/phases24_c96_seed42.in,LIRS ARC LRU 2Q,4,24 24 24 24,96,10000,9484,516,0.9484,9857,143,0.9857,373
configs/exp4/lirs_arc_lru_arc.cfg,experiments/data/phases24_c96_seed42.in,LIRS ARC LRU ARC,4,24 24 24 24,96,10000,9449,551,0.9449,9857,143,0.9857,408
configs/exp4/lirs_arc_lru_lfu.cfg,experiments/data/phases24_c96_seed42.in,LIRS ARC LRU LFU,4,24 24 24 24,96,10000,9445,555,0.9445,9857,143,0.9857,412
configs/exp4/lirs_arc_lru_lirs.cfg,experiments/data/phases24_c96_seed42.in,LIRS ARC LRU LIRS,4,24 24 24 24,96,10000,9524,476,0.9524,9857,143,0.9857,333
configs/exp4/lirs_arc_lru_lru.cfg,experiments/data/phases24_c96_seed42.in,LIRS ARC LRU LRU,4,24 24 24 24,96,10000,9445,555,0.9445,9857,143,0.9857,412
configs/exp4/lirs_lfu.cfg,experiments/data/phases24_c96_seed42.in,LIRS LFU,2,48 48,96,10000,9704,296,0.9704,9857,143,0.9857,153
configs/exp4/lirs_lfu_2q.cfg,experiments/data/phases24_c96_seed42.in,LIRS LFU 2Q,3,32 32 32,96,10000,9679,321,0.9679,9857,143,0.9857,178
configs/exp4/lirs_lfu_2q_2q.cfg,experiments/data/phases24_c96_seed42.in,LIRS LFU 2Q 2Q,4,24 24 24 24,96,10000,9535,465,0.9535,9857,143,0.9857,322
configs/exp4/lirs_lfu_2q_arc.cfg,experiments/data/phases24_c96_seed42.in,LIRS LFU 2Q ARC,4,24 24 24 24,96,10000,9559,441,0.9559,9857,143,0.9857,298
configs/exp4/lirs_lfu_2q_lfu.cfg,experiments/data/phases24_c96_seed42.in,LIRS LFU 2Q LFU,4,24 24 24 24,96,10000,9556,444,0.9556,9857,143,0.9857,301
configs/exp4/lirs_lfu_2q_lirs.cfg,experiments/data/phases24_c96_seed42.in,LIRS LFU 2Q LIRS,4,24 24 24 24,96,10000,9568,432,0.9568,9857,143,0.9857,289
configs/exp4/lirs_lfu_2q_lru.cfg,experiments/data/phases24_c96_seed42.in,LIRS LFU 2Q LRU,4,24 24 24 24,96,10000,9569,431,0.9569,9857,143,0.9857,288
configs/exp4/lirs_lfu_arc.cfg,experiments/data/phases24_c96_seed42.in,LIRS LFU ARC,3,32 32 32,96,10000,9701,299,0.9701,9857,143,0.9857,156
configs/exp4/lirs_lfu_arc_2q.cfg,experiments/data/phases24_c96_seed42.in,LIRS LFU ARC 2Q,4,24 24 24 24,96,10000,9554,446,0.9554,9857,143,0.9857,303
configs/exp4/lirs_lfu_arc_arc.cfg,experiments/data/phases24_c96_seed42.in,LIRS LFU ARC ARC,4,24 24 24 24,96,10000,9542,458,0.9542,9857,143,0.9857,315
configs/exp4/lirs_lfu_arc_lfu.cfg,experiments/data/phases24_c96_seed42.in,LIRS LFU ARC LFU,4,24 24 24 24,96,10000,9565,435,0.9565,9857,143,0.9857,292
configs/exp4/lirs_lfu_arc_lirs.cfg,experiments/data/phases24_c96_seed42.in,LIRS LFU ARC LIRS,4,24 24 24 24,96,10000,9571,429,0.9571,9857,143,0.9857,286
configs/exp4/lirs_lfu_arc_lru.cfg,experiments/data/phases24_c96_seed42.in,LIRS LFU ARC LRU,4,24 24 24 24,96,10000,9542,458,0.9542,9857,143,0.9857,315
configs/exp4/lirs_lfu_lfu.cfg,experiments/data/phases24_c96_seed42.in,LIRS LFU LFU,3,32 32 32,96,10000,9690,310,0.969,9857,143,0.9857,167
configs/exp4/lirs_lfu_lfu_2q.cfg,experiments/data/phases24_c96_seed42.in,LIRS LFU LFU 2Q,4,24 24 24 24,96,10000,9574,426,0.9574,9857,143,0.9857,283
configs/exp4/lirs_lfu_lfu_arc.cfg,experiments/data/phases24_c96_seed42.in,LIRS LFU LFU ARC,4,24 24 24 24,96,10000,9575,425,0.9575,9857,143,0.9857,282
configs/exp4/lirs_lfu_lfu_lfu.cfg,experiments/data/phases24_c96_seed42.in,LIRS LFU LFU LFU,4,24 24 24 24,96,10000,9470,530,0.947,9857,143,0.9857,387
configs/exp4/lirs_lfu_lfu_lirs.cfg,experiments/data/phases24_c96_seed42.in,LIRS LFU LFU LIRS,4,24 24 24 24,96,10000,9589,411,0.9589,9857,143,0.9857,268
configs/exp4/lirs_lfu_lfu_lru.cfg,experiments/data/phases24_c96_seed42.in,LIRS LFU LFU LRU,4,24 24 24 24,96,10000,9578,422,0.9578,9857,143,0.9857,279
configs/exp4/lirs_lfu_lirs.cfg,experiments/data/phases24_c96_seed42.in,LIRS LFU LIRS,3,32 32 32,96,10000,9658,342,0.9658,9857,143,0.9857,199
configs/exp4/lirs_lfu_lirs_2q.cfg,experiments/data/phases24_c96_seed42.in,LIRS LFU LIRS 2Q,4,24 24 24 24,96,10000,9564,436,0.9564,9857,143,0.9857,293
configs/exp4/lirs_lfu_lirs_arc.cfg,experiments/data/phases24_c96_seed42.in,LIRS LFU LIRS ARC,4,24 24 24 24,96,10000,9597,403,0.9597,9857,143,0.9857,260
configs/exp4/lirs_lfu_lirs_lfu.cfg,experiments/data/phases24_c96_seed42.in,LIRS LFU LIRS LFU,4,24 24 24 24,96,10000,9569,431,0.9569,9857,143,0.9857,288
configs/exp4/lirs_lfu_lirs_lirs.cfg,experiments/data/phases24_c96_seed42.in,LIRS LFU LIRS LIRS,4,24 24 24 24,96,10000,9534,466,0.9534,9857,143,0.9857,323
configs/exp4/lirs_lfu_lirs_lru.cfg,experiments/data/phases24_c96_seed42.in,LIRS LFU LIRS LRU,4,24 24 24 24,96,10000,9600,400,0.96,9857,143,0.9857,257
configs/exp4/lirs_lfu_lru.cfg,experiments/data/phases24_c96_seed42.in,LIRS LFU LRU,3,32 32 32,96,10000,9705,295,0.9705,9857,143,0.9857,152
configs/exp4/lirs_lfu_lru_2q.cfg,experiments/data/phases24_c96_seed42.in,LIRS LFU LRU 2Q,4,24 24 24 24,96,10000,9544,456,0.9544,9857,143,0.9857,313
configs/exp4/lirs_lfu_lru_arc.cfg,experiments/data/phases24_c96_seed42.in,LIRS LFU LRU ARC,4,24 24 24 24,96,10000,9520,480,0.952,9857,143,0.9857,337
configs/exp4/lirs_lfu_lru_lfu.cfg,experiments/data/phases24_c96_seed42.in,LIRS LFU LRU LFU,4,24 24 24 24,96,10000,9525,475,0.9525,9857,143,0.9857,332
configs/exp4/lirs_lfu_lru_lirs.cfg,experiments/data/phases24_c96_seed42.in,LIRS LFU LRU LIRS,4,24 24 24 24,96,10000,9576,424,0.9576,9857,143,0.9857,281
configs/exp4/lirs_lfu_lru_lru.cfg,experiments/data/phases24_c96_seed42.in,LIRS LFU LRU LRU,4,24 24 24 24,96,10000,9515,485,0.9515,9857,143,0.9857,342
configs/exp4/lirs_lirs_2q.cfg,experiments/data/phases24_c96_seed42.in,LIRS LIRS 2Q,3,32 32 32,96,10000,9610,390,0.961,9857,143,0.9857,247
configs/exp4/lirs_lirs_2q_2q.cfg,experiments/data/phases24_c96_seed42.in,LIRS LIRS 2Q 2Q,4,24 24 24 24,96,10000,9492,508,0.9492,9857,143,0.9857,365
configs/exp4/lirs_lirs_2q_arc.cfg,experiments/data/phases24_c96_seed42.in,LIRS LIRS 2Q ARC,4,24 24 24 24,96,10000,9533,467,0.9533,9857,143,0.9857,324
configs/exp4/lirs_lirs_2q_lfu.cfg,experiments/data/phases24_c96_seed42.in,LIRS LIRS 2Q LFU,4,24 24 24 24,96,10000,9520,480,0.952,9857,143,0.9857,337
configs/exp4/lirs_lirs_2q_lirs.cfg,experiments/data/phases24_c96_seed42.in,LIRS LIRS 2Q LIRS,4,24 24 24 24,96,10000,9505,495,0.9505,9857,143,0.9857,352
configs/exp4/lirs_lirs_2q_lru.cfg,experiments/data/phases24_c96_seed42.in,LIRS LIRS 2Q LRU,4,24 24 24 24,96,10000,9537,463,0.9537,9857,143,0.9857,320
configs/exp4/lirs_lirs_arc.cfg,experiments/data/phases24_c96_seed42.in,LIRS LIRS ARC,3,32 32 32,96,10000,9670,330,0.967,9857,143,0.9857,187
configs/exp4/lirs_lirs_arc_2q.cfg,experiments/data/phases24_c96_seed42.in,LIRS LIRS ARC 2Q,4,24 24 24 24,96,10000,9559,441,0.9559,9857,143,0.9857,298
configs/exp4/lirs_lirs_arc_arc.cfg,experiments/data/phases24_c96_seed42.in,LIRS LIRS ARC ARC,4,24 24 24 24,96,10000,9557,443,0.9557,9857,143,0.9857,300
configs/exp4/lirs_lirs_arc_lfu.cfg,experiments/data/phases24_c96_seed42.in,LIRS LIRS ARC LFU,4,24 24 24 24,96,10000,9539,461,0.9539,9857,143,0.9857,318
configs/exp4/lirs_lirs_arc_lirs.cfg,experiments/data/phases24_c96_seed42.in,LIRS LIRS ARC LIRS,4,24 24 24 24,96,10000,9568,432,0.9568,9857,143,0.9857,289
configs/exp4/lirs_lirs_arc_lru.cfg,experiments/data/phases24_c96_seed42.in,LIRS LIRS ARC LRU,4,24 24 24 24,96,10000,9526,474,0.9526,9857,143,0.9857,331
configs/exp4/lirs_lirs_lfu.cfg,experiments/data/phases24_c96_seed42.in,LIRS LIRS LFU,3,32 32 32,96,10000,9647,353,0.9647,9857,143,0.9857,210
configs/exp4/lirs_lirs_lfu_2q.cfg,experiments/data/phases24_c96_seed42.in,LIRS LIRS LFU 2Q,4,24 24 24 24,96,10000,9530,470,0.953,9857,143,0.9857,327
configs/exp4/lirs_lirs_lfu_arc.cfg,experiments/data/phases24_c96_seed42.in,LIRS LIRS LFU ARC,4,24 24 24 24,96,10000,9560,440,0.956,9857,143,0.9857,297
configs/exp4/lirs_lirs_lfu_lfu.cfg,experiments/data/phases24_c96_seed42.in,LIRS LIRS LFU LFU,4,24 24 24 24,96,10000,9533,467,0.9533,9857,143,0.9857,324
configs/exp4/lirs_lirs_lfu_lirs.cfg,experiments/data/phases24_c96_seed42.in,LIRS LIRS LFU LIRS,4,24 24 24 24,96,10000,9516,484,0.9516,9857,143,0.9857,341
configs/exp4/lirs_lirs_lfu_lru.cfg,experiments/data/phases24_c96_seed42.in,LIRS LIRS LFU LRU,4,24 24 24 24,96,10000,9556,444,0.9556,9857,143,0.9857,301
configs/exp4/lirs_lirs_lirs_2q.cfg,experiments/data/phases24_c96_seed42.in,LIRS LIRS LIRS 2Q,4,24 24 24 24,96,10000,9495,505,0.9495,9857,143,0.9857,362
configs/exp4/lirs_lirs_lirs_arc.cfg,experiments/data/phases24_c96_seed42.in,LIRS LIRS LIRS ARC,4,24 24 24 24,96,10000,9542,458,0.9542,9857,143,0.9857,315
configs/exp4/lirs_lirs_lirs_lfu.cfg,experiments/data/phases24_c96_seed42.in,LIRS LIRS LIRS LFU,4,24 24 24 24,96,10000,9506,494,0.9506,9857,143,0.9857,351
configs/exp4/lirs_lirs_lirs_lru.cfg,experiments/data/phases24_c96_seed42.in,LIRS LIRS LIRS LRU,4,24 24 24 24,96,10000,9536,464,0.9536,9857,143,0.9857,321
configs/exp4/lirs_lirs_lru.cfg,experiments/data/phases24_c96_seed42.in,LIRS LIRS LRU,3,32 32 32,96,10000,9657,343,0.9657,9857,143,0.9857,200
configs/exp4/lirs_lirs_lru_2q.cfg,experiments/data/phases24_c96_seed42.in,LIRS LIRS LRU 2Q,4,24 24 24 24,96,10000,9549,451,0.9549,9857,143,0.9857,308
configs/exp4/lirs_lirs_lru_arc.cfg,experiments/data/phases24_c96_seed42.in,LIRS LIRS LRU ARC,4,24 24 24 24,96,10000,9530,470,0.953,9857,143,0.9857,327
configs/exp4/lirs_lirs_lru_lfu.cfg,experiments/data/phases24_c96_seed42.in,LIRS LIRS LRU LFU,4,24 24 24 24,96,10000,9516,484,0.9516,9857,143,0.9857,341
configs/exp4/lirs_lirs_lru_lirs.cfg,experiments/data/phases24_c96_seed42.in,LIRS LIRS LRU LIRS,4,24 24 24 24,96,10000,9568,432,0.9568,9857,143,0.9857,289
configs/exp4/lirs_lirs_lru_lru.cfg,experiments/data/phases24_c96_seed42.in,LIRS LIRS LRU LRU,4,24 24 24 24,96,10000,9514,486,0.9514,9857,143,0.9857,343
configs/exp4/lirs_lru.cfg,experiments/data/phases24_c96_seed42.in,LIRS LRU,2,48 48,96,10000,9705,295,0.9705,9857,143,0.9857,152
configs/exp4/lirs_lru_2q.cfg,experiments/data/phases24_c96_seed42.in,LIRS LRU 2Q,3,32 32 32,96,10000,9670,330,0.967,9857,143,0.9857,187
configs/exp4/lirs_lru_2q_2q.cfg,experiments/data/phases24_c96_seed42.in,LIRS LRU 2Q 2Q,4,24 24 24 24,96,10000,9450,550,0.945,9857,143,0.9857,407
configs/exp4/lirs_lru_2q_arc.cfg,experiments/data/phases24_c96_seed42.in,LIRS LRU 2Q ARC,4,24 24 24 24,96,10000,9465,535,0.9465,9857,143,0.9857,392
configs/exp4/lirs_lru_2q_lfu.cfg,experiments/data/phases24_c96_seed42.in,LIRS LRU 2Q LFU,4,24 24 24 24,96,10000,9450,550,0.945,9857,143,0.9857,407
configs/exp4/lirs_lru_2q_lirs.cfg,experiments/data/phases24_c96_seed42.in,LIRS LRU 2Q LIRS,4,24 24 24 24,96,10000,9529,471,0.9529,9857,143,0.9857,328
configs/exp4/lirs_lru_2q_lru.cfg,experiments/data/phases24_c96_seed42.in,LIRS LRU 2Q LRU,4,24 24 24 24,96,10000,9473,527,0.9473,9857,143,0.9857,384
configs/exp4/lirs_lru_arc.cfg,experiments/data/phases24_c96_seed42.in,LIRS LRU ARC,3,32 32 32,96,10000,9646,354,0.9646,9857,143,0.9857,211
configs/exp4/lirs_lru_arc_2q.cfg,experiments/data/phases24_c96_seed42.in,LIRS LRU ARC 2Q,4,24 24 24 24,96,10000,9463,537,0.9463,9857,143,0.9857,394
configs/exp4/lirs_lru_arc_arc.cfg,experiments/data/phases24_c96_seed42.in,LIRS LRU ARC ARC,4,24 24 24 24,96,10000,9424,576,0.9424,9857,143,0.9857,433
configs/exp4/lirs_lru_arc_lfu.cfg,experiments/data/phases24_c96_seed42.in,LIRS LRU ARC LFU,4,24 24 24 24,96,10000,9439,561,0.9439,9857,143,0.9857,418
configs/exp4/lirs_lru_arc_lirs.cfg,experiments/data/phases24_c96_seed42.in,LIRS LRU ARC LIRS,4,24 24 24 24,96,10000,9495,505,0.9495,9857,143,0.9857,362
configs/exp4/lirs_lru_arc_lru.cfg,experiments/data/phases24_c96_seed42.in,LIRS LRU ARC LRU,4,24 24 24 24,96,10000,9449,551,0.9449,9857,143,0.9857,408
configs/exp4/lirs_lru_lfu.cfg,experiments/data/phases24_c96_seed42.in,LIRS LRU LFU,3,32 32 32,96,10000,9647,353,0.9647,9857,143,0.9857,210
configs/exp4/lirs_lru_lfu_2q.cfg,experiments/data/phases24_c96_seed42.in,LIRS LRU LFU 2Q,4,24 24 24 24,96,10000,9461,539,0.9461,9857,143,0.9857,396
configs/exp4/lirs_lru_lfu_arc.cfg,experiments/data/phases24_c96_seed42.in,LIRS LRU LFU ARC,4,24 24 24 24,96,10000,9451,549,0.9451,9857,143,0.9857,406
configs/exp4/lirs_lru_lfu_lfu.cfg,experiments/data/phases24_c96_seed42.in,LIRS LRU LFU LFU,4,24 24 24 24,96,10000,9425,575,0.9425,9857,143,0.9857,432
configs/exp4/lirs_lru_lfu_lirs.cfg,experiments/data/phases24_c96_seed42.in,LIRS LRU LFU LIRS,4,24 24 24 24,96,10000,9505,495,0.9505,9857,143,0.9857,352
configs/exp4/lirs_lru_lfu_lru.cfg,experiments/data/phases24_c96_seed42.in,LIRS LRU LFU LRU,4,24 24 24 24,96,10000,9434,566,0.9434,9857,143,0.9857,423
configs/exp4/lirs_lru_lirs.cfg,experiments/data/phases24_c96_seed42.in,LIRS LRU LIRS,3,32 32 32,96,10000,9672,328,0.9672,9857,143,0.9857,185
configs/exp4/lirs_lru_lirs_2q.cfg,experiments/data/phases24_c96_seed42.in,LIRS LRU LIRS 2Q,4,24 24 24 24,96,10000,9523,477,0.9523,9857,143,0.9857,334
configs/exp4/lirs_lru_lirs_arc.cfg,experiments/data/phases24_c96_seed42.in,LIRS LRU LIRS ARC,4,24 24 24 24,96,10000,9508,492,0.9508,9857,143,0.9857,349
configs/exp4/lirs_lru_lirs_lfu.cfg,experiments/data/phases24_c96_seed42.in,LIRS LRU LIRS LFU,4,24 24 24 24,96,10000,9513,487,0.9513,9857,143,0.9857,344
configs/exp4/lirs_lru_lirs_lirs.cfg,experiments/data/phases24_c96_seed42.in,LIRS LRU LIRS LIRS,4,24 24 24 24,96,10000,9507,493,0.9507,9857,143,0.9857,350
configs/exp4/lirs_lru_lirs_lru.cfg,experiments/data/phases24_c96_seed42.in,LIRS LRU LIRS LRU,4,24 24 24 24,96,10000,9514,486,0.9514,9857,143,0.9857,343
configs/exp4/lirs_lru_lru.cfg,experiments/data/phases24_c96_seed42.in,LIRS LRU LRU,3,32 32 32,96,10000,9643,357,0.9643,9857,143,0.9857,214
configs/exp4/lirs_lru_lru_2q.cfg,experiments/data/phases24_c96_seed42.in,LIRS LRU LRU 2Q,4,24 24 24 24,96,10000,9453,547,0.9453,9857,143,0.9857,404
configs/exp4/lirs_lru_lru_arc.cfg,experiments/data/phases24_c96_seed42.in,LIRS LRU LRU ARC,4,24 24 24 24,96,10000,9417,583,0.9417,9857,143,0.9857,440
configs/exp4/lirs_lru_lru_lfu.cfg,experiments/data/phases24_c96_seed42.in,LIRS LRU LRU LFU,4,24 24 24 24,96,10000,9404,596,0.9404,9857,143,0.9857,453
configs/exp4/lirs_lru_lru_lirs.cfg,experiments/data/phases24_c96_seed42.in,LIRS LRU LRU LIRS,4,24 24 24 24,96,10000,9494,506,0.9494,9857,143,0.9857,363
configs/exp4/lirs_lru_lru_lru.cfg,experiments/data/phases24_c96_seed42.in,LIRS LRU LRU LRU,4,24 24 24 24,96,10000,9403,597,0.9403,9857,143,0.9857,454
configs/exp4/lru_2q.cfg,experiments/data/phases24_c96_seed42.in,LRU 2Q,2,48 48,96,10000,9680,320,0.968,9857,143,0.9857,177
configs/exp4/lru_2q_2q.cfg,experiments/data/phases24_c96_seed42.in,LRU 2Q 2Q,3,32 32 32,96,10000,9628,372,0.9628,9857,143,0.9857,229
configs/exp4/lru_2q_2q_2q.cfg,experiments/data/phases24_c96_seed42.in,LRU 2Q 2Q 2Q,4,24 24 24 24,96,10000,9392,608,0.9392,9857,143,0.9857,465
configs/exp4/lru_2q_2q_arc.cfg,experiments/data/phases24_c96_seed42.in,LRU 2Q 2Q ARC,4,24 24 24 24,96,10000,9471,529,0.9471,9857,143,0.9857,386
configs/exp4/lru_2q_2q_lfu.cfg,experiments/data/phases24_c96_seed42.in,LRU 2Q 2Q LFU,4,24 24 24 24,96,10000,9418,582,0.9418,9857,143,0.9857,439
configs/exp4/lru_2q_2q_lirs.cfg,experiments/data/phases24_c96_seed42.in,LRU 2Q 2Q LIRS,4,24 24 24 24,96,10000,9442,558,0.9442,9857,143,0.9857,415
configs/exp4/lru_2q_2q_lru.cfg,experiments/data/phases24_c96_seed42.in,LRU 2Q 2Q LRU,4,24 24 24 24,96,10000,9488,512,0.9488,9857,143,0.9857,369
configs/exp4/lru_2q_arc.cfg,experiments/data/phases24_c96_seed42.in,LRU 2Q ARC,3,32 32 32,96,10000,9660,340,0.966,9857,143,0.9857,197
configs/exp4/lru_2q_arc_2q.cfg,experiments/data/phases24_c96_seed42.in,LRU 2Q ARC 2Q,4,24 24 24 24,96,10000,9464,536,0.9464,9857,143,0.9857,393
configs/exp4/lru_2q_arc_arc.cfg,experiments/data/phases24_c96_seed42.in,LRU 2Q ARC ARC,4,24 24 24 24,96,10000,9431,569,0.9431,9857,143,0.9857,426
configs/exp4/lru_2q_arc_lfu.cfg,experiments/data/phases24_c96_seed42.in,LRU 2Q ARC LFU,4,24 24 24 24,96,10000,9453,547,0.9453,9857,143,0.9857,404
configs/exp4/lru_2q_arc_lirs.cfg,experiments/data/phases24_c96_seed42.in,LRU 2Q ARC LIRS,4,24 24 24 24,96,10000,9512,488,0.9512,9857,143,0.9857,345
configs/exp4/lru_2q_arc_lru.cfg,experiments/data/phases24_c96_seed42.in,LRU 2Q ARC LRU,4,24 24 24 24,96,10000,9450,550,0.945,9857,143,0.9857,407
configs/exp4/lru_2q_lfu.cfg,experiments/data/phases24_c96_seed42.in,LRU 2Q LFU,3,32 32 32,96,10000,9649,351,0.9649,9857,143,0.9857,208
configs/exp4/lru_2q_lfu_2q.cfg,experiments/data/phases24_c96_seed42.in,LRU 2Q LFU 2Q,4,24 24 24 24,96,10000,9427,573,0.9427,9857,143,0.9857,430
configs/exp4/lru_2q_lfu_arc.cfg,experiments/data/phases24_c96_seed42.in,LRU 2Q LFU ARC,4,24 24 24 24,96,10000,9451,549,0.9451,9857,143,0.9857,406
configs/exp4/lru_2q_lfu_lfu.cfg,experiments/data/phases24_c96_seed42.in,LRU 2Q LFU LFU,4,24 24 24 24,96,10000,9405,595,0.9405,9857,143,0.9857,452
configs/exp4/lru_2q_lfu_lirs.cfg,experiments/data/phases24_c96_seed42.in,LRU 2Q LFU LIRS,4,24 24 24 24,96,10000,9484,516,0.9484,9857,143,0.9857,373
configs/exp4/lru_2q_lfu_lru.cfg,experiments/data/phases24_c96_seed42.in,LRU 2Q LFU LRU,4,24 24 24 24,96,10000,9478,522,0.9478,9857,143,0.9857,379
configs/exp4/lru_2q_lirs.cfg,experiments/data/phases24_c96_seed42.in,LRU 2Q LIRS,3,32 32 32,96,10000,9645,355,0.9645,9857,143,0.9857,212
configs/exp4/lru_2q_lirs_2q.cfg,experiments/data/phases24_c96_seed42.in,LRU 2Q LIRS 2Q,4,24 24 24 24,96,10000,9458,542,0.9458,9857,143,0.9857,399
configs/exp4/lru_2q_lirs_arc.cfg,experiments/data/phases24_c96_seed42.in,LRU 2Q LIRS ARC,4,24 24 24 24,96,10000,9526,474,0.9526,9857,143,0.9857,331
configs/exp4/lru_2q_lirs_lfu.cfg,experiments/data/phases24_c96_seed42.in,LRU 2Q LIRS LFU,4,24 24 24 24,96,10000,9487,513,0.9487,9857,143,0.9857,370
configs/exp4/lru_2q_lirs_lirs.cfg,experiments/data/phases24_c96_seed42.in,LRU 2Q LIRS LIRS,4,24 24 24 24,96,10000,9438,562,0.9438,9857,143,0.9857,419
configs/exp4/lru_2q_lirs_lru.cfg,experiments/data/phases24_c96_seed42.in,LRU 2Q LIRS LRU,4,24 24 24 24,96,10000,9519,481,0.9519,9857,143,0.9857,338
configs/exp4/lru_2q_lru.cfg,experiments/data/phases24_c96_seed42.in,LRU 2Q LRU,3,32 32 32,96,10000,9659,341,0.9659,9857,143,0.9857,198
configs/exp4/lru_2q_lru_2q.cfg,experiments/data/phases24_c96_seed42.in,LRU 2Q LRU 2Q,4,24 24 24 24,96,10000,9468,532,0.9468,9857,143,0.9857,389
configs/exp4/lru_2q_lru_arc.cfg,experiments/data/phases24_c96_seed42.in,LRU 2Q LRU ARC,4,24 24 24 24,96,10000,9447,553,0.9447,9857,143,0.9857,410
configs/exp4/lru_2q_lru_lfu.cfg,experiments/data/phases24_c96_seed42.in,LRU 2Q LRU LFU,4,24 24 24 24,96,10000,9439,561,0.9439,9857,143,0.9857,418
configs/exp4/lru_2q_lru_lirs.cfg,experiments/data/phases24_c96_seed42.in,LRU 2Q LRU LIRS,4,24 24 24 24,96,10000,9515,485,0.9515,9857,143,0.9857,342
configs/exp4/lru_2q_lru_lru.cfg,experiments/data/phases24_c96_seed42.in,LRU 2Q LRU LRU,4,24 24 24 24,96,10000,9437,563,0.9437,9857,143,0.9857,420
configs/exp4/lru_arc.cfg,experiments/data/phases24_c96_seed42.in,LRU ARC,2,48 48,96,10000,9681,319,0.9681,9857,143,0.9857,176
configs/exp4/lru_arc_2q.cfg,experiments/data/phases24_c96_seed42.in,LRU ARC 2Q,3,32 32 32,96,10000,9650,350,0.965,9857,143,0.9857,207
configs/exp4/lru_arc_2q_2q.cfg,experiments/data/phases24_c96_seed42.in,LRU ARC 2Q 2Q,4,24 24 24 24,96,10000,9418,582,0.9418,9857,143,0.9857,439
configs/exp4/lru_arc_2q_arc.cfg,experiments/data/phases24_c96_seed42.in,LRU ARC 2Q ARC,4,24 24 24 24,96,10000,9462,538,0.9462,9857,143,0.9857,395
configs/exp4/lru_arc_2q_lfu.cfg,experiments/data/phases24_c96_seed42.in,LRU ARC 2Q LFU,4,24 24 24 24,96,10000,9446,554,0.9446,9857,143,0.9857,411
configs/exp4/lru_arc_2q_lirs.cfg,experiments/data/phases24_c96_seed42.in,LRU ARC 2Q LIRS,4,24 24 24 24,96,10000,9483,517,0.9483,9857,143,0.9857,374
configs/exp4/lru_arc_2q_lru.cfg,experiments/data/phases24_c96_seed42.in,LRU ARC 2Q LRU,4,24 24 24 24,96,10000,9480,520,0.948,9857,143,0.9857,377
configs/exp4/lru_arc_arc.cfg,experiments/data/phases24_c96_seed42.in,LRU ARC ARC,3,32 32 32,96,10000,9638,362,0.9638,9857,143,0.9857,219
configs/exp4/lru_arc_arc_2q.cfg,experiments/data/phases24_c96_seed42.in,LRU ARC ARC 2Q,4,24 24 24 24,96,10000,9430,570,0.943,9857,143,0.9857,427
configs/exp4/lru_arc_arc_arc.cfg,experiments/data/phases24_c96_seed42.in,LRU ARC ARC ARC,4,24 24 24 24,96,10000,9397,603,0.9397,9857,143,0.9857,460
configs/exp4/lru_arc_arc_lfu.cfg,experiments/data/phases24_c96_seed42.in,LRU ARC ARC LFU,4,24 24 24 24,96,10000,9404,596,0.9404,9857,143,0.9857,453
configs/exp4/lru_arc_arc_lirs.cfg,experiments/data/phases24_c96_seed42.in,LRU ARC ARC LIRS,4,24 24 24 24,96,10000,9481,519,0.9481,9857,143,0.9857,376
configs/exp4/lru_arc_arc_lru.cfg,experiments/data/phases24_c96_seed42.in,LRU ARC ARC LRU,4,24 24 24 24,96,10000,9411,589,0.9411,9857,143,0.9857,446
configs/exp4/lru_arc_lfu.cfg,experiments/data/phases24_c96_seed42.in,LRU ARC LFU,3,32 32 32,96,10000,9638,362,0.9638,9857,143,0.9857,219
configs/exp4/lru_arc_lfu_2q.cfg,experiments/data/phases24_c96_seed42.in,LRU ARC LFU 2Q,4,24 24 24 24,96,10000,9459,541,0.9459,9857,143,0.9857,398
configs/exp4/lru_arc_lfu_arc.cfg,experiments/data/phases24_c96_seed42.in,LRU ARC LFU ARC,4,24 24 24 24,96,10000,9428,572,0.9428,9857,143,0.9857,429
configs/exp4/lru_arc_lfu_lfu.cfg,experiments/data/phases24_c96_seed42.in,LRU ARC LFU LFU,4,24 24 24 24,96,10000,9422,578,0.9422,9857,143,0.9857,435
configs/exp4/lru_arc_lfu_lirs.cfg,experiments/data/phases24_c96_seed42.in,LRU ARC LFU LIRS,4,24 24 24 24,96,10000,9508,492,0.9508,9857,143,0.9857,349
configs/exp4/lru_arc_lfu_lru.cfg,experiments/data/phases24_c96_seed42.in,LRU ARC LFU LRU,4,24 24 24 24,96,10000,9454,546,0.9454,9857,143,0.9857,403
configs/exp4/lru_arc_lirs.cfg,experiments/data/phases24_c96_seed42.in,LRU ARC LIRS,3,32 32 32,96,10000,9654,346,0.9654,9857,143,0.9857,203
configs/exp4/lru_arc_lirs_2q.cfg,experiments/data/phases24_c96_seed42.in,LRU ARC LIRS 2Q,4,24 24 24 24,96,10000,9475,525,0.9475,9857,143,0.9857,382
configs/exp4/lru_arc_lirs_arc.cfg,experiments/data/phases24_c96_seed42.in,LRU ARC LIRS ARC,4,24 24 24 24,96,10000,9526,474,0.9526,9857,143,0.9857,331
configs/exp4/lru_arc_lirs_lfu.cfg,experiments/data/phases24_c96_seed42.in,LRU ARC LIRS LFU,4,24 24 24 24,96,10000,9504,496,0.9504,9857,143,0.9857,353
configs/exp4/lru_arc_lirs_lirs.cfg,experiments/data/phases24_c96_seed42.in,LRU ARC LIRS LIRS,4,24 24 24 24,96,10000,9450,550,0.945,9857,143,0.9857,407
configs/exp4/lru_arc_lirs_lru.cfg,experiments/data/phases24_c96_seed42.in,LRU ARC LIRS LRU,4,24 24 24 24,96,10000,9513,487,0.9513,9857,143,0.9857,344
configs/exp4/lru_arc_lru.cfg,experiments/data/phases24_c96_seed42.in,LRU ARC LRU,3,32 32 32,96,10000,9631,369,0.9631,9857,143,0.9857,226
configs/exp4/lru_arc_lru_2q.cfg,experiments/data/phases24_c96_seed42.in,LRU ARC LRU 2Q,4,24 24 24 24,96,10000,9439,561,0.9439,9857,143,0.9857,418
configs/exp4/lru_arc_lru_arc.cfg,experiments/data/phases24_c96_seed42.in,LRU ARC LRU ARC,4,24 24 24 24,96,10000,9406,594,0.9406,9857,143,0.9857,451
configs/exp4/lru_arc_lru_lfu.cfg,experiments/data/phases24_c96_seed42.in,LRU ARC LRU LFU,4,24 24 24 24,96,10000,9399,601,0.9399,9857,143,0.9857,458
configs/exp4/lru_arc_lru_lirs.cfg,experiments/data/phases24_c96_seed42.in,LRU ARC LRU LIRS,4,24 24 24 24,96,10000,9502,498,0.9502,9857,143,0.9857,355
configs/exp4/lru_arc_lru_lru.cfg,experiments/data/phases24_c96_seed42.in,LRU ARC LRU LRU,4,24 24 24 24,96,10000,9393,607,0.9393,9857,143,0.9857,464
configs/exp4/lru_lfu.cfg,experiments/data/phases24_c96_seed42.in,LRU LFU,2,48 48,96,10000,9689,311,0.9689,9857,143,0.9857,168
configs/exp4/lru_lfu_2q.cfg,experiments/data/phases24_c96_seed42.in,LRU LFU 2Q,3,32 32 32,96,10000,9683,317,0.9683,9857,143,0.9857,174
configs/exp4/lru_lfu_2q_2q.cfg,experiments/data/phases24_c96_seed42.in,LRU LFU 2Q 2Q,4,24 24 24 24,96,10000,9453,547,0.9453,9857,143,0.9857,404
configs/exp4/lru_lfu_2q_arc.cfg,experiments/data/phases24_c96_seed42.in,LRU LFU 2Q ARC,4,24 24 24 24,96,10000,9492,508,0.9492,9857,143,0.9857,365
configs/exp4/lru_lfu_2q_lfu.cfg,experiments/data/phases24_c96_seed42.in,LRU LFU 2Q LFU,4,24 24 24 24,96,10000,9439,561,0.9439,9857,143,0.9857,418
configs/exp4/lru_lfu_2q_lirs.cfg,experiments/data/phases24_c96_seed42.in,LRU LFU 2Q LIRS,4,24 24 24 24,96,10000,9499,501,0.9499,9857,143,0.9857,358
configs/exp4/lru_lfu_2q_lru.cfg,experiments/data/phases24_c96_seed42.in,LRU LFU 2Q LRU,4,24 24 24 24,96,10000,9513,487,0.9513,9857,143,0.9857,344
configs/exp4/lru_lfu_arc.cfg,experiments/data/phases24_c96_seed42.in,LRU LFU ARC,3,32 32 32,96,10000,9682,318,0.9682,9857,143,0.9857,175
configs/exp4/lru_lfu_arc_2q.cfg,experiments/data/phases24_c96_seed42.in,LRU LFU ARC 2Q,4,24 24 24 24,96,10000,9469,531,0.9469,9857,143,0.9857,388
configs/exp4/lru_lfu_arc_arc.cfg,experiments/data/phases24_c96_seed42.in,LRU LFU ARC ARC,4,24 24 24 24,96,10000,9454,546,0.9454,9857,143,0.9857,403
configs/exp4/lru_lfu_arc_lfu.cfg,experiments/data/phases24_c96_seed42.in,LRU LFU ARC LFU,4,24 24 24 24,96,10000,9446,554,0.9446,9857,143,0.9857,411
configs/exp4/lru_lfu_arc_lirs.cfg,experiments/data/phases24_c96_seed42.in,LRU LFU ARC LIRS,4,24 24 24 24,96,10000,9519,481,0.9519,9857,143,0.9857,338
configs/exp4/lru_lfu_arc_lru.cfg,experiments/data/phases24_c96_seed42.in,LRU LFU ARC LRU,4,24 24 24 24,96,10000,9480,520,0.948,9857,143,0.9857,377
configs/exp4/lru_lfu_lfu.cfg,experiments/data/phases24_c96_seed42.in,LRU LFU LFU,3,32 32 32,96,10000,9685,315,0.9685,9857,143,0.9857,172
configs/exp4/lru_lfu_lfu_2q.cfg,experiments/data/phases24_c96_seed42.in,LRU LFU LFU 2Q,4,24 24 24 24,96,10000,9482,518,0.9482,9857,143,0.9857,375
configs/exp4/lru_lfu_lfu_arc.cfg,experiments/data/phases24_c96_seed42.in,LRU LFU LFU ARC,4,24 24 24 24,96,10000,9477,523,0.9477,9857,143,0.9857,380
configs/exp4/lru_lfu_lfu_lfu.cfg,experiments/data/phases24_c96_seed42.in,LRU LFU LFU LFU,4,24 24 24 24,96,10000,9192,808,0.9192,9857,143,0.9857,665
configs/exp4/lru_lfu_lfu_lirs.cfg,experiments/data/phases24_c96_seed42.in,LRU LFU LFU LIRS,4,24 24 24 24,96,10000,9546,454,0.9546,9857,143,0.9857,311
configs/exp4/lru_lfu_lfu_lru.cfg,experiments/data/phases24_c96_seed42.in,LRU LFU LFU LRU,4,24 24 24 24,96,10000,9462,538,0.9462,9857,143,0.9857,395
configs/exp4/lru_lfu_lirs.cfg,experiments/data/phases24_c96_seed42.in,LRU LFU LIRS,3,32 32 32,96,10000,9690,310,0.969,9857,143,0.9857,167
configs/exp4/lru_lfu_lirs_2q.cfg,experiments/data/phases24_c96_seed42.in,LRU LFU LIRS 2Q,4,24 24 24 24,96,10000,9532,468,0.9532,9857,143,0.9857,325
configs/exp4/lru_lfu_lirs_arc.cfg,experiments/data/phases24_c96_seed42.in,LRU LFU LIRS ARC,4,24 24 24 24,96,10000,9562,438,0.9562,9857,143,0.9857,295
configs/exp4/lru_lfu_lirs_lfu.cfg,experiments/data/phases24_c96_seed42.in,LRU LFU LIRS LFU,4,24 24 24 24,96,10000,9526,474,0.9526,9857,143,0.9857,331
configs/exp4/lru_lfu_lirs_lirs.cfg,experiments/data/phases24_c96_seed42.in,LRU LFU LIRS LIRS,4,24 24 24 24,96,10000,9519,481,0.9519,9857,143,0.9857,338
configs/exp4/lru_lfu_lirs_lru.cfg,experiments/data/phases24_c96_seed42.in,LRU LFU LIRS LRU,4,24 24 24 24,96,10000,9574,426,0.9574,9857,143,0.9857,283
configs/exp4/lru_lfu_lru.cfg,experiments/data/phases24_c96_seed42.in,LRU LFU LRU,3,32 32 32,96,10000,9688,312,0.9688,9857,143,0.9857,169
configs/exp4/lru_lfu_lru_2q.cfg,experiments/data/phases24_c96_seed42.in,LRU LFU LRU 2Q,4,24 24 24 24,96,10000,9410,590,0.941,9857,143,0.9857,447
configs/exp4/lru_lfu_lru_arc.cfg,experiments/data/phases24_c96_seed42.in,LRU LFU LRU ARC,4,24 24 24 24,96,10000,9418,582,0.9418,9857,143,0.9857,439
configs/exp4/lru_lfu_lru_lfu.cfg,experiments/data/phases24_c96_seed42.in,LRU LFU LRU LFU,4,24 24 24 24,96,10000,9366,634,0.9366,9857,143,0.9857,491
configs/exp4/lru_lfu_lru_lirs.cfg,experiments/data/phases24_c96_seed42.in,LRU LFU LRU LIRS,4,24 24 24 24,96,10000,9511,489,0.9511,9857,143,0.9857,346
configs/exp4/lru_lfu_lru_lru.cfg,experiments/data/phases24_c96_seed42.in,LRU LFU LRU LRU,4,24 24 24 24,96,10000,9393,607,0.9393,9857,143,0.9857,464
configs/exp4/lru_lirs.cfg,experiments/data/phases24_c96_seed42.in,LRU LIRS,2,48 48,96,10000,9691,309,0.9691,9857,143,0.9857,166
configs/exp4/lru_lirs_2q.cfg,experiments/data/phases24_c96_seed42.in,LRU LIRS 2Q,3,32 32 32,96,10000,9630,370,0.963,9857,143,0.9857,227
configs/exp4/lru_lirs_2q_2q.cfg,experiments/data/phases24_c96_seed42.in,LRU LIRS 2Q 2Q,4,24 24 24 24,96,10000,9462,538,0.9462,9857,143,0.9857,395
configs/exp4/lru_lirs_2q_arc.cfg,experiments/data/phases24_c96_seed42.in,LRU LIRS 2Q ARC,4,24 24 24 24,96,10000,9536,464,0.9536,9857,143,0.9857,321
configs/exp4/lru_lirs_2q_lfu.cfg,experiments/data/phases24_c96_seed42.in,LRU LIRS 2Q LFU,4,24 24 24 24,96,10000,9499,501,0.9499,9857,143,0.9857,358
configs/exp4/lru_lirs_2q_lirs.cfg,experiments/data/phases24_c96_seed42.in,LRU LIRS 2Q LIRS,4,24 24 24 24,96,10000,9492,508,0.9492,9857,143,0.9857,365
configs/exp4/lru_lirs_2q_lru.cfg,experiments/data/phases24_c96_seed42.in,LRU LIRS 2Q LRU,4,24 24 24 24,96,10000,9532,468,0.9532,9857,143,0.9857,325
configs/exp4/lru_lirs_arc.cfg,experiments/data/phases24_c96_seed42.in,LRU LIRS ARC,3,32 32 32,96,10000,9654,346,0.9654,9857,143,0.9857,203
configs/exp4/lru_lirs_arc_2q.cfg,experiments/data/phases24_c96_seed42.in,LRU LIRS ARC 2Q,4,24 24 24 24,96,10000,9535,465,0.9535,9857,143,0.9857,322
configs/exp4/lru_lirs_arc_arc.cfg,experiments/data/phases24_c96_seed42.in,LRU LIRS ARC ARC,4,24 24 24 24,96,10000,9505,495,0.9505,9857,143,0.9857,352
configs/exp4/lru_lirs_arc_lfu.cfg,experiments/data/phases24_c96_seed42.in,LRU LIRS ARC LFU,4,24 24 24 24,96,10000,9516,484,0.9516,9857,143,0.9857,341
configs/exp4/lru_lirs_arc_lirs.cfg,experiments/data/phases24_c96_seed42.in,LRU LIRS ARC LIRS,4,24 24 24 24,96,10000,9551,449,0.9551,9857,143,0.9857,306
configs/exp4/lru_lirs_arc_lru.cfg,experiments/data/phases24_c96_seed42.in,LRU LIRS ARC LRU,4,24 24 24 24,96,10000,9507,493,0.9507,9857,143,0.9857,350
configs/exp4/lru_lirs_lfu.cfg,experiments/data/phases24_c96_seed42.in,LRU LIRS LFU,3,32 32 32,96,10000,9666,334,0.9666,9857,143,0.9857,191
configs/exp4/lru_lirs_lfu_2q.cfg,experiments/data/phases24_c96_seed42.in,LRU LIRS LFU 2Q,4,24 24 24 24,96,10000,9519,481,0.9519,9857,143,0.9857,338
configs/exp4/lru_lirs_lfu_arc.cfg,experiments/data/phases24_c96_seed42.in,LRU LIRS LFU ARC,4,24 24 24 24,96,10000,9546,454,0.9546,9857,143,0.9857,311
configs/exp4/lru_lirs_lfu_lfu.cfg,experiments/data/phases24_c96_seed42.in,LRU LIRS LFU LFU,4,24 24 24 24,96,10000,9506,494,0.9506,9857,143,0.9857,351
configs/exp4/lru_lirs_lfu_lirs.cfg,experiments/data/phases24_c96_seed42.in,LRU LIRS LFU LIRS,4,24 24 24 24,96,10000,9529,471,0.9529,9857,143,0.9857,328
configs/exp4/lru_lirs_lfu_lru.cfg,experiments/data/phases24_c96_seed42.in,LRU LIRS LFU LRU,4,24 24 24 24,96,10000,9557,443,0.9557,9857,143,0.9857,300
configs/exp4/lru_lirs_lirs.cfg,experiments/data/phases24_c96_seed42.in,LRU LIRS LIRS,3,32 32 32,96,10000,9599,401,0.9599,9857,143,0.9857,258
configs/exp4/lru_lirs_lirs_2q.cfg,experiments/data/phases24_c96_seed42.in,LRU LIRS LIRS 2Q,4,24 24 24 24,96,10000,9491,509,0.9491,9857,143,0.9857,366
configs/exp4/lru_lirs_lirs_arc.cfg,experiments/data/phases24_c96_seed42.in,LRU LIRS LIRS ARC,4,24 24 24 24,96,10000,9551,449,0.9551,9857,143,0.9857,306
configs/exp4/lru_lirs_lirs_lfu.cfg,experiments/data/phases24_c96_seed42.in,LRU LIRS LIRS LFU,4,24 24 24 24,96,10000,9522,478,0.9522,9857,143,0.9857,335
configs/exp4/lru_lirs_lirs_lirs.cfg,experiments/data/phases24_c96_seed42.in,LRU LIRS LIRS LIRS,4,24 24 24 24,96,10000,9459,541,0.9459,9857,143,0.9857,398
configs/exp4/lru_lirs_lirs_lru.cfg,experiments/data/phases24_c96_seed42.in,LRU LIRS LIRS LRU,4,24 24 24 24,96,10000,9540,460,0.954,9857,143,0.9857,317
configs/exp4/lru_lirs_lru.cfg,experiments/data/phases24_c96_seed42.in,LRU LIRS LRU,3,32 32 32,96,10000,9660,340,0.966,9857,143,0.9857,197
configs/exp4/lru_lirs_lru_2q.cfg,experiments/data/phases24_c96_seed42.in,LRU LIRS LRU 2Q,4,24 24 24 24,96,10000,9515,485,0.9515,9857,143,0.9857,342
configs/exp4/lru_lirs_lru_arc.cfg,experiments/data/phases24_c96_seed42.in,LRU LIRS LRU ARC,4,24 24 24 24,96,10000,9497,503,0.9497,9857,143,0.9857,360
configs/exp4/lru_lirs_lru_lfu.cfg,experiments/data/phases24_c96_seed42.in,LRU LIRS LRU LFU,4,24 24 24 24,96,10000,9490,510,0.949,9857,143,0.9857,367
configs/exp4/lru_lirs_lru_lirs.cfg,experiments/data/phases24_c96_seed42.in,LRU LIRS LRU LIRS,4,24 24 24 24,96,10000,9547,453,0.9547,9857,143,0.9857,310
configs/exp4/lru_lirs_lru_lru.cfg,experiments/data/phases24_c96_seed42.in,LRU LIRS LRU LRU,4,24 24 24 24,96,10000,9490,510,0.949,9857,143,0.9857,367
configs/exp4/lru_lru_2q.cfg,experiments/data/phases24_c96_seed42.in,LRU LRU 2Q,3,32 32 32,96,10000,9657,343,0.9657,9857,143,0.9857,200
configs/exp4/lru_lru_2q_2q.cfg,experiments/data/phases24_c96_seed42.in,LRU LRU 2Q 2Q,4,24 24 24 24,96,10000,9337,663,0.9337,9857,143,0.9857,520
configs/exp4/lru_lru_2q_arc.cfg,experiments/data/phases24_c96_seed42.in,LRU LRU 2Q ARC,4,24 24 24 24,96,10000,9401,599,0.9401,9857,143,0.9857,456
configs/exp4/lru_lru_2q_lfu.cfg,experiments/data/phases24_c96_seed42.in,LRU LRU 2Q LFU,4,24 24 24 24,96,10000,9323,677,0.9323,9857,143,0.9857,534
configs/exp4/lru_lru_2q_lirs.cfg,experiments/data/phases24_c96_seed42.in,LRU LRU 2Q LIRS,4,24 24 24 24,96,10000,9475,525,0.9475,9857,143,0.9857,382
configs/exp4/lru_lru_2q_lru.cfg,experiments/data/phases24_c96_seed42.in,LRU LRU 2Q LRU,4,24 24 24 24,96,10000,9369,631,0.9369,9857,143,0.9857,488
configs/exp4/lru_lru_arc.cfg,experiments/data/phases24_c96_seed42.in,LRU LRU ARC,3,32 32 32,96,10000,9634,366,0.9634,9857,143,0.9857,223
configs/exp4/lru_lru_arc_2q.cfg,experiments/data/phases24_c96_seed42.in,LRU LRU ARC 2Q,4,24 24 24 24,96,10000,9389,611,0.9389,9857,143,0.9857,468
configs/exp4/lru_lru_arc_arc.cfg,experiments/data/phases24_c96_seed42.in,LRU LRU ARC ARC,4,24 24 24 24,96,10000,9354,646,0.9354,9857,143,0.9857,503
configs/exp4/lru_lru_arc_lfu.cfg,experiments/data/phases24_c96_seed42.in,LRU LRU ARC LFU,4,24 24 24 24,96,10000,9349,651,0.9349,9857,143,0.9857,508
configs/exp4/lru_lru_arc_lirs.cfg,experiments/data/phases24_c96_seed42.in,LRU LRU ARC LIRS,4,24 24 24 24,96,10000,9444,556,0.9444,9857,143,0.9857,413
configs/exp4/lru_lru_arc_lru.cfg,experiments/data/phases24_c96_seed42.in,LRU LRU ARC LRU,4,24 24 24 24,96,10000,9357,643,0.9357,9857,143,0.9857,500
configs/exp4/lru_lru_lfu.cfg,experiments/data/phases24_c96_seed42.in,LRU LRU LFU,3,32 32 32,96,10000,9626,374,0.9626,9857,143,0.9857,231
configs/exp4/lru_lru_lfu_2q.cfg,experiments/data/phases24_c96_seed42.in,LRU LRU LFU 2Q,4,24 24 24 24,96,10000,9336,664,0.9336,9857,143,0.9857,521
configs/exp4/lru_lru_lfu_arc.cfg,experiments/data/phases24_c96_seed42.in,LRU LRU LFU ARC,4,24 24 24 24,96,10000,9346,654,0.9346,9857,143,0.9857,511
configs/exp4/lru_lru_lfu_lfu.cfg,experiments/data/phases24_c96_seed42.in,LRU LRU LFU LFU,4,24 24 24 24,96,10000,9259,741,0.9259,9857,143,0.9857,598
configs/exp4/lru_lru_lfu_lirs.cfg,experiments/data/phases24_c96_seed42.in,LRU LRU LFU LIRS,4,24 24 24 24,96,10000,9456,544,0.9456,9857,143,0.9857,401
configs/exp4/lru_lru_lfu_lru.cfg,experiments/data/phases24_c96_seed42.in,LRU LRU LFU LRU,4,24 24 24 24,96,10000,9308,692,0.9308,9857,143,0.9857,549
configs/exp4/lru_lru_lirs.cfg,experiments/data/phases24_c96_seed42.in,LRU LRU LIRS,3,32 32 32,96,10000,9661,339,0.9661,9857,143,0.9857,196
configs/exp4/lru_lru_lirs_2q.cfg,experiments/data/phases24_c96_seed42.in,LRU LRU LIRS 2Q,4,24 24 24 24,96,10000,9441,559,0.9441,9857,143,0.9857,416
configs/exp4/lru_lru_lirs_arc.cfg,experiments/data/phases24_c96_seed42.in,LRU LRU LIRS ARC,4,24 24 24 24,96,10000,9450,550,0.945,9857,143,0.9857,407
configs/exp4/lru_lru_lirs_lfu.cfg,experiments/data/phases24_c96_seed42.in,LRU LRU LIRS LFU,4,24 24 24 24,96,10000,9445,555,0.9445,9857,143,0.9857,412
configs/exp4/lru_lru_lirs_lirs.cfg,experiments/data/phases24_c96_seed42.in,LRU LRU LIRS LIRS,4,24 24 24 24,96,10000,9451,549,0.9451,9857,143,0.9857,406
configs/exp4/lru_lru_lirs_lru.cfg,experiments/data/phases24_c96_seed42.in,LRU LRU LIRS LRU,4,24 24 24 24,96,10000,9463,537,0.9463,9857,143,0.9857,394
configs/exp4/lru_lru_lru_2q.cfg,experiments/data/phases24_c96_seed42.in,LRU LRU LRU 2Q,4,24 24 24 24,96,10000,9309,691,0.9309,9857,143,0.9857,548
configs/exp4/lru_lru_lru_arc.cfg,experiments/data/phases24_c96_seed42.in,LRU LRU LRU ARC,4,24 24 24 24,96,10000,9298,702,0.9298,9857,143,0.9857,559
configs/exp4/lru_lru_lru_lfu.cfg,experiments/data/phases24_c96_seed42.in,LRU LRU LRU LFU,4,24 24 24 24,96,10000,9245,755,0.9245,9857,143,0.9857,612
configs/exp4/lru_lru_lru_lirs.cfg,experiments/data/phases24_c96_seed42.in,LRU LRU LRU LIRS,4,24 24 24 24,96,10000,9427,573,0.9427,9857,143,0.9857,430
